{"type":"FeatureCollection","features":[{"type":"Feature","id":1,"properties":{"source":"dtp","injured":0,"dead":1,"severity":3,"date":"31.12.2025","time":"19:00:00","address":"г Орёл, ул Московская 78","type":"Наезд на пешехода"},"geometry":{"type":"Point","coordinates":[36.097019,52.975806]}},{"type":"Feature","id":2,"properties":{"source":"dtp","injured":4,"dead":0,"severity":4,"date":"31.12.2025","time":"17:00:00","address":"г Орёл, ул Комсомольская 127","type":"Столкновение"},"geometry":{"type":"Point","coordinates":[36.060444,52.949058]}},{"type":"Feature","id":3,"properties":{"source":"dtp","injured":3,"dead":0,"severity":3,"date":"28.12.2025","time":"01:30:00","address":"г Орёл, ул Карачевская 26","type":"Столкновение"},"geometry":{"type":"Point","coordinates":[36.06333,52.960369]}},{"type":"Feature","id":4,"properties":{"source":"dtp","injured":1,"dead":0,"severity":1,"date":"28.12.2025","time":"17:00:00","address":"г Орёл","type":"Наезд на пешехода"},"geometry":{"type":"Point","coordinates":[36.095431,52.974359]}},{"type":"Feature","id":5,"properties":{"source":"dtp","injured":2,"dead":0,"severity":2,"date":"26.12.2025","time":"18:25:00","address":"г Орёл, ул Октябрьская 142","type":"Наезд на пешехода"},"geometry":{"type":"Point","coordinates":[36.076065,52.989674]}},{"type":"Feature","id":6,"properties":{"source":"dtp","injured":1,"dead":0,"severity":1,"date":"25.12.2025","time":"12:45:00","address":"г Орёл, ул Веселая 18","type":"Наезд на пешехода"},"geometry":{"type":"Point","coordinates":[36.035403,52.971225]}},{"type":"Feature","id":7,"properties":{"source":"dtp","injured":1,"dead":0,"severity":1,"date":"24.12.2025","time":"11:35:00","address":"г Орёл","type":"Иной вид ДТП"},"geometry":{"type":"Point","coordinates":[36.111803,52.976936]}},{"type":"Feature","id":8,"properties":{"source":"dtp","injured":1,"dead":0,"severity":1,"date":"21.12.2025","time":"17:10:00","address":"г Орёл, ул Карачевская 73","type":"Наезд на пешехода"},"geometry":{"type":"Point","coordinates":[36.055809,52.953648]}},{"type":"Feature","id":9,"properties":{"source":"dtp","injured":1,"dead":0,"severity":1,"date":"21.12.2025","time":"18:15:00","address":"г Орёл, ул Пушкина 204","type":"Наезд на пешехода"},"geometry":{"type":"Point","coordinates":[36.11088,52.96751]}},{"type":"Feature","id":10,"properties":{"source":"dtp","injured":1,"dead":0,"severity":1,"date":"19.12.2025","time":"10:50:00","address":"г Орёл, ул Высоковольтная 6","type":"Столкновение"},"geometry":{"type":"Point","coordinates":[36.012754,52.912098]}},{"type":"Feature","id":11,"properties":{"source":"dtp","injured":1,"dead":0,"severity":1,"date":"18.12.2025","time":"18:55:00","address":"г Орёл, ул Мостовая 54","type":"Наезд на пешехода"},"geometry":{"type":"Point","coordinates":[36.027968,52.951366]}},{"type":"Feature","id":12,"properties":{"source":"dtp","injured":1,"dead":0,"severity":1,"date":"17.12.2025","time":"14:10:00","address":"г Орёл, ул Московская 112","type":"Столкновение"},"geometry":{"type":"Point","coordinates":[36.104754,52.979378]}},{"type":"Feature","id":13,"properties":{"source":"dtp","injured":1,"dead":0,"severity":1,"date":"16.12.2025","time":"20:08:00","address":"г Орёл, ш Наугорское 13","type":"Падение пассажира"},"geometry":{"type":"Point","coordinates":[36.044147,52.985799]}},{"type":"Feature","id":14,"properties":{"source":"dtp","injured":1,"dead":0,"severity":1,"date":"12.12.2025","time":"19:01:00","address":"г Орёл, ш Кромское 3","type":"Наезд на пешехода"},"geometry":{"type":"Point","coordinates":[36.019439,52.923717]}},{"type":"Feature","id":15,"properties":{"source":"dtp","injured":1,"dead":0,"severity":1,"date":"12.12.2025","time":"06:30:00","address":"г Орёл, ул Льва Толстого 10","type":"Наезд на пешехода"},"geometry":{"type":"Point","coordinates":[36.090324,52.998405]}},{"type":"Feature","id":16,"properties":{"source":"dtp","injured":1,"dead":0,"severity":1,"date":"10.12.2025","time":"08:25:00","address":"г Орёл","type":"Наезд на пешехода"},"geometry":{"type":"Point","coordinates":[36.043568,52.976]}},{"type":"Feature","id":17,"properties":{"source":"dtp","injured":1,"dead":0,"severity":1,"date":"09.12.2025","time":"18:30:00","address":"г Орёл, ш Московское 153","type":"Наезд на пешехода"},"geometry":{"type":"Point","coordinates":[36.155641,53.012156]}},{"type":"Feature","id":18,"properties":{"source":"dtp","injured":1,"dead":0,"severity":1,"date":"09.12.2025","time":"10:20:00","address":"г Орёл, ул Октябрьская 40","type":"Столкновение"},"geometry":{"type":"Point","coordinates":[36.062568,52.975128]}},{"type":"Feature","id":19,"properties":{"source":"dtp","injured":1,"dead":0,"severity":1,"date":"08.12.2025","time":"07:00:00","address":"г Орёл, ул Раздольная 10","type":"Наезд на препятствие"},"geometry":{"type":"Point","coordinates":[36.079241,52.999748]}},{"type":"Feature","id":20,"properties":{"source":"dtp","injured":1,"dead":0,"severity":1,"date":"06.12.2025","time":"09:22:00","address":"г Орёл, ул Комсомольская 25","type":"Падение пассажира"},"geometry":{"type":"Point","coordinates":[36.066206,52.959859]}},{"type":"Feature","id":21,"properties":{"source":"dtp","injured":1,"dead":0,"severity":1,"date":"05.12.2025","time":"18:20:00","address":"г Орёл, ул Мостовая 36","type":"Столкновение"},"geometry":{"type":"Point","coordinates":[36.029143,52.953825]}},{"type":"Feature","id":22,"properties":{"source":"dtp","injured":1,"dead":0,"severity":1,"date":"05.12.2025","time":"15:35:00","address":"г Орёл","type":"Наезд на пешехода"},"geometry":{"type":"Point","coordinates":[36.075411,52.987846]}},{"type":"Feature","id":23,"properties":{"source":"dtp","injured":1,"dead":0,"severity":1,"date":"05.12.2025","time":"13:50:00","address":"г Орёл, ул Московская 41","type":"Столкновение"},"geometry":{"type":"Point","coordinates":[36.08335,52.970392]}},{"type":"Feature","id":24,"properties":{"source":"dtp","injured":1,"dead":0,"severity":1,"date":"03.12.2025","time":"17:20:00","address":"г Орёл, ул Комсомольская 308","type":"Наезд на пешехода"},"geometry":{"type":"Point","coordinates":[36.035939,52.933586]}},{"type":"Feature","id":25,"properties":{"source":"dtp","injured":1,"dead":0,"severity":1,"date":"01.12.2025","time":"01:05:00","address":"г Орёл, ш Кромское 29","type":"Столкновение"},"geometry":{"type":"Point","coordinates":[36.005255,52.916375]}},{"type":"Feature","id":26,"properties":{"source":"dtp","injured":1,"dead":0,"severity":1,"date":"28.11.2025","time":"22:10:00","address":"г Орёл","type":"Столкновение"},"geometry":{"type":"Point","coordinates":[36.177678,52.963685]}},{"type":"Feature","id":27,"properties":{"source":"dtp","injured":1,"dead":0,"severity":1,"date":"27.11.2025","time":"20:40:00","address":"г Орёл, ул Ленина 4","type":"Наезд на препятствие"},"geometry":{"type":"Point","coordinates":[36.065508,52.964279]}},{"type":"Feature","id":28,"properties":{"source":"dtp","injured":1,"dead":0,"severity":1,"date":"27.11.2025","time":"12:00:00","address":"г Орёл, ул Городская 107","type":"Столкновение"},"geometry":{"type":"Point","coordinates":[36.068448,52.939606]}},{"type":"Feature","id":29,"properties":{"source":"dtp","injured":2,"dead":0,"severity":2,"date":"26.11.2025","time":"09:10:00","address":"г Орёл, ш Наугорское 92","type":"Столкновение"},"geometry":{"type":"Point","coordinates":[36.034738,52.992083]}},{"type":"Feature","id":30,"properties":{"source":"dtp","injured":1,"dead":0,"severity":1,"date":"24.11.2025","time":"11:35:00","address":"г Орёл, ул Бурова 2","type":"Наезд на пешехода"},"geometry":{"type":"Point","coordinates":[36.139714,53.004418]}},{"type":"Feature","id":31,"properties":{"source":"dtp","injured":1,"dead":0,"severity":1,"date":"23.11.2025","time":"20:04:00","address":"г Орёл, пер Южный 71","type":"Наезд на гужевой транспорт"},"geometry":{"type":"Point","coordinates":[36.136823,52.973312]}},{"type":"Feature","id":32,"properties":{"source":"dtp","injured":1,"dead":0,"severity":1,"date":"23.11.2025","time":"14:40:00","address":"г Орёл, ул Комсомольская 384","type":"Падение пассажира"},"geometry":{"type":"Point","coordinates":[36.024084,52.926892]}},{"type":"Feature","id":33,"properties":{"source":"dtp","injured":0,"dead":1,"severity":3,"date":"21.11.2025","time":"17:05:00","address":"г Орёл, ул Игнатова 8","type":"Наезд на пешехода"},"geometry":{"type":"Point","coordinates":[36.070302,52.990193]}},{"type":"Feature","id":34,"properties":{"source":"dtp","injured":3,"dead":0,"severity":3,"date":"21.11.2025","time":"23:10:00","address":"г Орёл","type":"Съезд с дороги"},"geometry":{"type":"Point","coordinates":[36.041422,52.90973]}},{"type":"Feature","id":35,"properties":{"source":"dtp","injured":1,"dead":0,"severity":1,"date":"20.11.2025","time":"17:50:00","address":"г Орёл, пер Маслозаводской 27","type":"Наезд на препятствие"},"geometry":{"type":"Point","coordinates":[36.060262,52.936153]}},{"type":"Feature","id":36,"properties":{"source":"dtp","injured":1,"dead":0,"severity":1,"date":"20.11.2025","time":"14:30:00","address":"г Орёл, ул Московская 98","type":"Столкновение"},"geometry":{"type":"Point","coordinates":[36.099797,52.976807]}},{"type":"Feature","id":37,"properties":{"source":"dtp","injured":1,"dead":0,"severity":1,"date":"20.11.2025","time":"14:30:00","address":"г Орёл, ул Емлютина 22","type":"Столкновение"},"geometry":{"type":"Point","coordinates":[36.01386,52.957248]}},{"type":"Feature","id":38,"properties":{"source":"dtp","injured":1,"dead":0,"severity":1,"date":"17.11.2025","time":"09:00:00","address":"г Орёл, ул Октябрьская 47","type":"Наезд на пешехода"},"geometry":{"type":"Point","coordinates":[36.064092,52.976252]}},{"type":"Feature","id":39,"properties":{"source":"dtp","injured":1,"dead":0,"severity":1,"date":"16.11.2025","time":"10:45:00","address":"г Орёл, ул Комсомольская 308","type":"Столкновение"},"geometry":{"type":"Point","coordinates":[36.035864,52.933605]}},{"type":"Feature","id":40,"properties":{"source":"dtp","injured":1,"dead":0,"severity":1,"date":"16.11.2025","time":"18:00:00","address":"г Орёл, ул Октябрьская 47","type":"Наезд на пешехода"},"geometry":{"type":"Point","coordinates":[36.063974,52.976168]}},{"type":"Feature","id":41,"properties":{"source":"dtp","injured":1,"dead":0,"severity":1,"date":"15.11.2025","time":"21:55:00","address":"г Орёл, ул Березовая 40","type":"Наезд на препятствие"},"geometry":{"type":"Point","coordinates":[36.145926,52.981765]}},{"type":"Feature","id":42,"properties":{"source":"dtp","injured":2,"dead":1,"severity":5,"date":"15.11.2025","time":"20:15:00","address":"г Орёл","type":"Столкновение"},"geometry":{"type":"Point","coordinates":[36.051325,52.914945]}},{"type":"Feature","id":43,"properties":{"source":"dtp","injured":0,"dead":1,"severity":3,"date":"14.11.2025","time":"13:10:00","address":"г Орёл, ул Кромская 15а","type":"Наезд на пешехода"},"geometry":{"type":"Point","coordinates":[36.015383,52.928095]}},{"type":"Feature","id":44,"properties":{"source":"dtp","injured":1,"dead":0,"severity":1,"date":"13.11.2025","time":"20:40:00","address":"г Орёл, ул Комсомольская 78","type":"Наезд на пешехода"},"geometry":{"type":"Point","coordinates":[36.0623,52.952975]}},{"type":"Feature","id":45,"properties":{"source":"dtp","injured":1,"dead":0,"severity":1,"date":"11.11.2025","time":"17:50:00","address":"г Орёл, ул Раздольная 10","type":"Столкновение"},"geometry":{"type":"Point","coordinates":[36.09556,53.001595]}},{"type":"Feature","id":46,"properties":{"source":"dtp","injured":1,"dead":0,"severity":1,"date":"11.11.2025","time":"18:00:00","address":"г Орёл, ул Раздольная 10Б","type":"Наезд на лицо, не являющееся участником дорожного движения, осуществляющее какую-либо другую деятельность"},"geometry":{"type":"Point","coordinates":[36.092298,53.001517]}},{"type":"Feature","id":47,"properties":{"source":"dtp","injured":1,"dead":0,"severity":1,"date":"08.11.2025","time":"12:40:00","address":"г Орёл, ул Октябрьская 77","type":"Наезд на велосипедиста"},"geometry":{"type":"Point","coordinates":[36.074477,52.987405]}},{"type":"Feature","id":48,"properties":{"source":"dtp","injured":1,"dead":2,"severity":7,"date":"08.11.2025","time":"15:30:00","address":"г Орёл, ул Раздольная 74","type":"Столкновение"},"geometry":{"type":"Point","coordinates":[36.130679,53.013515]}},{"type":"Feature","id":49,"properties":{"source":"dtp","injured":1,"dead":0,"severity":1,"date":"04.11.2025","time":"14:25:00","address":"г Орёл, ул Раздольная 90","type":"Столкновение"},"geometry":{"type":"Point","coordinates":[36.14267,53.022186]}},{"type":"Feature","id":50,"properties":{"source":"dtp","injured":1,"dead":0,"severity":1,"date":"31.10.2025","time":"17:30:00","address":"г Орёл, ул Матвеева 8","type":"Наезд на пешехода"},"geometry":{"type":"Point","coordinates":[36.06112,52.985418]}},{"type":"Feature","id":51,"properties":{"source":"dtp","injured":1,"dead":0,"severity":1,"date":"31.10.2025","time":"09:35:00","address":"г Орёл, ул Ломоносова 6","type":"Наезд на стоящее ТС"},"geometry":{"type":"Point","coordinates":[36.061463,52.985017]}},{"type":"Feature","id":52,"properties":{"source":"dtp","injured":1,"dead":0,"severity":1,"date":"29.10.2025","time":"19:30:00","address":"г Орёл, ул Московская 175","type":"Наезд на пешехода"},"geometry":{"type":"Point","coordinates":[36.107039,52.98275]}},{"type":"Feature","id":53,"properties":{"source":"dtp","injured":1,"dead":0,"severity":1,"date":"29.10.2025","time":"14:10:00","address":"г Орёл, ул Комсомольская 255","type":"Наезд на пешехода"},"geometry":{"type":"Point","coordinates":[36.035779,52.93358]}},{"type":"Feature","id":54,"properties":{"source":"dtp","injured":1,"dead":0,"severity":1,"date":"29.10.2025","time":"15:15:00","address":"г Орёл, ул Михалицына 26","type":"Столкновение"},"geometry":{"type":"Point","coordinates":[36.109947,52.996481]}},{"type":"Feature","id":55,"properties":{"source":"dtp","injured":2,"dead":0,"severity":2,"date":"28.10.2025","time":"18:38:00","address":"г Орёл, ул Игнатова 33","type":"Столкновение"},"geometry":{"type":"Point","coordinates":[36.061893,52.989771]}},{"type":"Feature","id":56,"properties":{"source":"dtp","injured":1,"dead":0,"severity":1,"date":"26.10.2025","time":"19:10:00","address":"г Орёл, пер Пищевой 9","type":"Наезд на пешехода"},"geometry":{"type":"Point","coordinates":[36.058041,52.936451]}},{"type":"Feature","id":57,"properties":{"source":"dtp","injured":1,"dead":0,"severity":1,"date":"26.10.2025","time":"09:45:00","address":"г Орёл, ш Наугорское 33","type":"Столкновение"},"geometry":{"type":"Point","coordinates":[36.034706,52.992077]}},{"type":"Feature","id":58,"properties":{"source":"dtp","injured":1,"dead":0,"severity":1,"date":"26.10.2025","time":"19:00:00","address":"г Орёл, ул Максима Горького 84","type":"Наезд на велосипедиста"},"geometry":{"type":"Point","coordinates":[36.07982,52.982686]}},{"type":"Feature","id":59,"properties":{"source":"dtp","injured":1,"dead":0,"severity":1,"date":"26.10.2025","time":"12:30:00","address":"г Орёл, пер Маслозаводской 2","type":"Наезд на велосипедиста"},"geometry":{"type":"Point","coordinates":[36.050552,52.93949]}},{"type":"Feature","id":60,"properties":{"source":"dtp","injured":1,"dead":0,"severity":1,"date":"24.10.2025","time":"18:50:00","address":"г Орёл, ул Курская 3-я 35б","type":"Наезд на пешехода"},"geometry":{"type":"Point","coordinates":[36.08526,52.964706]}},{"type":"Feature","id":61,"properties":{"source":"dtp","injured":1,"dead":0,"severity":1,"date":"22.10.2025","time":"18:56:00","address":"г Орёл, пер Маслозаводской 2","type":"Наезд на пешехода"},"geometry":{"type":"Point","coordinates":[36.050466,52.939432]}},{"type":"Feature","id":62,"properties":{"source":"dtp","injured":1,"dead":0,"severity":1,"date":"21.10.2025","time":"08:20:00","address":"г Орёл, ш Наугорское 5","type":"Столкновение"},"geometry":{"type":"Point","coordinates":[36.050116,52.980478]}},{"type":"Feature","id":63,"properties":{"source":"dtp","injured":1,"dead":0,"severity":1,"date":"21.10.2025","time":"20:50:00","address":"г Орёл, ул Цветаева 1б","type":"Наезд на пешехода"},"geometry":{"type":"Point","coordinates":[36.04228,52.981936]}},{"type":"Feature","id":64,"properties":{"source":"dtp","injured":1,"dead":0,"severity":1,"date":"20.10.2025","time":"13:10:00","address":"г Орёл, ул Комсомольская 340","type":"Падение пассажира"},"geometry":{"type":"Point","coordinates":[36.030632,52.93069]}},{"type":"Feature","id":65,"properties":{"source":"dtp","injured":1,"dead":0,"severity":1,"date":"17.10.2025","time":"16:20:00","address":"г Орёл, ул Нормандия-Неман 70а","type":"Наезд на препятствие"},"geometry":{"type":"Point","coordinates":[36.075572,52.954132]}},{"type":"Feature","id":66,"properties":{"source":"dtp","injured":1,"dead":0,"severity":1,"date":"17.10.2025","time":"16:05:00","address":"г Орёл","type":"Наезд на пешехода"},"geometry":{"type":"Point","coordinates":[36.041282,52.951017]}},{"type":"Feature","id":67,"properties":{"source":"dtp","injured":1,"dead":0,"severity":1,"date":"15.10.2025","time":"21:15:00","address":"г Орёл","type":"Столкновение"},"geometry":{"type":"Point","coordinates":[36.036744,52.907925]}},{"type":"Feature","id":68,"properties":{"source":"dtp","injured":1,"dead":0,"severity":1,"date":"15.10.2025","time":"18:40:00","address":"г Орёл","type":"Наезд на пешехода"},"geometry":{"type":"Point","coordinates":[36.075027,52.972918]}},{"type":"Feature","id":69,"properties":{"source":"dtp","injured":1,"dead":0,"severity":1,"date":"13.10.2025","time":"16:20:00","address":"г Орёл, ул Комсомольская 77а","type":"Столкновение"},"geometry":{"type":"Point","coordinates":[36.061935,52.952213]}},{"type":"Feature","id":70,"properties":{"source":"dtp","injured":1,"dead":0,"severity":1,"date":"12.10.2025","time":"15:10:00","address":"г Орёл, ш Наугорское 66","type":"Столкновение"},"geometry":{"type":"Point","coordinates":[36.043299,52.986438]}},{"type":"Feature","id":71,"properties":{"source":"dtp","injured":3,"dead":0,"severity":3,"date":"09.10.2025","time":"06:35:00","address":"г Орёл, ул Игнатова 33","type":"Столкновение"},"geometry":{"type":"Point","coordinates":[36.062064,52.990008]}},{"type":"Feature","id":72,"properties":{"source":"dtp","injured":4,"dead":0,"severity":4,"date":"09.10.2025","time":"18:40:00","address":"г Орёл","type":"Столкновение"},"geometry":{"type":"Point","coordinates":[36.076741,52.924066]}},{"type":"Feature","id":73,"properties":{"source":"dtp","injured":1,"dead":0,"severity":1,"date":"08.10.2025","time":"18:30:00","address":"г Орёл, ул Черкасская 72","type":"Наезд на пешехода"},"geometry":{"type":"Point","coordinates":[36.076568,52.956566]}},{"type":"Feature","id":74,"properties":{"source":"dtp","injured":1,"dead":0,"severity":1,"date":"07.10.2025","time":"12:40:00","address":"г Орёл, ул Васильевская 119в","type":"Наезд на велосипедиста"},"geometry":{"type":"Point","coordinates":[36.042924,52.951618]}},{"type":"Feature","id":75,"properties":{"source":"dtp","injured":1,"dead":1,"severity":4,"date":"06.10.2025","time":"19:33:00","address":"г Орёл, ул Московская 42","type":"Столкновение"},"geometry":{"type":"Point","coordinates":[36.091266,52.973762]}},{"type":"Feature","id":76,"properties":{"source":"dtp","injured":1,"dead":0,"severity":1,"date":"06.10.2025","time":"20:50:00","address":"г Орёл, ул Машиностроительная 8а","type":"Съезд с дороги"},"geometry":{"type":"Point","coordinates":[35.982456,52.92034]}},{"type":"Feature","id":77,"properties":{"source":"dtp","injured":0,"dead":1,"severity":3,"date":"05.10.2025","time":"19:41:00","address":"г Орёл, ул 60-летия Октября 11б","type":"Наезд на пешехода"},"geometry":{"type":"Point","coordinates":[36.07319,52.980194]}},{"type":"Feature","id":78,"properties":{"source":"dtp","injured":1,"dead":0,"severity":1,"date":"05.10.2025","time":"19:55:00","address":"г Орёл, ул Курская 1-я 69","type":"Столкновение"},"geometry":{"type":"Point","coordinates":[36.092845,52.962134]}},{"type":"Feature","id":79,"properties":{"source":"dtp","injured":1,"dead":0,"severity":1,"date":"04.10.2025","time":"04:00:00","address":"г Орёл, ул Лескова 20","type":"Наезд на препятствие"},"geometry":{"type":"Point","coordinates":[36.05921,52.980399]}},{"type":"Feature","id":80,"properties":{"source":"dtp","injured":1,"dead":0,"severity":1,"date":"04.10.2025","time":"07:45:00","address":"г Орёл, ул Максима Горького 20","type":"Наезд на пешехода"},"geometry":{"type":"Point","coordinates":[36.061987,52.969125]}},{"type":"Feature","id":81,"properties":{"source":"dtp","injured":2,"dead":0,"severity":2,"date":"02.10.2025","time":"22:05:00","address":"г Орёл, ул Михалицына 38а","type":"Столкновение"},"geometry":{"type":"Point","coordinates":[36.107773,52.997832]}},{"type":"Feature","id":82,"properties":{"source":"dtp","injured":1,"dead":1,"severity":4,"date":"01.10.2025","time":"16:30:00","address":"г Орёл, ул Рощинская 41","type":"Столкновение"},"geometry":{"type":"Point","coordinates":[36.14282,53.022631]}},{"type":"Feature","id":83,"properties":{"source":"dtp","injured":1,"dead":0,"severity":1,"date":"01.10.2025","time":"09:00:00","address":"г Орёл, ул Паровозная 64","type":"Столкновение"},"geometry":{"type":"Point","coordinates":[36.125128,52.970392]}},{"type":"Feature","id":84,"properties":{"source":"dtp","injured":2,"dead":0,"severity":2,"date":"01.10.2025","time":"08:50:00","address":"г Орёл, ул Михалицына 37","type":"Столкновение"},"geometry":{"type":"Point","coordinates":[36.115376,52.992697]}},{"type":"Feature","id":85,"properties":{"source":"dtp","injured":1,"dead":0,"severity":1,"date":"29.09.2025","time":"14:45:00","address":"г Орёл, ш Наугорское 108","type":"Столкновение"},"geometry":{"type":"Point","coordinates":[36.029052,52.995706]}},{"type":"Feature","id":86,"properties":{"source":"dtp","injured":1,"dead":0,"severity":1,"date":"28.09.2025","time":"11:00:00","address":"г Орёл, ул 6-й Орловской Дивизии 17","type":"Столкновение"},"geometry":{"type":"Point","coordinates":[36.09763,52.933573]}},{"type":"Feature","id":87,"properties":{"source":"dtp","injured":3,"dead":0,"severity":3,"date":"28.09.2025","time":"09:50:00","address":"г Орёл, ул Тульская 102","type":"Столкновение"},"geometry":{"type":"Point","coordinates":[36.128358,52.975851]}},{"type":"Feature","id":88,"properties":{"source":"dtp","injured":2,"dead":0,"severity":2,"date":"28.09.2025","time":"14:00:00","address":"г Орёл, ш Наугорское 33","type":"Столкновение"},"geometry":{"type":"Point","coordinates":[36.034706,52.992135]}},{"type":"Feature","id":89,"properties":{"source":"dtp","injured":1,"dead":0,"severity":1,"date":"27.09.2025","time":"23:10:00","address":"г Орёл, ул Октябрьская 65","type":"Столкновение"},"geometry":{"type":"Point","coordinates":[36.072246,52.98443]}},{"type":"Feature","id":90,"properties":{"source":"dtp","injured":1,"dead":0,"severity":1,"date":"24.09.2025","time":"16:20:00","address":"г Орёл, ул Раздольная 45","type":"Наезд на велосипедиста"},"geometry":{"type":"Point","coordinates":[36.133937,53.015674]}},{"type":"Feature","id":91,"properties":{"source":"dtp","injured":1,"dead":0,"severity":1,"date":"22.09.2025","time":"07:20:00","address":"г Орёл, ул Рощинская 41","type":"Столкновение"},"geometry":{"type":"Point","coordinates":[36.142788,53.022399]}},{"type":"Feature","id":92,"properties":{"source":"dtp","injured":1,"dead":0,"severity":1,"date":"20.09.2025","time":"21:10:00","address":"г Орёл, наб Дубровинского 70","type":"Наезд на пешехода"},"geometry":{"type":"Point","coordinates":[36.07186,52.968667]}},{"type":"Feature","id":93,"properties":{"source":"dtp","injured":1,"dead":0,"severity":1,"date":"20.09.2025","time":"19:30:00","address":"г Орёл, ул Михалицына 10","type":"Наезд на велосипедиста"},"geometry":{"type":"Point","coordinates":[36.114807,52.99322]}},{"type":"Feature","id":94,"properties":{"source":"dtp","injured":1,"dead":0,"severity":1,"date":"19.09.2025","time":"16:30:00","address":"г Орёл","type":"Столкновение"},"geometry":{"type":"Point","coordinates":[36.148142,52.951579]}},{"type":"Feature","id":95,"properties":{"source":"dtp","injured":1,"dead":0,"severity":1,"date":"18.09.2025","time":"17:52:00","address":"г Орёл, ул Салтыкова-Щедрина 12 16","type":"Наезд на пешехода"},"geometry":{"type":"Point","coordinates":[36.059328,52.969364]}},{"type":"Feature","id":96,"properties":{"source":"dtp","injured":1,"dead":0,"severity":1,"date":"14.09.2025","time":"17:35:00","address":"г Орёл, ул Трудовых Резервов 36","type":"Наезд на препятствие"},"geometry":{"type":"Point","coordinates":[36.028483,52.965979]}},{"type":"Feature","id":97,"properties":{"source":"dtp","injured":1,"dead":0,"severity":1,"date":"08.09.2025","time":"21:40:00","address":"г Орёл, ул Максима Горького 41","type":"Столкновение"},"geometry":{"type":"Point","coordinates":[36.067032,52.972931]}},{"type":"Feature","id":98,"properties":{"source":"dtp","injured":1,"dead":0,"severity":1,"date":"07.09.2025","time":"14:50:00","address":"г Орёл, ул Семинарская 3","type":"Наезд на препятствие"},"geometry":{"type":"Point","coordinates":[36.113133,52.965475]}},{"type":"Feature","id":99,"properties":{"source":"dtp","injured":1,"dead":0,"severity":1,"date":"06.09.2025","time":"18:02:00","address":"г Орёл, ул Комсомольская 314","type":"Наезд на пешехода"},"geometry":{"type":"Point","coordinates":[36.035886,52.933601]}},{"type":"Feature","id":100,"properties":{"source":"dtp","injured":1,"dead":0,"severity":1,"date":"05.09.2025","time":"22:00:00","address":"г Орёл, ул Октябрьская 136","type":"Столкновение"},"geometry":{"type":"Point","coordinates":[36.076022,52.989706]}},{"type":"Feature","id":101,"properties":{"source":"dtp","injured":1,"dead":0,"severity":1,"date":"05.09.2025","time":"11:10:00","address":"г Орёл","type":"Наезд на пешехода"},"geometry":{"type":"Point","coordinates":[36.11028,52.991005]}},{"type":"Feature","id":102,"properties":{"source":"dtp","injured":1,"dead":0,"severity":1,"date":"04.09.2025","time":"19:30:00","address":"г Орёл, ул Комсомольская 53","type":"Наезд на велосипедиста"},"geometry":{"type":"Point","coordinates":[36.063888,52.955703]}},{"type":"Feature","id":103,"properties":{"source":"dtp","injured":1,"dead":0,"severity":1,"date":"04.09.2025","time":"08:50:00","address":"г Орёл, ул Энгельса 70","type":"Столкновение"},"geometry":{"type":"Point","coordinates":[36.049361,52.957926]}},{"type":"Feature","id":104,"properties":{"source":"dtp","injured":1,"dead":0,"severity":1,"date":"02.09.2025","time":"19:50:00","address":"г Орёл, ул Льва Толстого 21 А","type":"Столкновение"},"geometry":{"type":"Point","coordinates":[36.090356,52.999729]}},{"type":"Feature","id":105,"properties":{"source":"dtp","injured":1,"dead":0,"severity":1,"date":"01.09.2025","time":"09:30:00","address":"г Орёл","type":"Иной вид ДТП"},"geometry":{"type":"Point","coordinates":[36.062933,52.983913]}},{"type":"Feature","id":106,"properties":{"source":"dtp","injured":1,"dead":0,"severity":1,"date":"23.08.2025","time":"17:45:00","address":"г Орёл","type":"Наезд на пешехода"},"geometry":{"type":"Point","coordinates":[36.063083,52.985437]}},{"type":"Feature","id":107,"properties":{"source":"dtp","injured":1,"dead":0,"severity":1,"date":"21.08.2025","time":"16:25:00","address":"г Орёл","type":"Наезд на велосипедиста"},"geometry":{"type":"Point","coordinates":[36.096075,52.973131]}},{"type":"Feature","id":108,"properties":{"source":"dtp","injured":0,"dead":1,"severity":3,"date":"16.08.2025","time":"03:40:00","address":"г Орёл, ул Бурова 24","type":"Наезд на препятствие"},"geometry":{"type":"Point","coordinates":[36.133929,53.007676]}},{"type":"Feature","id":109,"properties":{"source":"dtp","injured":1,"dead":0,"severity":1,"date":"16.08.2025","time":"11:20:00","address":"г Орёл, ул Полесская 53","type":"Столкновение"},"geometry":{"type":"Point","coordinates":[36.043053,52.978409]}},{"type":"Feature","id":110,"properties":{"source":"dtp","injured":1,"dead":0,"severity":1,"date":"15.08.2025","time":"18:10:00","address":"г Орёл, ул Мостовая 45","type":"Наезд на пешехода"},"geometry":{"type":"Point","coordinates":[36.029295,52.953973]}},{"type":"Feature","id":111,"properties":{"source":"dtp","injured":2,"dead":0,"severity":2,"date":"15.08.2025","time":"12:00:00","address":"г Орёл, ул Автовокзальная 9","type":"Наезд на пешехода"},"geometry":{"type":"Point","coordinates":[36.047181,52.938681]}},{"type":"Feature","id":112,"properties":{"source":"dtp","injured":1,"dead":0,"severity":1,"date":"15.08.2025","time":"09:20:00","address":"г Орёл, ул Космонавтов 3","type":"Наезд на пешехода"},"geometry":{"type":"Point","coordinates":[36.133668,53.008001]}},{"type":"Feature","id":113,"properties":{"source":"dtp","injured":1,"dead":0,"severity":1,"date":"13.08.2025","time":"18:15:00","address":"г Орёл, ул Планерная 57","type":"Наезд на пешехода"},"geometry":{"type":"Point","coordinates":[36.012779,52.927611]}},{"type":"Feature","id":114,"properties":{"source":"dtp","injured":1,"dead":0,"severity":1,"date":"12.08.2025","time":"14:50:00","address":"г Орёл, ш Наугорское 42г","type":"Наезд на пешехода"},"geometry":{"type":"Point","coordinates":[36.048471,52.981846]}},{"type":"Feature","id":115,"properties":{"source":"dtp","injured":1,"dead":0,"severity":1,"date":"11.08.2025","time":"09:40:00","address":"г Орёл","type":"Столкновение"},"geometry":{"type":"Point","coordinates":[36.171713,52.949685]}},{"type":"Feature","id":116,"properties":{"source":"dtp","injured":1,"dead":0,"severity":1,"date":"10.08.2025","time":"19:34:00","address":"г Орёл, ул Ростовская 14","type":"Столкновение"},"geometry":{"type":"Point","coordinates":[36.100772,52.944128]}},{"type":"Feature","id":117,"properties":{"source":"dtp","injured":1,"dead":0,"severity":1,"date":"09.08.2025","time":"20:20:00","address":"г Орёл, ул Курская 3-я 33","type":"Столкновение"},"geometry":{"type":"Point","coordinates":[36.085196,52.964783]}},{"type":"Feature","id":118,"properties":{"source":"dtp","injured":1,"dead":0,"severity":1,"date":"09.08.2025","time":"08:55:00","address":"г Орёл, ш Кромское 3","type":"Наезд на пешехода"},"geometry":{"type":"Point","coordinates":[36.019843,52.923896]}},{"type":"Feature","id":119,"properties":{"source":"dtp","injured":1,"dead":0,"severity":1,"date":"08.08.2025","time":"12:10:00","address":"г Орёл, ш Московское 126","type":"Столкновение"},"geometry":{"type":"Point","coordinates":[36.139483,53.001136]}},{"type":"Feature","id":120,"properties":{"source":"dtp","injured":1,"dead":0,"severity":1,"date":"08.08.2025","time":"08:30:00","address":"г Орёл, ул Московская 51а","type":"Наезд на велосипедиста"},"geometry":{"type":"Point","coordinates":[36.085485,52.971432]}},{"type":"Feature","id":121,"properties":{"source":"dtp","injured":1,"dead":0,"severity":1,"date":"07.08.2025","time":"12:55:00","address":"г Орёл, ул Планерная 52","type":"Наезд на пешехода"},"geometry":{"type":"Point","coordinates":[36.012411,52.927565]}},{"type":"Feature","id":122,"properties":{"source":"dtp","injured":1,"dead":0,"severity":1,"date":"04.08.2025","time":"16:25:00","address":"г Орёл, ш Московское 87","type":"Столкновение"},"geometry":{"type":"Point","coordinates":[36.128036,52.993368]}},{"type":"Feature","id":123,"properties":{"source":"dtp","injured":1,"dead":0,"severity":1,"date":"01.08.2025","time":"18:30:00","address":"г Орёл, ул Раздольная 11","type":"Столкновение"},"geometry":{"type":"Point","coordinates":[36.102512,53.001097]}},{"type":"Feature","id":124,"properties":{"source":"dtp","injured":1,"dead":0,"severity":1,"date":"31.07.2025","time":"12:00:00","address":"г Орёл, ул Ливенская 2а","type":"Падение пассажира"},"geometry":{"type":"Point","coordinates":[36.096236,52.957939]}},{"type":"Feature","id":125,"properties":{"source":"dtp","injured":1,"dead":0,"severity":1,"date":"30.07.2025","time":"16:00:00","address":"г Орёл, ул Панчука 66","type":"Иной вид ДТП"},"geometry":{"type":"Point","coordinates":[36.050724,52.962844]}},{"type":"Feature","id":126,"properties":{"source":"dtp","injured":1,"dead":0,"severity":1,"date":"30.07.2025","time":"14:00:00","address":"г Орёл","type":"Наезд на велосипедиста"},"geometry":{"type":"Point","coordinates":[36.103112,52.956433]}},{"type":"Feature","id":127,"properties":{"source":"dtp","injured":1,"dead":0,"severity":1,"date":"29.07.2025","time":"21:10:00","address":"г Орёл, ул Герцена 20","type":"Столкновение"},"geometry":{"type":"Point","coordinates":[36.080657,52.975883]}},{"type":"Feature","id":128,"properties":{"source":"dtp","injured":1,"dead":0,"severity":1,"date":"27.07.2025","time":"23:50:00","address":"г Орёл, ул Московская 78","type":"Столкновение"},"geometry":{"type":"Point","coordinates":[36.098231,52.976252]}},{"type":"Feature","id":129,"properties":{"source":"dtp","injured":1,"dead":0,"severity":1,"date":"27.07.2025","time":"11:20:00","address":"г Орёл, ул Курская 4-я 2","type":"Наезд на пешехода"},"geometry":{"type":"Point","coordinates":[36.080196,52.966657]}},{"type":"Feature","id":130,"properties":{"source":"dtp","injured":1,"dead":0,"severity":1,"date":"26.07.2025","time":"19:40:00","address":"г Орёл","type":"Столкновение"},"geometry":{"type":"Point","coordinates":[36.035349,52.907466]}},{"type":"Feature","id":131,"properties":{"source":"dtp","injured":1,"dead":0,"severity":1,"date":"24.07.2025","time":"22:53:00","address":"г Орёл, ул Салтыкова-Щедрина 33","type":"Столкновение"},"geometry":{"type":"Point","coordinates":[36.063437,52.972408]}},{"type":"Feature","id":132,"properties":{"source":"dtp","injured":1,"dead":0,"severity":1,"date":"22.07.2025","time":"07:30:00","address":"г Орёл, ул Михалицына 115","type":"Наезд на велосипедиста"},"geometry":{"type":"Point","coordinates":[36.105548,52.99938]}},{"type":"Feature","id":133,"properties":{"source":"dtp","injured":1,"dead":0,"severity":1,"date":"21.07.2025","time":"22:20:00","address":"г Орёл","type":"Столкновение"},"geometry":{"type":"Point","coordinates":[36.110011,52.932635]}},{"type":"Feature","id":134,"properties":{"source":"dtp","injured":4,"dead":0,"severity":4,"date":"19.07.2025","time":"11:20:00","address":"г Орёл, ул Мостовая 1","type":"Столкновение"},"geometry":{"type":"Point","coordinates":[36.031948,52.958146]}},{"type":"Feature","id":135,"properties":{"source":"dtp","injured":1,"dead":0,"severity":1,"date":"17.07.2025","time":"17:30:00","address":"г Орёл, ул Раздольная 11","type":"Столкновение"},"geometry":{"type":"Point","coordinates":[36.102909,53.001065]}},{"type":"Feature","id":136,"properties":{"source":"dtp","injured":1,"dead":0,"severity":1,"date":"17.07.2025","time":"17:40:00","address":"г Орёл","type":"Наезд на пешехода"},"geometry":{"type":"Point","coordinates":[36.146663,53.011317]}},{"type":"Feature","id":137,"properties":{"source":"dtp","injured":1,"dead":0,"severity":1,"date":"17.07.2025","time":"13:35:00","address":"г Орёл, ул Ливенская 7В","type":"Столкновение"},"geometry":{"type":"Point","coordinates":[36.100166,52.957072]}},{"type":"Feature","id":138,"properties":{"source":"dtp","injured":1,"dead":0,"severity":1,"date":"16.07.2025","time":"12:00:00","address":"г Орёл, ул Московская 24","type":"Падение пассажира"},"geometry":{"type":"Point","coordinates":[36.079992,52.969087]}},{"type":"Feature","id":139,"properties":{"source":"dtp","injured":1,"dead":0,"severity":1,"date":"14.07.2025","time":"23:45:00","address":"г Орёл, ул Комсомольская 176","type":"Столкновение"},"geometry":{"type":"Point","coordinates":[36.054769,52.94472]}},{"type":"Feature","id":140,"properties":{"source":"dtp","injured":1,"dead":0,"severity":1,"date":"12.07.2025","time":"15:30:00","address":"г Орёл, ул Ливенская 33","type":"Столкновение"},"geometry":{"type":"Point","coordinates":[36.110054,52.952484]}},{"type":"Feature","id":141,"properties":{"source":"dtp","injured":1,"dead":0,"severity":1,"date":"10.07.2025","time":"10:53:00","address":"г Орёл, ул Комсомольская 62","type":"Столкновение"},"geometry":{"type":"Point","coordinates":[36.064178,52.956537]}},{"type":"Feature","id":142,"properties":{"source":"dtp","injured":1,"dead":0,"severity":1,"date":"09.07.2025","time":"18:10:00","address":"г Орёл, ул Степана Разина 12","type":"Столкновение"},"geometry":{"type":"Point","coordinates":[36.077052,52.97065]}},{"type":"Feature","id":143,"properties":{"source":"dtp","injured":1,"dead":0,"severity":1,"date":"08.07.2025","time":"08:35:00","address":"г Орёл, ул Приборостроительная 31","type":"Наезд на пешехода"},"geometry":{"type":"Point","coordinates":[36.058266,52.985244]}},{"type":"Feature","id":144,"properties":{"source":"dtp","injured":1,"dead":0,"severity":1,"date":"07.07.2025","time":"10:00:00","address":"г Орёл, ул Покровская 8","type":"Наезд на велосипедиста"},"geometry":{"type":"Point","coordinates":[36.075089,52.967924]}},{"type":"Feature","id":145,"properties":{"source":"dtp","injured":1,"dead":0,"severity":1,"date":"07.07.2025","time":"21:28:00","address":"г Орёл, ш Московское 44","type":"Столкновение"},"geometry":{"type":"Point","coordinates":[36.120429,52.98826]}},{"type":"Feature","id":146,"properties":{"source":"dtp","injured":0,"dead":1,"severity":3,"date":"07.07.2025","time":"21:35:00","address":"г Орёл, ул Курская 1-я 77","type":"Наезд на пешехода"},"geometry":{"type":"Point","coordinates":[36.093768,52.960793]}},{"type":"Feature","id":147,"properties":{"source":"dtp","injured":1,"dead":0,"severity":1,"date":"07.07.2025","time":"10:00:00","address":"г Орёл, ул МОПРа 11","type":"Наезд на стоящее ТС"},"geometry":{"type":"Point","coordinates":[36.062472,52.948722]}},{"type":"Feature","id":148,"properties":{"source":"dtp","injured":1,"dead":0,"severity":1,"date":"05.07.2025","time":"18:10:00","address":"г Орёл","type":"Наезд на стоящее ТС"},"geometry":{"type":"Point","coordinates":[36.043369,52.920971]}},{"type":"Feature","id":149,"properties":{"source":"dtp","injured":1,"dead":0,"severity":1,"date":"05.07.2025","time":"22:30:00","address":"г Орёл, ул Комсомольская 308","type":"Столкновение"},"geometry":{"type":"Point","coordinates":[36.035875,52.933605]}},{"type":"Feature","id":150,"properties":{"source":"dtp","injured":1,"dead":0,"severity":1,"date":"04.07.2025","time":"17:18:00","address":"г Орёл, ул Матвеева 14","type":"Наезд на пешехода"},"geometry":{"type":"Point","coordinates":[36.061721,52.988557]}},{"type":"Feature","id":151,"properties":{"source":"dtp","injured":1,"dead":0,"severity":1,"date":"03.07.2025","time":"09:15:00","address":"г Орёл, ул Пушкарная 2-я 26","type":"Столкновение"},"geometry":{"type":"Point","coordinates":[36.051475,52.962502]}},{"type":"Feature","id":152,"properties":{"source":"dtp","injured":1,"dead":0,"severity":1,"date":"01.07.2025","time":"21:30:00","address":"г Орёл, ул Ломоносова 6Б","type":"Наезд на пешехода"},"geometry":{"type":"Point","coordinates":[36.069714,52.981342]}},{"type":"Feature","id":153,"properties":{"source":"dtp","injured":1,"dead":0,"severity":1,"date":"01.07.2025","time":"21:10:00","address":"г Орёл, ул Октябрьская 56","type":"Столкновение"},"geometry":{"type":"Point","coordinates":[36.067777,52.97918]}},{"type":"Feature","id":154,"properties":{"source":"dtp","injured":1,"dead":0,"severity":1,"date":"26.06.2025","time":"12:16:00","address":"г Орёл, ул Генерала Родина 14","type":"Столкновение"},"geometry":{"type":"Point","coordinates":[36.03462,52.966657]}},{"type":"Feature","id":155,"properties":{"source":"dtp","injured":1,"dead":0,"severity":1,"date":"24.06.2025","time":"14:50:00","address":"г Орёл, ул Раздольная 62","type":"Столкновение"},"geometry":{"type":"Point","coordinates":[36.125579,53.010239]}},{"type":"Feature","id":156,"properties":{"source":"dtp","injured":2,"dead":0,"severity":2,"date":"22.06.2025","time":"02:35:00","address":"г Орёл, ул Комсомольская 356","type":"Столкновение"},"geometry":{"type":"Point","coordinates":[36.028579,52.929531]}},{"type":"Feature","id":157,"properties":{"source":"dtp","injured":1,"dead":0,"severity":1,"date":"22.06.2025","time":"17:00:00","address":"г Орёл, ул Андриабужная 50","type":"Наезд на велосипедиста"},"geometry":{"type":"Point","coordinates":[36.134516,52.977859]}},{"type":"Feature","id":158,"properties":{"source":"dtp","injured":1,"dead":0,"severity":1,"date":"20.06.2025","time":"12:50:00","address":"г Орёл, ш Карачевское 74","type":"Наезд на пешехода"},"geometry":{"type":"Point","coordinates":[36.034201,52.946498]}},{"type":"Feature","id":159,"properties":{"source":"dtp","injured":1,"dead":0,"severity":1,"date":"18.06.2025","time":"22:00:00","address":"г Орёл, ул Московская 69","type":"Столкновение"},"geometry":{"type":"Point","coordinates":[36.092255,52.974139]}},{"type":"Feature","id":160,"properties":{"source":"dtp","injured":5,"dead":0,"severity":5,"date":"16.06.2025","time":"17:00:00","address":"г Орёл","type":"Наезд на стоящее ТС"},"geometry":{"type":"Point","coordinates":[36.181262,53.029536]}},{"type":"Feature","id":161,"properties":{"source":"dtp","injured":1,"dead":0,"severity":1,"date":"15.06.2025","time":"09:15:00","address":"г Орёл","type":"Наезд на велосипедиста"},"geometry":{"type":"Point","coordinates":[36.104465,53.003151]}},{"type":"Feature","id":162,"properties":{"source":"dtp","injured":1,"dead":0,"severity":1,"date":"15.06.2025","time":"15:20:00","address":"г Орёл, ул Московская 34","type":"Столкновение"},"geometry":{"type":"Point","coordinates":[36.088586,52.972653]}},{"type":"Feature","id":163,"properties":{"source":"dtp","injured":1,"dead":0,"severity":1,"date":"10.06.2025","time":"13:20:00","address":"г Орёл, ул Энгельса 77","type":"Столкновение"},"geometry":{"type":"Point","coordinates":[36.04934,52.95791]}},{"type":"Feature","id":164,"properties":{"source":"dtp","injured":1,"dead":0,"severity":1,"date":"09.06.2025","time":"16:05:00","address":"г Орёл, ул Московская 78","type":"Наезд на пешехода"},"geometry":{"type":"Point","coordinates":[36.098145,52.976232]}},{"type":"Feature","id":165,"properties":{"source":"dtp","injured":1,"dead":0,"severity":1,"date":"09.06.2025","time":"17:45:00","address":"г Орёл, ш Наугорское 27","type":"Столкновение"},"geometry":{"type":"Point","coordinates":[36.038278,52.988867]}},{"type":"Feature","id":166,"properties":{"source":"dtp","injured":1,"dead":0,"severity":1,"date":"06.06.2025","time":"09:35:00","address":"г Орёл, ул 5-й Орловской стрелковой дивизии 1","type":"Наезд на пешехода"},"geometry":{"type":"Point","coordinates":[36.050198,52.931374]}},{"type":"Feature","id":167,"properties":{"source":"dtp","injured":4,"dead":0,"severity":4,"date":"06.06.2025","time":"19:05:00","address":"г Орёл, ул Комсомольская 248","type":"Столкновение"},"geometry":{"type":"Point","coordinates":[36.04551,52.938979]}},{"type":"Feature","id":168,"properties":{"source":"dtp","injured":2,"dead":0,"severity":2,"date":"04.06.2025","time":"01:15:00","address":"г Орёл, ул Полесская 12","type":"Наезд на препятствие"},"geometry":{"type":"Point","coordinates":[36.053578,52.97337]}},{"type":"Feature","id":169,"properties":{"source":"dtp","injured":1,"dead":0,"severity":1,"date":"02.06.2025","time":"21:50:00","address":"г Орёл, ул Ломоносова 6Б","type":"Наезд на пешехода"},"geometry":{"type":"Point","coordinates":[36.069714,52.981349]}},{"type":"Feature","id":170,"properties":{"source":"dtp","injured":1,"dead":0,"severity":1,"date":"01.06.2025","time":"21:10:00","address":"г Орёл, ул Гайдара 44","type":"Столкновение"},"geometry":{"type":"Point","coordinates":[36.086816,52.99865]}},{"type":"Feature","id":171,"properties":{"source":"dtp","injured":3,"dead":0,"severity":3,"date":"31.05.2025","time":"23:10:00","address":"г Орёл, ул Комсомольская 53","type":"Столкновение"},"geometry":{"type":"Point","coordinates":[36.064199,52.956459]}},{"type":"Feature","id":172,"properties":{"source":"dtp","injured":1,"dead":0,"severity":1,"date":"29.05.2025","time":"14:55:00","address":"г Орёл, ул Генерала Родина 55","type":"Столкновение"},"geometry":{"type":"Point","coordinates":[36.035264,52.970586]}},{"type":"Feature","id":173,"properties":{"source":"dtp","injured":3,"dead":0,"severity":3,"date":"28.05.2025","time":"09:00:00","address":"г Орёл, ул Пионерская 8","type":"Столкновение"},"geometry":{"type":"Point","coordinates":[36.061227,52.977524]}},{"type":"Feature","id":174,"properties":{"source":"dtp","injured":1,"dead":0,"severity":1,"date":"28.05.2025","time":"07:50:00","address":"г Орёл, ул Елецкая 50","type":"Наезд на велосипедиста"},"geometry":{"type":"Point","coordinates":[36.12383,52.977796]}},{"type":"Feature","id":175,"properties":{"source":"dtp","injured":0,"dead":1,"severity":3,"date":"28.05.2025","time":"19:38:00","address":"г Орёл, ул Московская 65","type":"Наезд на пешехода"},"geometry":{"type":"Point","coordinates":[36.089748,52.973159]}},{"type":"Feature","id":176,"properties":{"source":"dtp","injured":1,"dead":0,"severity":1,"date":"27.05.2025","time":"22:25:00","address":"г Орёл, ш Наугорское 27к3","type":"Столкновение"},"geometry":{"type":"Point","coordinates":[36.026133,52.99721]}},{"type":"Feature","id":177,"properties":{"source":"dtp","injured":1,"dead":0,"severity":1,"date":"27.05.2025","time":"13:30:00","address":"г Орёл, ул Салтыкова-Щедрина 29","type":"Столкновение"},"geometry":{"type":"Point","coordinates":[36.060294,52.970107]}},{"type":"Feature","id":178,"properties":{"source":"dtp","injured":3,"dead":0,"severity":3,"date":"24.05.2025","time":"13:00:00","address":"г Орёл, ул Пушкарная 1-я 56","type":"Столкновение"},"geometry":{"type":"Point","coordinates":[36.053406,52.961106]}},{"type":"Feature","id":179,"properties":{"source":"dtp","injured":2,"dead":0,"severity":2,"date":"23.05.2025","time":"21:50:00","address":"г Орёл, ул Раздольная 6а","type":"Столкновение"},"geometry":{"type":"Point","coordinates":[36.091,53.001414]}},{"type":"Feature","id":180,"properties":{"source":"dtp","injured":2,"dead":0,"severity":2,"date":"23.05.2025","time":"14:15:00","address":"г Орёл","type":"Наезд на пешехода"},"geometry":{"type":"Point","coordinates":[36.055841,52.949258]}},{"type":"Feature","id":181,"properties":{"source":"dtp","injured":1,"dead":0,"severity":1,"date":"23.05.2025","time":"12:50:00","address":"г Орёл, ш Московское 163А","type":"Наезд на пешехода"},"geometry":{"type":"Point","coordinates":[36.155405,53.012175]}},{"type":"Feature","id":182,"properties":{"source":"dtp","injured":1,"dead":0,"severity":1,"date":"20.05.2025","time":"16:05:00","address":"г Орёл, ул Тульская 106","type":"Наезд на препятствие"},"geometry":{"type":"Point","coordinates":[36.128808,52.975334]}},{"type":"Feature","id":183,"properties":{"source":"dtp","injured":1,"dead":0,"severity":1,"date":"20.05.2025","time":"17:00:00","address":"г Орёл","type":"Столкновение"},"geometry":{"type":"Point","coordinates":[36.029663,52.905693]}},{"type":"Feature","id":184,"properties":{"source":"dtp","injured":1,"dead":0,"severity":1,"date":"20.05.2025","time":"10:35:00","address":"г Орёл, ул Паровозная 18","type":"Отбрасывание предмета"},"geometry":{"type":"Point","coordinates":[36.118026,52.979159]}},{"type":"Feature","id":185,"properties":{"source":"dtp","injured":1,"dead":0,"severity":1,"date":"20.05.2025","time":"13:10:00","address":"г Орёл","type":"Наезд на велосипедиста"},"geometry":{"type":"Point","coordinates":[36.044523,52.984869]}},{"type":"Feature","id":186,"properties":{"source":"dtp","injured":1,"dead":0,"severity":1,"date":"19.05.2025","time":"17:10:00","address":"г Орёл, ул Поселковая 1","type":"Наезд на лицо, использующее для передвижения СИМ"},"geometry":{"type":"Point","coordinates":[36.071012,52.935151]}},{"type":"Feature","id":187,"properties":{"source":"dtp","injured":1,"dead":0,"severity":1,"date":"16.05.2025","time":"13:00:00","address":"г Орёл, ул Московская 98","type":"Наезд на стоящее ТС"},"geometry":{"type":"Point","coordinates":[36.09998,52.97684]}},{"type":"Feature","id":188,"properties":{"source":"dtp","injured":1,"dead":0,"severity":1,"date":"16.05.2025","time":"12:15:00","address":"г Орёл","type":"Наезд на пешехода"},"geometry":{"type":"Point","coordinates":[36.017454,52.928057]}},{"type":"Feature","id":189,"properties":{"source":"dtp","injured":2,"dead":0,"severity":2,"date":"16.05.2025","time":"21:40:00","address":"г Орёл, ул Алроса 1","type":"Столкновение"},"geometry":{"type":"Point","coordinates":[36.02403,52.948502]}},{"type":"Feature","id":190,"properties":{"source":"dtp","injured":1,"dead":0,"severity":1,"date":"15.05.2025","time":"08:30:00","address":"г Орёл","type":"Столкновение"},"geometry":{"type":"Point","coordinates":[36.161735,52.951818]}},{"type":"Feature","id":191,"properties":{"source":"dtp","injured":1,"dead":0,"severity":1,"date":"13.05.2025","time":"12:45:00","address":"г Орёл, ул Германо 1","type":"Столкновение"},"geometry":{"type":"Point","coordinates":[36.141672,53.000419]}},{"type":"Feature","id":192,"properties":{"source":"dtp","injured":1,"dead":0,"severity":1,"date":"12.05.2025","time":"13:30:00","address":"г Орёл","type":"Иной вид ДТП"},"geometry":{"type":"Point","coordinates":[36.119571,52.988415]}},{"type":"Feature","id":193,"properties":{"source":"dtp","injured":1,"dead":0,"severity":1,"date":"09.05.2025","time":"12:45:00","address":"г Орёл, ул Комсомольская 32","type":"Падение пассажира"},"geometry":{"type":"Point","coordinates":[36.065776,52.959594]}},{"type":"Feature","id":194,"properties":{"source":"dtp","injured":1,"dead":0,"severity":1,"date":"06.05.2025","time":"17:00:00","address":"г Орёл, ул Советская 20","type":"Столкновение"},"geometry":{"type":"Point","coordinates":[36.077063,52.970637]}},{"type":"Feature","id":195,"properties":{"source":"dtp","injured":1,"dead":0,"severity":1,"date":"06.05.2025","time":"18:45:00","address":"г Орёл, ул 5 Августа 2А","type":"Наезд на пешехода"},"geometry":{"type":"Point","coordinates":[36.08188,52.959645]}},{"type":"Feature","id":196,"properties":{"source":"dtp","injured":1,"dead":0,"severity":1,"date":"06.05.2025","time":"09:35:00","address":"г Орёл, ул Розы Люксембург 52","type":"Столкновение"},"geometry":{"type":"Point","coordinates":[36.07525,52.958547]}},{"type":"Feature","id":197,"properties":{"source":"dtp","injured":3,"dead":0,"severity":3,"date":"06.05.2025","time":"21:30:00","address":"г Орёл, ш Наугорское 90","type":"Столкновение"},"geometry":{"type":"Point","coordinates":[36.034738,52.992083]}},{"type":"Feature","id":198,"properties":{"source":"dtp","injured":1,"dead":0,"severity":1,"date":"06.05.2025","time":"10:50:00","address":"г Орёл, ул Машиностроительная 9 22","type":"Съезд с дороги"},"geometry":{"type":"Point","coordinates":[35.9859,52.916226]}},{"type":"Feature","id":199,"properties":{"source":"dtp","injured":1,"dead":0,"severity":1,"date":"06.05.2025","time":"17:30:00","address":"г Орёл","type":"Наезд на пешехода"},"geometry":{"type":"Point","coordinates":[36.063899,52.969578]}},{"type":"Feature","id":200,"properties":{"source":"dtp","injured":0,"dead":1,"severity":3,"date":"04.05.2025","time":"13:10:00","address":"г Орёл, ул Октябрьская 56","type":"Столкновение"},"geometry":{"type":"Point","coordinates":[36.068439,52.979718]}},{"type":"Feature","id":201,"properties":{"source":"dtp","injured":1,"dead":0,"severity":1,"date":"03.05.2025","time":"09:10:00","address":"г Орёл","type":"Наезд на велосипедиста"},"geometry":{"type":"Point","coordinates":[36.069767,52.942651]}},{"type":"Feature","id":202,"properties":{"source":"dtp","injured":3,"dead":0,"severity":3,"date":"02.05.2025","time":"15:30:00","address":"г Орёл","type":"Столкновение"},"geometry":{"type":"Point","coordinates":[36.171906,53.023212]}},{"type":"Feature","id":203,"properties":{"source":"dtp","injured":2,"dead":0,"severity":2,"date":"01.05.2025","time":"14:00:00","address":"г Орёл, ул Октябрьская 50","type":"Столкновение"},"geometry":{"type":"Point","coordinates":[36.066699,52.978216]}},{"type":"Feature","id":204,"properties":{"source":"dtp","injured":3,"dead":0,"severity":3,"date":"01.05.2025","time":"16:10:00","address":"г Орёл, ш Карачевское 81","type":"Столкновение"},"geometry":{"type":"Point","coordinates":[36.023501,52.947033]}},{"type":"Feature","id":205,"properties":{"source":"dtp","injured":1,"dead":0,"severity":1,"date":"26.04.2025","time":"08:15:00","address":"г Орёл","type":"Наезд на пешехода"},"geometry":{"type":"Point","coordinates":[36.140567,53.012621]}},{"type":"Feature","id":206,"properties":{"source":"dtp","injured":0,"dead":1,"severity":3,"date":"24.04.2025","time":"21:55:00","address":"г Орёл, ул Орджоникидзе 3","type":"Наезд на пешехода"},"geometry":{"type":"Point","coordinates":[36.107426,52.9787]}},{"type":"Feature","id":207,"properties":{"source":"dtp","injured":1,"dead":0,"severity":1,"date":"20.04.2025","time":"02:20:00","address":"г Орёл, ул Пушкина 20","type":"Наезд на пешехода"},"geometry":{"type":"Point","coordinates":[36.079928,52.967135]}},{"type":"Feature","id":208,"properties":{"source":"dtp","injured":1,"dead":0,"severity":1,"date":"19.04.2025","time":"09:20:00","address":"г Орёл, ул Емлютина 3","type":"Столкновение"},"geometry":{"type":"Point","coordinates":[36.01239,52.949886]}},{"type":"Feature","id":209,"properties":{"source":"dtp","injured":1,"dead":0,"severity":1,"date":"18.04.2025","time":"21:05:00","address":"г Орёл, ул Андрианова 2","type":"Наезд на лицо, использующее для передвижения СИМ"},"geometry":{"type":"Point","coordinates":[36.074713,52.987336]}},{"type":"Feature","id":210,"properties":{"source":"dtp","injured":0,"dead":1,"severity":3,"date":"16.04.2025","time":"23:20:00","address":"г Орёл","type":"Наезд на пешехода"},"geometry":{"type":"Point","coordinates":[36.029255,52.905576]}},{"type":"Feature","id":211,"properties":{"source":"dtp","injured":4,"dead":0,"severity":4,"date":"15.04.2025","time":"20:20:00","address":"г Орёл, ул Лескова 15а","type":"Столкновение"},"geometry":{"type":"Point","coordinates":[36.053449,52.976523]}},{"type":"Feature","id":212,"properties":{"source":"dtp","injured":3,"dead":0,"severity":3,"date":"15.04.2025","time":"17:45:00","address":"г Орёл, ул Радужная 15","type":"Наезд на пешехода"},"geometry":{"type":"Point","coordinates":[36.080164,52.944423]}},{"type":"Feature","id":213,"properties":{"source":"dtp","injured":2,"dead":0,"severity":2,"date":"15.04.2025","time":"21:00:00","address":"г Орёл, ул Комсомольская 251","type":"Столкновение"},"geometry":{"type":"Point","coordinates":[36.038302,52.934964]}},{"type":"Feature","id":214,"properties":{"source":"dtp","injured":1,"dead":0,"severity":1,"date":"14.04.2025","time":"08:55:00","address":"г Орёл, ул Карачевская 63","type":"Столкновение"},"geometry":{"type":"Point","coordinates":[36.056861,52.954585]}},{"type":"Feature","id":215,"properties":{"source":"dtp","injured":1,"dead":0,"severity":1,"date":"11.04.2025","time":"00:55:00","address":"г Орёл","type":"Съезд с дороги"},"geometry":{"type":"Point","coordinates":[36.127081,52.950894]}},{"type":"Feature","id":216,"properties":{"source":"dtp","injured":4,"dead":0,"severity":4,"date":"08.04.2025","time":"19:35:00","address":"г Орёл, ул Раздольная 10","type":"Столкновение"},"geometry":{"type":"Point","coordinates":[36.099792,53.001553]}},{"type":"Feature","id":217,"properties":{"source":"dtp","injured":1,"dead":0,"severity":1,"date":"06.04.2025","time":"20:50:00","address":"г Орёл, ул Кромская 3","type":"Наезд на пешехода"},"geometry":{"type":"Point","coordinates":[36.021136,52.925872]}},{"type":"Feature","id":218,"properties":{"source":"dtp","injured":1,"dead":0,"severity":1,"date":"05.04.2025","time":"09:45:00","address":"г Орёл, ул Березовая 12","type":"Столкновение"},"geometry":{"type":"Point","coordinates":[36.140363,52.979818]}},{"type":"Feature","id":219,"properties":{"source":"dtp","injured":2,"dead":0,"severity":2,"date":"04.04.2025","time":"15:20:00","address":"г Орёл, ул Московская 42","type":"Наезд на пешехода"},"geometry":{"type":"Point","coordinates":[36.091386,52.973719]}},{"type":"Feature","id":220,"properties":{"source":"dtp","injured":1,"dead":0,"severity":1,"date":"03.04.2025","time":"21:15:00","address":"г Орёл","type":"Наезд на пешехода"},"geometry":{"type":"Point","coordinates":[36.131126,53.008799]}},{"type":"Feature","id":221,"properties":{"source":"dtp","injured":3,"dead":0,"severity":3,"date":"29.03.2025","time":"16:40:00","address":"г Орёл, ш Карачевское 104","type":"Столкновение"},"geometry":{"type":"Point","coordinates":[36.012787,52.947532]}},{"type":"Feature","id":222,"properties":{"source":"dtp","injured":1,"dead":0,"severity":1,"date":"29.03.2025","time":"16:45:00","address":"г Орёл, ул Спивака 78","type":"Столкновение"},"geometry":{"type":"Point","coordinates":[36.032377,52.940473]}},{"type":"Feature","id":223,"properties":{"source":"dtp","injured":1,"dead":0,"severity":1,"date":"27.03.2025","time":"13:00:00","address":"г Орёл","type":"Наезд на пешехода"},"geometry":{"type":"Point","coordinates":[36.057032,52.970697]}},{"type":"Feature","id":224,"properties":{"source":"dtp","injured":3,"dead":0,"severity":3,"date":"26.03.2025","time":"11:40:00","address":"г Орёл, ул Комсомольская 189","type":"Столкновение"},"geometry":{"type":"Point","coordinates":[36.054801,52.944694]}},{"type":"Feature","id":225,"properties":{"source":"dtp","injured":4,"dead":0,"severity":4,"date":"24.03.2025","time":"19:55:00","address":"г Орёл, ул Алроса 1","type":"Столкновение"},"geometry":{"type":"Point","coordinates":[36.024851,52.949483]}},{"type":"Feature","id":226,"properties":{"source":"dtp","injured":1,"dead":0,"severity":1,"date":"21.03.2025","time":"21:35:00","address":"г Орёл, ул Московская 68","type":"Столкновение"},"geometry":{"type":"Point","coordinates":[36.096246,52.975508]}},{"type":"Feature","id":227,"properties":{"source":"dtp","injured":1,"dead":0,"severity":1,"date":"20.03.2025","time":"10:00:00","address":"г Орёл, ул Московская 108","type":"Наезд на пешехода"},"geometry":{"type":"Point","coordinates":[36.103224,52.978278]}},{"type":"Feature","id":228,"properties":{"source":"dtp","injured":2,"dead":0,"severity":2,"date":"19.03.2025","time":"07:34:00","address":"г Орёл, ул Михалицына 8","type":"Столкновение"},"geometry":{"type":"Point","coordinates":[36.115375,52.992678]}},{"type":"Feature","id":229,"properties":{"source":"dtp","injured":1,"dead":0,"severity":1,"date":"16.03.2025","time":"19:52:00","address":"г Орёл, ул Комсомольская 127","type":"Столкновение"},"geometry":{"type":"Point","coordinates":[36.060526,52.948973]}},{"type":"Feature","id":230,"properties":{"source":"dtp","injured":1,"dead":0,"severity":1,"date":"13.03.2025","time":"13:40:00","address":"г Орёл, ул Лазурная 7","type":"Наезд на пешехода"},"geometry":{"type":"Point","coordinates":[36.047926,52.974973]}},{"type":"Feature","id":231,"properties":{"source":"dtp","injured":1,"dead":0,"severity":1,"date":"08.03.2025","time":"10:20:00","address":"г Орёл, ул Веселая 2а","type":"Наезд на пешехода"},"geometry":{"type":"Point","coordinates":[36.041229,52.971813]}},{"type":"Feature","id":232,"properties":{"source":"dtp","injured":1,"dead":0,"severity":1,"date":"07.03.2025","time":"22:15:00","address":"г Орёл, ш Московское 142","type":"Падение пассажира"},"geometry":{"type":"Point","coordinates":[36.146554,53.00592]}},{"type":"Feature","id":233,"properties":{"source":"dtp","injured":1,"dead":0,"severity":1,"date":"06.03.2025","time":"19:40:00","address":"г Орёл, ул Авиационная 6","type":"Столкновение"},"geometry":{"type":"Point","coordinates":[36.03462,52.937233]}},{"type":"Feature","id":234,"properties":{"source":"dtp","injured":1,"dead":0,"severity":1,"date":"05.03.2025","time":"11:10:00","address":"г Орёл, ш Кромское 3","type":"Наезд на пешехода"},"geometry":{"type":"Point","coordinates":[36.019578,52.923768]}},{"type":"Feature","id":235,"properties":{"source":"dtp","injured":1,"dead":0,"severity":1,"date":"05.03.2025","time":"19:10:00","address":"г Орёл, ул Генерала Родина 50","type":"Наезд на пешехода"},"geometry":{"type":"Point","coordinates":[36.035542,52.972395]}},{"type":"Feature","id":236,"properties":{"source":"dtp","injured":1,"dead":0,"severity":1,"date":"04.03.2025","time":"23:20:00","address":"г Орёл, ул 60-летия Октября 14","type":"Наезд на пешехода"},"geometry":{"type":"Point","coordinates":[36.075754,52.979411]}},{"type":"Feature","id":237,"properties":{"source":"dtp","injured":1,"dead":0,"severity":1,"date":"03.03.2025","time":"22:15:00","address":"г Орёл, ул Комсомольская 187","type":"Столкновение"},"geometry":{"type":"Point","coordinates":[36.054817,52.944717]}},{"type":"Feature","id":238,"properties":{"source":"dtp","injured":2,"dead":0,"severity":2,"date":"01.03.2025","time":"18:30:00","address":"г Орёл, ул Максима Горького 100","type":"Наезд на пешехода"},"geometry":{"type":"Point","coordinates":[36.081253,52.984517]}},{"type":"Feature","id":239,"properties":{"source":"dtp","injured":1,"dead":0,"severity":1,"date":"28.02.2025","time":"13:00:00","address":"г Орёл, ул Генерала Родина 69","type":"Столкновение"},"geometry":{"type":"Point","coordinates":[36.036358,52.977977]}},{"type":"Feature","id":240,"properties":{"source":"dtp","injured":2,"dead":0,"severity":2,"date":"27.02.2025","time":"16:20:00","address":"г Орёл, ул Городская 49а","type":"Столкновение"},"geometry":{"type":"Point","coordinates":[36.075711,52.945852]}},{"type":"Feature","id":241,"properties":{"source":"dtp","injured":1,"dead":0,"severity":1,"date":"26.02.2025","time":"20:25:00","address":"г Орёл, пер Артельный 10","type":"Наезд на стоящее ТС"},"geometry":{"type":"Point","coordinates":[36.112125,52.991579]}},{"type":"Feature","id":242,"properties":{"source":"dtp","injured":1,"dead":0,"severity":1,"date":"24.02.2025","time":"10:00:00","address":"г Орёл, ул Раздольная 27","type":"Столкновение"},"geometry":{"type":"Point","coordinates":[36.112511,53.003996]}},{"type":"Feature","id":243,"properties":{"source":"dtp","injured":2,"dead":0,"severity":2,"date":"24.02.2025","time":"15:20:00","address":"г Орёл, ул Салтыкова-Щедрина 29","type":"Столкновение"},"geometry":{"type":"Point","coordinates":[36.060305,52.970082]}},{"type":"Feature","id":244,"properties":{"source":"dtp","injured":1,"dead":0,"severity":1,"date":"24.02.2025","time":"09:00:00","address":"г Орёл, ул МОПРа 42","type":"Столкновение"},"geometry":{"type":"Point","coordinates":[36.053052,52.950429]}},{"type":"Feature","id":245,"properties":{"source":"dtp","injured":3,"dead":0,"severity":3,"date":"24.02.2025","time":"15:00:00","address":"г Орёл, ш Московское 175","type":"Столкновение"},"geometry":{"type":"Point","coordinates":[36.160263,53.015326]}},{"type":"Feature","id":246,"properties":{"source":"dtp","injured":5,"dead":0,"severity":5,"date":"21.02.2025","time":"18:30:00","address":"г Орёл, ш Московское 56","type":"Столкновение"},"geometry":{"type":"Point","coordinates":[36.123101,52.98992]}},{"type":"Feature","id":247,"properties":{"source":"dtp","injured":1,"dead":0,"severity":1,"date":"20.02.2025","time":"10:05:00","address":"г Орёл, ул Салтыкова-Щедрина 34","type":"Столкновение"},"geometry":{"type":"Point","coordinates":[36.065304,52.973771]}},{"type":"Feature","id":248,"properties":{"source":"dtp","injured":1,"dead":0,"severity":1,"date":"20.02.2025","time":"17:50:00","address":"г Орёл, ул Колхозная 72","type":"Столкновение"},"geometry":{"type":"Point","coordinates":[36.040274,52.958088]}},{"type":"Feature","id":249,"properties":{"source":"dtp","injured":1,"dead":0,"severity":1,"date":"18.02.2025","time":"13:20:00","address":"г Орёл, ул Правый Берег реки Орлик 26","type":"Столкновение"},"geometry":{"type":"Point","coordinates":[36.065712,52.963504]}},{"type":"Feature","id":250,"properties":{"source":"dtp","injured":2,"dead":0,"severity":2,"date":"18.02.2025","time":"13:25:00","address":"г Орёл, ул Мостовая 2а","type":"Столкновение"},"geometry":{"type":"Point","coordinates":[36.031991,52.958146]}},{"type":"Feature","id":251,"properties":{"source":"dtp","injured":1,"dead":0,"severity":1,"date":"18.02.2025","time":"15:20:00","address":"г Орёл, ул Раздольная 35","type":"Столкновение"},"geometry":{"type":"Point","coordinates":[36.125772,53.010336]}},{"type":"Feature","id":252,"properties":{"source":"dtp","injured":1,"dead":0,"severity":1,"date":"17.02.2025","time":"09:35:00","address":"г Орёл, ул Карачевская 73","type":"Наезд на пешехода"},"geometry":{"type":"Point","coordinates":[36.055391,52.953337]}},{"type":"Feature","id":253,"properties":{"source":"dtp","injured":1,"dead":0,"severity":1,"date":"15.02.2025","time":"02:15:00","address":"г Орёл, ул Комсомольская 90","type":"Наезд на препятствие"},"geometry":{"type":"Point","coordinates":[36.061957,52.952342]}},{"type":"Feature","id":254,"properties":{"source":"dtp","injured":2,"dead":0,"severity":2,"date":"14.02.2025","time":"22:25:00","address":"г Орёл, ш Кромское 4","type":"Столкновение"},"geometry":{"type":"Point","coordinates":[36.01387,52.921252]}},{"type":"Feature","id":255,"properties":{"source":"dtp","injured":1,"dead":0,"severity":1,"date":"14.02.2025","time":"20:30:00","address":"г Орёл, ул Московская 44","type":"Наезд на пешехода"},"geometry":{"type":"Point","coordinates":[36.092384,52.974171]}},{"type":"Feature","id":256,"properties":{"source":"dtp","injured":1,"dead":0,"severity":1,"date":"13.02.2025","time":"02:00:00","address":"г Орёл","type":"Съезд с дороги"},"geometry":{"type":"Point","coordinates":[36.154375,52.952284]}},{"type":"Feature","id":257,"properties":{"source":"dtp","injured":1,"dead":0,"severity":1,"date":"10.02.2025","time":"15:25:00","address":"г Орёл, ш Московское 1","type":"Наезд на препятствие"},"geometry":{"type":"Point","coordinates":[36.110891,52.98483]}},{"type":"Feature","id":258,"properties":{"source":"dtp","injured":1,"dead":0,"severity":1,"date":"08.02.2025","time":"00:45:00","address":"г Орёл, ул Гостиная 6а","type":"Наезд на препятствие"},"geometry":{"type":"Point","coordinates":[36.06554,52.963439]}},{"type":"Feature","id":259,"properties":{"source":"dtp","injured":1,"dead":0,"severity":1,"date":"07.02.2025","time":"17:05:00","address":"г Орёл, ул Высоковольтная 1","type":"Наезд на пешехода"},"geometry":{"type":"Point","coordinates":[36.005684,52.915967]}},{"type":"Feature","id":260,"properties":{"source":"dtp","injured":1,"dead":0,"severity":1,"date":"07.02.2025","time":"16:35:00","address":"г Орёл, ул Максима Горького 45","type":"Наезд на пешехода"},"geometry":{"type":"Point","coordinates":[36.068405,52.973913]}},{"type":"Feature","id":261,"properties":{"source":"dtp","injured":1,"dead":0,"severity":1,"date":"06.02.2025","time":"07:25:00","address":"г Орёл, ул Салтыкова-Щедрина 37А","type":"Столкновение"},"geometry":{"type":"Point","coordinates":[36.065315,52.973771]}},{"type":"Feature","id":262,"properties":{"source":"dtp","injured":2,"dead":0,"severity":2,"date":"05.02.2025","time":"21:40:00","address":"г Орёл, ул Октябрьская 122","type":"Наезд на препятствие"},"geometry":{"type":"Point","coordinates":[36.072981,52.985395]}},{"type":"Feature","id":263,"properties":{"source":"dtp","injured":1,"dead":0,"severity":1,"date":"05.02.2025","time":"21:40:00","address":"г Орёл, ш Московское 46","type":"Наезд на пешехода"},"geometry":{"type":"Point","coordinates":[36.120495,52.988172]}},{"type":"Feature","id":264,"properties":{"source":"dtp","injured":1,"dead":0,"severity":1,"date":"03.02.2025","time":"20:50:00","address":"г Орёл, ул Мостовая 2","type":"Столкновение"},"geometry":{"type":"Point","coordinates":[36.031905,52.95814]}},{"type":"Feature","id":265,"properties":{"source":"dtp","injured":2,"dead":0,"severity":2,"date":"03.02.2025","time":"02:45:00","address":"г Орёл, ш Московское 162 Б","type":"Наезд на препятствие"},"geometry":{"type":"Point","coordinates":[36.150396,53.00865]}},{"type":"Feature","id":266,"properties":{"source":"dtp","injured":1,"dead":0,"severity":1,"date":"02.02.2025","time":"18:10:00","address":"г Орёл, ул Городская 105","type":"Столкновение"},"geometry":{"type":"Point","coordinates":[36.068512,52.939613]}},{"type":"Feature","id":267,"properties":{"source":"dtp","injured":1,"dead":0,"severity":1,"date":"27.01.2025","time":"17:18:00","address":"г Орёл, ш Московское 60","type":"Наезд на пешехода"},"geometry":{"type":"Point","coordinates":[36.125139,52.991457]}},{"type":"Feature","id":268,"properties":{"source":"dtp","injured":1,"dead":0,"severity":1,"date":"26.01.2025","time":"18:20:00","address":"г Орёл, ул Михалицына 37","type":"Столкновение"},"geometry":{"type":"Point","coordinates":[36.115354,52.99269]}},{"type":"Feature","id":269,"properties":{"source":"dtp","injured":1,"dead":0,"severity":1,"date":"23.01.2025","time":"15:45:00","address":"г Орёл, ул Чкалова 24","type":"Столкновение"},"geometry":{"type":"Point","coordinates":[36.132,52.978193]}},{"type":"Feature","id":270,"properties":{"source":"dtp","injured":3,"dead":0,"severity":3,"date":"18.01.2025","time":"17:50:00","address":"г Орёл, ул Мостовая 45","type":"Столкновение"},"geometry":{"type":"Point","coordinates":[36.029266,52.953977]}},{"type":"Feature","id":271,"properties":{"source":"dtp","injured":1,"dead":0,"severity":1,"date":"16.01.2025","time":"10:20:00","address":"г Орёл, ул Пионерская 10","type":"Столкновение"},"geometry":{"type":"Point","coordinates":[36.05935,52.976717]}},{"type":"Feature","id":272,"properties":{"source":"dtp","injured":2,"dead":0,"severity":2,"date":"15.01.2025","time":"00:10:00","address":"г Орёл, ул Октябрьская 136","type":"Столкновение"},"geometry":{"type":"Point","coordinates":[36.076012,52.989681]}},{"type":"Feature","id":273,"properties":{"source":"dtp","injured":1,"dead":0,"severity":1,"date":"14.01.2025","time":"07:50:00","address":"г Орёл, ул Комсомольская 239","type":"Наезд на пешехода"},"geometry":{"type":"Point","coordinates":[36.04478,52.938623]}},{"type":"Feature","id":274,"properties":{"source":"dtp","injured":1,"dead":0,"severity":1,"date":"12.01.2025","time":"07:35:00","address":"г Орёл, ул Комсомольская 235Б","type":"Наезд на пешехода"},"geometry":{"type":"Point","coordinates":[36.047409,52.939923]}},{"type":"Feature","id":275,"properties":{"source":"dtp","injured":1,"dead":0,"severity":1,"date":"10.01.2025","time":"07:52:00","address":"г Орёл","type":"Наезд на пешехода"},"geometry":{"type":"Point","coordinates":[36.142402,53.014196]}},{"type":"Feature","id":276,"properties":{"source":"dtp","injured":2,"dead":0,"severity":2,"date":"08.01.2025","time":"15:20:00","address":"г Орёл","type":"Столкновение"},"geometry":{"type":"Point","coordinates":[36.148163,52.951573]}},{"type":"Feature","id":277,"properties":{"source":"dtp","injured":1,"dead":0,"severity":1,"date":"06.01.2025","time":"14:00:00","address":"г Орёл, ул Матвеева 7","type":"Наезд на пешехода"},"geometry":{"type":"Point","coordinates":[36.06104,52.985027]}},{"type":"Feature","id":278,"properties":{"source":"dtp","injured":3,"dead":0,"severity":3,"date":"02.01.2025","time":"18:25:00","address":"г Орёл, ул Раздольная 27","type":"Столкновение"},"geometry":{"type":"Point","coordinates":[36.112468,53.003958]}},{"type":"Feature","id":279,"properties":{"source":"dtp","injured":1,"dead":0,"severity":1,"date":"30.12.2024","time":"10:10:00","address":"г Орёл, ул Московская 112","type":"Столкновение"},"geometry":{"type":"Point","coordinates":[36.104754,52.979385]}},{"type":"Feature","id":280,"properties":{"source":"dtp","injured":1,"dead":0,"severity":1,"date":"30.12.2024","time":"13:30:00","address":"г Орёл, ш Кромское 4","type":"Столкновение"},"geometry":{"type":"Point","coordinates":[36.013849,52.921252]}},{"type":"Feature","id":281,"properties":{"source":"dtp","injured":1,"dead":0,"severity":1,"date":"29.12.2024","time":"19:15:00","address":"г Орёл, ш Наугорское 88","type":"Наезд на пешехода"},"geometry":{"type":"Point","coordinates":[36.035553,52.991224]}},{"type":"Feature","id":282,"properties":{"source":"dtp","injured":2,"dead":0,"severity":2,"date":"29.12.2024","time":"14:45:00","address":"г Орёл, ш Карачевское 74","type":"Столкновение"},"geometry":{"type":"Point","coordinates":[36.032796,52.946569]}},{"type":"Feature","id":283,"properties":{"source":"dtp","injured":1,"dead":0,"severity":1,"date":"28.12.2024","time":"18:45:00","address":"г Орёл, ул Октябрьская 205","type":"Столкновение"},"geometry":{"type":"Point","coordinates":[36.07599,52.9895]}},{"type":"Feature","id":284,"properties":{"source":"dtp","injured":1,"dead":0,"severity":1,"date":"28.12.2024","time":"18:53:00","address":"г Орёл, ш Московское 16А","type":"Столкновение"},"geometry":{"type":"Point","coordinates":[36.114432,52.985883]}},{"type":"Feature","id":285,"properties":{"source":"dtp","injured":1,"dead":0,"severity":1,"date":"27.12.2024","time":"19:45:00","address":"г Орёл, ул Октябрьская 136","type":"Наезд на пешехода"},"geometry":{"type":"Point","coordinates":[36.075969,52.989616]}},{"type":"Feature","id":286,"properties":{"source":"dtp","injured":1,"dead":0,"severity":1,"date":"27.12.2024","time":"09:25:00","address":"г Орёл","type":"Иной вид ДТП"},"geometry":{"type":"Point","coordinates":[36.04021,52.93616]}},{"type":"Feature","id":287,"properties":{"source":"dtp","injured":2,"dead":0,"severity":2,"date":"27.12.2024","time":"13:10:00","address":"г Орёл, ул Рощинская 19","type":"Столкновение"},"geometry":{"type":"Point","coordinates":[36.147316,53.017546]}},{"type":"Feature","id":288,"properties":{"source":"dtp","injured":1,"dead":0,"severity":1,"date":"27.12.2024","time":"07:25:00","address":"г Орёл, ул Пушкарная 1-я 89","type":"Наезд на пешехода"},"geometry":{"type":"Point","coordinates":[36.041417,52.957309]}},{"type":"Feature","id":289,"properties":{"source":"dtp","injured":3,"dead":0,"severity":3,"date":"26.12.2024","time":"22:15:00","address":"г Орёл, пер Михаило-Архангельский 20","type":"Столкновение"},"geometry":{"type":"Point","coordinates":[36.063792,52.962676]}},{"type":"Feature","id":290,"properties":{"source":"dtp","injured":0,"dead":1,"severity":3,"date":"24.12.2024","time":"21:45:00","address":"г Орёл, ул Часовая 37","type":"Наезд на пешехода"},"geometry":{"type":"Point","coordinates":[36.030344,52.968424]}},{"type":"Feature","id":291,"properties":{"source":"dtp","injured":1,"dead":0,"severity":1,"date":"24.12.2024","time":"09:10:00","address":"г Орёл, ул Лескова 22","type":"Наезд на пешехода"},"geometry":{"type":"Point","coordinates":[36.059795,52.980919]}},{"type":"Feature","id":292,"properties":{"source":"dtp","injured":1,"dead":0,"severity":1,"date":"23.12.2024","time":"12:55:00","address":"г Орёл, ул Советская 51","type":"Наезд на пешехода"},"geometry":{"type":"Point","coordinates":[36.079107,52.971422]}},{"type":"Feature","id":293,"properties":{"source":"dtp","injured":1,"dead":0,"severity":1,"date":"20.12.2024","time":"18:00:00","address":"г Орёл, ул Зеленина 6","type":"Наезд на пешехода"},"geometry":{"type":"Point","coordinates":[36.016617,52.953421]}},{"type":"Feature","id":294,"properties":{"source":"dtp","injured":1,"dead":0,"severity":1,"date":"19.12.2024","time":"17:00:00","address":"г Орёл, ул Металлургов 46","type":"Наезд на пешехода"},"geometry":{"type":"Point","coordinates":[36.138201,53.015826]}},{"type":"Feature","id":295,"properties":{"source":"dtp","injured":1,"dead":0,"severity":1,"date":"19.12.2024","time":"07:05:00","address":"г Орёл, ш Наугорское 52","type":"Наезд на пешехода"},"geometry":{"type":"Point","coordinates":[36.044346,52.985607]}},{"type":"Feature","id":296,"properties":{"source":"dtp","injured":1,"dead":0,"severity":1,"date":"18.12.2024","time":"11:05:00","address":"г Орёл, ул Серпуховская 111","type":"Столкновение"},"geometry":{"type":"Point","coordinates":[36.130267,52.976419]}},{"type":"Feature","id":297,"properties":{"source":"dtp","injured":1,"dead":0,"severity":1,"date":"17.12.2024","time":"19:45:00","address":"г Орёл, ул Комсомольская 235б","type":"Наезд на пешехода"},"geometry":{"type":"Point","coordinates":[36.04743,52.939936]}},{"type":"Feature","id":298,"properties":{"source":"dtp","injured":1,"dead":0,"severity":1,"date":"16.12.2024","time":"19:10:00","address":"г Орёл, ул Раздольная 27","type":"Столкновение"},"geometry":{"type":"Point","coordinates":[36.112468,53.00399]}},{"type":"Feature","id":299,"properties":{"source":"dtp","injured":1,"dead":0,"severity":1,"date":"16.12.2024","time":"15:50:00","address":"г Орёл, ул 5 Августа 4","type":"Столкновение"},"geometry":{"type":"Point","coordinates":[36.082492,52.959775]}},{"type":"Feature","id":300,"properties":{"source":"dtp","injured":1,"dead":0,"severity":1,"date":"16.12.2024","time":"07:05:00","address":"г Орёл, ул Игнатова 17А","type":"Наезд на пешехода"},"geometry":{"type":"Point","coordinates":[36.069704,52.990261]}},{"type":"Feature","id":301,"properties":{"source":"dtp","injured":1,"dead":0,"severity":1,"date":"14.12.2024","time":"20:15:00","address":"г Орёл, ул Паровозная 64","type":"Наезд на пешехода"},"geometry":{"type":"Point","coordinates":[36.124141,52.971264]}},{"type":"Feature","id":302,"properties":{"source":"dtp","injured":1,"dead":0,"severity":1,"date":"12.12.2024","time":"11:30:00","address":"г Орёл, ул Комсомольская 127","type":"Столкновение"},"geometry":{"type":"Point","coordinates":[36.060485,52.949056]}},{"type":"Feature","id":303,"properties":{"source":"dtp","injured":1,"dead":0,"severity":1,"date":"11.12.2024","time":"21:41:00","address":"г Орёл, ул Тульская 87","type":"Столкновение"},"geometry":{"type":"Point","coordinates":[36.130525,52.973461]}},{"type":"Feature","id":304,"properties":{"source":"dtp","injured":2,"dead":0,"severity":2,"date":"11.12.2024","time":"17:40:00","address":"г Орёл, ул 7 Ноября 41","type":"Наезд на пешехода"},"geometry":{"type":"Point","coordinates":[36.058524,52.966547]}},{"type":"Feature","id":305,"properties":{"source":"dtp","injured":1,"dead":0,"severity":1,"date":"05.12.2024","time":"18:30:00","address":"г Орёл, ул Русанова 43","type":"Наезд на пешехода"},"geometry":{"type":"Point","coordinates":[36.086542,52.962932]}},{"type":"Feature","id":306,"properties":{"source":"dtp","injured":1,"dead":0,"severity":1,"date":"05.12.2024","time":"18:10:00","address":"г Орёл, ул Раздольная 27а","type":"Наезд на пешехода"},"geometry":{"type":"Point","coordinates":[36.113219,53.004261]}},{"type":"Feature","id":307,"properties":{"source":"dtp","injured":1,"dead":0,"severity":1,"date":"02.12.2024","time":"18:25:00","address":"г Орёл, ул Октябрьская 60","type":"Столкновение"},"geometry":{"type":"Point","coordinates":[36.069617,52.980948]}},{"type":"Feature","id":308,"properties":{"source":"dtp","injured":1,"dead":0,"severity":1,"date":"02.12.2024","time":"07:40:00","address":"г Орёл, ул Комсомольская 231","type":"Столкновение"},"geometry":{"type":"Point","coordinates":[36.049147,52.940983]}},{"type":"Feature","id":309,"properties":{"source":"dtp","injured":1,"dead":0,"severity":1,"date":"01.12.2024","time":"19:50:00","address":"г Орёл, ул Ломоносова 6 Б","type":"Наезд на пешехода"},"geometry":{"type":"Point","coordinates":[36.069628,52.981387]}},{"type":"Feature","id":310,"properties":{"source":"dtp","injured":2,"dead":0,"severity":2,"date":"30.11.2024","time":"18:10:00","address":"г Орёл, ул 5 Августа 4","type":"Столкновение"},"geometry":{"type":"Point","coordinates":[36.08247,52.959762]}},{"type":"Feature","id":311,"properties":{"source":"dtp","injured":1,"dead":0,"severity":1,"date":"30.11.2024","time":"12:20:00","address":"г Орёл, ш Наугорское 90","type":"Столкновение"},"geometry":{"type":"Point","coordinates":[36.034727,52.992048]}},{"type":"Feature","id":312,"properties":{"source":"dtp","injured":2,"dead":0,"severity":2,"date":"29.11.2024","time":"18:55:00","address":"г Орёл, ул Генерала Родина 5","type":"Столкновение"},"geometry":{"type":"Point","coordinates":[36.033751,52.963025]}},{"type":"Feature","id":313,"properties":{"source":"dtp","injured":0,"dead":1,"severity":3,"date":"28.11.2024","time":"19:25:00","address":"г Орёл, ш Московское 126д","type":"Наезд на велосипедиста"},"geometry":{"type":"Point","coordinates":[36.142112,53.003009]}},{"type":"Feature","id":314,"properties":{"source":"dtp","injured":1,"dead":0,"severity":1,"date":"28.11.2024","time":"17:22:00","address":"г Орёл, ш Кромское 29","type":"Наезд на пешехода"},"geometry":{"type":"Point","coordinates":[36.006424,52.916989]}},{"type":"Feature","id":315,"properties":{"source":"dtp","injured":1,"dead":0,"severity":1,"date":"22.11.2024","time":"08:05:00","address":"г Орёл, ул Колхозная 55","type":"Наезд на пешехода"},"geometry":{"type":"Point","coordinates":[36.042999,52.956046]}},{"type":"Feature","id":316,"properties":{"source":"dtp","injured":1,"dead":0,"severity":1,"date":"21.11.2024","time":"20:00:00","address":"г Орёл, ул Рощинская 12","type":"Наезд на пешехода"},"geometry":{"type":"Point","coordinates":[36.147793,53.01711]}},{"type":"Feature","id":317,"properties":{"source":"dtp","injured":1,"dead":0,"severity":1,"date":"19.11.2024","time":"11:30:00","address":"г Орёл, ш Наугорское 42","type":"Наезд на пешехода"},"geometry":{"type":"Point","coordinates":[36.048444,52.981849]}},{"type":"Feature","id":318,"properties":{"source":"dtp","injured":1,"dead":0,"severity":1,"date":"18.11.2024","time":"18:10:00","address":"г Орёл, ш Московское 163А","type":"Столкновение"},"geometry":{"type":"Point","coordinates":[36.155416,53.012169]}},{"type":"Feature","id":320,"properties":{"source":"dtp","injured":1,"dead":0,"severity":1,"date":"16.11.2024","time":"17:20:00","address":"г Орёл, ул Октябрьская 62","type":"Столкновение"},"geometry":{"type":"Point","coordinates":[36.069832,52.981458]}},{"type":"Feature","id":321,"properties":{"source":"dtp","injured":1,"dead":0,"severity":1,"date":"14.11.2024","time":"17:50:00","address":"г Орёл","type":"Наезд на пешехода"},"geometry":{"type":"Point","coordinates":[36.02807,52.929644]}},{"type":"Feature","id":322,"properties":{"source":"dtp","injured":1,"dead":0,"severity":1,"date":"13.11.2024","time":"15:23:00","address":"г Орёл, ул Московская 175","type":"Столкновение"},"geometry":{"type":"Point","coordinates":[36.107061,52.981969]}},{"type":"Feature","id":323,"properties":{"source":"dtp","injured":0,"dead":1,"severity":3,"date":"13.11.2024","time":"20:40:00","address":"г Орёл, ул Максима Горького 84","type":"Наезд на пешехода"},"geometry":{"type":"Point","coordinates":[36.08018,52.982992]}},{"type":"Feature","id":324,"properties":{"source":"dtp","injured":2,"dead":0,"severity":2,"date":"12.11.2024","time":"03:00:00","address":"г Орёл, ул Игнатова 29","type":"Наезд на препятствие"},"geometry":{"type":"Point","coordinates":[36.064703,52.990004]}},{"type":"Feature","id":325,"properties":{"source":"dtp","injured":1,"dead":0,"severity":1,"date":"11.11.2024","time":"17:45:00","address":"г Орёл","type":"Наезд на пешехода"},"geometry":{"type":"Point","coordinates":[36.027769,52.929412]}},{"type":"Feature","id":326,"properties":{"source":"dtp","injured":1,"dead":0,"severity":1,"date":"09.11.2024","time":"19:50:00","address":"г Орёл, ш Московское 56","type":"Столкновение"},"geometry":{"type":"Point","coordinates":[36.125206,52.991491]}},{"type":"Feature","id":327,"properties":{"source":"dtp","injured":1,"dead":0,"severity":1,"date":"07.11.2024","time":"17:10:00","address":"г Орёл, ул Матвеева 8","type":"Наезд на пешехода"},"geometry":{"type":"Point","coordinates":[36.061076,52.985354]}},{"type":"Feature","id":328,"properties":{"source":"dtp","injured":4,"dead":0,"severity":4,"date":"07.11.2024","time":"08:40:00","address":"г Орёл, ул Лескова 13","type":"Столкновение"},"geometry":{"type":"Point","coordinates":[36.050885,52.974643]}},{"type":"Feature","id":329,"properties":{"source":"dtp","injured":1,"dead":0,"severity":1,"date":"05.11.2024","time":"18:50:00","address":"г Орёл, ул Спивака 74д","type":"Наезд на пешехода"},"geometry":{"type":"Point","coordinates":[36.031685,52.94504]}},{"type":"Feature","id":330,"properties":{"source":"dtp","injured":1,"dead":0,"severity":1,"date":"04.11.2024","time":"18:00:00","address":"г Орёл, ул Советская 30","type":"Наезд на пешехода"},"geometry":{"type":"Point","coordinates":[36.078308,52.971135]}},{"type":"Feature","id":331,"properties":{"source":"dtp","injured":1,"dead":0,"severity":1,"date":"01.11.2024","time":"18:20:00","address":"г Орёл, ул Лескова 15","type":"Наезд на пешехода"},"geometry":{"type":"Point","coordinates":[36.052875,52.976158]}},{"type":"Feature","id":332,"properties":{"source":"dtp","injured":1,"dead":0,"severity":1,"date":"31.10.2024","time":"08:40:00","address":"г Орёл, ул Комсомольская 234","type":"Столкновение"},"geometry":{"type":"Point","coordinates":[36.047623,52.940136]}},{"type":"Feature","id":333,"properties":{"source":"dtp","injured":1,"dead":0,"severity":1,"date":"26.10.2024","time":"18:33:00","address":"г Орёл, ул Раздольная 6А","type":"Столкновение"},"geometry":{"type":"Point","coordinates":[36.091193,53.001459]}},{"type":"Feature","id":334,"properties":{"source":"dtp","injured":1,"dead":0,"severity":1,"date":"25.10.2024","time":"18:35:00","address":"г Орёл, ул Раздольная 45","type":"Столкновение"},"geometry":{"type":"Point","coordinates":[36.133457,53.0153]}},{"type":"Feature","id":335,"properties":{"source":"dtp","injured":2,"dead":0,"severity":2,"date":"24.10.2024","time":"13:20:00","address":"г Орёл, ул 5 Августа 51","type":"Столкновение"},"geometry":{"type":"Point","coordinates":[36.100027,52.963303]}},{"type":"Feature","id":336,"properties":{"source":"dtp","injured":1,"dead":1,"severity":4,"date":"21.10.2024","time":"12:25:00","address":"г Орёл, ул Итальянская 6","type":"Столкновение"},"geometry":{"type":"Point","coordinates":[36.127886,52.935371]}},{"type":"Feature","id":337,"properties":{"source":"dtp","injured":0,"dead":1,"severity":3,"date":"20.10.2024","time":"15:23:00","address":"г Орёл","type":"Наезд на пешехода"},"geometry":{"type":"Point","coordinates":[36.125622,53.012079]}},{"type":"Feature","id":338,"properties":{"source":"dtp","injured":1,"dead":0,"severity":1,"date":"20.10.2024","time":"12:30:00","address":"г Орёл","type":"Наезд на пешехода"},"geometry":{"type":"Point","coordinates":[36.041352,52.949255]}},{"type":"Feature","id":339,"properties":{"source":"dtp","injured":1,"dead":0,"severity":1,"date":"18.10.2024","time":"09:30:00","address":"г Орёл, б-р Молодежи 2","type":"Столкновение"},"geometry":{"type":"Point","coordinates":[36.018709,52.949672]}},{"type":"Feature","id":340,"properties":{"source":"dtp","injured":1,"dead":0,"severity":1,"date":"17.10.2024","time":"08:40:00","address":"г Орёл, ул Московская 124","type":"Столкновение"},"geometry":{"type":"Point","coordinates":[36.106986,52.981226]}},{"type":"Feature","id":341,"properties":{"source":"dtp","injured":1,"dead":0,"severity":1,"date":"17.10.2024","time":"08:35:00","address":"г Орёл, ул Паровозная 16","type":"Наезд на пешехода"},"geometry":{"type":"Point","coordinates":[36.11808,52.979017]}},{"type":"Feature","id":342,"properties":{"source":"dtp","injured":1,"dead":0,"severity":1,"date":"16.10.2024","time":"11:00:00","address":"г Орёл, ул Тургенева 16","type":"Столкновение"},"geometry":{"type":"Point","coordinates":[36.062794,52.966831]}},{"type":"Feature","id":343,"properties":{"source":"dtp","injured":1,"dead":0,"severity":1,"date":"16.10.2024","time":"11:45:00","address":"г Орёл, ул Ливенская 72","type":"Наезд на пешехода"},"geometry":{"type":"Point","coordinates":[36.114367,52.949478]}},{"type":"Feature","id":344,"properties":{"source":"dtp","injured":1,"dead":0,"severity":1,"date":"15.10.2024","time":"18:18:00","address":"г Орёл, ул Игнатова 17","type":"Наезд на пешехода"},"geometry":{"type":"Point","coordinates":[36.069864,52.990223]}},{"type":"Feature","id":345,"properties":{"source":"dtp","injured":2,"dead":0,"severity":2,"date":"14.10.2024","time":"19:00:00","address":"г Орёл, ул Курская 1-я 72","type":"Наезд на пешехода"},"geometry":{"type":"Point","coordinates":[36.093441,52.961251]}},{"type":"Feature","id":346,"properties":{"source":"dtp","injured":1,"dead":0,"severity":1,"date":"13.10.2024","time":"19:05:00","address":"г Орёл, ул Раздольная 86","type":"Наезд на пешехода"},"geometry":{"type":"Point","coordinates":[36.139693,53.019511]}},{"type":"Feature","id":347,"properties":{"source":"dtp","injured":1,"dead":0,"severity":1,"date":"08.10.2024","time":"20:05:00","address":"г Орёл, ул Мостовая 34","type":"Наезд на пешехода"},"geometry":{"type":"Point","coordinates":[36.029287,52.953957]}},{"type":"Feature","id":348,"properties":{"source":"dtp","injured":1,"dead":0,"severity":1,"date":"07.10.2024","time":"08:20:00","address":"г Орёл, ул Ливенская 25","type":"Столкновение"},"geometry":{"type":"Point","coordinates":[36.10719,52.954384]}},{"type":"Feature","id":349,"properties":{"source":"dtp","injured":1,"dead":0,"severity":1,"date":"07.10.2024","time":"13:30:00","address":"г Орёл, ул Тульская 27","type":"Иной вид ДТП"},"geometry":{"type":"Point","coordinates":[36.125783,52.978674]}},{"type":"Feature","id":350,"properties":{"source":"dtp","injured":3,"dead":0,"severity":3,"date":"04.10.2024","time":"06:45:00","address":"г Орёл, ул Игнатова 33","type":"Столкновение"},"geometry":{"type":"Point","coordinates":[36.061957,52.99001]}},{"type":"Feature","id":351,"properties":{"source":"dtp","injured":1,"dead":0,"severity":1,"date":"01.10.2024","time":"12:25:00","address":"г Орёл","type":"Столкновение"},"geometry":{"type":"Point","coordinates":[36.139502,53.003413]}},{"type":"Feature","id":352,"properties":{"source":"dtp","injured":1,"dead":0,"severity":1,"date":"30.09.2024","time":"15:35:00","address":"г Орёл, ул Комсомольская 36","type":"Столкновение"},"geometry":{"type":"Point","coordinates":[36.065476,52.95887]}},{"type":"Feature","id":353,"properties":{"source":"dtp","injured":1,"dead":0,"severity":1,"date":"30.09.2024","time":"18:55:00","address":"г Орёл, ул Авиационная 3","type":"Столкновение"},"geometry":{"type":"Point","coordinates":[36.034058,52.937614]}},{"type":"Feature","id":354,"properties":{"source":"dtp","injured":2,"dead":0,"severity":2,"date":"28.09.2024","time":"13:40:00","address":"г Орёл, ул Металлургов 17","type":"Столкновение"},"geometry":{"type":"Point","coordinates":[36.141366,53.013936]}},{"type":"Feature","id":355,"properties":{"source":"dtp","injured":1,"dead":0,"severity":1,"date":"28.09.2024","time":"23:25:00","address":"г Орёл, ул Элеваторная 1","type":"Наезд на лицо, не являющееся участником дорожного движения, осуществляющее несение службы"},"geometry":{"type":"Point","coordinates":[36.093832,52.955289]}},{"type":"Feature","id":356,"properties":{"source":"dtp","injured":1,"dead":0,"severity":1,"date":"25.09.2024","time":"14:00:00","address":"г Орёл, ул Поселковая 15","type":"Опрокидывание"},"geometry":{"type":"Point","coordinates":[36.07584,52.928723]}},{"type":"Feature","id":357,"properties":{"source":"dtp","injured":2,"dead":0,"severity":2,"date":"24.09.2024","time":"23:35:00","address":"г Орёл, ул 6-й Орловской Дивизии 6","type":"Съезд с дороги"},"geometry":{"type":"Point","coordinates":[36.091402,52.931985]}},{"type":"Feature","id":358,"properties":{"source":"dtp","injured":2,"dead":0,"severity":2,"date":"23.09.2024","time":"06:44:00","address":"г Орёл, ул Московская 42","type":"Наезд на пешехода"},"geometry":{"type":"Point","coordinates":[36.09137,52.973671]}},{"type":"Feature","id":359,"properties":{"source":"dtp","injured":1,"dead":0,"severity":1,"date":"23.09.2024","time":"22:55:00","address":"г Орёл, ул Максима Горького 45","type":"Наезд на пешехода"},"geometry":{"type":"Point","coordinates":[36.073796,52.977812]}},{"type":"Feature","id":360,"properties":{"source":"dtp","injured":1,"dead":0,"severity":1,"date":"23.09.2024","time":"10:15:00","address":"г Орёл, ул Октябрьская 47","type":"Столкновение"},"geometry":{"type":"Point","coordinates":[36.063888,52.976181]}},{"type":"Feature","id":361,"properties":{"source":"dtp","injured":1,"dead":1,"severity":4,"date":"22.09.2024","time":"19:05:00","address":"г Орёл","type":"Наезд на животное"},"geometry":{"type":"Point","coordinates":[36.176584,52.949646]}},{"type":"Feature","id":362,"properties":{"source":"dtp","injured":1,"dead":0,"severity":1,"date":"22.09.2024","time":"08:40:00","address":"г Орёл, ш Московское 1","type":"Наезд на велосипедиста"},"geometry":{"type":"Point","coordinates":[36.110655,52.984992]}},{"type":"Feature","id":363,"properties":{"source":"dtp","injured":1,"dead":0,"severity":1,"date":"21.09.2024","time":"00:20:00","address":"г Орёл, ул Поселковая 23","type":"Наезд на препятствие"},"geometry":{"type":"Point","coordinates":[36.077342,52.926317]}},{"type":"Feature","id":364,"properties":{"source":"dtp","injured":1,"dead":0,"severity":1,"date":"20.09.2024","time":"16:35:00","address":"г Орёл, ул Рощинская 19","type":"Столкновение"},"geometry":{"type":"Point","coordinates":[36.147316,53.017539]}},{"type":"Feature","id":365,"properties":{"source":"dtp","injured":1,"dead":0,"severity":1,"date":"19.09.2024","time":"12:55:00","address":"г Орёл, ул Московская 80","type":"Падение пассажира"},"geometry":{"type":"Point","coordinates":[36.098371,52.976226]}},{"type":"Feature","id":366,"properties":{"source":"dtp","injured":1,"dead":0,"severity":1,"date":"19.09.2024","time":"17:00:00","address":"г Орёл, пер Элеваторный 18","type":"Наезд на пешехода"},"geometry":{"type":"Point","coordinates":[36.092834,52.954979]}},{"type":"Feature","id":367,"properties":{"source":"dtp","injured":1,"dead":0,"severity":1,"date":"18.09.2024","time":"19:20:00","address":"г Орёл, ул Октябрьская 35","type":"Наезд на велосипедиста"},"geometry":{"type":"Point","coordinates":[36.059875,52.97317]}},{"type":"Feature","id":368,"properties":{"source":"dtp","injured":1,"dead":0,"severity":1,"date":"15.09.2024","time":"14:30:00","address":"г Орёл, ул Герцена 11","type":"Столкновение"},"geometry":{"type":"Point","coordinates":[36.083854,52.97295]}},{"type":"Feature","id":369,"properties":{"source":"dtp","injured":1,"dead":0,"severity":1,"date":"15.09.2024","time":"14:10:00","address":"г Орёл, ул Лескова 19","type":"Столкновение"},"geometry":{"type":"Point","coordinates":[36.060476,52.982576]}},{"type":"Feature","id":370,"properties":{"source":"dtp","injured":1,"dead":0,"severity":1,"date":"14.09.2024","time":"19:30:00","address":"г Орёл, ул Цветаева 15","type":"Наезд на пешехода"},"geometry":{"type":"Point","coordinates":[36.054495,52.990033]}},{"type":"Feature","id":371,"properties":{"source":"dtp","injured":1,"dead":0,"severity":1,"date":"14.09.2024","time":"17:00:00","address":"г Орёл, пл Полесская 11","type":"Наезд на препятствие"},"geometry":{"type":"Point","coordinates":[36.055037,52.972634]}},{"type":"Feature","id":372,"properties":{"source":"dtp","injured":1,"dead":0,"severity":1,"date":"11.09.2024","time":"13:35:00","address":"г Орёл, ул Лескова 15","type":"Столкновение"},"geometry":{"type":"Point","coordinates":[36.054339,52.977169]}},{"type":"Feature","id":373,"properties":{"source":"dtp","injured":1,"dead":0,"severity":1,"date":"11.09.2024","time":"18:30:00","address":"г Орёл, ул Михалицына 74","type":"Столкновение"},"geometry":{"type":"Point","coordinates":[36.104347,53.000807]}},{"type":"Feature","id":374,"properties":{"source":"dtp","injured":1,"dead":0,"severity":1,"date":"11.09.2024","time":"18:20:00","address":"г Орёл, ш Московское 87","type":"Столкновение"},"geometry":{"type":"Point","coordinates":[36.128084,52.993371]}},{"type":"Feature","id":375,"properties":{"source":"dtp","injured":1,"dead":0,"severity":1,"date":"07.09.2024","time":"12:30:00","address":"г Орёл, ул МОПРа 13","type":"Наезд на стоящее ТС"},"geometry":{"type":"Point","coordinates":[36.065422,52.948334]}},{"type":"Feature","id":376,"properties":{"source":"dtp","injured":1,"dead":0,"severity":1,"date":"07.09.2024","time":"15:40:00","address":"г Орёл, ш Московское 153","type":"Опрокидывание"},"geometry":{"type":"Point","coordinates":[36.14856,53.007444]}},{"type":"Feature","id":377,"properties":{"source":"dtp","injured":2,"dead":0,"severity":2,"date":"04.09.2024","time":"10:30:00","address":"г Орёл, ул Ливенская 68","type":"Наезд на пешехода"},"geometry":{"type":"Point","coordinates":[36.110451,52.95218]}},{"type":"Feature","id":378,"properties":{"source":"dtp","injured":1,"dead":0,"severity":1,"date":"04.09.2024","time":"15:50:00","address":"г Орёл, ул Московская 175А","type":"Наезд на пешехода"},"geometry":{"type":"Point","coordinates":[36.106965,52.982195]}},{"type":"Feature","id":379,"properties":{"source":"dtp","injured":1,"dead":0,"severity":1,"date":"03.09.2024","time":"15:00:00","address":"г Орёл, ул Поселковая 1","type":"Наезд на велосипедиста"},"geometry":{"type":"Point","coordinates":[36.068662,52.938998]}},{"type":"Feature","id":380,"properties":{"source":"dtp","injured":1,"dead":0,"severity":1,"date":"03.09.2024","time":"14:10:00","address":"г Орёл, ул Колхозная 47","type":"Столкновение"},"geometry":{"type":"Point","coordinates":[36.043852,52.955396]}},{"type":"Feature","id":381,"properties":{"source":"dtp","injured":1,"dead":0,"severity":1,"date":"03.09.2024","time":"20:30:00","address":"г Орёл, ул Карачевская 55","type":"Наезд на пешехода"},"geometry":{"type":"Point","coordinates":[36.058148,52.955729]}},{"type":"Feature","id":382,"properties":{"source":"dtp","injured":1,"dead":0,"severity":1,"date":"02.09.2024","time":"06:30:00","address":"г Орёл, ул Раздольная 62","type":"Столкновение"},"geometry":{"type":"Point","coordinates":[36.125751,53.010349]}},{"type":"Feature","id":383,"properties":{"source":"dtp","injured":0,"dead":1,"severity":3,"date":"02.09.2024","time":"13:10:00","address":"г Орёл, ш Московское 139","type":"Столкновение"},"geometry":{"type":"Point","coordinates":[36.144199,53.004432]}},{"type":"Feature","id":384,"properties":{"source":"dtp","injured":0,"dead":1,"severity":3,"date":"30.08.2024","time":"13:15:00","address":"г Орёл","type":"Наезд на пешехода"},"geometry":{"type":"Point","coordinates":[36.132515,53.0168]}},{"type":"Feature","id":385,"properties":{"source":"dtp","injured":1,"dead":0,"severity":1,"date":"30.08.2024","time":"07:55:00","address":"г Орёл, ул Корчагина 41","type":"Наезд на пешехода"},"geometry":{"type":"Point","coordinates":[36.033697,52.948147]}},{"type":"Feature","id":386,"properties":{"source":"dtp","injured":1,"dead":0,"severity":1,"date":"27.08.2024","time":"13:25:00","address":"г Орёл, ш Карачевское 112А","type":"Наезд на препятствие"},"geometry":{"type":"Point","coordinates":[36.008431,52.947746]}},{"type":"Feature","id":387,"properties":{"source":"dtp","injured":1,"dead":0,"severity":1,"date":"26.08.2024","time":"13:55:00","address":"г Орёл, ул Латышских Стрелков 52","type":"Наезд на пешехода"},"geometry":{"type":"Point","coordinates":[36.048755,52.944892]}},{"type":"Feature","id":388,"properties":{"source":"dtp","injured":1,"dead":0,"severity":1,"date":"25.08.2024","time":"20:50:00","address":"г Орёл, ул Гагарина 92","type":"Наезд на велосипедиста"},"geometry":{"type":"Point","coordinates":[36.074059,52.953932]}},{"type":"Feature","id":389,"properties":{"source":"dtp","injured":1,"dead":0,"severity":1,"date":"25.08.2024","time":"08:00:00","address":"г Орёл, ул МОПРа 42","type":"Падение пассажира"},"geometry":{"type":"Point","coordinates":[36.052494,52.95072]}},{"type":"Feature","id":390,"properties":{"source":"dtp","injured":1,"dead":0,"severity":1,"date":"24.08.2024","time":"20:30:00","address":"г Орёл, ул Картукова 2","type":"Наезд на велосипедиста"},"geometry":{"type":"Point","coordinates":[36.044598,52.990042]}},{"type":"Feature","id":391,"properties":{"source":"dtp","injured":0,"dead":1,"severity":3,"date":"22.08.2024","time":"12:14:00","address":"г Орёл, ш Карачевское 55","type":"Столкновение"},"geometry":{"type":"Point","coordinates":[36.038225,52.946343]}},{"type":"Feature","id":392,"properties":{"source":"dtp","injured":2,"dead":0,"severity":2,"date":"22.08.2024","time":"17:45:00","address":"г Орёл, ул Раздольная 11","type":"Столкновение"},"geometry":{"type":"Point","coordinates":[36.104078,53.001252]}},{"type":"Feature","id":393,"properties":{"source":"dtp","injured":1,"dead":0,"severity":1,"date":"21.08.2024","time":"09:38:00","address":"г Орёл, ул Московская 155","type":"Столкновение"},"geometry":{"type":"Point","coordinates":[36.105076,52.979566]}},{"type":"Feature","id":394,"properties":{"source":"dtp","injured":1,"dead":0,"severity":1,"date":"21.08.2024","time":"18:45:00","address":"г Орёл, ул Полесская 11","type":"Наезд на препятствие"},"geometry":{"type":"Point","coordinates":[36.054629,52.97286]}},{"type":"Feature","id":395,"properties":{"source":"dtp","injured":1,"dead":0,"severity":1,"date":"20.08.2024","time":"10:00:00","address":"г Орёл, пер Пищевой 17","type":"Наезд на велосипедиста"},"geometry":{"type":"Point","coordinates":[36.055074,52.934197]}},{"type":"Feature","id":396,"properties":{"source":"dtp","injured":1,"dead":0,"severity":1,"date":"20.08.2024","time":"08:50:00","address":"г Орёл, ш Новосильское 22","type":"Столкновение"},"geometry":{"type":"Point","coordinates":[36.145685,52.957965]}},{"type":"Feature","id":397,"properties":{"source":"dtp","injured":1,"dead":0,"severity":1,"date":"20.08.2024","time":"20:05:00","address":"г Орёл","type":"Наезд на велосипедиста"},"geometry":{"type":"Point","coordinates":[36.125627,52.99113]}},{"type":"Feature","id":398,"properties":{"source":"dtp","injured":0,"dead":1,"severity":3,"date":"17.08.2024","time":"09:35:00","address":"г Орёл, ул Комсомольская 234","type":"Столкновение"},"geometry":{"type":"Point","coordinates":[36.048331,52.940531]}},{"type":"Feature","id":399,"properties":{"source":"dtp","injured":1,"dead":0,"severity":1,"date":"16.08.2024","time":"18:30:00","address":"г Орёл, ул Максима Горького 44","type":"Наезд на стоящее ТС"},"geometry":{"type":"Point","coordinates":[36.077235,52.978797]}},{"type":"Feature","id":400,"properties":{"source":"dtp","injured":1,"dead":0,"severity":1,"date":"16.08.2024","time":"18:45:00","address":"г Орёл, ул Молдавская 8","type":"Наезд на велосипедиста"},"geometry":{"type":"Point","coordinates":[36.099325,52.948289]}},{"type":"Feature","id":401,"properties":{"source":"dtp","injured":1,"dead":0,"severity":1,"date":"13.08.2024","time":"23:40:00","address":"г Орёл, ул Октябрьская 79","type":"Наезд на пешехода"},"geometry":{"type":"Point","coordinates":[36.074429,52.987418]}},{"type":"Feature","id":402,"properties":{"source":"dtp","injured":1,"dead":0,"severity":1,"date":"10.08.2024","time":"17:20:00","address":"г Орёл, ул Тургенева 46","type":"Столкновение"},"geometry":{"type":"Point","coordinates":[36.050391,52.971988]}},{"type":"Feature","id":403,"properties":{"source":"dtp","injured":1,"dead":0,"severity":1,"date":"09.08.2024","time":"22:20:00","address":"г Орёл, ш Московское 113","type":"Столкновение"},"geometry":{"type":"Point","coordinates":[36.135117,52.998315]}},{"type":"Feature","id":404,"properties":{"source":"dtp","injured":1,"dead":0,"severity":1,"date":"05.08.2024","time":"11:40:00","address":"г Орёл, ш Московское 56","type":"Столкновение"},"geometry":{"type":"Point","coordinates":[36.125203,52.991463]}},{"type":"Feature","id":405,"properties":{"source":"dtp","injured":1,"dead":0,"severity":1,"date":"02.08.2024","time":"21:10:00","address":"г Орёл, ш Карачевское 69","type":"Опрокидывание"},"geometry":{"type":"Point","coordinates":[36.034212,52.94653]}},{"type":"Feature","id":406,"properties":{"source":"dtp","injured":1,"dead":0,"severity":1,"date":"27.07.2024","time":"03:30:00","address":"г Орёл, ул Октябрьская 120","type":"Столкновение"},"geometry":{"type":"Point","coordinates":[36.072219,52.984533]}},{"type":"Feature","id":407,"properties":{"source":"dtp","injured":1,"dead":0,"severity":1,"date":"25.07.2024","time":"15:05:00","address":"г Орёл, ул Нормандия-Неман 20","type":"Наезд на пешехода"},"geometry":{"type":"Point","coordinates":[36.068206,52.953282]}},{"type":"Feature","id":408,"properties":{"source":"dtp","injured":1,"dead":0,"severity":1,"date":"23.07.2024","time":"18:25:00","address":"г Орёл, ул Приборостроительная 18","type":"Наезд на пешехода"},"geometry":{"type":"Point","coordinates":[36.074116,52.984249]}},{"type":"Feature","id":409,"properties":{"source":"dtp","injured":1,"dead":0,"severity":1,"date":"22.07.2024","time":"20:15:00","address":"г Орёл","type":"Съезд с дороги"},"geometry":{"type":"Point","coordinates":[36.139473,52.951398]}},{"type":"Feature","id":410,"properties":{"source":"dtp","injured":1,"dead":0,"severity":1,"date":"20.07.2024","time":"18:25:00","address":"г Орёл, ул Гвардейская 56","type":"Столкновение"},"geometry":{"type":"Point","coordinates":[36.12633,52.976613]}},{"type":"Feature","id":411,"properties":{"source":"dtp","injured":0,"dead":1,"severity":3,"date":"20.07.2024","time":"11:00:00","address":"г Орёл, ш Наугорское 76","type":"Наезд на пешехода"},"geometry":{"type":"Point","coordinates":[36.04107,52.987608]}},{"type":"Feature","id":412,"properties":{"source":"dtp","injured":1,"dead":0,"severity":1,"date":"20.07.2024","time":"20:38:00","address":"г Орёл, ул Латышских Стрелков 52","type":"Столкновение"},"geometry":{"type":"Point","coordinates":[36.049147,52.945095]}},{"type":"Feature","id":413,"properties":{"source":"dtp","injured":1,"dead":0,"severity":1,"date":"19.07.2024","time":"18:55:00","address":"г Орёл, ул Васильевская 102","type":"Столкновение"},"geometry":{"type":"Point","coordinates":[36.046507,52.953363]}},{"type":"Feature","id":414,"properties":{"source":"dtp","injured":1,"dead":0,"severity":1,"date":"19.07.2024","time":"11:55:00","address":"г Орёл, ул Сурена Шаумяна 30","type":"Столкновение"},"geometry":{"type":"Point","coordinates":[36.06126,52.977531]}},{"type":"Feature","id":415,"properties":{"source":"dtp","injured":0,"dead":1,"severity":3,"date":"17.07.2024","time":"12:08:00","address":"г Орёл, ш Московское 155","type":"Наезд на пешехода"},"geometry":{"type":"Point","coordinates":[36.151961,53.009768]}},{"type":"Feature","id":416,"properties":{"source":"dtp","injured":1,"dead":0,"severity":1,"date":"14.07.2024","time":"12:10:00","address":"г Орёл, ул Октябрьская 136","type":"Столкновение"},"geometry":{"type":"Point","coordinates":[36.076069,52.98968]}},{"type":"Feature","id":417,"properties":{"source":"dtp","injured":1,"dead":0,"severity":1,"date":"14.07.2024","time":"23:15:00","address":"г Орёл, ул Васильевская 40","type":"Иной вид ДТП"},"geometry":{"type":"Point","coordinates":[36.056592,52.958385]}},{"type":"Feature","id":418,"properties":{"source":"dtp","injured":1,"dead":0,"severity":1,"date":"13.07.2024","time":"18:30:00","address":"г Орёл, ш Залегощенское 101","type":"Съезд с дороги"},"geometry":{"type":"Point","coordinates":[36.162738,52.951266]}},{"type":"Feature","id":419,"properties":{"source":"dtp","injured":1,"dead":0,"severity":1,"date":"12.07.2024","time":"17:10:00","address":"г Орёл, ул Ливенская 39","type":"Столкновение"},"geometry":{"type":"Point","coordinates":[36.115419,52.948806]}},{"type":"Feature","id":420,"properties":{"source":"dtp","injured":2,"dead":0,"severity":2,"date":"11.07.2024","time":"23:20:00","address":"г Орёл, ш Московское 111д","type":"Наезд на препятствие"},"geometry":{"type":"Point","coordinates":[36.133744,52.998592]}},{"type":"Feature","id":421,"properties":{"source":"dtp","injured":1,"dead":0,"severity":1,"date":"07.07.2024","time":"18:50:00","address":"г Орёл, ул Генерала Родина 63","type":"Наезд на велосипедиста"},"geometry":{"type":"Point","coordinates":[36.035382,52.971258]}},{"type":"Feature","id":422,"properties":{"source":"dtp","injured":1,"dead":0,"severity":1,"date":"06.07.2024","time":"23:10:00","address":"г Орёл, ул Генерала Родина 61","type":"Наезд на пешехода"},"geometry":{"type":"Point","coordinates":[36.035317,52.97127]}},{"type":"Feature","id":423,"properties":{"source":"dtp","injured":1,"dead":0,"severity":1,"date":"04.07.2024","time":"21:15:00","address":"г Орёл, пл Мира 9","type":"Наезд на пешехода"},"geometry":{"type":"Point","coordinates":[36.079063,52.96874]}},{"type":"Feature","id":424,"properties":{"source":"dtp","injured":1,"dead":0,"severity":1,"date":"03.07.2024","time":"12:59:00","address":"г Орёл, ул Васильевская 165","type":"Наезд на пешехода"},"geometry":{"type":"Point","coordinates":[36.034212,52.947293]}},{"type":"Feature","id":425,"properties":{"source":"dtp","injured":1,"dead":0,"severity":1,"date":"03.07.2024","time":"09:40:00","address":"г Орёл, ул Михалицына 5","type":"Наезд на пешехода"},"geometry":{"type":"Point","coordinates":[36.118455,52.989913]}},{"type":"Feature","id":426,"properties":{"source":"dtp","injured":1,"dead":0,"severity":1,"date":"02.07.2024","time":"12:20:00","address":"г Орёл, ул Октябрьская 40","type":"Падение пассажира"},"geometry":{"type":"Point","coordinates":[36.062343,52.974992]}},{"type":"Feature","id":427,"properties":{"source":"dtp","injured":1,"dead":0,"severity":1,"date":"30.06.2024","time":"14:45:00","address":"г Орёл, ш Московское 126Д","type":"Столкновение"},"geometry":{"type":"Point","coordinates":[36.142648,53.003441]}},{"type":"Feature","id":428,"properties":{"source":"dtp","injured":1,"dead":0,"severity":1,"date":"30.06.2024","time":"07:35:00","address":"г Орёл, ш Московское 175б","type":"Столкновение"},"geometry":{"type":"Point","coordinates":[36.162905,53.017139]}},{"type":"Feature","id":429,"properties":{"source":"dtp","injured":1,"dead":0,"severity":1,"date":"30.06.2024","time":"13:00:00","address":"г Орёл, ул Серпуховская 84","type":"Столкновение"},"geometry":{"type":"Point","coordinates":[36.127864,52.979133]}},{"type":"Feature","id":430,"properties":{"source":"dtp","injured":1,"dead":0,"severity":1,"date":"28.06.2024","time":"11:10:00","address":"г Орёл, ул Комсомольская 78","type":"Столкновение"},"geometry":{"type":"Point","coordinates":[36.062214,52.952853]}},{"type":"Feature","id":431,"properties":{"source":"dtp","injured":1,"dead":0,"severity":1,"date":"28.06.2024","time":"21:05:00","address":"г Орёл, ш Карачевское 2","type":"Столкновение"},"geometry":{"type":"Point","coordinates":[36.048299,52.941404]}},{"type":"Feature","id":432,"properties":{"source":"dtp","injured":1,"dead":0,"severity":1,"date":"25.06.2024","time":"18:15:00","address":"г Орёл, ш Московское 56","type":"Столкновение"},"geometry":{"type":"Point","coordinates":[36.125225,52.99147]}},{"type":"Feature","id":433,"properties":{"source":"dtp","injured":1,"dead":0,"severity":1,"date":"25.06.2024","time":"12:25:00","address":"г Орёл, ул Васильевская 155","type":"Наезд на велосипедиста"},"geometry":{"type":"Point","coordinates":[36.03724,52.948789]}},{"type":"Feature","id":434,"properties":{"source":"dtp","injured":1,"dead":0,"severity":1,"date":"23.06.2024","time":"20:35:00","address":"г Орёл, ул Московская 28","type":"Наезд на пешехода"},"geometry":{"type":"Point","coordinates":[36.082839,52.970289]}},{"type":"Feature","id":435,"properties":{"source":"dtp","injured":3,"dead":0,"severity":3,"date":"21.06.2024","time":"13:55:00","address":"г Орёл, ш Московское 126Д","type":"Столкновение"},"geometry":{"type":"Point","coordinates":[36.142219,53.003009]}},{"type":"Feature","id":436,"properties":{"source":"dtp","injured":1,"dead":0,"severity":1,"date":"21.06.2024","time":"15:04:00","address":"г Орёл, ул Октябрьская 62","type":"Столкновение"},"geometry":{"type":"Point","coordinates":[36.069821,52.981278]}},{"type":"Feature","id":437,"properties":{"source":"dtp","injured":2,"dead":0,"severity":2,"date":"21.06.2024","time":"20:30:00","address":"г Орёл, ул Васильевская 75","type":"Наезд на препятствие"},"geometry":{"type":"Point","coordinates":[36.050391,52.955238]}},{"type":"Feature","id":438,"properties":{"source":"dtp","injured":1,"dead":0,"severity":1,"date":"20.06.2024","time":"15:50:00","address":"г Орёл, ул 5 Августа 54","type":"Наезд на пешехода"},"geometry":{"type":"Point","coordinates":[36.092831,52.962129]}},{"type":"Feature","id":439,"properties":{"source":"dtp","injured":1,"dead":0,"severity":1,"date":"19.06.2024","time":"10:30:00","address":"г Орёл, ул Генерала Родина 68","type":"Столкновение"},"geometry":{"type":"Point","coordinates":[36.036424,52.9783]}},{"type":"Feature","id":440,"properties":{"source":"dtp","injured":1,"dead":0,"severity":1,"date":"17.06.2024","time":"15:40:00","address":"г Орёл, ул Московская 108","type":"Столкновение"},"geometry":{"type":"Point","coordinates":[36.103681,52.978759]}},{"type":"Feature","id":441,"properties":{"source":"dtp","injured":2,"dead":0,"severity":2,"date":"17.06.2024","time":"19:20:00","address":"г Орёл, ул Пролетарская Гора 3","type":"Наезд на пешехода"},"geometry":{"type":"Point","coordinates":[36.06794,52.969991]}},{"type":"Feature","id":442,"properties":{"source":"dtp","injured":1,"dead":0,"severity":1,"date":"16.06.2024","time":"06:55:00","address":"г Орёл, ш Московское 120А","type":"Наезд на препятствие"},"geometry":{"type":"Point","coordinates":[36.136748,52.999277]}},{"type":"Feature","id":443,"properties":{"source":"dtp","injured":1,"dead":0,"severity":1,"date":"16.06.2024","time":"16:56:00","address":"г Орёл, ул Металлургов 17","type":"Столкновение"},"geometry":{"type":"Point","coordinates":[36.141365,53.013935]}},{"type":"Feature","id":444,"properties":{"source":"dtp","injured":1,"dead":0,"severity":1,"date":"15.06.2024","time":"01:10:00","address":"г Орёл, ул Московская 42","type":"Столкновение"},"geometry":{"type":"Point","coordinates":[36.091322,52.973739]}},{"type":"Feature","id":445,"properties":{"source":"dtp","injured":1,"dead":0,"severity":1,"date":"14.06.2024","time":"15:15:00","address":"г Орёл","type":"Столкновение"},"geometry":{"type":"Point","coordinates":[36.019202,52.957442]}},{"type":"Feature","id":446,"properties":{"source":"dtp","injured":1,"dead":0,"severity":1,"date":"13.06.2024","time":"18:15:00","address":"г Орёл, пер Дарвина 3","type":"Столкновение"},"geometry":{"type":"Point","coordinates":[36.038311,52.932112]}},{"type":"Feature","id":447,"properties":{"source":"dtp","injured":1,"dead":0,"severity":1,"date":"13.06.2024","time":"12:10:00","address":"г Орёл, ул Гагарина 21","type":"Наезд на велосипедиста"},"geometry":{"type":"Point","coordinates":[36.07084,52.960673]}},{"type":"Feature","id":448,"properties":{"source":"dtp","injured":1,"dead":0,"severity":1,"date":"12.06.2024","time":"17:25:00","address":"г Орёл","type":"Наезд на велосипедиста"},"geometry":{"type":"Point","coordinates":[36.045338,52.9398]}},{"type":"Feature","id":449,"properties":{"source":"dtp","injured":1,"dead":0,"severity":1,"date":"09.06.2024","time":"17:45:00","address":"г Орёл, ул Карачевская 30","type":"Падение пассажира"},"geometry":{"type":"Point","coordinates":[36.063491,52.960576]}},{"type":"Feature","id":450,"properties":{"source":"dtp","injured":1,"dead":0,"severity":1,"date":"06.06.2024","time":"18:20:00","address":"г Орёл, ул Ленина 45","type":"Наезд на пешехода"},"geometry":{"type":"Point","coordinates":[36.061635,52.971031]}},{"type":"Feature","id":451,"properties":{"source":"dtp","injured":1,"dead":0,"severity":1,"date":"04.06.2024","time":"15:10:00","address":"г Орёл, ул Посадская 1-я 13","type":"Падение пассажира"},"geometry":{"type":"Point","coordinates":[36.064886,52.960447]}},{"type":"Feature","id":452,"properties":{"source":"dtp","injured":1,"dead":0,"severity":1,"date":"03.06.2024","time":"17:20:00","address":"г Орёл, ул Лескова 14","type":"Столкновение"},"geometry":{"type":"Point","coordinates":[36.056185,52.978248]}},{"type":"Feature","id":453,"properties":{"source":"dtp","injured":1,"dead":0,"severity":1,"date":"03.06.2024","time":"07:20:00","address":"г Орёл, ул Игнатова 3","type":"Столкновение"},"geometry":{"type":"Point","coordinates":[36.074821,52.989829]}},{"type":"Feature","id":454,"properties":{"source":"dtp","injured":1,"dead":0,"severity":1,"date":"02.06.2024","time":"10:45:00","address":"г Орёл, пер Михаило-Архангельский 1","type":"Столкновение"},"geometry":{"type":"Point","coordinates":[36.06407,52.96276]}},{"type":"Feature","id":455,"properties":{"source":"dtp","injured":1,"dead":0,"severity":1,"date":"01.06.2024","time":"20:30:00","address":"г Орёл, ул 5 Августа 78","type":"Наезд на препятствие"},"geometry":{"type":"Point","coordinates":[36.101986,52.963193]}},{"type":"Feature","id":456,"properties":{"source":"dtp","injured":1,"dead":0,"severity":1,"date":"29.05.2024","time":"16:25:00","address":"г Орёл, б-р Молодежи 4","type":"Столкновение"},"geometry":{"type":"Point","coordinates":[36.023601,52.949524]}},{"type":"Feature","id":457,"properties":{"source":"dtp","injured":0,"dead":1,"severity":3,"date":"27.05.2024","time":"06:20:00","address":"г Орёл, ул Московская 181","type":"Наезд на велосипедиста"},"geometry":{"type":"Point","coordinates":[36.107297,52.983952]}},{"type":"Feature","id":458,"properties":{"source":"dtp","injured":1,"dead":0,"severity":1,"date":"22.05.2024","time":"10:00:00","address":"г Орёл, ул Курская 3-я 52","type":"Падение пассажира"},"geometry":{"type":"Point","coordinates":[36.08658,52.962922]}},{"type":"Feature","id":459,"properties":{"source":"dtp","injured":1,"dead":0,"severity":1,"date":"21.05.2024","time":"17:50:00","address":"г Орёл","type":"Столкновение"},"geometry":{"type":"Point","coordinates":[36.05406,52.970741]}},{"type":"Feature","id":460,"properties":{"source":"dtp","injured":1,"dead":0,"severity":1,"date":"21.05.2024","time":"13:50:00","address":"г Орёл, ул Максима Горького 120","type":"Столкновение"},"geometry":{"type":"Point","coordinates":[36.081891,52.986658]}},{"type":"Feature","id":461,"properties":{"source":"dtp","injured":1,"dead":0,"severity":1,"date":"21.05.2024","time":"17:45:00","address":"г Орёл, ш Наугорское 48","type":"Падение пассажира"},"geometry":{"type":"Point","coordinates":[36.046615,52.983571]}},{"type":"Feature","id":462,"properties":{"source":"dtp","injured":1,"dead":0,"severity":1,"date":"21.05.2024","time":"20:25:00","address":"г Орёл","type":"Наезд на велосипедиста"},"geometry":{"type":"Point","coordinates":[36.07253,52.980363]}},{"type":"Feature","id":463,"properties":{"source":"dtp","injured":1,"dead":0,"severity":1,"date":"21.05.2024","time":"12:20:00","address":"г Орёл, ул Генерала Родина 25","type":"Наезд на пешехода"},"geometry":{"type":"Point","coordinates":[36.031857,52.972966]}},{"type":"Feature","id":464,"properties":{"source":"dtp","injured":1,"dead":0,"severity":1,"date":"20.05.2024","time":"10:45:00","address":"г Орёл, ул Курская 3-я 60","type":"Наезд на велосипедиста"},"geometry":{"type":"Point","coordinates":[36.088135,52.960712]}},{"type":"Feature","id":465,"properties":{"source":"dtp","injured":1,"dead":0,"severity":1,"date":"17.05.2024","time":"15:35:00","address":"г Орёл, ул Московская 106","type":"Наезд на пешехода"},"geometry":{"type":"Point","coordinates":[36.102898,52.978364]}},{"type":"Feature","id":466,"properties":{"source":"dtp","injured":3,"dead":0,"severity":3,"date":"13.05.2024","time":"13:25:00","address":"г Орёл, ул Энгельса 19","type":"Столкновение"},"geometry":{"type":"Point","coordinates":[36.059189,52.960634]}},{"type":"Feature","id":467,"properties":{"source":"dtp","injured":1,"dead":0,"severity":1,"date":"10.05.2024","time":"18:35:00","address":"г Орёл, ул Комсомольская 127","type":"Столкновение"},"geometry":{"type":"Point","coordinates":[36.060519,52.949045]}},{"type":"Feature","id":468,"properties":{"source":"dtp","injured":1,"dead":0,"severity":1,"date":"10.05.2024","time":"20:50:00","address":"г Орёл, ш Залегощенское 2 А","type":"Столкновение"},"geometry":{"type":"Point","coordinates":[36.119077,52.949756]}},{"type":"Feature","id":469,"properties":{"source":"dtp","injured":1,"dead":0,"severity":1,"date":"10.05.2024","time":"12:32:00","address":"г Орёл, пл Автовокзальная 1","type":"Наезд на пешехода"},"geometry":{"type":"Point","coordinates":[36.048331,52.93971]}},{"type":"Feature","id":470,"properties":{"source":"dtp","injured":2,"dead":0,"severity":2,"date":"10.05.2024","time":"21:00:00","address":"г Орёл, ул Карачевская 12 3","type":"Наезд на пешехода"},"geometry":{"type":"Point","coordinates":[36.065133,52.961972]}},{"type":"Feature","id":471,"properties":{"source":"dtp","injured":1,"dead":0,"severity":1,"date":"09.05.2024","time":"16:20:00","address":"г Орёл, ул Розы Люксембург 52","type":"Столкновение"},"geometry":{"type":"Point","coordinates":[36.078222,52.959083]}},{"type":"Feature","id":472,"properties":{"source":"dtp","injured":1,"dead":0,"severity":1,"date":"07.05.2024","time":"16:45:00","address":"г Орёл, ул Лескова 40","type":"Столкновение"},"geometry":{"type":"Point","coordinates":[36.060787,52.984042]}},{"type":"Feature","id":473,"properties":{"source":"dtp","injured":1,"dead":0,"severity":1,"date":"03.05.2024","time":"17:50:00","address":"г Орёл, ул Тургенева 40","type":"Падение пассажира"},"geometry":{"type":"Point","coordinates":[36.053202,52.971199]}},{"type":"Feature","id":474,"properties":{"source":"dtp","injured":1,"dead":0,"severity":1,"date":"01.05.2024","time":"12:15:00","address":"г Орёл, ул Лескова 17","type":"Столкновение"},"geometry":{"type":"Point","coordinates":[36.054897,52.977641]}},{"type":"Feature","id":475,"properties":{"source":"dtp","injured":1,"dead":0,"severity":1,"date":"30.04.2024","time":"11:45:00","address":"г Орёл","type":"Наезд на пешехода"},"geometry":{"type":"Point","coordinates":[36.036068,52.991715]}},{"type":"Feature","id":476,"properties":{"source":"dtp","injured":1,"dead":0,"severity":1,"date":"27.04.2024","time":"17:25:00","address":"г Орёл, ш Карачевское 74","type":"Столкновение"},"geometry":{"type":"Point","coordinates":[36.032195,52.946595]}},{"type":"Feature","id":477,"properties":{"source":"dtp","injured":1,"dead":0,"severity":1,"date":"27.04.2024","time":"12:50:00","address":"г Орёл","type":"Наезд на пешехода"},"geometry":{"type":"Point","coordinates":[36.046812,52.94013]}},{"type":"Feature","id":478,"properties":{"source":"dtp","injured":1,"dead":0,"severity":1,"date":"26.04.2024","time":"14:10:00","address":"г Орёл, ш Московское 172А","type":"Столкновение"},"geometry":{"type":"Point","coordinates":[36.155405,53.01213]}},{"type":"Feature","id":479,"properties":{"source":"dtp","injured":1,"dead":0,"severity":1,"date":"25.04.2024","time":"14:15:00","address":"г Орёл","type":"Наезд на пешехода"},"geometry":{"type":"Point","coordinates":[36.06598,52.968557]}},{"type":"Feature","id":480,"properties":{"source":"dtp","injured":1,"dead":0,"severity":1,"date":"25.04.2024","time":"08:00:00","address":"г Орёл","type":"Наезд на велосипедиста"},"geometry":{"type":"Point","coordinates":[36.137617,53.014002]}},{"type":"Feature","id":481,"properties":{"source":"dtp","injured":1,"dead":0,"severity":1,"date":"24.04.2024","time":"22:30:00","address":"г Орёл, ул Гагарина 23а","type":"Столкновение"},"geometry":{"type":"Point","coordinates":[36.070873,52.960628]}},{"type":"Feature","id":482,"properties":{"source":"dtp","injured":2,"dead":0,"severity":2,"date":"21.04.2024","time":"14:30:00","address":"г Орёл, ул Черкасская 43","type":"Столкновение"},"geometry":{"type":"Point","coordinates":[36.073555,52.961028]}},{"type":"Feature","id":483,"properties":{"source":"dtp","injured":1,"dead":0,"severity":1,"date":"17.04.2024","time":"18:30:00","address":"г Орёл, ул Генерала Родина 71","type":"Столкновение"},"geometry":{"type":"Point","coordinates":[36.035542,52.972692]}},{"type":"Feature","id":484,"properties":{"source":"dtp","injured":2,"dead":0,"severity":2,"date":"17.04.2024","time":"10:45:00","address":"г Орёл, ул Пионерская 6","type":"Наезд на пешехода"},"geometry":{"type":"Point","coordinates":[36.060251,52.976219]}},{"type":"Feature","id":485,"properties":{"source":"dtp","injured":2,"dead":0,"severity":2,"date":"16.04.2024","time":"10:20:00","address":"г Орёл, ш Карачевское 79в","type":"Столкновение"},"geometry":{"type":"Point","coordinates":[36.02771,52.946821]}},{"type":"Feature","id":486,"properties":{"source":"dtp","injured":1,"dead":0,"severity":1,"date":"15.04.2024","time":"21:28:00","address":"г Орёл, ул Максима Горького 50а","type":"Столкновение"},"geometry":{"type":"Point","coordinates":[36.075829,52.979385]}},{"type":"Feature","id":487,"properties":{"source":"dtp","injured":1,"dead":0,"severity":1,"date":"13.04.2024","time":"19:35:00","address":"г Орёл, ул Металлургов 1","type":"Опрокидывание"},"geometry":{"type":"Point","coordinates":[36.148002,53.009916]}},{"type":"Feature","id":488,"properties":{"source":"dtp","injured":1,"dead":0,"severity":1,"date":"10.04.2024","time":"12:40:00","address":"г Орёл, ш Московское 126 Д","type":"Столкновение"},"geometry":{"type":"Point","coordinates":[36.141704,53.002783]}},{"type":"Feature","id":489,"properties":{"source":"dtp","injured":1,"dead":0,"severity":1,"date":"10.04.2024","time":"11:00:00","address":"г Орёл, ул Васильевская 123","type":"Столкновение"},"geometry":{"type":"Point","coordinates":[36.041315,52.95081]}},{"type":"Feature","id":490,"properties":{"source":"dtp","injured":1,"dead":0,"severity":1,"date":"09.04.2024","time":"18:50:00","address":"г Орёл, ул Кромская 9","type":"Столкновение"},"geometry":{"type":"Point","coordinates":[36.018205,52.927753]}},{"type":"Feature","id":491,"properties":{"source":"dtp","injured":3,"dead":0,"severity":3,"date":"09.04.2024","time":"00:20:00","address":"г Орёл, ул Спивака 80","type":"Столкновение"},"geometry":{"type":"Point","coordinates":[36.032689,52.938746]}},{"type":"Feature","id":492,"properties":{"source":"dtp","injured":1,"dead":0,"severity":1,"date":"07.04.2024","time":"22:55:00","address":"г Орёл, ул Московская 175А","type":"Наезд на пешехода"},"geometry":{"type":"Point","coordinates":[36.10709,52.982816]}},{"type":"Feature","id":493,"properties":{"source":"dtp","injured":1,"dead":0,"severity":1,"date":"06.04.2024","time":"05:10:00","address":"г Орёл, ул Октябрьская 48","type":"Столкновение"},"geometry":{"type":"Point","coordinates":[36.066667,52.978203]}},{"type":"Feature","id":494,"properties":{"source":"dtp","injured":1,"dead":0,"severity":1,"date":"05.04.2024","time":"14:20:00","address":"г Орёл","type":"Наезд на пешехода"},"geometry":{"type":"Point","coordinates":[36.069542,52.985844]}},{"type":"Feature","id":495,"properties":{"source":"dtp","injured":1,"dead":0,"severity":1,"date":"02.04.2024","time":"13:55:00","address":"г Орёл, ул Максима Горького 51","type":"Столкновение"},"geometry":{"type":"Point","coordinates":[36.076752,52.980179]}},{"type":"Feature","id":496,"properties":{"source":"dtp","injured":1,"dead":0,"severity":1,"date":"02.04.2024","time":"20:00:00","address":"г Орёл, ул Пушкина 24","type":"Наезд на пешехода"},"geometry":{"type":"Point","coordinates":[36.08276,52.96804]}},{"type":"Feature","id":497,"properties":{"source":"dtp","injured":0,"dead":1,"severity":3,"date":"01.04.2024","time":"22:30:00","address":"г Орёл, ул Васильевская 27А","type":"Наезд на пешехода"},"geometry":{"type":"Point","coordinates":[36.058416,52.9592]}},{"type":"Feature","id":498,"properties":{"source":"dtp","injured":1,"dead":0,"severity":1,"date":"31.03.2024","time":"17:20:00","address":"г Орёл, ул Космонавтов 3","type":"Наезд на велосипедиста"},"geometry":{"type":"Point","coordinates":[36.133679,53.008018]}},{"type":"Feature","id":499,"properties":{"source":"dtp","injured":2,"dead":0,"severity":2,"date":"30.03.2024","time":"12:15:00","address":"г Орёл, ул Космонавтов 1","type":"Наезд на препятствие"},"geometry":{"type":"Point","coordinates":[36.138743,53.01195]}},{"type":"Feature","id":500,"properties":{"source":"dtp","injured":1,"dead":0,"severity":1,"date":"29.03.2024","time":"08:05:00","address":"г Орёл, ул Панчука 40","type":"Столкновение"},"geometry":{"type":"Point","coordinates":[36.055648,52.959639]}},{"type":"Feature","id":501,"properties":{"source":"dtp","injured":1,"dead":0,"severity":1,"date":"27.03.2024","time":"14:10:00","address":"г Орёл, ш Наугорское 17","type":"Столкновение"},"geometry":{"type":"Point","coordinates":[36.043954,52.985967]}},{"type":"Feature","id":502,"properties":{"source":"dtp","injured":1,"dead":0,"severity":1,"date":"25.03.2024","time":"14:50:00","address":"г Орёл, ш Кромское 5 А","type":"Столкновение"},"geometry":{"type":"Point","coordinates":[36.014063,52.921317]}},{"type":"Feature","id":503,"properties":{"source":"dtp","injured":2,"dead":0,"severity":2,"date":"18.03.2024","time":"19:30:00","address":"г Орёл, ул Паровозная 12","type":"Столкновение"},"geometry":{"type":"Point","coordinates":[36.11757,52.979988]}},{"type":"Feature","id":504,"properties":{"source":"dtp","injured":1,"dead":0,"severity":1,"date":"17.03.2024","time":"11:40:00","address":"г Орёл, ш Наугорское 5","type":"Падение пассажира"},"geometry":{"type":"Point","coordinates":[36.049211,52.981219]}},{"type":"Feature","id":505,"properties":{"source":"dtp","injured":2,"dead":1,"severity":5,"date":"16.03.2024","time":"22:20:00","address":"г Орёл, ш Карачевское 74","type":"Столкновение"},"geometry":{"type":"Point","coordinates":[36.03285,52.946576]}},{"type":"Feature","id":506,"properties":{"source":"dtp","injured":1,"dead":0,"severity":1,"date":"15.03.2024","time":"10:00:00","address":"г Орёл, ул Максима Горького 82","type":"Наезд на пешехода"},"geometry":{"type":"Point","coordinates":[36.078576,52.981659]}},{"type":"Feature","id":507,"properties":{"source":"dtp","injured":1,"dead":0,"severity":1,"date":"14.03.2024","time":"09:45:00","address":"г Орёл, ул Комсомольская 117","type":"Столкновение"},"geometry":{"type":"Point","coordinates":[36.060551,52.949019]}},{"type":"Feature","id":508,"properties":{"source":"dtp","injured":1,"dead":1,"severity":4,"date":"13.03.2024","time":"08:00:00","address":"г Орёл, ул Гагарина 21","type":"Наезд на пешехода"},"geometry":{"type":"Point","coordinates":[36.070851,52.96066]}},{"type":"Feature","id":509,"properties":{"source":"dtp","injured":1,"dead":0,"severity":1,"date":"06.03.2024","time":"14:20:00","address":"г Орёл, ул Октябрьская 47","type":"Столкновение"},"geometry":{"type":"Point","coordinates":[36.06392,52.976155]}},{"type":"Feature","id":510,"properties":{"source":"dtp","injured":1,"dead":0,"severity":1,"date":"04.03.2024","time":"08:15:00","address":"г Орёл, пер Южный 26","type":"Наезд на пешехода"},"geometry":{"type":"Point","coordinates":[36.129345,52.971387]}},{"type":"Feature","id":511,"properties":{"source":"dtp","injured":2,"dead":0,"severity":2,"date":"02.03.2024","time":"21:40:00","address":"г Орёл, ш Московское 56","type":"Столкновение"},"geometry":{"type":"Point","coordinates":[36.125214,52.991431]}},{"type":"Feature","id":512,"properties":{"source":"dtp","injured":2,"dead":0,"severity":2,"date":"28.02.2024","time":"11:14:00","address":"г Орёл","type":"Столкновение"},"geometry":{"type":"Point","coordinates":[36.171927,53.023199]}},{"type":"Feature","id":513,"properties":{"source":"dtp","injured":1,"dead":0,"severity":1,"date":"26.02.2024","time":"20:35:00","address":"г Орёл, ул 5 Августа 50","type":"Столкновение"},"geometry":{"type":"Point","coordinates":[36.094379,52.962483]}},{"type":"Feature","id":514,"properties":{"source":"dtp","injured":1,"dead":0,"severity":1,"date":"24.02.2024","time":"20:15:00","address":"г Орёл, ш Карачевское 74","type":"Столкновение"},"geometry":{"type":"Point","coordinates":[36.032774,52.946576]}},{"type":"Feature","id":515,"properties":{"source":"dtp","injured":1,"dead":0,"severity":1,"date":"19.02.2024","time":"18:50:00","address":"г Орёл, ш Московское 7","type":"Столкновение"},"geometry":{"type":"Point","coordinates":[36.112329,52.98547]}},{"type":"Feature","id":516,"properties":{"source":"dtp","injured":1,"dead":0,"severity":1,"date":"12.02.2024","time":"11:25:00","address":"г Орёл, ул Раздольная 27","type":"Наезд на препятствие"},"geometry":{"type":"Point","coordinates":[36.112447,53.00399]}},{"type":"Feature","id":517,"properties":{"source":"dtp","injured":1,"dead":0,"severity":1,"date":"11.02.2024","time":"13:40:00","address":"г Орёл, ул Пушкина 4","type":"Наезд на стоящее ТС"},"geometry":{"type":"Point","coordinates":[36.077288,52.967432]}},{"type":"Feature","id":518,"properties":{"source":"dtp","injured":1,"dead":0,"severity":1,"date":"10.02.2024","time":"18:46:00","address":"г Орёл, ш Московское 124","type":"Столкновение"},"geometry":{"type":"Point","coordinates":[36.139119,53.000917]}},{"type":"Feature","id":519,"properties":{"source":"dtp","injured":1,"dead":0,"severity":1,"date":"02.02.2024","time":"17:45:00","address":"г Орёл, ул Салтыкова-Щедрина 34","type":"Столкновение"},"geometry":{"type":"Point","coordinates":[36.065294,52.973771]}},{"type":"Feature","id":520,"properties":{"source":"dtp","injured":1,"dead":0,"severity":1,"date":"27.01.2024","time":"07:50:00","address":"г Орёл, ул Октябрьская 79","type":"Столкновение"},"geometry":{"type":"Point","coordinates":[36.0748,52.988]}},{"type":"Feature","id":521,"properties":{"source":"dtp","injured":1,"dead":0,"severity":1,"date":"24.01.2024","time":"05:30:00","address":"г Орёл, ул 6-й Орловской Дивизии 10","type":"Наезд на препятствие"},"geometry":{"type":"Point","coordinates":[36.0899,52.9314]}},{"type":"Feature","id":522,"properties":{"source":"dtp","injured":1,"dead":0,"severity":1,"date":"23.01.2024","time":"15:40:00","address":"г Орёл, ул Бурова 2","type":"Наезд на пешехода"},"geometry":{"type":"Point","coordinates":[36.1397,53.0044]}},{"type":"Feature","id":523,"properties":{"source":"dtp","injured":1,"dead":0,"severity":1,"date":"19.01.2024","time":"06:30:00","address":"г Орёл, ул Московская 42","type":"Столкновение"},"geometry":{"type":"Point","coordinates":[36.091708,52.973861]}},{"type":"Feature","id":524,"properties":{"source":"dtp","injured":1,"dead":0,"severity":1,"date":"18.01.2024","time":"07:15:00","address":"г Орёл, ул Октябрьская 142","type":"Наезд на пешехода"},"geometry":{"type":"Point","coordinates":[36.076194,52.989784]}},{"type":"Feature","id":525,"properties":{"source":"dtp","injured":12,"dead":0,"severity":12,"date":"12.01.2024","time":"13:45:00","address":"г Орёл, ш Наугорское 108","type":"Столкновение"},"geometry":{"type":"Point","coordinates":[36.026981,52.996733]}},{"type":"Feature","id":526,"properties":{"source":"dtp","injured":1,"dead":0,"severity":1,"date":"07.01.2024","time":"20:20:00","address":"г Орёл, ш Московское 56","type":"Наезд на пешехода"},"geometry":{"type":"Point","coordinates":[36.124377,52.990972]}},{"type":"Feature","id":527,"properties":{"source":"dtp","injured":1,"dead":0,"severity":1,"date":"07.01.2024","time":"21:20:00","address":"г Орёл, ул Октябрьская 136","type":"Столкновение"},"geometry":{"type":"Point","coordinates":[36.076012,52.989706]}},{"type":"Feature","id":528,"properties":{"source":"dtp","injured":1,"dead":0,"severity":1,"date":"05.01.2024","time":"10:50:00","address":"г Орёл","type":"Наезд на пешехода"},"geometry":{"type":"Point","coordinates":[36.0504,52.9424]}},{"type":"Feature","id":529,"properties":{"source":"dtp","injured":1,"dead":0,"severity":1,"date":"01.01.2024","time":"19:05:00","address":"г Орёл, ул Металлургов 1","type":"Наезд на пешехода"},"geometry":{"type":"Point","coordinates":[36.1477,53.0101]}}]}