{"type":"FeatureCollection","name":"green_zone","xy_coordinate_resolution":0.000001,"features":[{"type":"Feature","properties":{"id":522,"area":4.765},"geometry":{"type":"Polygon","coordinates":[[[36.029206,52.99664],[36.029281,52.996248],[36.029306,52.99622],[36.02998,52.996254],[36.030253,52.99599],[36.030817,52.995958],[36.030702,52.996295],[36.030115,52.996619],[36.029206,52.99664]]]}},{"type":"Feature","properties":{"id":525,"area":6.504},"geometry":{"type":"Polygon","coordinates":[[[36.100337,53.002602],[36.100186,53.001742],[36.101127,53.001674],[36.101578,53.001629],[36.101108,53.002432],[36.100337,53.002602]]]}},{"type":"Feature","properties":{"id":524,"area":73.234},"geometry":{"type":"Polygon","coordinates":[[[36.131792,53.000841],[36.132237,53.001133],[36.132278,53.001641],[36.132016,53.001942],[36.13203,53.002086],[36.132161,53.002501],[36.131435,53.002868],[36.130645,53.00295],[36.129779,53.003064],[36.128801,53.003374],[36.128563,53.003406],[36.127817,53.003087],[36.127263,53.00308],[36.126139,53.002316],[36.126647,53.002044],[36.126683,53.001982],[36.127907,53.001425],[36.128287,53.001428],[36.128888,53.001295],[36.129285,53.001199],[36.129526,53.001138],[36.129805,53.001089],[36.130197,53.001072],[36.130914,53.001118],[36.131082,53.001106],[36.131305,53.001047],[36.131421,53.001006],[36.131792,53.000841]]]}},{"type":"Feature","properties":{"id":527,"area":28.331},"geometry":{"type":"Polygon","coordinates":[[[36.099547,53.000961],[36.099397,53.001221],[36.098306,53.001165],[36.094508,53.001221],[36.094377,53.000927],[36.094772,53.00078],[36.098776,53.000724],[36.098795,52.997578],[36.099058,52.997601],[36.099547,53.000961]]]}},{"type":"Feature","properties":{"id":526,"area":35.66},"geometry":{"type":"Polygon","coordinates":[[[36.10013,53.01103],[36.099453,53.003077],[36.099923,53.002896],[36.100826,53.010894],[36.10013,53.01103]]]}},{"type":"Feature","properties":{"id":561,"area":14.865},"geometry":{"type":"Polygon","coordinates":[[[36.097451,52.92972],[36.105489,52.931642],[36.105467,52.931675],[36.105424,52.931692],[36.105354,52.931668],[36.105308,52.931699],[36.105261,52.931756],[36.105423,52.931817],[36.10544,52.931869],[36.105368,52.931955],[36.097042,52.929763],[36.097451,52.92972]]]}},{"type":"Feature","properties":{"id":560,"area":6.023},"geometry":{"type":"Polygon","coordinates":[[[36.114395,52.984725],[36.114302,52.985023],[36.114332,52.985157],[36.114751,52.985288],[36.114918,52.985061],[36.11524,52.985314],[36.115025,52.985663],[36.114485,52.985537],[36.114564,52.985368],[36.11354,52.985151],[36.113226,52.985163],[36.112993,52.985058],[36.113018,52.984975],[36.113123,52.984868],[36.113513,52.984905],[36.113822,52.984738],[36.113927,52.98471],[36.114395,52.984725]]]}},{"type":"Feature","properties":{"id":563,"area":4.337},"geometry":{"type":"Polygon","coordinates":[[[36.086648,52.926961],[36.088407,52.927412],[36.088652,52.927476],[36.088748,52.927527],[36.088689,52.927571],[36.088532,52.927599],[36.08735,52.927305],[36.085728,52.926868],[36.084983,52.926657],[36.084922,52.926569],[36.084996,52.926514],[36.086648,52.926961]]]}},{"type":"Feature","properties":{"id":562,"area":7.094},"geometry":{"type":"Polygon","coordinates":[[[36.097389,52.976191],[36.097502,52.976081],[36.10022,52.977108],[36.101837,52.977845],[36.101713,52.978045],[36.100197,52.977457],[36.100126,52.977252],[36.097389,52.976191]]]}},{"type":"Feature","properties":{"id":565,"area":4.289},"geometry":{"type":"Polygon","coordinates":[[[36.082356,52.925999],[36.079373,52.925225],[36.079478,52.925081],[36.082626,52.925865],[36.082356,52.925999]]]}},{"type":"Feature","properties":{"id":564,"area":1.722},"geometry":{"type":"Polygon","coordinates":[[[36.088782,52.926595],[36.088707,52.926694],[36.086803,52.926199],[36.08688,52.926097],[36.088782,52.926595]]]}},{"type":"Feature","properties":{"id":567,"area":0.62},"geometry":{"type":"Polygon","coordinates":[[[36.058897,52.947497],[36.058814,52.947533],[36.057964,52.946883],[36.05805,52.946854],[36.058897,52.947497]]]}},{"type":"Feature","properties":{"id":566,"area":3.362},"geometry":{"type":"Polygon","coordinates":[[[36.083832,52.925514],[36.083665,52.925413],[36.083801,52.925357],[36.084017,52.925341],[36.085906,52.925819],[36.08593,52.925889],[36.085883,52.925954],[36.085752,52.92599],[36.083832,52.925514]]]}},{"type":"Feature","properties":{"id":569,"area":0.888},"geometry":{"type":"Polygon","coordinates":[[[36.059111,52.947743],[36.059196,52.947705],[36.060455,52.948665],[36.060387,52.948699],[36.059111,52.947743]]]}},{"type":"Feature","properties":{"id":568,"area":15.441},"geometry":{"type":"Polygon","coordinates":[[[36.041561,52.936514],[36.042832,52.935701],[36.04297,52.935726],[36.04332,52.935997],[36.042798,52.936304],[36.04428,52.937284],[36.043645,52.937668],[36.041561,52.936514]]]}},{"type":"Feature","properties":{"id":571,"area":0.49},"geometry":{"type":"Polygon","coordinates":[[[36.057891,52.946709],[36.057842,52.946737],[36.056892,52.946039],[36.056951,52.946008],[36.057891,52.946709]]]}},{"type":"Feature","properties":{"id":570,"area":2.499},"geometry":{"type":"Polygon","coordinates":[[[36.055333,52.945274],[36.056497,52.946091],[36.057528,52.946881],[36.057421,52.946926],[36.056387,52.946174],[36.055975,52.945877],[36.055302,52.945402],[36.055194,52.945316],[36.055208,52.945276],[36.055333,52.945274]]]}},{"type":"Feature","properties":{"id":573,"area":54.212},"geometry":{"type":"Polygon","coordinates":[[[36.042506,52.913611],[36.042274,52.912921],[36.039999,52.911692],[36.04152,52.91168],[36.042984,52.911843],[36.046306,52.913578],[36.046187,52.91398],[36.04581,52.913929],[36.045165,52.913946],[36.044867,52.91439],[36.044306,52.914112],[36.043777,52.914327],[36.042506,52.913611]]]}},{"type":"Feature","properties":{"id":572,"area":8.676},"geometry":{"type":"Polygon","coordinates":[[[36.077043,52.923713],[36.07631,52.92363],[36.074492,52.923134],[36.07348,52.92268],[36.073671,52.922578],[36.075525,52.923122],[36.075859,52.923238],[36.076295,52.923311],[36.076852,52.923444],[36.07676,52.923344],[36.076859,52.923173],[36.077451,52.923323],[36.077366,52.923565],[36.077043,52.923713]]]}},{"type":"Feature","properties":{"id":575,"area":93.949},"geometry":{"type":"Polygon","coordinates":[[[36.053838,52.913797],[36.051591,52.914695],[36.048591,52.913086],[36.047889,52.91275],[36.04687,52.912143],[36.047694,52.91143],[36.050584,52.911359],[36.054198,52.913646],[36.053838,52.913797]]]}},{"type":"Feature","properties":{"id":574,"area":17.018},"geometry":{"type":"Polygon","coordinates":[[[36.053813,52.915053],[36.052981,52.915028],[36.052455,52.914611],[36.054335,52.913804],[36.055753,52.914677],[36.054139,52.915019],[36.053813,52.915053]]]}},{"type":"Feature","properties":{"id":545,"area":26.881},"geometry":{"type":"Polygon","coordinates":[[[36.167423,52.951154],[36.167467,52.951208],[36.167365,52.951259],[36.166879,52.951385],[36.16635,52.951463],[36.165753,52.951553],[36.164539,52.951695],[36.162261,52.951894],[36.162007,52.951866],[36.161991,52.95176],[36.162993,52.951268],[36.163162,52.951222],[36.163483,52.951384],[36.163651,52.951469],[36.163834,52.951505],[36.164038,52.951484],[36.164504,52.951366],[36.164675,52.951234],[36.164735,52.951101],[36.164688,52.950981],[36.164696,52.950727],[36.165064,52.950627],[36.166058,52.950405],[36.166997,52.95046],[36.167503,52.950922],[36.167344,52.950971],[36.167255,52.951019],[36.167249,52.951067],[36.167322,52.951105],[36.167423,52.951154]]]}},{"type":"Feature","properties":{"id":544,"area":0.161},"geometry":{"type":"Polygon","coordinates":[[[36.157599,52.938102],[36.158134,52.938085],[36.157706,52.938179],[36.157599,52.938102]]]}},{"type":"Feature","properties":{"id":547,"area":1402.934},"geometry":{"type":"Polygon","coordinates":[[[36.170601,52.950602],[36.17143,52.950885],[36.171547,52.950825],[36.170964,52.95049],[36.171871,52.950237],[36.172763,52.949885],[36.173469,52.949778],[36.178353,52.949745],[36.183787,52.949795],[36.185151,52.950167],[36.185477,52.951022],[36.183947,52.952459],[36.184182,52.953762],[36.186627,52.954243],[36.187408,52.954243],[36.18744,52.954334],[36.188404,52.955063],[36.18947,52.956769],[36.192004,52.957543],[36.192009,52.957589],[36.185634,52.961162],[36.185507,52.96124],[36.185321,52.961237],[36.184154,52.962059],[36.18319,52.962642],[36.181475,52.963707],[36.179598,52.964466],[36.178858,52.96471],[36.178559,52.964685],[36.176603,52.961856],[36.174054,52.958103],[36.172685,52.956035],[36.171243,52.954034],[36.17065,52.95325],[36.168748,52.951307],[36.168794,52.951148],[36.169072,52.95101],[36.170601,52.950602]]]}},{"type":"Feature","properties":{"id":546,"area":187.521},"geometry":{"type":"Polygon","coordinates":[[[36.128261,52.93775],[36.128856,52.93745],[36.129098,52.937498],[36.126454,52.940368],[36.123587,52.942755],[36.122314,52.941559],[36.11956,52.94111],[36.119184,52.940555],[36.118207,52.940565],[36.117112,52.938172],[36.122522,52.938644],[36.121877,52.940143],[36.122532,52.940253],[36.123207,52.938704],[36.127632,52.93888],[36.128242,52.938012],[36.128261,52.93775]]]}},{"type":"Feature","properties":{"id":549,"area":19.231},"geometry":{"type":"Polygon","coordinates":[[[36.186343,52.951569],[36.186734,52.952356],[36.185334,52.953238],[36.184676,52.95321],[36.184347,52.952601],[36.184583,52.951971],[36.186343,52.951569]]]}},{"type":"Feature","properties":{"id":548,"area":0.709},"geometry":{"type":"Polygon","coordinates":[[[36.191531,52.956727],[36.192555,52.957119],[36.192371,52.957234],[36.191531,52.956727]]]}},{"type":"Feature","properties":{"id":551,"area":8.672},"geometry":{"type":"Polygon","coordinates":[[[36.14809,53.00789],[36.148172,53.007774],[36.14858,53.007544],[36.149173,53.007957],[36.149126,53.00804],[36.149071,53.008144],[36.149502,53.008413],[36.149994,53.008523],[36.149984,53.008623],[36.149891,53.008735],[36.149655,53.008871],[36.149457,53.008989],[36.148034,53.008082],[36.14809,53.00789]]]}},{"type":"Feature","properties":{"id":550,"area":49.038},"geometry":{"type":"Polygon","coordinates":[[[36.159536,53.013905],[36.159536,53.013905],[36.161016,53.015261],[36.161754,53.015769],[36.161608,53.015872],[36.160467,53.015085],[36.160317,53.015143],[36.159691,53.014698],[36.159774,53.014613],[36.158793,53.01397],[36.155977,53.012151],[36.155865,53.012025],[36.156116,53.011913],[36.157252,53.012654],[36.158458,53.012057],[36.158399,53.011849],[36.157768,53.011097],[36.159784,53.010175],[36.160415,53.009646],[36.160997,53.009772],[36.158639,53.012753],[36.158444,53.013018],[36.158838,53.01338],[36.159536,53.013905]]]}},{"type":"Feature","properties":{"id":553,"area":0.451},"geometry":{"type":"Polygon","coordinates":[[[36.141125,53.002439],[36.141621,53.002744],[36.14151,53.002769],[36.141458,53.002818],[36.14142,53.002891],[36.141125,53.002439]]]}},{"type":"Feature","properties":{"id":552,"area":5.336},"geometry":{"type":"Polygon","coordinates":[[[36.150314,53.007775],[36.14982,53.007952],[36.149634,53.007917],[36.149359,53.007784],[36.148994,53.007548],[36.148696,53.007317],[36.148734,53.007231],[36.14918,53.006989],[36.150314,53.007775]]]}},{"type":"Feature","properties":{"id":555,"area":1.779},"geometry":{"type":"Polygon","coordinates":[[[36.1425,53.003358],[36.14251,53.003423],[36.14246,53.003476],[36.14238,53.003501],[36.14228,53.003504],[36.142123,53.003472],[36.14199,53.003404],[36.141798,53.003294],[36.141621,53.00316],[36.141558,53.003084],[36.141513,53.003013],[36.1415,53.002935],[36.14155,53.002862],[36.141643,53.00283],[36.141749,53.002843],[36.141934,53.002971],[36.14182,53.003175],[36.141846,53.003224],[36.141907,53.003265],[36.141999,53.003291],[36.142319,53.003236],[36.1425,53.003358]]]}},{"type":"Feature","properties":{"id":554,"area":4.872},"geometry":{"type":"Polygon","coordinates":[[[36.135616,52.99921],[36.135099,52.998852],[36.135477,52.998786],[36.135939,52.998968],[36.13652,52.99937],[36.13579,52.99976],[36.135267,52.999398],[36.135616,52.99921]]]}},{"type":"Feature","properties":{"id":557,"area":20.889},"geometry":{"type":"Polygon","coordinates":[[[36.128613,52.996564],[36.129501,52.996626],[36.130253,52.996502],[36.130178,52.996377],[36.130855,52.996049],[36.131268,52.995879],[36.132321,52.996491],[36.131978,52.996634],[36.131287,52.996683],[36.130802,52.99681],[36.130237,52.997038],[36.131051,52.997089],[36.131887,52.997379],[36.131635,52.997656],[36.130513,52.997604],[36.129802,52.997079],[36.129335,52.997069],[36.128776,52.997087],[36.128613,52.996564]]]}},{"type":"Feature","properties":{"id":556,"area":0.733},"geometry":{"type":"Polygon","coordinates":[[[36.142634,53.003423],[36.143385,53.003951],[36.142457,53.003571],[36.142543,53.003536],[36.142619,53.003468],[36.142634,53.003423]]]}},{"type":"Feature","properties":{"id":559,"area":4.646},"geometry":{"type":"Polygon","coordinates":[[[36.094935,52.975537],[36.092975,52.974736],[36.093138,52.974636],[36.095399,52.975331],[36.095505,52.975444],[36.095378,52.975557],[36.094935,52.975537]]]}},{"type":"Feature","properties":{"id":558,"area":12.588},"geometry":{"type":"Polygon","coordinates":[[[36.151786,53.00935],[36.152096,53.009203],[36.151692,53.008887],[36.151438,53.008928],[36.151335,53.00886],[36.151548,53.008738],[36.15198,53.00853],[36.151496,53.008194],[36.151798,53.008011],[36.152005,53.008147],[36.151845,53.008232],[36.152365,53.008595],[36.151931,53.008816],[36.15425,53.010367],[36.1537,53.010661],[36.151786,53.00935]]]}},{"type":"Feature","properties":{"id":209,"area":0.5},"geometry":{"type":"Polygon","coordinates":[[[36.027805,52.950983],[36.02807,52.950789],[36.028157,52.951147],[36.028068,52.951152],[36.028028,52.951147],[36.027805,52.950983]]]}},{"type":"Feature","properties":{"id":208,"area":2.817},"geometry":{"type":"Polygon","coordinates":[[[36.025534,52.950298],[36.024876,52.950305],[36.024842,52.950278],[36.024797,52.949622],[36.024878,52.94959],[36.024946,52.949614],[36.025,52.949722],[36.02518,52.949839],[36.025392,52.949881],[36.025703,52.95005],[36.025511,52.950147],[36.025534,52.950298]]]}},{"type":"Feature","properties":{"id":211,"area":0.304},"geometry":{"type":"Polygon","coordinates":[[[36.023591,52.949387],[36.023628,52.949406],[36.023631,52.949473],[36.023612,52.949496],[36.02329,52.949506],[36.023247,52.949476],[36.023249,52.949426],[36.023285,52.949394],[36.023591,52.949387]]]}},{"type":"Feature","properties":{"id":210,"area":0.938},"geometry":{"type":"Polygon","coordinates":[[[36.023116,52.949513],[36.022017,52.94955],[36.021958,52.949519],[36.021955,52.949477],[36.022003,52.949443],[36.0231,52.949404],[36.023142,52.949427],[36.023146,52.949474],[36.023116,52.949513]]]}},{"type":"Feature","properties":{"id":213,"area":0.597},"geometry":{"type":"Polygon","coordinates":[[[36.032238,52.946358],[36.032305,52.946343],[36.032408,52.946415],[36.032431,52.946466],[36.032418,52.946508],[36.032374,52.946536],[36.031159,52.946595],[36.031228,52.94656],[36.032093,52.946507],[36.032238,52.946358]]]}},{"type":"Feature","properties":{"id":212,"area":2.721},"geometry":{"type":"Polygon","coordinates":[[[36.023876,52.948646],[36.024523,52.949419],[36.024409,52.949474],[36.023767,52.949491],[36.023726,52.949468],[36.023722,52.949407],[36.023752,52.94938],[36.024019,52.949369],[36.024037,52.949367],[36.023992,52.949206],[36.024112,52.949102],[36.023752,52.94867],[36.023582,52.948397],[36.023425,52.948067],[36.023399,52.947909],[36.023454,52.947857],[36.023523,52.947846],[36.023612,52.948123],[36.023876,52.948646]]]}},{"type":"Feature","properties":{"id":215,"area":3.473},"geometry":{"type":"Polygon","coordinates":[[[36.033962,52.934889],[36.035611,52.935773],[36.035471,52.935868],[36.034279,52.93518],[36.033799,52.935497],[36.033402,52.93527],[36.033962,52.934889]]]}},{"type":"Feature","properties":{"id":214,"area":3.558},"geometry":{"type":"Polygon","coordinates":[[[36.032863,52.9395],[36.032831,52.939671],[36.032973,52.939705],[36.032914,52.940007],[36.033271,52.94003],[36.033231,52.940268],[36.032923,52.940254],[36.03256,52.940037],[36.032689,52.93932],[36.032802,52.939283],[36.032997,52.939343],[36.033421,52.939385],[36.033998,52.939581],[36.033979,52.939615],[36.032863,52.9395]]]}},{"type":"Feature","properties":{"id":217,"area":0.835},"geometry":{"type":"Polygon","coordinates":[[[36.008982,52.918759],[36.008886,52.918816],[36.008791,52.918762],[36.008786,52.918765],[36.008548,52.918624],[36.007915,52.918265],[36.007894,52.918229],[36.007964,52.918184],[36.008765,52.918637],[36.00889,52.918704],[36.008887,52.918706],[36.008982,52.918759]]]}},{"type":"Feature","properties":{"id":216,"area":0.138},"geometry":{"type":"Polygon","coordinates":[[[36.033195,52.938234],[36.033523,52.937981],[36.033593,52.93798],[36.033217,52.938269],[36.033195,52.938234]]]}},{"type":"Feature","properties":{"id":219,"area":0.154},"geometry":{"type":"Polygon","coordinates":[[[36.022189,52.924563],[36.022154,52.924549],[36.022156,52.924528],[36.022199,52.924507],[36.022364,52.924495],[36.022481,52.924449],[36.022561,52.924503],[36.022297,52.924557],[36.022189,52.924563]]]}},{"type":"Feature","properties":{"id":218,"area":0.138},"geometry":{"type":"Polygon","coordinates":[[[36.021675,52.924405],[36.021918,52.924449],[36.02193,52.924471],[36.021915,52.924495],[36.021856,52.924504],[36.02163,52.924463],[36.021615,52.924436],[36.021638,52.924414],[36.021675,52.924405]]]}},{"type":"Feature","properties":{"id":221,"area":0.307},"geometry":{"type":"Polygon","coordinates":[[[36.048043,52.939191],[36.047849,52.939042],[36.04802,52.938961],[36.048214,52.93911],[36.048043,52.939191]]]}},{"type":"Feature","properties":{"id":220,"area":32.305},"geometry":{"type":"Polygon","coordinates":[[[36.020962,52.92457],[36.02102,52.924546],[36.021057,52.924535],[36.021127,52.924527],[36.021265,52.924543],[36.022212,52.924676],[36.022364,52.924661],[36.022502,52.924621],[36.022718,52.924523],[36.023107,52.924384],[36.024556,52.924561],[36.024578,52.924488],[36.023338,52.924276],[36.023009,52.92431],[36.02258,52.924484],[36.02254,52.924453],[36.022858,52.924291],[36.022785,52.924188],[36.022501,52.924085],[36.022429,52.924005],[36.022202,52.923924],[36.022086,52.924025],[36.021942,52.923976],[36.021633,52.924258],[36.0215,52.924324],[36.021313,52.924384],[36.021206,52.924392],[36.021139,52.924381],[36.021143,52.924356],[36.021096,52.924331],[36.02207,52.923726],[36.022118,52.923699],[36.022106,52.923691],[36.022251,52.923626],[36.022553,52.923652],[36.023286,52.923927],[36.023193,52.924126],[36.024706,52.924438],[36.024675,52.924488],[36.024628,52.924572],[36.026934,52.925028],[36.026764,52.925316],[36.029593,52.926061],[36.030291,52.92632],[36.03024,52.92639],[36.027917,52.925824],[36.027142,52.925672],[36.025661,52.92539],[36.023752,52.925046],[36.023128,52.924962],[36.021468,52.924753],[36.021057,52.924684],[36.020986,52.924605],[36.020964,52.924612],[36.02094,52.92463],[36.020922,52.924655],[36.020789,52.924606],[36.020915,52.924618],[36.020962,52.92457]]]}},{"type":"Feature","properties":{"id":223,"area":0.042},"geometry":{"type":"Polygon","coordinates":[[[36.049916,52.940976],[36.049982,52.94109],[36.049845,52.941023],[36.049916,52.940976]]]}},{"type":"Feature","properties":{"id":222,"area":0.174},"geometry":{"type":"Polygon","coordinates":[[[36.049735,52.940871],[36.049868,52.940937],[36.049788,52.940991],[36.049588,52.940887],[36.049716,52.940797],[36.049783,52.94083],[36.049735,52.940871]]]}},{"type":"Feature","properties":{"id":193,"area":3.363},"geometry":{"type":"Polygon","coordinates":[[[36.062196,52.965948],[36.062279,52.966013],[36.062359,52.966092],[36.062403,52.966188],[36.062404,52.966261],[36.062389,52.966349],[36.062221,52.96662],[36.061283,52.965914],[36.06146,52.965863],[36.061589,52.965837],[36.061714,52.965823],[36.06183,52.965836],[36.061946,52.96586],[36.062069,52.965896],[36.062196,52.965948]]]}},{"type":"Feature","properties":{"id":192,"area":0.132},"geometry":{"type":"Polygon","coordinates":[[[36.062488,52.965365],[36.06257,52.965248],[36.062623,52.965254],[36.062633,52.965458],[36.062488,52.965365]]]}},{"type":"Feature","properties":{"id":195,"area":1.572},"geometry":{"type":"Polygon","coordinates":[[[36.072489,52.967056],[36.07254,52.967049],[36.072732,52.966883],[36.072414,52.967356],[36.071739,52.968121],[36.071494,52.968198],[36.071679,52.967981],[36.072244,52.967318],[36.072489,52.967056]]]}},{"type":"Feature","properties":{"id":194,"area":0.429},"geometry":{"type":"Polygon","coordinates":[[[36.062805,52.965499],[36.062837,52.965494],[36.062894,52.965732],[36.062936,52.966019],[36.062882,52.966004],[36.062816,52.966003],[36.062748,52.966012],[36.062771,52.965853],[36.062805,52.965499]]]}},{"type":"Feature","properties":{"id":197,"area":0.688},"geometry":{"type":"Polygon","coordinates":[[[36.080323,52.97638],[36.080415,52.976417],[36.080008,52.976765],[36.079649,52.977092],[36.079368,52.97724],[36.079737,52.976906],[36.080323,52.97638]]]}},{"type":"Feature","properties":{"id":196,"area":0.299},"geometry":{"type":"Polygon","coordinates":[[[36.075839,52.970755],[36.076053,52.97084],[36.07591,52.970971],[36.075697,52.970886],[36.075839,52.970755]]]}},{"type":"Feature","properties":{"id":199,"area":0.288},"geometry":{"type":"Polygon","coordinates":[[[36.077944,52.978663],[36.077925,52.978621],[36.077919,52.978587],[36.077941,52.978549],[36.078284,52.978228],[36.078359,52.978223],[36.07807,52.97849],[36.078051,52.978666],[36.077944,52.978663]]]}},{"type":"Feature","properties":{"id":198,"area":0.178},"geometry":{"type":"Polygon","coordinates":[[[36.078382,52.978201],[36.078309,52.978205],[36.078584,52.977956],[36.078614,52.977943],[36.078656,52.977943],[36.078711,52.977976],[36.078719,52.978004],[36.078685,52.978026],[36.078636,52.978031],[36.078588,52.978012],[36.078382,52.978201]]]}},{"type":"Feature","properties":{"id":201,"area":0.359},"geometry":{"type":"Polygon","coordinates":[[[36.063305,52.953134],[36.063347,52.953233],[36.063315,52.953261],[36.062981,52.95333],[36.06292,52.953217],[36.063305,52.953134]]]}},{"type":"Feature","properties":{"id":200,"area":0.039},"geometry":{"type":"Polygon","coordinates":[[[36.07806,52.978709],[36.078166,52.978734],[36.078168,52.978751],[36.078151,52.978759],[36.078007,52.978727],[36.077972,52.978704],[36.078056,52.978696],[36.07806,52.978709]]]}},{"type":"Feature","properties":{"id":203,"area":0.031},"geometry":{"type":"Polygon","coordinates":[[[36.063406,52.952866],[36.063385,52.952802],[36.063473,52.952803],[36.063463,52.952852],[36.063406,52.952866]]]}},{"type":"Feature","properties":{"id":202,"area":0.25},"geometry":{"type":"Polygon","coordinates":[[[36.063452,52.953168],[36.063404,52.953165],[36.063286,52.952947],[36.063502,52.952892],[36.063452,52.953168]]]}},{"type":"Feature","properties":{"id":205,"area":0.103},"geometry":{"type":"Polygon","coordinates":[[[36.064457,52.952904],[36.064448,52.952935],[36.064018,52.952893],[36.064026,52.952861],[36.064457,52.952904]]]}},{"type":"Feature","properties":{"id":204,"area":0.103},"geometry":{"type":"Polygon","coordinates":[[[36.06355,52.952811],[36.063981,52.952854],[36.063972,52.952885],[36.063542,52.952843],[36.06355,52.952811]]]}},{"type":"Feature","properties":{"id":207,"area":0.361},"geometry":{"type":"Polygon","coordinates":[[[36.021951,52.947204],[36.022838,52.947162],[36.022582,52.94724],[36.021992,52.947267],[36.021951,52.947204]]]}},{"type":"Feature","properties":{"id":206,"area":0.469},"geometry":{"type":"Polygon","coordinates":[[[36.02044,52.947375],[36.020197,52.947268],[36.020951,52.947234],[36.020767,52.947357],[36.02044,52.947375]]]}},{"type":"Feature","properties":{"id":241,"area":0.286},"geometry":{"type":"Polygon","coordinates":[[[36.052982,52.979585],[36.05297,52.979616],[36.052687,52.979652],[36.052634,52.979573],[36.052618,52.97956],[36.05277,52.979468],[36.052982,52.979585]]]}},{"type":"Feature","properties":{"id":240,"area":0.65},"geometry":{"type":"Polygon","coordinates":[[[36.052969,52.97964],[36.052996,52.979652],[36.052282,52.980203],[36.052263,52.980194],[36.05229,52.979976],[36.052339,52.979972],[36.052446,52.979951],[36.052564,52.979904],[36.052651,52.979834],[36.052699,52.979746],[36.052693,52.979678],[36.052969,52.97964]]]}},{"type":"Feature","properties":{"id":243,"area":0.192},"geometry":{"type":"Polygon","coordinates":[[[36.05213,52.979917],[36.052299,52.979819],[36.052524,52.979882],[36.052423,52.979922],[36.052306,52.979936],[36.052194,52.979933],[36.05213,52.979917]]]}},{"type":"Feature","properties":{"id":242,"area":0.354},"geometry":{"type":"Polygon","coordinates":[[[36.05253,52.979506],[36.052404,52.979463],[36.052302,52.979455],[36.052263,52.979454],[36.052486,52.979319],[36.052736,52.979452],[36.052588,52.979545],[36.05253,52.979506]]]}},{"type":"Feature","properties":{"id":245,"area":0.193},"geometry":{"type":"Polygon","coordinates":[[[36.051932,52.979807],[36.051904,52.97974],[36.051908,52.979697],[36.052124,52.979768],[36.052095,52.979907],[36.051998,52.979864],[36.051932,52.979807]]]}},{"type":"Feature","properties":{"id":244,"area":0.187},"geometry":{"type":"Polygon","coordinates":[[[36.052451,52.97974],[36.052612,52.979625],[36.052639,52.97967],[36.052642,52.97974],[36.052606,52.979817],[36.052549,52.979863],[36.052451,52.97974]]]}},{"type":"Feature","properties":{"id":247,"area":1.004},"geometry":{"type":"Polygon","coordinates":[[[36.051443,52.979879],[36.051567,52.979863],[36.052184,52.980236],[36.052292,52.980243],[36.053034,52.979675],[36.053045,52.979619],[36.053014,52.979563],[36.052497,52.979279],[36.052528,52.97926],[36.053214,52.979602],[36.052258,52.980303],[36.051691,52.979994],[36.051567,52.979995],[36.051331,52.979934],[36.051443,52.979879]]]}},{"type":"Feature","properties":{"id":246,"area":0.19},"geometry":{"type":"Polygon","coordinates":[[[36.052495,52.979538],[36.052577,52.979591],[36.052593,52.979608],[36.052355,52.979624],[36.052243,52.979493],[36.05239,52.979503],[36.052495,52.979538]]]}},{"type":"Feature","properties":{"id":249,"area":0.476},"geometry":{"type":"Polygon","coordinates":[[[36.060225,52.981316],[36.059908,52.980852],[36.060435,52.981223],[36.060225,52.981316]]]}},{"type":"Feature","properties":{"id":248,"area":0.788},"geometry":{"type":"Polygon","coordinates":[[[36.059389,52.980656],[36.059651,52.980865],[36.059514,52.980901],[36.059609,52.981031],[36.059694,52.981059],[36.059738,52.981118],[36.05936,52.981145],[36.059318,52.981117],[36.059389,52.980656]]]}},{"type":"Feature","properties":{"id":251,"area":0.305},"geometry":{"type":"Polygon","coordinates":[[[36.060773,52.981068],[36.060664,52.980986],[36.060977,52.980846],[36.061082,52.980932],[36.060773,52.981068]]]}},{"type":"Feature","properties":{"id":250,"area":0.239},"geometry":{"type":"Polygon","coordinates":[[[36.060718,52.981096],[36.06048,52.981202],[36.06037,52.981123],[36.060602,52.981009],[36.060718,52.981096]]]}},{"type":"Feature","properties":{"id":253,"area":0.295},"geometry":{"type":"Polygon","coordinates":[[[36.061843,52.980441],[36.061956,52.980529],[36.061675,52.980661],[36.061565,52.980573],[36.061843,52.980441]]]}},{"type":"Feature","properties":{"id":252,"area":0.429},"geometry":{"type":"Polygon","coordinates":[[[36.061108,52.980788],[36.061528,52.98059],[36.061634,52.980681],[36.061218,52.980871],[36.061108,52.980788]]]}},{"type":"Feature","properties":{"id":255,"area":0.453},"geometry":{"type":"Polygon","coordinates":[[[36.029212,52.995695],[36.029384,52.995612],[36.029467,52.995688],[36.029544,52.995884],[36.029252,52.99587],[36.029212,52.995695]]]}},{"type":"Feature","properties":{"id":254,"area":1.227},"geometry":{"type":"Polygon","coordinates":[[[36.060384,52.984565],[36.060685,52.984418],[36.060488,52.984272],[36.060184,52.984417],[36.06014,52.984382],[36.060451,52.98423],[36.060547,52.984199],[36.060662,52.984183],[36.060756,52.984223],[36.060879,52.984728],[36.060638,52.984738],[36.060632,52.984696],[36.060586,52.984647],[36.060499,52.984621],[36.060407,52.984607],[36.060384,52.984565]]]}},{"type":"Feature","properties":{"id":225,"area":0.18},"geometry":{"type":"Polygon","coordinates":[[[36.050352,52.940856],[36.050211,52.940946],[36.049986,52.940938],[36.050147,52.940829],[36.050352,52.940856]]]}},{"type":"Feature","properties":{"id":224,"area":0.096},"geometry":{"type":"Polygon","coordinates":[[[36.050017,52.941076],[36.049952,52.940963],[36.050181,52.940967],[36.050017,52.941076]]]}},{"type":"Feature","properties":{"id":227,"area":0.434},"geometry":{"type":"Polygon","coordinates":[[[36.048936,52.94076],[36.048863,52.940669],[36.04882,52.940584],[36.048946,52.940648],[36.049393,52.940893],[36.049278,52.940962],[36.048936,52.94076]]]}},{"type":"Feature","properties":{"id":226,"area":0.118},"geometry":{"type":"Polygon","coordinates":[[[36.050045,52.940747],[36.05007,52.940807],[36.050007,52.940855],[36.049949,52.940864],[36.049907,52.940855],[36.049853,52.940788],[36.050045,52.940747]]]}},{"type":"Feature","properties":{"id":229,"area":1.863},"geometry":{"type":"Polygon","coordinates":[[[36.058831,52.936157],[36.058804,52.936127],[36.058809,52.936092],[36.059343,52.935891],[36.059459,52.935872],[36.059568,52.935864],[36.05966,52.935879],[36.059737,52.935909],[36.059998,52.936079],[36.059998,52.936145],[36.059933,52.936173],[36.058831,52.936157]]]}},{"type":"Feature","properties":{"id":228,"area":1.139},"geometry":{"type":"Polygon","coordinates":[[[36.060003,52.935798],[36.059976,52.935836],[36.059912,52.935859],[36.059663,52.935772],[36.059578,52.935759],[36.059465,52.935761],[36.059198,52.935808],[36.059158,52.935785],[36.059146,52.935758],[36.059436,52.935573],[36.059499,52.935546],[36.059569,52.93553],[36.05964,52.935529],[36.059704,52.935544],[36.059991,52.935724],[36.060003,52.935798]]]}},{"type":"Feature","properties":{"id":231,"area":0.45},"geometry":{"type":"Polygon","coordinates":[[[36.039741,52.949388],[36.039682,52.949402],[36.039463,52.9493],[36.039546,52.94924],[36.040316,52.949613],[36.04027,52.949645],[36.039974,52.949503],[36.039866,52.949573],[36.039811,52.949546],[36.039899,52.949468],[36.039741,52.949388]]]}},{"type":"Feature","properties":{"id":230,"area":0.524},"geometry":{"type":"Polygon","coordinates":[[[36.070553,52.941269],[36.070611,52.94123],[36.070648,52.941221],[36.071012,52.941487],[36.070999,52.941513],[36.070943,52.941544],[36.070879,52.941554],[36.0708,52.941523],[36.07058,52.941367],[36.070536,52.941304],[36.070553,52.941269]]]}},{"type":"Feature","properties":{"id":233,"area":0.244},"geometry":{"type":"Polygon","coordinates":[[[36.062427,52.975917],[36.062455,52.975892],[36.062555,52.975858],[36.062652,52.975851],[36.062757,52.975863],[36.062677,52.975942],[36.062517,52.976025],[36.062446,52.975971],[36.062427,52.975917]]]}},{"type":"Feature","properties":{"id":232,"area":0.133},"geometry":{"type":"Polygon","coordinates":[[[36.062385,52.967094],[36.062385,52.967112],[36.062376,52.96713],[36.062359,52.967145],[36.062334,52.967156],[36.062305,52.967162],[36.062274,52.967162],[36.062245,52.967157],[36.062218,52.967145],[36.062199,52.967128],[36.062191,52.967108],[36.062195,52.967087],[36.06221,52.967069],[36.062234,52.967055],[36.062265,52.967047],[36.062299,52.967045],[36.062332,52.967051],[36.062357,52.967062],[36.062375,52.967077],[36.062385,52.967094]]]}},{"type":"Feature","properties":{"id":235,"area":0.502},"geometry":{"type":"Polygon","coordinates":[[[36.070919,52.983819],[36.071122,52.983759],[36.071341,52.984012],[36.071126,52.984078],[36.070919,52.983819]]]}},{"type":"Feature","properties":{"id":234,"area":0.212},"geometry":{"type":"Polygon","coordinates":[[[36.06297,52.975985],[36.062982,52.976015],[36.062976,52.976041],[36.062956,52.976059],[36.062928,52.976078],[36.062686,52.976086],[36.062743,52.976003],[36.062883,52.975934],[36.06297,52.975985]]]}},{"type":"Feature","properties":{"id":237,"area":0.627},"geometry":{"type":"Polygon","coordinates":[[[36.07393,52.98437],[36.073968,52.984563],[36.073491,52.984587],[36.073479,52.984422],[36.07393,52.98437]]]}},{"type":"Feature","properties":{"id":236,"area":0.576},"geometry":{"type":"Polygon","coordinates":[[[36.071573,52.98428],[36.071799,52.984534],[36.071537,52.984603],[36.071343,52.984345],[36.071573,52.98428]]]}},{"type":"Feature","properties":{"id":239,"area":0.42},"geometry":{"type":"Polygon","coordinates":[[[36.052223,52.980191],[36.0522,52.980204],[36.051884,52.980017],[36.052029,52.979925],[36.05206,52.97994],[36.052187,52.979969],[36.052255,52.979972],[36.052223,52.980191]]]}},{"type":"Feature","properties":{"id":238,"area":0.386},"geometry":{"type":"Polygon","coordinates":[[[36.05194,52.979881],[36.051997,52.979908],[36.051848,52.980001],[36.0516,52.97985],[36.051844,52.979703],[36.051842,52.979741],[36.051875,52.979822],[36.05194,52.979881]]]}},{"type":"Feature","properties":{"id":145,"area":0.107},"geometry":{"type":"Polygon","coordinates":[[[36.108838,52.978734],[36.108924,52.978608],[36.109048,52.978647],[36.108905,52.978751],[36.108838,52.978734]]]}},{"type":"Feature","properties":{"id":144,"area":0.679},"geometry":{"type":"Polygon","coordinates":[[[36.110258,52.97857],[36.110152,52.978525],[36.110187,52.978488],[36.110138,52.978469],[36.110222,52.978373],[36.110384,52.978224],[36.110535,52.978152],[36.110583,52.978194],[36.110611,52.978237],[36.110626,52.978296],[36.110626,52.978362],[36.110461,52.97838],[36.110258,52.97857]]]}},{"type":"Feature","properties":{"id":147,"area":1.063},"geometry":{"type":"Polygon","coordinates":[[[36.103633,52.978451],[36.104289,52.978512],[36.104332,52.978595],[36.104098,52.978801],[36.103559,52.978514],[36.103633,52.978451]]]}},{"type":"Feature","properties":{"id":146,"area":0.058},"geometry":{"type":"Polygon","coordinates":[[[36.109757,52.977922],[36.10967,52.978019],[36.109575,52.977989],[36.109727,52.977913],[36.109757,52.977922]]]}},{"type":"Feature","properties":{"id":149,"area":0.535},"geometry":{"type":"Polygon","coordinates":[[[36.107673,52.97778],[36.108169,52.977472],[36.108314,52.977564],[36.108067,52.977667],[36.108092,52.977681],[36.107974,52.977752],[36.107866,52.977769],[36.107793,52.977821],[36.107744,52.977823],[36.107673,52.97778]]]}},{"type":"Feature","properties":{"id":148,"area":11.675},"geometry":{"type":"Polygon","coordinates":[[[36.10698,52.977886],[36.107359,52.978087],[36.107715,52.977852],[36.108015,52.978041],[36.108007,52.978065],[36.108815,52.978363],[36.108488,52.978717],[36.106,52.978465],[36.105789,52.978443],[36.105658,52.978406],[36.105498,52.978355],[36.105391,52.978299],[36.105832,52.978012],[36.106321,52.978276],[36.10698,52.977886]]]}},{"type":"Feature","properties":{"id":151,"area":0.018},"geometry":{"type":"Polygon","coordinates":[[[36.107968,52.977822],[36.107962,52.977828],[36.107953,52.977833],[36.107941,52.977836],[36.107929,52.977836],[36.107918,52.977834],[36.107909,52.97783],[36.107902,52.977824],[36.107899,52.977818],[36.107899,52.977811],[36.107902,52.977804],[36.107909,52.977798],[36.10792,52.977794],[36.107931,52.977792],[36.107944,52.977793],[36.107955,52.977796],[36.107964,52.977801],[36.107969,52.977808],[36.107971,52.977815],[36.107968,52.977822]]]}},{"type":"Feature","properties":{"id":150,"area":5.486},"geometry":{"type":"Polygon","coordinates":[[[36.109042,52.97768],[36.108439,52.977494],[36.107949,52.977217],[36.108603,52.976843],[36.109493,52.977437],[36.109663,52.977494],[36.109371,52.977788],[36.109042,52.97768]]]}},{"type":"Feature","properties":{"id":153,"area":0.133},"geometry":{"type":"Polygon","coordinates":[[[36.108069,52.977753],[36.108292,52.977608],[36.10839,52.977659],[36.108313,52.977713],[36.108069,52.977753]]]}},{"type":"Feature","properties":{"id":152,"area":0.031},"geometry":{"type":"Polygon","coordinates":[[[36.108058,52.97781],[36.108187,52.97779],[36.108133,52.977863],[36.108058,52.97781]]]}},{"type":"Feature","properties":{"id":155,"area":1.274},"geometry":{"type":"Polygon","coordinates":[[[36.111662,52.979816],[36.11178,52.979857],[36.111512,52.980164],[36.111461,52.980148],[36.111386,52.980228],[36.111211,52.980173],[36.111046,52.980122],[36.1114,52.979732],[36.111453,52.979748],[36.111435,52.979776],[36.111542,52.979814],[36.11149,52.979871],[36.111638,52.97992],[36.111687,52.979869],[36.111632,52.979849],[36.111662,52.979816]]]}},{"type":"Feature","properties":{"id":154,"area":2.069},"geometry":{"type":"Polygon","coordinates":[[[36.111878,52.976416],[36.111743,52.976337],[36.111812,52.976156],[36.111957,52.976123],[36.112038,52.976261],[36.111867,52.976765],[36.111741,52.976732],[36.111422,52.977108],[36.111548,52.977146],[36.111456,52.97725],[36.111286,52.977194],[36.11125,52.977226],[36.111097,52.977163],[36.111587,52.976688],[36.111461,52.976635],[36.111576,52.976514],[36.111818,52.976585],[36.111878,52.976416]]]}},{"type":"Feature","properties":{"id":157,"area":0.738},"geometry":{"type":"Polygon","coordinates":[[[36.10703,52.980818],[36.106946,52.980711],[36.106859,52.980628],[36.106754,52.980534],[36.106495,52.980346],[36.106524,52.980332],[36.106837,52.980494],[36.107138,52.980769],[36.107298,52.980728],[36.10735,52.980811],[36.107145,52.981006],[36.107094,52.980911],[36.10703,52.980818]]]}},{"type":"Feature","properties":{"id":156,"area":2.242},"geometry":{"type":"Polygon","coordinates":[[[36.1109,52.980591],[36.110823,52.980682],[36.110925,52.980712],[36.110601,52.98104],[36.110411,52.981247],[36.110337,52.98122],[36.110526,52.981023],[36.110378,52.980984],[36.110566,52.980733],[36.110992,52.980165],[36.111175,52.980214],[36.111362,52.980264],[36.111018,52.980626],[36.1109,52.980591]]]}},{"type":"Feature","properties":{"id":159,"area":0.204},"geometry":{"type":"Polygon","coordinates":[[[36.065474,52.962766],[36.065302,52.962651],[36.065306,52.962611],[36.065343,52.962577],[36.065426,52.962558],[36.065488,52.962572],[36.065513,52.962614],[36.065474,52.962766]]]}},{"type":"Feature","properties":{"id":158,"area":0.651},"geometry":{"type":"Polygon","coordinates":[[[36.107412,52.980798],[36.107352,52.980716],[36.107886,52.980591],[36.108005,52.980547],[36.108145,52.980474],[36.108256,52.980393],[36.108646,52.980057],[36.10868,52.980065],[36.108225,52.980487],[36.1082,52.980481],[36.108119,52.980566],[36.108074,52.980559],[36.107989,52.980583],[36.107926,52.980661],[36.107412,52.980798]]]}},{"type":"Feature","properties":{"id":129,"area":7.409},"geometry":{"type":"Polygon","coordinates":[[[36.103549,53.00123],[36.103325,53.001204],[36.103125,53.001137],[36.102969,53.001036],[36.102872,53.000912],[36.102844,53.000775],[36.102895,53.000627],[36.103027,53.000498],[36.103224,53.000404],[36.103462,53.000356],[36.103713,53.000358],[36.103948,53.000412],[36.104139,53.000511],[36.104263,53.000642],[36.104305,53.000792],[36.104261,53.000941],[36.10415,53.001061],[36.103983,53.001155],[36.103776,53.001213],[36.103549,53.00123]]]}},{"type":"Feature","properties":{"id":128,"area":2.039},"geometry":{"type":"Polygon","coordinates":[[[36.054767,52.975443],[36.054756,52.975505],[36.05415,52.9758],[36.054057,52.975798],[36.053916,52.975872],[36.053911,52.975923],[36.053384,52.976186],[36.053258,52.976093],[36.055076,52.975176],[36.055211,52.975273],[36.05501,52.975371],[36.054924,52.975364],[36.054767,52.975443]]]}},{"type":"Feature","properties":{"id":131,"area":16.888},"geometry":{"type":"Polygon","coordinates":[[[36.126707,52.935533],[36.126911,52.935476],[36.127036,52.935445],[36.128691,52.935558],[36.130786,52.935667],[36.13071,52.935749],[36.129152,52.93744],[36.128777,52.936033],[36.12869,52.93568],[36.125797,52.935519],[36.125828,52.935495],[36.126707,52.935533]]]}},{"type":"Feature","properties":{"id":130,"area":0.198},"geometry":{"type":"Polygon","coordinates":[[[36.124516,52.935289],[36.124521,52.935258],[36.125375,52.935315],[36.125364,52.935345],[36.124516,52.935289]]]}},{"type":"Feature","properties":{"id":133,"area":0.498},"geometry":{"type":"Polygon","coordinates":[[[36.045918,52.971124],[36.046095,52.971109],[36.046366,52.971458],[36.046207,52.971491],[36.045918,52.971124]]]}},{"type":"Feature","properties":{"id":132,"area":0.527},"geometry":{"type":"Polygon","coordinates":[[[36.046543,52.971408],[36.046269,52.971079],[36.046446,52.971037],[36.046725,52.971373],[36.046543,52.971408]]]}},{"type":"Feature","properties":{"id":135,"area":2.487},"geometry":{"type":"Polygon","coordinates":[[[36.138855,53.004641],[36.137343,53.005437],[36.137162,53.005312],[36.138674,53.004517],[36.138855,53.004641]]]}},{"type":"Feature","properties":{"id":134,"area":10.452},"geometry":{"type":"Polygon","coordinates":[[[36.141475,53.004832],[36.141016,53.00506],[36.140809,53.004919],[36.140747,53.00495],[36.140393,53.004713],[36.140388,53.004668],[36.140404,53.004632],[36.141391,53.004096],[36.142857,53.005089],[36.142623,53.00523],[36.142503,53.005229],[36.142551,53.005345],[36.142416,53.005492],[36.141475,53.004832]]]}},{"type":"Feature","properties":{"id":137,"area":0.801},"geometry":{"type":"Polygon","coordinates":[[[36.109288,52.978837],[36.109296,52.978797],[36.109599,52.978494],[36.109696,52.978523],[36.10968,52.978586],[36.109729,52.978609],[36.109465,52.978861],[36.109615,52.978921],[36.109533,52.979027],[36.109468,52.979011],[36.109405,52.978984],[36.109347,52.978948],[36.109314,52.978912],[36.109296,52.978877],[36.109288,52.978837]]]}},{"type":"Feature","properties":{"id":136,"area":0.518},"geometry":{"type":"Polygon","coordinates":[[[36.112597,52.978769],[36.112475,52.97872],[36.112995,52.97823],[36.113075,52.978257],[36.112597,52.978769]]]}},{"type":"Feature","properties":{"id":139,"area":0.039},"geometry":{"type":"Polygon","coordinates":[[[36.109683,52.978831],[36.109682,52.978841],[36.109675,52.978851],[36.109664,52.978859],[36.109649,52.978864],[36.109632,52.978866],[36.109615,52.978865],[36.109599,52.97886],[36.109587,52.978852],[36.109579,52.978843],[36.109577,52.978832],[36.109581,52.978821],[36.109591,52.978812],[36.109605,52.978806],[36.109621,52.978803],[36.109638,52.978803],[36.109655,52.978806],[36.109668,52.978812],[36.109678,52.978821],[36.109683,52.978831]]]}},{"type":"Feature","properties":{"id":138,"area":0.692},"geometry":{"type":"Polygon","coordinates":[[[36.109688,52.978911],[36.109918,52.978682],[36.109983,52.978704],[36.110034,52.978664],[36.110127,52.978693],[36.109936,52.978872],[36.110037,52.978971],[36.10998,52.978997],[36.1099,52.979021],[36.109787,52.979039],[36.109702,52.979045],[36.109629,52.979043],[36.109595,52.97904],[36.109688,52.978911]]]}},{"type":"Feature","properties":{"id":141,"area":0.072},"geometry":{"type":"Polygon","coordinates":[[[36.109678,52.978741],[36.109771,52.978641],[36.109845,52.978666],[36.109751,52.978766],[36.109678,52.978741]]]}},{"type":"Feature","properties":{"id":140,"area":0.039},"geometry":{"type":"Polygon","coordinates":[[[36.110283,52.978247],[36.110276,52.978257],[36.110265,52.978265],[36.11025,52.97827],[36.110233,52.978272],[36.110216,52.978271],[36.1102,52.978266],[36.110188,52.978258],[36.11018,52.978249],[36.110178,52.978238],[36.110183,52.978228],[36.110192,52.978219],[36.110206,52.978212],[36.110222,52.978209],[36.110239,52.978209],[36.110256,52.978212],[36.11027,52.978218],[36.110279,52.978227],[36.110284,52.978237],[36.110283,52.978247]]]}},{"type":"Feature","properties":{"id":143,"area":0.785},"geometry":{"type":"Polygon","coordinates":[[[36.110274,52.978043],[36.110397,52.978076],[36.110483,52.978117],[36.110337,52.978191],[36.110195,52.978145],[36.109933,52.978397],[36.109882,52.978382],[36.109791,52.978417],[36.109699,52.978387],[36.110027,52.978081],[36.110146,52.978046],[36.110274,52.978043]]]}},{"type":"Feature","properties":{"id":142,"area":0.072},"geometry":{"type":"Polygon","coordinates":[[[36.110103,52.978305],[36.110176,52.97833],[36.110083,52.97843],[36.110009,52.978405],[36.110103,52.978305]]]}},{"type":"Feature","properties":{"id":177,"area":0.186},"geometry":{"type":"Polygon","coordinates":[[[36.093603,52.974166],[36.093657,52.974125],[36.093741,52.974162],[36.093742,52.97419],[36.093684,52.97424],[36.093625,52.974251],[36.093404,52.974156],[36.093456,52.974115],[36.093497,52.974118],[36.093603,52.974166]]]}},{"type":"Feature","properties":{"id":176,"area":0.208},"geometry":{"type":"Polygon","coordinates":[[[36.093288,52.97372],[36.093461,52.973773],[36.093493,52.973742],[36.093425,52.973717],[36.093404,52.973735],[36.093313,52.973707],[36.093553,52.973597],[36.093429,52.973705],[36.093531,52.973742],[36.09347,52.973805],[36.093497,52.973846],[36.09343,52.973848],[36.093219,52.97376],[36.093288,52.97372]]]}},{"type":"Feature","properties":{"id":179,"area":2.257},"geometry":{"type":"Polygon","coordinates":[[[36.093955,52.973741],[36.093981,52.973769],[36.093848,52.973815],[36.093817,52.973778],[36.093879,52.973597],[36.094072,52.97347],[36.093993,52.973386],[36.094433,52.973195],[36.094579,52.973166],[36.096016,52.973124],[36.096189,52.973317],[36.095816,52.973185],[36.09465,52.973285],[36.094439,52.973381],[36.094289,52.973506],[36.094209,52.973513],[36.093955,52.973741]]]}},{"type":"Feature","properties":{"id":178,"area":0.056},"geometry":{"type":"Polygon","coordinates":[[[36.093681,52.973987],[36.093706,52.974081],[36.093687,52.974093],[36.093585,52.974041],[36.093565,52.974054],[36.093545,52.974043],[36.093681,52.973987]]]}},{"type":"Feature","properties":{"id":181,"area":2.502},"geometry":{"type":"Polygon","coordinates":[[[36.052885,52.97282],[36.052026,52.972931],[36.05192,52.972675],[36.052711,52.97234],[36.052885,52.97282]]]}},{"type":"Feature","properties":{"id":180,"area":0.039},"geometry":{"type":"Polygon","coordinates":[[[36.093488,52.973543],[36.093509,52.973561],[36.093323,52.973645],[36.093299,52.973628],[36.093488,52.973543]]]}},{"type":"Feature","properties":{"id":183,"area":0.298},"geometry":{"type":"Polygon","coordinates":[[[36.021272,52.925533],[36.021288,52.925533],[36.021388,52.925628],[36.021354,52.925657],[36.021314,52.925684],[36.021285,52.9257],[36.021256,52.925707],[36.021215,52.925708],[36.021181,52.925708],[36.021138,52.925694],[36.021115,52.925684],[36.021098,52.92567],[36.021076,52.925653],[36.02107,52.925632],[36.021074,52.925606],[36.021084,52.925578],[36.02112,52.925561],[36.021173,52.925548],[36.021221,52.92554],[36.021272,52.925533]]]}},{"type":"Feature","properties":{"id":182,"area":0.357},"geometry":{"type":"Polygon","coordinates":[[[36.055061,52.990366],[36.054876,52.990266],[36.05486,52.99024],[36.054858,52.990214],[36.05489,52.990182],[36.054946,52.990169],[36.054992,52.990166],[36.055035,52.990178],[36.055222,52.990294],[36.055228,52.990317],[36.055224,52.990342],[36.055187,52.99037],[36.055144,52.990384],[36.055104,52.990379],[36.055061,52.990366]]]}},{"type":"Feature","properties":{"id":185,"area":0.043},"geometry":{"type":"Polygon","coordinates":[[[36.02139,52.925511],[36.021408,52.925506],[36.02144,52.925502],[36.021457,52.925511],[36.021474,52.925526],[36.021481,52.925547],[36.021468,52.925567],[36.02144,52.925588],[36.02136,52.925515],[36.02139,52.925511]]]}},{"type":"Feature","properties":{"id":184,"area":3.625},"geometry":{"type":"Polygon","coordinates":[[[36.020418,52.925289],[36.020438,52.925148],[36.020445,52.924892],[36.020454,52.924793],[36.020525,52.924575],[36.020391,52.924433],[36.020244,52.924301],[36.020028,52.924129],[36.020051,52.92411],[36.020362,52.924342],[36.020544,52.924508],[36.021035,52.925068],[36.0213,52.925343],[36.0213,52.925389],[36.021161,52.925441],[36.020797,52.9255],[36.020418,52.925289]]]}},{"type":"Feature","properties":{"id":187,"area":0.405},"geometry":{"type":"Polygon","coordinates":[[[36.048458,52.940276],[36.048496,52.940263],[36.048532,52.940257],[36.04857,52.940256],[36.048607,52.940259],[36.048642,52.940268],[36.048673,52.940281],[36.048698,52.940298],[36.048717,52.940318],[36.048728,52.940339],[36.048731,52.940362],[36.048725,52.940385],[36.048711,52.940406],[36.04869,52.940424],[36.048662,52.94044],[36.048624,52.940453],[36.048581,52.94046],[36.048537,52.940459],[36.048494,52.940452],[36.048456,52.940439],[36.048425,52.94042],[36.048403,52.940396],[36.048392,52.940371],[36.048392,52.940344],[36.048404,52.940318],[36.048426,52.940295],[36.048458,52.940276]]]}},{"type":"Feature","properties":{"id":186,"area":0.053},"geometry":{"type":"Polygon","coordinates":[[[36.142782,53.022311],[36.14274,53.022222],[36.14291,53.02224],[36.142782,53.022311]]]}},{"type":"Feature","properties":{"id":189,"area":0.631},"geometry":{"type":"Polygon","coordinates":[[[36.062226,52.961206],[36.062226,52.961236],[36.062196,52.96129],[36.062081,52.961419],[36.06199,52.961579],[36.061896,52.961164],[36.061901,52.961102],[36.06195,52.961091],[36.062003,52.961101],[36.062226,52.961206]]]}},{"type":"Feature","properties":{"id":188,"area":0.055},"geometry":{"type":"Polygon","coordinates":[[[36.067699,52.963354],[36.067803,52.963315],[36.067844,52.963399],[36.0678,52.963415],[36.067699,52.963354]]]}},{"type":"Feature","properties":{"id":191,"area":2.909},"geometry":{"type":"Polygon","coordinates":[[[36.063128,52.960509],[36.063217,52.960583],[36.063066,52.960646],[36.06315,52.960726],[36.063442,52.960612],[36.06355,52.960716],[36.062459,52.961086],[36.062333,52.961102],[36.062047,52.960952],[36.06208,52.96088],[36.062228,52.960804],[36.063128,52.960509]]]}},{"type":"Feature","properties":{"id":190,"area":2.871},"geometry":{"type":"Polygon","coordinates":[[[36.061633,52.960952],[36.061684,52.961091],[36.061893,52.961975],[36.062188,52.961955],[36.062169,52.961742],[36.062237,52.961497],[36.062352,52.961354],[36.062403,52.961358],[36.062363,52.961968],[36.062317,52.962127],[36.062239,52.962183],[36.062145,52.962224],[36.061995,52.96222],[36.061864,52.962198],[36.061775,52.962151],[36.061719,52.962081],[36.061665,52.961778],[36.061644,52.961366],[36.061625,52.961282],[36.061504,52.961211],[36.061633,52.960952]]]}},{"type":"Feature","properties":{"id":161,"area":4.09},"geometry":{"type":"Polygon","coordinates":[[[36.137593,53.014125],[36.138369,53.013667],[36.138665,53.013815],[36.138628,53.013852],[36.138951,53.014034],[36.138215,53.014481],[36.137593,53.014125]]]}},{"type":"Feature","properties":{"id":160,"area":4.739},"geometry":{"type":"Polygon","coordinates":[[[36.136176,53.014576],[36.136419,53.014722],[36.136456,53.014854],[36.136181,53.014898],[36.136133,53.014872],[36.136006,53.014948],[36.136169,53.015042],[36.136286,53.014979],[36.136228,53.014937],[36.136251,53.01492],[36.136444,53.014893],[36.136512,53.014926],[36.13662,53.015198],[36.13601,53.01558],[36.135877,53.015495],[36.136164,53.015341],[36.135671,53.014939],[36.135754,53.014748],[36.13649,53.014127],[36.136684,53.014066],[36.136851,53.014138],[36.136176,53.014576]]]}},{"type":"Feature","properties":{"id":163,"area":0.687},"geometry":{"type":"Polygon","coordinates":[[[36.138256,53.01554],[36.13782,53.015816],[36.137645,53.015717],[36.138081,53.01544],[36.138256,53.01554]]]}},{"type":"Feature","properties":{"id":162,"area":0.343},"geometry":{"type":"Polygon","coordinates":[[[36.13872,53.014245],[36.138875,53.014338],[36.138628,53.014487],[36.138473,53.014394],[36.13872,53.014245]]]}},{"type":"Feature","properties":{"id":165,"area":0.415},"geometry":{"type":"Polygon","coordinates":[[[36.138805,53.015222],[36.138586,53.015093],[36.138756,53.014987],[36.138836,53.014987],[36.139025,53.015087],[36.138805,53.015222]]]}},{"type":"Feature","properties":{"id":164,"area":0.731},"geometry":{"type":"Polygon","coordinates":[[[36.138315,53.015514],[36.138121,53.015403],[36.138539,53.015138],[36.138733,53.015249],[36.138315,53.015514]]]}},{"type":"Feature","properties":{"id":167,"area":2.8},"geometry":{"type":"Polygon","coordinates":[[[36.136054,53.015638],[36.135429,53.01599],[36.13537,53.01596],[36.135124,53.016099],[36.135164,53.016127],[36.13499,53.016222],[36.134443,53.015806],[36.134579,53.015654],[36.134959,53.015923],[36.135274,53.015766],[36.135426,53.015688],[36.13554,53.015682],[36.135879,53.015523],[36.136043,53.015631],[36.136054,53.015638]]]}},{"type":"Feature","properties":{"id":166,"area":3.686},"geometry":{"type":"Polygon","coordinates":[[[36.13589,53.016061],[36.135714,53.015942],[36.136164,53.015686],[36.13703,53.016188],[36.136067,53.016768],[36.136004,53.016707],[36.13637,53.016492],[36.136299,53.016447],[36.136229,53.016485],[36.136084,53.016367],[36.136241,53.016301],[36.136315,53.01624],[36.13634,53.016175],[36.136309,53.016103],[36.136253,53.016059],[36.13617,53.016018],[36.136068,53.016009],[36.136001,53.016012],[36.13589,53.016061]]]}},{"type":"Feature","properties":{"id":169,"area":1.596},"geometry":{"type":"Polygon","coordinates":[[[36.135894,53.016757],[36.135839,53.016789],[36.1359,53.016841],[36.135873,53.016859],[36.135395,53.016496],[36.135719,53.016361],[36.135839,53.016466],[36.136054,53.016377],[36.136262,53.016544],[36.135987,53.016707],[36.136056,53.01677],[36.135981,53.016817],[36.135894,53.016757]]]}},{"type":"Feature","properties":{"id":168,"area":1.125},"geometry":{"type":"Polygon","coordinates":[[[36.135317,53.016452],[36.1351,53.016315],[36.135094,53.016291],[36.135108,53.016268],[36.135635,53.015973],[36.135799,53.016105],[36.135546,53.016209],[36.135651,53.016309],[36.135317,53.016452]]]}},{"type":"Feature","properties":{"id":171,"area":53.316},"geometry":{"type":"Polygon","coordinates":[[[36.012042,52.906514],[36.012262,52.906522],[36.012546,52.906564],[36.012688,52.906613],[36.012807,52.906683],[36.015622,52.908621],[36.015815,52.908805],[36.015888,52.908986],[36.015854,52.909177],[36.015719,52.90937],[36.015522,52.909504],[36.015177,52.909604],[36.014677,52.909615],[36.014283,52.909515],[36.014061,52.909393],[36.011318,52.907532],[36.011122,52.907367],[36.011053,52.907267],[36.011017,52.907174],[36.011033,52.906996],[36.011128,52.906865],[36.011234,52.906743],[36.011391,52.906651],[36.011587,52.906577],[36.011811,52.906527],[36.012042,52.906514]]]}},{"type":"Feature","properties":{"id":170,"area":0.402},"geometry":{"type":"Polygon","coordinates":[[[36.015284,52.922496],[36.01533,52.922474],[36.015385,52.922464],[36.015444,52.922465],[36.015498,52.922478],[36.015542,52.922501],[36.01557,52.922532],[36.015579,52.922566],[36.015568,52.922601],[36.015539,52.922631],[36.015494,52.922654],[36.01544,52.922666],[36.015382,52.922666],[36.015327,52.922655],[36.015286,52.922636],[36.015257,52.922611],[36.015241,52.922582],[36.015241,52.922551],[36.015255,52.922521],[36.015284,52.922496]]]}},{"type":"Feature","properties":{"id":173,"area":0.176},"geometry":{"type":"Polygon","coordinates":[[[36.092802,52.973893],[36.092797,52.97385],[36.093046,52.97375],[36.093101,52.973781],[36.09288,52.973932],[36.092802,52.973893]]]}},{"type":"Feature","properties":{"id":172,"area":0.08},"geometry":{"type":"Polygon","coordinates":[[[36.092662,52.974048],[36.092657,52.974008],[36.092726,52.973946],[36.092812,52.973985],[36.092722,52.97407],[36.092662,52.974048]]]}},{"type":"Feature","properties":{"id":175,"area":0.127},"geometry":{"type":"Polygon","coordinates":[[[36.093297,52.974255],[36.093363,52.974192],[36.093577,52.974269],[36.093466,52.974319],[36.093297,52.974255]]]}},{"type":"Feature","properties":{"id":174,"area":0.088},"geometry":{"type":"Polygon","coordinates":[[[36.093104,52.974188],[36.093184,52.974124],[36.093304,52.974173],[36.093229,52.974239],[36.093104,52.974188]]]}},{"type":"Feature","properties":{"id":81,"area":0.038},"geometry":{"type":"Polygon","coordinates":[[[36.078449,52.988629],[36.078409,52.988469],[36.078441,52.988467],[36.078479,52.988627],[36.078449,52.988629]]]}},{"type":"Feature","properties":{"id":80,"area":2.967},"geometry":{"type":"Polygon","coordinates":[[[36.080921,52.987634],[36.080895,52.988324],[36.08033,52.988306],[36.080316,52.987641],[36.080921,52.987634]]]}},{"type":"Feature","properties":{"id":83,"area":2.819},"geometry":{"type":"Polygon","coordinates":[[[36.078463,52.988077],[36.078563,52.988036],[36.078501,52.987776],[36.078567,52.987754],[36.078935,52.987667],[36.079004,52.987667],[36.079135,52.987665],[36.079137,52.988303],[36.078522,52.988311],[36.078463,52.988077]]]}},{"type":"Feature","properties":{"id":82,"area":0.178},"geometry":{"type":"Polygon","coordinates":[[[36.077704,52.98714],[36.077697,52.987106],[36.078374,52.987043],[36.078383,52.987078],[36.077704,52.98714]]]}},{"type":"Feature","properties":{"id":85,"area":1.661},"geometry":{"type":"Polygon","coordinates":[[[36.079784,52.988309],[36.07953,52.988313],[36.079454,52.988313],[36.079424,52.98764],[36.079766,52.987659],[36.079784,52.988309]]]}},{"type":"Feature","properties":{"id":84,"area":2.15},"geometry":{"type":"Polygon","coordinates":[[[36.081611,52.986788],[36.081625,52.987079],[36.081459,52.987086],[36.081423,52.986893],[36.08121,52.986911],[36.078508,52.987161],[36.078491,52.987088],[36.081611,52.986788]]]}},{"type":"Feature","properties":{"id":87,"area":0.098},"geometry":{"type":"Polygon","coordinates":[[[36.077873,52.989216],[36.078118,52.98914],[36.078028,52.989248],[36.077876,52.989259],[36.077873,52.989216]]]}},{"type":"Feature","properties":{"id":86,"area":2.081},"geometry":{"type":"Polygon","coordinates":[[[36.078128,52.989249],[36.078359,52.988928],[36.078433,52.988926],[36.078445,52.98909],[36.079271,52.98909],[36.079275,52.989037],[36.080002,52.989036],[36.080005,52.988991],[36.081001,52.988997],[36.081044,52.988989],[36.081051,52.988906],[36.081176,52.988907],[36.081186,52.988996],[36.078128,52.989249]]]}},{"type":"Feature","properties":{"id":89,"area":1.718},"geometry":{"type":"Polygon","coordinates":[[[36.074974,52.978423],[36.075154,52.978565],[36.075113,52.978585],[36.075517,52.978876],[36.075553,52.978861],[36.075731,52.978978],[36.076111,52.978992],[36.076275,52.978927],[36.07633,52.978972],[36.076646,52.978843],[36.076591,52.978789],[36.076947,52.978625],[36.07701,52.978616],[36.077054,52.978638],[36.077087,52.978666],[36.077098,52.9787],[36.077074,52.978733],[36.076009,52.979128],[36.075728,52.979117],[36.074876,52.978465],[36.074862,52.978432],[36.074887,52.978404],[36.07491,52.978401],[36.074943,52.978405],[36.074974,52.978423]]]}},{"type":"Feature","properties":{"id":88,"area":0.023},"geometry":{"type":"Polygon","coordinates":[[[36.078481,52.987744],[36.078486,52.987761],[36.078315,52.987782],[36.078311,52.987764],[36.078481,52.987744]]]}},{"type":"Feature","properties":{"id":91,"area":5.636},"geometry":{"type":"Polygon","coordinates":[[[36.07495,52.986247],[36.076313,52.986153],[36.076355,52.98643],[36.076124,52.986442],[36.076158,52.986745],[36.074978,52.986852],[36.07495,52.986247]]]}},{"type":"Feature","properties":{"id":90,"area":0.611},"geometry":{"type":"Polygon","coordinates":[[[36.079123,52.986839],[36.079068,52.986678],[36.079549,52.986624],[36.079594,52.986797],[36.079123,52.986839]]]}},{"type":"Feature","properties":{"id":93,"area":0.812},"geometry":{"type":"Polygon","coordinates":[[[36.076813,52.984573],[36.077099,52.984526],[36.077186,52.984744],[36.077231,52.984866],[36.076918,52.984917],[36.076813,52.984573]]]}},{"type":"Feature","properties":{"id":92,"area":1.576},"geometry":{"type":"Polygon","coordinates":[[[36.07725,52.984907],[36.077321,52.98506],[36.077517,52.985034],[36.077632,52.985321],[36.077076,52.985374],[36.076932,52.984951],[36.07725,52.984907]]]}},{"type":"Feature","properties":{"id":95,"area":0.667},"geometry":{"type":"Polygon","coordinates":[[[36.079718,52.986731],[36.081062,52.986613],[36.081076,52.986678],[36.079734,52.986796],[36.079718,52.986731]]]}},{"type":"Feature","properties":{"id":94,"area":1.79},"geometry":{"type":"Polygon","coordinates":[[[36.078615,52.984098],[36.078575,52.983968],[36.080237,52.983751],[36.080552,52.983841],[36.078615,52.984098]]]}},{"type":"Feature","properties":{"id":65,"area":9.624},"geometry":{"type":"Polygon","coordinates":[[[36.136334,53.017279],[36.13628,53.017174],[36.13631,53.017071],[36.13676,53.016802],[36.136839,53.016858],[36.137014,53.016757],[36.13714,53.016556],[36.138845,53.015524],[36.13933,53.015819],[36.137864,53.016721],[36.137522,53.016731],[36.137465,53.016723],[36.136481,53.017311],[36.136334,53.017279]]]}},{"type":"Feature","properties":{"id":64,"area":0.764},"geometry":{"type":"Polygon","coordinates":[[[36.138185,53.002811],[36.138709,53.003169],[36.138549,53.003254],[36.138025,53.002896],[36.138185,53.002811]]]}},{"type":"Feature","properties":{"id":67,"area":8.044},"geometry":{"type":"Polygon","coordinates":[[[36.07072,52.983706],[36.069486,52.982145],[36.069793,52.982063],[36.070094,52.981984],[36.070765,52.9829],[36.070729,52.982954],[36.070902,52.983134],[36.070986,52.983127],[36.071232,52.983474],[36.071172,52.983564],[36.071056,52.983609],[36.070988,52.983632],[36.07072,52.983706]]]}},{"type":"Feature","properties":{"id":66,"area":0.11},"geometry":{"type":"Polygon","coordinates":[[[36.069492,52.96863],[36.0694,52.968459],[36.069569,52.968455],[36.069492,52.96863]]]}},{"type":"Feature","properties":{"id":69,"area":1.323},"geometry":{"type":"Polygon","coordinates":[[[36.062638,52.965508],[36.062604,52.96579],[36.062541,52.966048],[36.062472,52.966063],[36.062176,52.965847],[36.062469,52.965396],[36.062638,52.965508]]]}},{"type":"Feature","properties":{"id":68,"area":1.056},"geometry":{"type":"Polygon","coordinates":[[[36.062779,52.966082],[36.062821,52.966078],[36.062867,52.966086],[36.062907,52.966107],[36.062925,52.966139],[36.062932,52.9662],[36.062918,52.966262],[36.062817,52.966532],[36.062719,52.966636],[36.062605,52.966718],[36.062568,52.966727],[36.062523,52.966725],[36.062498,52.966707],[36.06249,52.966687],[36.062618,52.96642],[36.062678,52.96627],[36.06272,52.966115],[36.062745,52.966092],[36.062779,52.966082]]]}},{"type":"Feature","properties":{"id":71,"area":2.069},"geometry":{"type":"Polygon","coordinates":[[[36.112325,52.977146],[36.112339,52.977217],[36.112308,52.977278],[36.112242,52.977332],[36.112172,52.977357],[36.11208,52.97737],[36.111999,52.977373],[36.111885,52.977354],[36.1118,52.977315],[36.111721,52.977254],[36.111691,52.977204],[36.11169,52.977149],[36.111728,52.977075],[36.111992,52.976756],[36.112031,52.97673],[36.112095,52.976729],[36.112132,52.976754],[36.112325,52.977146]]]}},{"type":"Feature","properties":{"id":70,"area":2.669},"geometry":{"type":"Polygon","coordinates":[[[36.062353,52.965417],[36.062164,52.965732],[36.061718,52.965706],[36.061495,52.965771],[36.061261,52.965859],[36.061133,52.965764],[36.06131,52.965671],[36.061186,52.965572],[36.061241,52.965508],[36.061157,52.965448],[36.061282,52.965383],[36.061529,52.965483],[36.061883,52.965364],[36.062353,52.965417]]]}},{"type":"Feature","properties":{"id":73,"area":2.932},"geometry":{"type":"Polygon","coordinates":[[[36.080225,52.987326],[36.079905,52.987341],[36.079919,52.987571],[36.079859,52.987569],[36.07986,52.987473],[36.078622,52.987478],[36.078615,52.987387],[36.080765,52.987205],[36.080811,52.987457],[36.080709,52.987461],[36.080717,52.987555],[36.080239,52.987567],[36.080225,52.987326]]]}},{"type":"Feature","properties":{"id":72,"area":4.951},"geometry":{"type":"Polygon","coordinates":[[[36.078154,52.987811],[36.077928,52.987839],[36.078132,52.988621],[36.07814,52.988657],[36.078161,52.988788],[36.078394,52.988774],[36.078149,52.989091],[36.078084,52.989108],[36.077957,52.988659],[36.077685,52.988681],[36.077581,52.988633],[36.077508,52.988575],[36.077454,52.988503],[36.077446,52.988188],[36.077416,52.98769],[36.077537,52.987624],[36.077743,52.987619],[36.077719,52.987746],[36.078128,52.987777],[36.078154,52.987811]]]}},{"type":"Feature","properties":{"id":75,"area":0.532},"geometry":{"type":"Polygon","coordinates":[[[36.081369,52.987992],[36.081495,52.987994],[36.081456,52.988337],[36.081235,52.988332],[36.081251,52.98806],[36.081365,52.988059],[36.081369,52.987992]]]}},{"type":"Feature","properties":{"id":74,"area":5.762},"geometry":{"type":"Polygon","coordinates":[[[36.077051,52.988582],[36.077364,52.988579],[36.077412,52.988725],[36.077547,52.988798],[36.077535,52.988841],[36.07724,52.988875],[36.077244,52.988932],[36.077054,52.988997],[36.076714,52.989018],[36.076658,52.988834],[36.076724,52.988811],[36.076531,52.988218],[36.076396,52.988189],[36.076233,52.987802],[36.076985,52.9877],[36.077051,52.988582]]]}},{"type":"Feature","properties":{"id":77,"area":6.33},"geometry":{"type":"Polygon","coordinates":[[[36.079388,52.988463],[36.079509,52.988461],[36.079513,52.988436],[36.079627,52.988438],[36.079678,52.988437],[36.080192,52.988438],[36.080199,52.988379],[36.080387,52.988383],[36.080427,52.988502],[36.080903,52.98851],[36.081068,52.988507],[36.081072,52.988433],[36.081145,52.988437],[36.081165,52.988529],[36.080997,52.988552],[36.080825,52.988616],[36.080534,52.988679],[36.080516,52.988735],[36.080138,52.98873],[36.079924,52.988792],[36.079395,52.988782],[36.079075,52.988878],[36.079079,52.988825],[36.078622,52.988823],[36.078622,52.988884],[36.078379,52.988884],[36.078524,52.988687],[36.078546,52.988614],[36.078527,52.988375],[36.079384,52.988373],[36.079388,52.988463]]]}},{"type":"Feature","properties":{"id":76,"area":4.39},"geometry":{"type":"Polygon","coordinates":[[[36.076332,52.989171],[36.076198,52.988892],[36.076132,52.988894],[36.075729,52.988988],[36.075539,52.988695],[36.075105,52.988043],[36.07537,52.987995],[36.075352,52.987946],[36.075639,52.987896],[36.075746,52.988156],[36.075662,52.988169],[36.075733,52.988315],[36.07583,52.988303],[36.075855,52.988372],[36.075942,52.988361],[36.075957,52.988412],[36.07603,52.988409],[36.076164,52.988858],[36.076263,52.988852],[36.076397,52.989302],[36.076248,52.989313],[36.076181,52.989199],[36.076332,52.989171]]]}},{"type":"Feature","properties":{"id":79,"area":0.056},"geometry":{"type":"Polygon","coordinates":[[[36.078308,52.987981],[36.078363,52.988174],[36.078325,52.988177],[36.07827,52.987984],[36.078308,52.987981]]]}},{"type":"Feature","properties":{"id":78,"area":0.051},"geometry":{"type":"Polygon","coordinates":[[[36.078339,52.988224],[36.078377,52.988221],[36.078424,52.988409],[36.07839,52.988411],[36.078339,52.988224]]]}},{"type":"Feature","properties":{"id":113,"area":2.548},"geometry":{"type":"Polygon","coordinates":[[[36.06776,52.977765],[36.067875,52.9778],[36.068806,52.977353],[36.069011,52.9775],[36.06813,52.977936],[36.068268,52.97804],[36.068059,52.978137],[36.067921,52.978037],[36.067806,52.977948],[36.067729,52.977981],[36.067565,52.977856],[36.06776,52.977765]]]}},{"type":"Feature","properties":{"id":112,"area":2.978},"geometry":{"type":"Polygon","coordinates":[[[36.079891,52.982558],[36.07961,52.982323],[36.079684,52.982284],[36.07977,52.982339],[36.079942,52.982257],[36.07985,52.982184],[36.079972,52.982149],[36.080103,52.982205],[36.081693,52.982546],[36.079891,52.982558]]]}},{"type":"Feature","properties":{"id":115,"area":147.324},"geometry":{"type":"Polygon","coordinates":[[[36.110998,53.007528],[36.111251,53.007521],[36.11323,53.007492],[36.114528,53.006379],[36.11494,53.006509],[36.113906,53.007689],[36.115279,53.008089],[36.115697,53.008227],[36.115293,53.008759],[36.117372,53.009416],[36.11811,53.009521],[36.118867,53.00944],[36.119073,53.009349],[36.119073,53.009061],[36.119474,53.008887],[36.119995,53.008457],[36.120654,53.007923],[36.120716,53.007669],[36.121663,53.008141],[36.12362,53.009251],[36.125321,53.010323],[36.125118,53.010381],[36.124506,53.010213],[36.123326,53.011478],[36.122628,53.012259],[36.121942,53.012085],[36.121341,53.011911],[36.121523,53.011659],[36.122006,53.011633],[36.122274,53.010704],[36.122961,53.010142],[36.122832,53.009923],[36.123111,53.009787],[36.122607,53.009245],[36.122244,53.009305],[36.12244,53.009344],[36.12244,53.009419],[36.119932,53.011066],[36.119901,53.011046],[36.119206,53.011607],[36.118015,53.011407],[36.118079,53.011249],[36.117328,53.010904],[36.117382,53.00971],[36.116867,53.009568],[36.1164,53.009434],[36.115977,53.009284],[36.114303,53.009148],[36.114292,53.00867],[36.110926,53.008167],[36.110451,53.008005],[36.110811,53.007654],[36.110998,53.007528]],[[36.119955,53.009668],[36.11965,53.009577],[36.119098,53.009835],[36.118519,53.010378],[36.118568,53.010558],[36.119199,53.010706],[36.119189,53.010569],[36.119498,53.010583],[36.119666,53.010642],[36.119885,53.010599],[36.120357,53.010189],[36.120548,53.010119],[36.120553,53.010007],[36.120927,53.009804],[36.121197,53.009504],[36.121177,53.009465],[36.120678,53.009436],[36.120303,53.00961],[36.119955,53.009668]]]}},{"type":"Feature","properties":{"id":114,"area":5.7},"geometry":{"type":"Polygon","coordinates":[[[36.075975,52.966993],[36.075877,52.967111],[36.075105,52.966995],[36.073652,52.966406],[36.073937,52.966098],[36.075065,52.966479],[36.074932,52.966634],[36.075975,52.966993]]]}},{"type":"Feature","properties":{"id":117,"area":1.373},"geometry":{"type":"Polygon","coordinates":[[[36.037664,52.934944],[36.037945,52.935103],[36.03668,52.935689],[36.037664,52.934944]]]}},{"type":"Feature","properties":{"id":116,"area":2.414},"geometry":{"type":"Polygon","coordinates":[[[36.072959,52.97722],[36.072175,52.97664],[36.072524,52.976468],[36.073282,52.977069],[36.072959,52.97722]]]}},{"type":"Feature","properties":{"id":119,"area":1.263},"geometry":{"type":"Polygon","coordinates":[[[36.057697,52.974153],[36.058117,52.973958],[36.058159,52.973961],[36.05822,52.973933],[36.058225,52.973912],[36.058372,52.973838],[36.058479,52.973918],[36.057258,52.974511],[36.057164,52.974503],[36.057085,52.974469],[36.057579,52.974215],[36.057608,52.974219],[36.057695,52.974174],[36.057697,52.974153]]]}},{"type":"Feature","properties":{"id":118,"area":4.163},"geometry":{"type":"Polygon","coordinates":[[[36.021707,52.947293],[36.021656,52.947327],[36.0217,52.947438],[36.021735,52.947443],[36.02175,52.947543],[36.022837,52.947492],[36.022797,52.947436],[36.022583,52.947327],[36.023132,52.947176],[36.023245,52.947158],[36.023315,52.947162],[36.023358,52.947176],[36.023463,52.947739],[36.023265,52.947747],[36.023254,52.947699],[36.022586,52.947721],[36.022573,52.947696],[36.022539,52.947676],[36.022482,52.947662],[36.022408,52.947658],[36.021819,52.947682],[36.021736,52.947663],[36.021461,52.947252],[36.021467,52.947232],[36.021483,52.947217],[36.021504,52.94721],[36.021547,52.947212],[36.021707,52.947293]]]}},{"type":"Feature","properties":{"id":121,"area":1.243},"geometry":{"type":"Polygon","coordinates":[[[36.057495,52.974152],[36.057002,52.974392],[36.056881,52.974311],[36.058195,52.973693],[36.058289,52.973768],[36.058145,52.973845],[36.058094,52.973845],[36.058038,52.973873],[36.058035,52.973897],[36.05761,52.974097],[36.057566,52.974094],[36.057495,52.974126],[36.057495,52.974152]]]}},{"type":"Feature","properties":{"id":120,"area":1.634},"geometry":{"type":"Polygon","coordinates":[[[36.055736,52.975293],[36.05552,52.975396],[36.055379,52.975293],[36.055565,52.975202],[36.055626,52.975205],[36.055829,52.975105],[36.055843,52.975067],[36.056432,52.974769],[36.056514,52.974776],[36.056697,52.974688],[36.0567,52.974642],[36.056916,52.974529],[36.057049,52.97465],[36.05656,52.974887],[36.056517,52.974861],[36.055749,52.975244],[36.055736,52.975293]]]}},{"type":"Feature","properties":{"id":123,"area":1.768},"geometry":{"type":"Polygon","coordinates":[[[36.055143,52.975145],[36.056729,52.974381],[36.056849,52.974474],[36.056626,52.97459],[36.056555,52.974583],[36.05638,52.974666],[36.056371,52.974712],[36.05577,52.975009],[36.055698,52.975007],[36.055497,52.975101],[36.055484,52.975139],[36.055286,52.975242],[36.055143,52.975145]]]}},{"type":"Feature","properties":{"id":122,"area":2.005},"geometry":{"type":"Polygon","coordinates":[[[36.055296,52.975333],[36.055442,52.975436],[36.053583,52.976334],[36.053471,52.976247],[36.054005,52.975982],[36.054109,52.975989],[36.054228,52.975931],[36.054234,52.975867],[36.05485,52.975561],[36.054911,52.975572],[36.055103,52.975474],[36.055103,52.975428],[36.055296,52.975333]]]}},{"type":"Feature","properties":{"id":125,"area":0.901},"geometry":{"type":"Polygon","coordinates":[[[36.060605,52.972485],[36.061445,52.972078],[36.061561,52.972165],[36.060721,52.972572],[36.060605,52.972485]]]}},{"type":"Feature","properties":{"id":124,"area":0.791},"geometry":{"type":"Polygon","coordinates":[[[36.058966,52.973554],[36.058971,52.973536],[36.05914,52.973456],[36.059197,52.973494],[36.059324,52.973435],[36.059381,52.973476],[36.058559,52.973879],[36.058447,52.973794],[36.0589,52.97357],[36.058929,52.973572],[36.058966,52.973554]]]}},{"type":"Feature","properties":{"id":127,"area":0.975},"geometry":{"type":"Polygon","coordinates":[[[36.059656,52.973102],[36.059352,52.973252],[36.059301,52.973215],[36.059,52.97336],[36.059053,52.973399],[36.058859,52.973496],[36.058824,52.973494],[36.05878,52.973514],[36.058775,52.973531],[36.058365,52.973731],[36.058271,52.973658],[36.059564,52.973036],[36.059656,52.973102]]]}},{"type":"Feature","properties":{"id":126,"area":0.438},"geometry":{"type":"Polygon","coordinates":[[[36.0601,52.972732],[36.060506,52.972535],[36.060623,52.972622],[36.060217,52.972819],[36.0601,52.972732]]]}},{"type":"Feature","properties":{"id":97,"area":0.125},"geometry":{"type":"Polygon","coordinates":[[[36.078421,52.986934],[36.07835,52.986916],[36.078306,52.986865],[36.078369,52.98686],[36.078584,52.986838],[36.078579,52.986853],[36.078556,52.986894],[36.078508,52.986923],[36.078421,52.986934]]]}},{"type":"Feature","properties":{"id":96,"area":1.279},"geometry":{"type":"Polygon","coordinates":[[[36.071879,52.984514],[36.071217,52.983733],[36.071345,52.983721],[36.071497,52.98376],[36.072016,52.984431],[36.071879,52.984514]]]}},{"type":"Feature","properties":{"id":99,"area":0.314},"geometry":{"type":"Polygon","coordinates":[[[36.101827,52.947355],[36.101833,52.94733],[36.10175,52.947255],[36.101707,52.947251],[36.101747,52.94718],[36.101808,52.947174],[36.102033,52.947248],[36.101929,52.947435],[36.101827,52.947355]]]}},{"type":"Feature","properties":{"id":98,"area":4.704},"geometry":{"type":"Polygon","coordinates":[[[36.071207,52.96638],[36.070911,52.966203],[36.070287,52.965809],[36.070271,52.965655],[36.070412,52.965549],[36.070663,52.965409],[36.071154,52.965715],[36.071607,52.965962],[36.071207,52.96638]]]}},{"type":"Feature","properties":{"id":101,"area":5.412},"geometry":{"type":"Polygon","coordinates":[[[36.102589,52.95047],[36.102357,52.949561],[36.104126,52.950256],[36.102589,52.95047]]]}},{"type":"Feature","properties":{"id":100,"area":0.377},"geometry":{"type":"Polygon","coordinates":[[[36.102054,52.947635],[36.101895,52.94773],[36.101831,52.947749],[36.101737,52.94736],[36.102054,52.947635]]]}},{"type":"Feature","properties":{"id":103,"area":2.611},"geometry":{"type":"Polygon","coordinates":[[[36.118383,52.949222],[36.118876,52.949032],[36.11894,52.949036],[36.119023,52.949064],[36.119089,52.949104],[36.119125,52.949142],[36.119157,52.9492],[36.119163,52.949527],[36.119143,52.949576],[36.119082,52.949617],[36.119002,52.949631],[36.118937,52.949627],[36.118863,52.949605],[36.118356,52.949389],[36.118307,52.949348],[36.118294,52.949304],[36.118319,52.949258],[36.118383,52.949222]]]}},{"type":"Feature","properties":{"id":102,"area":0.15},"geometry":{"type":"Polygon","coordinates":[[[36.090309,52.953896],[36.090265,52.953966],[36.090172,52.953957],[36.090117,52.953931],[36.090128,52.95388],[36.090183,52.953838],[36.090255,52.953826],[36.090308,52.953844],[36.090309,52.953896]]]}},{"type":"Feature","properties":{"id":105,"area":19.702},"geometry":{"type":"Polygon","coordinates":[[[36.084483,52.940553],[36.084306,52.940442],[36.084233,52.940351],[36.084263,52.940281],[36.084396,52.940232],[36.084519,52.940207],[36.084632,52.940207],[36.084735,52.940231],[36.084827,52.940279],[36.084914,52.940314],[36.084994,52.940336],[36.085068,52.940343],[36.085135,52.940337],[36.085296,52.9404],[36.08555,52.940535],[36.085897,52.940739],[36.086336,52.941014],[36.086664,52.94123],[36.086878,52.941389],[36.08698,52.941489],[36.08697,52.941531],[36.087017,52.941598],[36.087123,52.94169],[36.087288,52.941807],[36.08751,52.941948],[36.087669,52.942088],[36.087765,52.942225],[36.087797,52.942361],[36.087766,52.942495],[36.087768,52.942614],[36.087802,52.942719],[36.087868,52.94281],[36.087966,52.942887],[36.08806,52.942937],[36.088147,52.942962],[36.08823,52.94296],[36.088307,52.942932],[36.088382,52.942939],[36.088456,52.942982],[36.088528,52.943059],[36.088599,52.943172],[36.08862,52.943268],[36.088593,52.943346],[36.088517,52.943408],[36.088392,52.943452],[36.088264,52.943445],[36.088133,52.943385],[36.087998,52.943273],[36.08786,52.943108],[36.087684,52.942923],[36.087471,52.942718],[36.087219,52.942492],[36.08693,52.942245],[36.086631,52.941997],[36.086323,52.94175],[36.086004,52.941502],[36.085676,52.941253],[36.08536,52.941034],[36.085055,52.940845],[36.084763,52.940684],[36.084483,52.940553]]]}},{"type":"Feature","properties":{"id":104,"area":317.745},"geometry":{"type":"Polygon","coordinates":[[[36.093707,52.985665],[36.093805,52.9857],[36.093849,52.985745],[36.093841,52.9858],[36.093784,52.98586],[36.093693,52.985921],[36.093664,52.98594],[36.093554,52.986013],[36.093451,52.986084],[36.093353,52.986153],[36.093261,52.986219],[36.093191,52.98627],[36.093008,52.9864],[36.092962,52.986433],[36.092888,52.986488],[36.092804,52.986554],[36.09271,52.98663],[36.092696,52.986641],[36.092552,52.986754],[36.092437,52.986831],[36.092308,52.986909],[36.092075,52.987034],[36.091767,52.987182],[36.091488,52.987304],[36.091252,52.987399],[36.091179,52.987428],[36.090975,52.987511],[36.090785,52.987591],[36.090609,52.987668],[36.090446,52.987743],[36.0903,52.987818],[36.09017,52.987893],[36.090056,52.987969],[36.09001,52.988005],[36.089533,52.988358],[36.089217,52.988583],[36.089052,52.988693],[36.088863,52.98881],[36.088824,52.988832],[36.088551,52.988979],[36.088242,52.989122],[36.087922,52.989247],[36.08757,52.989384],[36.087188,52.989533],[36.086775,52.989694],[36.08633,52.989867],[36.085919,52.990032],[36.085541,52.99019],[36.085195,52.990339],[36.084883,52.99048],[36.084565,52.990617],[36.084241,52.99075],[36.08391,52.990879],[36.083574,52.991003],[36.083232,52.991176],[36.082885,52.991398],[36.082534,52.991669],[36.082177,52.991989],[36.081902,52.99229],[36.081708,52.992573],[36.081596,52.992837],[36.081566,52.993082],[36.081463,52.993255],[36.081286,52.993355],[36.081037,52.993383],[36.080714,52.993338],[36.080451,52.993292],[36.080247,52.993245],[36.080101,52.993197],[36.080016,52.993148],[36.079948,52.993109],[36.079897,52.99308],[36.079865,52.993062],[36.079851,52.993054],[36.079809,52.993038],[36.079738,52.993014],[36.07964,52.992983],[36.079514,52.992945],[36.079401,52.992902],[36.0793,52.992856],[36.079214,52.992807],[36.07914,52.992753],[36.079084,52.992713],[36.079047,52.992686],[36.079028,52.992673],[36.079027,52.992672],[36.079017,52.99267],[36.078997,52.992668],[36.078968,52.992664],[36.078929,52.992659],[36.078883,52.992644],[36.07883,52.992621],[36.07877,52.992587],[36.078703,52.992544],[36.078651,52.992512],[36.078614,52.992491],[36.078592,52.99248],[36.078586,52.99248],[36.07858,52.99248],[36.078574,52.992478],[36.078569,52.992476],[36.078565,52.992473],[36.078561,52.992472],[36.078557,52.992471],[36.078552,52.992472],[36.078548,52.992474],[36.078542,52.992474],[36.078534,52.992472],[36.078525,52.992467],[36.078513,52.99246],[36.078499,52.992455],[36.078483,52.992451],[36.078466,52.992448],[36.078446,52.992447],[36.078411,52.992434],[36.078361,52.99241],[36.078296,52.992374],[36.078215,52.992326],[36.078151,52.992283],[36.078105,52.992244],[36.078075,52.992209],[36.078063,52.992179],[36.078081,52.992162],[36.078132,52.992159],[36.078213,52.992169],[36.078326,52.992194],[36.07843,52.992218],[36.078526,52.992242],[36.078614,52.992266],[36.078693,52.99229],[36.078767,52.992317],[36.078837,52.992348],[36.078902,52.992384],[36.078962,52.992423],[36.079036,52.992463],[36.079123,52.992506],[36.079224,52.99255],[36.079338,52.992597],[36.079433,52.992641],[36.079506,52.992684],[36.07956,52.992725],[36.079593,52.992764],[36.079675,52.992816],[36.079805,52.99288],[36.079984,52.992956],[36.080211,52.993044],[36.080391,52.993102],[36.080525,52.993128],[36.080613,52.993123],[36.080654,52.993087],[36.080695,52.993059],[36.080736,52.993038],[36.080776,52.993024],[36.080817,52.993018],[36.080855,52.993021],[36.08089,52.993033],[36.080923,52.993053],[36.080953,52.993083],[36.080987,52.993101],[36.081026,52.993106],[36.081069,52.993099],[36.081116,52.99308],[36.081163,52.993055],[36.081208,52.993022],[36.081252,52.992983],[36.081295,52.992937],[36.081337,52.992887],[36.081376,52.992835],[36.081415,52.992779],[36.081451,52.99272],[36.081453,52.992666],[36.081422,52.992616],[36.081356,52.992571],[36.081257,52.99253],[36.081269,52.992419],[36.081392,52.992238],[36.081627,52.991986],[36.081974,52.991663],[36.082313,52.991369],[36.082643,52.991103],[36.082965,52.990866],[36.08328,52.990657],[36.083546,52.99048],[36.083766,52.990334],[36.083938,52.990219],[36.084062,52.990135],[36.084174,52.990074],[36.084272,52.990035],[36.084356,52.990018],[36.084428,52.990024],[36.084498,52.990018],[36.084568,52.990002],[36.084637,52.989975],[36.084706,52.989937],[36.084783,52.989904],[36.084868,52.989875],[36.084961,52.98985],[36.085063,52.989831],[36.085174,52.989796],[36.085295,52.989746],[36.085426,52.989682],[36.085567,52.989603],[36.085688,52.989525],[36.085789,52.989449],[36.08587,52.989375],[36.085931,52.989301],[36.085995,52.989228],[36.086063,52.989155],[36.086134,52.989081],[36.086209,52.989007],[36.086302,52.988957],[36.086414,52.988931],[36.086545,52.988928],[36.086694,52.98895],[36.086829,52.988926],[36.086948,52.988856],[36.087054,52.988742],[36.087144,52.988582],[36.087227,52.988432],[36.087302,52.988291],[36.08737,52.98816],[36.087431,52.988039],[36.087486,52.98793],[36.087534,52.987833],[36.087575,52.987749],[36.08761,52.987676],[36.087659,52.98762],[36.087722,52.987579],[36.087798,52.987555],[36.087888,52.987547],[36.087971,52.987512],[36.088048,52.987451],[36.088118,52.987363],[36.088182,52.987249],[36.088236,52.987169],[36.08828,52.987124],[36.088315,52.987113],[36.088339,52.987137],[36.088387,52.987159],[36.088458,52.98718],[36.088552,52.987198],[36.088668,52.987215],[36.088818,52.987199],[36.089,52.98715],[36.089216,52.987069],[36.089464,52.986955],[36.089808,52.986757],[36.090248,52.986476],[36.090783,52.98611],[36.091413,52.985661],[36.091892,52.985313],[36.092221,52.985066],[36.092398,52.984921],[36.092424,52.984878],[36.092428,52.984796],[36.09241,52.984675],[36.09237,52.984516],[36.092308,52.984319],[36.092242,52.984139],[36.092174,52.983975],[36.092102,52.983829],[36.092026,52.983701],[36.091992,52.98358],[36.092,52.983467],[36.092049,52.983363],[36.09214,52.983267],[36.092225,52.983134],[36.092304,52.982964],[36.092376,52.982757],[36.092443,52.982513],[36.092461,52.982267],[36.092431,52.982017],[36.092352,52.981763],[36.092225,52.981507],[36.092092,52.981305],[36.091952,52.981157],[36.091805,52.981064],[36.091652,52.981025],[36.091494,52.980996],[36.091333,52.980977],[36.091167,52.980967],[36.090998,52.980967],[36.090898,52.980935],[36.090867,52.980872],[36.090906,52.980776],[36.091014,52.980649],[36.091147,52.980527],[36.091307,52.98041],[36.091491,52.980297],[36.091701,52.98019],[36.09178,52.980019],[36.091727,52.979786],[36.091542,52.97949],[36.091226,52.979131],[36.09091,52.978821],[36.090593,52.97856],[36.090276,52.978348],[36.089959,52.978184],[36.089648,52.978051],[36.089345,52.977946],[36.089048,52.977872],[36.088758,52.977827],[36.088468,52.977772],[36.088178,52.977708],[36.087887,52.977634],[36.087596,52.97755],[36.087296,52.977473],[36.086988,52.977402],[36.086672,52.977338],[36.086347,52.97728],[36.085963,52.977212],[36.085521,52.977132],[36.085021,52.977042],[36.084463,52.976941],[36.083875,52.97684],[36.083259,52.97674],[36.082615,52.97664],[36.081942,52.97654],[36.081423,52.976465],[36.081058,52.976416],[36.080847,52.976391],[36.08079,52.976392],[36.080731,52.97639],[36.08067,52.976387],[36.080608,52.976382],[36.080544,52.976375],[36.080495,52.976369],[36.08046,52.976363],[36.08044,52.976357],[36.080435,52.976352],[36.080444,52.976336],[36.080465,52.97631],[36.080499,52.976275],[36.080547,52.976228],[36.080587,52.976198],[36.080619,52.976183],[36.080643,52.976185],[36.08066,52.976202],[36.080742,52.976226],[36.080891,52.976259],[36.081106,52.9763],[36.081387,52.976348],[36.081741,52.976404],[36.082168,52.976467],[36.082667,52.976538],[36.08324,52.976616],[36.083684,52.976672],[36.083999,52.976707],[36.084185,52.976719],[36.084242,52.976709],[36.084288,52.9767],[36.084323,52.976691],[36.084346,52.976682],[36.084358,52.976673],[36.084375,52.976667],[36.084396,52.976665],[36.084421,52.976667],[36.084451,52.976672],[36.084503,52.976687],[36.084577,52.976711],[36.084674,52.976746],[36.084793,52.97679],[36.084924,52.976827],[36.085067,52.976857],[36.085222,52.97688],[36.085389,52.976897],[36.085587,52.976924],[36.085815,52.976961],[36.086074,52.977009],[36.086364,52.977067],[36.086597,52.97711],[36.086772,52.977138],[36.08689,52.977151],[36.08695,52.977149],[36.087086,52.977165],[36.087299,52.977197],[36.087588,52.977247],[36.087953,52.977315],[36.088331,52.977381],[36.088724,52.977446],[36.08913,52.977509],[36.089549,52.977571],[36.090053,52.977645],[36.09064,52.977729],[36.091312,52.977825],[36.092067,52.977931],[36.092669,52.97802],[36.093118,52.978092],[36.093414,52.978146],[36.093556,52.978182],[36.093692,52.978222],[36.093822,52.978267],[36.093945,52.978316],[36.094061,52.97837],[36.094174,52.978431],[36.094285,52.978502],[36.094392,52.97858],[36.094497,52.978667],[36.094609,52.978779],[36.094728,52.978916],[36.094855,52.979079],[36.09499,52.979266],[36.095126,52.979479],[36.095263,52.979718],[36.095403,52.979982],[36.095544,52.980273],[36.095663,52.980553],[36.09576,52.980823],[36.095836,52.981083],[36.09589,52.981333],[36.095933,52.981543],[36.095965,52.981713],[36.095985,52.981844],[36.095995,52.981934],[36.095996,52.982029],[36.09599,52.982129],[36.095975,52.982234],[36.095953,52.982343],[36.095923,52.982462],[36.095885,52.982591],[36.095839,52.98273],[36.095784,52.982879],[36.095726,52.983033],[36.095664,52.983191],[36.095598,52.983354],[36.095528,52.983522],[36.095457,52.983691],[36.095383,52.983861],[36.095307,52.984032],[36.09523,52.984204],[36.095146,52.984367],[36.095055,52.98452],[36.094958,52.984663],[36.094853,52.984797],[36.094741,52.98493],[36.094622,52.985061],[36.094494,52.98519],[36.094359,52.985318],[36.094238,52.985406],[36.094133,52.985453],[36.094042,52.98546],[36.093966,52.985427],[36.093907,52.985403],[36.093866,52.98539],[36.093841,52.985386],[36.093834,52.985391],[36.093812,52.985409],[36.093776,52.985439],[36.093725,52.98548],[36.093659,52.985533],[36.093634,52.985582],[36.09365,52.985626],[36.093707,52.985665]]]}},{"type":"Feature","properties":{"id":107,"area":198.568},"geometry":{"type":"Polygon","coordinates":[[[36.088257,52.952531],[36.088395,52.952121],[36.088507,52.951691],[36.088595,52.95124],[36.088657,52.950769],[36.088713,52.950331],[36.088762,52.949926],[36.088804,52.949554],[36.088839,52.949214],[36.08886,52.94886],[36.088867,52.948492],[36.088859,52.948111],[36.088836,52.947715],[36.088831,52.947346],[36.088845,52.947004],[36.088877,52.946688],[36.088927,52.946399],[36.08897,52.946139],[36.089008,52.945906],[36.08904,52.945702],[36.089066,52.945526],[36.089096,52.945381],[36.08913,52.945268],[36.089168,52.945186],[36.089209,52.945136],[36.089275,52.945091],[36.089366,52.945053],[36.08948,52.945021],[36.08962,52.944995],[36.089737,52.944976],[36.089832,52.944966],[36.089905,52.944963],[36.089955,52.944969],[36.090021,52.944966],[36.090102,52.944957],[36.090198,52.944939],[36.09031,52.944915],[36.090408,52.944892],[36.090493,52.944873],[36.090565,52.944856],[36.090624,52.944842],[36.090677,52.944826],[36.090723,52.944806],[36.090763,52.944784],[36.090797,52.94476],[36.090822,52.944739],[36.090838,52.944723],[36.090844,52.944711],[36.090842,52.944703],[36.090885,52.944686],[36.090972,52.944662],[36.091105,52.944629],[36.091284,52.944588],[36.091432,52.944553],[36.091551,52.944525],[36.091641,52.944503],[36.0917,52.944488],[36.091741,52.944471],[36.091762,52.944451],[36.091764,52.944429],[36.091746,52.944404],[36.091739,52.944384],[36.091741,52.944369],[36.091754,52.944358],[36.091776,52.944351],[36.091824,52.944371],[36.091897,52.944417],[36.091995,52.944489],[36.092119,52.944588],[36.092237,52.944677],[36.092351,52.944755],[36.09246,52.944824],[36.092564,52.944882],[36.09254,52.945006],[36.092386,52.945195],[36.092104,52.945449],[36.091693,52.945768],[36.091396,52.946097],[36.091213,52.946436],[36.091144,52.946784],[36.091189,52.947141],[36.091198,52.94753],[36.091172,52.947948],[36.09111,52.948398],[36.091012,52.948877],[36.09093,52.949368],[36.090862,52.949869],[36.090808,52.950382],[36.09077,52.950905],[36.090684,52.951396],[36.09055,52.951856],[36.090369,52.952283],[36.090141,52.952679],[36.08994,52.95299],[36.089766,52.953217],[36.08962,52.953359],[36.089501,52.953417],[36.089368,52.953512],[36.08922,52.953644],[36.089058,52.953814],[36.088881,52.954021],[36.088692,52.954239],[36.088491,52.954466],[36.088278,52.954703],[36.088053,52.954951],[36.087862,52.95516],[36.087706,52.955332],[36.087584,52.955465],[36.087497,52.955561],[36.087421,52.955651],[36.087359,52.955735],[36.087308,52.955813],[36.08727,52.955886],[36.087218,52.955939],[36.087154,52.955972],[36.087077,52.955985],[36.086986,52.955978],[36.086879,52.956001],[36.086754,52.956054],[36.086613,52.956136],[36.086454,52.956249],[36.086328,52.95635],[36.086234,52.956442],[36.086173,52.956522],[36.086143,52.956592],[36.086084,52.95667],[36.085993,52.956756],[36.085872,52.956851],[36.085721,52.956953],[36.0856,52.957026],[36.08551,52.957069],[36.085451,52.957084],[36.085422,52.957068],[36.08537,52.95708],[36.085295,52.95712],[36.085197,52.957187],[36.085075,52.957281],[36.084951,52.95737],[36.084826,52.957453],[36.084699,52.957531],[36.08457,52.957603],[36.08444,52.957675],[36.084308,52.957747],[36.084175,52.957819],[36.084041,52.95789],[36.083937,52.957952],[36.083864,52.958004],[36.083822,52.958046],[36.083811,52.958078],[36.083798,52.958111],[36.083784,52.958145],[36.08377,52.95818],[36.083754,52.958215],[36.08372,52.958236],[36.083669,52.958242],[36.0836,52.958233],[36.083513,52.958209],[36.083405,52.958223],[36.083275,52.958277],[36.083123,52.95837],[36.08295,52.958501],[36.08279,52.958586],[36.082642,52.958625],[36.082507,52.958618],[36.082384,52.958564],[36.082272,52.958533],[36.082169,52.958525],[36.082076,52.95854],[36.081994,52.958577],[36.081915,52.958606],[36.081839,52.958628],[36.081766,52.958641],[36.081696,52.958646],[36.081676,52.958626],[36.081705,52.958583],[36.081784,52.958515],[36.081912,52.958423],[36.082091,52.9583],[36.082321,52.958145],[36.082602,52.957959],[36.082933,52.957741],[36.083252,52.957545],[36.083559,52.957369],[36.083853,52.957214],[36.084135,52.95708],[36.084378,52.956959],[36.084583,52.956852],[36.084749,52.956759],[36.084877,52.956679],[36.085029,52.956563],[36.085204,52.956413],[36.085403,52.956227],[36.085626,52.956005],[36.085855,52.955781],[36.086089,52.955555],[36.086329,52.955326],[36.086574,52.955096],[36.086814,52.954845],[36.087051,52.954574],[36.087282,52.954283],[36.087509,52.953972],[36.087721,52.953641],[36.087915,52.953291],[36.088094,52.952921],[36.088257,52.952531]]]}},{"type":"Feature","properties":{"id":106,"area":13.228},"geometry":{"type":"Polygon","coordinates":[[[36.08555,52.942822],[36.08549,52.942742],[36.085374,52.94267],[36.085203,52.942607],[36.084976,52.942553],[36.084822,52.942491],[36.084741,52.942422],[36.084732,52.942345],[36.084795,52.94226],[36.084838,52.942189],[36.08486,52.942131],[36.084861,52.942087],[36.084842,52.942055],[36.084842,52.942021],[36.084861,52.941983],[36.084899,52.941941],[36.084958,52.941896],[36.085029,52.941881],[36.085115,52.941896],[36.085214,52.941941],[36.085327,52.942017],[36.085467,52.942119],[36.085633,52.942247],[36.085827,52.942403],[36.086047,52.942585],[36.086284,52.94281],[36.086539,52.943078],[36.086812,52.943389],[36.087102,52.943744],[36.087295,52.944023],[36.087392,52.944227],[36.087393,52.944355],[36.087296,52.944409],[36.087209,52.944447],[36.08713,52.94447],[36.087061,52.944479],[36.087,52.944472],[36.086963,52.944453],[36.08695,52.944423],[36.086961,52.944381],[36.086997,52.944327],[36.08702,52.944279],[36.087032,52.944236],[36.087033,52.944198],[36.087021,52.944165],[36.086982,52.944123],[36.086915,52.944073],[36.08682,52.944013],[36.086698,52.943945],[36.086596,52.943872],[36.086516,52.943794],[36.086457,52.94371],[36.08642,52.943622],[36.086381,52.943545],[36.086339,52.94348],[36.086296,52.943425],[36.086251,52.943382],[36.086209,52.943351],[36.086169,52.943332],[36.086132,52.943327],[36.086097,52.943333],[36.086041,52.94332],[36.085963,52.943285],[36.085864,52.943231],[36.085743,52.943156],[36.085651,52.943077],[36.085588,52.942995],[36.085555,52.94291],[36.08555,52.942822]]]}},{"type":"Feature","properties":{"id":109,"area":0.705},"geometry":{"type":"Polygon","coordinates":[[[36.070722,52.982324],[36.070816,52.982301],[36.071509,52.983233],[36.071432,52.983253],[36.070722,52.982324]]]}},{"type":"Feature","properties":{"id":108,"area":82.529},"geometry":{"type":"Polygon","coordinates":[[[36.03865,52.976879],[36.038636,52.976774],[36.03859,52.976692],[36.038511,52.976634],[36.038399,52.9766],[36.038255,52.97659],[36.038055,52.976582],[36.037799,52.976578],[36.037489,52.976577],[36.037123,52.97658],[36.036846,52.976558],[36.036658,52.976513],[36.036558,52.976445],[36.036547,52.976353],[36.036613,52.976282],[36.036756,52.976233],[36.036976,52.976205],[36.037274,52.976199],[36.037514,52.976189],[36.037695,52.976176],[36.037819,52.976159],[36.037885,52.976138],[36.037927,52.976046],[36.037947,52.975882],[36.037944,52.975645],[36.037918,52.975338],[36.03798,52.975107],[36.03813,52.974953],[36.038369,52.974876],[36.038696,52.974876],[36.038944,52.974866],[36.039112,52.974846],[36.039201,52.974817],[36.03921,52.974778],[36.039228,52.9747],[36.039256,52.974581],[36.039294,52.974423],[36.03934,52.974225],[36.039366,52.974009],[36.039371,52.973775],[36.039355,52.973523],[36.039318,52.973253],[36.039361,52.973048],[36.039484,52.972908],[36.039688,52.972834],[36.039971,52.972824],[36.040203,52.972826],[36.040386,52.972839],[36.040517,52.972863],[36.040598,52.972899],[36.040661,52.972932],[36.040706,52.972963],[36.040732,52.972992],[36.04074,52.973018],[36.040734,52.973042],[36.040714,52.973065],[36.040679,52.973086],[36.04063,52.973104],[36.040598,52.973133],[36.04059,52.973152],[36.040556,52.973133],[36.040634,52.97336],[36.041004,52.973552],[36.041077,52.973668],[36.041074,52.973824],[36.040996,52.974019],[36.040843,52.974253],[36.040695,52.974437],[36.040553,52.974569],[36.040417,52.97465],[36.040286,52.97468],[36.040211,52.974703],[36.040103,52.974727],[36.040112,52.974756],[36.040104,52.974764],[36.040113,52.974791],[36.040098,52.974837],[36.040059,52.974904],[36.039996,52.974991],[36.039909,52.975098],[36.039809,52.975204],[36.039695,52.975308],[36.039567,52.975411],[36.039426,52.975512],[36.03929,52.9756],[36.039159,52.975673],[36.039034,52.975733],[36.038913,52.975779],[36.038825,52.97582],[36.038821,52.975822],[36.038745,52.975851],[36.038754,52.975873],[36.038746,52.975883],[36.038755,52.975905],[36.038768,52.975909],[36.038778,52.975932],[36.038867,52.975911],[36.03896,52.975896],[36.039087,52.975866],[36.039189,52.975849],[36.039264,52.975845],[36.039312,52.975853],[36.039334,52.975873],[36.039363,52.975914],[36.039398,52.975977],[36.03944,52.976061],[36.039489,52.976166],[36.039534,52.976251],[36.039536,52.976254],[36.039566,52.976319],[36.039601,52.976342],[36.039615,52.976357],[36.03965,52.97638],[36.039657,52.976379],[36.0397,52.976407],[36.03971,52.976312],[36.039715,52.976293],[36.039723,52.976213],[36.039724,52.976179],[36.039732,52.976093],[36.039715,52.976024],[36.039711,52.975995],[36.039695,52.97593],[36.039684,52.975897],[36.039668,52.975835],[36.039633,52.975809],[36.039619,52.975793],[36.039584,52.975767],[36.039589,52.975732],[36.039633,52.975687],[36.039716,52.975631],[36.03984,52.975567],[36.039862,52.975551],[36.040017,52.97547],[36.040146,52.975297],[36.040192,52.975244],[36.040304,52.975094],[36.040415,52.974977],[36.040526,52.974892],[36.040635,52.97484],[36.040744,52.97482],[36.040766,52.974813],[36.040902,52.974788],[36.040963,52.974694],[36.040982,52.974675],[36.041032,52.974598],[36.041098,52.974515],[36.041182,52.974426],[36.041283,52.974331],[36.041402,52.974229],[36.041476,52.97416],[36.041572,52.974078],[36.041612,52.974014],[36.041641,52.973977],[36.041682,52.973911],[36.041746,52.973844],[36.04183,52.973776],[36.041937,52.973708],[36.042065,52.97364],[36.042161,52.973606],[36.042223,52.973605],[36.042253,52.973639],[36.042249,52.973706],[36.042228,52.973772],[36.042189,52.973836],[36.042133,52.973899],[36.042058,52.97396],[36.041993,52.974022],[36.041937,52.974084],[36.04189,52.974148],[36.041853,52.974213],[36.041813,52.974274],[36.04177,52.974331],[36.041725,52.974384],[36.041676,52.974433],[36.04164,52.974478],[36.041616,52.974517],[36.041604,52.974552],[36.041605,52.974582],[36.041596,52.974613],[36.041576,52.974645],[36.041546,52.974678],[36.041507,52.974712],[36.041456,52.97474],[36.041396,52.974762],[36.041325,52.974779],[36.041244,52.974789],[36.041175,52.974803],[36.041118,52.97482],[36.041073,52.97484],[36.041041,52.974864],[36.041017,52.974894],[36.041002,52.974932],[36.040996,52.974977],[36.040999,52.975028],[36.040954,52.975096],[36.040861,52.975179],[36.040721,52.975278],[36.040534,52.975394],[36.040389,52.975485],[36.040287,52.975552],[36.040228,52.975594],[36.040212,52.975613],[36.040204,52.975633],[36.040204,52.975655],[36.040212,52.975678],[36.040228,52.975703],[36.040237,52.97573],[36.040239,52.97576],[36.040234,52.975792],[36.040221,52.975826],[36.040203,52.975862],[36.04018,52.975898],[36.040151,52.975935],[36.040118,52.975973],[36.040097,52.976021],[36.040088,52.976077],[36.040091,52.976142],[36.040106,52.976217],[36.040116,52.976289],[36.040119,52.97636],[36.040117,52.976429],[36.040108,52.976497],[36.040102,52.976558],[36.040099,52.976614],[36.0401,52.976664],[36.040103,52.976709],[36.040154,52.976781],[36.040254,52.976881],[36.040403,52.977008],[36.0406,52.977163],[36.040742,52.977315],[36.040829,52.977464],[36.040861,52.97761],[36.040838,52.977753],[36.040847,52.977878],[36.040888,52.977986],[36.040961,52.978076],[36.041066,52.978148],[36.04106,52.978243],[36.040943,52.978361],[36.040716,52.978501],[36.040378,52.978664],[36.040095,52.978768],[36.039865,52.978815],[36.03969,52.978805],[36.039569,52.978736],[36.039469,52.978662],[36.03939,52.978582],[36.039332,52.978497],[36.039295,52.978407],[36.039292,52.978326],[36.039324,52.978255],[36.03939,52.978194],[36.039492,52.978143],[36.039543,52.978086],[36.039543,52.978022],[36.039494,52.977951],[36.039394,52.977874],[36.039305,52.977785],[36.039226,52.977686],[36.039158,52.977576],[36.0391,52.977454],[36.039035,52.977349],[36.038963,52.977259],[36.038885,52.977184],[36.038799,52.977125],[36.038731,52.977055],[36.038681,52.976972],[36.03865,52.976879]]]}},{"type":"Feature","properties":{"id":111,"area":3.931},"geometry":{"type":"Polygon","coordinates":[[[36.090077,52.960818],[36.089932,52.960787],[36.089802,52.960961],[36.088951,52.960721],[36.088907,52.960658],[36.08926,52.960153],[36.089483,52.960208],[36.089489,52.960284],[36.089438,52.960371],[36.089381,52.960362],[36.089317,52.960491],[36.089442,52.960527],[36.089418,52.960708],[36.089675,52.960745],[36.089858,52.960319],[36.089611,52.960275],[36.089629,52.96023],[36.090183,52.960368],[36.090334,52.960429],[36.090077,52.960818]]]}},{"type":"Feature","properties":{"id":110,"area":0.978},"geometry":{"type":"Polygon","coordinates":[[[36.086498,52.963136],[36.087016,52.963246],[36.086863,52.963475],[36.086353,52.963348],[36.086498,52.963136]]]}},{"type":"Feature","properties":{"id":17,"area":15.671},"geometry":{"type":"Polygon","coordinates":[[[36.139436,53.003279],[36.139336,53.003272],[36.139193,53.003163],[36.140176,53.002655],[36.139423,53.002125],[36.140132,53.00174],[36.14064,53.002105],[36.140774,53.002205],[36.140841,53.002291],[36.141344,53.003053],[36.141384,53.003125],[36.141404,53.003204],[36.141405,53.003277],[36.141377,53.003342],[36.141336,53.003402],[36.141297,53.003453],[36.141248,53.003502],[36.141186,53.003545],[36.140478,53.003922],[36.140362,53.003847],[36.140174,53.003726],[36.14023,53.003695],[36.140699,53.003443],[36.13999,53.002983],[36.139541,53.003224],[36.139436,53.003279]]]}},{"type":"Feature","properties":{"id":16,"area":0.042},"geometry":{"type":"Polygon","coordinates":[[[36.149044,53.009799],[36.149055,53.00979],[36.14907,53.009784],[36.149087,53.009781],[36.149105,53.009781],[36.149122,53.009786],[36.149136,53.009793],[36.149145,53.009802],[36.149148,53.009813],[36.149146,53.009823],[36.149138,53.009833],[36.149125,53.009841],[36.149108,53.009845],[36.14909,53.009847],[36.149073,53.009844],[36.149057,53.009839],[36.149046,53.00983],[36.14904,53.00982],[36.149039,53.009809],[36.149044,53.009799]]]}},{"type":"Feature","properties":{"id":19,"area":2.319},"geometry":{"type":"Polygon","coordinates":[[[36.040118,52.936315],[36.040723,52.936659],[36.040304,52.936933],[36.0397,52.936594],[36.040118,52.936315]]]}},{"type":"Feature","properties":{"id":18,"area":1.014},"geometry":{"type":"Polygon","coordinates":[[[36.149869,53.008966],[36.150221,53.008763],[36.150311,53.008743],[36.150393,53.008756],[36.150612,53.008884],[36.150299,53.009065],[36.150246,53.009034],[36.150001,53.009049],[36.149869,53.008966]]]}},{"type":"Feature","properties":{"id":21,"area":5.023},"geometry":{"type":"Polygon","coordinates":[[[36.050915,52.981024],[36.050978,52.981059],[36.050675,52.981308],[36.050556,52.981256],[36.050353,52.981442],[36.049727,52.981165],[36.049545,52.981046],[36.049997,52.980707],[36.050354,52.980894],[36.050715,52.980641],[36.051137,52.980836],[36.050915,52.981024]]]}},{"type":"Feature","properties":{"id":20,"area":6.671},"geometry":{"type":"Polygon","coordinates":[[[36.06127,52.987496],[36.061439,52.988353],[36.060418,52.98842],[36.060236,52.987562],[36.06127,52.987496]]]}},{"type":"Feature","properties":{"id":23,"area":7.639},"geometry":{"type":"Polygon","coordinates":[[[36.065273,52.957999],[36.064638,52.956754],[36.064934,52.956663],[36.066517,52.956979],[36.066366,52.957188],[36.065601,52.957013],[36.065455,52.957196],[36.0658,52.957858],[36.065273,52.957999]]]}},{"type":"Feature","properties":{"id":22,"area":8.014},"geometry":{"type":"Polygon","coordinates":[[[35.991796,52.919781],[35.9918,52.919027],[35.99322,52.91903],[35.993215,52.919784],[35.991796,52.919781]]]}},{"type":"Feature","properties":{"id":25,"area":6.759},"geometry":{"type":"Polygon","coordinates":[[[36.08826,52.961115],[36.088512,52.961177],[36.08912,52.961331],[36.090216,52.961597],[36.090097,52.961762],[36.08996,52.961953],[36.089935,52.961989],[36.088951,52.961742],[36.088958,52.961734],[36.08891,52.96169],[36.087852,52.961419],[36.087968,52.961249],[36.088118,52.961146],[36.08818,52.961122],[36.08826,52.961115]]]}},{"type":"Feature","properties":{"id":24,"area":0.997},"geometry":{"type":"Polygon","coordinates":[[[36.065303,52.959838],[36.065755,52.959725],[36.065938,52.959977],[36.065544,52.960098],[36.065303,52.959838]]]}},{"type":"Feature","properties":{"id":27,"area":20.013},"geometry":{"type":"Polygon","coordinates":[[[36.114161,52.949814],[36.114313,52.949944],[36.114475,52.95012],[36.11485,52.95022],[36.113659,52.951207],[36.113084,52.951023],[36.11047,52.952789],[36.110072,52.952596],[36.113912,52.94993],[36.114161,52.949814]]]}},{"type":"Feature","properties":{"id":26,"area":17.034},"geometry":{"type":"Polygon","coordinates":[[[36.060359,52.981518],[36.060381,52.981437],[36.06053,52.981347],[36.060819,52.981561],[36.065366,52.982266],[36.067443,52.981739],[36.067601,52.981952],[36.066958,52.982155],[36.066171,52.982341],[36.065751,52.982432],[36.065527,52.982463],[36.065244,52.982469],[36.062336,52.982025],[36.062094,52.981992],[36.061875,52.981975],[36.061754,52.981979],[36.061603,52.982013],[36.061445,52.982071],[36.060663,52.982476],[36.060598,52.982484],[36.060558,52.982457],[36.060359,52.981518]]]}},{"type":"Feature","properties":{"id":29,"area":6.446},"geometry":{"type":"Polygon","coordinates":[[[36.085575,52.970547],[36.086152,52.970589],[36.087029,52.970923],[36.086377,52.97152],[36.085868,52.971309],[36.085814,52.97114],[36.085566,52.971096],[36.085575,52.970547]]]}},{"type":"Feature","properties":{"id":28,"area":178.653},"geometry":{"type":"Polygon","coordinates":[[[36.035231,52.978627],[36.035107,52.978627],[36.035006,52.97862],[36.03493,52.978605],[36.034878,52.978583],[36.034792,52.97857],[36.034673,52.978566],[36.03452,52.978571],[36.034334,52.978584],[36.034197,52.978614],[36.03411,52.97866],[36.034072,52.978722],[36.034084,52.978801],[36.034042,52.978862],[36.033946,52.978906],[36.033795,52.978932],[36.03359,52.97894],[36.033432,52.978954],[36.033321,52.978974],[36.033256,52.978999],[36.033238,52.97903],[36.033228,52.979081],[36.033227,52.979152],[36.033234,52.979243],[36.033249,52.979355],[36.03328,52.979454],[36.033326,52.979538],[36.033388,52.979608],[36.033465,52.979664],[36.033553,52.979704],[36.033651,52.979727],[36.03376,52.979734],[36.033879,52.979723],[36.033974,52.979726],[36.034045,52.979742],[36.034092,52.979771],[36.034115,52.979814],[36.03411,52.979851],[36.034078,52.979882],[36.034018,52.979909],[36.033931,52.97993],[36.033858,52.979939],[36.0338,52.979934],[36.033756,52.979918],[36.033727,52.979888],[36.0337,52.979864],[36.033675,52.979847],[36.033652,52.979835],[36.033631,52.979829],[36.033599,52.979831],[36.033556,52.979841],[36.033502,52.979859],[36.033436,52.979885],[36.033373,52.979889],[36.033311,52.979872],[36.033251,52.979833],[36.033192,52.979772],[36.033125,52.9797],[36.03305,52.979617],[36.032967,52.979522],[36.032876,52.979416],[36.032787,52.979311],[36.032698,52.979209],[36.032611,52.979108],[36.032525,52.979009],[36.03246,52.978931],[36.032418,52.978874],[36.032398,52.978838],[36.0324,52.978823],[36.032418,52.978816],[36.032451,52.978816],[36.0325,52.978825],[36.032565,52.978841],[36.032629,52.978854],[36.032693,52.978862],[36.032755,52.978866],[36.032817,52.978866],[36.032882,52.978864],[36.03295,52.97886],[36.033021,52.978854],[36.033096,52.978846],[36.033149,52.978827],[36.033182,52.978796],[36.033194,52.978754],[36.033186,52.9787],[36.033176,52.978634],[36.033165,52.978555],[36.033152,52.978465],[36.033137,52.978363],[36.033135,52.978282],[36.033146,52.978222],[36.03317,52.978183],[36.033207,52.978164],[36.03324,52.97815],[36.033271,52.97814],[36.033298,52.978134],[36.033322,52.978133],[36.033335,52.978137],[36.033339,52.978146],[36.033331,52.978161],[36.033314,52.978181],[36.03331,52.978193],[36.03332,52.978196],[36.033343,52.978192],[36.033381,52.978179],[36.033416,52.978175],[36.033448,52.978179],[36.033478,52.978191],[36.033506,52.978212],[36.033526,52.978222],[36.033538,52.978219],[36.033541,52.978205],[36.033537,52.978179],[36.033546,52.978158],[36.033568,52.978141],[36.033603,52.978128],[36.033652,52.978119],[36.033676,52.978111],[36.033675,52.978104],[36.033651,52.978098],[36.033602,52.978092],[36.033564,52.97808],[36.033537,52.978062],[36.033521,52.978036],[36.033516,52.978004],[36.033507,52.977987],[36.033494,52.977985],[36.033477,52.977997],[36.033455,52.978025],[36.033429,52.978044],[36.033398,52.978055],[36.033362,52.978057],[36.033322,52.978051],[36.033298,52.978051],[36.03329,52.978056],[36.033297,52.978068],[36.033321,52.978086],[36.033332,52.978099],[36.033332,52.978109],[36.033319,52.978113],[36.033294,52.978114],[36.033266,52.97811],[36.033233,52.978102],[36.033196,52.978089],[36.033155,52.978072],[36.033121,52.978042],[36.033095,52.977998],[36.033076,52.977941],[36.033065,52.97787],[36.033001,52.977821],[36.032885,52.977793],[36.032716,52.977786],[36.032496,52.977801],[36.032315,52.977777],[36.032174,52.977714],[36.032072,52.977613],[36.03201,52.977472],[36.031966,52.977364],[36.03194,52.977288],[36.031932,52.977243],[36.031942,52.977231],[36.031958,52.977222],[36.031979,52.977215],[36.032006,52.97721],[36.032039,52.977208],[36.032014,52.97705],[36.031932,52.976735],[36.031793,52.976265],[36.031597,52.975637],[36.031491,52.975162],[36.031476,52.974839],[36.031551,52.974668],[36.031718,52.974649],[36.031849,52.974636],[36.031945,52.97463],[36.032006,52.974631],[36.032031,52.974638],[36.032252,52.974628],[36.032669,52.9746],[36.033281,52.974555],[36.034089,52.974492],[36.03471,52.974444],[36.035145,52.97441],[36.035395,52.974392],[36.035458,52.974388],[36.035509,52.974386],[36.035549,52.974386],[36.035577,52.974388],[36.035594,52.974391],[36.035609,52.974396],[36.035621,52.974402],[36.035631,52.974411],[36.035638,52.974421],[36.035658,52.9745],[36.03569,52.974648],[36.035734,52.974866],[36.035791,52.975153],[36.035834,52.975372],[36.035863,52.975522],[36.035879,52.975604],[36.03588,52.975617],[36.03589,52.975682],[36.035908,52.975798],[36.035933,52.975967],[36.035967,52.976187],[36.035988,52.976352],[36.035997,52.976463],[36.035995,52.976519],[36.035979,52.97652],[36.03597,52.976542],[36.035967,52.976584],[36.035969,52.976647],[36.035977,52.97673],[36.035992,52.976797],[36.036015,52.976847],[36.036044,52.976881],[36.036081,52.976899],[36.036114,52.976967],[36.036144,52.977084],[36.036172,52.97725],[36.036196,52.977466],[36.03622,52.977653],[36.036244,52.97781],[36.036269,52.977937],[36.036294,52.978035],[36.036311,52.978116],[36.036318,52.978181],[36.036318,52.978229],[36.036308,52.978261],[36.036311,52.978291],[36.036326,52.97832],[36.036354,52.978348],[36.036394,52.978374],[36.036445,52.978422],[36.036507,52.978492],[36.03658,52.978582],[36.036664,52.978694],[36.036753,52.978799],[36.036847,52.978896],[36.036947,52.978986],[36.037052,52.979068],[36.037164,52.979149],[36.037285,52.979227],[36.037413,52.979303],[36.037549,52.979378],[36.037636,52.979504],[36.037675,52.979684],[36.037665,52.979916],[36.037606,52.980201],[36.037429,52.980466],[36.037132,52.98071],[36.036717,52.980935],[36.036184,52.981138],[36.035766,52.981298],[36.035465,52.981413],[36.03528,52.981485],[36.035211,52.981512],[36.035151,52.981529],[36.035098,52.981537],[36.035054,52.981535],[36.035017,52.981523],[36.035001,52.981507],[36.035005,52.981487],[36.03503,52.981461],[36.035075,52.981432],[36.035102,52.981402],[36.035112,52.981374],[36.035105,52.981346],[36.03508,52.981318],[36.035068,52.981295],[36.035068,52.981276],[36.035081,52.981262],[36.035106,52.981251],[36.035042,52.981164],[36.034889,52.981001],[36.034646,52.980762],[36.034314,52.980446],[36.034087,52.980205],[36.033964,52.980037],[36.033945,52.979943],[36.034032,52.979922],[36.034128,52.979905],[36.034234,52.979892],[36.03435,52.979882],[36.034475,52.979875],[36.034566,52.979827],[36.034621,52.979737],[36.034641,52.979607],[36.034625,52.979435],[36.034626,52.979305],[36.034645,52.979218],[36.034681,52.979172],[36.034735,52.979169],[36.0348,52.979167],[36.034877,52.979164],[36.034965,52.979163],[36.035066,52.979162],[36.035173,52.979154],[36.035288,52.979139],[36.035409,52.979118],[36.035539,52.97909],[36.035627,52.979042],[36.035676,52.978973],[36.035683,52.978884],[36.035651,52.978774],[36.035589,52.978694],[36.035499,52.978643],[36.03538,52.978621],[36.035231,52.978627]]]}},{"type":"Feature","properties":{"id":31,"area":13.757},"geometry":{"type":"Polygon","coordinates":[[[36.061569,52.967073],[36.061389,52.966929],[36.061322,52.966957],[36.061212,52.96688],[36.061013,52.96697],[36.06077,52.966855],[36.060674,52.966819],[36.060417,52.966791],[36.060044,52.966993],[36.059914,52.967201],[36.059842,52.967332],[36.059799,52.967353],[36.059182,52.966894],[36.059564,52.966681],[36.059318,52.966457],[36.059522,52.966357],[36.05942,52.966275],[36.059969,52.966013],[36.060263,52.966174],[36.060621,52.966144],[36.061007,52.966415],[36.061325,52.966259],[36.06204,52.966798],[36.062011,52.966865],[36.061569,52.967073]]]}},{"type":"Feature","properties":{"id":30,"area":3.039},"geometry":{"type":"Polygon","coordinates":[[[36.084642,52.973461],[36.083881,52.973188],[36.084282,52.972783],[36.085017,52.973069],[36.084642,52.973461]]]}},{"type":"Feature","properties":{"id":1,"area":7.297},"geometry":{"type":"Polygon","coordinates":[[[36.049287,52.98136],[36.049362,52.981294],[36.049612,52.981278],[36.05022,52.981548],[36.050052,52.981699],[36.049987,52.981685],[36.049673,52.981963],[36.05069,52.982365],[36.050499,52.982531],[36.048651,52.981816],[36.049204,52.981333],[36.049287,52.98136]]]}},{"type":"Feature","properties":{"id":3,"area":3.858},"geometry":{"type":"Polygon","coordinates":[[[36.063488,52.961227],[36.064098,52.961712],[36.062598,52.961495],[36.062632,52.961241],[36.062683,52.961196],[36.063285,52.960993],[36.063402,52.961127],[36.063488,52.961227]]]}},{"type":"Feature","properties":{"id":2,"area":10.601},"geometry":{"type":"Polygon","coordinates":[[[36.063096,52.963971],[36.062971,52.963417],[36.062863,52.963386],[36.062512,52.963406],[36.062437,52.963117],[36.06412,52.963416],[36.064408,52.963519],[36.064994,52.96378],[36.065213,52.963887],[36.065135,52.964199],[36.064309,52.964255],[36.064258,52.963984],[36.06337,52.963953],[36.063096,52.963971]]]}},{"type":"Feature","properties":{"id":5,"area":8.74},"geometry":{"type":"Polygon","coordinates":[[[36.017659,52.925049],[36.019177,52.925306],[36.017595,52.926382],[36.017422,52.926432],[36.017351,52.926409],[36.017742,52.925672],[36.01731,52.925096],[36.017218,52.924974],[36.017659,52.925049]]]}},{"type":"Feature","properties":{"id":4,"area":2.381},"geometry":{"type":"Polygon","coordinates":[[[36.065996,52.977817],[36.066506,52.978191],[36.066041,52.978429],[36.065605,52.978137],[36.065599,52.977988],[36.065633,52.977942],[36.06593,52.977799],[36.065996,52.977817]]]}},{"type":"Feature","properties":{"id":7,"area":10.551},"geometry":{"type":"Polygon","coordinates":[[[36.071742,52.983379],[36.07294,52.983045],[36.07306,52.983201],[36.07303,52.983258],[36.073692,52.984176],[36.072605,52.984289],[36.07237,52.984248],[36.071742,52.983379]]]}},{"type":"Feature","properties":{"id":6,"area":6.118},"geometry":{"type":"Polygon","coordinates":[[[36.024838,52.927985],[36.025714,52.928479],[36.024904,52.928978],[36.02407,52.928508],[36.024838,52.927985]]]}},{"type":"Feature","properties":{"id":9,"area":2.116},"geometry":{"type":"Polygon","coordinates":[[[36.066125,52.963642],[36.065757,52.963414],[36.065935,52.963033],[36.066011,52.96305],[36.066045,52.963005],[36.066361,52.963213],[36.066586,52.963365],[36.066125,52.963642]]]}},{"type":"Feature","properties":{"id":8,"area":2.539},"geometry":{"type":"Polygon","coordinates":[[[36.086905,52.973546],[36.086417,52.973901],[36.085833,52.973691],[36.086203,52.973297],[36.086905,52.973546]]]}},{"type":"Feature","properties":{"id":11,"area":0.068},"geometry":{"type":"Polygon","coordinates":[[[36.14916,53.00974],[36.149288,53.009669],[36.149347,53.009707],[36.149219,53.009778],[36.14916,53.00974]]]}},{"type":"Feature","properties":{"id":10,"area":13.19},"geometry":{"type":"Polygon","coordinates":[[[36.065277,52.96272],[36.065346,52.962799],[36.065383,52.962887],[36.065388,52.962984],[36.065361,52.963091],[36.065274,52.963141],[36.065127,52.963136],[36.064919,52.963076],[36.064652,52.96296],[36.064399,52.962856],[36.064159,52.962765],[36.063934,52.962686],[36.063722,52.962619],[36.063513,52.962558],[36.063305,52.962502],[36.063099,52.962452],[36.062896,52.962408],[36.062741,52.962365],[36.062634,52.962322],[36.062577,52.96228],[36.062567,52.962239],[36.062581,52.962209],[36.06262,52.962189],[36.062682,52.96218],[36.062767,52.962182],[36.062834,52.962173],[36.06288,52.962155],[36.062907,52.962128],[36.062915,52.96209],[36.062928,52.962061],[36.062947,52.96204],[36.062971,52.962029],[36.063002,52.962026],[36.063055,52.962028],[36.06313,52.962037],[36.063227,52.962052],[36.063347,52.962072],[36.063456,52.962091],[36.063556,52.962107],[36.063645,52.962121],[36.063724,52.962134],[36.063791,52.962126],[36.063845,52.962099],[36.063886,52.962052],[36.063915,52.961986],[36.06394,52.961934],[36.063962,52.961896],[36.063981,52.961873],[36.063997,52.961864],[36.064012,52.961857],[36.064028,52.961852],[36.064044,52.961848],[36.064061,52.961845],[36.064107,52.961849],[36.064183,52.961859],[36.064288,52.961876],[36.064424,52.961899],[36.064522,52.961925],[36.064584,52.961955],[36.064609,52.961987],[36.064598,52.962022],[36.064598,52.96205],[36.064609,52.96207],[36.064632,52.962083],[36.064665,52.962088],[36.064693,52.962087],[36.064716,52.962079],[36.064732,52.962064],[36.064743,52.962043],[36.064764,52.962029],[36.064796,52.962022],[36.064839,52.962023],[36.064893,52.962031],[36.064935,52.962039],[36.064967,52.962047],[36.064987,52.962056],[36.064997,52.962065],[36.065001,52.962073],[36.065,52.962082],[36.064993,52.962089],[36.064982,52.962097],[36.064968,52.962102],[36.064951,52.962105],[36.064932,52.962106],[36.064911,52.962104],[36.064894,52.962111],[36.064879,52.962125],[36.064867,52.962148],[36.064859,52.962178],[36.064862,52.962207],[36.064876,52.962235],[36.064901,52.962261],[36.064937,52.962286],[36.064966,52.962306],[36.064989,52.962322],[36.065005,52.962334],[36.065015,52.962341],[36.065026,52.962345],[36.065037,52.962346],[36.065049,52.962343],[36.065063,52.962338],[36.065081,52.962337],[36.065105,52.96234],[36.065133,52.962348],[36.065167,52.962361],[36.065199,52.962376],[36.065228,52.962395],[36.065254,52.962417],[36.065279,52.962443],[36.065288,52.962466],[36.065283,52.962488],[36.065264,52.962508],[36.065229,52.962526],[36.065197,52.962536],[36.065167,52.96254],[36.06514,52.962536],[36.065114,52.962525],[36.065092,52.962519],[36.065073,52.962518],[36.065057,52.962521],[36.065044,52.96253],[36.06506,52.962555],[36.065104,52.962594],[36.065177,52.962649],[36.065277,52.96272]]]}},{"type":"Feature","properties":{"id":13,"area":0.042},"geometry":{"type":"Polygon","coordinates":[[[36.149688,53.009447],[36.149681,53.009437],[36.149681,53.009426],[36.149686,53.009416],[36.149697,53.009407],[36.149711,53.009401],[36.149729,53.009398],[36.149747,53.009398],[36.149763,53.009402],[36.149777,53.00941],[36.149786,53.009419],[36.14979,53.00943],[36.149787,53.00944],[36.149779,53.00945],[36.149766,53.009458],[36.14975,53.009462],[36.149732,53.009464],[36.149714,53.009461],[36.149699,53.009455],[36.149688,53.009447]]]}},{"type":"Feature","properties":{"id":12,"area":0.068},"geometry":{"type":"Polygon","coordinates":[[[36.149796,53.009364],[36.149924,53.009293],[36.149983,53.009331],[36.149855,53.009402],[36.149796,53.009364]]]}},{"type":"Feature","properties":{"id":15,"area":1.907},"geometry":{"type":"Polygon","coordinates":[[[36.14873,53.009651],[36.149774,53.009026],[36.149907,53.009106],[36.149886,53.009209],[36.148933,53.009776],[36.14873,53.009651]]]}},{"type":"Feature","properties":{"id":14,"area":0.042},"geometry":{"type":"Polygon","coordinates":[[[36.149359,53.009637],[36.149358,53.009626],[36.149364,53.009616],[36.149374,53.009607],[36.149389,53.009601],[36.149406,53.009598],[36.149424,53.009598],[36.149441,53.009602],[36.149455,53.009609],[36.149464,53.009619],[36.149467,53.009629],[36.149465,53.00964],[36.149457,53.00965],[36.149444,53.009657],[36.149428,53.009662],[36.14941,53.009663],[36.149392,53.009661],[36.149377,53.009655],[36.149365,53.009647],[36.149359,53.009637]]]}},{"type":"Feature","properties":{"id":49,"area":46.926},"geometry":{"type":"Polygon","coordinates":[[[36.063958,52.976025],[36.062761,52.975126],[36.066974,52.973074],[36.068228,52.973939],[36.063958,52.976025]]]}},{"type":"Feature","properties":{"id":48,"area":90.642},"geometry":{"type":"Polygon","coordinates":[[[36.083505,52.955027],[36.083788,52.955133],[36.083993,52.955207],[36.084123,52.955249],[36.084176,52.955259],[36.084225,52.955268],[36.084272,52.955276],[36.084316,52.955282],[36.084356,52.955288],[36.084403,52.955288],[36.084456,52.955284],[36.084516,52.955276],[36.084583,52.955262],[36.084641,52.955256],[36.08469,52.955257],[36.08473,52.955265],[36.084761,52.955281],[36.084725,52.955322],[36.084621,52.95539],[36.084451,52.955483],[36.084213,52.955603],[36.084011,52.955707],[36.083845,52.955795],[36.083714,52.955868],[36.083619,52.955924],[36.083509,52.955989],[36.083385,52.956063],[36.083247,52.956145],[36.083094,52.956235],[36.082949,52.956322],[36.08281,52.956404],[36.082679,52.956483],[36.082555,52.956557],[36.082361,52.956682],[36.082098,52.956859],[36.081766,52.957086],[36.081364,52.957364],[36.080948,52.957653],[36.08052,52.957953],[36.080078,52.958263],[36.079622,52.958584],[36.079227,52.958818],[36.078892,52.958965],[36.078616,52.959025],[36.078401,52.958998],[36.078076,52.958947],[36.077643,52.958874],[36.077101,52.958779],[36.076451,52.95866],[36.075985,52.958537],[36.075705,52.958409],[36.075609,52.958276],[36.075699,52.958139],[36.075837,52.95805],[36.076021,52.958008],[36.076252,52.958015],[36.076531,52.95807],[36.076836,52.958084],[36.077167,52.958058],[36.077525,52.957991],[36.077909,52.957883],[36.078218,52.957765],[36.078453,52.957638],[36.078614,52.957502],[36.0787,52.957355],[36.078782,52.957232],[36.07886,52.957131],[36.078934,52.957052],[36.079003,52.956996],[36.079119,52.956933],[36.079281,52.956863],[36.079488,52.956786],[36.079742,52.956701],[36.079978,52.956556],[36.080196,52.956351],[36.080398,52.956086],[36.080582,52.95576],[36.080757,52.955522],[36.080924,52.955372],[36.081081,52.955309],[36.08123,52.955335],[36.081345,52.955351],[36.081424,52.955358],[36.081469,52.955356],[36.08148,52.955344],[36.08149,52.955332],[36.081499,52.955321],[36.081509,52.955311],[36.081518,52.955301],[36.081546,52.955262],[36.081594,52.955195],[36.081662,52.955099],[36.081749,52.954975],[36.081843,52.954892],[36.081944,52.95485],[36.082053,52.954851],[36.082168,52.954893],[36.082272,52.954908],[36.082363,52.954895],[36.082442,52.954854],[36.082508,52.954785],[36.082648,52.954769],[36.082861,52.954803],[36.083147,52.95489],[36.083505,52.955027]]]}},{"type":"Feature","properties":{"id":51,"area":9.671},"geometry":{"type":"Polygon","coordinates":[[[36.018641,52.949843],[36.018789,52.951531],[36.018626,52.951634],[36.018083,52.951651],[36.017967,52.94975],[36.018449,52.949738],[36.018641,52.949843]]]}},{"type":"Feature","properties":{"id":50,"area":8.794},"geometry":{"type":"Polygon","coordinates":[[[36.018759,52.953328],[36.018178,52.953348],[36.018087,52.951714],[36.018662,52.951696],[36.0188,52.951771],[36.018911,52.953234],[36.018903,52.953273],[36.018873,52.953302],[36.018832,52.953319],[36.018759,52.953328]]]}},{"type":"Feature","properties":{"id":53,"area":8.131},"geometry":{"type":"Polygon","coordinates":[[[36.064919,52.964876],[36.064831,52.965224],[36.064235,52.965167],[36.064298,52.964899],[36.064217,52.96486],[36.063143,52.964812],[36.06308,52.964465],[36.063264,52.964434],[36.065057,52.964303],[36.064919,52.964876]]]}},{"type":"Feature","properties":{"id":52,"area":9.632},"geometry":{"type":"Polygon","coordinates":[[[36.017557,52.947938],[36.018268,52.947909],[36.018328,52.947909],[36.018386,52.947919],[36.018431,52.947942],[36.01846,52.947971],[36.018474,52.948012],[36.018607,52.949597],[36.018594,52.949627],[36.018564,52.949649],[36.018528,52.949658],[36.017923,52.94968],[36.017831,52.94839],[36.017459,52.948104],[36.017482,52.948094],[36.017502,52.948071],[36.01751,52.948044],[36.017503,52.947966],[36.017519,52.94795],[36.017557,52.947938]]]}},{"type":"Feature","properties":{"id":55,"area":43.059},"geometry":{"type":"Polygon","coordinates":[[[36.021795,52.949539],[36.021783,52.949549],[36.021761,52.949555],[36.018954,52.949644],[36.018878,52.949641],[36.018815,52.949626],[36.018776,52.949601],[36.018751,52.949564],[36.018605,52.94784],[36.020137,52.947765],[36.020451,52.947604],[36.020898,52.947586],[36.020973,52.947561],[36.021091,52.94749],[36.021081,52.947388],[36.020919,52.947389],[36.020918,52.947352],[36.021166,52.947216],[36.021272,52.947212],[36.021335,52.947258],[36.021684,52.947778],[36.021724,52.948711],[36.021374,52.948719],[36.021401,52.949212],[36.021622,52.949208],[36.021673,52.949174],[36.021708,52.949166],[36.021748,52.94917],[36.021771,52.949183],[36.021795,52.949539]]]}},{"type":"Feature","properties":{"id":54,"area":4.839},"geometry":{"type":"Polygon","coordinates":[[[36.021179,52.953326],[36.021183,52.953387],[36.021672,52.953373],[36.021689,52.95358],[36.019107,52.953642],[36.019086,52.953387],[36.021179,52.953326]]]}},{"type":"Feature","properties":{"id":57,"area":3.794},"geometry":{"type":"Polygon","coordinates":[[[36.003897,52.94738],[36.004641,52.947668],[36.004804,52.947757],[36.00466,52.947767],[36.004582,52.94772],[36.004356,52.947718],[36.004437,52.947818],[36.00354,52.947859],[36.00335,52.947756],[36.003118,52.947629],[36.003373,52.94759],[36.003373,52.94759],[36.003373,52.94759],[36.003618,52.947364],[36.003204,52.946944],[36.003897,52.94738]]]}},{"type":"Feature","properties":{"id":56,"area":4.08},"geometry":{"type":"Polygon","coordinates":[[[36.003808,52.948006],[36.005312,52.947936],[36.005445,52.947967],[36.005633,52.947946],[36.005663,52.947978],[36.00566,52.948011],[36.00548,52.94804],[36.00545,52.948163],[36.005505,52.948348],[36.00536,52.948374],[36.00475,52.948395],[36.004252,52.948216],[36.004075,52.948152],[36.003808,52.948006]]]}},{"type":"Feature","properties":{"id":59,"area":12.184},"geometry":{"type":"Polygon","coordinates":[[[36.059995,52.984507],[36.058939,52.98504],[36.059013,52.985094],[36.060447,52.984993],[36.060574,52.984963],[36.060647,52.9849],[36.060652,52.984832],[36.060895,52.984819],[36.060918,52.984905],[36.060896,52.985103],[36.060967,52.985397],[36.058397,52.985555],[36.057172,52.986217],[36.05688,52.986008],[36.059959,52.98448],[36.059995,52.984507]]]}},{"type":"Feature","properties":{"id":58,"area":0.896},"geometry":{"type":"Polygon","coordinates":[[[36.073226,52.97807],[36.073153,52.978019],[36.07343,52.977874],[36.073199,52.97771],[36.073252,52.977669],[36.073339,52.977638],[36.07427,52.97831],[36.074303,52.978381],[36.073575,52.977888],[36.073226,52.97807]]]}},{"type":"Feature","properties":{"id":61,"area":6.707},"geometry":{"type":"Polygon","coordinates":[[[36.156323,53.013929],[36.156395,53.013719],[36.156784,53.013502],[36.155354,53.012506],[36.155312,53.012477],[36.15554,53.012345],[36.155803,53.01249],[36.157431,53.013567],[36.15741,53.013616],[36.157357,53.013664],[36.157247,53.013719],[36.156588,53.014052],[36.156323,53.013929]]]}},{"type":"Feature","properties":{"id":60,"area":3.826},"geometry":{"type":"Polygon","coordinates":[[[36.05057,52.942087],[36.05051,52.942114],[36.049387,52.941479],[36.049241,52.941428],[36.04952,52.941377],[36.050705,52.942018],[36.05155,52.942531],[36.052216,52.94296],[36.052038,52.943053],[36.05057,52.942087]]]}},{"type":"Feature","properties":{"id":63,"area":0.761},"geometry":{"type":"Polygon","coordinates":[[[36.037704,52.935319],[36.038054,52.935171],[36.038327,52.935321],[36.038276,52.93536],[36.038072,52.935496],[36.037704,52.935319]]]}},{"type":"Feature","properties":{"id":62,"area":2.856},"geometry":{"type":"Polygon","coordinates":[[[36.039332,52.938767],[36.039247,52.938821],[36.039056,52.938956],[36.038611,52.938725],[36.038866,52.938525],[36.039316,52.938169],[36.039689,52.938366],[36.039472,52.938517],[36.039332,52.938767]]]}},{"type":"Feature","properties":{"id":33,"area":11.658},"geometry":{"type":"Polygon","coordinates":[[[36.065085,52.96152],[36.065086,52.961495],[36.065089,52.961474],[36.065091,52.961455],[36.065094,52.961438],[36.065098,52.961425],[36.065101,52.961414],[36.065106,52.961406],[36.065111,52.9614],[36.06513,52.961391],[36.065164,52.961379],[36.065213,52.961363],[36.065276,52.961343],[36.065354,52.961319],[36.065447,52.961292],[36.065554,52.961262],[36.065676,52.961228],[36.065786,52.961191],[36.065884,52.961153],[36.065969,52.961112],[36.066043,52.961069],[36.066104,52.961024],[36.066153,52.960977],[36.06619,52.960927],[36.066215,52.960876],[36.066246,52.960849],[36.066285,52.960846],[36.066331,52.960869],[36.066384,52.960915],[36.066444,52.960987],[36.066512,52.961083],[36.066586,52.961203],[36.066667,52.961348],[36.066736,52.961478],[36.066793,52.961593],[36.066837,52.961693],[36.066869,52.961777],[36.066888,52.961846],[36.066894,52.9619],[36.066889,52.961938],[36.06687,52.961962],[36.066842,52.961986],[36.066803,52.962009],[36.066754,52.962034],[36.066695,52.962058],[36.066626,52.962082],[36.066546,52.962107],[36.066456,52.962132],[36.066356,52.962157],[36.066267,52.962179],[36.066189,52.962198],[36.066121,52.962214],[36.066065,52.962226],[36.066019,52.962236],[36.065984,52.962242],[36.06596,52.962245],[36.065947,52.962245],[36.065934,52.962245],[36.065921,52.962243],[36.065907,52.962241],[36.065893,52.962238],[36.065878,52.962235],[36.065864,52.96223],[36.065849,52.962225],[36.065834,52.96222],[36.06581,52.962206],[36.065776,52.962184],[36.065734,52.962154],[36.065683,52.962117],[36.065622,52.962071],[36.065552,52.962017],[36.065474,52.961956],[36.065386,52.961886],[36.065309,52.961822],[36.065244,52.961763],[36.06519,52.961709],[36.065146,52.961661],[36.065114,52.961617],[36.065093,52.96158],[36.065083,52.961547],[36.065085,52.96152]]]}},{"type":"Feature","properties":{"id":32,"area":1.87},"geometry":{"type":"Polygon","coordinates":[[[36.052087,52.951012],[36.052179,52.951062],[36.051866,52.951287],[36.051194,52.950804],[36.051827,52.950848],[36.052346,52.950851],[36.052262,52.950887],[36.052213,52.950922],[36.052087,52.951012]]]}},{"type":"Feature","properties":{"id":35,"area":13.252},"geometry":{"type":"Polygon","coordinates":[[[36.143479,53.004083],[36.143734,53.00421],[36.14393,53.004339],[36.144042,53.004447],[36.143799,53.004554],[36.143619,53.004449],[36.142939,53.004814],[36.141459,53.003787],[36.140158,53.00447],[36.139977,53.004345],[36.14138,53.003603],[36.141568,53.003556],[36.141807,53.003536],[36.141981,53.003563],[36.142187,53.00362],[36.14242,53.003698],[36.142891,53.003868],[36.143479,53.004083]]]}},{"type":"Feature","properties":{"id":34,"area":17.447},"geometry":{"type":"Polygon","coordinates":[[[36.081258,52.975078],[36.075803,52.973844],[36.076245,52.973425],[36.078692,52.974208],[36.080145,52.974632],[36.080536,52.974297],[36.080707,52.974354],[36.080841,52.974399],[36.080938,52.974327],[36.081032,52.974241],[36.081513,52.974423],[36.081658,52.974409],[36.081829,52.974473],[36.081864,52.974513],[36.081258,52.975078]]]}},{"type":"Feature","properties":{"id":37,"area":5.134},"geometry":{"type":"Polygon","coordinates":[[[36.074264,52.966982],[36.074323,52.967059],[36.074309,52.96714],[36.074027,52.967426],[36.073429,52.967201],[36.073292,52.96734],[36.0728,52.967141],[36.073299,52.966603],[36.074264,52.966982]]]}},{"type":"Feature","properties":{"id":36,"area":1.865},"geometry":{"type":"Polygon","coordinates":[[[36.136584,52.99941],[36.136866,52.999605],[36.136147,52.999995],[36.135866,52.9998],[36.136584,52.99941]]]}},{"type":"Feature","properties":{"id":39,"area":222.495},"geometry":{"type":"Polygon","coordinates":[[[36.075933,52.976569],[36.075897,52.976597],[36.075865,52.976625],[36.075837,52.976654],[36.075814,52.976683],[36.075794,52.976712],[36.07577,52.976736],[36.075741,52.976756],[36.075708,52.976771],[36.075671,52.976782],[36.075633,52.97679],[36.075594,52.976793],[36.075556,52.976793],[36.075516,52.97679],[36.075478,52.976785],[36.075442,52.97678],[36.075406,52.976775],[36.075371,52.976768],[36.075345,52.976763],[36.075327,52.97676],[36.075317,52.976757],[36.075316,52.976757],[36.075289,52.976751],[36.075238,52.97674],[36.075162,52.976724],[36.075061,52.976703],[36.074975,52.976687],[36.074904,52.976677],[36.074847,52.976672],[36.074805,52.976672],[36.074763,52.976673],[36.074722,52.976676],[36.074681,52.97668],[36.07464,52.976685],[36.074605,52.976687],[36.074575,52.976686],[36.07455,52.976681],[36.07453,52.976673],[36.074514,52.976662],[36.0745,52.976647],[36.074489,52.976629],[36.07448,52.976608],[36.07449,52.976586],[36.074518,52.976565],[36.074564,52.976543],[36.074628,52.97652],[36.074688,52.976501],[36.074744,52.976485],[36.074796,52.976472],[36.074844,52.976462],[36.074892,52.976454],[36.07494,52.976447],[36.074988,52.976442],[36.075036,52.976438],[36.075077,52.976431],[36.07511,52.97642],[36.075136,52.976405],[36.075154,52.976387],[36.075165,52.97637],[36.07517,52.976354],[36.075167,52.976338],[36.075158,52.976324],[36.075154,52.97631],[36.075155,52.976297],[36.075161,52.976284],[36.075171,52.976273],[36.075193,52.976258],[36.075227,52.97624],[36.075273,52.97622],[36.07533,52.976196],[36.075385,52.976171],[36.075438,52.976146],[36.075488,52.976119],[36.075536,52.976091],[36.075577,52.976063],[36.07561,52.976037],[36.075635,52.976012],[36.075653,52.975987],[36.075684,52.975955],[36.075726,52.975916],[36.07578,52.975869],[36.075847,52.975815],[36.075914,52.975766],[36.075983,52.975722],[36.076052,52.975682],[36.076123,52.975647],[36.076181,52.975617],[36.076228,52.975591],[36.076262,52.975568],[36.076285,52.97555],[36.076298,52.975532],[36.076302,52.975514],[36.076296,52.975496],[36.076281,52.975478],[36.076263,52.975461],[36.076243,52.975447],[36.07622,52.975434],[36.076194,52.975423],[36.076167,52.975411],[36.076136,52.975398],[36.076104,52.975384],[36.076069,52.975368],[36.076034,52.975353],[36.075998,52.975338],[36.075961,52.975324],[36.075924,52.975309],[36.075887,52.975296],[36.075852,52.975284],[36.075817,52.975274],[36.075784,52.975265],[36.07572,52.975253],[36.075623,52.97524],[36.075495,52.975224],[36.075336,52.975206],[36.075198,52.975191],[36.07508,52.97518],[36.074984,52.975172],[36.074909,52.975167],[36.07484,52.975166],[36.074777,52.975169],[36.07472,52.975175],[36.074669,52.975184],[36.074481,52.975275],[36.074154,52.975449],[36.073689,52.975704],[36.073086,52.976041],[36.072603,52.976273],[36.07224,52.976399],[36.071997,52.976421],[36.071874,52.976337],[36.071761,52.97626],[36.071657,52.976189],[36.071563,52.976125],[36.071477,52.976066],[36.071236,52.97589],[36.070838,52.975594],[36.070285,52.97518],[36.069575,52.974647],[36.068957,52.974182],[36.068429,52.973786],[36.067993,52.973459],[36.067648,52.9732],[36.067289,52.972929],[36.066917,52.972646],[36.066531,52.972351],[36.066131,52.972044],[36.065868,52.97181],[36.06574,52.971649],[36.065749,52.971561],[36.065895,52.971546],[36.066005,52.971533],[36.066082,52.971522],[36.066123,52.971513],[36.066131,52.971506],[36.066218,52.971491],[36.066384,52.971469],[36.06663,52.97144],[36.066956,52.971403],[36.067236,52.971371],[36.06747,52.971345],[36.067657,52.971324],[36.067799,52.971309],[36.067923,52.971296],[36.068028,52.971285],[36.068116,52.971275],[36.068186,52.971267],[36.068246,52.971255],[36.068296,52.971239],[36.068336,52.971218],[36.068367,52.971194],[36.068394,52.971171],[36.068417,52.971151],[36.068438,52.971132],[36.068455,52.971116],[36.068471,52.971099],[36.068486,52.971082],[36.068499,52.971064],[36.068512,52.971045],[36.068521,52.971026],[36.068527,52.971005],[36.068529,52.970984],[36.068527,52.970961],[36.068457,52.970896],[36.068319,52.970788],[36.068113,52.970638],[36.067838,52.970445],[36.067583,52.970262],[36.067347,52.970087],[36.067131,52.969921],[36.066933,52.969764],[36.066787,52.969642],[36.066693,52.969556],[36.066651,52.969505],[36.066661,52.96949],[36.066681,52.969474],[36.066711,52.969458],[36.066751,52.969442],[36.066801,52.969426],[36.06683,52.969406],[36.066838,52.969383],[36.066826,52.969356],[36.066792,52.969325],[36.066743,52.969301],[36.066678,52.969284],[36.066598,52.969273],[36.066503,52.96927],[36.066419,52.969257],[36.066345,52.969235],[36.066283,52.969203],[36.066232,52.969162],[36.066189,52.969051],[36.066155,52.968871],[36.066128,52.968621],[36.066111,52.968302],[36.066088,52.968054],[36.066059,52.967877],[36.066026,52.967772],[36.065987,52.967738],[36.065949,52.967703],[36.065914,52.967667],[36.06588,52.967631],[36.065848,52.967593],[36.065825,52.967556],[36.065811,52.967519],[36.065806,52.967482],[36.065811,52.967446],[36.065819,52.967413],[36.065833,52.967385],[36.06585,52.96736],[36.065873,52.96734],[36.065908,52.967309],[36.065957,52.967269],[36.066019,52.967219],[36.066094,52.967158],[36.066166,52.967098],[36.066234,52.967038],[36.066298,52.966977],[36.066358,52.966916],[36.066413,52.966856],[36.066464,52.966797],[36.066509,52.966738],[36.06655,52.966679],[36.06659,52.966626],[36.066629,52.966578],[36.066669,52.966536],[36.066707,52.966498],[36.066747,52.966463],[36.066787,52.966431],[36.066827,52.9664],[36.066869,52.966371],[36.066947,52.966327],[36.067062,52.966267],[36.067214,52.966191],[36.067402,52.9661],[36.067554,52.966034],[36.06767,52.965994],[36.067749,52.96598],[36.067793,52.965992],[36.067832,52.966007],[36.067868,52.966026],[36.067901,52.966048],[36.06793,52.966075],[36.067954,52.966102],[36.067974,52.96613],[36.06799,52.966159],[36.068002,52.966188],[36.068014,52.966246],[36.068026,52.966333],[36.068038,52.966448],[36.068051,52.966591],[36.068062,52.966773],[36.06807,52.966994],[36.068076,52.967253],[36.068079,52.967551],[36.068091,52.967805],[36.06811,52.968014],[36.068137,52.96818],[36.068172,52.968302],[36.068206,52.968408],[36.06824,52.968498],[36.068273,52.968572],[36.068305,52.96863],[36.068356,52.968708],[36.068425,52.968806],[36.068512,52.968925],[36.068617,52.969063],[36.068703,52.969183],[36.068771,52.969284],[36.068821,52.969365],[36.068852,52.969427],[36.068879,52.969491],[36.068903,52.969555],[36.068923,52.969622],[36.068939,52.96969],[36.068952,52.969786],[36.068962,52.969912],[36.068969,52.970067],[36.068973,52.970251],[36.068974,52.9704],[36.068972,52.970516],[36.068968,52.970597],[36.068962,52.970645],[36.068945,52.970682],[36.068919,52.970708],[36.068883,52.970724],[36.068836,52.970729],[36.0688,52.970735],[36.068773,52.970739],[36.068756,52.970744],[36.068749,52.970749],[36.068748,52.970769],[36.068755,52.970804],[36.068768,52.970854],[36.068788,52.97092],[36.068805,52.970973],[36.068818,52.971014],[36.068828,52.971042],[36.068835,52.971058],[36.068846,52.97107],[36.06886,52.971078],[36.068879,52.971082],[36.068901,52.971083],[36.068919,52.97109],[36.068934,52.971103],[36.068943,52.971122],[36.068949,52.971148],[36.06896,52.971182],[36.068976,52.971224],[36.068996,52.971274],[36.069022,52.971333],[36.069054,52.971391],[36.06909,52.971449],[36.069132,52.971507],[36.06918,52.971564],[36.069222,52.971617],[36.069259,52.971663],[36.069291,52.971704],[36.069319,52.97174],[36.06934,52.971765],[36.069356,52.971781],[36.069367,52.971786],[36.069371,52.971781],[36.069379,52.971777],[36.069389,52.971773],[36.069401,52.97177],[36.069417,52.971767],[36.069432,52.971766],[36.069446,52.971766],[36.06946,52.971768],[36.069472,52.971772],[36.069495,52.971792],[36.069529,52.971828],[36.069573,52.97188],[36.069627,52.971949],[36.069706,52.97204],[36.06981,52.972153],[36.069939,52.972289],[36.070092,52.972447],[36.070249,52.972592],[36.07041,52.972724],[36.070574,52.972842],[36.070742,52.972946],[36.070892,52.97304],[36.071024,52.973124],[36.071138,52.973198],[36.071235,52.973262],[36.071325,52.973323],[36.071409,52.973381],[36.071487,52.973437],[36.071559,52.973491],[36.071623,52.973538],[36.071679,52.97358],[36.071728,52.973615],[36.071768,52.973644],[36.071811,52.973671],[36.071855,52.973697],[36.071901,52.97372],[36.071948,52.973742],[36.072011,52.973767],[36.07209,52.973794],[36.072184,52.973825],[36.072293,52.973858],[36.072402,52.973893],[36.072511,52.97393],[36.072619,52.973969],[36.072728,52.97401],[36.072817,52.974039],[36.072888,52.974055],[36.072941,52.974058],[36.072975,52.974048],[36.073035,52.974057],[36.073123,52.974084],[36.073237,52.97413],[36.073378,52.974195],[36.073537,52.974262],[36.073714,52.974331],[36.073909,52.974402],[36.074002,52.974434],[36.074002,52.974434],[36.074002,52.974434],[36.074121,52.974476],[36.074354,52.974555],[36.074608,52.974641],[36.074882,52.974732],[36.075177,52.97483],[36.075445,52.974917],[36.075687,52.974993],[36.075902,52.975057],[36.076091,52.975111],[36.076188,52.975138],[36.076188,52.975138],[36.076188,52.975138],[36.076313,52.975172],[36.07657,52.975239],[36.07686,52.975314],[36.077184,52.975394],[36.077515,52.97548],[36.077852,52.97557],[36.078196,52.975664],[36.078547,52.975763],[36.07883,52.975843],[36.079044,52.975906],[36.079191,52.975951],[36.079269,52.975977],[36.079351,52.976011],[36.079437,52.976052],[36.079527,52.976101],[36.07962,52.976158],[36.079691,52.976213],[36.079742,52.976267],[36.079771,52.976321],[36.079779,52.976373],[36.079725,52.976467],[36.079609,52.976604],[36.079432,52.976783],[36.079193,52.977004],[36.078998,52.97717],[36.078847,52.977281],[36.07874,52.977338],[36.078677,52.977339],[36.078685,52.977285],[36.078763,52.977177],[36.078911,52.977012],[36.07913,52.976793],[36.079273,52.976616],[36.079342,52.97648],[36.079334,52.976387],[36.079252,52.976336],[36.079163,52.976287],[36.079069,52.97624],[36.078968,52.976195],[36.078861,52.976152],[36.078708,52.976106],[36.078507,52.976058],[36.07826,52.976007],[36.077965,52.975953],[36.077729,52.97591],[36.077551,52.975877],[36.077431,52.975856],[36.077369,52.975844],[36.077302,52.975844],[36.077231,52.975853],[36.077154,52.975874],[36.077073,52.975904],[36.076998,52.975933],[36.076931,52.975961],[36.076871,52.975986],[36.076819,52.976009],[36.076768,52.976029],[36.07672,52.976046],[36.076674,52.976058],[36.076631,52.976067],[36.076587,52.976075],[36.076543,52.97608],[36.0765,52.976082],[36.076456,52.976083],[36.076418,52.976082],[36.076385,52.976079],[36.076357,52.976074],[36.076334,52.976067],[36.076312,52.976065],[36.076291,52.976069],[36.076271,52.976079],[36.076252,52.976094],[36.076241,52.976117],[36.076238,52.976147],[36.076245,52.976185],[36.07626,52.976231],[36.076265,52.976271],[36.076259,52.976308],[36.076244,52.976339],[36.076218,52.976366],[36.076187,52.976394],[36.07615,52.976423],[36.076108,52.976452],[36.07606,52.976482],[36.076015,52.976511],[36.075972,52.97654],[36.075933,52.976569]],[[36.068525,52.969073],[36.068442,52.969039],[36.068413,52.969043],[36.068377,52.969056],[36.068355,52.96907],[36.068347,52.969084],[36.068352,52.969103],[36.068376,52.969127],[36.068406,52.969142],[36.068436,52.969149],[36.068478,52.969147],[36.068525,52.969135],[36.068548,52.96912],[36.06855,52.969102],[36.068525,52.969073]],[[36.067964,52.973048],[36.068009,52.973056],[36.068054,52.97305],[36.068067,52.973025],[36.068055,52.972996],[36.067897,52.972885],[36.067806,52.972929],[36.067964,52.973048]]]}},{"type":"Feature","properties":{"id":38,"area":30.789},"geometry":{"type":"Polygon","coordinates":[[[36.143789,53.005004],[36.143894,53.00486],[36.143831,53.00471],[36.144155,53.004548],[36.148455,53.007445],[36.148246,53.007587],[36.148039,53.007581],[36.14784,53.007502],[36.147678,53.007621],[36.147366,53.007438],[36.145495,53.006167],[36.144923,53.006532],[36.143672,53.005678],[36.143401,53.005493],[36.143883,53.005225],[36.143789,53.005004]]]}},{"type":"Feature","properties":{"id":41,"area":7.765},"geometry":{"type":"Polygon","coordinates":[[[36.086846,52.971598],[36.087426,52.971073],[36.088632,52.97153],[36.087913,52.972143],[36.086761,52.971679],[36.086846,52.971598]]]}},{"type":"Feature","properties":{"id":40,"area":13.728},"geometry":{"type":"Polygon","coordinates":[[[36.061215,52.985149],[36.061237,52.98511],[36.061278,52.985077],[36.061336,52.98506],[36.067437,52.984688],[36.067959,52.984745],[36.068116,52.98491],[36.068064,52.984955],[36.061386,52.985302],[36.061333,52.985294],[36.06128,52.985273],[36.061239,52.985244],[36.061213,52.985194],[36.061215,52.985149]]]}},{"type":"Feature","properties":{"id":43,"area":12.342},"geometry":{"type":"Polygon","coordinates":[[[36.076183,52.967484],[36.076148,52.967401],[36.076272,52.967347],[36.079282,52.967731],[36.079274,52.967765],[36.079068,52.968631],[36.076183,52.967484]]]}},{"type":"Feature","properties":{"id":42,"area":20.276},"geometry":{"type":"Polygon","coordinates":[[[36.069762,52.968228],[36.069196,52.968233],[36.069048,52.967938],[36.069033,52.967812],[36.069075,52.966296],[36.069919,52.966527],[36.070399,52.966362],[36.070422,52.966037],[36.071128,52.966466],[36.069947,52.968075],[36.069762,52.968228]]]}},{"type":"Feature","properties":{"id":45,"area":17.359},"geometry":{"type":"Polygon","coordinates":[[[36.060951,52.951671],[36.061009,52.951785],[36.061146,52.951866],[36.061285,52.951883],[36.061622,52.951841],[36.061946,52.952721],[36.061126,52.952829],[36.060991,52.952801],[36.060855,52.952676],[36.060622,52.952403],[36.060505,52.952141],[36.060378,52.95184],[36.060307,52.951382],[36.060296,52.951164],[36.060387,52.950667],[36.060467,52.950564],[36.060534,52.95052],[36.060675,52.95047],[36.06103,52.95038],[36.061124,52.950359],[36.061475,52.951414],[36.061075,52.951473],[36.060957,52.951567],[36.060951,52.951671]]]}},{"type":"Feature","properties":{"id":44,"area":4.586},"geometry":{"type":"Polygon","coordinates":[[[36.083524,52.970367],[36.085166,52.97048],[36.08518,52.970978],[36.085121,52.971041],[36.084996,52.971064],[36.083451,52.970434],[36.083524,52.970367]]]}},{"type":"Feature","properties":{"id":47,"area":7.865},"geometry":{"type":"Polygon","coordinates":[[[36.068185,52.965055],[36.067484,52.964595],[36.068036,52.964291],[36.06963,52.965232],[36.069459,52.965339],[36.068779,52.965482],[36.068185,52.965055]]]}},{"type":"Feature","properties":{"id":46,"area":17.877},"geometry":{"type":"Polygon","coordinates":[[[36.063199,52.952577],[36.063125,52.952597],[36.062376,52.952675],[36.061553,52.950275],[36.061687,52.950253],[36.061887,52.950241],[36.062161,52.950303],[36.062616,52.950568],[36.062779,52.950749],[36.06328,52.952154],[36.063274,52.952445],[36.063199,52.952577]]]}},{"type":"Feature","properties":{"id":465,"area":0.355},"geometry":{"type":"Polygon","coordinates":[[[36.070223,52.981682],[36.070316,52.981657],[36.070638,52.98207],[36.070543,52.982097],[36.070223,52.981682]]]}},{"type":"Feature","properties":{"id":464,"area":0.245},"geometry":{"type":"Polygon","coordinates":[[[36.073443,52.97741],[36.073556,52.977353],[36.073657,52.977371],[36.073779,52.977459],[36.073621,52.977538],[36.073443,52.97741]]]}},{"type":"Feature","properties":{"id":467,"area":0.153},"geometry":{"type":"Polygon","coordinates":[[[36.12362,53.008251],[36.123269,53.008331],[36.123352,53.008261],[36.123452,53.008211],[36.123565,53.008176],[36.12362,53.008251]]]}},{"type":"Feature","properties":{"id":466,"area":0.318},"geometry":{"type":"Polygon","coordinates":[[[36.065577,52.929916],[36.065793,52.929736],[36.065862,52.92973],[36.065931,52.929766],[36.065943,52.929805],[36.065695,52.929969],[36.065624,52.929961],[36.065577,52.929916]]]}},{"type":"Feature","properties":{"id":469,"area":0.122},"geometry":{"type":"Polygon","coordinates":[[[36.093663,52.973543],[36.093697,52.973524],[36.093848,52.973573],[36.09378,52.973785],[36.093816,52.973825],[36.093694,52.973831],[36.093682,52.973799],[36.093741,52.973783],[36.093808,52.973588],[36.093663,52.973543]]]}},{"type":"Feature","properties":{"id":468,"area":0.034},"geometry":{"type":"Polygon","coordinates":[[[36.092781,52.974118],[36.092797,52.974119],[36.092811,52.974123],[36.092823,52.97413],[36.09283,52.974139],[36.092833,52.974148],[36.09283,52.974158],[36.092821,52.974167],[36.092809,52.974173],[36.092794,52.974177],[36.092777,52.974177],[36.092762,52.974174],[36.092749,52.974169],[36.092739,52.974161],[36.092735,52.974151],[36.092735,52.974142],[36.092741,52.974133],[36.092751,52.974125],[36.092765,52.97412],[36.092781,52.974118]]]}},{"type":"Feature","properties":{"id":471,"area":0.119},"geometry":{"type":"Polygon","coordinates":[[[36.093492,52.973917],[36.093291,52.97409],[36.093229,52.974064],[36.09343,52.973891],[36.093492,52.973917]]]}},{"type":"Feature","properties":{"id":470,"area":0.084},"geometry":{"type":"Polygon","coordinates":[[[36.093827,52.97394],[36.093834,52.974072],[36.093782,52.974117],[36.093733,52.97397],[36.093827,52.97394]]]}},{"type":"Feature","properties":{"id":473,"area":0.006},"geometry":{"type":"Polygon","coordinates":[[[36.09378,52.973849],[36.093702,52.973876],[36.093695,52.973857],[36.09378,52.973849]]]}},{"type":"Feature","properties":{"id":472,"area":0.041},"geometry":{"type":"Polygon","coordinates":[[[36.093568,52.973919],[36.093459,52.973876],[36.093632,52.973866],[36.093644,52.973895],[36.093568,52.973919]]]}},{"type":"Feature","properties":{"id":475,"area":1.712},"geometry":{"type":"Polygon","coordinates":[[[36.176753,52.949539],[36.176775,52.949506],[36.176852,52.949463],[36.176935,52.949452],[36.178821,52.949448],[36.178861,52.949469],[36.178867,52.949504],[36.178836,52.94956],[36.176772,52.949563],[36.176753,52.949539]]]}},{"type":"Feature","properties":{"id":474,"area":0.854},"geometry":{"type":"Polygon","coordinates":[[[36.108505,52.977693],[36.10876,52.977725],[36.1093,52.977873],[36.109163,52.978019],[36.108401,52.977743],[36.108505,52.977693]]]}},{"type":"Feature","properties":{"id":477,"area":0.401},"geometry":{"type":"Polygon","coordinates":[[[36.04214,52.968285],[36.042207,52.968046],[36.04223,52.96803],[36.042256,52.968023],[36.04235,52.968029],[36.042293,52.968417],[36.042188,52.968354],[36.042157,52.968324],[36.04214,52.968285]]]}},{"type":"Feature","properties":{"id":476,"area":0.186},"geometry":{"type":"Polygon","coordinates":[[[36.161689,52.952025],[36.161746,52.95206],[36.161317,52.952125],[36.161646,52.951951],[36.161658,52.951994],[36.161689,52.952025]]]}},{"type":"Feature","properties":{"id":479,"area":0.867},"geometry":{"type":"Polygon","coordinates":[[[36.074585,52.977731],[36.075085,52.978101],[36.07422,52.977925],[36.074585,52.977731]]]}},{"type":"Feature","properties":{"id":478,"area":3.108},"geometry":{"type":"Polygon","coordinates":[[[36.145516,53.025725],[36.145376,53.025415],[36.146599,53.025186],[36.146756,53.025496],[36.145516,53.025725]]]}},{"type":"Feature","properties":{"id":449,"area":0.198},"geometry":{"type":"Polygon","coordinates":[[[36.138391,53.002647],[36.138603,53.002662],[36.138754,53.002765],[36.138646,53.002822],[36.138391,53.002647]]]}},{"type":"Feature","properties":{"id":448,"area":0.224},"geometry":{"type":"Polygon","coordinates":[[[36.139291,53.002885],[36.139003,53.003037],[36.139016,53.002898],[36.139183,53.00281],[36.139291,53.002885]]]}},{"type":"Feature","properties":{"id":451,"area":0.224},"geometry":{"type":"Polygon","coordinates":[[[36.138825,53.00252],[36.138722,53.002443],[36.139022,53.002299],[36.138998,53.002437],[36.138825,53.00252]]]}},{"type":"Feature","properties":{"id":450,"area":0.198},"geometry":{"type":"Polygon","coordinates":[[[36.138698,53.002853],[36.138806,53.002796],[36.138957,53.002899],[36.138953,53.003028],[36.138698,53.002853]]]}},{"type":"Feature","properties":{"id":453,"area":0.321},"geometry":{"type":"Polygon","coordinates":[[[36.13926,53.002563],[36.139423,53.002476],[36.139472,53.002502],[36.139531,53.002506],[36.139646,53.002666],[36.139421,53.002665],[36.13926,53.002563]]]}},{"type":"Feature","properties":{"id":452,"area":0.313},"geometry":{"type":"Polygon","coordinates":[[[36.13921,53.002527],[36.139058,53.00243],[36.139067,53.002295],[36.139341,53.002383],[36.139336,53.002411],[36.139377,53.002442],[36.13921,53.002527]]]}},{"type":"Feature","properties":{"id":455,"area":0.141},"geometry":{"type":"Polygon","coordinates":[[[36.139619,53.002474],[36.139812,53.002604],[36.139695,53.002669],[36.139576,53.002496],[36.139619,53.002474]]]}},{"type":"Feature","properties":{"id":454,"area":0.141},"geometry":{"type":"Polygon","coordinates":[[[36.139202,53.002201],[36.139394,53.002331],[36.139354,53.002354],[36.139081,53.002264],[36.139202,53.002201]]]}},{"type":"Feature","properties":{"id":457,"area":1.68},"geometry":{"type":"Polygon","coordinates":[[[36.130074,52.966584],[36.130077,52.96651],[36.130555,52.966289],[36.130845,52.966193],[36.13106,52.96618],[36.13115,52.966245],[36.13033,52.966682],[36.130188,52.96666],[36.130074,52.966584]]]}},{"type":"Feature","properties":{"id":456,"area":1.078},"geometry":{"type":"Polygon","coordinates":[[[36.129566,52.966569],[36.129674,52.966521],[36.129951,52.966662],[36.130114,52.966796],[36.13001,52.966857],[36.129908,52.966861],[36.129116,52.967302],[36.129098,52.967345],[36.129011,52.967389],[36.128937,52.967332],[36.129027,52.967287],[36.129021,52.967267],[36.129834,52.966805],[36.129788,52.966762],[36.129886,52.96669],[36.129686,52.966599],[36.129584,52.966586],[36.129566,52.966569]]]}},{"type":"Feature","properties":{"id":459,"area":2.196},"geometry":{"type":"Polygon","coordinates":[[[36.134671,52.96373],[36.134896,52.963635],[36.135294,52.963899],[36.13473,52.964216],[36.134289,52.963934],[36.134671,52.96373]]]}},{"type":"Feature","properties":{"id":458,"area":6.221},"geometry":{"type":"Polygon","coordinates":[[[36.131424,52.965539],[36.13253,52.964949],[36.132373,52.964836],[36.132613,52.964715],[36.132656,52.964732],[36.132915,52.965092],[36.132937,52.965228],[36.131344,52.966116],[36.131214,52.966113],[36.131122,52.966042],[36.1311,52.965951],[36.131612,52.965675],[36.131424,52.965539]]]}},{"type":"Feature","properties":{"id":461,"area":1.649},"geometry":{"type":"Polygon","coordinates":[[[36.119766,52.950349],[36.119897,52.950343],[36.12029,52.950436],[36.120679,52.950569],[36.12063,52.950792],[36.119872,52.950628],[36.119869,52.950445],[36.119766,52.950349]]]}},{"type":"Feature","properties":{"id":460,"area":2.324},"geometry":{"type":"Polygon","coordinates":[[[36.120584,52.950882],[36.12052,52.95107],[36.120421,52.951202],[36.12029,52.95123],[36.120141,52.951221],[36.119756,52.951136],[36.119872,52.950699],[36.120265,52.950773],[36.120584,52.950882]]]}},{"type":"Feature","properties":{"id":463,"area":0.245},"geometry":{"type":"Polygon","coordinates":[[[36.073183,52.977229],[36.073341,52.97715],[36.073462,52.977237],[36.073475,52.977301],[36.073361,52.977358],[36.073183,52.977229]]]}},{"type":"Feature","properties":{"id":462,"area":1.002},"geometry":{"type":"Polygon","coordinates":[[[36.07784,52.926261],[36.077674,52.926461],[36.077629,52.926485],[36.077563,52.926495],[36.077509,52.926495],[36.077465,52.926473],[36.077782,52.925915],[36.07784,52.925905],[36.07792,52.925922],[36.077958,52.92597],[36.077973,52.926038],[36.07784,52.926261]]]}},{"type":"Feature","properties":{"id":497,"area":48.957},"geometry":{"type":"Polygon","coordinates":[[[36.056053,52.899241],[36.056903,52.899716],[36.057552,52.899734],[36.057622,52.899829],[36.056635,52.899842],[36.054961,52.899972],[36.05401,52.899477],[36.053244,52.899079],[36.051893,52.899156],[36.05009,52.898807],[36.048674,52.89895],[36.04655,52.898523],[36.043546,52.898704],[36.041185,52.899467],[36.038396,52.89992],[36.038477,52.899653],[36.039167,52.899683],[36.039363,52.899569],[36.041179,52.899174],[36.042351,52.898835],[36.043637,52.898374],[36.044561,52.898254],[36.045708,52.898293],[36.047216,52.898456],[36.048699,52.898643],[36.04966,52.898614],[36.050555,52.898619],[36.051258,52.89885],[36.052726,52.898742],[36.053632,52.898937],[36.055571,52.898806],[36.05574,52.898833],[36.056053,52.899241]]]}},{"type":"Feature","properties":{"id":496,"area":128.899},"geometry":{"type":"Polygon","coordinates":[[[36.000717,52.921932],[36.00297,52.921867],[36.005062,52.921964],[36.007573,52.922301],[36.007283,52.922947],[36.007117,52.923044],[36.004644,52.922837],[36.003593,52.922792],[36.003357,52.922637],[36.002299,52.922541],[36.001651,52.922533],[35.99983,52.922723],[35.999718,52.923269],[35.999555,52.923282],[35.999401,52.922754],[35.996085,52.923039],[35.995104,52.923114],[35.993679,52.923167],[35.993014,52.923348],[35.983991,52.924273],[35.983616,52.924221],[35.983519,52.923982],[35.978627,52.924545],[35.978637,52.924881],[35.97807,52.924932],[35.977911,52.924359],[36.000717,52.921932]]]}},{"type":"Feature","properties":{"id":499,"area":69.377},"geometry":{"type":"Polygon","coordinates":[[[36.06383,52.909991],[36.063867,52.909808],[36.070968,52.91074],[36.071141,52.910453],[36.07116,52.908082],[36.071309,52.905666],[36.071722,52.90328],[36.074114,52.903529],[36.073348,52.905254],[36.071645,52.905662],[36.071477,52.910797],[36.070431,52.910788],[36.069224,52.910745],[36.063995,52.910705],[36.063847,52.910384],[36.065249,52.910445],[36.065513,52.910167],[36.06383,52.909991]]]}},{"type":"Feature","properties":{"id":498,"area":20.549},"geometry":{"type":"Polygon","coordinates":[[[36.060706,52.962904],[36.060956,52.962882],[36.061203,52.962875],[36.061448,52.962884],[36.06169,52.962907],[36.06188,52.962959],[36.062017,52.963041],[36.062103,52.963152],[36.062136,52.963292],[36.062143,52.963408],[36.062124,52.9635],[36.062078,52.963567],[36.062006,52.963609],[36.061926,52.963638],[36.061837,52.963651],[36.061741,52.963651],[36.061636,52.963635],[36.061552,52.963613],[36.061489,52.963582],[36.061446,52.963545],[36.061423,52.9635],[36.061362,52.963461],[36.061263,52.963428],[36.061125,52.963401],[36.06095,52.963381],[36.060799,52.963369],[36.060675,52.963367],[36.060575,52.963374],[36.060502,52.96339],[36.06044,52.963425],[36.060389,52.963479],[36.060351,52.963552],[36.060324,52.963644],[36.060285,52.963714],[36.060235,52.963764],[36.060173,52.963793],[36.060099,52.963801],[36.060042,52.963818],[36.060003,52.963843],[36.059981,52.963876],[36.059977,52.963918],[36.059965,52.963955],[36.059947,52.963988],[36.059922,52.964016],[36.05989,52.964039],[36.059857,52.964061],[36.059822,52.964081],[36.059786,52.964099],[36.059749,52.964116],[36.059705,52.964128],[36.059655,52.964135],[36.059599,52.964135],[36.059536,52.964131],[36.059487,52.964121],[36.059452,52.964107],[36.059431,52.964088],[36.059423,52.964065],[36.059427,52.964042],[36.059442,52.964021],[36.059467,52.964],[36.059504,52.963981],[36.05955,52.963961],[36.059604,52.963939],[36.059666,52.963917],[36.059737,52.963894],[36.059773,52.963858],[36.059776,52.963809],[36.059744,52.963749],[36.059677,52.963675],[36.0596,52.96363],[36.059512,52.963612],[36.059413,52.963623],[36.059303,52.963661],[36.05922,52.963697],[36.059166,52.96373],[36.05914,52.963761],[36.059141,52.96379],[36.059123,52.963817],[36.059087,52.963845],[36.059031,52.963872],[36.058957,52.963898],[36.058875,52.963919],[36.058785,52.963936],[36.058688,52.963948],[36.058584,52.963955],[36.058452,52.963978],[36.058295,52.964019],[36.05811,52.964075],[36.057899,52.964149],[36.057729,52.964209],[36.057599,52.964257],[36.05751,52.964291],[36.057462,52.964313],[36.057418,52.964335],[36.057379,52.964358],[36.057345,52.964382],[36.057316,52.964406],[36.057266,52.964437],[36.057197,52.964475],[36.057107,52.96452],[36.056997,52.964571],[36.056904,52.96461],[36.05683,52.964635],[36.056774,52.964647],[36.056735,52.964646],[36.056691,52.964659],[36.056642,52.964684],[36.056587,52.964723],[36.056526,52.964775],[36.056477,52.964811],[36.056438,52.964829],[36.056412,52.964831],[36.056396,52.964816],[36.056372,52.964804],[36.056339,52.964797],[36.056297,52.964793],[36.056246,52.964792],[36.056275,52.96475],[36.056383,52.964664],[36.05657,52.964537],[36.056837,52.964367],[36.057214,52.964169],[36.057702,52.963945],[36.0583,52.963693],[36.05901,52.963414],[36.059605,52.963196],[36.060086,52.963038],[36.060453,52.962941],[36.060706,52.962904]]]}},{"type":"Feature","properties":{"id":501,"area":0.849},"geometry":{"type":"Polygon","coordinates":[[[36.067783,52.919357],[36.067783,52.919425],[36.067742,52.919489],[36.067647,52.919601],[36.067562,52.919748],[36.067506,52.91987],[36.067453,52.919881],[36.067415,52.919849],[36.067374,52.919758],[36.0674,52.91964],[36.06753,52.919404],[36.067603,52.919329],[36.067727,52.91932],[36.067783,52.919357]]]}},{"type":"Feature","properties":{"id":500,"area":221.912},"geometry":{"type":"Polygon","coordinates":[[[36.072246,52.910755],[36.072942,52.906534],[36.074723,52.904269],[36.076038,52.903652],[36.078071,52.903881],[36.07674,52.910779],[36.072246,52.910755]]]}},{"type":"Feature","properties":{"id":503,"area":3.93},"geometry":{"type":"Polygon","coordinates":[[[36.074449,52.919379],[36.074502,52.919399],[36.073881,52.920305],[36.073859,52.920341],[36.072891,52.920102],[36.068969,52.919112],[36.068366,52.918923],[36.068349,52.918882],[36.073793,52.920243],[36.074405,52.919397],[36.074449,52.919379]]]}},{"type":"Feature","properties":{"id":502,"area":2.509},"geometry":{"type":"Polygon","coordinates":[[[36.07188,52.92221],[36.072047,52.922304],[36.071944,52.922342],[36.071679,52.922321],[36.071105,52.922165],[36.070444,52.921981],[36.069949,52.92185],[36.069932,52.921749],[36.070064,52.921749],[36.070369,52.921812],[36.070719,52.921888],[36.071128,52.921992],[36.071616,52.922099],[36.07188,52.92221]]]}},{"type":"Feature","properties":{"id":505,"area":4.333},"geometry":{"type":"Polygon","coordinates":[[[36.141001,53.012437],[36.141066,53.012401],[36.141195,53.012399],[36.141431,53.012402],[36.141871,53.012414],[36.142034,53.012406],[36.142013,53.012501],[36.141983,53.012533],[36.141901,53.012542],[36.141719,53.012527],[36.141573,53.012512],[36.141427,53.012497],[36.141379,53.012539],[36.141485,53.012572],[36.141579,53.012608],[36.141631,53.012647],[36.141599,53.012676],[36.141652,53.012728],[36.141755,53.012784],[36.141875,53.012812],[36.141858,53.012877],[36.141931,53.012895],[36.142071,53.012843],[36.142576,53.012599],[36.142793,53.012482],[36.142939,53.012384],[36.143132,53.012306],[36.143224,53.012245],[36.143285,53.012179],[36.143287,53.012155],[36.143252,53.01208],[36.143158,53.012012],[36.143132,53.011933],[36.143158,53.011874],[36.143229,53.011843],[36.143269,53.011868],[36.143334,53.011888],[36.143377,53.011878],[36.143456,53.011836],[36.143518,53.011851],[36.143617,53.011905],[36.143626,53.01197],[36.143594,53.012012],[36.143544,53.012057],[36.143577,53.012087],[36.14273,53.012586],[36.141939,53.01304],[36.141875,53.013067],[36.14177,53.013051],[36.141008,53.012613],[36.140982,53.012537],[36.141001,53.012437]]]}},{"type":"Feature","properties":{"id":504,"area":65.241},"geometry":{"type":"Polygon","coordinates":[[[36.06726,52.919457],[36.067344,52.919499],[36.067237,52.91974],[36.066457,52.919617],[36.064327,52.918687],[36.061566,52.917184],[36.059994,52.916296],[36.059948,52.91611],[36.060196,52.916132],[36.061182,52.916561],[36.062381,52.917093],[36.062785,52.91696],[36.064364,52.91634],[36.065722,52.916008],[36.066123,52.916742],[36.06627,52.916822],[36.066362,52.916891],[36.066266,52.917035],[36.066199,52.917307],[36.06574,52.917691],[36.065286,52.918151],[36.065899,52.918293],[36.066755,52.918524],[36.066997,52.918602],[36.066941,52.918628],[36.066797,52.918602],[36.066032,52.918403],[36.065223,52.918216],[36.06502,52.918422],[36.066177,52.918939],[36.066776,52.919215],[36.066995,52.919324],[36.06726,52.919457]]]}},{"type":"Feature","properties":{"id":507,"area":4.293},"geometry":{"type":"Polygon","coordinates":[[[36.110278,52.996901],[36.112335,52.996979],[36.112327,52.997058],[36.110551,52.997067],[36.110131,52.997286],[36.109678,52.997068],[36.109208,52.99716],[36.109012,52.997243],[36.109097,52.997169],[36.109585,52.997036],[36.109522,52.996891],[36.109966,52.996674],[36.110278,52.996901]]]}},{"type":"Feature","properties":{"id":506,"area":5.997},"geometry":{"type":"Polygon","coordinates":[[[36.075858,52.91731],[36.075752,52.917452],[36.07573,52.917667],[36.075689,52.917803],[36.07563,52.917823],[36.075568,52.917816],[36.075535,52.917858],[36.075067,52.918548],[36.074931,52.918754],[36.074586,52.918945],[36.074508,52.918918],[36.074549,52.918874],[36.074678,52.91881],[36.074821,52.918714],[36.074891,52.918637],[36.074924,52.918559],[36.074869,52.918519],[36.07474,52.918532],[36.074604,52.91859],[36.07456,52.918519],[36.0746,52.918428],[36.074725,52.918335],[36.074891,52.918328],[36.075104,52.918306],[36.075185,52.918211],[36.075329,52.917942],[36.075487,52.917723],[36.075579,52.91759],[36.075627,52.917443],[36.07573,52.917306],[36.075851,52.917191],[36.075866,52.917093],[36.075869,52.917013],[36.075119,52.916771],[36.073578,52.916303],[36.071808,52.915762],[36.0709,52.915485],[36.070952,52.915419],[36.073963,52.916326],[36.076075,52.916996],[36.075858,52.91731]]]}},{"type":"Feature","properties":{"id":509,"area":3.801},"geometry":{"type":"Polygon","coordinates":[[[36.053891,52.976469],[36.056194,52.978075],[36.056112,52.978124],[36.055592,52.977774],[36.05509,52.977496],[36.054703,52.977325],[36.053641,52.976592],[36.053686,52.976569],[36.053891,52.976469]]]}},{"type":"Feature","properties":{"id":508,"area":8.455},"geometry":{"type":"Polygon","coordinates":[[[36.15607,53.011584],[36.155491,53.011887],[36.153839,53.010756],[36.154402,53.010469],[36.15607,53.011584]]]}},{"type":"Feature","properties":{"id":511,"area":1.388},"geometry":{"type":"Polygon","coordinates":[[[36.060116,52.948879],[36.060025,52.948915],[36.059023,52.948127],[36.058278,52.947594],[36.058365,52.94755],[36.059106,52.948084],[36.060116,52.948879]]]}},{"type":"Feature","properties":{"id":510,"area":3.558},"geometry":{"type":"Polygon","coordinates":[[[36.03857,52.98922],[36.038367,52.989367],[36.038013,52.989144],[36.038011,52.989092],[36.039629,52.988354],[36.039689,52.988373],[36.039786,52.988464],[36.039791,52.988514],[36.039692,52.988495],[36.039036,52.988808],[36.039165,52.988915],[36.03857,52.98922]]]}},{"type":"Feature","properties":{"id":481,"area":0.541},"geometry":{"type":"Polygon","coordinates":[[[36.073315,52.962348],[36.073342,52.962345],[36.073657,52.962443],[36.073673,52.962454],[36.073676,52.962466],[36.07367,52.962482],[36.0736,52.96257],[36.07358,52.962579],[36.073541,52.962582],[36.073261,52.962537],[36.073232,52.96252],[36.073221,52.962497],[36.07322,52.962473],[36.073225,52.962452],[36.073257,52.9624],[36.073292,52.96236],[36.073315,52.962348]]]}},{"type":"Feature","properties":{"id":480,"area":0.784},"geometry":{"type":"Polygon","coordinates":[[[36.074082,52.978262],[36.073743,52.978437],[36.07349,52.978258],[36.073829,52.978084],[36.074082,52.978262]]]}},{"type":"Feature","properties":{"id":483,"area":0.193},"geometry":{"type":"Polygon","coordinates":[[[36.018627,52.903052],[36.018658,52.903043],[36.018755,52.903031],[36.018807,52.903027],[36.018848,52.903033],[36.018906,52.903058],[36.01893,52.903075],[36.018944,52.9031],[36.018944,52.903128],[36.018933,52.903148],[36.018886,52.903158],[36.018629,52.903076],[36.018616,52.903065],[36.018627,52.903052]]]}},{"type":"Feature","properties":{"id":482,"area":0.779},"geometry":{"type":"Polygon","coordinates":[[[36.016379,52.931622],[36.016296,52.931578],[36.016253,52.931519],[36.016269,52.93145],[36.016349,52.931362],[36.016534,52.931262],[36.016659,52.931263],[36.016796,52.931356],[36.016379,52.931622]]]}},{"type":"Feature","properties":{"id":485,"area":59.961},"geometry":{"type":"Polygon","coordinates":[[[36.068415,52.927074],[36.06819,52.92686],[36.069574,52.926324],[36.069821,52.926595],[36.071419,52.926033],[36.071924,52.925974],[36.072138,52.926201],[36.066527,52.929331],[36.065704,52.929289],[36.064821,52.92849],[36.065572,52.927987],[36.067353,52.927274],[36.067868,52.927371],[36.068415,52.927074]]]}},{"type":"Feature","properties":{"id":484,"area":3.085},"geometry":{"type":"Polygon","coordinates":[[[36.102627,52.947713],[36.102669,52.947752],[36.102686,52.947781],[36.102691,52.947805],[36.102696,52.947826],[36.102693,52.947867],[36.102392,52.948587],[36.102366,52.948655],[36.102277,52.948793],[36.102269,52.948645],[36.102275,52.948584],[36.102275,52.948489],[36.102266,52.948416],[36.102254,52.94835],[36.102232,52.94829],[36.102206,52.94823],[36.102163,52.94815],[36.102095,52.94804],[36.102002,52.947872],[36.101987,52.947826],[36.101992,52.947781],[36.102025,52.947734],[36.102077,52.947694],[36.102151,52.947661],[36.102229,52.947639],[36.102326,52.94763],[36.102421,52.947636],[36.102493,52.947652],[36.102558,52.947674],[36.102627,52.947713]]]}},{"type":"Feature","properties":{"id":487,"area":6.407},"geometry":{"type":"Polygon","coordinates":[[[36.034935,52.966837],[36.034765,52.966552],[36.034691,52.966181],[36.035477,52.966139],[36.035675,52.967341],[36.035003,52.967366],[36.034935,52.966837]]]}},{"type":"Feature","properties":{"id":486,"area":5.834},"geometry":{"type":"Polygon","coordinates":[[[36.063877,52.929285],[36.063105,52.928846],[36.064177,52.928296],[36.064692,52.928807],[36.063877,52.929285]]]}},{"type":"Feature","properties":{"id":489,"area":47.289},"geometry":{"type":"Polygon","coordinates":[[[36.085709,52.952382],[36.08553,52.952584],[36.085377,52.952762],[36.085252,52.952915],[36.085154,52.953043],[36.085039,52.953137],[36.084905,52.953199],[36.084754,52.953228],[36.084585,52.953224],[36.084396,52.953192],[36.084187,52.953131],[36.083958,52.953042],[36.083708,52.952925],[36.083522,52.952769],[36.0834,52.952575],[36.083342,52.952342],[36.083347,52.952071],[36.083379,52.951778],[36.083437,52.951463],[36.08352,52.951128],[36.08363,52.95077],[36.08381,52.950473],[36.08406,52.950234],[36.084381,52.950055],[36.084771,52.949936],[36.085043,52.949952],[36.085198,52.950103],[36.085236,52.95039],[36.085155,52.950813],[36.085163,52.951116],[36.085261,52.9513],[36.085447,52.951366],[36.085722,52.951311],[36.085934,52.951307],[36.086082,52.951353],[36.086168,52.951448],[36.086191,52.951594],[36.086157,52.95176],[36.086065,52.951946],[36.085916,52.952154],[36.085709,52.952382]]]}},{"type":"Feature","properties":{"id":488,"area":34.689},"geometry":{"type":"Polygon","coordinates":[[[36.099475,52.965013],[36.099694,52.966517],[36.096649,52.966645],[36.096464,52.965099],[36.099475,52.965013]]]}},{"type":"Feature","properties":{"id":491,"area":168.61},"geometry":{"type":"Polygon","coordinates":[[[36.042103,52.929224],[36.040901,52.928587],[36.039475,52.929437],[36.040923,52.930175],[36.040515,52.93053],[36.037817,52.929143],[36.034593,52.927762],[36.034904,52.927536],[36.035704,52.927859],[36.036106,52.927546],[36.035532,52.927219],[36.036386,52.926721],[36.036621,52.926495],[36.036996,52.926123],[36.038896,52.925191],[36.03912,52.925081],[36.039394,52.925347],[36.039298,52.925428],[36.037977,52.926155],[36.038505,52.926503],[36.039138,52.926154],[36.039824,52.925776],[36.039374,52.925476],[36.039759,52.925243],[36.040301,52.925479],[36.040429,52.925392],[36.040665,52.92547],[36.040499,52.925599],[36.040687,52.925699],[36.040987,52.925686],[36.041095,52.925796],[36.041293,52.925906],[36.041513,52.925819],[36.042859,52.926375],[36.042629,52.926556],[36.042945,52.926715],[36.043552,52.926608],[36.044276,52.926838],[36.041481,52.928322],[36.04265,52.928865],[36.042103,52.929224]]]}},{"type":"Feature","properties":{"id":490,"area":10.509},"geometry":{"type":"Polygon","coordinates":[[[36.085103,52.954643],[36.084985,52.954623],[36.084874,52.954598],[36.084771,52.954568],[36.084676,52.954533],[36.08458,52.954497],[36.084483,52.95446],[36.084386,52.954421],[36.084289,52.954381],[36.084206,52.954339],[36.084138,52.954295],[36.084084,52.954249],[36.084046,52.954202],[36.083987,52.954171],[36.083907,52.954157],[36.083805,52.95416],[36.083683,52.95418],[36.083591,52.954177],[36.083528,52.95415],[36.083495,52.9541],[36.083492,52.954027],[36.083469,52.953949],[36.083427,52.953866],[36.083365,52.953778],[36.083284,52.953684],[36.083258,52.95362],[36.083286,52.953585],[36.083369,52.953579],[36.083506,52.953602],[36.08363,52.95361],[36.083742,52.953602],[36.08384,52.953579],[36.083925,52.953541],[36.083993,52.953528],[36.084045,52.95354],[36.084079,52.953576],[36.084096,52.953637],[36.084187,52.953703],[36.084352,52.953773],[36.08459,52.953848],[36.084902,52.953928],[36.085156,52.953984],[36.085351,52.954016],[36.085488,52.954023],[36.085566,52.954006],[36.085633,52.953998],[36.085688,52.953998],[36.085731,52.954007],[36.085762,52.954024],[36.085762,52.954077],[36.085728,52.954164],[36.085663,52.954288],[36.085565,52.954446],[36.08546,52.954561],[36.085348,52.954632],[36.085229,52.954659],[36.085103,52.954643]]]}},{"type":"Feature","properties":{"id":493,"area":94.897},"geometry":{"type":"Polygon","coordinates":[[[36.118004,53.005862],[36.11512,53.004657],[36.114358,53.00445],[36.113776,53.004211],[36.113982,53.004143],[36.113967,53.003986],[36.113105,53.00358],[36.113651,53.003018],[36.114395,53.003214],[36.114643,53.003202],[36.11468,53.003117],[36.113747,53.002854],[36.113864,53.002698],[36.114653,53.002454],[36.115182,53.002194],[36.115199,53.001923],[36.115385,53.001699],[36.115585,53.001749],[36.115713,53.00208],[36.116116,53.002331],[36.117157,53.003086],[36.118026,53.003803],[36.119442,53.00479],[36.120154,53.005376],[36.120457,53.005626],[36.120541,53.005739],[36.120186,53.005968],[36.120078,53.005929],[36.119999,53.005792],[36.120008,53.005671],[36.119792,53.005644],[36.118622,53.005496],[36.118508,53.005548],[36.118516,53.005641],[36.118262,53.005849],[36.118004,53.005862]]]}},{"type":"Feature","properties":{"id":492,"area":24.791},"geometry":{"type":"Polygon","coordinates":[[[36.036846,52.92979],[36.037297,52.929457],[36.035339,52.928422],[36.034513,52.928079],[36.033944,52.927869],[36.034046,52.927804],[36.03525,52.928269],[36.036278,52.928665],[36.037517,52.929201],[36.040408,52.930631],[36.039615,52.931197],[36.036846,52.92979]]]}},{"type":"Feature","properties":{"id":495,"area":6.923},"geometry":{"type":"Polygon","coordinates":[[[36.027769,52.947044],[36.027796,52.947309],[36.025742,52.947419],[36.025887,52.947953],[36.025683,52.947998],[36.025291,52.947733],[36.025254,52.947174],[36.027769,52.947044]]]}},{"type":"Feature","properties":{"id":494,"area":12.415},"geometry":{"type":"Polygon","coordinates":[[[36.125844,53.007564],[36.12495,53.00764],[36.124709,53.007497],[36.124585,53.007328],[36.12448,53.00726],[36.124496,53.007141],[36.124251,53.007029],[36.124822,53.007024],[36.124355,53.006043],[36.124645,53.005875],[36.125503,53.006663],[36.125503,53.006908],[36.126326,53.007166],[36.12616,53.007493],[36.125844,53.007564]]]}},{"type":"Feature","properties":{"id":401,"area":0.901},"geometry":{"type":"Polygon","coordinates":[[[36.062379,52.960385],[36.062862,52.960411],[36.061425,52.960521],[36.061991,52.960282],[36.062379,52.960385]]]}},{"type":"Feature","properties":{"id":400,"area":1.383},"geometry":{"type":"Polygon","coordinates":[[[36.062811,52.960451],[36.061754,52.960797],[36.061349,52.960579],[36.062811,52.960451]]]}},{"type":"Feature","properties":{"id":403,"area":0.062},"geometry":{"type":"Polygon","coordinates":[[[36.019514,52.925333],[36.019612,52.92527],[36.019648,52.925254],[36.019689,52.925252],[36.019625,52.925354],[36.019514,52.925333]]]}},{"type":"Feature","properties":{"id":402,"area":0.349},"geometry":{"type":"Polygon","coordinates":[[[36.019573,52.925511],[36.019367,52.925632],[36.019278,52.925581],[36.019258,52.925507],[36.019457,52.925377],[36.019605,52.925397],[36.019492,52.925463],[36.019573,52.925511]]]}},{"type":"Feature","properties":{"id":405,"area":0.369},"geometry":{"type":"Polygon","coordinates":[[[36.018873,52.925102],[36.019351,52.925175],[36.019188,52.925273],[36.018822,52.925201],[36.018873,52.925102]]]}},{"type":"Feature","properties":{"id":404,"area":0.77},"geometry":{"type":"Polygon","coordinates":[[[36.018763,52.925187],[36.017793,52.925011],[36.017904,52.924917],[36.01881,52.92509],[36.018763,52.925187]]]}},{"type":"Feature","properties":{"id":407,"area":0.145},"geometry":{"type":"Polygon","coordinates":[[[36.021501,52.926044],[36.02143,52.926087],[36.021197,52.92596],[36.021264,52.925914],[36.021501,52.926044]]]}},{"type":"Feature","properties":{"id":406,"area":0.25},"geometry":{"type":"Polygon","coordinates":[[[36.020436,52.925537],[36.02053,52.925545],[36.020583,52.925558],[36.021095,52.925824],[36.021043,52.925859],[36.020436,52.925537]]]}},{"type":"Feature","properties":{"id":409,"area":11.641},"geometry":{"type":"Polygon","coordinates":[[[36.013999,52.923373],[36.014086,52.923295],[36.014363,52.923317],[36.015877,52.923537],[36.01593,52.923482],[36.018103,52.92397],[36.018476,52.923609],[36.018595,52.923651],[36.018767,52.923686],[36.019449,52.923959],[36.019873,52.924174],[36.020226,52.92442],[36.020241,52.924466],[36.020194,52.924509],[36.013999,52.923373]]]}},{"type":"Feature","properties":{"id":408,"area":0.395},"geometry":{"type":"Polygon","coordinates":[[[36.021912,52.925989],[36.021862,52.926013],[36.021792,52.925971],[36.021716,52.926018],[36.021692,52.926006],[36.021372,52.925828],[36.021509,52.925747],[36.021603,52.925815],[36.021912,52.925989]]]}},{"type":"Feature","properties":{"id":411,"area":0.078},"geometry":{"type":"Polygon","coordinates":[[[36.020253,52.92524],[36.020385,52.925088],[36.020361,52.925273],[36.020253,52.92524]]]}},{"type":"Feature","properties":{"id":410,"area":14.756},"geometry":{"type":"Polygon","coordinates":[[[36.019315,52.924884],[36.018352,52.924642],[36.01836,52.924608],[36.016512,52.924226],[36.016308,52.924126],[36.016091,52.924076],[36.013379,52.923561],[36.012725,52.923434],[36.01269,52.92333],[36.011751,52.923131],[36.011826,52.923105],[36.01261,52.923249],[36.0164,52.923977],[36.016654,52.924027],[36.017754,52.924215],[36.020308,52.924669],[36.020399,52.924719],[36.020294,52.924839],[36.020348,52.92487],[36.020399,52.924853],[36.020387,52.925016],[36.020153,52.92522],[36.019608,52.925109],[36.019693,52.924955],[36.019691,52.924871],[36.019401,52.924807],[36.019355,52.924815],[36.019315,52.924884]]]}},{"type":"Feature","properties":{"id":413,"area":0.967},"geometry":{"type":"Polygon","coordinates":[[[36.08663,53.000731],[36.086581,53.000769],[36.08604,53.00069],[36.086246,53.000466],[36.086306,53.000435],[36.086377,53.000431],[36.086456,53.00044],[36.086516,53.000466],[36.086564,53.000505],[36.086611,53.000641],[36.08663,53.000731]]]}},{"type":"Feature","properties":{"id":412,"area":9.839},"geometry":{"type":"Polygon","coordinates":[[[36.021673,52.92508],[36.021638,52.925277],[36.021768,52.925393],[36.021658,52.925374],[36.021072,52.924844],[36.021135,52.924819],[36.024181,52.925437],[36.025782,52.925723],[36.027238,52.925993],[36.027295,52.926032],[36.027792,52.926135],[36.027743,52.926226],[36.027575,52.926191],[36.027531,52.926288],[36.027609,52.926304],[36.027592,52.926327],[36.027087,52.926348],[36.026847,52.926348],[36.026627,52.926255],[36.02641,52.926145],[36.026558,52.926048],[36.026333,52.925922],[36.026183,52.926018],[36.026292,52.926078],[36.026274,52.92609],[36.025793,52.925853],[36.025681,52.925817],[36.02492,52.925664],[36.02413,52.925529],[36.024112,52.925558],[36.0234,52.92552],[36.021673,52.92508]]]}},{"type":"Feature","properties":{"id":415,"area":2.652},"geometry":{"type":"Polygon","coordinates":[[[36.085407,53.000998],[36.085369,53.001046],[36.085297,53.001079],[36.085149,53.00108],[36.084181,53.000917],[36.084151,53.000901],[36.084141,53.00087],[36.084232,53.000646],[36.085278,53.000793],[36.08538,53.000832],[36.085447,53.00088],[36.085455,53.000914],[36.085407,53.000998]]]}},{"type":"Feature","properties":{"id":414,"area":1.27},"geometry":{"type":"Polygon","coordinates":[[[36.086874,53.000314],[36.086824,53.000291],[36.086911,53.000179],[36.086849,53.000726],[36.087596,53.000812],[36.087638,53.000796],[36.087909,53.00084],[36.087945,53.000861],[36.087961,53.000894],[36.087957,53.000915],[36.087938,53.000931],[36.087913,53.000942],[36.087879,53.000945],[36.086759,53.000798],[36.086672,53.000483],[36.086766,53.000451],[36.086812,53.000425],[36.086874,53.000314]]]}},{"type":"Feature","properties":{"id":385,"area":4.738},"geometry":{"type":"Polygon","coordinates":[[[36.13896,53.015473],[36.141268,53.014087],[36.141569,53.014168],[36.139197,53.01561],[36.13896,53.015473]]]}},{"type":"Feature","properties":{"id":384,"area":0.102},"geometry":{"type":"Polygon","coordinates":[[[36.132393,53.013724],[36.132399,53.013699],[36.132497,53.01365],[36.132587,53.013712],[36.13249,53.013764],[36.132448,53.013764],[36.132403,53.013756],[36.132393,53.013724]]]}},{"type":"Feature","properties":{"id":387,"area":0.813},"geometry":{"type":"Polygon","coordinates":[[[36.104429,53.000891],[36.104611,53.001038],[36.104801,53.001154],[36.105046,53.001272],[36.104773,53.00123],[36.104539,53.001208],[36.104327,53.001199],[36.104158,53.001199],[36.104259,53.001132],[36.104357,53.001039],[36.104406,53.000973],[36.104429,53.000891]]]}},{"type":"Feature","properties":{"id":386,"area":6.773},"geometry":{"type":"Polygon","coordinates":[[[36.142121,53.014502],[36.141692,53.014766],[36.141484,53.014647],[36.139594,53.015827],[36.139293,53.015654],[36.141643,53.014219],[36.142121,53.014502]]]}},{"type":"Feature","properties":{"id":389,"area":0.346},"geometry":{"type":"Polygon","coordinates":[[[36.102326,53.001083],[36.102555,53.00095],[36.102742,53.00081],[36.102759,53.000912],[36.102789,53.000974],[36.102844,53.00104],[36.102716,53.00103],[36.102535,53.001041],[36.102326,53.001083]]]}},{"type":"Feature","properties":{"id":388,"area":0.28},"geometry":{"type":"Polygon","coordinates":[[[36.10393,53.000338],[36.104063,53.000307],[36.104182,53.000269],[36.104415,53.000178],[36.104306,53.000276],[36.104224,53.000366],[36.104189,53.000459],[36.104112,53.000412],[36.104042,53.000377],[36.10393,53.000338]]]}},{"type":"Feature","properties":{"id":391,"area":0.369},"geometry":{"type":"Polygon","coordinates":[[[36.103007,53.001381],[36.102661,53.001494],[36.103049,53.001221],[36.103165,53.00126],[36.103342,53.001301],[36.103007,53.001381]]]}},{"type":"Feature","properties":{"id":390,"area":0.398},"geometry":{"type":"Polygon","coordinates":[[[36.102675,53.00127],[36.102622,53.001216],[36.102529,53.001166],[36.102419,53.001144],[36.102574,53.001111],[36.102712,53.001106],[36.102819,53.001123],[36.10285,53.001143],[36.102866,53.00118],[36.102858,53.001228],[36.102799,53.001306],[36.102685,53.001396],[36.102702,53.001319],[36.102675,53.00127]]]}},{"type":"Feature","properties":{"id":393,"area":5.228},"geometry":{"type":"Polygon","coordinates":[[[36.105326,53.001601],[36.105718,53.001655],[36.105844,53.001724],[36.106544,53.001907],[36.109207,53.002901],[36.109048,53.003062],[36.105766,53.001812],[36.105326,53.001601]]]}},{"type":"Feature","properties":{"id":392,"area":34.302},"geometry":{"type":"Polygon","coordinates":[[[36.103562,53.001384],[36.103807,53.001364],[36.104321,53.00135],[36.104694,53.001391],[36.104997,53.001449],[36.104936,53.001532],[36.105176,53.001593],[36.105789,53.001894],[36.108574,53.002981],[36.107788,53.003961],[36.107762,53.004062],[36.107651,53.004236],[36.107232,53.004459],[36.106955,53.004411],[36.106708,53.004129],[36.10648,53.003428],[36.106295,53.00345],[36.10611,53.003543],[36.105648,53.003128],[36.105488,53.002686],[36.105599,53.002545],[36.105753,53.002501],[36.105704,53.002312],[36.105698,53.002197],[36.105993,53.002267],[36.106492,53.002414],[36.105717,53.002123],[36.105726,53.001975],[36.105486,53.001832],[36.105287,53.001729],[36.104203,53.001631],[36.102962,53.001633],[36.102859,53.001664],[36.102138,53.002077],[36.102123,53.002068],[36.102887,53.001607],[36.103562,53.001384]]]}},{"type":"Feature","properties":{"id":395,"area":32.191},"geometry":{"type":"Polygon","coordinates":[[[36.10517,53.000693],[36.10581,53.000286],[36.106202,53.000505],[36.105899,53.000859],[36.106165,53.000974],[36.106347,53.00094],[36.10656,53.00084],[36.106538,53.000767],[36.106345,53.000571],[36.106334,53.000403],[36.106415,53.000312],[36.106586,53.000228],[36.106742,53.000264],[36.10686,53.000364],[36.106747,53.000551],[36.10679,53.000693],[36.107316,53.000806],[36.107461,53.00078],[36.107584,53.000716],[36.107745,53.000667],[36.108035,53.000748],[36.108158,53.000864],[36.108093,53.000998],[36.108384,53.000707],[36.108437,53.000616],[36.108646,53.000712],[36.108941,53.000811],[36.10871,53.001134],[36.109118,53.001282],[36.109391,53.001012],[36.109211,53.001267],[36.109226,53.001321],[36.109095,53.001462],[36.109,53.001431],[36.109065,53.001361],[36.108648,53.001212],[36.108053,53.00178],[36.108523,53.001969],[36.109966,53.002526],[36.109849,53.002669],[36.110004,53.002739],[36.109933,53.002801],[36.105987,53.001415],[36.106022,53.001379],[36.105861,53.001321],[36.105528,53.001141],[36.105553,53.001101],[36.105352,53.001047],[36.105245,53.001165],[36.104937,53.001011],[36.104568,53.000752],[36.104446,53.000569],[36.104708,53.000496],[36.104801,53.000502],[36.10517,53.000693]]]}},{"type":"Feature","properties":{"id":394,"area":3.102},"geometry":{"type":"Polygon","coordinates":[[[36.111042,53.003596],[36.110578,53.003604],[36.110492,53.00367],[36.109247,53.003165],[36.10918,53.003021],[36.109279,53.002912],[36.111042,53.003596]]]}},{"type":"Feature","properties":{"id":397,"area":0.175},"geometry":{"type":"Polygon","coordinates":[[[36.105268,53.009181],[36.105408,53.009295],[36.105441,53.009353],[36.105404,53.009412],[36.105294,53.009416],[36.105268,53.009181]]]}},{"type":"Feature","properties":{"id":396,"area":1.199},"geometry":{"type":"Polygon","coordinates":[[[36.104428,53.000465],[36.104339,53.000477],[36.104374,53.000378],[36.104484,53.000265],[36.104983,52.999902],[36.105098,52.999946],[36.105096,53.000023],[36.105039,53.000121],[36.104696,53.000375],[36.104428,53.000465]]]}},{"type":"Feature","properties":{"id":399,"area":0.776},"geometry":{"type":"Polygon","coordinates":[[[36.061495,52.961901],[36.061518,52.962115],[36.06145,52.962201],[36.061239,52.962203],[36.061217,52.961794],[36.06143,52.961816],[36.061495,52.961901]]]}},{"type":"Feature","properties":{"id":398,"area":37.009},"geometry":{"type":"Polygon","coordinates":[[[36.060583,52.962402],[36.060683,52.962398],[36.060763,52.962397],[36.060822,52.9624],[36.060861,52.962406],[36.060879,52.962416],[36.060914,52.962424],[36.060965,52.962431],[36.061034,52.962437],[36.061119,52.962441],[36.061183,52.962435],[36.061227,52.96242],[36.061251,52.962394],[36.061253,52.962358],[36.06127,52.962332],[36.061299,52.962315],[36.061343,52.962307],[36.0614,52.962309],[36.06144,52.962324],[36.061465,52.962352],[36.061474,52.962395],[36.061467,52.962451],[36.061436,52.962492],[36.06138,52.962518],[36.0613,52.962529],[36.061196,52.962526],[36.061111,52.962523],[36.061043,52.96252],[36.060994,52.962518],[36.060963,52.962517],[36.060897,52.962518],[36.060796,52.962519],[36.060659,52.962521],[36.060488,52.962525],[36.060323,52.962536],[36.060165,52.962553],[36.060014,52.962578],[36.05987,52.96261],[36.059729,52.962646],[36.059591,52.962685],[36.059456,52.962729],[36.059325,52.962776],[36.059177,52.962828],[36.059012,52.962887],[36.058831,52.962952],[36.058634,52.963023],[36.058393,52.963112],[36.058109,52.963221],[36.057783,52.963348],[36.057413,52.963494],[36.057095,52.963625],[36.056828,52.96374],[36.056613,52.96384],[36.056449,52.963924],[36.056295,52.964009],[36.056151,52.964095],[36.056016,52.964182],[36.055892,52.964269],[36.055793,52.964341],[36.05572,52.964398],[36.055672,52.964438],[36.055649,52.964464],[36.055644,52.964469],[36.055596,52.964512],[36.055567,52.96453],[36.055548,52.964541],[36.055492,52.964574],[36.055416,52.96462],[36.055318,52.964678],[36.055245,52.964738],[36.055151,52.964814],[36.054925,52.965023],[36.054921,52.965027],[36.054904,52.965043],[36.054587,52.965349],[36.054196,52.965738],[36.053877,52.966043],[36.053627,52.966263],[36.053467,52.966384],[36.053429,52.966407],[36.053322,52.966457],[36.05318,52.966517],[36.05305,52.966564],[36.052964,52.966587],[36.052964,52.966587],[36.052851,52.96661],[36.052717,52.966631],[36.052579,52.966646],[36.052431,52.966652],[36.052271,52.966648],[36.052101,52.966633],[36.052101,52.966633],[36.051898,52.966605],[36.051898,52.966605],[36.051636,52.966559],[36.051313,52.966497],[36.0504,52.9663],[36.050145,52.966237],[36.04992,52.96616],[36.049766,52.966097],[36.049628,52.966034],[36.049512,52.965974],[36.049512,52.965974],[36.04943,52.965924],[36.04943,52.965924],[36.049367,52.965878],[36.049367,52.965878],[36.048979,52.965545],[36.048979,52.965545],[36.048807,52.965386],[36.048562,52.965124],[36.048562,52.965124],[36.048302,52.964808],[36.048302,52.964807],[36.048163,52.964618],[36.048065,52.964469],[36.047984,52.964324],[36.047954,52.964252],[36.047951,52.964204],[36.047975,52.96419],[36.048029,52.964208],[36.048142,52.96428],[36.048316,52.964406],[36.048549,52.964585],[36.048843,52.964817],[36.049049,52.964999],[36.049168,52.96513],[36.049199,52.96521],[36.049143,52.965239],[36.049127,52.965282],[36.049151,52.965339],[36.049215,52.96541],[36.04932,52.965495],[36.049421,52.965572],[36.04952,52.965643],[36.049616,52.965706],[36.049708,52.965761],[36.049798,52.965792],[36.049884,52.965796],[36.049968,52.965776],[36.050048,52.96573],[36.050161,52.965724],[36.050306,52.965759],[36.050483,52.965835],[36.050692,52.965951],[36.050873,52.966027],[36.051026,52.966062],[36.05115,52.966057],[36.051247,52.966011],[36.051342,52.965992],[36.051434,52.966001],[36.051525,52.966036],[36.051613,52.966099],[36.051696,52.96615],[36.051772,52.966189],[36.051842,52.966216],[36.051907,52.96623],[36.051976,52.966234],[36.052051,52.966228],[36.05213,52.966212],[36.052215,52.966185],[36.05231,52.966145],[36.052417,52.966092],[36.052534,52.966025],[36.052663,52.965945],[36.052741,52.965869],[36.052767,52.965796],[36.052741,52.965726],[36.052665,52.96566],[36.05275,52.965556],[36.052998,52.965415],[36.053407,52.965238],[36.053978,52.965023],[36.054421,52.964861],[36.054735,52.964751],[36.05492,52.964695],[36.054976,52.964691],[36.055024,52.964692],[36.055063,52.964698],[36.055094,52.964709],[36.055116,52.964725],[36.055134,52.964735],[36.055148,52.96474],[36.055157,52.96474],[36.055163,52.964734],[36.055172,52.964725],[36.055183,52.964712],[36.055198,52.964695],[36.055216,52.964675],[36.055238,52.964652],[36.055265,52.964626],[36.055297,52.964598],[36.055333,52.964567],[36.055365,52.964541],[36.055393,52.964519],[36.055418,52.964503],[36.055439,52.964491],[36.055455,52.964478],[36.055468,52.964466],[36.055477,52.964453],[36.055481,52.96444],[36.055485,52.964428],[36.055489,52.964418],[36.055492,52.964409],[36.055494,52.964401],[36.055499,52.964395],[36.055507,52.96439],[36.055518,52.964386],[36.055531,52.964384],[36.055547,52.964381],[36.055565,52.964377],[36.055585,52.964372],[36.055607,52.964366],[36.055636,52.964355],[36.055673,52.964338],[36.055716,52.964316],[36.055767,52.964288],[36.055839,52.964247],[36.055932,52.964192],[36.056045,52.964124],[36.05618,52.964043],[36.056293,52.963976],[36.056383,52.963923],[36.05645,52.963884],[36.056495,52.963859],[36.056527,52.963838],[36.056545,52.963822],[36.05655,52.96381],[36.056541,52.963802],[36.056547,52.963789],[36.056569,52.963771],[36.056604,52.963747],[36.056655,52.963718],[36.056734,52.963678],[36.056841,52.963629],[36.056976,52.963569],[36.05714,52.963499],[36.057265,52.963446],[36.057353,52.96341],[36.057403,52.963391],[36.057415,52.96339],[36.057426,52.963389],[36.057436,52.963388],[36.057445,52.963387],[36.057453,52.963386],[36.057462,52.963384],[36.05747,52.963382],[36.05748,52.963378],[36.057489,52.963374],[36.0575,52.963368],[36.057512,52.963359],[36.057525,52.963349],[36.05754,52.963337],[36.057603,52.963307],[36.057716,52.963261],[36.057877,52.963196],[36.058088,52.963115],[36.058251,52.963051],[36.058366,52.963005],[36.058434,52.962976],[36.058454,52.962965],[36.058499,52.962941],[36.058568,52.962902],[36.058662,52.962851],[36.058781,52.962785],[36.058872,52.962737],[36.058936,52.962706],[36.058973,52.962693],[36.058983,52.962697],[36.058997,52.962702],[36.059015,52.962707],[36.059036,52.962713],[36.059062,52.96272],[36.059132,52.962712],[36.059248,52.962688],[36.059409,52.962648],[36.059614,52.962593],[36.059783,52.96255],[36.059913,52.962518],[36.060006,52.962497],[36.06006,52.962488],[36.060105,52.962478],[36.060138,52.962467],[36.060162,52.962456],[36.060174,52.962444],[36.060183,52.962432],[36.060186,52.962421],[36.060185,52.962409],[36.06018,52.962398],[36.060177,52.962386],[36.060176,52.962372],[36.060177,52.962358],[36.06018,52.962342],[36.06019,52.96233],[36.060206,52.962321],[36.06023,52.962314],[36.06026,52.962311],[36.060287,52.96231],[36.060312,52.962314],[36.060333,52.96232],[36.060352,52.96233],[36.06037,52.962341],[36.060386,52.962354],[36.0604,52.962369],[36.060413,52.962385],[36.060448,52.962396],[36.060504,52.962402],[36.060583,52.962402]]]}},{"type":"Feature","properties":{"id":433,"area":0.039},"geometry":{"type":"Polygon","coordinates":[[[36.038674,52.990112],[36.038604,52.990064],[36.038666,52.99003],[36.038734,52.990079],[36.038674,52.990112]]]}},{"type":"Feature","properties":{"id":432,"area":0.027},"geometry":{"type":"Polygon","coordinates":[[[36.038113,52.990135],[36.038139,52.990058],[36.038234,52.990055],[36.038113,52.990135]]]}},{"type":"Feature","properties":{"id":435,"area":0.349},"geometry":{"type":"Polygon","coordinates":[[[36.038261,52.990017],[36.038151,52.99002],[36.038214,52.989737],[36.038463,52.989894],[36.038261,52.990017]]]}},{"type":"Feature","properties":{"id":434,"area":0.083},"geometry":{"type":"Polygon","coordinates":[[[36.0385,52.989932],[36.038612,52.990004],[36.038556,52.990041],[36.0385,52.990008],[36.03837,52.990009],[36.0385,52.989932]]]}},{"type":"Feature","properties":{"id":437,"area":1.809},"geometry":{"type":"Polygon","coordinates":[[[36.037849,52.989989],[36.038139,52.989727],[36.038012,52.990274],[36.038223,52.990415],[36.037939,52.990579],[36.037535,52.99031],[36.037849,52.989989]]]}},{"type":"Feature","properties":{"id":436,"area":0.199},"geometry":{"type":"Polygon","coordinates":[[[36.038249,52.989723],[36.038191,52.989681],[36.03839,52.989517],[36.038501,52.989588],[36.038504,52.989615],[36.038486,52.989639],[36.038453,52.989651],[36.03838,52.989646],[36.038356,52.989639],[36.038249,52.989723]]]}},{"type":"Feature","properties":{"id":439,"area":0.3},"geometry":{"type":"Polygon","coordinates":[[[36.010472,52.947478],[36.010671,52.947443],[36.010959,52.947453],[36.011079,52.947508],[36.010371,52.947537],[36.010472,52.947478]]]}},{"type":"Feature","properties":{"id":438,"area":1.981},"geometry":{"type":"Polygon","coordinates":[[[36.010692,52.94788],[36.009773,52.947937],[36.009708,52.947929],[36.009652,52.947908],[36.009609,52.947865],[36.0096,52.94778],[36.009694,52.947732],[36.011094,52.947674],[36.011113,52.947706],[36.011106,52.947737],[36.011032,52.947772],[36.010692,52.94788]]]}},{"type":"Feature","properties":{"id":441,"area":20.992},"geometry":{"type":"Polygon","coordinates":[[[36.078855,52.924414],[36.078778,52.924334],[36.07879,52.924233],[36.078877,52.924122],[36.078957,52.924116],[36.079002,52.924128],[36.079022,52.924175],[36.079083,52.924405],[36.079144,52.924474],[36.080383,52.92479],[36.080583,52.924526],[36.07952,52.924216],[36.079306,52.924145],[36.078968,52.923935],[36.079272,52.923428],[36.081541,52.924016],[36.081733,52.924423],[36.082269,52.92514],[36.081761,52.925231],[36.079077,52.924521],[36.078954,52.924473],[36.078855,52.924414]]]}},{"type":"Feature","properties":{"id":440,"area":2.808},"geometry":{"type":"Polygon","coordinates":[[[36.078045,52.924265],[36.076772,52.923944],[36.0768,52.923906],[36.077435,52.923871],[36.078125,52.92404],[36.078301,52.923986],[36.078433,52.923973],[36.078562,52.924007],[36.078606,52.924044],[36.078566,52.924154],[36.078479,52.924239],[36.07831,52.924287],[36.078045,52.924265]]]}},{"type":"Feature","properties":{"id":443,"area":0.185},"geometry":{"type":"Polygon","coordinates":[[[36.138597,53.002435],[36.138295,53.002579],[36.138229,53.002529],[36.138531,53.002385],[36.138597,53.002435]]]}},{"type":"Feature","properties":{"id":442,"area":22.945},"geometry":{"type":"Polygon","coordinates":[[[36.015221,52.931532],[36.015258,52.931639],[36.015515,52.93178],[36.015141,52.932047],[36.015608,52.932273],[36.016626,52.932346],[36.016851,52.93221],[36.017135,52.932461],[36.016622,52.93285],[36.015146,52.932149],[36.014964,52.932008],[36.014712,52.931701],[36.0146,52.931614],[36.014347,52.931504],[36.01417,52.93138],[36.013941,52.931279],[36.013446,52.930893],[36.013241,52.930688],[36.013101,52.930561],[36.012764,52.930429],[36.012582,52.930322],[36.012517,52.930207],[36.012691,52.93004],[36.013914,52.930172],[36.01466,52.930468],[36.01558,52.931295],[36.015221,52.931532]]]}},{"type":"Feature","properties":{"id":445,"area":0.031},"geometry":{"type":"Polygon","coordinates":[[[36.139029,53.002139],[36.139038,53.002131],[36.139051,53.002125],[36.139067,53.002122],[36.139083,53.002123],[36.139098,53.002127],[36.13911,53.002133],[36.139117,53.002141],[36.139119,53.00215],[36.139117,53.002159],[36.13911,53.002167],[36.1391,53.002173],[36.139087,53.002177],[36.139072,53.002179],[36.139057,53.002177],[36.139044,53.002173],[36.139034,53.002167],[36.139027,53.002158],[36.139025,53.002148],[36.139029,53.002139]]]}},{"type":"Feature","properties":{"id":444,"area":0.214},"geometry":{"type":"Polygon","coordinates":[[[36.138668,53.002397],[36.138602,53.002347],[36.138948,53.002177],[36.139014,53.002227],[36.138668,53.002397]]]}},{"type":"Feature","properties":{"id":447,"area":0.224},"geometry":{"type":"Polygon","coordinates":[[[36.139236,53.002777],[36.139403,53.002689],[36.139634,53.0027],[36.139344,53.002851],[36.139236,53.002777]]]}},{"type":"Feature","properties":{"id":446,"area":0.224},"geometry":{"type":"Polygon","coordinates":[[[36.138666,53.002471],[36.138769,53.002548],[36.138596,53.002631],[36.138366,53.002615],[36.138666,53.002471]]]}},{"type":"Feature","properties":{"id":417,"area":0.075},"geometry":{"type":"Polygon","coordinates":[[[36.088115,53.000749],[36.088099,53.000759],[36.088075,53.000763],[36.088048,53.000759],[36.088029,53.000745],[36.088025,53.000731],[36.088025,53.000712],[36.087462,53.00072],[36.087453,53.00071],[36.088125,53.000703],[36.088123,53.000732],[36.088115,53.000749]]]}},{"type":"Feature","properties":{"id":416,"area":0.276},"geometry":{"type":"Polygon","coordinates":[[[36.084683,53.001127],[36.084579,53.001161],[36.084464,53.001159],[36.084384,53.00115],[36.084334,53.001127],[36.084325,53.00109],[36.084334,53.001066],[36.08437,53.001046],[36.084425,53.001035],[36.084778,53.001091],[36.084683,53.001127]]]}},{"type":"Feature","properties":{"id":419,"area":7.602},"geometry":{"type":"Polygon","coordinates":[[[35.985702,52.915353],[35.98639,52.917347],[35.986466,52.917568],[35.987496,52.917644],[35.987232,52.917704],[35.987083,52.917757],[35.986919,52.917856],[35.986821,52.917999],[35.986812,52.918149],[35.986887,52.918289],[35.987003,52.918371],[35.986821,52.918394],[35.986536,52.918395],[35.986103,52.917182],[35.985467,52.915438],[35.985643,52.915303],[35.986025,52.91508],[35.985702,52.915353]]]}},{"type":"Feature","properties":{"id":418,"area":0.344},"geometry":{"type":"Polygon","coordinates":[[[36.018346,52.902945],[36.018159,52.902915],[36.017501,52.902753],[36.017325,52.902675],[36.018453,52.902924],[36.018346,52.902945]]]}},{"type":"Feature","properties":{"id":421,"area":37.131},"geometry":{"type":"Polygon","coordinates":[[[35.992925,52.918248],[35.992598,52.918244],[35.99259,52.918053],[35.992215,52.918057],[35.992214,52.917345],[35.991962,52.917342],[35.991949,52.918062],[35.991635,52.91806],[35.991561,52.917951],[35.991662,52.917949],[35.991947,52.917136],[35.991018,52.9166],[35.990924,52.91635],[35.991752,52.915811],[35.992272,52.915474],[35.992088,52.915316],[35.989425,52.913556],[35.98893,52.913235],[35.988948,52.913183],[35.992437,52.915446],[35.99255,52.915549],[35.992555,52.915613],[35.992509,52.915758],[35.992657,52.915964],[35.993077,52.916455],[35.994415,52.91812],[35.994391,52.91812],[35.994285,52.91826],[35.993179,52.918249],[35.993165,52.918153],[35.992928,52.91816],[35.992925,52.918248]]]}},{"type":"Feature","properties":{"id":420,"area":11.13},"geometry":{"type":"Polygon","coordinates":[[[35.997233,52.917533],[35.997111,52.917957],[35.99706,52.918132],[35.997023,52.918132],[35.994435,52.91812],[35.994604,52.918034],[35.996117,52.917268],[35.996227,52.917294],[35.997233,52.917533]]]}},{"type":"Feature","properties":{"id":423,"area":0.096},"geometry":{"type":"Polygon","coordinates":[[[35.992146,52.917508],[35.992144,52.917646],[35.992052,52.917645],[35.992054,52.917507],[35.992146,52.917508]]]}},{"type":"Feature","properties":{"id":422,"area":0.256},"geometry":{"type":"Polygon","coordinates":[[[35.992053,52.917688],[35.992145,52.917689],[35.992138,52.918057],[35.992045,52.918057],[35.992053,52.917688]]]}},{"type":"Feature","properties":{"id":425,"area":0.404},"geometry":{"type":"Polygon","coordinates":[[[36.15059,53.009811],[36.15093,53.010051],[36.150924,53.010084],[36.150825,53.010136],[36.150781,53.010141],[36.150748,53.010135],[36.150808,53.010102],[36.150486,53.009863],[36.150402,53.009901],[36.150411,53.009874],[36.150451,53.009844],[36.150528,53.009811],[36.15059,53.009811]]]}},{"type":"Feature","properties":{"id":424,"area":25.365},"geometry":{"type":"Polygon","coordinates":[[[36.151683,53.010627],[36.151768,53.010445],[36.150707,53.009656],[36.150331,53.009851],[36.150265,53.009805],[36.150211,53.009832],[36.150263,53.009871],[36.150193,53.009906],[36.149812,53.009636],[36.149168,53.009968],[36.149123,53.009938],[36.150099,53.009368],[36.150137,53.009372],[36.150193,53.009372],[36.150384,53.009268],[36.150412,53.009236],[36.150415,53.009177],[36.150408,53.009147],[36.150359,53.009095],[36.150672,53.008913],[36.154447,53.011652],[36.154474,53.011837],[36.153964,53.012077],[36.152868,53.011268],[36.152604,53.01123],[36.151683,53.010627]]]}},{"type":"Feature","properties":{"id":427,"area":3344.266},"geometry":{"type":"Polygon","coordinates":[[[36.147522,53.017621],[36.147596,53.017545],[36.147674,53.017468],[36.147758,53.017391],[36.147847,53.017313],[36.147967,53.017204],[36.148116,53.017066],[36.148295,53.016898],[36.148503,53.0167],[36.148677,53.016556],[36.148814,53.016468],[36.148917,53.016435],[36.148984,53.016457],[36.149011,53.016497],[36.148999,53.016557],[36.148947,53.016636],[36.148855,53.016734],[36.148785,53.016814],[36.148735,53.016878],[36.148706,53.016925],[36.148699,53.016955],[36.148699,53.016982],[36.148709,53.017007],[36.148726,53.017029],[36.148753,53.017049],[36.148811,53.017074],[36.148902,53.017104],[36.149025,53.01714],[36.149181,53.017181],[36.149304,53.017209],[36.149395,53.017226],[36.149453,53.017231],[36.14948,53.017223],[36.149516,53.017197],[36.149564,53.01715],[36.149622,53.017085],[36.14969,53.017],[36.149736,53.016931],[36.14976,53.016878],[36.149762,53.01684],[36.149741,53.016817],[36.149696,53.016789],[36.149626,53.016754],[36.149532,53.016713],[36.149413,53.016666],[36.149327,53.016628],[36.149273,53.016599],[36.149251,53.01658],[36.149261,53.016569],[36.149299,53.016572],[36.149367,53.016589],[36.149463,53.016618],[36.149587,53.016661],[36.149684,53.016689],[36.149751,53.016704],[36.14979,53.016705],[36.1498,53.016691],[36.149831,53.016689],[36.149883,53.016699],[36.149956,53.01672],[36.15005,53.016752],[36.15014,53.016755],[36.150226,53.016728],[36.150308,53.016672],[36.150386,53.016586],[36.150424,53.016454],[36.150421,53.016276],[36.150379,53.016051],[36.150296,53.01578],[36.150258,53.01556],[36.150266,53.015389],[36.150319,53.015269],[36.150417,53.015198],[36.150523,53.015125],[36.150637,53.01505],[36.150758,53.014972],[36.150888,53.014891],[36.150998,53.014829],[36.151091,53.014785],[36.151165,53.01476],[36.15122,53.014754],[36.151293,53.01476],[36.151384,53.01478],[36.151493,53.014814],[36.151619,53.014861],[36.151724,53.014891],[36.151808,53.014904],[36.151872,53.014899],[36.151914,53.014878],[36.152,53.014883],[36.152132,53.014915],[36.152307,53.014975],[36.152528,53.015061],[36.152724,53.01513],[36.152898,53.015184],[36.153047,53.01522],[36.153174,53.015241],[36.15328,53.015253],[36.153367,53.015256],[36.153435,53.015251],[36.153482,53.015238],[36.153536,53.015238],[36.153596,53.01525],[36.153662,53.015275],[36.153734,53.015313],[36.153886,53.015364],[36.154118,53.015427],[36.154429,53.015504],[36.15482,53.015593],[36.155184,53.01567],[36.15552,53.015733],[36.155829,53.015783],[36.156111,53.01582],[36.156332,53.015845],[36.156494,53.015858],[36.156595,53.01586],[36.156635,53.01585],[36.156738,53.015853],[36.156903,53.01587],[36.157129,53.015899],[36.157417,53.015942],[36.157636,53.015987],[36.157784,53.016036],[36.157862,53.016088],[36.15787,53.016143],[36.157878,53.016182],[36.157886,53.016207],[36.157894,53.016216],[36.157901,53.016211],[36.157958,53.016251],[36.158065,53.016338],[36.158222,53.01647],[36.158428,53.016649],[36.158608,53.016844],[36.158763,53.017056],[36.158892,53.017285],[36.158994,53.017531],[36.159097,53.017715],[36.159198,53.017838],[36.159299,53.0179],[36.159398,53.0179],[36.159477,53.017889],[36.159534,53.017866],[36.15957,53.017832],[36.159584,53.017787],[36.159619,53.017733],[36.159675,53.017669],[36.159752,53.017595],[36.15985,53.017512],[36.159962,53.017432],[36.160086,53.017354],[36.160224,53.017279],[36.160375,53.017206],[36.160498,53.017154],[36.160592,53.017122],[36.160658,53.01711],[36.160695,53.017119],[36.160741,53.017126],[36.160796,53.01713],[36.160859,53.017133],[36.160931,53.017134],[36.161048,53.017128],[36.161209,53.017114],[36.161415,53.017094],[36.161666,53.017066],[36.161892,53.017061],[36.162093,53.017077],[36.162269,53.017115],[36.162419,53.017175],[36.162571,53.017245],[36.162723,53.017325],[36.162876,53.017416],[36.16303,53.017518],[36.163138,53.0176],[36.163202,53.017665],[36.16322,53.017711],[36.163194,53.017739],[36.163176,53.017765],[36.163169,53.017787],[36.16317,53.017808],[36.163181,53.017825],[36.163204,53.017848],[36.163239,53.017876],[36.163286,53.017909],[36.163345,53.017946],[36.163395,53.017974],[36.163436,53.017993],[36.163469,53.018003],[36.163493,53.018004],[36.163522,53.018002],[36.163558,53.017998],[36.1636,53.017992],[36.163648,53.017984],[36.164204,53.018338],[36.165266,53.019056],[36.166837,53.020136],[36.168914,53.021579],[36.170463,53.022676],[36.171483,53.023429],[36.171974,53.023836],[36.171936,53.023899],[36.171905,53.023947],[36.171881,53.023982],[36.171864,53.024003],[36.171855,53.02401],[36.171853,53.024019],[36.171858,53.02403],[36.17187,53.024042],[36.171889,53.024056],[36.171928,53.024052],[36.171986,53.024031],[36.172064,53.023993],[36.172162,53.023936],[36.172233,53.023892],[36.172276,53.023859],[36.172293,53.023839],[36.172283,53.02383],[36.17228,53.02382],[36.172283,53.023809],[36.172292,53.023796],[36.172308,53.023782],[36.172334,53.023781],[36.172369,53.023792],[36.172415,53.023815],[36.17247,53.023851],[36.17252,53.023877],[36.172565,53.023896],[36.172605,53.023905],[36.17264,53.023906],[36.172676,53.023915],[36.172715,53.023932],[36.172756,53.023956],[36.172799,53.023988],[36.172822,53.024024],[36.172825,53.024063],[36.172807,53.024107],[36.172769,53.024154],[36.173572,53.024747],[36.175219,53.025887],[36.177707,53.027573],[36.181038,53.029804],[36.183508,53.031501],[36.185115,53.032663],[36.18586,53.03329],[36.185743,53.033382],[36.185631,53.033453],[36.185526,53.033501],[36.185428,53.033528],[36.185335,53.033533],[36.185111,53.033475],[36.184755,53.033353],[36.184268,53.033168],[36.183649,53.03292],[36.183049,53.032862],[36.182466,53.032994],[36.181901,53.033315],[36.181354,53.033827],[36.180885,53.034317],[36.180493,53.034785],[36.180178,53.035231],[36.179942,53.035656],[36.179811,53.036012],[36.179786,53.036299],[36.179867,53.036519],[36.180055,53.036669],[36.180257,53.036836],[36.180474,53.037018],[36.180705,53.037216],[36.180952,53.03743],[36.181137,53.037605],[36.181262,53.037741],[36.181325,53.037838],[36.181328,53.037897],[36.181194,53.037988],[36.180924,53.038112],[36.180517,53.038269],[36.179973,53.038459],[36.179533,53.038552],[36.179195,53.03855],[36.17896,53.038452],[36.178827,53.038258],[36.178737,53.038229],[36.178689,53.038365],[36.178683,53.038666],[36.178719,53.039133],[36.178666,53.039465],[36.178523,53.039661],[36.17829,53.039723],[36.177967,53.039649],[36.177679,53.039623],[36.177426,53.039646],[36.177208,53.039717],[36.177025,53.039836],[36.176807,53.039888],[36.176557,53.039872],[36.176272,53.039789],[36.175955,53.039638],[36.175712,53.039505],[36.175545,53.039391],[36.175454,53.039295],[36.175438,53.039218],[36.175352,53.039133],[36.175195,53.039041],[36.174969,53.038942],[36.174672,53.038836],[36.174443,53.038719],[36.174281,53.038592],[36.174187,53.038455],[36.174159,53.038307],[36.174105,53.038184],[36.174024,53.038084],[36.173916,53.038009],[36.173782,53.037957],[36.173656,53.037933],[36.17354,53.037935],[36.173433,53.037965],[36.173336,53.038021],[36.173205,53.03803],[36.17304,53.037991],[36.172841,53.037903],[36.172609,53.037768],[36.17246,53.03764],[36.172395,53.037519],[36.172414,53.037406],[36.172516,53.037301],[36.172475,53.037183],[36.172289,53.037052],[36.171958,53.036908],[36.171484,53.036752],[36.170882,53.036477],[36.170152,53.036083],[36.169294,53.03557],[36.168309,53.034938],[36.167479,53.034363],[36.166805,53.033844],[36.166286,53.033381],[36.165923,53.032975],[36.165467,53.032539],[36.164919,53.032073],[36.164279,53.031578],[36.163546,53.031054],[36.162757,53.03065],[36.161912,53.030367],[36.161012,53.030205],[36.160056,53.030163],[36.159311,53.030131],[36.158775,53.030107],[36.158449,53.030093],[36.158332,53.030088],[36.15823,53.030071],[36.158141,53.030041],[36.158066,53.03],[36.158004,53.029945],[36.157956,53.029903],[36.157922,53.029873],[36.157901,53.029855],[36.157893,53.029848],[36.157897,53.029834],[36.157911,53.029813],[36.157935,53.029784],[36.15797,53.029747],[36.157969,53.029709],[36.157932,53.02967],[36.15786,53.029631],[36.157751,53.029591],[36.157661,53.029556],[36.157588,53.029526],[36.157533,53.029501],[36.157496,53.029481],[36.157446,53.029446],[36.157383,53.029398],[36.157307,53.029334],[36.157218,53.029256],[36.157114,53.029197],[36.156994,53.029156],[36.156858,53.029134],[36.156706,53.02913],[36.156579,53.029126],[36.156475,53.02912],[36.156396,53.029114],[36.15634,53.029106],[36.156202,53.029096],[36.155981,53.029085],[36.155679,53.029071],[36.155294,53.029055],[36.154966,53.029045],[36.154696,53.029042],[36.154484,53.029045],[36.154329,53.029055],[36.154164,53.029061],[36.153989,53.029063],[36.153804,53.029062],[36.153609,53.029058],[36.153383,53.029054],[36.153126,53.029051],[36.152838,53.02905],[36.152519,53.029049],[36.152258,53.029046],[36.152053,53.029042],[36.151905,53.029035],[36.151815,53.029026],[36.151672,53.029002],[36.151475,53.028963],[36.151226,53.028908],[36.150924,53.028838],[36.150693,53.028777],[36.150533,53.028723],[36.150446,53.028678],[36.150429,53.028641],[36.150412,53.028579],[36.150392,53.028493],[36.150372,53.028382],[36.15035,53.028247],[36.150315,53.028091],[36.150266,53.027915],[36.150205,53.027717],[36.150131,53.027499],[36.149964,53.027222],[36.149703,53.026885],[36.149348,53.026489],[36.1489,53.026034],[36.148546,53.025696],[36.148285,53.025475],[36.148117,53.025372],[36.148043,53.025386],[36.147962,53.025372],[36.147872,53.025329],[36.147775,53.025257],[36.14767,53.025157],[36.147583,53.025067],[36.147514,53.024989],[36.147462,53.024922],[36.147428,53.024866],[36.147373,53.024788],[36.147299,53.024688],[36.147203,53.024566],[36.147088,53.024422],[36.146988,53.024302],[36.146903,53.024205],[36.146833,53.024131],[36.146779,53.02408],[36.146737,53.02404],[36.146707,53.024012],[36.146689,53.023995],[36.146684,53.023989],[36.146634,53.023994],[36.146538,53.024011],[36.146397,53.024038],[36.14621,53.024076],[36.146096,53.024151],[36.146055,53.024262],[36.146085,53.02441],[36.146188,53.024594],[36.14627,53.024731],[36.146332,53.02482],[36.146373,53.024863],[36.146394,53.024858],[36.14642,53.024872],[36.14645,53.024905],[36.146485,53.024956],[36.146524,53.025026],[36.146487,53.02509],[36.146372,53.025149],[36.146181,53.025203],[36.145913,53.025252],[36.145711,53.025287],[36.145576,53.025306],[36.145507,53.02531],[36.145505,53.0253],[36.145532,53.025287],[36.14559,53.025272],[36.145678,53.025253],[36.145796,53.025232],[36.14588,53.025208],[36.145931,53.025181],[36.145948,53.025151],[36.145932,53.025118],[36.145915,53.025094],[36.145899,53.025079],[36.145883,53.025073],[36.145866,53.025075],[36.14584,53.025045],[36.145804,53.024983],[36.145758,53.024887],[36.145702,53.024758],[36.14564,53.024666],[36.145572,53.024608],[36.145499,53.024587],[36.145419,53.024601],[36.145351,53.024592],[36.145295,53.024561],[36.145251,53.024508],[36.145218,53.024432],[36.145219,53.024371],[36.145254,53.024324],[36.145322,53.024292],[36.145423,53.024275],[36.145502,53.02426],[36.145558,53.024247],[36.145591,53.024237],[36.145602,53.024229],[36.145605,53.024213],[36.1456,53.024189],[36.145588,53.024157],[36.145568,53.024117],[36.145567,53.024072],[36.145583,53.024022],[36.145619,53.023967],[36.145672,53.023906],[36.145707,53.023847],[36.145723,53.02379],[36.145719,53.023733],[36.145697,53.023678],[36.145661,53.023636],[36.145614,53.023607],[36.145553,53.023591],[36.14548,53.023587],[36.145419,53.023583],[36.145372,53.023578],[36.145337,53.023572],[36.145315,53.023565],[36.145281,53.023525],[36.145234,53.023451],[36.145176,53.023345],[36.145106,53.023205],[36.144986,53.023113],[36.144816,53.023067],[36.144595,53.023069],[36.144324,53.023118],[36.144093,53.023184],[36.143903,53.023265],[36.143753,53.023363],[36.143643,53.023477],[36.143537,53.023511],[36.143434,53.023466],[36.143335,53.023342],[36.143239,53.023138],[36.143166,53.022967],[36.143114,53.022829],[36.143085,53.022723],[36.143078,53.02265],[36.143108,53.022548],[36.143175,53.022418],[36.143278,53.02226],[36.143418,53.022072],[36.143537,53.021938],[36.143633,53.021858],[36.143708,53.021831],[36.143761,53.021857],[36.14378,53.021903],[36.143766,53.021968],[36.143718,53.022053],[36.143637,53.022157],[36.143599,53.022249],[36.143605,53.022329],[36.143655,53.022396],[36.143748,53.022451],[36.143836,53.022467],[36.143919,53.022446],[36.143997,53.022386],[36.144069,53.022289],[36.144116,53.022201],[36.144138,53.022123],[36.144135,53.022055],[36.144107,53.021998],[36.144064,53.021941],[36.144006,53.021887],[36.143934,53.021834],[36.143847,53.021783],[36.143784,53.021742],[36.143744,53.021711],[36.143729,53.021691],[36.143737,53.02168],[36.143819,53.021582],[36.143975,53.021397],[36.144205,53.021125],[36.144508,53.020765],[36.144778,53.020442],[36.145014,53.020155],[36.145216,53.019903],[36.145384,53.019689],[36.145522,53.019511],[36.145631,53.019372],[36.145709,53.01927],[36.145757,53.019206],[36.145818,53.01913],[36.145892,53.019043],[36.145978,53.018943],[36.146076,53.018832],[36.146204,53.018701],[36.146362,53.01855],[36.146549,53.01838],[36.146766,53.01819],[36.146944,53.018062],[36.147084,53.017995],[36.147185,53.01799],[36.147247,53.018048],[36.147291,53.018094],[36.147316,53.018129],[36.147323,53.018154],[36.147311,53.018168],[36.147305,53.01818],[36.147304,53.018191],[36.14731,53.018199],[36.147321,53.018205],[36.147346,53.018202],[36.147385,53.018191],[36.147439,53.01817],[36.147507,53.01814],[36.147673,53.018148],[36.147939,53.018196],[36.148304,53.018282],[36.148767,53.018406],[36.14915,53.018481],[36.149453,53.018506],[36.149676,53.018481],[36.149818,53.018406],[36.14993,53.018341],[36.150012,53.018286],[36.150065,53.018241],[36.150087,53.018205],[36.150087,53.018172],[36.150063,53.018141],[36.150017,53.018112],[36.149947,53.018085],[36.149811,53.018042],[36.149609,53.017983],[36.149339,53.017909],[36.149003,53.017818],[36.148734,53.017747],[36.148533,53.017694],[36.148399,53.01766],[36.148333,53.017645],[36.148271,53.017635],[36.148214,53.017629],[36.148162,53.017627],[36.148114,53.01763],[36.148047,53.017649],[36.14796,53.017683],[36.147854,53.017734],[36.147727,53.017801],[36.147624,53.017852],[36.147544,53.017888],[36.147488,53.017909],[36.147455,53.017916],[36.147427,53.017913],[36.147404,53.017901],[36.147386,53.017881],[36.147372,53.017851],[36.14738,53.017811],[36.147407,53.017759],[36.147455,53.017695],[36.147522,53.017621]]]}},{"type":"Feature","properties":{"id":426,"area":0.434},"geometry":{"type":"Polygon","coordinates":[[[36.151427,53.010399],[36.151421,53.010431],[36.151322,53.010483],[36.151278,53.010489],[36.151245,53.010482],[36.151305,53.010449],[36.150952,53.01019],[36.150867,53.010228],[36.150876,53.010201],[36.150916,53.010171],[36.150993,53.010138],[36.151055,53.010138],[36.151427,53.010399]]]}},{"type":"Feature","properties":{"id":429,"area":0.816},"geometry":{"type":"Polygon","coordinates":[[[36.155195,53.012594],[36.15458,53.012932],[36.154437,53.012832],[36.155059,53.012493],[36.155195,53.012594]]]}},{"type":"Feature","properties":{"id":428,"area":3.31},"geometry":{"type":"Polygon","coordinates":[[[36.156553,53.015754],[36.156489,53.01563],[36.156316,53.015673],[36.156066,53.015479],[36.157035,53.014983],[36.157383,53.015243],[36.156714,53.015634],[36.156553,53.015754]]]}},{"type":"Feature","properties":{"id":431,"area":5.708},"geometry":{"type":"Polygon","coordinates":[[[36.110101,52.984312],[36.111248,52.983908],[36.111416,52.984035],[36.111787,52.984175],[36.111161,52.98453],[36.110814,52.984693],[36.110582,52.984715],[36.109938,52.984465],[36.109859,52.9844],[36.110101,52.984312]]]}},{"type":"Feature","properties":{"id":430,"area":44.895},"geometry":{"type":"Polygon","coordinates":[[[36.111243,52.988135],[36.111474,52.988122],[36.111488,52.988202],[36.111805,52.988162],[36.111934,52.988068],[36.111983,52.987928],[36.111952,52.987668],[36.111689,52.987594],[36.111525,52.98758],[36.111504,52.987552],[36.111205,52.987581],[36.111095,52.987429],[36.111177,52.987341],[36.111159,52.987285],[36.110853,52.987276],[36.110836,52.987171],[36.110953,52.986937],[36.111035,52.986974],[36.111682,52.987457],[36.112053,52.987639],[36.113176,52.988103],[36.114136,52.988619],[36.115158,52.98939],[36.115198,52.989467],[36.115182,52.98952],[36.115123,52.989577],[36.114995,52.989632],[36.11349,52.990175],[36.11336,52.990222],[36.113262,52.990231],[36.113157,52.990234],[36.11308,52.990214],[36.112996,52.990191],[36.112536,52.990027],[36.112331,52.990024],[36.112095,52.990062],[36.111196,52.990502],[36.111095,52.990576],[36.111053,52.990679],[36.111056,52.990731],[36.111063,52.990853],[36.110955,52.99091],[36.109982,52.990038],[36.110066,52.99001],[36.110717,52.99056],[36.111619,52.990156],[36.111908,52.990008],[36.112308,52.989819],[36.112609,52.989713],[36.112583,52.989633],[36.112181,52.989304],[36.111866,52.98907],[36.111116,52.988453],[36.111359,52.988423],[36.111322,52.988254],[36.111109,52.988087],[36.111095,52.988066],[36.111184,52.988053],[36.111243,52.988135]]]}},{"type":"Feature","properties":{"id":337,"area":0.306},"geometry":{"type":"Polygon","coordinates":[[[36.101067,52.957025],[36.101043,52.957091],[36.100784,52.957108],[36.100738,52.957099],[36.100698,52.957091],[36.100651,52.95705],[36.100653,52.957026],[36.100927,52.956971],[36.100999,52.95698],[36.101067,52.957025]]]}},{"type":"Feature","properties":{"id":336,"area":3.995},"geometry":{"type":"Polygon","coordinates":[[[36.152178,53.01448],[36.152026,53.014557],[36.15186,53.014587],[36.151529,53.014539],[36.151477,53.014485],[36.15264,53.013848],[36.153091,53.01414],[36.152336,53.014544],[36.152178,53.01448]]]}},{"type":"Feature","properties":{"id":339,"area":0.043},"geometry":{"type":"Polygon","coordinates":[[[36.120777,52.949469],[36.12077,52.949514],[36.120645,52.949508],[36.120651,52.949463],[36.120777,52.949469]]]}},{"type":"Feature","properties":{"id":338,"area":0.081},"geometry":{"type":"Polygon","coordinates":[[[36.1025,52.956573],[36.102523,52.956589],[36.102532,52.956611],[36.102323,52.956685],[36.102294,52.956671],[36.102284,52.956651],[36.1025,52.956573]]]}},{"type":"Feature","properties":{"id":341,"area":0.124},"geometry":{"type":"Polygon","coordinates":[[[36.08075,52.98387],[36.080585,52.983819],[36.080536,52.98371],[36.080604,52.983701],[36.080717,52.983797],[36.08075,52.98387]]]}},{"type":"Feature","properties":{"id":340,"area":0.06},"geometry":{"type":"Polygon","coordinates":[[[36.080312,52.983735],[36.080478,52.983714],[36.080529,52.983804],[36.080312,52.983735]]]}},{"type":"Feature","properties":{"id":343,"area":0.469},"geometry":{"type":"Polygon","coordinates":[[[36.081438,52.987729],[36.08144,52.987845],[36.081512,52.987846],[36.081497,52.987954],[36.081244,52.987947],[36.081259,52.987651],[36.081022,52.987654],[36.081024,52.987631],[36.081347,52.987631],[36.081343,52.987728],[36.081438,52.987729]]]}},{"type":"Feature","properties":{"id":342,"area":0.054},"geometry":{"type":"Polygon","coordinates":[[[36.080765,52.983921],[36.080773,52.983942],[36.080653,52.983958],[36.080612,52.983868],[36.080765,52.983921]]]}},{"type":"Feature","properties":{"id":345,"area":3.664},"geometry":{"type":"Polygon","coordinates":[[[36.036382,52.935945],[36.037659,52.935338],[36.037944,52.935469],[36.037471,52.935571],[36.037368,52.935612],[36.036133,52.936527],[36.035846,52.936358],[36.036382,52.935945]]]}},{"type":"Feature","properties":{"id":344,"area":0.59},"geometry":{"type":"Polygon","coordinates":[[[36.081545,52.986442],[36.081584,52.986632],[36.081172,52.986668],[36.081152,52.98659],[36.081129,52.986484],[36.081545,52.986442]]]}},{"type":"Feature","properties":{"id":347,"area":0.044},"geometry":{"type":"Polygon","coordinates":[[[36.046019,52.939991],[36.046034,52.939981],[36.045986,52.939955],[36.046034,52.939924],[36.046124,52.939974],[36.04606,52.940015],[36.046019,52.939991]]]}},{"type":"Feature","properties":{"id":346,"area":0.746},"geometry":{"type":"Polygon","coordinates":[[[36.038435,52.939027],[36.038685,52.938848],[36.039011,52.939014],[36.038761,52.939193],[36.038435,52.939027]]]}},{"type":"Feature","properties":{"id":349,"area":0.064},"geometry":{"type":"Polygon","coordinates":[[[36.045432,52.939874],[36.045404,52.939857],[36.045437,52.939833],[36.045404,52.939816],[36.045498,52.939752],[36.045562,52.93979],[36.045432,52.939874]]]}},{"type":"Feature","properties":{"id":348,"area":0.057},"geometry":{"type":"Polygon","coordinates":[[[36.045618,52.939778],[36.045531,52.93973],[36.045603,52.939682],[36.04569,52.939729],[36.045618,52.939778]]]}},{"type":"Feature","properties":{"id":351,"area":0.136},"geometry":{"type":"Polygon","coordinates":[[[36.049741,52.94061],[36.049859,52.940671],[36.049763,52.940738],[36.049568,52.940632],[36.049741,52.94061]]]}},{"type":"Feature","properties":{"id":350,"area":0.495},"geometry":{"type":"Polygon","coordinates":[[[36.045791,52.940216],[36.045925,52.940291],[36.045517,52.940556],[36.045383,52.940481],[36.045791,52.940216]]]}},{"type":"Feature","properties":{"id":321,"area":2.838},"geometry":{"type":"Polygon","coordinates":[[[36.070923,52.969492],[36.070976,52.969206],[36.071064,52.96895],[36.071151,52.968767],[36.071231,52.968932],[36.071159,52.969143],[36.071038,52.969733],[36.070987,52.970158],[36.070982,52.970306],[36.071001,52.970796],[36.071062,52.971098],[36.071113,52.971211],[36.070942,52.971243],[36.070893,52.971137],[36.070848,52.970848],[36.070829,52.970169],[36.070923,52.969492]]]}},{"type":"Feature","properties":{"id":320,"area":0.314},"geometry":{"type":"Polygon","coordinates":[[[36.086288,52.970337],[36.08616,52.970254],[36.086174,52.970138],[36.086489,52.970152],[36.086396,52.97027],[36.086288,52.970337]]]}},{"type":"Feature","properties":{"id":323,"area":1.037},"geometry":{"type":"Polygon","coordinates":[[[36.071942,52.972341],[36.071776,52.972203],[36.071507,52.971976],[36.071283,52.971737],[36.071147,52.97156],[36.071574,52.971929],[36.071651,52.971939],[36.071896,52.97216],[36.072136,52.972347],[36.07241,52.972522],[36.072305,52.972591],[36.071942,52.972341]]]}},{"type":"Feature","properties":{"id":322,"area":0.339},"geometry":{"type":"Polygon","coordinates":[[[36.071568,52.971851],[36.071027,52.971401],[36.070999,52.971354],[36.071164,52.971321],[36.071252,52.971478],[36.071401,52.971675],[36.071568,52.971851]]]}},{"type":"Feature","properties":{"id":325,"area":0.858},"geometry":{"type":"Polygon","coordinates":[[[36.074273,52.973444],[36.075074,52.97377],[36.075045,52.973797],[36.075734,52.974134],[36.074819,52.973779],[36.074191,52.973523],[36.074273,52.973444]]]}},{"type":"Feature","properties":{"id":324,"area":1.37},"geometry":{"type":"Polygon","coordinates":[[[36.073411,52.973182],[36.073166,52.973061],[36.072646,52.972773],[36.072352,52.97261],[36.072448,52.972547],[36.072752,52.972724],[36.07328,52.97301],[36.073504,52.97312],[36.073742,52.973227],[36.07411,52.973374],[36.074025,52.97346],[36.073411,52.973182]]]}},{"type":"Feature","properties":{"id":327,"area":3.257},"geometry":{"type":"Polygon","coordinates":[[[36.080437,52.975099],[36.079262,52.974967],[36.07784,52.97467],[36.077,52.974479],[36.076182,52.974265],[36.076254,52.974172],[36.077774,52.974521],[36.077765,52.974538],[36.077752,52.974565],[36.077756,52.974602],[36.077781,52.974633],[36.077826,52.974654],[36.077875,52.974664],[36.077924,52.974661],[36.077965,52.974648],[36.077999,52.974626],[36.078041,52.974581],[36.080437,52.975099]]]}},{"type":"Feature","properties":{"id":326,"area":0.52},"geometry":{"type":"Polygon","coordinates":[[[36.076196,52.974156],[36.07612,52.97425],[36.07584,52.974164],[36.075858,52.974143],[36.075165,52.973807],[36.076074,52.97412],[36.076196,52.974156]]]}},{"type":"Feature","properties":{"id":329,"area":0.605},"geometry":{"type":"Polygon","coordinates":[[[36.081139,52.975367],[36.08095,52.975334],[36.081093,52.975227],[36.081572,52.975319],[36.081403,52.975479],[36.081105,52.9754],[36.081139,52.975367]]]}},{"type":"Feature","properties":{"id":328,"area":0.629},"geometry":{"type":"Polygon","coordinates":[[[36.07968,52.975062],[36.080553,52.975159],[36.081039,52.975214],[36.080878,52.97532],[36.07968,52.975062]]]}},{"type":"Feature","properties":{"id":331,"area":1.324},"geometry":{"type":"Polygon","coordinates":[[[36.161075,53.017044],[36.160982,53.017023],[36.160794,53.016832],[36.160782,53.016804],[36.16081,53.016745],[36.160958,53.016628],[36.161466,53.016354],[36.161445,53.0164],[36.161414,53.016439],[36.16134,53.016497],[36.161013,53.016673],[36.161429,53.016971],[36.161417,53.017001],[36.16138,53.017018],[36.161167,53.017045],[36.161075,53.017044]]]}},{"type":"Feature","properties":{"id":330,"area":0.886},"geometry":{"type":"Polygon","coordinates":[[[36.162191,53.01677],[36.162203,53.016799],[36.162187,53.016841],[36.162126,53.01687],[36.161768,53.016735],[36.161597,53.016611],[36.161605,53.016461],[36.161621,53.01642],[36.161674,53.016415],[36.162191,53.01677]]]}},{"type":"Feature","properties":{"id":333,"area":0.987},"geometry":{"type":"Polygon","coordinates":[[[36.161687,53.016028],[36.161627,53.016063],[36.160553,53.015335],[36.160485,53.015368],[36.160347,53.015274],[36.160429,53.015224],[36.160515,53.015206],[36.160576,53.015229],[36.161687,53.016028]]]}},{"type":"Feature","properties":{"id":332,"area":0.026},"geometry":{"type":"Polygon","coordinates":[[[36.161662,53.016978],[36.161646,53.016965],[36.161881,53.016923],[36.161878,53.016939],[36.161662,53.016978]]]}},{"type":"Feature","properties":{"id":335,"area":6.806},"geometry":{"type":"Polygon","coordinates":[[[36.158204,53.015212],[36.158168,53.015359],[36.157943,53.015391],[36.157956,53.015223],[36.157985,53.015024],[36.157958,53.014971],[36.157861,53.01492],[36.157723,53.014921],[36.157633,53.01495],[36.157356,53.014745],[36.157607,53.01457],[36.157553,53.014197],[36.157604,53.01399],[36.157371,53.013811],[36.157526,53.01372],[36.157653,53.01372],[36.157935,53.013904],[36.157918,53.01403],[36.157769,53.014127],[36.157752,53.014318],[36.157851,53.014385],[36.157846,53.014586],[36.15774,53.014665],[36.157553,53.014755],[36.157661,53.014826],[36.157831,53.014741],[36.15798,53.014851],[36.158747,53.014846],[36.158749,53.014768],[36.158833,53.014767],[36.159294,53.014798],[36.159456,53.014927],[36.159497,53.015025],[36.15972,53.015177],[36.159896,53.015243],[36.159965,53.015279],[36.159973,53.015317],[36.159957,53.015353],[36.159501,53.015058],[36.15946,53.015046],[36.158395,53.015227],[36.158377,53.015212],[36.158204,53.015212]]]}},{"type":"Feature","properties":{"id":334,"area":4.132},"geometry":{"type":"Polygon","coordinates":[[[36.161823,53.016262],[36.161791,53.01622],[36.161788,53.016139],[36.16203,53.015988],[36.162073,53.015988],[36.16303,53.016647],[36.163387,53.016887],[36.163432,53.016922],[36.163213,53.016936],[36.162985,53.01703],[36.161823,53.016262]]]}},{"type":"Feature","properties":{"id":369,"area":0.178},"geometry":{"type":"Polygon","coordinates":[[[36.06015,52.972955],[36.060253,52.973031],[36.060066,52.973123],[36.059962,52.973047],[36.06015,52.972955]]]}},{"type":"Feature","properties":{"id":368,"area":0.774},"geometry":{"type":"Polygon","coordinates":[[[36.066069,52.97064],[36.065451,52.970968],[36.065338,52.97088],[36.065777,52.970671],[36.065693,52.970603],[36.065895,52.970503],[36.066069,52.97064]]]}},{"type":"Feature","properties":{"id":371,"area":0.887},"geometry":{"type":"Polygon","coordinates":[[[36.063523,52.965961],[36.06333,52.965939],[36.063214,52.965242],[36.063383,52.965251],[36.063458,52.965624],[36.063381,52.965633],[36.063402,52.96579],[36.063566,52.965793],[36.063523,52.965961]]]}},{"type":"Feature","properties":{"id":370,"area":0.178},"geometry":{"type":"Polygon","coordinates":[[[36.060063,52.972892],[36.059876,52.972985],[36.059773,52.972908],[36.05996,52.972816],[36.060063,52.972892]]]}},{"type":"Feature","properties":{"id":373,"area":0.559},"geometry":{"type":"Polygon","coordinates":[[[36.068305,52.939874],[36.068252,52.939877],[36.06808,52.93973],[36.067887,52.939602],[36.067876,52.939578],[36.067905,52.939568],[36.068334,52.939639],[36.06836,52.93966],[36.068378,52.939689],[36.068376,52.939726],[36.068334,52.939852],[36.068305,52.939874]]]}},{"type":"Feature","properties":{"id":372,"area":0.809},"geometry":{"type":"Polygon","coordinates":[[[36.068918,52.939985],[36.068914,52.940031],[36.06889,52.940071],[36.068837,52.940103],[36.068738,52.940123],[36.06867,52.940119],[36.068586,52.940094],[36.06849,52.940036],[36.068456,52.940001],[36.068438,52.939967],[36.068442,52.939913],[36.06848,52.939867],[36.068544,52.939839],[36.068627,52.939826],[36.068713,52.939831],[36.06878,52.939848],[36.068844,52.939882],[36.068902,52.939944],[36.068918,52.939985]]]}},{"type":"Feature","properties":{"id":375,"area":0.45},"geometry":{"type":"Polygon","coordinates":[[[36.033897,52.962564],[36.033979,52.962609],[36.034089,52.962642],[36.034192,52.96266],[36.034276,52.962667],[36.034062,52.962794],[36.033881,52.962907],[36.033881,52.96274],[36.033897,52.962564]]]}},{"type":"Feature","properties":{"id":374,"area":0.223},"geometry":{"type":"Polygon","coordinates":[[[36.086638,52.963045],[36.087098,52.963144],[36.087057,52.963202],[36.086599,52.963099],[36.086638,52.963045]]]}},{"type":"Feature","properties":{"id":377,"area":1.43},"geometry":{"type":"Polygon","coordinates":[[[36.035005,52.99202],[36.034962,52.991978],[36.034962,52.991936],[36.03536,52.991546],[36.035418,52.99153],[36.0355,52.991539],[36.035571,52.991564],[36.035626,52.991609],[36.035635,52.991664],[36.035617,52.99171],[36.035278,52.992039],[36.035221,52.992055],[36.035141,52.992061],[36.035068,52.99205],[36.035005,52.99202]]]}},{"type":"Feature","properties":{"id":376,"area":0.159},"geometry":{"type":"Polygon","coordinates":[[[36.107907,52.97787],[36.107937,52.977872],[36.107977,52.977867],[36.108014,52.977851],[36.108128,52.977894],[36.108034,52.978005],[36.107854,52.977889],[36.107888,52.977866],[36.107907,52.97787]]]}},{"type":"Feature","properties":{"id":379,"area":0.242},"geometry":{"type":"Polygon","coordinates":[[[36.124817,52.990651],[36.124785,52.990671],[36.123977,52.990122],[36.124009,52.990104],[36.124817,52.990651]]]}},{"type":"Feature","properties":{"id":378,"area":0.166},"geometry":{"type":"Polygon","coordinates":[[[36.123726,52.989822],[36.123823,52.989978],[36.123967,52.990078],[36.123936,52.990096],[36.123575,52.989839],[36.123726,52.989822]]]}},{"type":"Feature","properties":{"id":381,"area":0.107},"geometry":{"type":"Polygon","coordinates":[[[36.12466,52.990459],[36.124441,52.990303],[36.1245,52.990276],[36.124592,52.990344],[36.124647,52.990328],[36.12466,52.990459]]]}},{"type":"Feature","properties":{"id":380,"area":0.107},"geometry":{"type":"Polygon","coordinates":[[[36.12418,52.990007],[36.124194,52.990138],[36.123974,52.989982],[36.124033,52.989955],[36.124125,52.990023],[36.12418,52.990007]]]}},{"type":"Feature","properties":{"id":383,"area":0.203},"geometry":{"type":"Polygon","coordinates":[[[36.156073,53.008713],[36.155905,53.008802],[36.155817,53.008742],[36.156038,53.008625],[36.156182,53.008723],[36.15613,53.008751],[36.156073,53.008713]]]}},{"type":"Feature","properties":{"id":382,"area":0.427},"geometry":{"type":"Polygon","coordinates":[[[36.054187,52.949957],[36.054287,52.949961],[36.054377,52.949992],[36.054485,52.950052],[36.053966,52.950138],[36.053916,52.95008],[36.053982,52.950024],[36.054187,52.949957]]]}},{"type":"Feature","properties":{"id":353,"area":0.563},"geometry":{"type":"Polygon","coordinates":[[[36.049039,52.940464],[36.049058,52.940396],[36.049089,52.940331],[36.049165,52.940287],[36.049201,52.940309],[36.049304,52.940458],[36.049411,52.940614],[36.049279,52.94062],[36.049117,52.940613],[36.049074,52.940583],[36.04905,52.940523],[36.049039,52.940464]]]}},{"type":"Feature","properties":{"id":352,"area":0.18},"geometry":{"type":"Polygon","coordinates":[[[36.049509,52.940604],[36.04934,52.94038],[36.049597,52.940523],[36.04971,52.940586],[36.049509,52.940604]]]}},{"type":"Feature","properties":{"id":355,"area":10.953},"geometry":{"type":"Polygon","coordinates":[[[36.04456,52.939734],[36.043999,52.940121],[36.043808,52.940007],[36.043968,52.93989],[36.043513,52.939629],[36.040977,52.93823],[36.04131,52.938008],[36.044394,52.939638],[36.04456,52.939734]],[[36.043697,52.939651],[36.043513,52.939629],[36.044258,52.939725],[36.043697,52.939651]]]}},{"type":"Feature","properties":{"id":354,"area":0.208},"geometry":{"type":"Polygon","coordinates":[[[36.049447,52.940652],[36.049592,52.940743],[36.049385,52.940773],[36.049164,52.940649],[36.04929,52.940658],[36.049447,52.940652]]]}},{"type":"Feature","properties":{"id":357,"area":1.113},"geometry":{"type":"Polygon","coordinates":[[[36.037002,52.93455],[36.037526,52.93486],[36.037207,52.935104],[36.037004,52.934997],[36.037048,52.934916],[36.037002,52.93455]]]}},{"type":"Feature","properties":{"id":356,"area":2.85},"geometry":{"type":"Polygon","coordinates":[[[36.038909,52.938284],[36.038797,52.938408],[36.037836,52.937878],[36.038306,52.937561],[36.038528,52.937629],[36.038834,52.937776],[36.038459,52.938061],[36.038909,52.938284]]]}},{"type":"Feature","properties":{"id":359,"area":0.592},"geometry":{"type":"Polygon","coordinates":[[[36.049458,52.941341],[36.04904,52.941389],[36.048596,52.941469],[36.048507,52.941419],[36.048578,52.941379],[36.048958,52.941293],[36.049137,52.941282],[36.049304,52.941291],[36.049395,52.941311],[36.049458,52.941341]]]}},{"type":"Feature","properties":{"id":358,"area":1.736},"geometry":{"type":"Polygon","coordinates":[[[36.036845,52.934666],[36.036052,52.934216],[36.036088,52.934121],[36.036203,52.934094],[36.036935,52.9345],[36.036982,52.934911],[36.036942,52.934969],[36.036748,52.93486],[36.036772,52.934844],[36.036669,52.934788],[36.036845,52.934666]]]}},{"type":"Feature","properties":{"id":361,"area":0.341},"geometry":{"type":"Polygon","coordinates":[[[36.090136,52.993063],[36.090107,52.993067],[36.090087,52.993056],[36.090018,52.992923],[36.09002,52.992855],[36.090078,52.992807],[36.090184,52.992791],[36.090255,52.992804],[36.090282,52.992837],[36.090136,52.993063]]]}},{"type":"Feature","properties":{"id":360,"area":0.727},"geometry":{"type":"Polygon","coordinates":[[[36.038331,52.979861],[36.037971,52.97972],[36.037928,52.97968],[36.037902,52.979632],[36.037928,52.979573],[36.037963,52.979555],[36.038584,52.979794],[36.038595,52.979815],[36.038567,52.979847],[36.03853,52.97987],[36.038436,52.979879],[36.038331,52.979861]]]}},{"type":"Feature","properties":{"id":363,"area":3.375},"geometry":{"type":"Polygon","coordinates":[[[36.054603,52.9447],[36.054447,52.944781],[36.052182,52.943145],[36.052338,52.943053],[36.054603,52.9447]]]}},{"type":"Feature","properties":{"id":362,"area":0.36},"geometry":{"type":"Polygon","coordinates":[[[36.048842,52.940455],[36.048866,52.940397],[36.048908,52.940341],[36.049003,52.94026],[36.049129,52.94019],[36.049168,52.940216],[36.049053,52.940317],[36.049019,52.940378],[36.048994,52.940464],[36.048999,52.940525],[36.049023,52.940566],[36.049009,52.940595],[36.048872,52.940519],[36.048821,52.940555],[36.048831,52.940505],[36.048842,52.940455]]]}},{"type":"Feature","properties":{"id":365,"area":0.563},"geometry":{"type":"Polygon","coordinates":[[[36.055981,52.946121],[36.055847,52.946183],[36.055498,52.945916],[36.055675,52.945829],[36.055981,52.946073],[36.055981,52.946121]]]}},{"type":"Feature","properties":{"id":364,"area":0.423},"geometry":{"type":"Polygon","coordinates":[[[36.060966,52.955186],[36.060813,52.95506],[36.061105,52.954928],[36.061135,52.954925],[36.06116,52.954932],[36.061231,52.954981],[36.061251,52.954997],[36.061249,52.955018],[36.060966,52.955186]]]}},{"type":"Feature","properties":{"id":367,"area":0.267},"geometry":{"type":"Polygon","coordinates":[[[36.064959,52.970033],[36.064508,52.970251],[36.064441,52.970201],[36.06488,52.969993],[36.064959,52.970033]]]}},{"type":"Feature","properties":{"id":366,"area":0.543},"geometry":{"type":"Polygon","coordinates":[[[36.055214,52.945473],[36.05553,52.945717],[36.055353,52.945806],[36.055029,52.945561],[36.055214,52.945473]]]}},{"type":"Feature","properties":{"id":273,"area":2.863},"geometry":{"type":"Polygon","coordinates":[[[36.048332,52.971669],[36.048453,52.971587],[36.049046,52.971456],[36.049185,52.971483],[36.049411,52.971822],[36.048544,52.972026],[36.048332,52.971669]]]}},{"type":"Feature","properties":{"id":272,"area":0.901},"geometry":{"type":"Polygon","coordinates":[[[36.061751,52.972311],[36.060911,52.972718],[36.060795,52.972631],[36.061635,52.972224],[36.061751,52.972311]]]}},{"type":"Feature","properties":{"id":275,"area":1.124},"geometry":{"type":"Polygon","coordinates":[[[36.051729,52.972992],[36.051576,52.97288],[36.050412,52.973405],[36.050377,52.973376],[36.050442,52.973291],[36.051796,52.972721],[36.051885,52.972922],[36.051729,52.972992]]]}},{"type":"Feature","properties":{"id":274,"area":1.086},"geometry":{"type":"Polygon","coordinates":[[[36.047478,52.971599],[36.047529,52.971563],[36.04778,52.971498],[36.048216,52.972164],[36.048164,52.972178],[36.047478,52.971599]]]}},{"type":"Feature","properties":{"id":277,"area":0.039},"geometry":{"type":"Polygon","coordinates":[[[36.109492,52.978093],[36.109485,52.978083],[36.109483,52.978072],[36.109487,52.978062],[36.109497,52.978053],[36.10951,52.978046],[36.109527,52.978043],[36.109544,52.978043],[36.10956,52.978046],[36.109574,52.978052],[36.109584,52.978061],[36.109588,52.978071],[36.109587,52.978081],[36.109581,52.978091],[36.10957,52.978099],[36.109555,52.978104],[36.109538,52.978106],[36.109521,52.978105],[36.109505,52.9781],[36.109492,52.978093]]]}},{"type":"Feature","properties":{"id":276,"area":0.039},"geometry":{"type":"Polygon","coordinates":[[[36.109023,52.978578],[36.109011,52.97857],[36.109003,52.97856],[36.109001,52.97855],[36.109006,52.978539],[36.109015,52.97853],[36.109029,52.978524],[36.109045,52.97852],[36.109063,52.97852],[36.109079,52.978524],[36.109093,52.97853],[36.109102,52.978538],[36.109107,52.978548],[36.109106,52.978559],[36.109099,52.978568],[36.109088,52.978576],[36.109073,52.978582],[36.109056,52.978584],[36.109039,52.978582],[36.109023,52.978578]]]}},{"type":"Feature","properties":{"id":279,"area":0.131},"geometry":{"type":"Polygon","coordinates":[[[36.11062,52.978988],[36.110661,52.979003],[36.11035,52.979318],[36.110309,52.979303],[36.11062,52.978988]]]}},{"type":"Feature","properties":{"id":278,"area":0.617},"geometry":{"type":"Polygon","coordinates":[[[36.112649,52.978796],[36.11313,52.978278],[36.113208,52.978305],[36.113063,52.978448],[36.113133,52.978477],[36.112781,52.978847],[36.112649,52.978796]]]}},{"type":"Feature","properties":{"id":281,"area":0.161},"geometry":{"type":"Polygon","coordinates":[[[36.062557,52.970948],[36.062293,52.971072],[36.062227,52.971022],[36.062491,52.970898],[36.062557,52.970948]]]}},{"type":"Feature","properties":{"id":280,"area":0.131},"geometry":{"type":"Polygon","coordinates":[[[36.111275,52.978396],[36.110964,52.97871],[36.110923,52.978696],[36.111234,52.978381],[36.111275,52.978396]]]}},{"type":"Feature","properties":{"id":283,"area":0.531},"geometry":{"type":"Polygon","coordinates":[[[36.069528,52.968708],[36.06962,52.96859],[36.069765,52.968628],[36.069676,52.968762],[36.069651,52.968784],[36.06963,52.968796],[36.069603,52.968805],[36.069563,52.968817],[36.069511,52.968824],[36.069463,52.968823],[36.069416,52.968816],[36.069384,52.968806],[36.069355,52.968791],[36.06933,52.968773],[36.069217,52.968642],[36.069363,52.968596],[36.069462,52.968708],[36.069478,52.968715],[36.069497,52.968718],[36.069513,52.968715],[36.069528,52.968708]]]}},{"type":"Feature","properties":{"id":282,"area":0.161},"geometry":{"type":"Polygon","coordinates":[[[36.06362,52.972048],[36.063554,52.971997],[36.063818,52.971873],[36.063883,52.971924],[36.06362,52.972048]]]}},{"type":"Feature","properties":{"id":285,"area":0.278},"geometry":{"type":"Polygon","coordinates":[[[36.069922,52.968336],[36.069971,52.968333],[36.069796,52.968584],[36.069659,52.968544],[36.069797,52.968344],[36.069922,52.968336]]]}},{"type":"Feature","properties":{"id":284,"area":0.376},"geometry":{"type":"Polygon","coordinates":[[[36.069165,52.968278],[36.069175,52.968325],[36.069141,52.968329],[36.069326,52.968554],[36.069184,52.968599],[36.068975,52.968344],[36.068977,52.968315],[36.069165,52.968278]]]}},{"type":"Feature","properties":{"id":287,"area":0.73},"geometry":{"type":"Polygon","coordinates":[[[36.071762,52.966027],[36.071112,52.966803],[36.071014,52.966771],[36.071664,52.965993],[36.071762,52.966027]]]}},{"type":"Feature","properties":{"id":286,"area":1.091},"geometry":{"type":"Polygon","coordinates":[[[36.070066,52.968038],[36.07098,52.966812],[36.071083,52.966841],[36.070163,52.968062],[36.070066,52.968038]]]}},{"type":"Feature","properties":{"id":257,"area":0.085},"geometry":{"type":"Polygon","coordinates":[[[36.063249,52.970483],[36.063212,52.97049],[36.063158,52.970447],[36.063231,52.970407],[36.063258,52.970405],[36.063283,52.970412],[36.06337,52.970474],[36.06332,52.970497],[36.063287,52.970486],[36.063249,52.970483]]]}},{"type":"Feature","properties":{"id":256,"area":0.085},"geometry":{"type":"Polygon","coordinates":[[[36.063011,52.970527],[36.063021,52.970511],[36.0631,52.970476],[36.06316,52.970517],[36.06314,52.970537],[36.063137,52.97056],[36.063149,52.970582],[36.063101,52.970606],[36.063017,52.970542],[36.063011,52.970527]]]}},{"type":"Feature","properties":{"id":259,"area":0.085},"geometry":{"type":"Polygon","coordinates":[[[36.064697,52.971645],[36.064623,52.971685],[36.064596,52.971687],[36.064572,52.97168],[36.064485,52.971619],[36.064534,52.971595],[36.064567,52.971606],[36.064605,52.971609],[36.064642,52.971602],[36.064697,52.971645]]]}},{"type":"Feature","properties":{"id":258,"area":0.085},"geometry":{"type":"Polygon","coordinates":[[[36.064759,52.971614],[36.064699,52.971574],[36.064718,52.971553],[36.064721,52.97153],[36.064709,52.971509],[36.064758,52.971484],[36.064841,52.971547],[36.064847,52.971563],[36.064838,52.971578],[36.064759,52.971614]]]}},{"type":"Feature","properties":{"id":261,"area":0.437},"geometry":{"type":"Polygon","coordinates":[[[36.063649,52.971007],[36.063145,52.970636],[36.063189,52.970613],[36.063217,52.970624],[36.063254,52.970626],[36.063286,52.970619],[36.063745,52.97096],[36.063649,52.971007]]]}},{"type":"Feature","properties":{"id":260,"area":0.437},"geometry":{"type":"Polygon","coordinates":[[[36.063408,52.970508],[36.063913,52.970879],[36.063818,52.970927],[36.063352,52.970589],[36.063371,52.970571],[36.063375,52.970549],[36.063362,52.97053],[36.063408,52.970508]]]}},{"type":"Feature","properties":{"id":263,"area":0.437},"geometry":{"type":"Polygon","coordinates":[[[36.064659,52.971473],[36.064631,52.971461],[36.064594,52.971459],[36.064562,52.971467],[36.064103,52.971125],[36.064199,52.971079],[36.064704,52.971449],[36.064659,52.971473]]]}},{"type":"Feature","properties":{"id":262,"area":0.437},"geometry":{"type":"Polygon","coordinates":[[[36.064028,52.971161],[36.064494,52.971499],[36.064475,52.971516],[36.064471,52.971538],[36.064484,52.971557],[36.064437,52.971579],[36.063933,52.971208],[36.064028,52.971161]]]}},{"type":"Feature","properties":{"id":265,"area":0.191},"geometry":{"type":"Polygon","coordinates":[[[36.064168,52.970336],[36.064322,52.970256],[36.064403,52.970312],[36.064336,52.970348],[36.064434,52.970416],[36.064348,52.970461],[36.064168,52.970336]]]}},{"type":"Feature","properties":{"id":264,"area":0.232},"geometry":{"type":"Polygon","coordinates":[[[36.065166,52.970961],[36.065235,52.970926],[36.065314,52.970983],[36.065156,52.971063],[36.064931,52.970902],[36.06502,52.970857],[36.065166,52.970961]]]}},{"type":"Feature","properties":{"id":267,"area":1.823},"geometry":{"type":"Polygon","coordinates":[[[36.06148,52.972767],[36.060854,52.97308],[36.061,52.973186],[36.060817,52.973277],[36.060459,52.973015],[36.061267,52.972612],[36.06148,52.972767]]]}},{"type":"Feature","properties":{"id":266,"area":2.913},"geometry":{"type":"Polygon","coordinates":[[[36.065185,52.969087],[36.065088,52.968779],[36.065162,52.968774],[36.065159,52.968724],[36.065564,52.968692],[36.065597,52.968829],[36.065943,52.968804],[36.065948,52.968833],[36.065983,52.968972],[36.065977,52.969097],[36.065923,52.969181],[36.065594,52.969345],[36.065564,52.969344],[36.065185,52.969087]]]}},{"type":"Feature","properties":{"id":269,"area":0.025},"geometry":{"type":"Polygon","coordinates":[[[36.064639,52.97154],[36.064633,52.971548],[36.064622,52.971554],[36.064609,52.971558],[36.064595,52.971559],[36.06458,52.971557],[36.064568,52.971552],[36.06456,52.971545],[36.064556,52.971538],[36.064556,52.97153],[36.064559,52.971522],[36.064567,52.971516],[36.064578,52.971511],[36.06459,52.971508],[36.064604,52.971508],[36.064616,52.97151],[36.064627,52.971515],[36.064636,52.971522],[36.06464,52.971531],[36.064639,52.97154]]]}},{"type":"Feature","properties":{"id":268,"area":0.434},"geometry":{"type":"Polygon","coordinates":[[[36.059662,52.973369],[36.05958,52.973373],[36.059435,52.973447],[36.05938,52.973407],[36.059492,52.973352],[36.059434,52.97331],[36.059731,52.973156],[36.059877,52.973261],[36.059662,52.973369]]]}},{"type":"Feature","properties":{"id":271,"area":0.438},"geometry":{"type":"Polygon","coordinates":[[[36.06082,52.972765],[36.060421,52.972967],[36.060301,52.97288],[36.0607,52.972679],[36.06082,52.972765]]]}},{"type":"Feature","properties":{"id":270,"area":0.025},"geometry":{"type":"Polygon","coordinates":[[[36.063286,52.970569],[36.063276,52.970576],[36.063263,52.970579],[36.063248,52.97058],[36.063234,52.970578],[36.063222,52.970573],[36.063214,52.970567],[36.063209,52.970559],[36.063209,52.970551],[36.063213,52.970544],[36.063221,52.970537],[36.063231,52.970532],[36.063244,52.97053],[36.063257,52.97053],[36.06327,52.970532],[36.063281,52.970537],[36.063289,52.970544],[36.063293,52.970552],[36.063292,52.970561],[36.063286,52.970569]]]}},{"type":"Feature","properties":{"id":305,"area":1.799},"geometry":{"type":"Polygon","coordinates":[[[36.109639,52.985112],[36.109501,52.985023],[36.109726,52.984829],[36.110186,52.985004],[36.11014,52.985048],[36.110106,52.985053],[36.109911,52.985239],[36.109872,52.985224],[36.10978,52.985314],[36.109858,52.98535],[36.109421,52.985761],[36.109294,52.985708],[36.109669,52.985342],[36.109612,52.985313],[36.10978,52.9852],[36.109639,52.985112]]]}},{"type":"Feature","properties":{"id":304,"area":1.622},"geometry":{"type":"Polygon","coordinates":[[[36.109273,52.98516],[36.108942,52.984924],[36.108685,52.9849],[36.109193,52.98469],[36.109343,52.984693],[36.109671,52.984807],[36.109273,52.98516]]]}},{"type":"Feature","properties":{"id":307,"area":0.946},"geometry":{"type":"Polygon","coordinates":[[[36.109613,52.984537],[36.109752,52.984486],[36.110564,52.984772],[36.110447,52.984823],[36.110322,52.984831],[36.110228,52.984818],[36.109615,52.984595],[36.109613,52.984537]]]}},{"type":"Feature","properties":{"id":306,"area":0.165},"geometry":{"type":"Polygon","coordinates":[[[36.110251,52.985025],[36.110647,52.985146],[36.110607,52.98519],[36.110211,52.985069],[36.110251,52.985025]]]}},{"type":"Feature","properties":{"id":309,"area":2.586},"geometry":{"type":"Polygon","coordinates":[[[36.112804,52.985408],[36.112847,52.985305],[36.116663,52.986063],[36.116681,52.986099],[36.116658,52.986146],[36.116582,52.986147],[36.116291,52.986078],[36.115611,52.985926],[36.112804,52.985408]]]}},{"type":"Feature","properties":{"id":308,"area":2.011},"geometry":{"type":"Polygon","coordinates":[[[36.112715,52.985394],[36.111667,52.98521],[36.111097,52.985091],[36.111033,52.985055],[36.111003,52.985004],[36.111024,52.984939],[36.111087,52.984872],[36.111199,52.984778],[36.111379,52.984785],[36.111372,52.984844],[36.111407,52.984966],[36.111514,52.98507],[36.112761,52.985282],[36.112715,52.985394]]]}},{"type":"Feature","properties":{"id":311,"area":0.661},"geometry":{"type":"Polygon","coordinates":[[[36.137495,53.000037],[36.137167,52.999814],[36.137094,52.999831],[36.136966,52.999894],[36.136919,52.999888],[36.136824,52.999818],[36.136828,52.999793],[36.137013,52.999697],[36.137087,52.999691],[36.137153,52.999702],[36.137658,53.000038],[36.137495,53.000037]]]}},{"type":"Feature","properties":{"id":310,"area":0.291},"geometry":{"type":"Polygon","coordinates":[[[36.139351,53.000863],[36.139625,53.001027],[36.139695,53.001116],[36.139662,53.001179],[36.1393,53.00092],[36.139316,53.00088],[36.139351,53.000863]]]}},{"type":"Feature","properties":{"id":313,"area":0.675},"geometry":{"type":"Polygon","coordinates":[[[36.145889,53.004648],[36.145862,53.004694],[36.145702,53.004774],[36.145258,53.004717],[36.14557,53.004549],[36.14573,53.004538],[36.145885,53.004613],[36.145889,53.004648]]]}},{"type":"Feature","properties":{"id":312,"area":0.768},"geometry":{"type":"Polygon","coordinates":[[[36.127764,52.99291],[36.127862,52.992932],[36.128236,52.993196],[36.128203,52.993226],[36.127986,52.99324],[36.127519,52.992926],[36.127547,52.992904],[36.127764,52.99291]]]}},{"type":"Feature","properties":{"id":315,"area":0.032},"geometry":{"type":"Polygon","coordinates":[[[36.142882,53.002606],[36.142847,53.002578],[36.142916,53.002544],[36.142967,53.002582],[36.142928,53.002605],[36.142882,53.002606]]]}},{"type":"Feature","properties":{"id":314,"area":1.63},"geometry":{"type":"Polygon","coordinates":[[[36.146324,53.004924],[36.146074,53.004957],[36.145332,53.004849],[36.145198,53.004774],[36.146088,53.004893],[36.146352,53.004851],[36.146541,53.004753],[36.146717,53.004873],[36.146814,53.004829],[36.147025,53.004993],[36.146677,53.00517],[36.146324,53.004924]]]}},{"type":"Feature","properties":{"id":317,"area":0.212},"geometry":{"type":"Polygon","coordinates":[[[36.141538,53.003299],[36.141775,53.003452],[36.141455,53.003484],[36.141538,53.003299]]]}},{"type":"Feature","properties":{"id":316,"area":0.032},"geometry":{"type":"Polygon","coordinates":[[[36.142394,53.002804],[36.142463,53.00277],[36.142514,53.002807],[36.142474,53.002831],[36.142429,53.002831],[36.142394,53.002804]]]}},{"type":"Feature","properties":{"id":319,"area":0.609},"geometry":{"type":"Polygon","coordinates":[[[36.0859,52.96983],[36.085571,52.969869],[36.085588,52.969603],[36.085933,52.96961],[36.0859,52.96983]]]}},{"type":"Feature","properties":{"id":318,"area":0.889},"geometry":{"type":"Polygon","coordinates":[[[36.085897,52.970047],[36.085864,52.970396],[36.085548,52.970377],[36.085567,52.969997],[36.085897,52.970047]]]}},{"type":"Feature","properties":{"id":289,"area":1.777},"geometry":{"type":"Polygon","coordinates":[[[36.068957,52.968258],[36.068896,52.968266],[36.06887,52.968183],[36.068833,52.968018],[36.068872,52.966516],[36.069008,52.966518],[36.068962,52.967939],[36.069062,52.968106],[36.068957,52.968258]]]}},{"type":"Feature","properties":{"id":288,"area":0.686},"geometry":{"type":"Polygon","coordinates":[[[36.068896,52.965951],[36.06888,52.965793],[36.06901,52.965776],[36.069028,52.965944],[36.06901,52.966464],[36.06887,52.966463],[36.068896,52.965951]]]}},{"type":"Feature","properties":{"id":291,"area":0.044},"geometry":{"type":"Polygon","coordinates":[[[36.069276,52.968329],[36.069226,52.968321],[36.06922,52.968274],[36.069348,52.968273],[36.069351,52.968305],[36.069276,52.968329]]]}},{"type":"Feature","properties":{"id":290,"area":0.056},"geometry":{"type":"Polygon","coordinates":[[[36.069086,52.968145],[36.069137,52.968244],[36.069,52.968272],[36.069086,52.968145]]]}},{"type":"Feature","properties":{"id":293,"area":0.065},"geometry":{"type":"Polygon","coordinates":[[[36.071469,52.968475],[36.071402,52.968566],[36.071375,52.96863],[36.071359,52.968552],[36.071424,52.968457],[36.071527,52.968408],[36.071469,52.968475]]]}},{"type":"Feature","properties":{"id":292,"area":0.046},"geometry":{"type":"Polygon","coordinates":[[[36.069641,52.96827],[36.069709,52.96824],[36.069747,52.968241],[36.069648,52.968322],[36.069572,52.968296],[36.069572,52.968272],[36.069641,52.96827]]]}},{"type":"Feature","properties":{"id":295,"area":4.21},"geometry":{"type":"Polygon","coordinates":[[[36.073882,52.965793],[36.073733,52.966156],[36.073478,52.966358],[36.073209,52.966256],[36.07511,52.964214],[36.075379,52.964312],[36.075216,52.964478],[36.074646,52.964911],[36.074299,52.965305],[36.073882,52.965793]]]}},{"type":"Feature","properties":{"id":294,"area":0.705},"geometry":{"type":"Polygon","coordinates":[[[36.073191,52.966583],[36.072564,52.967248],[36.072895,52.966797],[36.072769,52.966757],[36.073024,52.966461],[36.073179,52.966515],[36.073152,52.966564],[36.073191,52.966583]]]}},{"type":"Feature","properties":{"id":297,"area":0.437},"geometry":{"type":"Polygon","coordinates":[[[36.023547,52.925638],[36.023598,52.925684],[36.023589,52.925748],[36.023563,52.92577],[36.023513,52.92577],[36.022844,52.925607],[36.023476,52.925622],[36.023547,52.925638]]]}},{"type":"Feature","properties":{"id":296,"area":0.528},"geometry":{"type":"Polygon","coordinates":[[[36.022456,52.92594],[36.02243,52.925896],[36.022432,52.925846],[36.022475,52.925796],[36.022532,52.92576],[36.022582,52.925743],[36.022717,52.925731],[36.022841,52.925733],[36.022635,52.925856],[36.02262,52.925887],[36.022653,52.925919],[36.022778,52.925998],[36.022768,52.926036],[36.0227,52.926081],[36.022456,52.92594]]]}},{"type":"Feature","properties":{"id":299,"area":0.086},"geometry":{"type":"Polygon","coordinates":[[[36.023754,52.926064],[36.023788,52.926091],[36.023589,52.9263],[36.023559,52.926279],[36.023754,52.926064]]]}},{"type":"Feature","properties":{"id":298,"area":0.024},"geometry":{"type":"Polygon","coordinates":[[[36.023567,52.925879],[36.023427,52.925862],[36.023439,52.925841],[36.023574,52.925855],[36.023567,52.925879]]]}},{"type":"Feature","properties":{"id":301,"area":0.322},"geometry":{"type":"Polygon","coordinates":[[[36.024042,52.926713],[36.023501,52.926533],[36.023406,52.92648],[36.023404,52.926447],[36.023459,52.926413],[36.02352,52.926414],[36.024042,52.926713]]]}},{"type":"Feature","properties":{"id":300,"area":0.252},"geometry":{"type":"Polygon","coordinates":[[[36.023251,52.926398],[36.022907,52.926203],[36.023137,52.926186],[36.023249,52.92625],[36.023251,52.926398]]]}},{"type":"Feature","properties":{"id":303,"area":0.574},"geometry":{"type":"Polygon","coordinates":[[[36.022325,52.925735],[36.022265,52.925725],[36.021966,52.925607],[36.021844,52.925564],[36.021808,52.925543],[36.021806,52.925523],[36.021835,52.925508],[36.02236,52.925566],[36.022415,52.925589],[36.022456,52.925622],[36.022465,52.925657],[36.02245,52.925687],[36.022424,52.925716],[36.022378,52.925732],[36.022325,52.925735]]]}},{"type":"Feature","properties":{"id":302,"area":0.057},"geometry":{"type":"Polygon","coordinates":[[[36.024178,52.926645],[36.02439,52.926512],[36.024419,52.926529],[36.024207,52.926662],[36.024178,52.926645]]]}},{"type":"Feature","properties":{"id":721,"area":47.387},"geometry":{"type":"Polygon","coordinates":[[[35.996399,52.922088],[35.998651,52.921476],[35.999261,52.921069],[36.000212,52.920985],[36.00192,52.921015],[36.00444,52.921142],[36.00527,52.921275],[36.005685,52.921476],[36.007522,52.921716],[36.007766,52.921809],[36.007668,52.922025],[36.006538,52.921917],[36.003741,52.921765],[36.002286,52.921721],[36.000245,52.921809],[35.996456,52.922221],[35.996399,52.922088]]]}},{"type":"Feature","properties":{"id":720,"area":1.245},"geometry":{"type":"Polygon","coordinates":[[[35.97402,52.933775],[35.974037,52.933739],[35.979412,52.935279],[35.979509,52.935328],[35.97402,52.933775]]]}},{"type":"Feature","properties":{"id":723,"area":22.042},"geometry":{"type":"Polygon","coordinates":[[[36.130641,53.006513],[36.130544,53.006349],[36.130834,53.006094],[36.130936,53.005803],[36.130936,53.005755],[36.130577,53.005529],[36.130426,53.005287],[36.129815,53.004903],[36.129528,53.00447],[36.129572,53.004408],[36.129654,53.00438],[36.129793,53.004448],[36.130158,53.004664],[36.130287,53.004641],[36.130501,53.004635],[36.13085,53.004774],[36.131161,53.004677],[36.131376,53.00478],[36.131553,53.004938],[36.131869,53.004877],[36.132535,53.005067],[36.132803,53.005232],[36.132728,53.005403],[36.132218,53.005561],[36.132009,53.005532],[36.131826,53.005648],[36.132116,53.005884],[36.131837,53.005961],[36.131735,53.006171],[36.131542,53.006433],[36.131188,53.006581],[36.130893,53.006601],[36.130641,53.006513]]]}},{"type":"Feature","properties":{"id":722,"area":4.881},"geometry":{"type":"Polygon","coordinates":[[[36.120294,52.94688],[36.120695,52.94681],[36.121064,52.947685],[36.12091,52.947865],[36.120527,52.947609],[36.11985,52.947378],[36.120112,52.947072],[36.120294,52.94688]]]}},{"type":"Feature","properties":{"id":725,"area":0.309},"geometry":{"type":"Polygon","coordinates":[[[36.015753,52.902713],[36.016727,52.902625],[36.016735,52.902709],[36.015753,52.902713]]]}},{"type":"Feature","properties":{"id":724,"area":0.611},"geometry":{"type":"Polygon","coordinates":[[[36.12141,52.946817],[36.121051,52.946554],[36.121023,52.946391],[36.121174,52.946268],[36.12141,52.946817]]]}},{"type":"Feature","properties":{"id":727,"area":43.752},"geometry":{"type":"Polygon","coordinates":[[[36.064534,52.911626],[36.064441,52.911384],[36.071193,52.911389],[36.071147,52.912274],[36.070325,52.912459],[36.069522,52.912504],[36.068653,52.912245],[36.068373,52.912347],[36.06699,52.912386],[36.066729,52.912076],[36.065477,52.9122],[36.064534,52.911626]]]}},{"type":"Feature","properties":{"id":726,"area":27.881},"geometry":{"type":"Polygon","coordinates":[[[36.072006,52.912099],[36.072183,52.911412],[36.076629,52.911406],[36.076508,52.912375],[36.072006,52.912099]]]}},{"type":"Feature","properties":{"id":729,"area":7.678},"geometry":{"type":"Polygon","coordinates":[[[36.076456,52.928207],[36.07645,52.928149],[36.077107,52.927146],[36.077403,52.926785],[36.077467,52.926767],[36.078066,52.926909],[36.078083,52.926955],[36.077612,52.927546],[36.077423,52.927554],[36.077097,52.928006],[36.077194,52.928089],[36.076976,52.928373],[36.076507,52.928254],[36.076456,52.928207]]]}},{"type":"Feature","properties":{"id":728,"area":16.721},"geometry":{"type":"Polygon","coordinates":[[[36.116208,52.953714],[36.116235,52.953588],[36.116836,52.952706],[36.117158,52.952809],[36.117067,52.952997],[36.117196,52.953042],[36.117362,52.952906],[36.118596,52.95331],[36.11859,52.953359],[36.117684,52.954173],[36.117421,52.954254],[36.117094,52.954257],[36.116809,52.954209],[36.116477,52.95406],[36.116284,52.953902],[36.116208,52.953714]]]}},{"type":"Feature","properties":{"id":705,"area":1.764},"geometry":{"type":"Polygon","coordinates":[[[36.075529,52.984364],[36.074085,52.984546],[36.074038,52.984364],[36.075186,52.984258],[36.07549,52.98423],[36.075529,52.984364]]]}},{"type":"Feature","properties":{"id":704,"area":1.577},"geometry":{"type":"Polygon","coordinates":[[[36.077798,52.986317],[36.077771,52.986333],[36.077644,52.986348],[36.077642,52.986615],[36.077588,52.986648],[36.077222,52.986681],[36.077015,52.986333],[36.077764,52.98624],[36.077798,52.986317]]]}},{"type":"Feature","properties":{"id":707,"area":3.435},"geometry":{"type":"Polygon","coordinates":[[[36.077057,52.987039],[36.074523,52.987266],[36.074401,52.987104],[36.076998,52.98686],[36.077057,52.987039]]]}},{"type":"Feature","properties":{"id":706,"area":1.397},"geometry":{"type":"Polygon","coordinates":[[[36.072598,52.984519],[36.073088,52.985065],[36.072918,52.985062],[36.073367,52.985733],[36.07332,52.985744],[36.072428,52.984571],[36.072598,52.984519]]]}},{"type":"Feature","properties":{"id":709,"area":5.686},"geometry":{"type":"Polygon","coordinates":[[[36.077727,52.984163],[36.077767,52.984302],[36.077931,52.984394],[36.078214,52.985299],[36.078311,52.985307],[36.078407,52.985555],[36.077923,52.985612],[36.077862,52.985591],[36.077265,52.984229],[36.07737,52.984174],[36.077513,52.984152],[36.077645,52.984142],[36.077727,52.984163]]]}},{"type":"Feature","properties":{"id":708,"area":1.048},"geometry":{"type":"Polygon","coordinates":[[[36.080771,52.986604],[36.079718,52.986708],[36.07968,52.986578],[36.080735,52.986475],[36.080771,52.986604]]]}},{"type":"Feature","properties":{"id":711,"area":2.03},"geometry":{"type":"Polygon","coordinates":[[[36.076175,52.987508],[36.07733,52.987389],[36.077361,52.98762],[36.076215,52.987723],[36.076136,52.987513],[36.076077,52.98734],[36.076084,52.987339],[36.07612,52.987344],[36.076175,52.987508]]]}},{"type":"Feature","properties":{"id":710,"area":1.385},"geometry":{"type":"Polygon","coordinates":[[[36.077246,52.98723],[36.076152,52.987348],[36.07612,52.987344],[36.076084,52.987338],[36.075235,52.98744],[36.075206,52.987383],[36.074917,52.987419],[36.074964,52.987377],[36.077184,52.987148],[36.077219,52.987168],[36.077246,52.98723]]]}},{"type":"Feature","properties":{"id":713,"area":2.533},"geometry":{"type":"Polygon","coordinates":[[[36.049626,52.950365],[36.049838,52.950298],[36.052174,52.950671],[36.05201,52.950688],[36.051201,52.950639],[36.049147,52.950387],[36.04925,52.950308],[36.049626,52.950365]]]}},{"type":"Feature","properties":{"id":712,"area":0.225},"geometry":{"type":"Polygon","coordinates":[[[36.079833,52.987673],[36.079886,52.98767],[36.079882,52.988293],[36.079837,52.988292],[36.079833,52.987673]]]}},{"type":"Feature","properties":{"id":715,"area":12.102},"geometry":{"type":"Polygon","coordinates":[[[36.058063,52.964505],[36.058638,52.964332],[36.05889,52.964357],[36.059423,52.96458],[36.059918,52.964536],[36.060115,52.96461],[36.060761,52.964783],[36.060846,52.964662],[36.061243,52.964603],[36.061328,52.96473],[36.060904,52.964899],[36.060774,52.96495],[36.060486,52.96497],[36.060495,52.964805],[36.059097,52.964802],[36.058749,52.964813],[36.057901,52.964888],[36.057812,52.964839],[36.057168,52.964962],[36.056974,52.965145],[36.057206,52.965283],[36.057181,52.965363],[36.057425,52.965567],[36.057484,52.965806],[36.057257,52.965803],[36.056704,52.965389],[36.056611,52.965102],[36.056646,52.965022],[36.056968,52.964852],[36.057688,52.964511],[36.058063,52.964505]]]}},{"type":"Feature","properties":{"id":714,"area":57.337},"geometry":{"type":"Polygon","coordinates":[[[36.098637,52.962093],[36.098357,52.961749],[36.097708,52.961088],[36.097191,52.960357],[36.097137,52.960261],[36.097478,52.960247],[36.09752,52.960258],[36.097734,52.960164],[36.09792,52.960146],[36.098562,52.960135],[36.099009,52.960182],[36.099918,52.960384],[36.102458,52.960837],[36.10253,52.96099],[36.102392,52.961534],[36.102351,52.961726],[36.102221,52.961846],[36.101942,52.961845],[36.101897,52.962109],[36.099212,52.962054],[36.099047,52.962431],[36.09866,52.962418],[36.098637,52.962093]]]}},{"type":"Feature","properties":{"id":717,"area":22.229},"geometry":{"type":"Polygon","coordinates":[[[36.053067,52.966935],[36.053524,52.966824],[36.053932,52.966558],[36.054542,52.965964],[36.054587,52.965926],[36.054732,52.965815],[36.054788,52.965776],[36.055475,52.965366],[36.056064,52.964888],[36.056279,52.964976],[36.056543,52.96515],[36.056596,52.965209],[36.056556,52.965282],[36.056473,52.96534],[36.056354,52.965468],[36.05628,52.965647],[36.055529,52.966108],[36.054866,52.966342],[36.05461,52.966694],[36.054325,52.96695],[36.052944,52.967679],[36.05276,52.967662],[36.052662,52.967528],[36.052507,52.967548],[36.052313,52.967611],[36.051631,52.967618],[36.051496,52.967545],[36.052078,52.967456],[36.052143,52.967285],[36.052412,52.9671],[36.052587,52.966964],[36.053067,52.966935]]]}},{"type":"Feature","properties":{"id":716,"area":3.02},"geometry":{"type":"Polygon","coordinates":[[[36.136421,53.017704],[36.138226,53.018768],[36.138131,53.018901],[36.135673,53.017398],[36.135784,53.01734],[36.135846,53.017354],[36.136127,53.01752],[36.136421,53.017704]]]}},{"type":"Feature","properties":{"id":719,"area":2.144},"geometry":{"type":"Polygon","coordinates":[[[36.034665,52.936852],[36.03444,52.936782],[36.035323,52.93616],[36.035573,52.936277],[36.034987,52.936782],[36.034665,52.936852]]]}},{"type":"Feature","properties":{"id":718,"area":3.64},"geometry":{"type":"Polygon","coordinates":[[[36.039787,52.936198],[36.039593,52.936354],[36.038129,52.935522],[36.038388,52.935342],[36.039743,52.93609],[36.039723,52.936146],[36.039787,52.936198]]]}},{"type":"Feature","properties":{"id":657,"area":1.976},"geometry":{"type":"Polygon","coordinates":[[[36.067996,52.974542],[36.06836,52.974823],[36.067742,52.975103],[36.067412,52.974833],[36.067996,52.974542]]]}},{"type":"Feature","properties":{"id":656,"area":2.211},"geometry":{"type":"Polygon","coordinates":[[[36.051611,52.983854],[36.051265,52.983608],[36.05195,52.983249],[36.052305,52.983495],[36.051611,52.983854]]]}},{"type":"Feature","properties":{"id":659,"area":1.479},"geometry":{"type":"Polygon","coordinates":[[[36.065371,52.972134],[36.065672,52.972359],[36.065347,52.972571],[36.065238,52.972617],[36.064879,52.972362],[36.06533,52.972143],[36.065371,52.972134]]]}},{"type":"Feature","properties":{"id":658,"area":0.384},"geometry":{"type":"Polygon","coordinates":[[[36.067934,52.975345],[36.068074,52.975368],[36.06812,52.975422],[36.06796,52.975511],[36.06796,52.975548],[36.067875,52.975588],[36.067711,52.975458],[36.067934,52.975345]]]}},{"type":"Feature","properties":{"id":661,"area":3.728},"geometry":{"type":"Polygon","coordinates":[[[36.058167,52.941579],[36.058103,52.941598],[36.056628,52.94015],[36.057134,52.939963],[36.057746,52.940455],[36.057268,52.940645],[36.058167,52.941579]]]}},{"type":"Feature","properties":{"id":660,"area":1.606},"geometry":{"type":"Polygon","coordinates":[[[36.065945,52.972962],[36.065756,52.972852],[36.065758,52.972713],[36.065604,52.972716],[36.065644,52.972856],[36.065539,52.973017],[36.065469,52.973011],[36.065352,52.972861],[36.065555,52.972747],[36.065569,52.97269],[36.065618,52.972544],[36.065779,52.972496],[36.065887,52.972555],[36.066181,52.972766],[36.066256,52.972846],[36.066106,52.972936],[36.065945,52.972962]]]}},{"type":"Feature","properties":{"id":663,"area":21.201},"geometry":{"type":"Polygon","coordinates":[[[36.06896,52.946402],[36.068976,52.9463],[36.068821,52.946238],[36.068439,52.946074],[36.06826,52.946287],[36.067911,52.94627],[36.067752,52.946422],[36.067862,52.946503],[36.067821,52.946545],[36.067679,52.946505],[36.066508,52.945952],[36.066423,52.945868],[36.067577,52.945021],[36.067663,52.944805],[36.067529,52.944626],[36.067049,52.944401],[36.06676,52.944117],[36.066703,52.944014],[36.066787,52.943937],[36.066951,52.943904],[36.067037,52.943948],[36.06726,52.944161],[36.06798,52.944923],[36.069598,52.946696],[36.070269,52.947534],[36.070244,52.947554],[36.070176,52.947569],[36.070115,52.947517],[36.070176,52.947476],[36.069634,52.94688],[36.068936,52.946587],[36.069016,52.946502],[36.06896,52.946402]]]}},{"type":"Feature","properties":{"id":662,"area":4.733},"geometry":{"type":"Polygon","coordinates":[[[36.083766,52.984064],[36.083878,52.984097],[36.085061,52.984141],[36.085026,52.984241],[36.084643,52.984222],[36.084527,52.984248],[36.084374,52.984514],[36.084471,52.984551],[36.084447,52.984661],[36.084519,52.984682],[36.0846,52.984684],[36.084615,52.98518],[36.084568,52.985196],[36.084506,52.985105],[36.084484,52.984911],[36.084246,52.984831],[36.084114,52.984845],[36.084055,52.984551],[36.08394,52.984524],[36.083634,52.984535],[36.083535,52.98402],[36.083618,52.983973],[36.083766,52.984064]]]}},{"type":"Feature","properties":{"id":665,"area":1.737},"geometry":{"type":"Polygon","coordinates":[[[36.017403,52.92214],[36.018305,52.922462],[36.018232,52.922589],[36.018433,52.922665],[36.018353,52.922731],[36.017245,52.922296],[36.017403,52.92214]]]}},{"type":"Feature","properties":{"id":664,"area":15.643},"geometry":{"type":"Polygon","coordinates":[[[36.00952,52.915589],[36.009852,52.91538],[36.009287,52.915031],[36.00889,52.915284],[36.008746,52.915408],[36.009385,52.915798],[36.008634,52.916292],[36.008479,52.916199],[36.009008,52.915849],[36.008525,52.915525],[36.008462,52.915394],[36.009242,52.914645],[36.010218,52.914158],[36.011086,52.913688],[36.011422,52.913819],[36.011823,52.91414],[36.011224,52.914578],[36.011205,52.914429],[36.011487,52.914169],[36.011257,52.913933],[36.0105,52.91427],[36.010443,52.914533],[36.010598,52.91494],[36.01036,52.915156],[36.009615,52.915637],[36.00952,52.915589]]]}},{"type":"Feature","properties":{"id":667,"area":1.405},"geometry":{"type":"Polygon","coordinates":[[[36.026716,52.944242],[36.026281,52.944384],[36.026122,52.944279],[36.026049,52.944169],[36.026175,52.944031],[36.026699,52.94398],[36.026716,52.944242]]]}},{"type":"Feature","properties":{"id":666,"area":3.979},"geometry":{"type":"Polygon","coordinates":[[[36.012317,52.951434],[36.012093,52.951609],[36.011968,52.95174],[36.011662,52.950697],[36.011767,52.950739],[36.011818,52.950917],[36.01221,52.950791],[36.012341,52.950659],[36.012468,52.950695],[36.012524,52.951168],[36.012567,52.951363],[36.012317,52.951434]],[[36.012015,52.951235],[36.012009,52.951288],[36.012084,52.951353],[36.012304,52.951353],[36.012384,52.951204],[36.01233,52.951078],[36.012234,52.951039],[36.012111,52.951078],[36.012025,52.951159],[36.012015,52.951235]]]}},{"type":"Feature","properties":{"id":669,"area":1.933},"geometry":{"type":"Polygon","coordinates":[[[36.013745,52.922008],[36.013639,52.921721],[36.013714,52.921689],[36.014435,52.922102],[36.01387,52.922449],[36.013742,52.922378],[36.013959,52.92225],[36.013984,52.922223],[36.013972,52.922194],[36.013958,52.922168],[36.013968,52.922141],[36.013983,52.922118],[36.013942,52.922098],[36.013892,52.922086],[36.013828,52.92208],[36.013776,52.922081],[36.013717,52.922102],[36.013482,52.922238],[36.013441,52.922216],[36.013745,52.922008]]]}},{"type":"Feature","properties":{"id":668,"area":0.405},"geometry":{"type":"Polygon","coordinates":[[[36.014773,52.925075],[36.014909,52.925099],[36.014708,52.925462],[36.014573,52.925439],[36.014773,52.925075]]]}},{"type":"Feature","properties":{"id":671,"area":2.515},"geometry":{"type":"Polygon","coordinates":[[[36.019554,52.927394],[36.019756,52.927261],[36.020015,52.927414],[36.019814,52.927544],[36.020598,52.927966],[36.020389,52.928102],[36.019326,52.927546],[36.019554,52.927394]]]}},{"type":"Feature","properties":{"id":670,"area":1.048},"geometry":{"type":"Polygon","coordinates":[[[36.036235,52.941095],[36.035577,52.941559],[36.035513,52.941575],[36.035475,52.941564],[36.035473,52.941533],[36.035754,52.941326],[36.035733,52.941276],[36.03576,52.941227],[36.03588,52.941114],[36.036133,52.940927],[36.036259,52.940933],[36.036299,52.94098],[36.036235,52.941095]]]}},{"type":"Feature","properties":{"id":641,"area":84.74},"geometry":{"type":"Polygon","coordinates":[[[36.09465,52.995244],[36.094844,52.995368],[36.094926,52.995479],[36.094887,52.995664],[36.094866,52.995741],[36.095025,52.995787],[36.095563,52.995779],[36.095627,52.995885],[36.095683,52.996682],[36.095559,52.996786],[36.09506,52.996803],[36.094724,52.996765],[36.094394,52.996629],[36.09409,52.996633],[36.093941,52.996701],[36.094005,52.996859],[36.094324,52.996978],[36.094352,52.997051],[36.094224,52.997217],[36.093694,52.997353],[36.093488,52.997417],[36.093396,52.997536],[36.093368,52.997834],[36.092342,52.99783],[36.092235,52.997758],[36.092235,52.997494],[36.092235,52.997136],[36.091832,52.997149],[36.091506,52.99731],[36.090954,52.997323],[36.090551,52.997264],[36.090416,52.997121],[36.09045,52.996856],[36.090508,52.996718],[36.090573,52.996678],[36.090718,52.996622],[36.091015,52.996601],[36.091521,52.996614],[36.091638,52.996433],[36.091741,52.996322],[36.092169,52.996299],[36.09237,52.996143],[36.092622,52.996071],[36.092863,52.996098],[36.092852,52.994992],[36.093008,52.994986],[36.093517,52.994897],[36.094073,52.994761],[36.094384,52.994643],[36.094416,52.994509],[36.094331,52.99442],[36.094126,52.994416],[36.094002,52.994384],[36.093981,52.994358],[36.094036,52.994294],[36.094478,52.994231],[36.095243,52.994105],[36.095744,52.993701],[36.096173,52.993107],[36.096157,52.993022],[36.096278,52.992973],[36.096986,52.993071],[36.097492,52.992639],[36.098592,52.991636],[36.098645,52.99164],[36.09867,52.991672],[36.098369,52.992328],[36.097987,52.992807],[36.097863,52.992912],[36.097548,52.992993],[36.096809,52.993906],[36.095793,52.99491],[36.095658,52.994935],[36.09552,52.994865],[36.095319,52.994771],[36.094713,52.99508],[36.09466,52.995176],[36.09465,52.995244]]]}},{"type":"Feature","properties":{"id":640,"area":5.294},"geometry":{"type":"Polygon","coordinates":[[[36.103066,53.000182],[36.102777,53.000193],[36.102422,53.000317],[36.101936,53.000232],[36.102104,52.999648],[36.102795,52.99962],[36.103281,52.999726],[36.103393,52.999867],[36.103206,52.999856],[36.103122,52.999856],[36.103076,52.999974],[36.103328,53.000142],[36.103066,53.000182]]]}},{"type":"Feature","properties":{"id":643,"area":12.176},"geometry":{"type":"Polygon","coordinates":[[[36.12819,53.01944],[36.127985,53.019526],[36.12824,53.019632],[36.128764,53.019726],[36.128268,53.019939],[36.127355,53.020062],[36.126711,53.019968],[36.126775,53.019879],[36.126867,53.019871],[36.127758,53.019534],[36.128105,53.019394],[36.128141,53.019287],[36.128509,53.018993],[36.128969,53.018866],[36.12933,53.01884],[36.129868,53.019206],[36.129946,53.019377],[36.12974,53.019538],[36.129068,53.019721],[36.128877,53.019585],[36.12819,53.01944]]]}},{"type":"Feature","properties":{"id":642,"area":30.779},"geometry":{"type":"Polygon","coordinates":[[[36.101721,52.998779],[36.101225,52.998744],[36.101168,52.994757],[36.101664,52.994561],[36.102612,52.994339],[36.102443,52.995353],[36.101721,52.998779]]]}},{"type":"Feature","properties":{"id":645,"area":2.265},"geometry":{"type":"Polygon","coordinates":[[[36.063597,52.950257],[36.063632,52.950434],[36.063383,52.950465],[36.063444,52.950672],[36.063783,52.950626],[36.063813,52.950734],[36.06321,52.950808],[36.063121,52.950819],[36.063056,52.950666],[36.062994,52.950575],[36.062899,52.950475],[36.062738,52.950355],[36.063597,52.950257]]]}},{"type":"Feature","properties":{"id":644,"area":1.565},"geometry":{"type":"Polygon","coordinates":[[[36.048725,52.963155],[36.048941,52.963053],[36.049684,52.963467],[36.049252,52.963703],[36.049178,52.96365],[36.049313,52.96353],[36.048725,52.963155]]]}},{"type":"Feature","properties":{"id":647,"area":6.69},"geometry":{"type":"Polygon","coordinates":[[[36.046146,52.940914],[36.046064,52.940926],[36.045971,52.941007],[36.045898,52.940971],[36.045957,52.94093],[36.045812,52.94085],[36.046515,52.94036],[36.047687,52.940976],[36.047369,52.941213],[36.046531,52.940757],[36.046361,52.940822],[36.047338,52.941343],[36.046868,52.941612],[36.046608,52.941477],[36.046659,52.941393],[36.04683,52.941269],[36.046146,52.940914]]]}},{"type":"Feature","properties":{"id":646,"area":0.626},"geometry":{"type":"Polygon","coordinates":[[[36.035701,52.936202],[36.035516,52.936098],[36.035492,52.936038],[36.035744,52.935869],[36.035921,52.935956],[36.035942,52.936021],[36.035701,52.936202]]]}},{"type":"Feature","properties":{"id":649,"area":0.437},"geometry":{"type":"Polygon","coordinates":[[[36.085382,52.967971],[36.085596,52.967994],[36.085535,52.968251],[36.085304,52.968223],[36.085382,52.967971]]]}},{"type":"Feature","properties":{"id":648,"area":8.534},"geometry":{"type":"Polygon","coordinates":[[[36.096915,52.964583],[36.097048,52.964566],[36.097634,52.963906],[36.097943,52.96338],[36.098019,52.963404],[36.098349,52.963438],[36.09874,52.963439],[36.098714,52.963577],[36.098609,52.963667],[36.098333,52.963675],[36.098262,52.963797],[36.097771,52.963828],[36.097893,52.964974],[36.096616,52.965008],[36.096627,52.964586],[36.096694,52.964559],[36.096915,52.964583]]]}},{"type":"Feature","properties":{"id":651,"area":0.916},"geometry":{"type":"Polygon","coordinates":[[[36.06072,52.973332],[36.060483,52.973441],[36.060129,52.973172],[36.060407,52.973034],[36.060715,52.973273],[36.06072,52.973332]]]}},{"type":"Feature","properties":{"id":650,"area":3.003},"geometry":{"type":"Polygon","coordinates":[[[36.049515,52.973263],[36.049234,52.973055],[36.049592,52.972872],[36.049499,52.972798],[36.049621,52.972666],[36.049987,52.972458],[36.050182,52.972573],[36.050027,52.973143],[36.049909,52.9732],[36.049804,52.973126],[36.049515,52.973263]]]}},{"type":"Feature","properties":{"id":653,"area":6.133},"geometry":{"type":"Polygon","coordinates":[[[36.058069,52.980513],[36.057772,52.980396],[36.058569,52.980019],[36.059154,52.98045],[36.058947,52.981236],[36.058601,52.980996],[36.058447,52.980979],[36.058244,52.980844],[36.058317,52.980817],[36.058321,52.980709],[36.058069,52.980513]]]}},{"type":"Feature","properties":{"id":652,"area":8.373},"geometry":{"type":"Polygon","coordinates":[[[36.059041,52.965817],[36.058647,52.966032],[36.058094,52.965587],[36.058062,52.965413],[36.058102,52.965256],[36.059062,52.965158],[36.060359,52.965136],[36.060379,52.965175],[36.059859,52.96544],[36.059855,52.965494],[36.0597,52.965594],[36.059537,52.965589],[36.059273,52.965739],[36.059041,52.965817]]]}},{"type":"Feature","properties":{"id":655,"area":1.322},"geometry":{"type":"Polygon","coordinates":[[[36.070354,52.977289],[36.070249,52.977309],[36.070207,52.977347],[36.070148,52.977365],[36.069621,52.976948],[36.0697,52.976911],[36.070004,52.977138],[36.070267,52.97701],[36.070368,52.977013],[36.070648,52.977236],[36.070429,52.97733],[36.070354,52.977289]]]}},{"type":"Feature","properties":{"id":654,"area":0.829},"geometry":{"type":"Polygon","coordinates":[[[36.054913,52.97836],[36.054878,52.978412],[36.054632,52.97862],[36.054311,52.978801],[36.054165,52.978701],[36.054817,52.978325],[36.054913,52.97836]]]}},{"type":"Feature","properties":{"id":689,"area":12.579},"geometry":{"type":"Polygon","coordinates":[[[36.017245,52.947559],[36.017374,52.94755],[36.017556,52.947533],[36.017674,52.947527],[36.017781,52.947553],[36.017862,52.947569],[36.017964,52.947556],[36.018066,52.94753],[36.018173,52.947511],[36.01828,52.947508],[36.018398,52.947514],[36.018484,52.94753],[36.018559,52.947524],[36.018624,52.947491],[36.018699,52.947488],[36.018774,52.947511],[36.018844,52.947514],[36.018945,52.947498],[36.019133,52.947472],[36.019412,52.947449],[36.019925,52.947444],[36.019988,52.947442],[36.020051,52.947419],[36.020097,52.947405],[36.020147,52.947414],[36.020179,52.94744],[36.020222,52.947609],[36.019412,52.94765],[36.019267,52.94765],[36.019198,52.94764],[36.019149,52.947624],[36.019101,52.947637],[36.019053,52.947656],[36.019004,52.947666],[36.018945,52.947669],[36.018817,52.947695],[36.018704,52.947711],[36.018527,52.947711],[36.018409,52.947727],[36.018221,52.947743],[36.017765,52.94775],[36.017658,52.94776],[36.017583,52.947805],[36.017492,52.947818],[36.017395,52.947811],[36.017127,52.947808],[36.015174,52.947902],[36.014257,52.947954],[36.014042,52.94797],[36.012927,52.948023],[36.012849,52.948004],[36.012787,52.947952],[36.012814,52.947891],[36.012876,52.947852],[36.012937,52.947827],[36.013077,52.947805],[36.013168,52.947795],[36.013275,52.947785],[36.013321,52.947755],[36.013391,52.947732],[36.01345,52.947739],[36.013509,52.947771],[36.013557,52.947787],[36.013611,52.947771],[36.01367,52.947745],[36.013718,52.947719],[36.013804,52.947706],[36.01408,52.947685],[36.014193,52.947682],[36.014337,52.947676],[36.014504,52.947682],[36.014611,52.947692],[36.014697,52.947705],[36.014783,52.947701],[36.014847,52.947682],[36.014933,52.94765],[36.014986,52.94765],[36.015062,52.947666],[36.015099,52.947685],[36.015147,52.947685],[36.015239,52.947666],[36.015298,52.94764],[36.015373,52.94763],[36.015469,52.947637],[36.015662,52.94763],[36.015802,52.947611],[36.015963,52.947617],[36.016607,52.947595],[36.016682,52.947601],[36.016746,52.947614],[36.01681,52.947604],[36.016977,52.947582],[36.017111,52.947566],[36.017245,52.947559]]]}},{"type":"Feature","properties":{"id":688,"area":6.767},"geometry":{"type":"Polygon","coordinates":[[[36.011249,52.948116],[36.01133,52.94811],[36.011523,52.948166],[36.012213,52.948147],[36.012352,52.948185],[36.012277,52.948405],[36.012193,52.94846],[36.012025,52.948471],[36.011701,52.948447],[36.011544,52.948389],[36.011343,52.948425],[36.011375,52.94856],[36.011201,52.94865],[36.010852,52.948837],[36.010785,52.948934],[36.010743,52.94902],[36.010652,52.949034],[36.009956,52.94905],[36.009872,52.949049],[36.009817,52.949011],[36.009773,52.948936],[36.010293,52.948874],[36.010277,52.948771],[36.010131,52.94871],[36.009866,52.948635],[36.009691,52.948631],[36.00956,52.948652],[36.009506,52.948641],[36.009445,52.948512],[36.009426,52.948446],[36.009484,52.948415],[36.009571,52.948408],[36.009791,52.948526],[36.010053,52.948621],[36.010168,52.948662],[36.010264,52.948685],[36.010469,52.94867],[36.010563,52.948656],[36.010655,52.948589],[36.010745,52.948515],[36.010947,52.948366],[36.011107,52.948215],[36.011249,52.948116]]]}},{"type":"Feature","properties":{"id":691,"area":1.726},"geometry":{"type":"Polygon","coordinates":[[[36.077137,52.9837],[36.077714,52.983643],[36.078348,52.98358],[36.078351,52.983622],[36.078177,52.983775],[36.07679,52.983921],[36.076774,52.98386],[36.077131,52.983816],[36.077137,52.9837]]]}},{"type":"Feature","properties":{"id":690,"area":0.825},"geometry":{"type":"Polygon","coordinates":[[[36.01414,52.947629],[36.014097,52.94761],[36.014032,52.947594],[36.013998,52.947605],[36.013964,52.947623],[36.013915,52.947627],[36.013829,52.947609],[36.013724,52.947605],[36.01361,52.947609],[36.013533,52.94761],[36.013465,52.947631],[36.01341,52.947625],[36.013398,52.94761],[36.013405,52.947591],[36.013431,52.947585],[36.014557,52.947532],[36.015641,52.947477],[36.015653,52.94749],[36.015637,52.947508],[36.015613,52.947525],[36.015536,52.947521],[36.015434,52.947529],[36.0154,52.947544],[36.015373,52.947558],[36.01528,52.947566],[36.015138,52.947586],[36.015015,52.947566],[36.014963,52.947555],[36.014904,52.94754],[36.014861,52.94754],[36.014812,52.947558],[36.01475,52.947551],[36.014704,52.947544],[36.014679,52.947555],[36.014642,52.947588],[36.014602,52.947592],[36.014513,52.947584],[36.01443,52.947571],[36.014362,52.947575],[36.01431,52.947594],[36.014214,52.947623],[36.01414,52.947629]]]}},{"type":"Feature","properties":{"id":693,"area":0.908},"geometry":{"type":"Polygon","coordinates":[[[36.03966,52.946299],[36.03968,52.946394],[36.038034,52.946477],[36.038067,52.946422],[36.03966,52.946299]]]}},{"type":"Feature","properties":{"id":692,"area":10.691},"geometry":{"type":"Polygon","coordinates":[[[36.054525,52.977531],[36.054589,52.977597],[36.054591,52.977703],[36.050544,52.980105],[36.050262,52.97997],[36.054215,52.977573],[36.053983,52.977384],[36.054199,52.977285],[36.054421,52.977428],[36.054525,52.977531]]]}},{"type":"Feature","properties":{"id":695,"area":0.717},"geometry":{"type":"Polygon","coordinates":[[[36.0092,52.948125],[36.009233,52.948019],[36.009329,52.948012],[36.009367,52.947944],[36.009442,52.947961],[36.009592,52.948294],[36.009313,52.948339],[36.0092,52.948125]]]}},{"type":"Feature","properties":{"id":694,"area":2.854},"geometry":{"type":"Polygon","coordinates":[[[36.079614,52.98261],[36.079995,52.982961],[36.080507,52.983442],[36.080482,52.983492],[36.080391,52.983526],[36.078709,52.983748],[36.078657,52.983609],[36.07884,52.98358],[36.080309,52.983396],[36.079854,52.982984],[36.0795,52.982655],[36.079614,52.98261]]]}},{"type":"Feature","properties":{"id":697,"area":4.357},"geometry":{"type":"Polygon","coordinates":[[[36.087054,52.943361],[36.087211,52.943546],[36.087246,52.943594],[36.087325,52.943716],[36.087398,52.943855],[36.08746,52.944002],[36.087492,52.944099],[36.087448,52.944094],[36.087315,52.943974],[36.087104,52.943738],[36.086815,52.943386],[36.086543,52.943077],[36.086289,52.94281],[36.086051,52.942585],[36.085831,52.942403],[36.085638,52.942247],[36.085472,52.942118],[36.085334,52.942016],[36.085223,52.94194],[36.08511,52.941868],[36.084994,52.941799],[36.084876,52.941734],[36.084756,52.941672],[36.084673,52.94162],[36.084627,52.941578],[36.084617,52.941547],[36.084643,52.941525],[36.084745,52.94156],[36.084923,52.941653],[36.085176,52.941804],[36.085505,52.942012],[36.085802,52.942215],[36.086069,52.942414],[36.086305,52.942609],[36.08651,52.942799],[36.086703,52.942987],[36.086885,52.943175],[36.087054,52.943361]]]}},{"type":"Feature","properties":{"id":696,"area":1.961},"geometry":{"type":"Polygon","coordinates":[[[36.03393,52.946611],[36.03781,52.946406],[36.037803,52.946481],[36.033736,52.946678],[36.03393,52.946611]]]}},{"type":"Feature","properties":{"id":699,"area":2.898},"geometry":{"type":"Polygon","coordinates":[[[36.076478,52.991549],[36.076558,52.991488],[36.076483,52.991137],[36.076572,52.991168],[36.076609,52.991284],[36.07676,52.991475],[36.076897,52.99148],[36.076974,52.991593],[36.076975,52.99168],[36.07692,52.991723],[36.075769,52.991756],[36.075438,52.991788],[36.07529,52.991871],[36.075124,52.991897],[36.075082,52.991661],[36.075858,52.991611],[36.076344,52.99157],[36.076478,52.991549]]]}},{"type":"Feature","properties":{"id":698,"area":0.743},"geometry":{"type":"Polygon","coordinates":[[[36.070176,52.981252],[36.070405,52.981563],[36.070117,52.981646],[36.069971,52.981444],[36.07,52.981318],[36.070176,52.981252]]]}},{"type":"Feature","properties":{"id":701,"area":4.74},"geometry":{"type":"Polygon","coordinates":[[[36.074514,52.986415],[36.074583,52.986852],[36.074775,52.986839],[36.074851,52.987057],[36.074397,52.9871],[36.073544,52.985989],[36.073718,52.985917],[36.074218,52.985893],[36.074322,52.986426],[36.074514,52.986415]]]}},{"type":"Feature","properties":{"id":700,"area":3.36},"geometry":{"type":"Polygon","coordinates":[[[36.081355,52.958827],[36.081488,52.95874],[36.0816,52.958681],[36.081691,52.958649],[36.081762,52.958644],[36.081819,52.958639],[36.081862,52.958636],[36.081891,52.958632],[36.081906,52.95863],[36.081912,52.958634],[36.081909,52.958645],[36.081896,52.958663],[36.081875,52.958688],[36.081848,52.958717],[36.081817,52.95875],[36.081781,52.958789],[36.081741,52.958832],[36.081713,52.958871],[36.081698,52.958905],[36.081695,52.958935],[36.081704,52.958961],[36.081728,52.958993],[36.081766,52.959032],[36.08182,52.959077],[36.081887,52.95913],[36.081921,52.959185],[36.081921,52.959243],[36.081887,52.959305],[36.08182,52.95937],[36.081758,52.959417],[36.081703,52.959447],[36.081654,52.959459],[36.08161,52.959454],[36.081556,52.95944],[36.081491,52.959416],[36.081416,52.959384],[36.081329,52.959342],[36.08125,52.9593],[36.081178,52.959258],[36.081114,52.959216],[36.081057,52.959174],[36.081053,52.959114],[36.081101,52.959036],[36.081202,52.95894],[36.081355,52.958827]]]}},{"type":"Feature","properties":{"id":703,"area":1.768},"geometry":{"type":"Polygon","coordinates":[[[36.076707,52.986784],[36.076592,52.985948],[36.076337,52.985956],[36.076326,52.985879],[36.076584,52.985818],[36.077006,52.986852],[36.076232,52.986924],[36.076202,52.986813],[36.076707,52.986784]]]}},{"type":"Feature","properties":{"id":702,"area":28.127},"geometry":{"type":"Polygon","coordinates":[[[36.130202,53.013943],[36.130176,53.014157],[36.129168,53.014531],[36.127521,53.015377],[36.127489,53.015622],[36.127659,53.015771],[36.128264,53.015792],[36.12878,53.015901],[36.129377,53.015921],[36.130517,53.015903],[36.131065,53.016038],[36.130188,53.016484],[36.130441,53.016732],[36.12991,53.017037],[36.129404,53.016489],[36.127423,53.016078],[36.127021,53.01631],[36.126521,53.016306],[36.126539,53.016115],[36.126218,53.016114],[36.126058,53.015997],[36.127516,53.01513],[36.127859,53.01494],[36.128536,53.014562],[36.12851,53.014473],[36.128865,53.014298],[36.129729,53.013821],[36.130202,53.013943]]]}},{"type":"Feature","properties":{"id":673,"area":3.863},"geometry":{"type":"Polygon","coordinates":[[[36.038472,52.939642],[36.038879,52.939866],[36.038949,52.939866],[36.039078,52.939815],[36.039738,52.939356],[36.039786,52.939385],[36.039901,52.939375],[36.038952,52.940057],[36.038324,52.939726],[36.037647,52.939367],[36.038,52.939107],[36.03864,52.939427],[36.038469,52.939593],[36.038472,52.939642]]]}},{"type":"Feature","properties":{"id":672,"area":4.628},"geometry":{"type":"Polygon","coordinates":[[[36.037146,52.938517],[36.037267,52.938578],[36.037152,52.938678],[36.037687,52.938959],[36.037447,52.939128],[36.037503,52.93916],[36.037371,52.93924],[36.036502,52.938778],[36.03696,52.938471],[36.03713,52.938415],[36.037074,52.938374],[36.037731,52.937921],[36.038097,52.938126],[36.03777,52.938345],[36.037525,52.938205],[36.037227,52.938394],[36.037251,52.938441],[36.037146,52.938517]]]}},{"type":"Feature","properties":{"id":675,"area":0.266},"geometry":{"type":"Polygon","coordinates":[[[36.093949,52.97409],[36.093869,52.97406],[36.093867,52.973928],[36.094079,52.97386],[36.094135,52.973918],[36.093949,52.97409]]]}},{"type":"Feature","properties":{"id":674,"area":0.397},"geometry":{"type":"Polygon","coordinates":[[[36.094074,52.974436],[36.093972,52.974528],[36.093542,52.974381],[36.0936,52.974331],[36.093717,52.974311],[36.094074,52.974436]]]}},{"type":"Feature","properties":{"id":677,"area":1.063},"geometry":{"type":"Polygon","coordinates":[[[36.110301,52.9774],[36.109933,52.977251],[36.11037,52.976974],[36.110627,52.977089],[36.110301,52.9774]]]}},{"type":"Feature","properties":{"id":676,"area":8.49},"geometry":{"type":"Polygon","coordinates":[[[36.028326,52.996695],[36.026621,52.997587],[36.027256,52.997952],[36.027285,52.998178],[36.026573,52.998207],[36.026053,52.997552],[36.027822,52.996542],[36.028326,52.996695]]]}},{"type":"Feature","properties":{"id":679,"area":25.236},"geometry":{"type":"Polygon","coordinates":[[[36.114217,52.988027],[36.11404,52.987904],[36.11396,52.987833],[36.114131,52.987591],[36.113997,52.987481],[36.113101,52.987307],[36.112597,52.987297],[36.112608,52.987226],[36.11323,52.987213],[36.114196,52.987378],[36.114421,52.987401],[36.114603,52.987636],[36.11492,52.987675],[36.115215,52.987653],[36.114571,52.987278],[36.11418,52.987146],[36.114088,52.987029],[36.114212,52.986971],[36.114947,52.987159],[36.115129,52.987284],[36.115483,52.987397],[36.115633,52.987462],[36.116191,52.98764],[36.116486,52.98764],[36.116813,52.987846],[36.116781,52.98803],[36.116738,52.988114],[36.116245,52.988592],[36.1158,52.988751],[36.115531,52.98909],[36.115376,52.98918],[36.114979,52.988773],[36.114512,52.988483],[36.114056,52.988211],[36.114217,52.988027]]]}},{"type":"Feature","properties":{"id":678,"area":8.95},"geometry":{"type":"Polygon","coordinates":[[[36.094841,52.934708],[36.094546,52.934724],[36.094154,52.93476],[36.094015,52.935015],[36.094138,52.935135],[36.09417,52.935319],[36.094084,52.935384],[36.093784,52.935368],[36.093704,52.93528],[36.093569,52.935219],[36.093167,52.935283],[36.093087,52.935183],[36.092899,52.935183],[36.092454,52.935355],[36.092303,52.935316],[36.092486,52.935177],[36.0924,52.935102],[36.092169,52.935067],[36.091971,52.93508],[36.091928,52.935012],[36.092196,52.934921],[36.092835,52.934934],[36.093081,52.935096],[36.093333,52.93517],[36.093532,52.935122],[36.093543,52.935015],[36.093274,52.934954],[36.093366,52.934883],[36.093317,52.934779],[36.093076,52.934782],[36.093001,52.93464],[36.093017,52.934511],[36.093199,52.934385],[36.093296,52.934268],[36.094347,52.934553],[36.094841,52.934708]]]}},{"type":"Feature","properties":{"id":681,"area":3.449},"geometry":{"type":"Polygon","coordinates":[[[36.073668,52.924304],[36.073239,52.924805],[36.073094,52.924776],[36.072606,52.923932],[36.07356,52.924152],[36.073668,52.924304]]]}},{"type":"Feature","properties":{"id":680,"area":128.612},"geometry":{"type":"Polygon","coordinates":[[[36.050248,52.991078],[36.050315,52.991063],[36.050383,52.991051],[36.050451,52.99104],[36.05052,52.991032],[36.050683,52.99111],[36.05094,52.991274],[36.051291,52.991523],[36.051736,52.991859],[36.05218,52.992062],[36.052624,52.992133],[36.053067,52.992071],[36.05351,52.991877],[36.053853,52.991729],[36.054098,52.991627],[36.054243,52.991572],[36.05429,52.991562],[36.054341,52.991564],[36.054396,52.991576],[36.054455,52.991601],[36.054518,52.991636],[36.054577,52.991667],[36.05463,52.991694],[36.054678,52.991716],[36.054721,52.991733],[36.054777,52.991768],[36.054845,52.99182],[36.054926,52.99189],[36.05502,52.991977],[36.055078,52.992052],[36.055099,52.992114],[36.055084,52.992165],[36.055033,52.992204],[36.055009,52.992248],[36.055012,52.992298],[36.055041,52.992353],[36.055098,52.992413],[36.055121,52.992467],[36.055113,52.992513],[36.055071,52.992553],[36.054998,52.992585],[36.054945,52.992634],[36.054912,52.992698],[36.054901,52.99278],[36.05491,52.992877],[36.054854,52.992962],[36.054732,52.993033],[36.054544,52.993091],[36.054291,52.993135],[36.054039,52.993187],[36.05379,52.993247],[36.053543,52.993314],[36.053297,52.993389],[36.053092,52.993455],[36.052926,52.993513],[36.0528,52.993561],[36.052714,52.993601],[36.05261,52.99363],[36.052488,52.99365],[36.052348,52.99366],[36.05219,52.99366],[36.052028,52.9937],[36.051861,52.99378],[36.051691,52.9939],[36.051517,52.99406],[36.051396,52.994192],[36.05133,52.994296],[36.051318,52.994372],[36.051359,52.99442],[36.051393,52.994468],[36.051418,52.994514],[36.051436,52.99456],[36.051445,52.994604],[36.051391,52.994675],[36.051273,52.994773],[36.051091,52.994897],[36.050846,52.995048],[36.05068,52.995124],[36.050595,52.995125],[36.05059,52.995052],[36.050665,52.994903],[36.050644,52.994803],[36.050527,52.994751],[36.050313,52.994747],[36.050003,52.994791],[36.049784,52.994799],[36.049654,52.994771],[36.049615,52.994707],[36.049666,52.994606],[36.049679,52.994528],[36.049654,52.994473],[36.049592,52.994441],[36.049491,52.994432],[36.0494,52.994437],[36.049319,52.994455],[36.049248,52.994487],[36.049186,52.994532],[36.049106,52.994551],[36.049009,52.994543],[36.048894,52.994509],[36.048761,52.994448],[36.048621,52.994379],[36.048474,52.994301],[36.048319,52.994213],[36.048157,52.994117],[36.048,52.993996],[36.047848,52.99385],[36.047702,52.993678],[36.047561,52.993481],[36.047485,52.993291],[36.047475,52.993108],[36.047529,52.992931],[36.047648,52.992762],[36.047738,52.992622],[36.047799,52.992513],[36.047829,52.992435],[36.047831,52.992386],[36.04789,52.992281],[36.048008,52.992118],[36.048183,52.991898],[36.048416,52.991621],[36.048627,52.991428],[36.048816,52.991319],[36.048982,52.991294],[36.049125,52.991353],[36.049247,52.991396],[36.049347,52.991423],[36.049425,52.991434],[36.049482,52.991428],[36.049557,52.991406],[36.049649,52.991365],[36.04976,52.991308],[36.049888,52.991233],[36.050001,52.991173],[36.050098,52.991127],[36.050181,52.991095],[36.050248,52.991078]]]}},{"type":"Feature","properties":{"id":683,"area":1.73},"geometry":{"type":"Polygon","coordinates":[[[36.141109,53.008298],[36.141609,53.008027],[36.141975,53.008277],[36.141824,53.008364],[36.140962,53.008549],[36.140964,53.008457],[36.141065,53.008431],[36.141256,53.008389],[36.141109,53.008298]]]}},{"type":"Feature","properties":{"id":682,"area":33.232},"geometry":{"type":"Polygon","coordinates":[[[36.123771,52.937351],[36.124152,52.9371],[36.12491,52.93712],[36.12684,52.937696],[36.126918,52.938126],[36.127107,52.938241],[36.127125,52.938696],[36.123152,52.938432],[36.123592,52.937482],[36.123771,52.937351]]]}},{"type":"Feature","properties":{"id":685,"area":1.48},"geometry":{"type":"Polygon","coordinates":[[[36.140044,53.007928],[36.139973,53.00788],[36.140718,53.007489],[36.14072,53.007423],[36.140596,53.007405],[36.140464,53.007314],[36.140624,53.007213],[36.140817,53.007139],[36.141048,53.007312],[36.141042,53.007385],[36.140947,53.00747],[36.140044,53.007928]]]}},{"type":"Feature","properties":{"id":684,"area":0.561},"geometry":{"type":"Polygon","coordinates":[[[36.140818,53.007567],[36.140915,53.007517],[36.141582,53.007975],[36.141491,53.008021],[36.140818,53.007567]]]}},{"type":"Feature","properties":{"id":687,"area":1.347},"geometry":{"type":"Polygon","coordinates":[[[36.016988,52.947449],[36.016865,52.947464],[36.016809,52.947486],[36.016755,52.947525],[36.01668,52.94756],[36.016594,52.947554],[36.01654,52.947522],[36.016455,52.947505],[36.016363,52.947505],[36.016261,52.947522],[36.01617,52.947522],[36.016101,52.947515],[36.016042,52.947515],[36.015956,52.947522],[36.015773,52.947547],[36.015731,52.947533],[36.015719,52.947511],[36.015726,52.947488],[36.015757,52.947472],[36.01817,52.947367],[36.018209,52.947374],[36.018225,52.947402],[36.018177,52.947434],[36.018134,52.947447],[36.018042,52.947437],[36.017919,52.947412],[36.017855,52.947425],[36.017812,52.947457],[36.017747,52.94747],[36.017613,52.947467],[36.017565,52.947476],[36.017463,52.947492],[36.017393,52.947499],[36.017324,52.947505],[36.017238,52.947512],[36.017104,52.947486],[36.017057,52.947462],[36.016988,52.947449]]]}},{"type":"Feature","properties":{"id":686,"area":2.603},"geometry":{"type":"Polygon","coordinates":[[[36.140895,53.008573],[36.140432,53.008676],[36.13966,53.008112],[36.139977,53.007941],[36.140895,53.008573]]]}},{"type":"Feature","properties":{"id":593,"area":590.843},"geometry":{"type":"Polygon","coordinates":[[[36.049005,52.905375],[36.048089,52.905333],[36.046397,52.905729],[36.044728,52.90641],[36.044,52.907019],[36.042237,52.906112],[36.041816,52.906006],[36.041602,52.905914],[36.039258,52.904556],[36.039558,52.904255],[36.038712,52.904312],[36.037184,52.903603],[36.037262,52.902694],[36.037456,52.902384],[36.038739,52.902986],[36.039715,52.902967],[36.039689,52.902491],[36.038332,52.902515],[36.038149,52.900667],[36.039234,52.900999],[36.039563,52.901637],[36.040127,52.90185],[36.040268,52.901368],[36.04377,52.901268],[36.044099,52.901836],[36.044579,52.903353],[36.044404,52.903522],[36.044357,52.903834],[36.045321,52.903707],[36.045328,52.902682],[36.044999,52.90194],[36.044579,52.901716],[36.044809,52.90123],[36.045361,52.901324],[36.045814,52.900971],[36.04648,52.900852],[36.046209,52.902447],[36.049575,52.902006],[36.053041,52.901983],[36.056108,52.901963],[36.05639,52.90236],[36.054171,52.902748],[36.050419,52.903314],[36.045245,52.904012],[36.043226,52.904769],[36.04254,52.905141],[36.042181,52.904926],[36.043205,52.904211],[36.042671,52.903864],[36.041044,52.905238],[36.042113,52.905868],[36.044003,52.904734],[36.045915,52.904333],[36.050602,52.903537],[36.051274,52.903833],[36.051892,52.905347],[36.051345,52.907111],[36.051619,52.907335],[36.054157,52.907137],[36.05521,52.906907],[36.057058,52.906782],[36.058138,52.906526],[36.059015,52.906571],[36.059158,52.906859],[36.059099,52.907469],[36.05899,52.909674],[36.05899,52.910066],[36.059064,52.910393],[36.05897,52.910761],[36.05796,52.910605],[36.052625,52.908848],[36.052507,52.908153],[36.050486,52.908323],[36.048653,52.907473],[36.048535,52.905985],[36.049381,52.905843],[36.049005,52.905375]]]}},{"type":"Feature","properties":{"id":592,"area":19.175},"geometry":{"type":"Polygon","coordinates":[[[36.046017,52.910721],[36.045824,52.910191],[36.047617,52.909966],[36.049771,52.911047],[36.046317,52.910953],[36.046017,52.910721]]]}},{"type":"Feature","properties":{"id":595,"area":1.238},"geometry":{"type":"Polygon","coordinates":[[[36.003649,52.916673],[36.003488,52.916564],[36.004096,52.916206],[36.004116,52.91626],[36.004232,52.916379],[36.004204,52.916433],[36.003784,52.916691],[36.003724,52.916713],[36.003649,52.916673]]]}},{"type":"Feature","properties":{"id":594,"area":9.241},"geometry":{"type":"Polygon","coordinates":[[[36.039556,52.90954],[36.039947,52.909322],[36.041737,52.910066],[36.041391,52.910329],[36.040233,52.910347],[36.040098,52.910003],[36.039571,52.909939],[36.039556,52.90954]]]}},{"type":"Feature","properties":{"id":597,"area":0.005},"geometry":{"type":"Polygon","coordinates":[[[35.999132,52.918274],[35.999073,52.918285],[35.999016,52.918272],[35.999132,52.918274]]]}},{"type":"Feature","properties":{"id":596,"area":0.26},"geometry":{"type":"Polygon","coordinates":[[[36.002372,52.916752],[36.000885,52.91759],[36.001673,52.917098],[36.002372,52.916752]]]}},{"type":"Feature","properties":{"id":599,"area":326.406},"geometry":{"type":"Polygon","coordinates":[[[36.187254,53.030657],[36.1877,53.0312],[36.187315,53.03167],[36.18711,53.032343],[36.191648,53.035424],[36.193151,53.036467],[36.19299,53.036555],[36.190435,53.034812],[36.186875,53.03249],[36.186646,53.032671],[36.173521,53.024079],[36.173435,53.023927],[36.173749,53.02384],[36.174293,53.023718],[36.174465,53.02364],[36.174693,53.023532],[36.179011,53.022419],[36.179245,53.022542],[36.179035,53.022639],[36.179665,53.022931],[36.181039,53.023769],[36.181032,53.0238],[36.178774,53.024833],[36.179171,53.025153],[36.184185,53.026559],[36.183125,53.027428],[36.183974,53.027869],[36.18562,53.029158],[36.185113,53.029789],[36.18628,53.030331],[36.187254,53.030657]]]}},{"type":"Feature","properties":{"id":598,"area":208.942},"geometry":{"type":"Polygon","coordinates":[[[36.005673,52.902586],[36.00633,52.902656],[36.005722,52.902653],[36.004378,52.903576],[36.003931,52.903998],[36.009985,52.907637],[36.010844,52.907995],[36.011759,52.908552],[36.01202,52.908827],[36.015008,52.910594],[36.014312,52.911025],[36.014107,52.911023],[36.014014,52.911093],[36.01416,52.911175],[36.014016,52.911273],[36.013542,52.911553],[36.013436,52.911471],[36.013803,52.91127],[36.013783,52.911137],[36.010818,52.909448],[36.010343,52.909721],[36.006874,52.90772],[36.002501,52.905218],[36.000665,52.906436],[36.000128,52.907196],[35.999815,52.907771],[36.001445,52.908042],[36.003583,52.909647],[36.002346,52.910646],[36.003873,52.911606],[35.998869,52.90874],[36.000612,52.906285],[36.005673,52.902586]]]}},{"type":"Feature","properties":{"id":601,"area":138.757},"geometry":{"type":"Polygon","coordinates":[[[36.123193,52.965825],[36.122603,52.964571],[36.120382,52.964565],[36.120082,52.964339],[36.118321,52.961827],[36.119909,52.96131],[36.122023,52.96363],[36.123739,52.962958],[36.12449,52.963081],[36.124973,52.963191],[36.12558,52.963766],[36.125876,52.964401],[36.126301,52.964775],[36.126245,52.964916],[36.126903,52.965794],[36.127115,52.966165],[36.127089,52.966306],[36.127066,52.966429],[36.126712,52.96674],[36.126393,52.966804],[36.126068,52.96674],[36.12594,52.966549],[36.125218,52.966387],[36.124871,52.966131],[36.123852,52.966429],[36.123933,52.966742],[36.123719,52.966768],[36.123354,52.96607],[36.122195,52.966206],[36.122238,52.96607],[36.123193,52.965825]]]}},{"type":"Feature","properties":{"id":600,"area":347.188},"geometry":{"type":"Polygon","coordinates":[[[36.042391,52.962982],[36.042471,52.962901],[36.042585,52.962805],[36.042732,52.962697],[36.042914,52.962575],[36.043081,52.962467],[36.043235,52.962372],[36.043374,52.962291],[36.043498,52.962224],[36.043626,52.96216],[36.043757,52.962098],[36.043892,52.962038],[36.044029,52.96198],[36.044159,52.961937],[36.04428,52.961909],[36.044393,52.961894],[36.044499,52.961894],[36.044605,52.961898],[36.044712,52.961905],[36.044819,52.961915],[36.044928,52.961929],[36.045052,52.961957],[36.045191,52.961999],[36.045346,52.962056],[36.045517,52.962127],[36.045677,52.962207],[36.045828,52.962295],[36.04597,52.962391],[36.046101,52.962497],[36.046231,52.962619],[36.046359,52.962759],[36.046484,52.962917],[36.046608,52.963092],[36.046725,52.963274],[36.046835,52.963461],[36.046937,52.963655],[36.047032,52.963855],[36.04713,52.964064],[36.04723,52.964284],[36.047332,52.964513],[36.047437,52.964751],[36.04755,52.964975],[36.047671,52.965183],[36.047802,52.965377],[36.04794,52.965556],[36.048072,52.965708],[36.048197,52.965835],[36.048316,52.965936],[36.048427,52.966011],[36.048566,52.966093],[36.048733,52.966182],[36.048927,52.966278],[36.049149,52.966381],[36.04936,52.966471],[36.049561,52.966548],[36.04975,52.966611],[36.049929,52.966661],[36.050057,52.96672],[36.050132,52.966789],[36.050156,52.966866],[36.050127,52.966953],[36.050106,52.967041],[36.05009,52.96713],[36.050081,52.967219],[36.050078,52.96731],[36.050097,52.967394],[36.05014,52.967472],[36.050205,52.967545],[36.050292,52.967611],[36.050366,52.967672],[36.050426,52.967726],[36.050471,52.967775],[36.050503,52.967818],[36.05055,52.967861],[36.050613,52.967904],[36.050691,52.967947],[36.050784,52.967991],[36.05088,52.968035],[36.050977,52.968079],[36.051076,52.968123],[36.051178,52.968167],[36.051266,52.96821],[36.051342,52.968252],[36.051405,52.968294],[36.051455,52.968334],[36.051494,52.968376],[36.05152,52.968419],[36.051533,52.968463],[36.051535,52.968509],[36.05149,52.968551],[36.051398,52.96859],[36.051259,52.968625],[36.051073,52.968657],[36.050928,52.968693],[36.050822,52.968734],[36.050758,52.968778],[36.050733,52.968826],[36.050718,52.968874],[36.050711,52.968922],[36.050713,52.968969],[36.050724,52.969016],[36.05072,52.969059],[36.050701,52.969097],[36.050667,52.969131],[36.050619,52.969161],[36.050582,52.969191],[36.050558,52.969221],[36.050545,52.969251],[36.050543,52.969282],[36.050543,52.969314],[36.050545,52.969348],[36.050547,52.969385],[36.050551,52.969423],[36.050555,52.969458],[36.050558,52.96949],[36.05056,52.969518],[36.050562,52.969543],[36.050552,52.969566],[36.050529,52.969588],[36.050495,52.969607],[36.050447,52.969625],[36.050393,52.969644],[36.050333,52.969665],[36.050265,52.969688],[36.050191,52.969713],[36.050123,52.969729],[36.050062,52.969737],[36.050007,52.969735],[36.049958,52.969725],[36.049913,52.969713],[36.04987,52.969697],[36.04983,52.969678],[36.049793,52.969657],[36.049768,52.96963],[36.049756,52.969599],[36.049757,52.969562],[36.04977,52.96952],[36.049779,52.969486],[36.049782,52.969459],[36.04978,52.969439],[36.049774,52.969426],[36.049685,52.969435],[36.049515,52.969466],[36.049263,52.969518],[36.04893,52.969593],[36.048668,52.969607],[36.048479,52.96956],[36.048362,52.969452],[36.048316,52.969284],[36.048263,52.96916],[36.048201,52.96908],[36.048131,52.969043],[36.048053,52.969051],[36.047992,52.969048],[36.047948,52.969033],[36.047921,52.969008],[36.047912,52.968971],[36.047857,52.96886],[36.047757,52.968676],[36.047612,52.968418],[36.047422,52.968087],[36.047222,52.967843],[36.04701,52.967689],[36.046788,52.967623],[36.046554,52.967645],[36.046245,52.967675],[36.045861,52.967712],[36.045402,52.967757],[36.044867,52.967808],[36.044389,52.967854],[36.043969,52.967895],[36.043606,52.96793],[36.0433,52.967959],[36.043057,52.968003],[36.042877,52.968063],[36.042759,52.968137],[36.042704,52.968227],[36.042654,52.968294],[36.04261,52.968336],[36.042571,52.968355],[36.042537,52.968351],[36.04252,52.968319],[36.042519,52.968259],[36.042534,52.968171],[36.042566,52.968056],[36.04259,52.967961],[36.042607,52.967886],[36.042616,52.96783],[36.042618,52.967794],[36.04261,52.967767],[36.042591,52.967748],[36.042563,52.967739],[36.042525,52.967738],[36.042495,52.967729],[36.042475,52.967713],[36.042464,52.967688],[36.042462,52.967656],[36.042448,52.967632],[36.042424,52.967617],[36.042388,52.967611],[36.042341,52.967614],[36.042297,52.967635],[36.042256,52.967675],[36.042219,52.967733],[36.042184,52.96781],[36.04215,52.967893],[36.042116,52.967981],[36.042083,52.968076],[36.04205,52.968178],[36.042036,52.968284],[36.042039,52.968397],[36.04206,52.968515],[36.042099,52.968638],[36.042124,52.968775],[36.042135,52.968924],[36.042133,52.969086],[36.042117,52.969261],[36.042103,52.969418],[36.042092,52.969557],[36.042082,52.969678],[36.042075,52.969782],[36.042046,52.969867],[36.041996,52.969934],[36.041925,52.969983],[36.041832,52.970015],[36.041774,52.970071],[36.041749,52.970153],[36.041758,52.97026],[36.041801,52.970393],[36.041854,52.9705],[36.041916,52.970582],[36.041988,52.970639],[36.04207,52.970671],[36.04215,52.970742],[36.042227,52.970852],[36.042302,52.971001],[36.042375,52.971189],[36.042413,52.971351],[36.042416,52.971486],[36.042385,52.971595],[36.042319,52.971677],[36.042215,52.971739],[36.042073,52.97178],[36.041893,52.971801],[36.041675,52.971801],[36.041523,52.971785],[36.041438,52.971755],[36.04142,52.971709],[36.041468,52.971648],[36.04152,52.971586],[36.041576,52.971522],[36.041636,52.971456],[36.041699,52.971388],[36.04176,52.971334],[36.041818,52.971294],[36.041873,52.971268],[36.041925,52.971255],[36.04197,52.971232],[36.042008,52.971199],[36.042039,52.971156],[36.042063,52.971102],[36.042061,52.97104],[36.042033,52.970968],[36.041979,52.970887],[36.041899,52.970796],[36.041803,52.9707],[36.041692,52.970598],[36.041565,52.970489],[36.041423,52.970374],[36.041281,52.970228],[36.041141,52.970049],[36.041,52.969839],[36.04086,52.969596],[36.040753,52.969399],[36.040679,52.969247],[36.040637,52.969141],[36.040627,52.969079],[36.040644,52.968973],[36.040687,52.968822],[36.040756,52.968626],[36.040851,52.968384],[36.040939,52.96815],[36.041019,52.967921],[36.041091,52.967699],[36.041156,52.967484],[36.041189,52.967185],[36.04119,52.966804],[36.041158,52.96634],[36.041093,52.965793],[36.04101,52.965385],[36.040906,52.965118],[36.040783,52.96499],[36.04064,52.965002],[36.040478,52.965008],[36.040298,52.965008],[36.040097,52.965001],[36.039878,52.964988],[36.039684,52.964976],[36.039514,52.964965],[36.039369,52.964955],[36.039249,52.964945],[36.039162,52.964926],[36.03911,52.964898],[36.039092,52.964859],[36.039108,52.96481],[36.039177,52.964769],[36.039299,52.964734],[36.039473,52.964706],[36.0397,52.964684],[36.039888,52.964663],[36.040038,52.964643],[36.04015,52.964623],[36.040223,52.964603],[36.040306,52.964577],[36.040398,52.964546],[36.040499,52.964508],[36.04061,52.964465],[36.040725,52.964417],[36.040844,52.964364],[36.040967,52.964306],[36.041094,52.964243],[36.041218,52.964177],[36.041338,52.964107],[36.041455,52.964033],[36.041567,52.963955],[36.041663,52.963884],[36.041743,52.96382],[36.041806,52.963763],[36.041853,52.963713],[36.04191,52.963645],[36.041978,52.963559],[36.042056,52.963456],[36.042145,52.963335],[36.042222,52.963227],[36.042289,52.963132],[36.042346,52.963051],[36.042391,52.962982]]]}},{"type":"Feature","properties":{"id":603,"area":4.961},"geometry":{"type":"Polygon","coordinates":[[[36.011549,52.94729],[36.011365,52.947371],[36.011121,52.947389],[36.010587,52.94738],[36.010086,52.947462],[36.009891,52.947597],[36.006766,52.947699],[36.007107,52.947532],[36.011549,52.94729]]]}},{"type":"Feature","properties":{"id":602,"area":18.941},"geometry":{"type":"Polygon","coordinates":[[[36.010424,52.951909],[36.010577,52.951922],[36.010437,52.953058],[36.010483,52.953164],[36.010402,52.953168],[36.010279,52.953135],[36.010134,52.953048],[36.009243,52.953061],[36.009217,52.951946],[36.00982,52.951872],[36.009801,52.951802],[36.009815,52.951752],[36.009874,52.95172],[36.009965,52.951731],[36.010064,52.951817],[36.010252,52.951825],[36.010306,52.951702],[36.010314,52.951571],[36.010231,52.951511],[36.010104,52.951466],[36.010354,52.951164],[36.010327,52.95103],[36.008865,52.948282],[36.008914,52.94823],[36.008998,52.948193],[36.009101,52.948165],[36.01056,52.951057],[36.010603,52.951173],[36.010617,52.95161],[36.010464,52.951731],[36.010424,52.951909]]]}},{"type":"Feature","properties":{"id":605,"area":212.282},"geometry":{"type":"Polygon","coordinates":[[[36.13252,52.985542],[36.130949,52.987641],[36.131763,52.988549],[36.131992,52.989054],[36.132974,52.990292],[36.131819,52.990458],[36.131646,52.990456],[36.13149,52.990455],[36.131271,52.990361],[36.13119,52.990242],[36.130799,52.990184],[36.130248,52.990041],[36.129991,52.989675],[36.128979,52.989866],[36.127921,52.989299],[36.12733,52.989266],[36.127048,52.989078],[36.126578,52.989181],[36.126313,52.989209],[36.125444,52.989285],[36.125119,52.989326],[36.124438,52.98888],[36.123384,52.987875],[36.125277,52.98632],[36.128396,52.986012],[36.130538,52.985237],[36.13252,52.985542]]]}},{"type":"Feature","properties":{"id":604,"area":46.206},"geometry":{"type":"Polygon","coordinates":[[[36.132494,52.990434],[36.13326,52.990375],[36.13358,52.990356],[36.13409,52.990713],[36.134104,52.990719],[36.134563,52.991208],[36.134094,52.991522],[36.135445,52.99241],[36.135567,52.992149],[36.136274,52.9926],[36.133139,52.992752],[36.132381,52.99239],[36.131912,52.992011],[36.131611,52.991444],[36.13171,52.990943],[36.13199,52.990566],[36.132494,52.990434]]]}},{"type":"Feature","properties":{"id":607,"area":0.003},"geometry":{"type":"Polygon","coordinates":[[[36.002792,52.94745],[36.002809,52.947443],[36.00284,52.947476],[36.002792,52.94745]]]}},{"type":"Feature","properties":{"id":606,"area":71.687},"geometry":{"type":"Polygon","coordinates":[[[36.135039,52.992872],[36.1367,52.992853],[36.137351,52.992685],[36.137951,52.992853],[36.138204,52.992847],[36.139054,52.992827],[36.139922,52.992857],[36.140445,52.992733],[36.140489,52.992493],[36.140834,52.992579],[36.14102,52.992953],[36.140723,52.993202],[36.140982,52.99381],[36.141555,52.993565],[36.141861,52.993875],[36.141807,52.994136],[36.141604,52.994361],[36.141814,52.9946],[36.141524,52.994637],[36.140809,52.994781],[36.140298,52.994692],[36.139738,52.994892],[36.139423,52.994848],[36.139047,52.994933],[36.138672,52.994763],[36.138333,52.994729],[36.138037,52.994614],[36.137692,52.994685],[36.137358,52.99467],[36.137326,52.994283],[36.137257,52.99424],[36.135039,52.992872]]]}},{"type":"Feature","properties":{"id":577,"area":192.454},"geometry":{"type":"Polygon","coordinates":[[[36.060254,52.919161],[36.058683,52.918469],[36.057236,52.917838],[36.055795,52.917132],[36.054263,52.916301],[36.053318,52.915626],[36.054851,52.915398],[36.058318,52.914852],[36.059225,52.914709],[36.059795,52.915263],[36.059599,52.915337],[36.05784,52.915921],[36.060608,52.917372],[36.061495,52.917733],[36.064819,52.919667],[36.065496,52.919703],[36.066384,52.920011],[36.06759,52.920343],[36.067745,52.920576],[36.068201,52.921215],[36.068293,52.921386],[36.068332,52.921497],[36.068307,52.92166],[36.068207,52.9217],[36.068038,52.921702],[36.067,52.921418],[36.06496,52.920842],[36.063235,52.920303],[36.061687,52.919774],[36.060254,52.919161]]]}},{"type":"Feature","properties":{"id":576,"area":42.864},"geometry":{"type":"Polygon","coordinates":[[[36.051095,52.911258],[36.056401,52.911301],[36.056028,52.911947],[36.05539,52.912607],[36.055547,52.912818],[36.054776,52.913246],[36.05391,52.912709],[36.053381,52.912724],[36.053035,52.912484],[36.051095,52.911258]]]}},{"type":"Feature","properties":{"id":579,"area":14.175},"geometry":{"type":"Polygon","coordinates":[[[36.105989,52.931965],[36.10618,52.932011],[36.106283,52.931939],[36.110831,52.933027],[36.110928,52.933216],[36.114947,52.934275],[36.114838,52.934427],[36.106211,52.932106],[36.105856,52.932031],[36.105901,52.93197],[36.105989,52.931965]]]}},{"type":"Feature","properties":{"id":578,"area":62.353},"geometry":{"type":"Polygon","coordinates":[[[36.057973,52.919347],[36.057905,52.919276],[36.057786,52.919226],[36.057615,52.919197],[36.057392,52.91919],[36.057182,52.919138],[36.056983,52.919043],[36.056796,52.918904],[36.056622,52.918721],[36.056417,52.918546],[36.056181,52.918379],[36.055914,52.91822],[36.055616,52.91807],[36.055395,52.917935],[36.055251,52.917816],[36.055185,52.917713],[36.055195,52.917626],[36.055221,52.917553],[36.055263,52.917496],[36.055321,52.917454],[36.055395,52.917427],[36.055569,52.917464],[36.055842,52.917563],[36.056214,52.917727],[36.056687,52.917953],[36.057172,52.918182],[36.05767,52.918411],[36.05818,52.918642],[36.058704,52.918874],[36.059205,52.919092],[36.059685,52.919295],[36.060143,52.919483],[36.060579,52.919658],[36.061022,52.919827],[36.061472,52.919992],[36.061929,52.920153],[36.062392,52.920309],[36.06293,52.920482],[36.063544,52.920672],[36.064234,52.92088],[36.064998,52.921104],[36.065621,52.921286],[36.066102,52.921427],[36.066442,52.921525],[36.06664,52.92158],[36.066956,52.921665],[36.06739,52.92178],[36.067942,52.921923],[36.068612,52.922096],[36.069131,52.922236],[36.0695,52.922344],[36.069718,52.922419],[36.069786,52.922461],[36.069853,52.922501],[36.069921,52.92254],[36.069988,52.922576],[36.070055,52.922611],[36.070129,52.922641],[36.070212,52.922668],[36.070301,52.922692],[36.070398,52.922712],[36.070583,52.922759],[36.070858,52.922832],[36.07122,52.922933],[36.071671,52.923061],[36.072105,52.923182],[36.072523,52.923296],[36.072923,52.923403],[36.073307,52.923504],[36.073826,52.923641],[36.074482,52.923814],[36.075275,52.924023],[36.076203,52.924268],[36.076894,52.924456],[36.077347,52.924589],[36.077562,52.924666],[36.07754,52.924686],[36.077264,52.924637],[36.076735,52.924517],[36.075953,52.924328],[36.074918,52.924069],[36.074099,52.923859],[36.073498,52.923699],[36.073114,52.923589],[36.072948,52.923529],[36.072763,52.92347],[36.072559,52.923413],[36.072337,52.923357],[36.072097,52.923302],[36.07178,52.923224],[36.071386,52.92312],[36.070914,52.922992],[36.070365,52.92284],[36.069861,52.922699],[36.069402,52.922569],[36.068989,52.922451],[36.068621,52.922344],[36.068194,52.922226],[36.067708,52.922097],[36.067163,52.921957],[36.066559,52.921805],[36.066024,52.92167],[36.065558,52.92155],[36.065161,52.921447],[36.064833,52.92136],[36.06451,52.921278],[36.064192,52.921201],[36.063879,52.921129],[36.063572,52.921062],[36.063023,52.920925],[36.062232,52.920719],[36.0612,52.920443],[36.059925,52.920098],[36.058965,52.919815],[36.05832,52.919596],[36.057989,52.91944],[36.057973,52.919347]]]}},{"type":"Feature","properties":{"id":581,"area":4.868},"geometry":{"type":"Polygon","coordinates":[[[36.028236,52.929129],[36.025579,52.927653],[36.025723,52.92756],[36.026215,52.927817],[36.02656,52.927953],[36.028616,52.929074],[36.028236,52.929129]]]}},{"type":"Feature","properties":{"id":580,"area":16.266},"geometry":{"type":"Polygon","coordinates":[[[36.056254,52.913203],[36.0572,52.913782],[36.057932,52.914333],[36.057589,52.914446],[36.057311,52.9143],[36.057185,52.914337],[36.056838,52.914488],[36.056509,52.914542],[36.054943,52.913616],[36.05511,52.913409],[36.055584,52.913136],[36.055969,52.91306],[36.056254,52.913203]]]}},{"type":"Feature","properties":{"id":583,"area":5.707},"geometry":{"type":"Polygon","coordinates":[[[36.009243,52.917122],[36.008762,52.917194],[36.008627,52.917198],[36.00843,52.917078],[36.008451,52.917021],[36.008223,52.91689],[36.00873,52.91656],[36.010499,52.915386],[36.010563,52.915501],[36.009554,52.916138],[36.009049,52.916542],[36.009356,52.916774],[36.009385,52.916921],[36.009243,52.917122]]]}},{"type":"Feature","properties":{"id":582,"area":171.544},"geometry":{"type":"Polygon","coordinates":[[[36.112757,52.931047],[36.113021,52.931468],[36.111854,52.932868],[36.108954,52.932179],[36.105368,52.931243],[36.099544,52.929647],[36.099749,52.929335],[36.101277,52.929611],[36.103864,52.930083],[36.104261,52.92951],[36.105236,52.929364],[36.105621,52.928356],[36.109062,52.929604],[36.112757,52.931047]]]}},{"type":"Feature","properties":{"id":585,"area":1.108},"geometry":{"type":"Polygon","coordinates":[[[36.00746,52.917885],[36.007809,52.918065],[36.007855,52.918114],[36.007778,52.918172],[36.007687,52.918156],[36.006768,52.917637],[36.006829,52.917592],[36.0068,52.917572],[36.006716,52.917568],[36.006655,52.917527],[36.00672,52.917486],[36.00746,52.917885]]]}},{"type":"Feature","properties":{"id":584,"area":6.368},"geometry":{"type":"Polygon","coordinates":[[[36.018394,52.923201],[36.018791,52.922827],[36.020405,52.92345],[36.020008,52.923824],[36.018394,52.923201]]]}},{"type":"Feature","properties":{"id":587,"area":3.844},"geometry":{"type":"Polygon","coordinates":[[[36.021169,52.904415],[36.021339,52.904992],[36.02496,52.90524],[36.02458,52.905497],[36.022964,52.905219],[36.021304,52.905025],[36.021169,52.904415]]]}},{"type":"Feature","properties":{"id":586,"area":0.136},"geometry":{"type":"Polygon","coordinates":[[[36.025787,52.904681],[36.025524,52.904859],[36.025647,52.904637],[36.025787,52.904681]]]}},{"type":"Feature","properties":{"id":589,"area":69.137},"geometry":{"type":"Polygon","coordinates":[[[36.048483,52.909531],[36.048411,52.909168],[36.049482,52.909088],[36.050733,52.909306],[36.054067,52.909901],[36.054235,52.910271],[36.056726,52.910793],[36.056642,52.911055],[36.050493,52.911062],[36.049554,52.910206],[36.048892,52.910213],[36.048315,52.909712],[36.048483,52.909531]]]}},{"type":"Feature","properties":{"id":588,"area":26.627},"geometry":{"type":"Polygon","coordinates":[[[36.037748,52.905035],[36.038782,52.904978],[36.04125,52.906098],[36.040991,52.906438],[36.040709,52.906934],[36.039652,52.906892],[36.038735,52.90624],[36.037748,52.905035]]]}},{"type":"Feature","properties":{"id":591,"area":35.838},"geometry":{"type":"Polygon","coordinates":[[[36.047717,52.909644],[36.045783,52.909957],[36.044776,52.910112],[36.043768,52.910175],[36.042971,52.909894],[36.040865,52.909041],[36.040784,52.908779],[36.043745,52.90885],[36.044615,52.90929],[36.046871,52.909417],[36.047717,52.909644]]]}},{"type":"Feature","properties":{"id":590,"area":1.288},"geometry":{"type":"Polygon","coordinates":[[[36.026503,52.903103],[36.027078,52.901949],[36.027223,52.901973],[36.025853,52.904308],[36.025834,52.904302],[36.026503,52.903103]]]}},{"type":"Feature","properties":{"id":625,"area":5.818},"geometry":{"type":"Polygon","coordinates":[[[36.120624,52.966135],[36.120849,52.966494],[36.121096,52.966636],[36.121219,52.966849],[36.121337,52.96726],[36.121268,52.968032],[36.121091,52.968038],[36.120978,52.967974],[36.120871,52.967767],[36.120892,52.967518],[36.120812,52.967114],[36.120533,52.966726],[36.120602,52.966503],[36.12049,52.96609],[36.120624,52.966135]]]}},{"type":"Feature","properties":{"id":624,"area":16.575},"geometry":{"type":"Polygon","coordinates":[[[36.11534,52.963059],[36.115528,52.963256],[36.116016,52.963651],[36.116209,52.96378],[36.116434,52.963712],[36.116252,52.963479],[36.116526,52.963482],[36.116901,52.963644],[36.11718,52.964306],[36.117432,52.964672],[36.117872,52.965557],[36.117647,52.965605],[36.117899,52.966122],[36.117684,52.966258],[36.117733,52.966555],[36.117952,52.966807],[36.117942,52.966898],[36.117706,52.966726],[36.117201,52.966145],[36.117169,52.965993],[36.117346,52.965877],[36.117303,52.965783],[36.117046,52.96535],[36.11689,52.965024],[36.116644,52.964639],[36.115919,52.96376],[36.115715,52.963596],[36.115238,52.963188],[36.115211,52.963088],[36.11534,52.963059]]]}},{"type":"Feature","properties":{"id":627,"area":4.912},"geometry":{"type":"Polygon","coordinates":[[[36.119714,52.96845],[36.119356,52.968249],[36.119303,52.968142],[36.11938,52.968063],[36.119344,52.967978],[36.119238,52.967953],[36.119112,52.967858],[36.119145,52.96776],[36.119063,52.967674],[36.118811,52.967601],[36.11858,52.967297],[36.118669,52.967243],[36.118771,52.967351],[36.119271,52.967733],[36.120633,52.968521],[36.120641,52.968825],[36.120563,52.96882],[36.120417,52.968764],[36.119893,52.968492],[36.119714,52.96845]]]}},{"type":"Feature","properties":{"id":626,"area":9.037},"geometry":{"type":"Polygon","coordinates":[[[36.119921,52.96894],[36.119815,52.968933],[36.119714,52.968942],[36.119531,52.968786],[36.119311,52.968729],[36.1191,52.968573],[36.118966,52.968436],[36.118868,52.968443],[36.118567,52.968465],[36.11851,52.968426],[36.118433,52.968267],[36.118291,52.968257],[36.118157,52.968103],[36.1181,52.96789],[36.117823,52.967762],[36.117779,52.967706],[36.117823,52.96762],[36.117876,52.967559],[36.117718,52.967542],[36.117608,52.967486],[36.117543,52.96737],[36.117608,52.96726],[36.11775,52.967165],[36.11786,52.967128],[36.11801,52.96717],[36.118246,52.967282],[36.118258,52.967366],[36.118177,52.967486],[36.118242,52.967576],[36.118275,52.967691],[36.118454,52.968174],[36.118547,52.96821],[36.118673,52.968176],[36.118531,52.96797],[36.118559,52.967904],[36.118653,52.967887],[36.118787,52.9681],[36.118966,52.968262],[36.119555,52.968624],[36.120039,52.968844],[36.120629,52.969084],[36.120596,52.96917],[36.120466,52.969241],[36.120336,52.969202],[36.12025,52.969231],[36.120222,52.969312],[36.120055,52.969314],[36.120076,52.969503],[36.120011,52.969696],[36.119868,52.969743],[36.119811,52.969633],[36.119795,52.969371],[36.119718,52.969065],[36.119913,52.968996],[36.119921,52.96894]]]}},{"type":"Feature","properties":{"id":629,"area":10.536},"geometry":{"type":"Polygon","coordinates":[[[36.115896,52.965436],[36.116185,52.965468],[36.116437,52.965595],[36.116921,52.966082],[36.117376,52.966653],[36.117673,52.966895],[36.117689,52.966984],[36.117608,52.967037],[36.117405,52.966913],[36.117262,52.966962],[36.116738,52.966602],[36.116348,52.966472],[36.116059,52.966509],[36.11595,52.966426],[36.115441,52.965546],[36.11553,52.965448],[36.115896,52.965436]]]}},{"type":"Feature","properties":{"id":628,"area":5.809},"geometry":{"type":"Polygon","coordinates":[[[36.118953,53.005763],[36.119287,53.005746],[36.119477,53.005783],[36.11977,53.005913],[36.119989,53.006089],[36.119859,53.006348],[36.119701,53.006549],[36.119599,53.006593],[36.119099,53.006412],[36.118729,53.006267],[36.118607,53.00616],[36.118603,53.006059],[36.118721,53.005876],[36.118953,53.005763]]]}},{"type":"Feature","properties":{"id":631,"area":111.99},"geometry":{"type":"Polygon","coordinates":[[[36.002842,52.938113],[36.00251,52.938169],[36.002616,52.938267],[36.003635,52.938783],[36.003756,52.938587],[36.004046,52.938485],[36.004492,52.938596],[36.004881,52.938851],[36.005171,52.93909],[36.005051,52.939227],[36.004754,52.939291],[36.004428,52.939368],[36.005391,52.939735],[36.005929,52.940072],[36.006396,52.940724],[36.006304,52.941044],[36.006021,52.94121],[36.006233,52.941377],[36.006707,52.941407],[36.00687,52.941377],[36.007026,52.941505],[36.007125,52.941731],[36.007358,52.941859],[36.007366,52.942076],[36.006806,52.942226],[36.006544,52.942128],[36.006304,52.941991],[36.005893,52.941919],[36.005511,52.941803],[36.004308,52.94156],[36.004088,52.941283],[36.003883,52.94121],[36.003614,52.941172],[36.003317,52.941283],[36.003147,52.941198],[36.003642,52.940852],[36.003947,52.940741],[36.004216,52.940827],[36.004244,52.94101],[36.004194,52.941065],[36.004301,52.941091],[36.004463,52.941027],[36.004584,52.941023],[36.004789,52.941048],[36.004839,52.941104],[36.004824,52.941193],[36.004867,52.941321],[36.004994,52.941364],[36.005334,52.941236],[36.005631,52.94107],[36.005377,52.940942],[36.005001,52.940869],[36.004824,52.940733],[36.004336,52.940724],[36.004032,52.94066],[36.003777,52.940536],[36.003819,52.940251],[36.004053,52.94005],[36.004492,52.940003],[36.004761,52.939935],[36.004831,52.93979],[36.00469,52.939645],[36.004187,52.939479],[36.003784,52.939474],[36.003678,52.939389],[36.003536,52.939376],[36.003366,52.939427],[36.003196,52.939308],[36.003027,52.939372],[36.00314,52.93947],[36.003034,52.93956],[36.0028,52.939598],[36.002666,52.939705],[36.002736,52.939811],[36.00275,52.939884],[36.002566,52.939918],[36.002163,52.940046],[36.001951,52.940084],[36.00188,52.93999],[36.001816,52.939858],[36.001611,52.939905],[36.001462,52.940054],[36.001349,52.940003],[36.001391,52.939841],[36.001406,52.939594],[36.001618,52.93944],[36.001823,52.939376],[36.00166,52.939342],[36.001377,52.939398],[36.001207,52.939346],[36.001023,52.939312],[36.000726,52.939206],[36.000563,52.939124],[36.000415,52.939218],[36.0005,52.939363],[36.000492,52.939491],[36.000301,52.939525],[36.000195,52.939393],[36.000153,52.939206],[35.999877,52.939039],[35.999905,52.938869],[36.000167,52.938728],[36.000068,52.938523],[35.999827,52.938433],[35.999891,52.938259],[36.000323,52.938075],[36.000514,52.937879],[36.000337,52.937759],[36.000174,52.937828],[35.999976,52.937921],[35.999799,52.937661],[35.999551,52.937435],[35.999346,52.937384],[35.999126,52.937363],[35.998815,52.937256],[35.998574,52.937209],[35.998468,52.937418],[35.998227,52.937503],[35.998128,52.937606],[35.998284,52.937772],[35.998086,52.93787],[35.997895,52.937811],[35.99793,52.937606],[35.997678,52.937543],[35.997976,52.936954],[35.998315,52.936282],[36.000186,52.937077],[36.000831,52.93688],[36.001362,52.936862],[36.001512,52.936949],[36.001554,52.937119],[36.001689,52.937149],[36.002,52.937128],[36.002128,52.937226],[36.002184,52.937491],[36.002269,52.93764],[36.002609,52.937866],[36.002906,52.937947],[36.002842,52.938113]]]}},{"type":"Feature","properties":{"id":630,"area":16.713},"geometry":{"type":"Polygon","coordinates":[[[36.046015,52.912616],[36.046118,52.912453],[36.045586,52.912154],[36.045361,52.912205],[36.04467,52.911839],[36.044652,52.911659],[36.044586,52.911461],[36.047743,52.913258],[36.050592,52.914784],[36.050601,52.914987],[36.05034,52.915151],[36.047818,52.913709],[36.046015,52.912616]]]}},{"type":"Feature","properties":{"id":633,"area":8.486},"geometry":{"type":"Polygon","coordinates":[[[36.068196,52.920258],[36.068672,52.920478],[36.069424,52.921674],[36.069317,52.921874],[36.06878,52.92175],[36.068593,52.921567],[36.067776,52.92034],[36.067981,52.920382],[36.068014,52.920289],[36.068196,52.920258]]]}},{"type":"Feature","properties":{"id":632,"area":2.303},"geometry":{"type":"Polygon","coordinates":[[[36.011477,52.947396],[36.011843,52.947376],[36.011993,52.947342],[36.012092,52.94727],[36.013216,52.94723],[36.013129,52.947309],[36.012748,52.947466],[36.011345,52.947535],[36.011366,52.947477],[36.011477,52.947396]]]}},{"type":"Feature","properties":{"id":635,"area":3.112},"geometry":{"type":"Polygon","coordinates":[[[36.172331,53.02313],[36.172834,53.022891],[36.173351,53.022862],[36.173322,53.023002],[36.173117,53.023296],[36.172799,53.023581],[36.172494,53.023389],[36.172331,53.02313]]]}},{"type":"Feature","properties":{"id":634,"area":16.432},"geometry":{"type":"Polygon","coordinates":[[[36.000479,52.945852],[36.000479,52.945852],[36.000479,52.945852],[36.000379,52.945924],[36.000441,52.946004],[36.000898,52.946165],[36.001775,52.946752],[36.00233,52.947123],[36.002256,52.947115],[36.000872,52.946437],[36.000513,52.946252],[36.000153,52.946146],[36.000085,52.946138],[35.999948,52.946073],[35.998972,52.945858],[35.998469,52.945574],[35.997739,52.945331],[35.996892,52.945446],[35.995903,52.94546],[35.995769,52.945351],[35.995903,52.945044],[35.9964,52.944999],[35.997063,52.944963],[35.997348,52.944914],[36.000479,52.945852]]]}},{"type":"Feature","properties":{"id":637,"area":2.701},"geometry":{"type":"Polygon","coordinates":[[[36.11204,53.003435],[36.111974,53.003311],[36.113254,53.002934],[36.113282,53.003035],[36.112806,53.003513],[36.11204,53.003435]]]}},{"type":"Feature","properties":{"id":636,"area":0.564},"geometry":{"type":"Polygon","coordinates":[[[36.048616,52.950192],[36.048716,52.950292],[36.048707,52.950358],[36.048583,52.950318],[36.047878,52.950022],[36.048498,52.950127],[36.048616,52.950192]]]}},{"type":"Feature","properties":{"id":639,"area":49.553},"geometry":{"type":"Polygon","coordinates":[[[36.103136,52.998157],[36.102881,52.998421],[36.102428,52.998446],[36.103179,52.995081],[36.104764,52.995498],[36.105387,52.99589],[36.105416,52.99647],[36.105416,52.997049],[36.105161,52.997415],[36.104269,52.998063],[36.103773,52.99802],[36.103136,52.998157]]]}},{"type":"Feature","properties":{"id":638,"area":23.845},"geometry":{"type":"Polygon","coordinates":[[[36.110984,53.002783],[36.111414,53.002367],[36.111928,53.002457],[36.111635,53.002175],[36.11215,53.00157],[36.112486,53.001564],[36.112696,53.00167],[36.112957,53.001637],[36.114046,53.001887],[36.114258,53.001811],[36.114424,53.001906],[36.11379,53.002582],[36.113087,53.002769],[36.112497,53.003007],[36.112105,53.003131],[36.11176,53.00303],[36.111377,53.003255],[36.111143,53.003176],[36.110891,53.003024],[36.110984,53.002783]]]}},{"type":"Feature","properties":{"id":609,"area":1.832},"geometry":{"type":"Polygon","coordinates":[[[36.142167,53.021854],[36.142088,53.022068],[36.141966,53.021804],[36.141754,53.021524],[36.141683,53.021543],[36.141614,53.021471],[36.141689,53.021443],[36.141446,53.021123],[36.141304,53.021187],[36.140616,53.020703],[36.140503,53.020624],[36.140845,53.02076],[36.141298,53.021097],[36.141716,53.021148],[36.142167,53.021854]]]}},{"type":"Feature","properties":{"id":608,"area":0.017},"geometry":{"type":"Polygon","coordinates":[[[36.138675,53.020024],[36.138543,53.020026],[36.138485,53.020009],[36.138694,53.020014],[36.138675,53.020024]]]}},{"type":"Feature","properties":{"id":611,"area":116.514},"geometry":{"type":"Polygon","coordinates":[[[36.054039,52.930663],[36.055648,52.931931],[36.056941,52.932828],[36.057506,52.93326],[36.058773,52.934198],[36.05957,52.934767],[36.060092,52.935026],[36.060445,52.935414],[36.061241,52.936054],[36.06225,52.936824],[36.064357,52.938049],[36.065963,52.938558],[36.068568,52.939124],[36.06846,52.939428],[36.068316,52.939472],[36.068024,52.939455],[36.067184,52.939318],[36.064427,52.938376],[36.062713,52.937423],[36.061887,52.936797],[36.060979,52.936138],[36.06055,52.936037],[36.060443,52.935968],[36.060597,52.935752],[36.059814,52.935307],[36.059089,52.934789],[36.058516,52.934259],[36.058107,52.934048],[36.057725,52.933828],[36.057244,52.933356],[36.056662,52.93355],[36.055732,52.932833],[36.055323,52.933017],[36.054468,52.93241],[36.054472,52.932273],[36.054245,52.932063],[36.054482,52.931933],[36.054792,52.931909],[36.054891,52.931798],[36.054814,52.931638],[36.054686,52.93157],[36.054374,52.931594],[36.049629,52.928936],[36.049107,52.928729],[36.048599,52.928458],[36.03934,52.924858],[36.039697,52.92459],[36.043192,52.925767],[36.045488,52.926711],[36.047666,52.92761],[36.049801,52.928419],[36.051925,52.92935],[36.054039,52.930663]]]}},{"type":"Feature","properties":{"id":610,"area":5.972},"geometry":{"type":"Polygon","coordinates":[[[36.04586,52.929992],[36.04652,52.929674],[36.046882,52.929661],[36.047169,52.929725],[36.047358,52.929888],[36.045959,52.930596],[36.045801,52.930626],[36.045734,52.930551],[36.045706,52.930388],[36.045842,52.930253],[36.04584,52.93015],[36.04586,52.929992]]]}},{"type":"Feature","properties":{"id":613,"area":1813.407},"geometry":{"type":"Polygon","coordinates":[[[36.158104,52.955759],[36.158197,52.955621],[36.158311,52.955491],[36.158447,52.955369],[36.158605,52.955255],[36.158753,52.955119],[36.15889,52.954962],[36.159016,52.954782],[36.159132,52.95458],[36.159207,52.954402],[36.159242,52.954246],[36.159236,52.954114],[36.159189,52.954005],[36.159172,52.953895],[36.159186,52.953786],[36.159231,52.953677],[36.159306,52.953568],[36.159393,52.953464],[36.159491,52.953364],[36.159601,52.953268],[36.159723,52.953177],[36.159858,52.953081],[36.160007,52.952979],[36.16017,52.952873],[36.160347,52.952761],[36.160523,52.952658],[36.160699,52.952564],[36.160873,52.952478],[36.161047,52.9524],[36.161205,52.952339],[36.161347,52.952293],[36.161473,52.952263],[36.161583,52.952249],[36.161969,52.952204],[36.16263,52.952129],[36.163567,52.952023],[36.164779,52.951887],[36.165734,52.951781],[36.16643,52.951705],[36.166867,52.951659],[36.167047,52.951643],[36.1672,52.951639],[36.167327,52.951647],[36.167428,52.951668],[36.167502,52.951701],[36.167562,52.951736],[36.167609,52.951771],[36.167642,52.951808],[36.167662,52.951846],[36.16769,52.951864],[36.167728,52.951864],[36.167775,52.951845],[36.167831,52.951807],[36.167906,52.951776],[36.168,52.951753],[36.168112,52.951736],[36.168244,52.951727],[36.168471,52.951847],[36.168794,52.952097],[36.169212,52.952475],[36.169726,52.952982],[36.170217,52.953508],[36.170685,52.954054],[36.171129,52.954619],[36.171549,52.955203],[36.172249,52.956193],[36.173227,52.957589],[36.174485,52.95939],[36.176021,52.961597],[36.177137,52.963264],[36.177833,52.964393],[36.178108,52.964982],[36.177963,52.965031],[36.177756,52.965104],[36.177485,52.965199],[36.177151,52.965317],[36.176754,52.965458],[36.17632,52.9656],[36.175848,52.965745],[36.17534,52.965893],[36.174793,52.966043],[36.174084,52.966181],[36.17321,52.966307],[36.172174,52.966422],[36.170973,52.966526],[36.169921,52.966648],[36.169017,52.966789],[36.168261,52.966949],[36.167654,52.967129],[36.16707,52.967284],[36.166511,52.967414],[36.165975,52.96752],[36.165464,52.967602],[36.16489,52.96777],[36.164254,52.968026],[36.163555,52.968368],[36.162794,52.968797],[36.162026,52.969068],[36.161253,52.96918],[36.160473,52.969133],[36.159687,52.968928],[36.159053,52.968673],[36.158573,52.968369],[36.158246,52.968016],[36.158072,52.967613],[36.157877,52.967239],[36.157663,52.966895],[36.157429,52.96658],[36.157176,52.966294],[36.157026,52.965791],[36.156982,52.96507],[36.157042,52.964132],[36.157206,52.962977],[36.157234,52.962031],[36.157126,52.961294],[36.156882,52.960765],[36.156501,52.960445],[36.156179,52.960092],[36.155917,52.959706],[36.155713,52.959288],[36.155568,52.958836],[36.155484,52.95847],[36.155461,52.95819],[36.155498,52.957994],[36.155596,52.957884],[36.155684,52.957823],[36.155763,52.957811],[36.155832,52.957847],[36.155892,52.957932],[36.155965,52.958004],[36.156052,52.958063],[36.156153,52.95811],[36.156267,52.958143],[36.156414,52.958062],[36.156593,52.957866],[36.156804,52.957555],[36.157048,52.957129],[36.157263,52.956786],[36.157449,52.956528],[36.157607,52.956352],[36.157736,52.956261],[36.15785,52.956156],[36.157949,52.956037],[36.158034,52.955905],[36.158104,52.955759]],[[36.164959,52.957536],[36.164924,52.957534],[36.164888,52.957536],[36.164853,52.957543],[36.164816,52.957556],[36.164756,52.957574],[36.164671,52.957599],[36.164561,52.957631],[36.164427,52.957669],[36.164358,52.957724],[36.164354,52.957796],[36.164415,52.957886],[36.164541,52.957992],[36.164662,52.958066],[36.164778,52.958108],[36.164889,52.958117],[36.164995,52.958094],[36.165086,52.958069],[36.165162,52.958044],[36.165224,52.958017],[36.165271,52.95799],[36.165302,52.957963],[36.165316,52.957937],[36.165313,52.957911],[36.165295,52.957886],[36.165272,52.957865],[36.165246,52.957847],[36.165216,52.957833],[36.165183,52.957822],[36.165149,52.957807],[36.165115,52.957787],[36.16508,52.957763],[36.165045,52.957734],[36.165021,52.957707],[36.165009,52.957682],[36.165007,52.957659],[36.165016,52.957638],[36.165024,52.957619],[36.165031,52.957602],[36.165036,52.957587],[36.16504,52.957574],[36.165035,52.957562],[36.165019,52.957552],[36.164994,52.957543],[36.164959,52.957536]],[[36.165997,52.959519],[36.166025,52.959503],[36.166023,52.959476],[36.165993,52.959439],[36.165934,52.959392],[36.165865,52.959364],[36.165786,52.959356],[36.165697,52.959366],[36.165598,52.959395],[36.165488,52.959424],[36.165367,52.959453],[36.165236,52.959482],[36.165093,52.959511],[36.164959,52.959544],[36.164833,52.95958],[36.164715,52.95962],[36.164605,52.959664],[36.164486,52.959683],[36.164357,52.959677],[36.164219,52.959647],[36.164071,52.959592],[36.163933,52.959558],[36.163803,52.959544],[36.163681,52.959551],[36.163569,52.959578],[36.163508,52.959616],[36.1635,52.959663],[36.163544,52.959721],[36.163641,52.959789],[36.163721,52.959856],[36.163784,52.959922],[36.16383,52.959988],[36.16386,52.960052],[36.163862,52.960119],[36.163838,52.960189],[36.163787,52.960261],[36.163709,52.960335],[36.163626,52.960396],[36.163538,52.960444],[36.163444,52.960478],[36.163345,52.960499],[36.163251,52.960508],[36.163162,52.960506],[36.163079,52.960492],[36.163001,52.960466],[36.162928,52.960437],[36.162858,52.960406],[36.162792,52.960371],[36.16273,52.960334],[36.162663,52.960301],[36.162591,52.960271],[36.162513,52.960245],[36.16243,52.960222],[36.162368,52.960214],[36.162328,52.960222],[36.162309,52.960244],[36.162312,52.960281],[36.16229,52.960337],[36.162242,52.96041],[36.16217,52.960503],[36.162072,52.960614],[36.162067,52.960686],[36.162154,52.960721],[36.162334,52.960718],[36.162606,52.960677],[36.162806,52.960654],[36.162936,52.96065],[36.162995,52.960665],[36.162983,52.960699],[36.162982,52.960733],[36.162993,52.960765],[36.163015,52.960796],[36.163049,52.960827],[36.16304,52.960861],[36.16299,52.960899],[36.162898,52.960941],[36.162764,52.960986],[36.162619,52.961031],[36.162463,52.961077],[36.162297,52.961122],[36.16212,52.961167],[36.161968,52.96121],[36.161841,52.96125],[36.161738,52.961288],[36.16166,52.961324],[36.161619,52.96136],[36.161613,52.961397],[36.161644,52.961435],[36.161711,52.961474],[36.161753,52.961515],[36.161771,52.961557],[36.161763,52.9616],[36.161731,52.961645],[36.161702,52.961699],[36.161675,52.961762],[36.161651,52.961834],[36.161629,52.961915],[36.161629,52.961975],[36.161651,52.962013],[36.161694,52.962029],[36.161758,52.962024],[36.161806,52.962006],[36.161837,52.961975],[36.161851,52.96193],[36.161848,52.961872],[36.16188,52.961828],[36.161947,52.9618],[36.162049,52.961787],[36.162186,52.961788],[36.162327,52.961778],[36.162473,52.961756],[36.162624,52.961723],[36.16278,52.961678],[36.162936,52.961634],[36.163091,52.961593],[36.163247,52.961554],[36.163402,52.961517],[36.163557,52.961481],[36.163711,52.961446],[36.163865,52.961413],[36.164018,52.96138],[36.164121,52.961336],[36.164175,52.961281],[36.164179,52.961213],[36.164133,52.961134],[36.164115,52.961064],[36.164124,52.961004],[36.164161,52.960952],[36.164226,52.96091],[36.164307,52.960925],[36.164405,52.960997],[36.164519,52.961126],[36.164651,52.961312],[36.164767,52.961446],[36.164869,52.961529],[36.164957,52.961561],[36.165029,52.961542],[36.165059,52.961485],[36.165047,52.961389],[36.164993,52.961256],[36.164896,52.961085],[36.164892,52.960933],[36.164981,52.960802],[36.165162,52.96069],[36.165435,52.960598],[36.165667,52.960566],[36.165858,52.960595],[36.166007,52.960685],[36.166114,52.960835],[36.166249,52.960935],[36.166413,52.960985],[36.166605,52.960985],[36.166825,52.960935],[36.167005,52.9609],[36.167146,52.96088],[36.167247,52.960875],[36.167309,52.960884],[36.167342,52.960901],[36.167346,52.960924],[36.167321,52.960955],[36.167267,52.960992],[36.167234,52.961024],[36.16722,52.961052],[36.167227,52.961074],[36.167254,52.961092],[36.167303,52.961097],[36.167376,52.96109],[36.167471,52.96107],[36.167589,52.961038],[36.16768,52.961006],[36.167745,52.960973],[36.167782,52.960941],[36.167793,52.960909],[36.167798,52.960876],[36.167796,52.960842],[36.167789,52.960807],[36.167776,52.960771],[36.167755,52.960727],[36.167729,52.960674],[36.167695,52.960611],[36.167655,52.96054],[36.167615,52.960469],[36.167574,52.960397],[36.167534,52.960325],[36.167494,52.960252],[36.167466,52.960191],[36.16745,52.960142],[36.167446,52.960104],[36.167454,52.960078],[36.167446,52.960059],[36.167424,52.960046],[36.167385,52.960039],[36.167332,52.960039],[36.167259,52.960046],[36.167168,52.96006],[36.167058,52.960081],[36.166929,52.960108],[36.166815,52.960138],[36.166714,52.960169],[36.166628,52.960203],[36.166555,52.960238],[36.166493,52.960259],[36.166442,52.960266],[36.166402,52.960258],[36.166373,52.960235],[36.166333,52.960195],[36.166284,52.960139],[36.166224,52.960065],[36.166154,52.959975],[36.16609,52.959888],[36.166031,52.959805],[36.165977,52.959725],[36.165929,52.959649],[36.165907,52.959591],[36.165911,52.959549],[36.165941,52.959526],[36.165997,52.959519]],[[36.160196,52.963431],[36.160183,52.96345],[36.160182,52.963479],[36.160192,52.963518],[36.160213,52.963566],[36.160245,52.963602],[36.160286,52.963626],[36.160338,52.963637],[36.160399,52.963635],[36.160442,52.963611],[36.160467,52.963565],[36.160472,52.963497],[36.160459,52.963406],[36.160467,52.963331],[36.160498,52.963271],[36.160551,52.963227],[36.160626,52.963198],[36.16069,52.963164],[36.160742,52.963124],[36.160783,52.963079],[36.160813,52.963029],[36.160848,52.962992],[36.16089,52.962968],[36.160937,52.962956],[36.160991,52.962958],[36.161027,52.96295],[36.161046,52.962933],[36.161047,52.962907],[36.161031,52.962872],[36.160999,52.962847],[36.160951,52.962833],[36.160886,52.96283],[36.160806,52.962838],[36.160728,52.962823],[36.160653,52.962784],[36.160581,52.962722],[36.160511,52.962637],[36.160458,52.962549],[36.160422,52.96246],[36.160402,52.96237],[36.1604,52.962278],[36.160368,52.962214],[36.160308,52.96218],[36.160218,52.962174],[36.1601,52.962196],[36.160007,52.962204],[36.159937,52.962197],[36.159891,52.962174],[36.15987,52.962137],[36.15984,52.962112],[36.159801,52.962098],[36.159753,52.962096],[36.159697,52.962106],[36.159634,52.962138],[36.159564,52.962192],[36.159488,52.962268],[36.159404,52.962367],[36.159352,52.962449],[36.159331,52.962514],[36.15934,52.962563],[36.15938,52.962595],[36.159409,52.962637],[36.159427,52.962687],[36.159433,52.962746],[36.159427,52.962813],[36.159424,52.962878],[36.159424,52.962941],[36.159427,52.963],[36.159433,52.963057],[36.159459,52.963084],[36.159508,52.963081],[36.159577,52.963049],[36.159669,52.962988],[36.159743,52.962929],[36.159801,52.962872],[36.159842,52.962818],[36.159866,52.962767],[36.159898,52.962733],[36.159938,52.962718],[36.159986,52.962721],[36.160043,52.962742],[36.160093,52.96277],[36.160137,52.962807],[36.160176,52.962851],[36.160208,52.962902],[36.160231,52.962955],[36.160246,52.963008],[36.160252,52.963062],[36.160249,52.963117],[36.160248,52.963171],[36.160248,52.963225],[36.160249,52.963277],[36.160252,52.963329],[36.160248,52.96337],[36.160237,52.963401],[36.16022,52.963421],[36.160196,52.963431]],[[36.16318,52.964197],[36.16319,52.964226],[36.163223,52.964247],[36.163276,52.96426],[36.163351,52.964265],[36.163407,52.964279],[36.163443,52.964301],[36.16346,52.964333],[36.163457,52.964373],[36.163486,52.964414],[36.163546,52.964455],[36.163638,52.964497],[36.163762,52.964539],[36.16387,52.964572],[36.163962,52.964597],[36.164039,52.964614],[36.164101,52.964622],[36.164141,52.964623],[36.164158,52.964616],[36.164153,52.964603],[36.164126,52.964582],[36.1641,52.964556],[36.164075,52.964525],[36.16405,52.96449],[36.164026,52.964449],[36.163991,52.964412],[36.163945,52.964378],[36.163889,52.964347],[36.163822,52.96432],[36.163764,52.964297],[36.163716,52.96428],[36.163677,52.964267],[36.163648,52.964259],[36.163617,52.964243],[36.163587,52.964219],[36.163555,52.964188],[36.163523,52.96415],[36.163482,52.964121],[36.163432,52.964104],[36.163374,52.964096],[36.163307,52.964099],[36.163254,52.964111],[36.163215,52.964131],[36.16319,52.96416],[36.16318,52.964197]],[[36.161324,52.960962],[36.16133,52.96092],[36.161331,52.960877],[36.161328,52.960833],[36.161319,52.96079],[36.161303,52.960762],[36.161279,52.96075],[36.161247,52.960754],[36.161207,52.960773],[36.161185,52.960776],[36.161181,52.960762],[36.161195,52.960732],[36.161227,52.960685],[36.161244,52.960642],[36.161247,52.960603],[36.161235,52.960569],[36.161208,52.960538],[36.161166,52.960518],[36.161108,52.960508],[36.161035,52.960509],[36.160947,52.96052],[36.160869,52.960537],[36.160802,52.960561],[36.160746,52.96059],[36.1607,52.960626],[36.160666,52.960665],[36.160643,52.960707],[36.160632,52.960752],[36.160632,52.9608],[36.160624,52.960848],[36.160609,52.960896],[36.160587,52.960943],[36.160558,52.96099],[36.160544,52.961034],[36.160545,52.961075],[36.160562,52.961114],[36.160594,52.961149],[36.160633,52.961168],[36.16068,52.961171],[36.160735,52.961157],[36.160796,52.961126],[36.160858,52.96111],[36.16092,52.961108],[36.160982,52.961121],[36.161043,52.961149],[36.161092,52.961196],[36.161126,52.961264],[36.161148,52.961352],[36.161156,52.96146],[36.161171,52.96153],[36.161194,52.961561],[36.161224,52.961552],[36.161262,52.961506],[36.161287,52.96146],[36.161299,52.961417],[36.161298,52.961375],[36.161285,52.961334],[36.161278,52.961299],[36.161278,52.961269],[36.161285,52.961245],[36.161298,52.961225],[36.161409,52.961187],[36.161617,52.96113],[36.161922,52.961053],[36.162324,52.960958],[36.162622,52.960881],[36.162815,52.960822],[36.162903,52.960781],[36.162887,52.960758],[36.162777,52.960763],[36.162573,52.960794],[36.162276,52.960853],[36.161884,52.960939],[36.161593,52.960992],[36.161403,52.961014],[36.161313,52.961004],[36.161324,52.960962]],[[36.168572,52.965424],[36.168474,52.965402],[36.168392,52.965368],[36.168327,52.965322],[36.168279,52.965264],[36.16827,52.965213],[36.168301,52.965167],[36.168371,52.965129],[36.168481,52.965096],[36.168582,52.965063],[36.168675,52.96503],[36.168759,52.964997],[36.168834,52.964963],[36.168883,52.964917],[36.168905,52.964859],[36.168902,52.964788],[36.168873,52.964706],[36.168826,52.96464],[36.168761,52.96459],[36.168679,52.964556],[36.16858,52.964538],[36.168527,52.964509],[36.168521,52.964469],[36.16856,52.964417],[36.168646,52.964354],[36.168698,52.964292],[36.168715,52.964232],[36.168698,52.964172],[36.168647,52.964114],[36.168592,52.964069],[36.168533,52.964038],[36.16847,52.964019],[36.168403,52.964015],[36.168341,52.964],[36.168283,52.963976],[36.16823,52.963942],[36.168182,52.963898],[36.168152,52.963857],[36.168142,52.963817],[36.16815,52.96378],[36.168177,52.963744],[36.168171,52.963724],[36.168134,52.963719],[36.168064,52.963729],[36.167962,52.963755],[36.167883,52.963759],[36.167827,52.963742],[36.167793,52.963702],[36.167782,52.963641],[36.167772,52.96358],[36.167763,52.963519],[36.167754,52.963459],[36.167746,52.963399],[36.167715,52.963357],[36.16766,52.963332],[36.167581,52.963324],[36.167479,52.963334],[36.167361,52.963338],[36.167225,52.963336],[36.167073,52.963329],[36.166904,52.963316],[36.166751,52.963321],[36.166616,52.963344],[36.166496,52.963384],[36.166394,52.963443],[36.166335,52.963503],[36.16632,52.963564],[36.166349,52.963627],[36.166423,52.963691],[36.166491,52.96373],[36.166554,52.963744],[36.166613,52.963732],[36.166666,52.963695],[36.166734,52.963668],[36.166816,52.963651],[36.166912,52.963644],[36.167022,52.963647],[36.167114,52.963666],[36.167187,52.963702],[36.167243,52.963754],[36.167281,52.963822],[36.167317,52.963895],[36.167352,52.963975],[36.167385,52.964061],[36.167418,52.964154],[36.167446,52.964241],[36.167472,52.964324],[36.167494,52.964403],[36.167513,52.964477],[36.167535,52.964551],[36.16756,52.964624],[36.167589,52.964696],[36.167621,52.964767],[36.167635,52.96483],[36.167629,52.964886],[36.167605,52.964934],[36.167562,52.964974],[36.167509,52.964991],[36.167444,52.964984],[36.167369,52.964952],[36.167283,52.964897],[36.167201,52.964872],[36.167122,52.964877],[36.167046,52.964912],[36.166974,52.964977],[36.166899,52.965029],[36.166821,52.96507],[36.16674,52.965098],[36.166657,52.965114],[36.166576,52.965121],[36.166497,52.965118],[36.16642,52.965107],[36.166345,52.965086],[36.166304,52.965082],[36.166297,52.965097],[36.166325,52.965129],[36.166386,52.965179],[36.16642,52.965227],[36.166425,52.965273],[36.166402,52.965317],[36.166351,52.965359],[36.166337,52.965414],[36.16636,52.96548],[36.16642,52.965558],[36.166516,52.965649],[36.166632,52.965718],[36.166766,52.965767],[36.166919,52.965794],[36.16709,52.965801],[36.167243,52.9658],[36.167375,52.965792],[36.167489,52.965776],[36.167582,52.965754],[36.167687,52.965744],[36.167802,52.965748],[36.167928,52.965766],[36.168065,52.965797],[36.168207,52.96583],[36.168353,52.965866],[36.168504,52.965906],[36.168659,52.965948],[36.168765,52.965961],[36.16882,52.965947],[36.168824,52.965904],[36.168779,52.965833],[36.168754,52.965762],[36.16875,52.965692],[36.168767,52.965622],[36.168804,52.965553],[36.168804,52.965498],[36.168765,52.965458],[36.168688,52.965434],[36.168572,52.965424]],[[36.166274,52.953383],[36.166277,52.953366],[36.166288,52.95335],[36.166308,52.953335],[36.166338,52.95332],[36.166367,52.953288],[36.166395,52.953238],[36.166422,52.95317],[36.166449,52.953084],[36.166486,52.953016],[36.166532,52.952965],[36.166588,52.952931],[36.166654,52.952915],[36.166697,52.952897],[36.166718,52.952876],[36.166716,52.952852],[36.166692,52.952826],[36.166665,52.952757],[36.166636,52.952646],[36.166603,52.952491],[36.166569,52.952293],[36.166414,52.952168],[36.16614,52.952117],[36.165746,52.952139],[36.165232,52.952234],[36.164863,52.952342],[36.164637,52.952464],[36.164556,52.952598],[36.164619,52.952745],[36.164664,52.952874],[36.164691,52.952985],[36.1647,52.953078],[36.16469,52.953153],[36.164692,52.953223],[36.164704,52.953289],[36.164727,52.95335],[36.16476,52.953405],[36.1648,52.953451],[36.164846,52.953487],[36.164899,52.953513],[36.164958,52.953529],[36.165008,52.953559],[36.165049,52.953602],[36.165081,52.953658],[36.165103,52.953727],[36.165134,52.953797],[36.165171,52.953868],[36.165216,52.953939],[36.165268,52.954011],[36.165332,52.954052],[36.165406,52.954061],[36.165492,52.954039],[36.165588,52.953986],[36.165679,52.953939],[36.165765,52.953897],[36.165846,52.953862],[36.165921,52.953833],[36.165991,52.953812],[36.166056,52.953797],[36.166116,52.953791],[36.166171,52.953791],[36.16622,52.95378],[36.166264,52.953755],[36.166302,52.953718],[36.166334,52.953667],[36.166359,52.95362],[36.166376,52.953574],[36.166386,52.95353],[36.166389,52.953489],[36.166385,52.953458],[36.166373,52.953438],[36.166355,52.953427],[36.166329,52.953427],[36.166308,52.953423],[36.166292,52.953414],[36.166281,52.953401],[36.166274,52.953383]],[[36.165166,52.954554],[36.165196,52.954588],[36.165221,52.954623],[36.165242,52.95466],[36.165258,52.954697],[36.165276,52.954737],[36.165296,52.954779],[36.165317,52.954824],[36.16534,52.954872],[36.165367,52.954922],[36.1654,52.954976],[36.165438,52.955032],[36.165481,52.955091],[36.165521,52.955127],[36.165558,52.955142],[36.165592,52.955134],[36.165622,52.955104],[36.165642,52.955077],[36.165651,52.955051],[36.165649,52.955027],[36.165635,52.955005],[36.165627,52.954976],[36.165624,52.95494],[36.165627,52.954897],[36.165635,52.954847],[36.165656,52.954803],[36.165689,52.954764],[36.165736,52.954732],[36.165795,52.954705],[36.165852,52.954685],[36.165907,52.954673],[36.16596,52.954666],[36.166011,52.954667],[36.166063,52.954667],[36.166118,52.954666],[36.166174,52.954665],[36.166231,52.954662],[36.166267,52.954658],[36.16628,52.95465],[36.166272,52.954641],[36.166241,52.954629],[36.166209,52.954612],[36.166178,52.954592],[36.166146,52.954568],[36.166114,52.95454],[36.16608,52.954516],[36.166044,52.954498],[36.166005,52.954484],[36.165965,52.954475],[36.165933,52.95446],[36.165909,52.954438],[36.165893,52.95441],[36.165885,52.954375],[36.165864,52.954349],[36.165832,52.954331],[36.165788,52.954323],[36.165732,52.954323],[36.165676,52.954328],[36.165622,52.954339],[36.165569,52.954355],[36.165516,52.954377],[36.165465,52.95439],[36.165414,52.954394],[36.165364,52.954389],[36.165314,52.954376],[36.165267,52.954373],[36.165222,52.95438],[36.165179,52.954399],[36.165139,52.954428],[36.165117,52.954458],[36.165115,52.954489],[36.165131,52.954521],[36.165166,52.954554]]]}},{"type":"Feature","properties":{"id":612,"area":935.845},"geometry":{"type":"Polygon","coordinates":[[[36.072373,52.923966],[36.072459,52.924069],[36.072566,52.924217],[36.072693,52.92441],[36.07284,52.924648],[36.072921,52.924867],[36.072935,52.925066],[36.072882,52.925246],[36.072763,52.925406],[36.072618,52.925528],[36.072447,52.925612],[36.07225,52.925657],[36.072027,52.925665],[36.071809,52.925609],[36.071596,52.925491],[36.071387,52.925311],[36.071183,52.925067],[36.071019,52.924855],[36.070897,52.924673],[36.070815,52.924522],[36.070774,52.924401],[36.070713,52.924302],[36.070633,52.924225],[36.070533,52.924169],[36.070413,52.924135],[36.070333,52.924144],[36.070292,52.924196],[36.070291,52.92429],[36.070328,52.924428],[36.070346,52.924573],[36.070345,52.924726],[36.070324,52.924886],[36.070284,52.925055],[36.070209,52.925213],[36.070099,52.925361],[36.069954,52.925498],[36.069774,52.925626],[36.069403,52.925795],[36.068841,52.926005],[36.068087,52.926257],[36.067141,52.926549],[36.0664,52.926758],[36.065863,52.926881],[36.06553,52.92692],[36.065401,52.926875],[36.065288,52.926853],[36.065191,52.926853],[36.065109,52.926876],[36.065044,52.926922],[36.064957,52.926964],[36.064849,52.926999],[36.06472,52.92703],[36.06457,52.927056],[36.064444,52.927074],[36.064343,52.927083],[36.064266,52.927083],[36.064213,52.927075],[36.064165,52.927079],[36.064121,52.927096],[36.064081,52.927126],[36.064045,52.927168],[36.063968,52.927213],[36.063852,52.927261],[36.063697,52.927312],[36.063501,52.927366],[36.06333,52.9274],[36.063186,52.927413],[36.063066,52.927405],[36.062972,52.927377],[36.062884,52.927333],[36.062802,52.927273],[36.062725,52.927197],[36.062654,52.927106],[36.062592,52.927038],[36.062541,52.926993],[36.062499,52.926971],[36.062467,52.926973],[36.062449,52.926995],[36.062446,52.927037],[36.062457,52.927099],[36.062482,52.927182],[36.062532,52.927285],[36.062605,52.92741],[36.062703,52.927555],[36.062825,52.927722],[36.062849,52.927875],[36.062775,52.928016],[36.062602,52.928144],[36.062331,52.928259],[36.062008,52.92829],[36.061633,52.928238],[36.061205,52.928101],[36.060725,52.92788],[36.060126,52.92791],[36.059407,52.92819],[36.058569,52.92872],[36.057611,52.929501],[36.056775,52.930002],[36.056062,52.930222],[36.055471,52.930163],[36.055003,52.929823],[36.054411,52.929469],[36.053695,52.929098],[36.052856,52.928713],[36.051893,52.928312],[36.051142,52.927997],[36.050603,52.927766],[36.050277,52.927621],[36.050162,52.927562],[36.049873,52.927448],[36.04941,52.927278],[36.048774,52.927054],[36.047963,52.926776],[36.047414,52.926546],[36.047126,52.926367],[36.047099,52.926237],[36.047333,52.926156],[36.047562,52.926117],[36.047786,52.92612],[36.048004,52.926164],[36.048216,52.92625],[36.04842,52.926336],[36.048615,52.926424],[36.048801,52.926512],[36.048978,52.926602],[36.049165,52.926696],[36.049361,52.926795],[36.049566,52.926899],[36.049781,52.927007],[36.049969,52.927063],[36.050132,52.927066],[36.050268,52.927017],[36.050379,52.926916],[36.050513,52.926846],[36.05067,52.926809],[36.05085,52.926804],[36.051053,52.92683],[36.051231,52.926824],[36.051383,52.926785],[36.051511,52.926713],[36.051613,52.926607],[36.05172,52.926489],[36.05183,52.926358],[36.051944,52.926215],[36.052062,52.926058],[36.052237,52.925855],[36.052469,52.925606],[36.052758,52.92531],[36.053104,52.924968],[36.053294,52.924671],[36.053328,52.924421],[36.053206,52.924216],[36.052928,52.924057],[36.05278,52.923882],[36.052763,52.923689],[36.052877,52.923479],[36.053121,52.923253],[36.053327,52.923019],[36.053494,52.922779],[36.053623,52.922532],[36.053714,52.922278],[36.053709,52.922032],[36.053609,52.921795],[36.053415,52.921567],[36.053125,52.921347],[36.052903,52.921164],[36.052749,52.921017],[36.052662,52.920907],[36.052642,52.920834],[36.05271,52.920672],[36.052867,52.920421],[36.053111,52.92008],[36.053442,52.919651],[36.05374,52.919326],[36.054004,52.919106],[36.054233,52.91899],[36.054429,52.918979],[36.054722,52.919034],[36.055113,52.919155],[36.055602,52.919343],[36.056189,52.919597],[36.056594,52.919858],[36.056818,52.920126],[36.05686,52.920401],[36.056722,52.920683],[36.056593,52.920958],[36.056475,52.921225],[36.056368,52.921484],[36.056271,52.921735],[36.056193,52.921984],[36.056135,52.922232],[36.056095,52.922478],[36.056075,52.922721],[36.056095,52.922895],[36.056155,52.923],[36.056256,52.923035],[36.056398,52.923001],[36.056506,52.922938],[36.056581,52.922845],[36.056623,52.922723],[36.056631,52.922571],[36.056673,52.922349],[36.056748,52.922056],[36.056856,52.921692],[36.056997,52.921258],[36.057127,52.920901],[36.057246,52.920622],[36.057354,52.92042],[36.05745,52.920297],[36.057638,52.920232],[36.057916,52.920225],[36.058287,52.920277],[36.058748,52.920388],[36.059111,52.920501],[36.059376,52.920618],[36.059541,52.920737],[36.059609,52.92086],[36.059684,52.920963],[36.059767,52.921048],[36.059858,52.921113],[36.059958,52.92116],[36.060079,52.921219],[36.060221,52.921292],[36.060385,52.921377],[36.06057,52.921476],[36.060744,52.921518],[36.060907,52.921503],[36.061058,52.921431],[36.061198,52.921303],[36.061419,52.921229],[36.061722,52.921209],[36.062105,52.921243],[36.062569,52.921332],[36.063056,52.92144],[36.063564,52.921569],[36.064095,52.921717],[36.064647,52.921884],[36.065483,52.922116],[36.066601,52.92241],[36.068001,52.922769],[36.069684,52.92319],[36.070963,52.923521],[36.071837,52.92376],[36.072307,52.923908],[36.072373,52.923966]]]}},{"type":"Feature","properties":{"id":615,"area":22.032},"geometry":{"type":"Polygon","coordinates":[[[36.12117,52.950515],[36.121375,52.950515],[36.121534,52.95079],[36.121496,52.951353],[36.120973,52.952214],[36.120516,52.952816],[36.119741,52.953525],[36.118825,52.953953],[36.11808,52.95404],[36.118775,52.953426],[36.118968,52.9533],[36.119611,52.952707],[36.120127,52.952231],[36.120561,52.951529],[36.120856,52.950841],[36.12117,52.950515]]]}},{"type":"Feature","properties":{"id":614,"area":125.802},"geometry":{"type":"Polygon","coordinates":[[[36.113119,52.954549],[36.113231,52.954273],[36.113333,52.954093],[36.113408,52.953356],[36.114286,52.952203],[36.115015,52.951522],[36.115099,52.951195],[36.116322,52.950244],[36.117237,52.949395],[36.117663,52.949309],[36.11862,52.94971],[36.118694,52.949789],[36.118648,52.950019],[36.118375,52.950096],[36.118125,52.950098],[36.117921,52.950042],[36.117604,52.9501],[36.117338,52.950332],[36.117281,52.950499],[36.11749,52.950678],[36.117658,52.950779],[36.117789,52.950823],[36.118057,52.951132],[36.117693,52.951443],[36.117072,52.952098],[36.116498,52.952903],[36.115994,52.953666],[36.116074,52.953973],[36.116541,52.954264],[36.117269,52.954423],[36.11767,52.954318],[36.117891,52.95438],[36.11833,52.954605],[36.118442,52.954752],[36.118405,52.955061],[36.117508,52.955613],[36.116873,52.955703],[36.116649,52.955551],[36.116117,52.955191],[36.115668,52.95505],[36.114678,52.955196],[36.113894,52.955247],[36.113492,52.955472],[36.113109,52.955438],[36.11324,52.954825],[36.113119,52.954549]]]}},{"type":"Feature","properties":{"id":617,"area":41.041},"geometry":{"type":"Polygon","coordinates":[[[36.127756,52.953085],[36.125557,52.952481],[36.126255,52.951188],[36.126497,52.95103],[36.127002,52.951045],[36.127452,52.95113],[36.127495,52.951063],[36.127871,52.951048],[36.12792,52.951141],[36.12723,52.951449],[36.126934,52.951995],[36.127045,52.952177],[36.127138,52.952158],[36.127434,52.951557],[36.12813,52.951249],[36.128235,52.951149],[36.128407,52.951141],[36.128419,52.951279],[36.127988,52.951453],[36.128339,52.951423],[36.128352,52.951557],[36.128111,52.951609],[36.127822,52.951865],[36.127902,52.952047],[36.128099,52.95214],[36.128419,52.952029],[36.128666,52.951973],[36.128882,52.952032],[36.129066,52.952132],[36.12906,52.952611],[36.129535,52.953265],[36.129898,52.953528],[36.129941,52.953655],[36.129738,52.953733],[36.127983,52.953341],[36.127756,52.953085]]]}},{"type":"Feature","properties":{"id":616,"area":9.783},"geometry":{"type":"Polygon","coordinates":[[[36.141116,52.960705],[36.140817,52.960522],[36.140569,52.960522],[36.140154,52.960733],[36.140252,52.960854],[36.140186,52.960891],[36.139588,52.960508],[36.140214,52.960134],[36.14,52.960001],[36.140742,52.959598],[36.141124,52.959843],[36.141218,52.959903],[36.141041,52.960021],[36.141153,52.960086],[36.141372,52.960035],[36.141681,52.960218],[36.141788,52.960339],[36.141116,52.960705]]]}},{"type":"Feature","properties":{"id":619,"area":3.364},"geometry":{"type":"Polygon","coordinates":[[[36.139121,52.961847],[36.138029,52.962469],[36.137959,52.962488],[36.13794,52.96241],[36.138328,52.962204],[36.138426,52.96205],[36.138243,52.961889],[36.138617,52.961734],[36.138902,52.961794],[36.138977,52.961771],[36.138356,52.961293],[36.138276,52.961321],[36.138173,52.96156],[36.138005,52.961543],[36.138029,52.961369],[36.138145,52.961251],[36.138356,52.961172],[36.139182,52.961737],[36.139121,52.961847]]]}},{"type":"Feature","properties":{"id":618,"area":7.409},"geometry":{"type":"Polygon","coordinates":[[[36.138507,52.961139],[36.13949,52.96058],[36.140294,52.961094],[36.139302,52.961694],[36.138507,52.961139]]]}},{"type":"Feature","properties":{"id":621,"area":2.509},"geometry":{"type":"Polygon","coordinates":[[[36.135774,52.963468],[36.135875,52.963499],[36.136236,52.963327],[36.136301,52.963377],[36.135432,52.96385],[36.135192,52.963689],[36.135047,52.963557],[36.135084,52.963479],[36.135201,52.963355],[36.135407,52.963247],[36.13553,52.963245],[36.135629,52.963373],[36.135774,52.963468]]]}},{"type":"Feature","properties":{"id":620,"area":6.618},"geometry":{"type":"Polygon","coordinates":[[[36.133338,52.964573],[36.134283,52.964052],[36.134633,52.964289],[36.133228,52.965048],[36.133129,52.965063],[36.133034,52.964999],[36.132853,52.964762],[36.132443,52.964415],[36.13303,52.964182],[36.133214,52.96431],[36.133041,52.964383],[36.133338,52.964573]]]}},{"type":"Feature","properties":{"id":623,"area":13.347},"geometry":{"type":"Polygon","coordinates":[[[36.124347,52.968219],[36.124068,52.968348],[36.124073,52.96841],[36.124309,52.968497],[36.124427,52.968432],[36.124454,52.968297],[36.124696,52.968229],[36.124856,52.968274],[36.1252,52.968639],[36.12527,52.968814],[36.12491,52.968801],[36.124604,52.968807],[36.124422,52.968852],[36.124427,52.968959],[36.125007,52.969053],[36.125001,52.969133],[36.124797,52.96913],[36.124749,52.969217],[36.123784,52.968998],[36.122947,52.968797],[36.122164,52.968536],[36.121868,52.968471],[36.121938,52.968335],[36.122142,52.968277],[36.122378,52.968322],[36.122695,52.968481],[36.123199,52.968381],[36.123274,52.968481],[36.123263,52.968691],[36.123499,52.968678],[36.123773,52.96862],[36.123848,52.968549],[36.123531,52.96849],[36.123381,52.968364],[36.12329,52.968122],[36.123816,52.96799],[36.124256,52.96799],[36.124336,52.96808],[36.124347,52.968219]]]}},{"type":"Feature","properties":{"id":622,"area":10.115},"geometry":{"type":"Polygon","coordinates":[[[36.12586,52.967701],[36.125725,52.967507],[36.126513,52.96712],[36.12705,52.967551],[36.126684,52.967594],[36.126429,52.967696],[36.126585,52.967816],[36.126896,52.967726],[36.127448,52.968084],[36.127413,52.968225],[36.126012,52.969116],[36.125948,52.969082],[36.126174,52.968924],[36.126188,52.968839],[36.126443,52.96863],[36.126253,52.968496],[36.126344,52.968246],[36.126188,52.96788],[36.126089,52.967773],[36.12586,52.967701]]]}},{"type":"Feature","properties":{"id":529,"area":3.068},"geometry":{"type":"Polygon","coordinates":[[[36.107344,52.998471],[36.107212,52.998468],[36.107232,52.998323],[36.108674,52.997339],[36.108781,52.997588],[36.108276,52.997807],[36.10783,52.998294],[36.107344,52.998471]]]}},{"type":"Feature","properties":{"id":528,"area":86.887},"geometry":{"type":"Polygon","coordinates":[[[36.102076,53.010235],[36.102126,53.01046],[36.102314,53.010547],[36.102409,53.010582],[36.102458,53.011342],[36.102755,53.013325],[36.103038,53.015367],[36.103181,53.015839],[36.10317,53.016065],[36.102746,53.016074],[36.102881,53.016915],[36.102936,53.017057],[36.102777,53.017062],[36.102611,53.016699],[36.102407,53.015533],[36.101709,53.011607],[36.100656,53.004457],[36.100525,53.002919],[36.101239,53.002772],[36.101691,53.003552],[36.101742,53.005519],[36.10186,53.006211],[36.102423,53.010005],[36.102428,53.010114],[36.102076,53.010235]]]}},{"type":"Feature","properties":{"id":531,"area":11.228},"geometry":{"type":"Polygon","coordinates":[[[36.168066,53.002668],[36.16802,53.004642],[36.167822,53.004635],[36.167686,53.004065],[36.166995,53.004011],[36.166829,53.003414],[36.167085,53.00297],[36.168066,53.002668]]]}},{"type":"Feature","properties":{"id":530,"area":56.956},"geometry":{"type":"Polygon","coordinates":[[[36.100726,52.992436],[36.100904,52.993001],[36.100288,52.993329],[36.100092,52.993719],[36.100422,52.99392],[36.100424,52.997003],[36.100845,52.998762],[36.101125,53.000172],[36.100978,53.001029],[36.100412,53.00104],[36.100243,53.000927],[36.09966,52.997239],[36.099585,52.99527],[36.0996,52.994039],[36.099961,52.992995],[36.100731,52.991708],[36.101463,52.991694],[36.101083,52.992495],[36.100726,52.992436]]]}},{"type":"Feature","properties":{"id":533,"area":11.379},"geometry":{"type":"Polygon","coordinates":[[[36.179541,52.96905],[36.181364,52.972333],[36.181026,52.972435],[36.179127,52.969242],[36.179202,52.969061],[36.179541,52.96905]]]}},{"type":"Feature","properties":{"id":532,"area":7.502},"geometry":{"type":"Polygon","coordinates":[[[36.179427,53.040259],[36.179923,53.040051],[36.180705,53.039517],[36.181743,53.039137],[36.181924,53.039219],[36.18161,53.039543],[36.181512,53.039583],[36.179795,53.040581],[36.1795,53.040365],[36.179427,53.040259]]]}},{"type":"Feature","properties":{"id":535,"area":61.114},"geometry":{"type":"Polygon","coordinates":[[[36.183086,52.97258],[36.1832,52.972829],[36.183132,52.972899],[36.181082,52.97308],[36.178337,52.973488],[36.175442,52.974111],[36.168504,52.975764],[36.16574,52.976635],[36.166023,52.976047],[36.170309,52.974756],[36.176025,52.973511],[36.180481,52.972695],[36.183077,52.972562],[36.183086,52.97258]]]}},{"type":"Feature","properties":{"id":534,"area":2.906},"geometry":{"type":"Polygon","coordinates":[[[36.180274,52.96991],[36.180255,52.969536],[36.181112,52.969397],[36.181326,52.969738],[36.181308,52.969797],[36.180274,52.96991]]]}},{"type":"Feature","properties":{"id":537,"area":74.247},"geometry":{"type":"Polygon","coordinates":[[[36.164608,52.949008],[36.166075,52.949914],[36.165487,52.950229],[36.164572,52.950584],[36.163213,52.951026],[36.162322,52.951367],[36.16154,52.951795],[36.161227,52.951882],[36.160896,52.952006],[36.160394,52.952012],[36.160183,52.951989],[36.160097,52.951856],[36.160174,52.951557],[36.160409,52.951224],[36.160891,52.95073],[36.161886,52.949883],[36.161781,52.949482],[36.16192,52.949189],[36.162803,52.948192],[36.164608,52.949008]]]}},{"type":"Feature","properties":{"id":536,"area":13.961},"geometry":{"type":"Polygon","coordinates":[[[36.17986,52.968551],[36.179409,52.968665],[36.178977,52.968053],[36.178037,52.966445],[36.178638,52.966298],[36.179221,52.966615],[36.179465,52.967362],[36.17986,52.968551]]]}},{"type":"Feature","properties":{"id":539,"area":8.543},"geometry":{"type":"Polygon","coordinates":[[[36.153484,52.941257],[36.152777,52.941337],[36.15247,52.941521],[36.152183,52.941159],[36.152235,52.941008],[36.152158,52.940959],[36.153492,52.940717],[36.153782,52.940737],[36.154498,52.940534],[36.154747,52.940489],[36.154884,52.940707],[36.153484,52.941257]]]}},{"type":"Feature","properties":{"id":538,"area":22.503},"geometry":{"type":"Polygon","coordinates":[[[36.168797,52.949799],[36.170875,52.949772],[36.171065,52.94979],[36.171314,52.949871],[36.171364,52.949981],[36.171238,52.950155],[36.168675,52.950856],[36.168139,52.950834],[36.167924,52.950794],[36.167393,52.950397],[36.167289,52.950235],[36.167136,52.950066],[36.167974,52.949862],[36.168797,52.949799]]]}},{"type":"Feature","properties":{"id":541,"area":819.005},"geometry":{"type":"Polygon","coordinates":[[[36.180624,52.949036],[36.178742,52.949241],[36.17694,52.94927],[36.176248,52.949515],[36.173278,52.949449],[36.172586,52.949525],[36.168528,52.949585],[36.167522,52.949691],[36.166931,52.949845],[36.166248,52.949359],[36.165563,52.94893],[36.163232,52.947639],[36.164183,52.946472],[36.166461,52.947916],[36.166774,52.947801],[36.166979,52.947493],[36.165414,52.946981],[36.164793,52.946327],[36.164972,52.945818],[36.165126,52.945475],[36.165626,52.945318],[36.166345,52.944852],[36.166224,52.944499],[36.166025,52.944467],[36.165665,52.944566],[36.166307,52.943968],[36.169165,52.941714],[36.172324,52.940422],[36.174419,52.940039],[36.176719,52.942553],[36.178227,52.944193],[36.178292,52.944243],[36.178304,52.944361],[36.178471,52.944381],[36.180485,52.945941],[36.180809,52.946699],[36.180905,52.946832],[36.180287,52.947145],[36.179844,52.947905],[36.180248,52.947922],[36.180306,52.948224],[36.181375,52.948065],[36.181504,52.948483],[36.181221,52.948607],[36.18072,52.948729],[36.180624,52.949036]]]}},{"type":"Feature","properties":{"id":540,"area":0.189},"geometry":{"type":"Polygon","coordinates":[[[36.150052,52.941227],[36.150099,52.941296],[36.149706,52.941378],[36.149733,52.941309],[36.150052,52.941227]]]}},{"type":"Feature","properties":{"id":543,"area":0.434},"geometry":{"type":"Polygon","coordinates":[[[36.160798,52.937512],[36.161277,52.937391],[36.161683,52.938],[36.161217,52.937489],[36.160798,52.937512]]]}},{"type":"Feature","properties":{"id":542,"area":35.731},"geometry":{"type":"Polygon","coordinates":[[[36.164203,52.945246],[36.164849,52.943886],[36.165781,52.942816],[36.167229,52.941655],[36.170068,52.940138],[36.173332,52.939127],[36.17355,52.93909],[36.173895,52.939467],[36.172017,52.939857],[36.168451,52.941407],[36.166441,52.942828],[36.165104,52.944222],[36.164524,52.94518],[36.164203,52.945246]]]}},{"type":"Feature","properties":{"id":513,"area":12.68},"geometry":{"type":"Polygon","coordinates":[[[36.030148,52.995019],[36.02611,52.997096],[36.02561,52.996884],[36.026623,52.996351],[36.029842,52.994863],[36.030011,52.994905],[36.030148,52.995019]]]}},{"type":"Feature","properties":{"id":512,"area":0.426},"geometry":{"type":"Polygon","coordinates":[[[36.058178,52.947398],[36.058087,52.947437],[36.057568,52.947041],[36.057654,52.946997],[36.058178,52.947398]]]}},{"type":"Feature","properties":{"id":515,"area":10.718},"geometry":{"type":"Polygon","coordinates":[[[36.020216,52.996625],[36.020601,52.996503],[36.021458,52.996932],[36.024202,52.996728],[36.024749,52.996768],[36.025004,52.996824],[36.02545,52.996999],[36.025154,52.997013],[36.024962,52.997106],[36.024365,52.996973],[36.02141,52.997268],[36.020216,52.996625]]]}},{"type":"Feature","properties":{"id":514,"area":3.066},"geometry":{"type":"Polygon","coordinates":[[[36.038514,52.946256],[36.035831,52.946389],[36.035815,52.946315],[36.038515,52.946163],[36.040096,52.945996],[36.040437,52.945844],[36.040534,52.945923],[36.040178,52.946071],[36.038514,52.946256]]]}},{"type":"Feature","properties":{"id":517,"area":26.895},"geometry":{"type":"Polygon","coordinates":[[[36.030241,52.994771],[36.030142,52.994632],[36.029919,52.994699],[36.025078,52.992473],[36.022358,52.99121],[36.022595,52.991086],[36.024582,52.991986],[36.030192,52.994562],[36.031444,52.993977],[36.033762,52.99196],[36.033935,52.991951],[36.034124,52.992016],[36.03416,52.992156],[36.032944,52.993048],[36.032769,52.993343],[36.032196,52.993911],[36.031444,52.994302],[36.030588,52.994771],[36.030241,52.994771]]]}},{"type":"Feature","properties":{"id":516,"area":14.982},"geometry":{"type":"Polygon","coordinates":[[[36.019793,52.995231],[36.019636,52.995758],[36.019653,52.995793],[36.019622,52.995855],[36.01973,52.995939],[36.019782,52.996039],[36.019996,52.996149],[36.020181,52.996295],[36.020056,52.99637],[36.019863,52.996347],[36.019425,52.995998],[36.019417,52.995565],[36.019462,52.995446],[36.019305,52.994435],[36.019334,52.993352],[36.019507,52.992737],[36.017491,52.991869],[36.017712,52.991556],[36.017742,52.991568],[36.018997,52.992193],[36.019885,52.992521],[36.019955,52.992613],[36.019733,52.993534],[36.019719,52.993577],[36.019719,52.993591],[36.019529,52.994379],[36.019793,52.995231]]]}},{"type":"Feature","properties":{"id":519,"area":1.127},"geometry":{"type":"Polygon","coordinates":[[[36.033787,52.946448],[36.033781,52.946366],[36.035529,52.946266],[36.035549,52.946354],[36.033787,52.946448]]]}},{"type":"Feature","properties":{"id":518,"area":11.473},"geometry":{"type":"Polygon","coordinates":[[[36.031841,52.994873],[36.03145,52.994815],[36.031289,52.994663],[36.032024,52.994239],[36.032957,52.993603],[36.034235,52.992653],[36.034741,52.992209],[36.035119,52.992441],[36.033697,52.993511],[36.033218,52.99387],[36.032158,52.994491],[36.031841,52.994873]]]}},{"type":"Feature","properties":{"id":521,"area":14.072},"geometry":{"type":"Polygon","coordinates":[[[36.038285,52.989447],[36.037709,52.989939],[36.035802,52.991893],[36.035334,52.992372],[36.035208,52.992322],[36.034927,52.992146],[36.035214,52.99217],[36.035395,52.992155],[36.035713,52.991844],[36.035787,52.991696],[36.035645,52.991383],[36.035939,52.990973],[36.037415,52.98945],[36.037771,52.989208],[36.0379,52.989195],[36.038259,52.989404],[36.038285,52.989447]]]}},{"type":"Feature","properties":{"id":520,"area":1.929},"geometry":{"type":"Polygon","coordinates":[[[36.014218,52.947323],[36.018319,52.947117],[36.018316,52.947172],[36.014273,52.947392],[36.014218,52.947323]]]}},{"type":"Feature","properties":{"id":523,"area":5.917},"geometry":{"type":"Polygon","coordinates":[[[36.099434,53.001765],[36.099773,53.001787],[36.099867,53.002704],[36.099378,53.002806],[36.098983,53.002466],[36.098852,53.001912],[36.099434,53.001765]]]}}]}