{"type":"FeatureCollection","features":[{"type":"Feature","id":"1","properties":{"id":"1","city":"orel","baseScore":19.628067096173893,"baseScoreNoCommerce":23.553680515408672,"baseRank":311,"population":414.0332268851563,"blocks":{"housing":0.7579991134897318,"infra":0.02596491228070176,"transport":0.31643,"work":0,"green":0.07729,"commerce":0},"indicators":[{"label":"Жильё: плотность","value":10.798},{"label":"Жильё: обеспеченность","value":42.515},{"label":"Инфраструктура: разнообразие","value":0},{"label":"Инфраструктура: полнота корзины","value":0},{"label":"Транспорт: доступность","value":31.643},{"label":"Зеленые зоны: доступность","value":7.729}]},"geometry":{"type":"Polygon","coordinates":[[[36.171489,53.018443],[36.170676,53.01694],[36.17704,53.015673],[36.180401,53.01502],[36.180719,53.015928],[36.180771,53.016082],[36.180767,53.017019],[36.179316,53.017089],[36.17932,53.017417],[36.179773,53.017609],[36.180388,53.017717],[36.180212,53.018885],[36.180101,53.019552],[36.180143,53.020177],[36.180097,53.020548],[36.178434,53.020658],[36.178098,53.020757],[36.174525,53.022132],[36.172098,53.023258],[36.171985,53.02318],[36.171984,53.02318],[36.171984,53.023179],[36.170913,53.022454],[36.170725,53.022327],[36.170725,53.022327],[36.170725,53.022327],[36.17042,53.02212],[36.170789,53.021979],[36.170765,53.021781],[36.171828,53.021382],[36.171874,53.021341],[36.171931,53.021145],[36.171989,53.019673],[36.171489,53.018443]]]}},{"type":"Feature","id":"4","properties":{"id":"4","city":"orel","baseScore":59.44591585612088,"baseScoreNoCommerce":57.57516957899378,"baseRank":74,"population":6746.674056117384,"blocks":{"housing":0.2730167839171573,"infra":0.8315302144249513,"transport":1,"work":0.005161480607580003,"green":0.76905,"commerce":0.6879964724175638},"indicators":[{"label":"Жильё: плотность","value":160.913},{"label":"Жильё: обеспеченность","value":33.93},{"label":"Жильё: износ","value":36.575},{"label":"Жильё: этажность","value":7.042553},{"label":"Инфраструктура: разнообразие","value":0.5972222222222222},{"label":"Инфраструктура: полнота корзины","value":100},{"label":"Транспорт: доступность","value":100},{"label":"Рабочие места: обеспеченность","value":0.005161480607580003},{"label":"Рабочие места: плотность","value":0.00008348567297224835},{"label":"Зеленые зоны: доступность","value":76.905},{"label":"Коммерция: активность ФНС","value":9.356},{"label":"Коммерция: ККТ","value":108.087},{"label":"Коммерция: медианный чек","value":229.452}]},"geometry":{"type":"Polygon","coordinates":[[[36.141695,53.014039],[36.141507,53.013915],[36.150221,53.008721],[36.150322,53.008698],[36.150346,53.0087],[36.150383,53.008725],[36.150647,53.008907],[36.150647,53.008907],[36.150647,53.008907],[36.153389,53.010795],[36.153389,53.010795],[36.153389,53.010795],[36.153471,53.010852],[36.155184,53.012059],[36.155198,53.01208],[36.15521,53.01212],[36.155213,53.012169],[36.155174,53.012226],[36.152374,53.013807],[36.149932,53.015206],[36.148701,53.016307],[36.147379,53.017426],[36.147329,53.017468],[36.146962,53.017245],[36.146834,53.017165],[36.146834,53.017165],[36.146834,53.017165],[36.146389,53.016887],[36.146389,53.016887],[36.146389,53.016887],[36.145833,53.016544],[36.145183,53.016141],[36.14483,53.015922],[36.14483,53.015922],[36.14483,53.015922],[36.144785,53.015895],[36.144784,53.015894],[36.143829,53.015333],[36.143573,53.015182],[36.141695,53.014039]]]}},{"type":"Feature","id":"5","properties":{"id":"5","city":"orel","baseScore":59.44591585612088,"baseScoreNoCommerce":57.57516957899378,"baseRank":74,"population":5232.490213914697,"blocks":{"housing":0.2730167839171573,"infra":0.8315302144249513,"transport":1,"work":0.005161480607580003,"green":0.76905,"commerce":0.6879964724175638},"indicators":[{"label":"Жильё: плотность","value":160.913},{"label":"Жильё: обеспеченность","value":33.93},{"label":"Жильё: износ","value":36.575},{"label":"Жильё: этажность","value":7.042553},{"label":"Инфраструктура: разнообразие","value":0.5972222222222222},{"label":"Инфраструктура: полнота корзины","value":100},{"label":"Транспорт: доступность","value":100},{"label":"Рабочие места: обеспеченность","value":0.005161480607580003},{"label":"Рабочие места: плотность","value":0.00008348567297224835},{"label":"Зеленые зоны: доступность","value":76.905},{"label":"Коммерция: активность ФНС","value":9.356},{"label":"Коммерция: ККТ","value":108.087},{"label":"Коммерция: медианный чек","value":229.452}]},"geometry":{"type":"MultiPolygon","coordinates":[[[[36.136251,53.017067],[36.136368,53.016973],[36.137925,53.016047],[36.137971,53.01602],[36.138013,53.015997],[36.138014,53.015996],[36.138576,53.01566],[36.141395,53.013982],[36.141481,53.014037],[36.141674,53.014161],[36.141883,53.014296],[36.141883,53.014296],[36.141883,53.014296],[36.141989,53.014364],[36.1422,53.0145],[36.142201,53.0145],[36.142202,53.014501],[36.142828,53.01487],[36.142977,53.014957],[36.143181,53.015078],[36.143181,53.015078],[36.143181,53.015078],[36.143258,53.015123],[36.143374,53.015191],[36.143725,53.015397],[36.143725,53.015397],[36.143725,53.015397],[36.144679,53.015958],[36.144723,53.015985],[36.145076,53.016204],[36.145076,53.016204],[36.145076,53.016204],[36.145726,53.016607],[36.145726,53.016607],[36.145726,53.016607],[36.146282,53.01695],[36.146726,53.017227],[36.147001,53.017399],[36.147001,53.017399],[36.147001,53.017399],[36.147055,53.017433],[36.147226,53.017541],[36.146218,53.018432],[36.146076,53.018555],[36.146073,53.018558],[36.146057,53.018575],[36.145782,53.018818],[36.145183,53.019527],[36.143713,53.021379],[36.143534,53.021589],[36.143533,53.02159],[36.143533,53.021591],[36.143477,53.02166],[36.143217,53.021972],[36.143183,53.021999],[36.14305,53.02205],[36.142906,53.022075],[36.142791,53.022058],[36.142676,53.022016],[36.142565,53.021913],[36.142463,53.021748],[36.142454,53.021732],[36.142453,53.02173],[36.142437,53.021706],[36.142295,53.021475],[36.141922,53.020989],[36.141586,53.020674],[36.140837,53.020138],[36.136728,53.017605],[36.136376,53.017397],[36.136262,53.017307],[36.136201,53.017178],[36.136251,53.017067]]],[[[36.141695,53.014039],[36.142545,53.014578],[36.142307,53.014437],[36.142097,53.014302],[36.142097,53.014302],[36.142097,53.014302],[36.141991,53.014234],[36.141782,53.0141],[36.141782,53.0141],[36.141782,53.0141],[36.14159,53.013976],[36.14159,53.013976],[36.14159,53.013976],[36.141501,53.013919],[36.141507,53.013915],[36.141695,53.014039]]]]}},{"type":"Feature","id":"6","properties":{"id":"6","city":"orel","baseScore":55.084490871935685,"baseScoreNoCommerce":52.83420218394708,"baseRank":91,"population":1089.1229884335937,"blocks":{"housing":0.5017244911480206,"infra":0.8065302144249512,"transport":1,"work":0.10296540362438221,"green":0.23049,"commerce":0.6633593431187871},"indicators":[{"label":"Жильё: плотность","value":63.609},{"label":"Жильё: обеспеченность","value":31.296},{"label":"Жильё: износ","value":5.493},{"label":"Жильё: этажность","value":11.666667},{"label":"Инфраструктура: разнообразие","value":0.47222222222222215},{"label":"Инфраструктура: полнота корзины","value":100},{"label":"Транспорт: доступность","value":100},{"label":"Рабочие места: обеспеченность","value":0.10296540362438221},{"label":"Рабочие места: плотность","value":0.0007301256548127771},{"label":"Зеленые зоны: доступность","value":23.049},{"label":"Коммерция: активность ФНС","value":9.091},{"label":"Коммерция: ККТ","value":59.601},{"label":"Коммерция: медианный чек","value":61.13}]},"geometry":{"type":"Polygon","coordinates":[[[36.130929,53.013559],[36.132534,53.012761],[36.134957,53.014201],[36.136602,53.013336],[36.136062,53.012998],[36.138395,53.01185],[36.138672,53.012196],[36.141285,53.013773],[36.135952,53.016938],[36.130929,53.013559]]]}},{"type":"Feature","id":"7","properties":{"id":"7","city":"orel","baseScore":50.34047572088694,"baseScoreNoCommerce":48.74554304368689,"baseRank":129,"population":4178.459156135242,"blocks":{"housing":0.40781096442896847,"infra":0.7465497076023392,"transport":0.74079,"work":0.0009564801530368245,"green":0.54117,"commerce":0.5831513910688724},"indicators":[{"label":"Жильё: плотность","value":177.389},{"label":"Жильё: обеспеченность","value":33.276},{"label":"Жильё: износ","value":21.165},{"label":"Жильё: этажность","value":10.333333},{"label":"Инфраструктура: разнообразие","value":0.3333333333333333},{"label":"Инфраструктура: полнота корзины","value":100},{"label":"Транспорт: доступность","value":74.079},{"label":"Рабочие места: обеспеченность","value":0.0009564801530368245},{"label":"Рабочие места: плотность","value":0.000016983138562241467},{"label":"Зеленые зоны: доступность","value":54.117},{"label":"Коммерция: активность ФНС","value":8.974},{"label":"Коммерция: ККТ","value":32.186},{"label":"Коммерция: медианный чек","value":119.854}]},"geometry":{"type":"Polygon","coordinates":[[[36.135672,53.017224],[36.131366,53.01976],[36.130519,53.019213],[36.129775,53.0187],[36.129775,53.018699],[36.129774,53.018699],[36.129542,53.018543],[36.129542,53.018543],[36.129542,53.018543],[36.129401,53.018448],[36.129222,53.018316],[36.125668,53.015911],[36.129673,53.013821],[36.129865,53.013779],[36.130404,53.013666],[36.130562,53.013648],[36.130636,53.013652],[36.130706,53.013667],[36.132671,53.014939],[36.132985,53.01516],[36.133723,53.015638],[36.134007,53.015842],[36.135653,53.017057],[36.135696,53.017114],[36.135691,53.017165],[36.135672,53.017224]]]}},{"type":"Feature","id":"8","properties":{"id":"8","city":"orel","baseScore":50.34047572088694,"baseScoreNoCommerce":48.74554304368689,"baseRank":129,"population":2999.8871316794675,"blocks":{"housing":0.40781096442896847,"infra":0.7465497076023392,"transport":0.74079,"work":0.0009564801530368245,"green":0.54117,"commerce":0.5831513910688724},"indicators":[{"label":"Жильё: плотность","value":177.389},{"label":"Жильё: обеспеченность","value":33.276},{"label":"Жильё: износ","value":21.165},{"label":"Жильё: этажность","value":10.333333},{"label":"Инфраструктура: разнообразие","value":0.3333333333333333},{"label":"Инфраструктура: полнота корзины","value":100},{"label":"Транспорт: доступность","value":74.079},{"label":"Рабочие места: обеспеченность","value":0.0009564801530368245},{"label":"Рабочие места: плотность","value":0.000016983138562241467},{"label":"Зеленые зоны: доступность","value":54.117},{"label":"Коммерция: активность ФНС","value":8.974},{"label":"Коммерция: ККТ","value":32.186},{"label":"Коммерция: медианный чек","value":119.854}]},"geometry":{"type":"Polygon","coordinates":[[[36.125871,53.010537],[36.125986,53.01061],[36.127185,53.01139],[36.129247,53.012731],[36.129846,53.013153],[36.130085,53.013265],[36.130376,53.013457],[36.130401,53.013503],[36.130386,53.013544],[36.130337,53.013582],[36.130259,53.013609],[36.129914,53.013696],[36.129673,53.013821],[36.125668,53.015911],[36.125234,53.015626],[36.125111,53.015542],[36.123442,53.014403],[36.123442,53.014403],[36.123151,53.01421],[36.123147,53.014208],[36.123144,53.014206],[36.1231,53.014183],[36.123076,53.014175],[36.123029,53.014165],[36.123021,53.014164],[36.122932,53.013987],[36.122768,53.01364],[36.122709,53.013422],[36.122717,53.013247],[36.123161,53.012707],[36.123177,53.0127],[36.12319,53.012689],[36.123311,53.012543],[36.123311,53.012543],[36.123311,53.012543],[36.123557,53.01224],[36.124158,53.011535],[36.124379,53.011309],[36.124524,53.011165],[36.124638,53.011072],[36.125044,53.010805],[36.125184,53.010728],[36.125575,53.010522],[36.125657,53.0105],[36.125764,53.010494],[36.125871,53.010537]]]}},{"type":"Feature","id":"9","properties":{"id":"9","city":"orel","baseScore":19.935441870582117,"baseScoreNoCommerce":23.92253024469854,"baseRank":310,"population":653.0756630896484,"blocks":{"housing":0.9892551672056871,"infra":0.20687134502923976,"transport":0,"work":0,"green":0,"commerce":0},"indicators":[{"label":"Жильё: плотность","value":166.664},{"label":"Жильё: обеспеченность","value":45.873},{"label":"Жильё: износ","value":2.124},{"label":"Жильё: этажность","value":18},{"label":"Инфраструктура: разнообразие","value":0.041666666666666664},{"label":"Инфраструктура: полнота корзины","value":0}]},"geometry":{"type":"Polygon","coordinates":[[[36.12171,53.016542],[36.121822,53.015642],[36.122111,53.015441],[36.122112,53.01544],[36.122114,53.015439],[36.122455,53.01516],[36.122457,53.015157],[36.12246,53.015154],[36.122697,53.014891],[36.122701,53.014887],[36.122782,53.014766],[36.122787,53.014753],[36.122804,53.014639],[36.122804,53.014638],[36.122835,53.014379],[36.122836,53.014378],[36.12284,53.014314],[36.122849,53.014297],[36.122862,53.014282],[36.122894,53.014264],[36.12293,53.014252],[36.122957,53.01425],[36.122988,53.014252],[36.123014,53.014257],[36.123044,53.014273],[36.123292,53.014437],[36.12336,53.014485],[36.125739,53.016111],[36.124434,53.016557],[36.12412,53.016655],[36.1228,53.016437],[36.12171,53.016542]]]}},{"type":"Feature","id":"10","properties":{"id":"10","city":"orel","baseScore":45.37616402783466,"baseScoreNoCommerce":42.36188217546971,"baseRank":153,"population":5306.572038743994,"blocks":{"housing":0.29442123760672956,"infra":0.8180506822612085,"transport":1,"work":0.005622188905547227,"green":0,"commerce":0.6044757328965942},"indicators":[{"label":"Жильё: плотность","value":219.873},{"label":"Жильё: обеспеченность","value":33.046},{"label":"Жильё: износ","value":31.602},{"label":"Жильё: этажность","value":10},{"label":"Инфраструктура: разнообразие","value":0.6388888888888888},{"label":"Инфраструктура: полнота корзины","value":100},{"label":"Транспорт: доступность","value":100},{"label":"Рабочие места: обеспеченность","value":0.005622188905547227},{"label":"Рабочие места: плотность","value":0.0001243158411642626},{"label":"Коммерция: активность ФНС","value":9.201},{"label":"Коммерция: ККТ","value":54.187},{"label":"Коммерция: медианный чек","value":33.933}]},"geometry":{"type":"Polygon","coordinates":[[[36.13287,53.012426],[36.131248,53.013211],[36.131207,53.01323],[36.130826,53.01339],[36.130825,53.01339],[36.130825,53.01339],[36.130802,53.0134],[36.130796,53.013401],[36.130708,53.013402],[36.130632,53.013389],[36.13056,53.01336],[36.127045,53.011078],[36.126968,53.010989],[36.126527,53.010703],[36.126411,53.010667],[36.126103,53.010467],[36.126032,53.010401],[36.126039,53.010347],[36.126094,53.010287],[36.129086,53.008744],[36.129804,53.008583],[36.13119,53.00843],[36.131191,53.00843],[36.131191,53.00843],[36.132176,53.00831],[36.132358,53.008289],[36.132799,53.008233],[36.132892,53.008222],[36.132898,53.008221],[36.132902,53.00822],[36.13306,53.0082],[36.133156,53.008176],[36.133211,53.008166],[36.133215,53.008165],[36.13322,53.008164],[36.133389,53.00812],[36.133394,53.008118],[36.133451,53.0081],[36.13366,53.008047],[36.136858,53.010394],[36.135859,53.010919],[36.135727,53.010986],[36.135115,53.011287],[36.135114,53.011288],[36.135113,53.011288],[36.134756,53.011475],[36.13287,53.012426]]]}},{"type":"Feature","id":"11","properties":{"id":"11","city":"orel","baseScore":53.32632259073474,"baseScoreNoCommerce":50.61941147295672,"baseRank":105,"population":5090.534923139099,"blocks":{"housing":0.20493650283394516,"infra":0.7714424951267057,"transport":0.92318,"work":0.014711575687185443,"green":0.6167,"commerce":0.6686087817962482},"indicators":[{"label":"Жильё: плотность","value":159.309},{"label":"Жильё: обеспеченность","value":34.041},{"label":"Жильё: износ","value":43.648},{"label":"Жильё: этажность","value":7.64},{"label":"Инфраструктура: разнообразие","value":0.47222222222222215},{"label":"Инфраструктура: полнота корзины","value":100},{"label":"Транспорт: доступность","value":92.318},{"label":"Рабочие места: обеспеченность","value":0.014711575687185443},{"label":"Рабочие места: плотность","value":0.00023786778965878381},{"label":"Зеленые зоны: доступность","value":61.67},{"label":"Коммерция: активность ФНС","value":9.261},{"label":"Коммерция: ККТ","value":82.74},{"label":"Коммерция: медианный чек","value":180.562}]},"geometry":{"type":"Polygon","coordinates":[[[36.141593,53.008792],[36.14136,53.008951],[36.140372,53.009597],[36.13898,53.010505],[36.138884,53.010568],[36.13866,53.010712],[36.138333,53.010915],[36.138333,53.010915],[36.138333,53.010915],[36.138046,53.011094],[36.137884,53.010944],[36.137879,53.01094],[36.137091,53.010371],[36.137091,53.010371],[36.137091,53.010371],[36.136352,53.00984],[36.135489,53.00922],[36.135446,53.009188],[36.133977,53.008123],[36.133835,53.008019],[36.13383,53.007903],[36.133842,53.007891],[36.133843,53.007891],[36.133843,53.00789],[36.134348,53.007381],[36.134357,53.007374],[36.134515,53.007262],[36.134789,53.007111],[36.134789,53.007111],[36.134789,53.007111],[36.135275,53.006846],[36.138768,53.004977],[36.139162,53.004767],[36.139419,53.004632],[36.13975,53.004458],[36.13975,53.004458],[36.13975,53.004458],[36.139872,53.004394],[36.139872,53.004393],[36.139872,53.004393],[36.140494,53.004063],[36.140495,53.004063],[36.140495,53.004062],[36.141162,53.003696],[36.141372,53.003594],[36.141438,53.003575],[36.141487,53.003563],[36.141524,53.003555],[36.14163,53.003543],[36.141705,53.003553],[36.145437,53.006252],[36.144644,53.006742],[36.144265,53.007008],[36.144102,53.007117],[36.142979,53.007844],[36.141863,53.008607],[36.141593,53.008792]]]}},{"type":"Feature","id":"12","properties":{"id":"12","city":"orel","baseScore":53.32632259073474,"baseScoreNoCommerce":50.61941147295672,"baseRank":105,"population":4529.718196114087,"blocks":{"housing":0.20493650283394516,"infra":0.7714424951267057,"transport":0.92318,"work":0.014711575687185443,"green":0.6167,"commerce":0.6686087817962482},"indicators":[{"label":"Жильё: плотность","value":159.309},{"label":"Жильё: обеспеченность","value":34.041},{"label":"Жильё: износ","value":43.648},{"label":"Жильё: этажность","value":7.64},{"label":"Инфраструктура: разнообразие","value":0.47222222222222215},{"label":"Инфраструктура: полнота корзины","value":100},{"label":"Транспорт: доступность","value":92.318},{"label":"Рабочие места: обеспеченность","value":0.014711575687185443},{"label":"Рабочие места: плотность","value":0.00023786778965878381},{"label":"Зеленые зоны: доступность","value":61.67},{"label":"Коммерция: активность ФНС","value":9.261},{"label":"Коммерция: ККТ","value":82.74},{"label":"Коммерция: медианный чек","value":180.562}]},"geometry":{"type":"Polygon","coordinates":[[[36.141581,53.013697],[36.141347,53.013591],[36.140054,53.012788],[36.139034,53.012133],[36.138254,53.01132],[36.138214,53.011275],[36.138214,53.011275],[36.138214,53.011275],[36.138126,53.011174],[36.13844,53.010978],[36.138767,53.010774],[36.138767,53.010774],[36.138768,53.010774],[36.138993,53.010629],[36.138993,53.010629],[36.138993,53.010629],[36.13909,53.010566],[36.13909,53.010566],[36.13909,53.010566],[36.140482,53.009658],[36.140482,53.009658],[36.140482,53.009658],[36.140673,53.009532],[36.141857,53.008774],[36.142919,53.008048],[36.143695,53.007525],[36.143695,53.007525],[36.143695,53.007525],[36.144067,53.007274],[36.144376,53.007067],[36.144377,53.007067],[36.144757,53.0068],[36.145531,53.006314],[36.148034,53.008082],[36.149457,53.008989],[36.14717,53.010369],[36.146474,53.010787],[36.146424,53.010817],[36.14626,53.010916],[36.146134,53.010991],[36.146134,53.010991],[36.146133,53.010991],[36.146046,53.011044],[36.145059,53.011635],[36.145059,53.011635],[36.145059,53.011635],[36.144135,53.01219],[36.144135,53.01219],[36.144135,53.01219],[36.143605,53.012508],[36.143605,53.012508],[36.143605,53.012508],[36.142344,53.013281],[36.142084,53.013434],[36.142084,53.013434],[36.142084,53.013434],[36.141952,53.013511],[36.141952,53.013511],[36.141952,53.013511],[36.141666,53.013683],[36.141581,53.013697]]]}},{"type":"Feature","id":"15","properties":{"id":"15","city":"orel","baseScore":38.62203606406723,"baseScoreNoCommerce":35.46510519109775,"baseRank":204,"population":3996.4393762471195,"blocks":{"housing":0.3942109905490396,"infra":0.706374269005848,"transport":0.41717,"work":0.001,"green":0.2545,"commerce":0.5440669042891464},"indicators":[{"label":"Жильё: плотность","value":134.836},{"label":"Жильё: обеспеченность","value":36.307},{"label":"Жильё: износ","value":32.32},{"label":"Жильё: этажность","value":9.571429},{"label":"Инфраструктура: разнообразие","value":0.3333333333333333},{"label":"Инфраструктура: полнота корзины","value":100},{"label":"Транспорт: доступность","value":41.717},{"label":"Рабочие места: обеспеченность","value":0.001},{"label":"Рабочие места: плотность","value":0.00001349709851255368},{"label":"Зеленые зоны: доступность","value":25.45},{"label":"Коммерция: активность ФНС","value":9.239},{"label":"Коммерция: ККТ","value":26.142},{"label":"Коммерция: медианный чек","value":110.933}]},"geometry":{"type":"MultiPolygon","coordinates":[[[[36.13611,53.000026],[36.135575,53.000328],[36.135456,53.000393],[36.134845,53.000725],[36.134845,53.000725],[36.134845,53.000725],[36.134389,53.000974],[36.134389,53.000974],[36.134389,53.000974],[36.133428,53.001504],[36.132237,53.002149],[36.1321,53.002223],[36.128701,53.004014],[36.1287,53.004014],[36.1287,53.004014],[36.128693,53.004019],[36.128686,53.004024],[36.128685,53.004025],[36.128685,53.004025],[36.128623,53.004089],[36.124205,53.001309],[36.13191,52.997173],[36.13611,53.000026]]],[[[36.128759,53.004174],[36.12873,53.004157],[36.128808,53.004076],[36.130733,53.003063],[36.128759,53.004174]]]]}},{"type":"Feature","id":"16","properties":{"id":"16","city":"orel","baseScore":42.87755952804724,"baseScoreNoCommerce":42.08507295466389,"baseRank":179,"population":92.00923231984864,"blocks":{"housing":1,"infra":0.39557473684210526,"transport":0.25,"work":0.0891089108910891,"green":0.36957,"commerce":0.46839992394964},"indicators":[{"label":"Жильё: плотность","value":11.463},{"label":"Жильё: обеспеченность","value":58.225},{"label":"Инфраструктура: разнообразие","value":0},{"label":"Инфраструктура: полнота корзины","value":41.304},{"label":"Транспорт: доступность","value":25},{"label":"Рабочие места: обеспеченность","value":0.0891089108910891},{"label":"Рабочие места: плотность","value":0.00011213821412600611},{"label":"Зеленые зоны: доступность","value":36.957},{"label":"Коммерция: активность ФНС","value":7.85},{"label":"Коммерция: ККТ","value":4.407},{"label":"Коммерция: медианный чек","value":814.418}]},"geometry":{"type":"Polygon","coordinates":[[[36.141297,53.00122],[36.14106,53.000866],[36.140849,53.000603],[36.141244,53.000584],[36.141257,53.000583],[36.141554,53.000536],[36.141584,53.000527],[36.141852,53.000388],[36.141865,53.000378],[36.142336,52.999952],[36.143781,52.998749],[36.145763,53.000199],[36.145767,53.000202],[36.1465,53.000655],[36.146071,53.000889],[36.143856,53.002085],[36.143867,53.002093],[36.143141,53.00249],[36.143115,53.002503],[36.142569,53.002146],[36.142103,53.0023],[36.141845,53.002126],[36.141297,53.00122]]]}},{"type":"Feature","id":"17","properties":{"id":"17","city":"orel","baseScore":36.12490598910574,"baseScoreNoCommerce":40.327500382685585,"baseRank":228,"population":95.00747297890625,"blocks":{"housing":0.9391755454500688,"infra":0.5403494736842105,"transport":0.29474,"work":0,"green":0.24211,"commerce":0.1511193402120652},"indicators":[{"label":"Жильё: плотность","value":10.919},{"label":"Жильё: обеспеченность","value":45.274},{"label":"Инфраструктура: разнообразие","value":0},{"label":"Инфраструктура: полнота корзины","value":87.368},{"label":"Транспорт: доступность","value":29.474},{"label":"Зеленые зоны: доступность","value":24.211},{"label":"Коммерция: активность ФНС","value":6},{"label":"Коммерция: ККТ","value":0.602},{"label":"Коммерция: медианный чек","value":0}]},"geometry":{"type":"Polygon","coordinates":[[[36.138342,52.99783],[36.138016,52.997572],[36.137759,52.997238],[36.138445,52.996976],[36.139019,52.996785],[36.139641,52.996679],[36.139661,52.996673],[36.14,52.996541],[36.14154,52.997569],[36.141542,52.99757],[36.141543,52.997571],[36.142725,52.998272],[36.14273,52.998274],[36.142734,52.998276],[36.143673,52.998685],[36.142214,52.9999],[36.142213,52.999902],[36.141747,53.000323],[36.141739,53.000328],[36.1415,53.000452],[36.141226,53.000495],[36.140829,53.000513],[36.140588,53.000049],[36.14058,53.000038],[36.139607,52.999109],[36.139288,52.998619],[36.13928,52.998609],[36.138413,52.997872],[36.138404,52.997866],[36.138342,52.99783]]]}},{"type":"Feature","id":"19","properties":{"id":"19","city":"orel","baseScore":14.976014827621894,"baseScoreNoCommerce":17.069310990279217,"baseRank":331,"population":318.0447088305908,"blocks":{"housing":0.8138164267069433,"infra":0.03964912280701754,"transport":0,"work":0,"green":0,"commerce":0.045095340143352855},"indicators":[{"label":"Жильё: плотность","value":7.806},{"label":"Жильё: обеспеченность","value":43.365},{"label":"Инфраструктура: разнообразие","value":0},{"label":"Инфраструктура: полнота корзины","value":0},{"label":"Коммерция: активность ФНС","value":1},{"label":"Коммерция: ККТ","value":0.744},{"label":"Коммерция: медианный чек","value":0}]},"geometry":{"type":"Polygon","coordinates":[[[36.145915,52.991604],[36.145639,52.991624],[36.145641,52.991589],[36.145927,52.991515],[36.14586,52.990866],[36.145035,52.990793],[36.14504,52.99003],[36.143372,52.989068],[36.143872,52.987973],[36.142691,52.986148],[36.142437,52.985417],[36.143023,52.984412],[36.142071,52.984208],[36.1447,52.982592],[36.146244,52.981915],[36.147577,52.980759],[36.15109,52.984794],[36.150953,52.985069],[36.151258,52.985279],[36.151534,52.985413],[36.150942,52.986096],[36.150886,52.986082],[36.150375,52.986707],[36.15003,52.987103],[36.149426,52.987798],[36.149426,52.987798],[36.149426,52.987798],[36.148754,52.98857],[36.148753,52.988571],[36.148752,52.988573],[36.14875,52.988578],[36.148747,52.988583],[36.148747,52.988585],[36.148746,52.988586],[36.148742,52.988612],[36.148702,52.988617],[36.148685,52.988621],[36.148669,52.988627],[36.148583,52.988673],[36.148565,52.988687],[36.147481,52.990021],[36.147481,52.990021],[36.147481,52.990021],[36.146924,52.990708],[36.146494,52.991239],[36.146362,52.991356],[36.14633,52.991388],[36.146368,52.991411],[36.145915,52.991604]]]}},{"type":"Feature","id":"20","properties":{"id":"20","city":"orel","baseScore":25.5332237388138,"baseScoreNoCommerce":21.88999397276245,"baseRank":287,"population":668.0672485400635,"blocks":{"housing":0.9706959105609645,"infra":0.1208187134502924,"transport":0,"work":0.0029850746268656717,"green":0,"commerce":0.43749372569070555},"indicators":[{"label":"Жильё: плотность","value":12.938},{"label":"Жильё: обеспеченность","value":45.754},{"label":"Инфраструктура: разнообразие","value":0.16666666666666666},{"label":"Инфраструктура: полнота корзины","value":0},{"label":"Рабочие места: обеспеченность","value":0.0029850746268656717},{"label":"Рабочие места: плотность","value":0.000003873661959505004},{"label":"Коммерция: активность ФНС","value":8.523},{"label":"Коммерция: ККТ","value":3.961},{"label":"Коммерция: медианный чек","value":344.193}]},"geometry":{"type":"Polygon","coordinates":[[[36.140066,52.977974],[36.141732,52.976161],[36.142637,52.975541],[36.142962,52.975304],[36.14322,52.975037],[36.147406,52.97618],[36.150904,52.977394],[36.150012,52.978673],[36.146528,52.981602],[36.146189,52.981882],[36.145758,52.982104],[36.144705,52.98258],[36.144235,52.982012],[36.14378,52.981606],[36.142685,52.981024],[36.141347,52.981978],[36.141087,52.982652],[36.139674,52.983377],[36.1374,52.980877],[36.13724,52.980987],[36.137084,52.981002],[36.136917,52.980919],[36.136474,52.979923],[36.136244,52.979516],[36.136161,52.979494],[36.135345,52.979437],[36.135078,52.97939],[36.137334,52.977355],[36.137609,52.97714],[36.140066,52.977974]]]}},{"type":"Feature","id":"24","properties":{"id":"24","city":"orel","baseScore":25.194122807017543,"baseScoreNoCommerce":30.232947368421055,"baseRank":289,"population":185.0199267895508,"blocks":{"housing":1,"infra":0.23056736842105266,"transport":0,"work":0,"green":0.28108,"commerce":0},"indicators":[{"label":"Жильё: плотность","value":13.16},{"label":"Жильё: обеспеченность","value":49.604},{"label":"Инфраструктура: разнообразие","value":0},{"label":"Инфраструктура: полнота корзины","value":26.486},{"label":"Зеленые зоны: доступность","value":28.108}]},"geometry":{"type":"Polygon","coordinates":[[[36.146643,52.996007],[36.146624,52.996025],[36.146624,52.996025],[36.146617,52.996027],[36.146614,52.996029],[36.14661,52.99603],[36.146605,52.996033],[36.146599,52.996036],[36.146597,52.996038],[36.146594,52.99604],[36.146514,52.996114],[36.146514,52.996114],[36.146514,52.996114],[36.145948,52.996635],[36.145948,52.996635],[36.145948,52.996635],[36.145153,52.997374],[36.144245,52.99818],[36.144245,52.99818],[36.144245,52.99818],[36.143759,52.998612],[36.142826,52.998206],[36.141649,52.997508],[36.140067,52.996452],[36.140067,52.996452],[36.140066,52.996451],[36.139014,52.995789],[36.138875,52.995096],[36.139389,52.995096],[36.140058,52.995117],[36.140063,52.995117],[36.140067,52.995117],[36.140074,52.995116],[36.140081,52.995116],[36.140085,52.995114],[36.14009,52.995114],[36.141111,52.994862],[36.142664,52.994478],[36.14267,52.994476],[36.143498,52.994195],[36.14494,52.995029],[36.14502,52.995075],[36.146643,52.996007]]]}},{"type":"Feature","id":"26","properties":{"id":"26","city":"orel","baseScore":38.62203606406723,"baseScoreNoCommerce":35.46510519109775,"baseRank":204,"population":992.8893497142091,"blocks":{"housing":0.3942109905490396,"infra":0.706374269005848,"transport":0.41717,"work":0.001,"green":0.2545,"commerce":0.5440669042891464},"indicators":[{"label":"Жильё: плотность","value":134.836},{"label":"Жильё: обеспеченность","value":36.307},{"label":"Жильё: износ","value":32.32},{"label":"Жильё: этажность","value":9.571429},{"label":"Инфраструктура: разнообразие","value":0.3333333333333333},{"label":"Инфраструктура: полнота корзины","value":100},{"label":"Транспорт: доступность","value":41.717},{"label":"Рабочие места: обеспеченность","value":0.001},{"label":"Рабочие места: плотность","value":0.00001349709851255368},{"label":"Зеленые зоны: доступность","value":25.45},{"label":"Коммерция: активность ФНС","value":9.239},{"label":"Коммерция: ККТ","value":26.142},{"label":"Коммерция: медианный чек","value":110.933}]},"geometry":{"type":"Polygon","coordinates":[[[36.126924,52.993913],[36.127931,52.993454],[36.127932,52.993454],[36.127932,52.993454],[36.127932,52.993454],[36.129027,52.994195],[36.129027,52.994195],[36.129027,52.994195],[36.129642,52.994611],[36.129935,52.994809],[36.130083,52.994909],[36.133899,52.997557],[36.132561,52.997615],[36.13191,52.997173],[36.130595,52.997879],[36.12908,52.996803],[36.128319,52.994552],[36.128063,52.994377],[36.127853,52.994493],[36.127633,52.994348],[36.127571,52.994382],[36.127308,52.994209],[36.127394,52.994162],[36.127238,52.994059],[36.127075,52.994148],[36.127038,52.99412],[36.127022,52.993975],[36.126924,52.993913]]]}},{"type":"Feature","id":"27","properties":{"id":"27","city":"orel","baseScore":38.62203606406723,"baseScoreNoCommerce":35.46510519109775,"baseRank":204,"population":65.92810097320556,"blocks":{"housing":0.3942109905490396,"infra":0.706374269005848,"transport":0.41717,"work":0.001,"green":0.2545,"commerce":0.5440669042891464},"indicators":[{"label":"Жильё: плотность","value":134.836},{"label":"Жильё: обеспеченность","value":36.307},{"label":"Жильё: износ","value":32.32},{"label":"Жильё: этажность","value":9.571429},{"label":"Инфраструктура: разнообразие","value":0.3333333333333333},{"label":"Инфраструктура: полнота корзины","value":100},{"label":"Транспорт: доступность","value":41.717},{"label":"Рабочие места: обеспеченность","value":0.001},{"label":"Рабочие места: плотность","value":0.00001349709851255368},{"label":"Зеленые зоны: доступность","value":25.45},{"label":"Коммерция: активность ФНС","value":9.239},{"label":"Коммерция: ККТ","value":26.142},{"label":"Коммерция: медианный чек","value":110.933}]},"geometry":{"type":"Polygon","coordinates":[[[36.122723,52.996515],[36.121795,52.996369],[36.121066,52.994753],[36.12191,52.994373],[36.121978,52.994344],[36.122092,52.994295],[36.122336,52.99419],[36.122337,52.99419],[36.122338,52.994189],[36.122679,52.994032],[36.1227,52.994017],[36.122937,52.993746],[36.123162,52.993502],[36.123241,52.993417],[36.123637,52.992997],[36.123637,52.992997],[36.123637,52.992997],[36.124016,52.992595],[36.124122,52.992527],[36.124343,52.992399],[36.124345,52.992397],[36.124347,52.992396],[36.124427,52.992341],[36.124428,52.99234],[36.124431,52.992338],[36.124458,52.992316],[36.124518,52.99228],[36.124897,52.991882],[36.124967,52.991811],[36.125178,52.99161],[36.125179,52.991609],[36.12518,52.991607],[36.125198,52.991588],[36.125212,52.991596],[36.127931,52.993454],[36.126924,52.993913],[36.127022,52.993975],[36.127038,52.99412],[36.127075,52.994148],[36.127238,52.994059],[36.127394,52.994162],[36.127308,52.994209],[36.127571,52.994382],[36.127633,52.994348],[36.127853,52.994493],[36.128063,52.994377],[36.128319,52.994552],[36.128692,52.995656],[36.124123,52.996426],[36.122723,52.996515]]]}},{"type":"Feature","id":"28","properties":{"id":"28","city":"orel","baseScore":27.003718822935912,"baseScoreNoCommerce":26.598405131758916,"baseRank":277,"population":1699.1923085647218,"blocks":{"housing":0.5166740071390752,"infra":0.5042928070175439,"transport":0.30194,"work":0.0070134424313267095,"green":0,"commerce":0.290302872788209},"indicators":[{"label":"Жильё: плотность","value":154.447},{"label":"Жильё: обеспеченность","value":32.819},{"label":"Жильё: износ","value":8.95},{"label":"Жильё: этажность","value":11.8},{"label":"Инфраструктура: разнообразие","value":0.125},{"label":"Инфраструктура: полнота корзины","value":86.051},{"label":"Транспорт: доступность","value":30.194},{"label":"Рабочие места: обеспеченность","value":0.0070134424313267095},{"label":"Рабочие места: плотность","value":0.00010908589743305416},{"label":"Коммерция: активность ФНС","value":9.065},{"label":"Коммерция: ККТ","value":4.531},{"label":"Коммерция: медианный чек","value":0}]},"geometry":{"type":"Polygon","coordinates":[[[36.120933,52.994521],[36.118443,52.993693],[36.11774,52.993443],[36.117337,52.993299],[36.117336,52.993299],[36.117335,52.993298],[36.117109,52.993224],[36.118297,52.991986],[36.120295,52.992765],[36.123231,52.990282],[36.125075,52.991509],[36.124375,52.992225],[36.123964,52.992454],[36.123297,52.993176],[36.123111,52.993373],[36.123111,52.993373],[36.123111,52.993373],[36.122879,52.993619],[36.122879,52.99362],[36.122878,52.993621],[36.122737,52.993782],[36.122559,52.993974],[36.122248,52.994117],[36.122006,52.994222],[36.122006,52.994222],[36.122006,52.994222],[36.121891,52.994271],[36.121891,52.994271],[36.121891,52.994271],[36.121629,52.994384],[36.121337,52.994507],[36.121151,52.994586],[36.120933,52.994521]]]}},{"type":"Feature","id":"29","properties":{"id":"29","city":"orel","baseScore":27.003718822935912,"baseScoreNoCommerce":26.598405131758916,"baseRank":277,"population":1077.7674003370728,"blocks":{"housing":0.5166740071390752,"infra":0.5042928070175439,"transport":0.30194,"work":0.0070134424313267095,"green":0,"commerce":0.290302872788209},"indicators":[{"label":"Жильё: плотность","value":154.447},{"label":"Жильё: обеспеченность","value":32.819},{"label":"Жильё: износ","value":8.95},{"label":"Жильё: этажность","value":11.8},{"label":"Инфраструктура: разнообразие","value":0.125},{"label":"Инфраструктура: полнота корзины","value":86.051},{"label":"Транспорт: доступность","value":30.194},{"label":"Рабочие места: обеспеченность","value":0.0070134424313267095},{"label":"Рабочие места: плотность","value":0.00010908589743305416},{"label":"Коммерция: активность ФНС","value":9.065},{"label":"Коммерция: ККТ","value":4.531},{"label":"Коммерция: медианный чек","value":0}]},"geometry":{"type":"Polygon","coordinates":[[[36.11519,52.996411],[36.114658,52.996614],[36.113642,52.995755],[36.11326,52.995393],[36.113256,52.995389],[36.113252,52.995386],[36.11283,52.995112],[36.112701,52.995015],[36.113117,52.994743],[36.113122,52.99474],[36.113385,52.994526],[36.113387,52.994524],[36.113478,52.994443],[36.114782,52.993285],[36.115092,52.993012],[36.115092,52.993012],[36.115092,52.993011],[36.115327,52.992803],[36.115327,52.992803],[36.115327,52.992803],[36.1154,52.992738],[36.115442,52.992759],[36.115448,52.992762],[36.115867,52.99293],[36.115873,52.992932],[36.116334,52.993081],[36.116337,52.993082],[36.116605,52.99316],[36.117263,52.993377],[36.117664,52.993521],[36.117665,52.993521],[36.117665,52.993521],[36.117678,52.993525],[36.116826,52.994558],[36.115363,52.995248],[36.115796,52.995757],[36.114948,52.996083],[36.11519,52.996411]]]}},{"type":"Feature","id":"32","properties":{"id":"32","city":"orel","baseScore":44.966565022352874,"baseScoreNoCommerce":47.515838153027566,"baseRank":156,"population":75.00874945839844,"blocks":{"housing":0.8448114523993244,"infra":0.14701754385964913,"transport":0.77333,"work":0.05063291139240506,"green":0.56,"commerce":0.32220199368979363},"indicators":[{"label":"Жильё: плотность","value":15.108},{"label":"Жильё: обеспеченность","value":43.837},{"label":"Инфраструктура: разнообразие","value":0},{"label":"Инфраструктура: полнота корзины","value":0},{"label":"Транспорт: доступность","value":77.333},{"label":"Рабочие места: обеспеченность","value":0.05063291139240506},{"label":"Рабочие места: плотность","value":0.00008057659281028098},{"label":"Зеленые зоны: доступность","value":56},{"label":"Коммерция: активность ФНС","value":10},{"label":"Коммерция: ККТ","value":2.799},{"label":"Коммерция: медианный чек","value":0}]},"geometry":{"type":"Polygon","coordinates":[[[36.111537,53.001366],[36.110709,53.00117],[36.109556,53.000876],[36.108461,53.00053],[36.107922,53.000346],[36.107912,53.000343],[36.107451,53.000238],[36.106839,53.000093],[36.106836,53.000092],[36.106633,53.000049],[36.106631,53.000049],[36.10651,53.000025],[36.106504,53.000024],[36.105799,52.999923],[36.105798,52.999923],[36.105797,52.999923],[36.105331,52.999866],[36.105238,52.999845],[36.105152,52.999815],[36.105091,52.999784],[36.105993,52.999164],[36.105993,52.999163],[36.105994,52.999163],[36.106037,52.999131],[36.106108,52.99908],[36.106167,52.999104],[36.106174,52.999107],[36.106182,52.999109],[36.106236,52.999122],[36.106254,52.999125],[36.106313,52.999129],[36.106321,52.99913],[36.106673,52.999136],[36.106704,52.999137],[36.10774,52.999385],[36.107741,52.999385],[36.107741,52.999385],[36.109829,52.999866],[36.111009,53.000304],[36.111011,53.000304],[36.111843,53.000592],[36.111865,53.000597],[36.112048,53.000659],[36.111537,53.001366]]]}},{"type":"Feature","id":"34","properties":{"id":"34","city":"orel","baseScore":44.966565022352874,"baseScoreNoCommerce":47.515838153027566,"baseRank":156,"population":131.19239774750977,"blocks":{"housing":0.8448114523993244,"infra":0.14701754385964913,"transport":0.77333,"work":0.05063291139240506,"green":0.56,"commerce":0.32220199368979363},"indicators":[{"label":"Жильё: плотность","value":15.108},{"label":"Жильё: обеспеченность","value":43.837},{"label":"Инфраструктура: разнообразие","value":0},{"label":"Инфраструктура: полнота корзины","value":0},{"label":"Транспорт: доступность","value":77.333},{"label":"Рабочие места: обеспеченность","value":0.05063291139240506},{"label":"Рабочие места: плотность","value":0.00008057659281028098},{"label":"Зеленые зоны: доступность","value":56},{"label":"Коммерция: активность ФНС","value":10},{"label":"Коммерция: ККТ","value":2.799},{"label":"Коммерция: медианный чек","value":0}]},"geometry":{"type":"Polygon","coordinates":[[[36.111699,53.001993],[36.110504,53.003143],[36.109913,53.002917],[36.109912,53.002917],[36.109912,53.002917],[36.109601,53.0028],[36.109601,53.0028],[36.107266,53.001926],[36.107262,53.001924],[36.106366,53.001637],[36.105557,53.001375],[36.105447,53.001319],[36.105444,53.001318],[36.10538,53.001289],[36.105369,53.001285],[36.105297,53.001262],[36.105218,53.001238],[36.105092,53.001189],[36.104966,53.001132],[36.104871,53.001083],[36.104803,53.00104],[36.104722,53.000982],[36.104654,53.000923],[36.10457,53.000846],[36.104508,53.000786],[36.104368,53.000618],[36.104332,53.000568],[36.104345,53.000456],[36.104387,53.000375],[36.104451,53.000297],[36.104626,53.000102],[36.104951,52.999877],[36.104991,52.999851],[36.105061,52.999886],[36.105067,52.999888],[36.105071,52.999891],[36.105168,52.999925],[36.105181,52.999928],[36.105285,52.999951],[36.105296,52.999953],[36.105766,53.000011],[36.106467,53.000111],[36.106584,53.000134],[36.106785,53.000177],[36.107397,53.000321],[36.107398,53.000322],[36.107854,53.000425],[36.108389,53.000608],[36.108391,53.000609],[36.10949,53.000957],[36.109493,53.000957],[36.109495,53.000958],[36.110651,53.001253],[36.110674,53.001257],[36.111482,53.001423],[36.111096,53.001779],[36.111699,53.001993]]]}},{"type":"Feature","id":"35","properties":{"id":"35","city":"orel","baseScore":37.06689016529466,"baseScoreNoCommerce":38.33737629371792,"baseRank":220,"population":3254.4139823111327,"blocks":{"housing":0.33761254589367207,"infra":0.5455394346978557,"transport":0.80916,"work":0.009436834094368341,"green":0.21512,"commerce":0.3071445952317837},"indicators":[{"label":"Жильё: плотность","value":141.256},{"label":"Жильё: обеспеченность","value":31.836},{"label":"Жильё: износ","value":23.425},{"label":"Жильё: этажность","value":9.333333},{"label":"Инфраструктура: разнообразие","value":0.15277777777777776},{"label":"Инфраструктура: полнота корзины","value":92.963},{"label":"Транспорт: доступность","value":80.916},{"label":"Рабочие места: обеспеченность","value":0.009436834094368341},{"label":"Рабочие места: плотность","value":0.0001345705058915816},{"label":"Зеленые зоны: доступность","value":21.512},{"label":"Коммерция: активность ФНС","value":7.267},{"label":"Коммерция: ККТ","value":11.357},{"label":"Коммерция: медианный чек","value":0}]},"geometry":{"type":"MultiPolygon","coordinates":[[[[36.111436,53.005215],[36.111379,53.005275],[36.111275,53.005377],[36.109273,53.00734],[36.109556,53.007044],[36.109556,53.007044],[36.110135,53.006435],[36.110588,53.006014],[36.110589,53.006013],[36.110945,53.005661],[36.110945,53.005661],[36.110945,53.005661],[36.111003,53.005604],[36.111466,53.005166],[36.111466,53.005166],[36.111467,53.005165],[36.111536,53.005097],[36.111536,53.005096],[36.111537,53.005095],[36.111842,53.00476],[36.112207,53.004361],[36.112426,53.004122],[36.112457,53.004092],[36.112498,53.004108],[36.111436,53.005215]]],[[[36.110699,53.003402],[36.112332,53.004043],[36.112298,53.004075],[36.112297,53.004076],[36.112296,53.004077],[36.112077,53.004317],[36.111712,53.004716],[36.111712,53.004716],[36.111712,53.004716],[36.111408,53.005051],[36.11134,53.005118],[36.110877,53.005556],[36.110876,53.005556],[36.110876,53.005557],[36.110818,53.005614],[36.110462,53.005965],[36.110009,53.006387],[36.110006,53.006389],[36.109426,53.006999],[36.109066,53.007376],[36.109036,53.007393],[36.108998,53.007404],[36.108946,53.00741],[36.108888,53.007402],[36.107316,53.007122],[36.107313,53.007122],[36.107311,53.007121],[36.10702,53.007083],[36.107007,53.007082],[36.106835,53.007079],[36.10582,53.005416],[36.103644,53.002504],[36.103026,53.002533],[36.103025,53.002526],[36.103017,53.002513],[36.102959,53.002456],[36.102952,53.00245],[36.102874,53.002395],[36.102863,53.002389],[36.102173,53.002069],[36.102172,53.002069],[36.102172,53.002069],[36.102105,53.002038],[36.102017,53.001996],[36.102104,53.001938],[36.102369,53.001749],[36.102563,53.001632],[36.102596,53.001619],[36.102597,53.001618],[36.102703,53.001572],[36.102829,53.001524],[36.102991,53.00147],[36.10309,53.001439],[36.103157,53.001422],[36.103315,53.001385],[36.103464,53.00135],[36.10387,53.001301],[36.104373,53.00129],[36.104757,53.001323],[36.104924,53.00135],[36.105083,53.001379],[36.10557,53.001522],[36.105975,53.001709],[36.106557,53.001839],[36.109454,53.002898],[36.110699,53.003402]]],[[[36.109069,53.00754],[36.108722,53.007467],[36.108848,53.007489],[36.108853,53.00749],[36.108929,53.0075],[36.108959,53.0075],[36.109035,53.007491],[36.109044,53.007489],[36.109054,53.007488],[36.10911,53.007471],[36.109128,53.007464],[36.10917,53.007441],[36.109069,53.00754]]]]}},{"type":"Feature","id":"43","properties":{"id":"43","city":"orel","baseScore":56.62985381544705,"baseScoreNoCommerce":58.403058919336104,"baseRank":85,"population":17.99391199526367,"blocks":{"housing":0.5224891024499667,"infra":0.5528362573099416,"transport":1,"work":0.8448275862068966,"green":0,"commerce":0.477638282960018},"indicators":[{"label":"Жильё: плотность","value":0.579},{"label":"Жильё: обеспеченность","value":41.411},{"label":"Жильё: износ","value":36.196},{"label":"Жильё: этажность","value":2},{"label":"Инфраструктура: разнообразие","value":0.041666666666666664},{"label":"Инфраструктура: полнота корзины","value":100},{"label":"Транспорт: доступность","value":100},{"label":"Рабочие места: обеспеченность","value":0.8448275862068966},{"label":"Рабочие места: плотность","value":0.0003153835294982831},{"label":"Коммерция: активность ФНС","value":7.203},{"label":"Коммерция: ККТ","value":8.988},{"label":"Коммерция: медианный чек","value":673.676}]},"geometry":{"type":"Polygon","coordinates":[[[36.080075,53.001888],[36.080974,53.000163],[36.083482,53.000524],[36.085549,53.000813],[36.090458,53.001462],[36.091026,53.001508],[36.091032,53.001549],[36.091034,53.001556],[36.091071,53.001645],[36.091075,53.001652],[36.091132,53.001731],[36.091143,53.001742],[36.092119,53.00244],[36.092119,53.00244],[36.092119,53.00244],[36.09225,53.002533],[36.092314,53.002616],[36.092377,53.002722],[36.092417,53.002825],[36.092447,53.002937],[36.092447,53.002937],[36.092447,53.002937],[36.092502,53.003122],[36.092508,53.003133],[36.092568,53.003207],[36.092577,53.003216],[36.092609,53.003239],[36.092425,53.00335],[36.09225,53.003455],[36.091681,53.003796],[36.091583,53.003854],[36.091661,53.003927],[36.092169,53.004757],[36.089038,53.005695],[36.083435,53.004047],[36.083503,53.002966],[36.081844,53.002456],[36.080413,53.002912],[36.079546,53.00275],[36.079118,53.002451],[36.079446,53.001862],[36.080075,53.001888]]]}},{"type":"Feature","id":"44","properties":{"id":"44","city":"orel","baseScore":32.96158626149364,"baseScoreNoCommerce":31.281768859069498,"baseRank":246,"population":1090.1278544628908,"blocks":{"housing":0.5,"infra":0.42740370370370373,"transport":0.63394,"work":0.0027447392497712718,"green":0,"commerce":0.4136067327361436},"indicators":[{"label":"Жильё: плотность","value":106.504},{"label":"Жильё: обеспеченность","value":13.983},{"label":"Жильё: износ","value":2.5},{"label":"Жильё: этажность","value":18},{"label":"Инфраструктура: разнообразие","value":0.1111111111111111},{"label":"Инфраструктура: полнота корзины","value":42.11},{"label":"Транспорт: доступность","value":63.394},{"label":"Рабочие места: обеспеченность","value":0.0027447392497712718},{"label":"Рабочие места: плотность","value":0.000029313132994570582},{"label":"Коммерция: активность ФНС","value":8.642},{"label":"Коммерция: ККТ","value":19.576},{"label":"Коммерция: медианный чек","value":0}]},"geometry":{"type":"Polygon","coordinates":[[[36.119162,52.988978],[36.116979,52.987955],[36.11447,52.987267],[36.114287,52.987487],[36.110881,52.986616],[36.110566,52.986462],[36.109811,52.986207],[36.109705,52.986079],[36.109712,52.985934],[36.108911,52.985594],[36.109469,52.985153],[36.109858,52.984882],[36.110256,52.985023],[36.110258,52.985024],[36.110529,52.985113],[36.110531,52.985113],[36.110532,52.985114],[36.110934,52.985234],[36.110938,52.985235],[36.111258,52.985315],[36.111259,52.985315],[36.111573,52.985388],[36.111576,52.985388],[36.111578,52.985389],[36.111679,52.985407],[36.112787,52.985716],[36.114493,52.986055],[36.116161,52.986475],[36.118209,52.987095],[36.119099,52.987609],[36.119907,52.988114],[36.119913,52.988275],[36.119162,52.988978]]]}},{"type":"Feature","id":"45","properties":{"id":"45","city":"orel","baseScore":32.96158626149364,"baseScoreNoCommerce":31.281768859069498,"baseRank":246,"population":1265.5355975365235,"blocks":{"housing":0.5,"infra":0.42740370370370373,"transport":0.63394,"work":0.0027447392497712718,"green":0,"commerce":0.4136067327361436},"indicators":[{"label":"Жильё: плотность","value":106.504},{"label":"Жильё: обеспеченность","value":13.983},{"label":"Жильё: износ","value":2.5},{"label":"Жильё: этажность","value":18},{"label":"Инфраструктура: разнообразие","value":0.1111111111111111},{"label":"Инфраструктура: полнота корзины","value":42.11},{"label":"Транспорт: доступность","value":63.394},{"label":"Рабочие места: обеспеченность","value":0.0027447392497712718},{"label":"Рабочие места: плотность","value":0.000029313132994570582},{"label":"Коммерция: активность ФНС","value":8.642},{"label":"Коммерция: ККТ","value":19.576},{"label":"Коммерция: медианный чек","value":0}]},"geometry":{"type":"Polygon","coordinates":[[[36.115299,52.99262],[36.111291,52.991202],[36.110796,52.990728],[36.112267,52.990099],[36.113177,52.990303],[36.11584,52.989267],[36.116979,52.987955],[36.119162,52.988978],[36.116747,52.991238],[36.115299,52.99262]]]}},{"type":"Feature","id":"46","properties":{"id":"46","city":"orel","baseScore":31.33166985274325,"baseScoreNoCommerce":34.228898027818154,"baseRank":259,"population":1177.1469352351073,"blocks":{"housing":0.47875484291137577,"infra":0.23269005847953217,"transport":0,"work":0,"green":1,"commerce":0.16845528977368712},"indicators":[{"label":"Жильё: плотность","value":275.18},{"label":"Жильё: обеспеченность","value":30.976},{"label":"Жильё: износ","value":6.722},{"label":"Жильё: этажность","value":11.833333},{"label":"Инфраструктура: разнообразие","value":0.08333333333333333},{"label":"Инфраструктура: полнота корзины","value":0},{"label":"Зеленые зоны: доступность","value":100},{"label":"Коммерция: активность ФНС","value":5.917},{"label":"Коммерция: ККТ","value":0.6},{"label":"Коммерция: медианный чек","value":0}]},"geometry":{"type":"Polygon","coordinates":[[[36.107625,52.987433],[36.108526,52.987495],[36.110455,52.987143],[36.110916,52.986893],[36.111762,52.987459],[36.112622,52.987865],[36.111818,52.988327],[36.108643,52.988793],[36.108041,52.988743],[36.107774,52.988334],[36.107579,52.987748],[36.107625,52.987433]]]}},{"type":"Feature","id":"47","properties":{"id":"47","city":"orel","baseScore":11.68902986263356,"baseScoreNoCommerce":11.917156704322766,"baseRank":340,"population":335.04611662683106,"blocks":{"housing":0.411433800128419,"infra":0.1456140350877193,"transport":0,"work":0,"green":0.03881,"commerce":0.10548395654187533},"indicators":[{"label":"Жильё: плотность","value":17.91},{"label":"Жильё: обеспеченность","value":37.343},{"label":"Жильё: износ","value":33.976},{"label":"Жильё: этажность","value":2.058824},{"label":"Инфраструктура: разнообразие","value":0},{"label":"Инфраструктура: полнота корзины","value":0},{"label":"Зеленые зоны: доступность","value":3.881},{"label":"Коммерция: активность ФНС","value":3.17},{"label":"Коммерция: ККТ","value":1.318},{"label":"Коммерция: медианный чек","value":0}]},"geometry":{"type":"Polygon","coordinates":[[[36.108762,52.989118],[36.109476,52.989836],[36.108778,52.991049],[36.107858,52.991172],[36.105597,52.993185],[36.103886,52.99279],[36.102184,52.992327],[36.101414,52.993143],[36.101125,52.993548],[36.100215,52.993454],[36.101168,52.992154],[36.100466,52.991997],[36.100617,52.991692],[36.102752,52.989565],[36.103976,52.988938],[36.104865,52.989496],[36.105197,52.988944],[36.105396,52.988892],[36.108715,52.98907],[36.108737,52.989092],[36.108743,52.9891],[36.108762,52.989118]]]}},{"type":"Feature","id":"48","properties":{"id":"48","city":"orel","baseScore":53.75152777350793,"baseScoreNoCommerce":54.57538653983145,"baseRank":104,"population":87.01033179938963,"blocks":{"housing":0.894784364585557,"infra":0.16105263157894736,"transport":1,"work":0.6729323308270677,"green":0,"commerce":0.4963223394189037},"indicators":[{"label":"Жильё: плотность","value":6.406},{"label":"Жильё: обеспеченность","value":44.598},{"label":"Инфраструктура: разнообразие","value":0},{"label":"Инфраструктура: полнота корзины","value":0},{"label":"Транспорт: доступность","value":100},{"label":"Рабочие места: обеспеченность","value":0.6729323308270677},{"label":"Рабочие места: плотность","value":0.0013180225252665638},{"label":"Коммерция: активность ФНС","value":6.94},{"label":"Коммерция: ККТ","value":12.318},{"label":"Коммерция: медианный чек","value":235.232}]},"geometry":{"type":"Polygon","coordinates":[[[36.111411,52.994459],[36.113893,52.992248],[36.113897,52.99225],[36.113897,52.99225],[36.113898,52.99225],[36.115173,52.9927],[36.115238,52.992723],[36.115204,52.992752],[36.114969,52.992961],[36.114659,52.993234],[36.114659,52.993234],[36.114659,52.993234],[36.114156,52.993681],[36.112873,52.994732],[36.111626,52.99545],[36.109766,52.996463],[36.108772,52.997019],[36.107314,52.998006],[36.105802,52.99909],[36.104367,53.000089],[36.10419,53.000162],[36.104188,53.000163],[36.104091,53.000193],[36.103997,53.000221],[36.103916,53.000237],[36.103842,53.000252],[36.103838,53.000253],[36.103714,53.000281],[36.103656,53.000285],[36.103652,53.000285],[36.103649,53.000285],[36.103647,53.000285],[36.103593,53.000283],[36.103588,53.000283],[36.103544,53.000283],[36.102776,52.999891],[36.107941,52.996323],[36.106788,52.995908],[36.10825,52.994305],[36.109891,52.994823],[36.110531,52.99497],[36.111411,52.994459]]]}},{"type":"Feature","id":"50","properties":{"id":"50","city":"orel","baseScore":38.94195097541489,"baseScoreNoCommerce":43.87008390741929,"baseRank":202,"population":372.0407633916504,"blocks":{"housing":0.6145568269499122,"infra":0.5789473684210527,"transport":0,"work":0,"green":1,"commerce":0.1430128631539291},"indicators":[{"label":"Жильё: плотность","value":83.062},{"label":"Жильё: обеспеченность","value":34.461},{"label":"Жильё: износ","value":1},{"label":"Инфраструктура: разнообразие","value":0},{"label":"Инфраструктура: полнота корзины","value":100},{"label":"Зеленые зоны: доступность","value":100},{"label":"Коммерция: активность ФНС","value":5},{"label":"Коммерция: ККТ","value":1},{"label":"Коммерция: медианный чек","value":0}]},"geometry":{"type":"Polygon","coordinates":[[[36.128001,53.004624],[36.130169,53.00611],[36.13013,53.006586],[36.126757,53.006819],[36.125504,53.005985],[36.128001,53.004624]]]}},{"type":"Feature","id":"178","properties":{"id":"178","city":"orel","baseScore":35.948621059578926,"baseScoreNoCommerce":30.460047315619924,"baseRank":230,"population":524.0652302208985,"blocks":{"housing":0.1837353201408252,"infra":0.31505847953216376,"transport":1,"work":0.024208566108007448,"green":0,"commerce":0.6339148977937394},"indicators":[{"label":"Жильё: плотность","value":55.374},{"label":"Жильё: обеспеченность","value":33.853},{"label":"Жильё: износ","value":45.13},{"label":"Жильё: этажность","value":5.4},{"label":"Инфраструктура: разнообразие","value":0.20833333333333334},{"label":"Инфраструктура: полнота корзины","value":0},{"label":"Транспорт: доступность","value":100},{"label":"Рабочие места: обеспеченность","value":0.024208566108007448},{"label":"Рабочие места: плотность","value":0.0001373778078950928},{"label":"Коммерция: активность ФНС","value":8.015},{"label":"Коммерция: ККТ","value":19.354},{"label":"Коммерция: медианный чек","value":189.587}]},"geometry":{"type":"Polygon","coordinates":[[[36.117892,52.978295],[36.118385,52.978367],[36.118283,52.978536],[36.118283,52.978537],[36.118282,52.978537],[36.118082,52.978912],[36.117486,52.980025],[36.117205,52.980457],[36.117096,52.980587],[36.116866,52.980783],[36.114428,52.982715],[36.114375,52.982753],[36.114096,52.982936],[36.11302,52.983556],[36.112673,52.983749],[36.112672,52.98375],[36.112672,52.98375],[36.112248,52.983991],[36.112248,52.983991],[36.112248,52.983991],[36.111797,52.984253],[36.111797,52.984253],[36.111797,52.984253],[36.111062,52.984681],[36.110808,52.984769],[36.110624,52.984822],[36.110476,52.984834],[36.110371,52.984831],[36.11022,52.984809],[36.109437,52.984528],[36.109763,52.984393],[36.109848,52.98435],[36.110092,52.984267],[36.110331,52.984158],[36.11055,52.984057],[36.110887,52.983859],[36.111281,52.983527],[36.112331,52.9825],[36.112851,52.981957],[36.113337,52.981505],[36.113879,52.981118],[36.114136,52.980975],[36.114509,52.980773],[36.11614,52.979896],[36.116552,52.979584],[36.116895,52.979209],[36.117094,52.978919],[36.117652,52.978005],[36.117689,52.978059],[36.117711,52.978205],[36.11777,52.978264],[36.117892,52.978295]]]}},{"type":"Feature","id":"186","properties":{"id":"186","city":"orel","baseScore":29.10085538651867,"baseScoreNoCommerce":31.395537903490567,"baseRank":266,"population":48.005675018847654,"blocks":{"housing":0.42135584254294933,"infra":0.14842105263157895,"transport":1,"work":0,"green":0,"commerce":0.17627442801659193},"indicators":[{"label":"Жильё: плотность","value":58.504},{"label":"Жильё: обеспеченность","value":37.471},{"label":"Жильё: износ","value":33.412},{"label":"Жильё: этажность","value":2},{"label":"Инфраструктура: разнообразие","value":0},{"label":"Инфраструктура: полнота корзины","value":0},{"label":"Транспорт: доступность","value":100},{"label":"Коммерция: активность ФНС","value":5.252},{"label":"Коммерция: ККТ","value":0.489},{"label":"Коммерция: медианный чек","value":0}]},"geometry":{"type":"Polygon","coordinates":[[[36.126128,52.969468],[36.128209,52.968349],[36.12857,52.968581],[36.128412,52.968674],[36.128386,52.96869],[36.12771,52.96899],[36.128181,52.969212],[36.12822,52.969367],[36.127763,52.96944],[36.127763,52.969327],[36.126974,52.969416],[36.126478,52.969672],[36.126128,52.969468]]]}},{"type":"Feature","id":"187","properties":{"id":"187","city":"orel","baseScore":23.261226033909168,"baseScoreNoCommerce":27.913471240691003,"baseRank":297,"population":133.01486025454102,"blocks":{"housing":0.23935777256086566,"infra":0.1563157894736842,"transport":0,"work":0,"green":1,"commerce":0},"indicators":[{"label":"Жильё: плотность","value":42.217},{"label":"Жильё: обеспеченность","value":38.262},{"label":"Жильё: износ","value":60.779},{"label":"Жильё: этажность","value":2.5},{"label":"Инфраструктура: разнообразие","value":0},{"label":"Инфраструктура: полнота корзины","value":0},{"label":"Зеленые зоны: доступность","value":100}]},"geometry":{"type":"Polygon","coordinates":[[[36.118955,52.971998],[36.118595,52.971953],[36.118605,52.970701],[36.118176,52.968672],[36.118707,52.968468],[36.119026,52.968356],[36.119367,52.968786],[36.119564,52.968873],[36.119616,52.968929],[36.119613,52.968996],[36.119579,52.969072],[36.119579,52.969172],[36.119632,52.969281],[36.119764,52.969553],[36.119922,52.970222],[36.119761,52.971117],[36.119267,52.97202],[36.118955,52.971998]]]}},{"type":"Feature","id":"216","properties":{"id":"216","city":"orel","baseScore":57.39542326501,"baseScoreNoCommerce":59.087548839957385,"baseRank":83,"population":94.0154037135254,"blocks":{"housing":0.25578403529134003,"infra":0.7798732943469785,"transport":1,"work":0.47191011235955055,"green":0.44681,"commerce":0.48934795390273156},"indicators":[{"label":"Жильё: плотность","value":11.393},{"label":"Жильё: обеспеченность","value":35.522},{"label":"Жильё: износ","value":43.429},{"label":"Жильё: этажность","value":4.333333},{"label":"Инфраструктура: разнообразие","value":0.40277777777777773},{"label":"Инфраструктура: полнота корзины","value":100},{"label":"Транспорт: доступность","value":100},{"label":"Рабочие места: обеспеченность","value":0.47191011235955055},{"label":"Рабочие места: плотность","value":0.0010180603128264081},{"label":"Зеленые зоны: доступность","value":44.681},{"label":"Коммерция: активность ФНС","value":7.913},{"label":"Коммерция: ККТ","value":13.981},{"label":"Коммерция: медианный чек","value":18.475}]},"geometry":{"type":"Polygon","coordinates":[[[36.106984,52.983014],[36.106993,52.983774],[36.104879,52.984126],[36.104407,52.984203],[36.103928,52.984258],[36.103612,52.98422],[36.104944,52.983188],[36.102969,52.982459],[36.103723,52.981774],[36.103549,52.981503],[36.105505,52.979876],[36.105595,52.979928],[36.10607,52.98027],[36.106516,52.980606],[36.106613,52.980695],[36.106699,52.980785],[36.106766,52.980874],[36.106822,52.980962],[36.106861,52.981048],[36.106888,52.981144],[36.106942,52.982017],[36.106971,52.982716],[36.106984,52.983014]]]}},{"type":"Feature","id":"217","properties":{"id":"217","city":"orel","baseScore":60.603801162566725,"baseScoreNoCommerce":61.09292432074101,"baseRank":66,"population":460.0594472653564,"blocks":{"housing":0.32456672437861156,"infra":0.7257504873294347,"transport":1,"work":0.004329004329004329,"green":1,"commerce":0.5815818537169524},"indicators":[{"label":"Жильё: плотность","value":111.801},{"label":"Жильё: обеспеченность","value":36.745},{"label":"Жильё: износ","value":40.606},{"label":"Жильё: этажность","value":4.875},{"label":"Инфраструктура: разнообразие","value":0.27777777777777773},{"label":"Инфраструктура: полнота корзины","value":100},{"label":"Транспорт: доступность","value":100},{"label":"Рабочие места: обеспеченность","value":0.004329004329004329},{"label":"Рабочие места: плотность","value":0.00004860897854164711},{"label":"Зеленые зоны: доступность","value":100},{"label":"Коммерция: активность ФНС","value":7.69},{"label":"Коммерция: ККТ","value":9.725},{"label":"Коммерция: медианный чек","value":89.568}]},"geometry":{"type":"Polygon","coordinates":[[[36.104327,52.978951],[36.104303,52.978909],[36.104344,52.978836],[36.104629,52.978594],[36.104995,52.978513],[36.108175,52.978823],[36.109059,52.979097],[36.109123,52.979171],[36.109101,52.979246],[36.107956,52.98036],[36.107811,52.980438],[36.107609,52.980495],[36.10739,52.9805],[36.107223,52.980469],[36.106158,52.97998],[36.10525,52.97948],[36.105131,52.979412],[36.104929,52.979296],[36.104845,52.979248],[36.104845,52.979248],[36.104845,52.979248],[36.104797,52.97922],[36.104327,52.978951]]]}},{"type":"Feature","id":"218","properties":{"id":"218","city":"orel","baseScore":50.899844990913756,"baseScoreNoCommerce":47.86360505930453,"baseRank":122,"population":33.003268414453125,"blocks":{"housing":0.33078949273130864,"infra":0.3419407602339181,"transport":0.54545,"work":0.175,"green":1,"commerce":0.6608104464895985},"indicators":[{"label":"Жильё: плотность","value":6.624},{"label":"Жильё: обеспеченность","value":39.527},{"label":"Жильё: износ","value":49},{"label":"Жильё: этажность","value":2},{"label":"Инфраструктура: разнообразие","value":0.08333333333333333},{"label":"Инфраструктура: полнота корзины","value":9.091},{"label":"Транспорт: доступность","value":54.545},{"label":"Рабочие места: обеспеченность","value":0.175},{"label":"Рабочие места: плотность","value":0.0001405128035728131},{"label":"Зеленые зоны: доступность","value":100},{"label":"Коммерция: активность ФНС","value":8.974},{"label":"Коммерция: ККТ","value":18.184},{"label":"Коммерция: медианный чек","value":149.768}]},"geometry":{"type":"Polygon","coordinates":[[[36.110239,52.977726],[36.110065,52.977889],[36.110037,52.977896],[36.109924,52.977944],[36.10991,52.977952],[36.109797,52.978035],[36.109791,52.97804],[36.10946,52.978366],[36.10946,52.978366],[36.10946,52.978366],[36.109067,52.978758],[36.109058,52.978771],[36.109042,52.978813],[36.108175,52.97872],[36.108175,52.97872],[36.108174,52.97872],[36.107811,52.978683],[36.107811,52.978683],[36.107811,52.978683],[36.105209,52.978429],[36.105147,52.978422],[36.105206,52.978398],[36.105218,52.978391],[36.105324,52.97832],[36.105982,52.97788],[36.105982,52.97788],[36.105982,52.97788],[36.106441,52.977573],[36.107074,52.977157],[36.107074,52.977157],[36.107749,52.976713],[36.107757,52.976707],[36.107861,52.976609],[36.107867,52.976601],[36.107921,52.976522],[36.107925,52.976513],[36.107942,52.976458],[36.107942,52.976455],[36.108073,52.976465],[36.108142,52.97648],[36.108354,52.976576],[36.108758,52.976781],[36.109344,52.977264],[36.109435,52.977291],[36.109515,52.977428],[36.10973,52.97752],[36.110239,52.977726]]]}},{"type":"Feature","id":"226","properties":{"id":"226","city":"orel","baseScore":29.122768471255917,"baseScoreNoCommerce":32.106371341291286,"baseRank":265,"population":291.0356743373291,"blocks":{"housing":0.286850672327722,"infra":0.30815789473684213,"transport":1,"work":0,"green":0.01031,"commerce":0.1420475412107909},"indicators":[{"label":"Жильё: плотность","value":55.347},{"label":"Жильё: обеспеченность","value":35.331},{"label":"Жильё: износ","value":39.747},{"label":"Жильё: этажность","value":3.5},{"label":"Инфраструктура: разнообразие","value":0.125},{"label":"Инфраструктура: полнота корзины","value":0},{"label":"Транспорт: доступность","value":100},{"label":"Зеленые зоны: доступность","value":1.031},{"label":"Коммерция: активность ФНС","value":3.355},{"label":"Коммерция: ККТ","value":1.929},{"label":"Коммерция: медианный чек","value":0}]},"geometry":{"type":"Polygon","coordinates":[[[36.112511,52.973359],[36.112599,52.972936],[36.113639,52.973192],[36.113803,52.973251],[36.113876,52.973331],[36.113905,52.973423],[36.113925,52.973564],[36.113928,52.973746],[36.113739,52.974731],[36.113671,52.975047],[36.113671,52.975047],[36.113671,52.975047],[36.113489,52.975936],[36.113488,52.975938],[36.113476,52.976029],[36.113476,52.976033],[36.113477,52.976108],[36.113477,52.976109],[36.113488,52.976312],[36.11349,52.976469],[36.113476,52.976532],[36.113445,52.976596],[36.113402,52.97666],[36.113341,52.976722],[36.112501,52.977372],[36.112419,52.977403],[36.112325,52.97742],[36.112198,52.977431],[36.112065,52.977424],[36.111949,52.977407],[36.111846,52.977382],[36.111493,52.977251],[36.111484,52.977249],[36.111475,52.977246],[36.111417,52.977236],[36.111397,52.977234],[36.11132,52.977233],[36.111297,52.977235],[36.111268,52.97724],[36.111077,52.97719],[36.111894,52.976377],[36.112043,52.976195],[36.112075,52.976078],[36.112114,52.975739],[36.112027,52.975376],[36.112059,52.975108],[36.112324,52.974006],[36.112431,52.973525],[36.112511,52.973359]]]}},{"type":"Feature","id":"284","properties":{"id":"284","city":"orel","baseScore":68.22203466472843,"baseScoreNoCommerce":66.89819814021803,"baseRank":34,"population":105.01756820418703,"blocks":{"housing":0.04989707239410618,"infra":0.8148148148148149,"transport":1,"work":0.4801980198019802,"green":1,"commerce":0.748412172872804},"indicators":[{"label":"Жильё: плотность","value":11.153},{"label":"Жильё: обеспеченность","value":16.316},{"label":"Жильё: износ","value":49},{"label":"Жильё: этажность","value":5},{"label":"Инфраструктура: разнообразие","value":0.4444444444444444},{"label":"Инфраструктура: полнота корзины","value":100},{"label":"Транспорт: доступность","value":100},{"label":"Рабочие места: обеспеченность","value":0.4801980198019802},{"label":"Рабочие места: плотность","value":0.0010302960768296316},{"label":"Зеленые зоны: доступность","value":100},{"label":"Коммерция: активность ФНС","value":9.787},{"label":"Коммерция: ККТ","value":61.578},{"label":"Коммерция: медианный чек","value":216.734}]},"geometry":{"type":"Polygon","coordinates":[[[36.08562,52.97157],[36.091364,52.973895],[36.091188,52.974099],[36.090937,52.974359],[36.091254,52.974482],[36.090337,52.975359],[36.087487,52.97441],[36.088573,52.97324],[36.086373,52.972397],[36.086071,52.972686],[36.085612,52.972569],[36.084044,52.974461],[36.084929,52.974805],[36.084646,52.975767],[36.082519,52.975473],[36.081967,52.975301],[36.082688,52.974583],[36.083655,52.973671],[36.083577,52.973465],[36.083795,52.973245],[36.084295,52.972746],[36.084873,52.972232],[36.08562,52.97157]]]}},{"type":"Feature","id":"285","properties":{"id":"285","city":"orel","baseScore":68.89360135868468,"baseScoreNoCommerce":67.81031979825237,"baseRank":28,"population":200.0279841558838,"blocks":{"housing":0.17348118402239043,"infra":0.8194444444444443,"transport":1,"work":0.39759036144578314,"green":1,"commerce":0.7431000916084626},"indicators":[{"label":"Жильё: плотность","value":90.482},{"label":"Жильё: обеспеченность","value":8.699},{"label":"Жильё: износ","value":36.813},{"label":"Жильё: этажность","value":4},{"label":"Инфраструктура: разнообразие","value":0.4583333333333333},{"label":"Инфраструктура: полнота корзины","value":100},{"label":"Транспорт: доступность","value":100},{"label":"Рабочие места: обеспеченность","value":0.39759036144578314},{"label":"Рабочие места: плотность","value":0.0059717934675996495},{"label":"Зеленые зоны: доступность","value":100},{"label":"Коммерция: активность ФНС","value":9.663},{"label":"Коммерция: ККТ","value":12.725},{"label":"Коммерция: медианный чек","value":2202.799}]},"geometry":{"type":"Polygon","coordinates":[[[36.090345,52.971658],[36.090573,52.971499],[36.091024,52.972141],[36.091107,52.972261],[36.091575,52.972945],[36.091575,52.972945],[36.092011,52.973569],[36.092157,52.973805],[36.092165,52.973839],[36.092152,52.973861],[36.092122,52.973885],[36.092114,52.973892],[36.092062,52.973894],[36.092019,52.97388],[36.08901,52.972637],[36.090101,52.971828],[36.090148,52.971813],[36.090152,52.971811],[36.090156,52.97181],[36.090161,52.971807],[36.090167,52.971804],[36.090169,52.971802],[36.090172,52.9718],[36.090345,52.971658]]]}},{"type":"Feature","id":"286","properties":{"id":"286","city":"orel","baseScore":72.71527719192194,"baseScoreNoCommerce":74.37439986148479,"baseRank":8,"population":871.1236042354981,"blocks":{"housing":0.5542757470041976,"infra":0.7870370370370371,"transport":1,"work":0.4956572090330052,"green":0.88175,"commerce":0.6441966384410768},"indicators":[{"label":"Жильё: плотность","value":113.451},{"label":"Жильё: обеспеченность","value":36.166},{"label":"Жильё: износ","value":16.079},{"label":"Жильё: этажность","value":6.545455},{"label":"Инфраструктура: разнообразие","value":0.3611111111111111},{"label":"Инфраструктура: полнота корзины","value":100},{"label":"Транспорт: доступность","value":100},{"label":"Рабочие места: обеспеченность","value":0.4956572090330052},{"label":"Рабочие места: плотность","value":0.011149684259284505},{"label":"Зеленые зоны: доступность","value":88.175},{"label":"Коммерция: активность ФНС","value":7.437},{"label":"Коммерция: ККТ","value":19.8},{"label":"Коммерция: медианный чек","value":1202.072}]},"geometry":{"type":"Polygon","coordinates":[[[36.089451,52.969879],[36.090488,52.971395],[36.090482,52.971398],[36.090482,52.971398],[36.090482,52.971398],[36.090473,52.971403],[36.090465,52.971408],[36.090465,52.971408],[36.090465,52.971408],[36.090062,52.971739],[36.089984,52.971765],[36.089883,52.971771],[36.089631,52.971754],[36.089413,52.971711],[36.088677,52.971417],[36.088676,52.971417],[36.088185,52.971225],[36.088185,52.971225],[36.088185,52.971225],[36.087638,52.971014],[36.086526,52.970583],[36.086525,52.970583],[36.086524,52.970582],[36.086219,52.970474],[36.086211,52.970472],[36.086202,52.970469],[36.086108,52.970452],[36.086104,52.970451],[36.085994,52.970435],[36.085984,52.970434],[36.085952,52.970432],[36.085467,52.970403],[36.085474,52.970199],[36.085483,52.969921],[36.085483,52.969921],[36.085483,52.96992],[36.085484,52.969791],[36.085506,52.969284],[36.085601,52.968461],[36.086134,52.968527],[36.088135,52.96878],[36.088767,52.968862],[36.088855,52.968877],[36.088915,52.968897],[36.088988,52.968937],[36.089062,52.96901],[36.089088,52.969064],[36.089101,52.96911],[36.089101,52.969111],[36.089101,52.969111],[36.089144,52.969236],[36.089157,52.969283],[36.089285,52.969593],[36.089293,52.969607],[36.089403,52.969812],[36.089405,52.969814],[36.089406,52.969816],[36.089451,52.969879]]]}},{"type":"Feature","id":"287","properties":{"id":"287","city":"orel","baseScore":66.63654591891411,"baseScoreNoCommerce":64.10326934390595,"baseRank":35,"population":407.0560812780884,"blocks":{"housing":0.3502543127578411,"infra":0.8148148148148149,"transport":1,"work":0.04009433962264151,"green":1,"commerce":0.7930292879395494},"indicators":[{"label":"Жильё: плотность","value":122.629},{"label":"Жильё: обеспеченность","value":35.892},{"label":"Жильё: износ","value":35.311},{"label":"Жильё: этажность","value":4.090909},{"label":"Инфраструктура: разнообразие","value":0.4444444444444445},{"label":"Инфраструктура: полнота корзины","value":100},{"label":"Транспорт: доступность","value":100},{"label":"Рабочие места: обеспеченность","value":0.04009433962264151},{"label":"Рабочие места: плотность","value":0.0005122112727008997},{"label":"Зеленые зоны: доступность","value":100},{"label":"Коммерция: активность ФНС","value":8.941},{"label":"Коммерция: ККТ","value":24.666},{"label":"Коммерция: медианный чек","value":518.194}]},"geometry":{"type":"Polygon","coordinates":[[[36.085367,52.968435],[36.08526,52.97037],[36.083645,52.970267],[36.083101,52.97009],[36.083084,52.968143],[36.085367,52.968435]]]}},{"type":"Feature","id":"288","properties":{"id":"288","city":"orel","baseScore":71.79370211862008,"baseScoreNoCommerce":69.12763314050281,"baseRank":15,"population":543.0781002195434,"blocks":{"housing":0.45634068685142704,"infra":0.8009259259259259,"transport":1,"work":0.19911504424778761,"green":1,"commerce":0.851240470092064},"indicators":[{"label":"Жильё: плотность","value":139.693},{"label":"Жильё: обеспеченность","value":34.557},{"label":"Жильё: износ","value":20.527},{"label":"Жильё: этажность","value":4.777778},{"label":"Инфраструктура: разнообразие","value":0.40277777777777773},{"label":"Инфраструктура: полнота корзины","value":100},{"label":"Транспорт: доступность","value":100},{"label":"Рабочие места: обеспеченность","value":0.19911504424778761},{"label":"Рабочие места: плотность","value":0.003473027336492471},{"label":"Зеленые зоны: доступность","value":100},{"label":"Коммерция: активность ФНС","value":9.792},{"label":"Коммерция: ККТ","value":40.757},{"label":"Коммерция: медианный чек","value":523.45}]},"geometry":{"type":"Polygon","coordinates":[[[36.079364,52.968737],[36.079609,52.967798],[36.079677,52.967759],[36.082655,52.968112],[36.082772,52.968141],[36.082867,52.968177],[36.082888,52.970035],[36.082739,52.970085],[36.082509,52.970018],[36.079364,52.968737]]]}},{"type":"Feature","id":"289","properties":{"id":"289","city":"orel","baseScore":68.67094472098283,"baseScoreNoCommerce":65.39232985852833,"baseRank":29,"population":293.03952763160396,"blocks":{"housing":0.36471503183229514,"infra":0.8009259259259259,"transport":1,"work":0.10397553516819572,"green":1,"commerce":0.8506401903325529},"indicators":[{"label":"Жильё: плотность","value":57.407},{"label":"Жильё: обеспеченность","value":35.295},{"label":"Жильё: износ","value":31.952},{"label":"Жильё: этажность","value":4.625},{"label":"Инфраструктура: разнообразие","value":0.40277777777777773},{"label":"Инфраструктура: полнота корзины","value":100},{"label":"Транспорт: доступность","value":100},{"label":"Рабочие места: обеспеченность","value":0.10397553516819572},{"label":"Рабочие места: плотность","value":0.0006661608411283911},{"label":"Зеленые зоны: доступность","value":100},{"label":"Коммерция: активность ФНС","value":9.31},{"label":"Коммерция: ККТ","value":52.34},{"label":"Коммерция: медианный чек","value":123.623}]},"geometry":{"type":"Polygon","coordinates":[[[36.084336,52.972376],[36.083929,52.972752],[36.083929,52.972752],[36.083929,52.972752],[36.083608,52.973063],[36.083608,52.973063],[36.083608,52.973063],[36.083563,52.973107],[36.083458,52.973064],[36.083458,52.973064],[36.083457,52.973064],[36.083178,52.972955],[36.083178,52.972955],[36.083178,52.972955],[36.082008,52.972502],[36.081849,52.97244],[36.081849,52.97244],[36.081849,52.97244],[36.081047,52.972129],[36.080953,52.972093],[36.080984,52.972064],[36.080984,52.972064],[36.080984,52.972064],[36.081624,52.971473],[36.081675,52.971426],[36.081675,52.971426],[36.081675,52.971426],[36.082037,52.971091],[36.082098,52.971036],[36.082098,52.971036],[36.082098,52.971036],[36.08218,52.97096],[36.082488,52.97069],[36.082488,52.97069],[36.082488,52.97069],[36.082777,52.970436],[36.082821,52.970397],[36.084058,52.970891],[36.084058,52.970891],[36.084598,52.971107],[36.08503,52.971285],[36.08503,52.971285],[36.08503,52.971285],[36.085357,52.97142],[36.085257,52.971514],[36.084723,52.972006],[36.084723,52.972006],[36.084723,52.972006],[36.084595,52.972126],[36.084595,52.972126],[36.084594,52.972127],[36.084336,52.972376]]]}},{"type":"Feature","id":"292","properties":{"id":"292","city":"orel","baseScore":68.67094472098283,"baseScoreNoCommerce":65.39232985852833,"baseRank":29,"population":414.26921958609614,"blocks":{"housing":0.36471503183229514,"infra":0.8009259259259259,"transport":1,"work":0.10397553516819572,"green":1,"commerce":0.8506401903325529},"indicators":[{"label":"Жильё: плотность","value":57.407},{"label":"Жильё: обеспеченность","value":35.295},{"label":"Жильё: износ","value":31.952},{"label":"Жильё: этажность","value":4.625},{"label":"Инфраструктура: разнообразие","value":0.40277777777777773},{"label":"Инфраструктура: полнота корзины","value":100},{"label":"Транспорт: доступность","value":100},{"label":"Рабочие места: обеспеченность","value":0.10397553516819572},{"label":"Рабочие места: плотность","value":0.0006661608411283911},{"label":"Зеленые зоны: доступность","value":100},{"label":"Коммерция: активность ФНС","value":9.31},{"label":"Коммерция: ККТ","value":52.34},{"label":"Коммерция: медианный чек","value":123.623}]},"geometry":{"type":"Polygon","coordinates":[[[36.078651,52.971204],[36.078651,52.971204],[36.078651,52.971204],[36.078261,52.971054],[36.077763,52.970863],[36.077229,52.970658],[36.077229,52.970658],[36.077229,52.970658],[36.077176,52.970638],[36.077829,52.970065],[36.077829,52.970065],[36.07783,52.970064],[36.078044,52.96987],[36.078231,52.969699],[36.078283,52.969653],[36.078636,52.969337],[36.078636,52.969337],[36.078636,52.969337],[36.078798,52.969192],[36.078799,52.969192],[36.078799,52.969192],[36.079083,52.968937],[36.079083,52.968937],[36.079083,52.968937],[36.079128,52.968896],[36.079242,52.968941],[36.079888,52.969204],[36.080893,52.969613],[36.080893,52.969613],[36.080893,52.969613],[36.082509,52.970271],[36.082697,52.970347],[36.082654,52.970385],[36.082654,52.970385],[36.082654,52.970385],[36.082365,52.970639],[36.082057,52.970909],[36.082056,52.97091],[36.082056,52.97091],[36.081973,52.970986],[36.081913,52.971042],[36.081913,52.971042],[36.081913,52.971042],[36.08155,52.971377],[36.0815,52.971424],[36.0815,52.971424],[36.0815,52.971424],[36.08086,52.972015],[36.080828,52.972044],[36.080744,52.972012],[36.080498,52.971917],[36.080241,52.971818],[36.079347,52.971472],[36.079347,52.971472],[36.079347,52.971472],[36.078651,52.971204]]]}},{"type":"Feature","id":"293","properties":{"id":"293","city":"orel","baseScore":66.28843900504478,"baseScoreNoCommerce":62.47798977299539,"baseRank":39,"population":1350.0127907283081,"blocks":{"housing":0.37145605098675477,"infra":0.8425925925925926,"transport":1,"work":0.21014084507042252,"green":0.69971,"commerce":0.853406851652917},"indicators":[{"label":"Жильё: плотность","value":194.309},{"label":"Жильё: обеспеченность","value":32.809},{"label":"Жильё: износ","value":23.238},{"label":"Жильё: этажность","value":7.666667},{"label":"Инфраструктура: разнообразие","value":0.5277777777777778},{"label":"Инфраструктура: полнота корзины","value":100},{"label":"Транспорт: доступность","value":100},{"label":"Рабочие места: обеспеченность","value":0.21014084507042252},{"label":"Рабочие места: плотность","value":0.005169558516753304},{"label":"Зеленые зоны: доступность","value":69.971},{"label":"Коммерция: активность ФНС","value":9.384},{"label":"Коммерция: ККТ","value":71.325},{"label":"Коммерция: медианный чек","value":95.302}]},"geometry":{"type":"Polygon","coordinates":[[[36.073673,52.969305],[36.073697,52.969283],[36.07404,52.96897],[36.07404,52.96897],[36.07404,52.96897],[36.074599,52.968453],[36.074832,52.968238],[36.074832,52.968238],[36.074832,52.968238],[36.075131,52.967962],[36.075562,52.967566],[36.075562,52.967566],[36.075562,52.967566],[36.075602,52.967529],[36.075655,52.967486],[36.075856,52.967566],[36.076936,52.968004],[36.076936,52.968004],[36.076936,52.968004],[36.078338,52.968572],[36.078848,52.968779],[36.079005,52.968845],[36.078959,52.968886],[36.078675,52.969142],[36.078513,52.969287],[36.07816,52.969602],[36.07816,52.969602],[36.07816,52.969603],[36.078108,52.969649],[36.078108,52.969649],[36.078108,52.969649],[36.07792,52.96982],[36.07792,52.96982],[36.07792,52.96982],[36.077706,52.970014],[36.07705,52.97059],[36.076209,52.970267],[36.076123,52.970234],[36.076122,52.970233],[36.076122,52.970233],[36.075266,52.969909],[36.075266,52.969909],[36.075266,52.969909],[36.07372,52.969322],[36.073673,52.969305]]]}},{"type":"Feature","id":"314","properties":{"id":"314","city":"orel","baseScore":64.36965657951657,"baseScoreNoCommerce":63.28982310541906,"baseRank":46,"population":471.06560015112296,"blocks":{"housing":0.4838297667694809,"infra":0.7870370370370371,"transport":1,"work":0.014644351464435146,"green":0.87898,"commerce":0.6976882395000416},"indicators":[{"label":"Жильё: плотность","value":92.13},{"label":"Жильё: обеспеченность","value":31.062},{"label":"Жильё: износ","value":6.5},{"label":"Жильё: этажность","value":17},{"label":"Инфраструктура: разнообразие","value":0.3611111111111111},{"label":"Инфраструктура: полнота корзины","value":100},{"label":"Транспорт: доступность","value":100},{"label":"Рабочие места: обеспеченность","value":0.014644351464435146},{"label":"Рабочие места: плотность","value":0.0001369230646755583},{"label":"Зеленые зоны: доступность","value":87.898},{"label":"Коммерция: активность ФНС","value":10},{"label":"Коммерция: ККТ","value":21.766},{"label":"Коммерция: медианный чек","value":287.552}]},"geometry":{"type":"Polygon","coordinates":[[[36.090796,52.97133],[36.090796,52.97133],[36.090609,52.971067],[36.093499,52.970803],[36.094235,52.972907],[36.094238,52.972912],[36.094277,52.972984],[36.094277,52.972984],[36.094277,52.972984],[36.094283,52.972995],[36.094256,52.973004],[36.094087,52.973058],[36.094079,52.973061],[36.093991,52.973098],[36.093988,52.973099],[36.093071,52.97351],[36.092838,52.973603],[36.092745,52.973636],[36.092687,52.973655],[36.092589,52.973658],[36.092548,52.973657],[36.092514,52.973653],[36.092489,52.973647],[36.092443,52.97363],[36.0924,52.973608],[36.092343,52.973571],[36.092289,52.973509],[36.092238,52.973435],[36.091537,52.972414],[36.091537,52.972413],[36.091382,52.972192],[36.091095,52.971771],[36.090796,52.97133]]]}},{"type":"Feature","id":"315","properties":{"id":"315","city":"orel","baseScore":24.237313807908,"baseScoreNoCommerce":26.421071553129703,"baseRank":291,"population":121.01362044316407,"blocks":{"housing":0.46334936713016944,"infra":0.35357421052631577,"transport":0.50413,"work":0,"green":0,"commerce":0.1331852508179946},"indicators":[{"label":"Жильё: плотность","value":25.204},{"label":"Жильё: обеспеченность","value":38.028},{"label":"Инфраструктура: разнообразие","value":0},{"label":"Инфраструктура: полнота корзины","value":23.967},{"label":"Транспорт: доступность","value":50.413},{"label":"Коммерция: активность ФНС","value":5.124},{"label":"Коммерция: ККТ","value":0.484},{"label":"Коммерция: медианный чек","value":0}]},"geometry":{"type":"Polygon","coordinates":[[[36.107217,52.968516],[36.107361,52.969612],[36.105482,52.96975],[36.105482,52.96975],[36.105481,52.96975],[36.1036,52.969897],[36.103255,52.968273],[36.106959,52.968082],[36.107025,52.968079],[36.107084,52.968077],[36.107146,52.968087],[36.107176,52.96812],[36.107186,52.968177],[36.107217,52.968516]]]}},{"type":"Feature","id":"316","properties":{"id":"316","city":"orel","baseScore":24.237313807908,"baseScoreNoCommerce":26.421071553129703,"baseRank":291,"population":105.57589200541992,"blocks":{"housing":0.46334936713016944,"infra":0.35357421052631577,"transport":0.50413,"work":0,"green":0,"commerce":0.1331852508179946},"indicators":[{"label":"Жильё: плотность","value":25.204},{"label":"Жильё: обеспеченность","value":38.028},{"label":"Инфраструктура: разнообразие","value":0},{"label":"Инфраструктура: полнота корзины","value":23.967},{"label":"Транспорт: доступность","value":50.413},{"label":"Коммерция: активность ФНС","value":5.124},{"label":"Коммерция: ККТ","value":0.484},{"label":"Коммерция: медианный чек","value":0}]},"geometry":{"type":"Polygon","coordinates":[[[36.100126,52.968418],[36.103106,52.96828],[36.103453,52.969909],[36.101848,52.970035],[36.101847,52.970035],[36.101847,52.970035],[36.100323,52.970164],[36.100126,52.968418]]]}},{"type":"Feature","id":"317","properties":{"id":"317","city":"orel","baseScore":40.60333655385444,"baseScoreNoCommerce":47.80495203749035,"baseRank":197,"population":130.94127143481444,"blocks":{"housing":0.7986472509973246,"infra":0.314290350877193,"transport":1,"work":0,"green":0.27731,"commerce":0.04595259135674881},"indicators":[{"label":"Жильё: плотность","value":28.412},{"label":"Жильё: обеспеченность","value":43.134},{"label":"Инфраструктура: разнообразие","value":0},{"label":"Инфраструктура: полнота корзины","value":13.445},{"label":"Транспорт: доступность","value":100},{"label":"Зеленые зоны: доступность","value":27.731},{"label":"Коммерция: активность ФНС","value":2},{"label":"Коммерция: ККТ","value":0.106},{"label":"Коммерция: медианный чек","value":0}]},"geometry":{"type":"Polygon","coordinates":[[[36.099557,52.968444],[36.099978,52.968424],[36.100175,52.970176],[36.096991,52.970397],[36.09684,52.969267],[36.09684,52.969267],[36.09684,52.969267],[36.096751,52.968602],[36.096751,52.968602],[36.096751,52.968602],[36.096749,52.968591],[36.097014,52.968579],[36.099557,52.968444]]]}},{"type":"Feature","id":"320","properties":{"id":"320","city":"orel","baseScore":64.36965657951657,"baseScoreNoCommerce":63.28982310541906,"baseRank":46,"population":492.53505599523925,"blocks":{"housing":0.4838297667694809,"infra":0.7870370370370371,"transport":1,"work":0.014644351464435146,"green":0.87898,"commerce":0.6976882395000416},"indicators":[{"label":"Жильё: плотность","value":92.13},{"label":"Жильё: обеспеченность","value":31.062},{"label":"Жильё: износ","value":6.5},{"label":"Жильё: этажность","value":17},{"label":"Инфраструктура: разнообразие","value":0.3611111111111111},{"label":"Инфраструктура: полнота корзины","value":100},{"label":"Транспорт: доступность","value":100},{"label":"Рабочие места: обеспеченность","value":0.014644351464435146},{"label":"Рабочие места: плотность","value":0.0001369230646755583},{"label":"Зеленые зоны: доступность","value":87.898},{"label":"Коммерция: активность ФНС","value":10},{"label":"Коммерция: ККТ","value":21.766},{"label":"Коммерция: медианный чек","value":287.552}]},"geometry":{"type":"Polygon","coordinates":[[[36.089418,52.968897],[36.089427,52.968897],[36.089428,52.968897],[36.089462,52.968895],[36.089983,52.968875],[36.089984,52.968875],[36.090928,52.968837],[36.090928,52.968837],[36.090928,52.968837],[36.092812,52.968761],[36.092815,52.968773],[36.092815,52.968773],[36.092815,52.968773],[36.093008,52.969462],[36.093009,52.969463],[36.093009,52.969464],[36.093467,52.970715],[36.090567,52.97098],[36.090567,52.97098],[36.090567,52.97098],[36.090548,52.970982],[36.090438,52.970824],[36.090438,52.970824],[36.090438,52.970824],[36.08968,52.969744],[36.08958,52.969552],[36.08946,52.969272],[36.089398,52.96909],[36.089369,52.968988],[36.089367,52.968983],[36.089341,52.968929],[36.08935,52.968912],[36.089418,52.968897]]]}},{"type":"Feature","id":"338","properties":{"id":"338","city":"orel","baseScore":36.661757700025284,"baseScoreNoCommerce":42.531050352349595,"baseRank":223,"population":95.01283715484618,"blocks":{"housing":0.3519774104050041,"infra":0.5008951072124757,"transport":1,"work":0,"green":0.27368,"commerce":0.07315294438403694},"indicators":[{"label":"Жильё: плотность","value":18.857},{"label":"Жильё: обеспеченность","value":36.332},{"label":"Инфраструктура: разнообразие","value":0.1111111111111111},{"label":"Инфраструктура: полнота корзины","value":55.789},{"label":"Транспорт: доступность","value":100},{"label":"Зеленые зоны: доступность","value":27.368},{"label":"Коммерция: активность ФНС","value":2},{"label":"Коммерция: ККТ","value":0.749},{"label":"Коммерция: медианный чек","value":0}]},"geometry":{"type":"Polygon","coordinates":[[[36.107226,52.967881],[36.107226,52.967881],[36.107164,52.967884],[36.107163,52.967884],[36.103209,52.968085],[36.102845,52.966475],[36.106857,52.966297],[36.107209,52.967622],[36.107221,52.967711],[36.107223,52.967773],[36.107226,52.967881]]]}},{"type":"Feature","id":"339","properties":{"id":"339","city":"orel","baseScore":36.661757700025284,"baseScoreNoCommerce":42.531050352349595,"baseRank":223,"population":72.43162408112792,"blocks":{"housing":0.3519774104050041,"infra":0.5008951072124757,"transport":1,"work":0,"green":0.27368,"commerce":0.07315294438403694},"indicators":[{"label":"Жильё: плотность","value":18.857},{"label":"Жильё: обеспеченность","value":36.332},{"label":"Инфраструктура: разнообразие","value":0.1111111111111111},{"label":"Инфраструктура: полнота корзины","value":55.789},{"label":"Транспорт: доступность","value":100},{"label":"Зеленые зоны: доступность","value":27.368},{"label":"Коммерция: активность ФНС","value":2},{"label":"Коммерция: ККТ","value":0.749},{"label":"Коммерция: медианный чек","value":0}]},"geometry":{"type":"Polygon","coordinates":[[[36.101749,52.966524],[36.102697,52.966481],[36.103061,52.968092],[36.102898,52.9681],[36.102898,52.9681],[36.100103,52.968235],[36.099922,52.96731],[36.099824,52.966609],[36.101749,52.966524],[36.101749,52.966524],[36.101749,52.966524]]]}},{"type":"Feature","id":"340","properties":{"id":"340","city":"orel","baseScore":51.68008214296942,"baseScoreNoCommerce":60.50158078962777,"baseRank":115,"population":132.77245097451174,"blocks":{"housing":0.687997635972617,"infra":0.3370814035087719,"transport":1,"work":0,"green":1,"commerce":0.0757258890967765},"indicators":[{"label":"Жильё: плотность","value":32.026},{"label":"Жильё: обеспеченность","value":41.449},{"label":"Инфраструктура: разнообразие","value":0},{"label":"Инфраструктура: полнота корзины","value":9.756},{"label":"Транспорт: доступность","value":100},{"label":"Зеленые зоны: доступность","value":100},{"label":"Коммерция: активность ФНС","value":2},{"label":"Коммерция: ККТ","value":0.749},{"label":"Коммерция: медианный чек","value":0}]},"geometry":{"type":"Polygon","coordinates":[[[36.096631,52.966745],[36.097353,52.966711],[36.099601,52.966617],[36.099675,52.966615],[36.099774,52.967319],[36.099774,52.96732],[36.099774,52.96732],[36.099955,52.968242],[36.097633,52.968366],[36.096734,52.968405],[36.096671,52.967694],[36.096631,52.966745]]]}},{"type":"Feature","id":"343","properties":{"id":"343","city":"orel","baseScore":40.066134163091085,"baseScoreNoCommerce":46.31256520805982,"baseRank":201,"population":68.01114609262694,"blocks":{"housing":0.40985307521780584,"infra":0.6851851851851851,"transport":1,"work":0,"green":0.22059,"commerce":0.08833978938247389},"indicators":[{"label":"Жильё: плотность","value":16.708},{"label":"Жильё: обеспеченность","value":41.935},{"label":"Жильё: износ","value":49},{"label":"Жильё: этажность","value":5},{"label":"Инфраструктура: разнообразие","value":0.05555555555555555},{"label":"Инфраструктура: полнота корзины","value":100},{"label":"Транспорт: доступность","value":100},{"label":"Зеленые зоны: доступность","value":22.059},{"label":"Коммерция: активность ФНС","value":3.773},{"label":"Коммерция: ККТ","value":0.238},{"label":"Коммерция: медианный чек","value":0}]},"geometry":{"type":"Polygon","coordinates":[[[36.089399,52.968687],[36.089669,52.967063],[36.089674,52.967063],[36.089679,52.967063],[36.089685,52.967063],[36.089938,52.967046],[36.089944,52.967046],[36.090362,52.966998],[36.092671,52.9669],[36.092788,52.968574],[36.089418,52.968711],[36.089414,52.968711],[36.089399,52.968687]]]}},{"type":"Feature","id":"347","properties":{"id":"347","city":"orel","baseScore":44.124314624849944,"baseScoreNoCommerce":47.750283743423545,"baseRank":164,"population":94.01090197949219,"blocks":{"housing":0.720437345065914,"infra":0.29473684210526313,"transport":0.37234,"work":0,"green":1,"commerce":0.2599446903198194},"indicators":[{"label":"Жильё: плотность","value":27.91},{"label":"Жильё: обеспеченность","value":41.943},{"label":"Инфраструктура: разнообразие","value":0},{"label":"Инфраструктура: полнота корзины","value":0},{"label":"Транспорт: доступность","value":37.234},{"label":"Зеленые зоны: доступность","value":100},{"label":"Коммерция: активность ФНС","value":5.357},{"label":"Коммерция: ККТ","value":2.794},{"label":"Коммерция: медианный чек","value":0}]},"geometry":{"type":"Polygon","coordinates":[[[36.09963,52.964977],[36.102478,52.964905],[36.102478,52.964907],[36.102566,52.965551],[36.10268,52.966392],[36.101738,52.966434],[36.099812,52.96652],[36.099671,52.965355],[36.09963,52.964977]]]}},{"type":"Feature","id":"348","properties":{"id":"348","city":"orel","baseScore":44.124314624849944,"baseScoreNoCommerce":47.750283743423545,"baseRank":164,"population":176.99064288500978,"blocks":{"housing":0.720437345065914,"infra":0.29473684210526313,"transport":0.37234,"work":0,"green":1,"commerce":0.2599446903198194},"indicators":[{"label":"Жильё: плотность","value":27.91},{"label":"Жильё: обеспеченность","value":41.943},{"label":"Инфраструктура: разнообразие","value":0},{"label":"Инфраструктура: полнота корзины","value":0},{"label":"Транспорт: доступность","value":37.234},{"label":"Зеленые зоны: доступность","value":100},{"label":"Коммерция: активность ФНС","value":5.357},{"label":"Коммерция: ККТ","value":2.794},{"label":"Коммерция: медианный чек","value":0}]},"geometry":{"type":"Polygon","coordinates":[[[36.100194,52.963336],[36.10214,52.963225],[36.102331,52.964032],[36.102478,52.964905],[36.099625,52.964978],[36.099625,52.964976],[36.099619,52.964963],[36.099607,52.964951],[36.09959,52.964941],[36.099568,52.964936],[36.099545,52.964935],[36.099522,52.964938],[36.099502,52.964945],[36.099487,52.964956],[36.099478,52.964969],[36.099476,52.964981],[36.09658,52.965058],[36.096574,52.964578],[36.09662,52.964544],[36.0967,52.964532],[36.096932,52.964569],[36.097904,52.963359],[36.098179,52.963412],[36.098952,52.963451],[36.099278,52.963441],[36.100194,52.963336]]]}},{"type":"Feature","id":"354","properties":{"id":"354","city":"orel","baseScore":68.64341113394813,"baseScoreNoCommerce":69.26176648929247,"baseRank":33,"population":458.0625692507813,"blocks":{"housing":0.4254703697052534,"infra":0.7117095906432748,"transport":0.93013,"work":0.39577836411609496,"green":1,"commerce":0.6555163435722651},"indicators":[{"label":"Жильё: плотность","value":63.149},{"label":"Жильё: обеспеченность","value":31.945},{"label":"Жильё: износ","value":15.114},{"label":"Жильё: этажность","value":4.75},{"label":"Инфраструктура: разнообразие","value":0.16666666666666666},{"label":"Инфраструктура: полнота корзины","value":97.162},{"label":"Транспорт: доступность","value":93.013},{"label":"Рабочие места: обеспеченность","value":0.39577836411609496},{"label":"Рабочие места: плотность","value":0.004136386866982284},{"label":"Зеленые зоны: доступность","value":100},{"label":"Коммерция: активность ФНС","value":8.991},{"label":"Коммерция: ККТ","value":22.896},{"label":"Коммерция: медианный чек","value":152.051}]},"geometry":{"type":"Polygon","coordinates":[[[36.09305,52.9621],[36.094187,52.960563],[36.094373,52.960387],[36.094527,52.960051],[36.094644,52.960003],[36.094752,52.959942],[36.094957,52.959755],[36.095118,52.959635],[36.095258,52.959552],[36.095393,52.959486],[36.095498,52.959455],[36.095682,52.959444],[36.095832,52.959463],[36.095967,52.959513],[36.096117,52.95959],[36.096346,52.959765],[36.096464,52.959832],[36.096497,52.960041],[36.096589,52.96046],[36.096651,52.960665],[36.096808,52.960943],[36.096979,52.961207],[36.09748,52.961812],[36.097857,52.962369],[36.09775,52.96247],[36.097512,52.962662],[36.097083,52.963072],[36.094421,52.962451],[36.09305,52.9621]]]}},{"type":"Feature","id":"355","properties":{"id":"355","city":"orel","baseScore":24.879730699560675,"baseScoreNoCommerce":29.85567683947281,"baseRank":290,"population":24.003189773437498,"blocks":{"housing":0.5452366489911844,"infra":0.28087719298245617,"transport":0,"work":0,"green":0.66667,"commerce":0},"indicators":[{"label":"Жильё: плотность","value":18.996},{"label":"Жильё: обеспеченность","value":39.275},{"label":"Инфраструктура: разнообразие","value":0},{"label":"Инфраструктура: полнота корзины","value":0},{"label":"Зеленые зоны: доступность","value":66.667}]},"geometry":{"type":"Polygon","coordinates":[[[36.099583,52.963263],[36.099507,52.963026],[36.099918,52.962915],[36.100642,52.962771],[36.101944,52.962716],[36.104616,52.962717],[36.10456,52.962953],[36.100162,52.9632],[36.099583,52.963263]]]}},{"type":"Feature","id":"356","properties":{"id":"356","city":"orel","baseScore":53.933609484576806,"baseScoreNoCommerce":53.61741745893636,"baseRank":100,"population":13.002585030517578,"blocks":{"housing":0.03014134913729417,"infra":0.6666666666666666,"transport":1,"work":0.9071428571428571,"green":0.07692,"commerce":0.5551456961277907},"indicators":[{"label":"Жильё: плотность","value":4.025},{"label":"Жильё: обеспеченность","value":31.431},{"label":"Инфраструктура: разнообразие","value":0},{"label":"Инфраструктура: полнота корзины","value":100},{"label":"Транспорт: доступность","value":100},{"label":"Рабочие места: обеспеченность","value":0.9071428571428571},{"label":"Рабочие места: плотность","value":0.003931879814613266},{"label":"Зеленые зоны: доступность","value":7.692},{"label":"Коммерция: активность ФНС","value":8.864},{"label":"Коммерция: ККТ","value":5.738},{"label":"Коммерция: медианный чек","value":149.32}]},"geometry":{"type":"Polygon","coordinates":[[[36.089115,52.968677],[36.089063,52.968692],[36.088894,52.96868],[36.088814,52.96867],[36.088021,52.96858],[36.086831,52.968415],[36.086121,52.968317],[36.086121,52.968317],[36.086121,52.968317],[36.085675,52.968255],[36.085982,52.967698],[36.085998,52.96767],[36.086022,52.967638],[36.086034,52.967624],[36.086057,52.967604],[36.086058,52.967602],[36.086287,52.967367],[36.086571,52.967385],[36.086583,52.967386],[36.087285,52.967439],[36.087292,52.967439],[36.087478,52.967443],[36.087497,52.967442],[36.087602,52.967427],[36.087614,52.967425],[36.087697,52.967414],[36.08773,52.967404],[36.087751,52.967394],[36.088268,52.967112],[36.088449,52.96705],[36.088537,52.967037],[36.088637,52.967023],[36.089414,52.967039],[36.089115,52.968677]]]}},{"type":"Feature","id":"359","properties":{"id":"359","city":"orel","baseScore":51.24472717301406,"baseScoreNoCommerce":46.528031945909376,"baseRank":119,"population":65.0115728625,"blocks":{"housing":0.3815603274541992,"infra":0.763888888888889,"transport":0.55385,"work":0.38095238095238093,"green":0.24615,"commerce":0.7482820330853752},"indicators":[{"label":"Жильё: плотность","value":11.264},{"label":"Жильё: обеспеченность","value":38.815},{"label":"Жильё: износ","value":41.688},{"label":"Жильё: этажность","value":2.5},{"label":"Инфраструктура: разнообразие","value":0.2916666666666667},{"label":"Инфраструктура: полнота корзины","value":100},{"label":"Транспорт: доступность","value":55.385},{"label":"Рабочие места: обеспеченность","value":0.38095238095238093},{"label":"Рабочие места: плотность","value":0.000693144397522487},{"label":"Зеленые зоны: доступность","value":24.615},{"label":"Коммерция: активность ФНС","value":9.661},{"label":"Коммерция: ККТ","value":42.007},{"label":"Коммерция: медианный чек","value":232.57}]},"geometry":{"type":"Polygon","coordinates":[[[36.084425,52.96571],[36.083299,52.967249],[36.083117,52.967201],[36.082209,52.966749],[36.082014,52.966652],[36.082014,52.966652],[36.082014,52.966652],[36.081522,52.966408],[36.080851,52.966074],[36.080849,52.966073],[36.080847,52.966072],[36.080839,52.966069],[36.080831,52.966067],[36.080829,52.966066],[36.080827,52.966066],[36.08079,52.966058],[36.080775,52.966003],[36.082086,52.964165],[36.083079,52.964384],[36.083079,52.964384],[36.083079,52.964384],[36.084563,52.964711],[36.084563,52.964711],[36.084563,52.964712],[36.085074,52.964822],[36.084452,52.965673],[36.084445,52.965682],[36.084444,52.965682],[36.084444,52.965683],[36.084425,52.96571]]]}},{"type":"Feature","id":"360","properties":{"id":"360","city":"orel","baseScore":63.346134353018115,"baseScoreNoCommerce":67.91328618086521,"baseRank":54,"population":37.00670189007569,"blocks":{"housing":0.5749183261372779,"infra":0.6944444444444443,"transport":1,"work":0.28846153846153844,"green":0.83784,"commerce":0.40510375213782657},"indicators":[{"label":"Жильё: плотность","value":8.307},{"label":"Жильё: обеспеченность","value":39.727},{"label":"Инфраструктура: разнообразие","value":0.08333333333333333},{"label":"Инфраструктура: полнота корзины","value":100},{"label":"Транспорт: доступность","value":100},{"label":"Рабочие места: обеспеченность","value":0.28846153846153844},{"label":"Рабочие места: плотность","value":0.00033675654253607337},{"label":"Зеленые зоны: доступность","value":83.784},{"label":"Коммерция: активность ФНС","value":6.346},{"label":"Коммерция: ККТ","value":3.839},{"label":"Коммерция: медианный чек","value":38.291}]},"geometry":{"type":"Polygon","coordinates":[[[36.08646,52.962849],[36.083871,52.962295],[36.084949,52.960355],[36.087675,52.961031],[36.087725,52.961126],[36.08715,52.961909],[36.08646,52.962849]]]}},{"type":"Feature","id":"361","properties":{"id":"361","city":"orel","baseScore":43.86882541774607,"baseScoreNoCommerce":41.029912403281635,"baseRank":170,"population":61.00750890498046,"blocks":{"housing":0.33456440323286485,"infra":0.6851851851851851,"transport":1,"work":0.031746031746031744,"green":0,"commerce":0.5806339049006831},"indicators":[{"label":"Жильё: плотность","value":18.636},{"label":"Жильё: обеспеченность","value":38.561},{"label":"Жильё: износ","value":45.5},{"label":"Жильё: этажность","value":4},{"label":"Инфраструктура: разнообразие","value":0.05555555555555555},{"label":"Инфраструктура: полнота корзины","value":100},{"label":"Транспорт: доступность","value":100},{"label":"Рабочие места: обеспеченность","value":0.031746031746031744},{"label":"Рабочие места: плотность","value":0.00006110258379927177},{"label":"Коммерция: активность ФНС","value":7.307},{"label":"Коммерция: ККТ","value":6.573},{"label":"Коммерция: медианный чек","value":367.202}]},"geometry":{"type":"Polygon","coordinates":[[[36.086484,52.96727],[36.086385,52.967259],[36.086374,52.967257],[36.087201,52.966079],[36.087201,52.966079],[36.087201,52.966078],[36.087652,52.965394],[36.089954,52.965973],[36.089954,52.965973],[36.089955,52.965973],[36.089997,52.965983],[36.089542,52.966647],[36.089472,52.966811],[36.089431,52.966979],[36.088653,52.966972],[36.088523,52.96697],[36.088434,52.966977],[36.088383,52.966988],[36.088345,52.967],[36.087781,52.967286],[36.087683,52.967336],[36.087655,52.967347],[36.087615,52.967355],[36.087572,52.967361],[36.087544,52.967363],[36.087516,52.967362],[36.086484,52.96727]]]}},{"type":"Feature","id":"362","properties":{"id":"362","city":"orel","baseScore":43.86882541774607,"baseScoreNoCommerce":41.029912403281635,"baseRank":170,"population":72.8830141772461,"blocks":{"housing":0.33456440323286485,"infra":0.6851851851851851,"transport":1,"work":0.031746031746031744,"green":0,"commerce":0.5806339049006831},"indicators":[{"label":"Жильё: плотность","value":18.636},{"label":"Жильё: обеспеченность","value":38.561},{"label":"Жильё: износ","value":45.5},{"label":"Жильё: этажность","value":4},{"label":"Инфраструктура: разнообразие","value":0.05555555555555555},{"label":"Инфраструктура: полнота корзины","value":100},{"label":"Транспорт: доступность","value":100},{"label":"Рабочие места: обеспеченность","value":0.031746031746031744},{"label":"Рабочие места: плотность","value":0.00006110258379927177},{"label":"Коммерция: активность ФНС","value":7.307},{"label":"Коммерция: ККТ","value":6.573},{"label":"Коммерция: медианный чек","value":367.202}]},"geometry":{"type":"Polygon","coordinates":[[[36.091242,52.964027],[36.091366,52.964042],[36.090054,52.9659],[36.09001,52.96589],[36.087712,52.965312],[36.087865,52.965113],[36.088394,52.964431],[36.088533,52.96425],[36.088533,52.96425],[36.088533,52.96425],[36.089111,52.963504],[36.089111,52.963503],[36.089112,52.963502],[36.089112,52.963502],[36.091242,52.964027]]]}},{"type":"Feature","id":"363","properties":{"id":"363","city":"orel","baseScore":43.86882541774607,"baseScoreNoCommerce":41.029912403281635,"baseRank":170,"population":61.24629517694092,"blocks":{"housing":0.33456440323286485,"infra":0.6851851851851851,"transport":1,"work":0.031746031746031744,"green":0,"commerce":0.5806339049006831},"indicators":[{"label":"Жильё: плотность","value":18.636},{"label":"Жильё: обеспеченность","value":38.561},{"label":"Жильё: износ","value":45.5},{"label":"Жильё: этажность","value":4},{"label":"Инфраструктура: разнообразие","value":0.05555555555555555},{"label":"Инфраструктура: полнота корзины","value":100},{"label":"Транспорт: доступность","value":100},{"label":"Рабочие места: обеспеченность","value":0.031746031746031744},{"label":"Рабочие места: плотность","value":0.00006110258379927177},{"label":"Коммерция: активность ФНС","value":7.307},{"label":"Коммерция: ККТ","value":6.573},{"label":"Коммерция: медианный чек","value":367.202}]},"geometry":{"type":"Polygon","coordinates":[[[36.091242,52.964027],[36.089112,52.963502],[36.090046,52.962137],[36.090122,52.962027],[36.090122,52.962027],[36.090122,52.962027],[36.090298,52.961767],[36.090402,52.961614],[36.091636,52.961909],[36.092631,52.96215],[36.09266,52.96221],[36.091366,52.964042],[36.091242,52.964027]]]}},{"type":"Feature","id":"364","properties":{"id":"364","city":"orel","baseScore":43.86882541774607,"baseScoreNoCommerce":41.029912403281635,"baseRank":170,"population":72.91515991230469,"blocks":{"housing":0.33456440323286485,"infra":0.6851851851851851,"transport":1,"work":0.031746031746031744,"green":0,"commerce":0.5806339049006831},"indicators":[{"label":"Жильё: плотность","value":18.636},{"label":"Жильё: обеспеченность","value":38.561},{"label":"Жильё: износ","value":45.5},{"label":"Жильё: этажность","value":4},{"label":"Инфраструктура: разнообразие","value":0.05555555555555555},{"label":"Инфраструктура: полнота корзины","value":100},{"label":"Транспорт: доступность","value":100},{"label":"Рабочие места: обеспеченность","value":0.031746031746031744},{"label":"Рабочие места: плотность","value":0.00006110258379927177},{"label":"Коммерция: активность ФНС","value":7.307},{"label":"Коммерция: ККТ","value":6.573},{"label":"Коммерция: медианный чек","value":367.202}]},"geometry":{"type":"Polygon","coordinates":[[[36.086624,52.962949],[36.088973,52.96347],[36.088399,52.964212],[36.088259,52.964393],[36.088259,52.964393],[36.088259,52.964393],[36.08773,52.965075],[36.08773,52.965075],[36.08773,52.965075],[36.087573,52.965279],[36.087484,52.965259],[36.087484,52.965259],[36.087484,52.965259],[36.086232,52.96498],[36.086232,52.96498],[36.086232,52.96498],[36.085876,52.964901],[36.085875,52.964901],[36.085875,52.964901],[36.085294,52.964774],[36.085897,52.963939],[36.086291,52.963403],[36.086291,52.963403],[36.086291,52.963403],[36.086538,52.963066],[36.086538,52.963066],[36.086538,52.963066],[36.086623,52.962951],[36.086623,52.962951],[36.086623,52.962951],[36.086624,52.962949]]]}},{"type":"Feature","id":"365","properties":{"id":"365","city":"orel","baseScore":43.86882541774607,"baseScoreNoCommerce":41.029912403281635,"baseRank":170,"population":64.32822247595216,"blocks":{"housing":0.33456440323286485,"infra":0.6851851851851851,"transport":1,"work":0.031746031746031744,"green":0,"commerce":0.5806339049006831},"indicators":[{"label":"Жильё: плотность","value":18.636},{"label":"Жильё: обеспеченность","value":38.561},{"label":"Жильё: износ","value":45.5},{"label":"Жильё: этажность","value":4},{"label":"Инфраструктура: разнообразие","value":0.05555555555555555},{"label":"Инфраструктура: полнота корзины","value":100},{"label":"Транспорт: доступность","value":100},{"label":"Рабочие места: обеспеченность","value":0.031746031746031744},{"label":"Рабочие места: плотность","value":0.00006110258379927177},{"label":"Коммерция: активность ФНС","value":7.307},{"label":"Коммерция: ККТ","value":6.573},{"label":"Коммерция: медианный чек","value":367.202}]},"geometry":{"type":"Polygon","coordinates":[[[36.088973,52.96347],[36.086624,52.962949],[36.087299,52.962017],[36.087299,52.962017],[36.087299,52.962017],[36.087341,52.961959],[36.087341,52.961959],[36.087341,52.961959],[36.087485,52.961757],[36.087485,52.961757],[36.087485,52.961757],[36.087728,52.96141],[36.087728,52.96141],[36.087728,52.96141],[36.087869,52.961207],[36.087971,52.96106],[36.088051,52.961078],[36.090263,52.961581],[36.09016,52.961733],[36.09016,52.961733],[36.09016,52.961733],[36.089984,52.961993],[36.089909,52.962103],[36.089909,52.962103],[36.089909,52.962103],[36.088975,52.963467],[36.088973,52.96347]]]}},{"type":"Feature","id":"366","properties":{"id":"366","city":"orel","baseScore":52.3248666568673,"baseScoreNoCommerce":50.85066867407565,"baseRank":110,"population":740.1056034086914,"blocks":{"housing":0.5630844725475039,"infra":0.7314814814814815,"transport":1,"work":0.24796747967479674,"green":0,"commerce":0.5969585657082556},"indicators":[{"label":"Жильё: плотность","value":156.793},{"label":"Жильё: обеспеченность","value":43.96},{"label":"Жильё: износ","value":40.446},{"label":"Жильё: этажность","value":8.666667},{"label":"Инфраструктура: разнообразие","value":0.19444444444444442},{"label":"Инфраструктура: полнота корзины","value":100},{"label":"Транспорт: доступность","value":100},{"label":"Рабочие места: обеспеченность","value":0.24796747967479674},{"label":"Рабочие места: плотность","value":0.005169924140336981},{"label":"Коммерция: активность ФНС","value":8.08},{"label":"Коммерция: ККТ","value":7.219},{"label":"Коммерция: медианный чек","value":242.901}]},"geometry":{"type":"Polygon","coordinates":[[[36.085165,52.964699],[36.085135,52.964739],[36.084613,52.964627],[36.08313,52.9643],[36.082127,52.964078],[36.082525,52.96355],[36.082525,52.96355],[36.082525,52.96355],[36.083404,52.962343],[36.083425,52.962314],[36.086413,52.962984],[36.085165,52.964699]]]}},{"type":"Feature","id":"367","properties":{"id":"367","city":"orel","baseScore":52.3248666568673,"baseScoreNoCommerce":50.85066867407565,"baseRank":110,"population":628.9413550308471,"blocks":{"housing":0.5630844725475039,"infra":0.7314814814814815,"transport":1,"work":0.24796747967479674,"green":0,"commerce":0.5969585657082556},"indicators":[{"label":"Жильё: плотность","value":156.793},{"label":"Жильё: обеспеченность","value":43.96},{"label":"Жильё: износ","value":40.446},{"label":"Жильё: этажность","value":8.666667},{"label":"Инфраструктура: разнообразие","value":0.19444444444444442},{"label":"Инфраструктура: полнота корзины","value":100},{"label":"Транспорт: доступность","value":100},{"label":"Рабочие места: обеспеченность","value":0.24796747967479674},{"label":"Рабочие места: плотность","value":0.005169924140336981},{"label":"Коммерция: активность ФНС","value":8.08},{"label":"Коммерция: ККТ","value":7.219},{"label":"Коммерция: медианный чек","value":242.901}]},"geometry":{"type":"Polygon","coordinates":[[[36.08326,52.962277],[36.083285,52.962283],[36.083268,52.962306],[36.082389,52.963514],[36.081987,52.964048],[36.081039,52.963849],[36.080568,52.963748],[36.079514,52.963513],[36.07946,52.963501],[36.080938,52.961746],[36.08326,52.962277]]]}},{"type":"Feature","id":"368","properties":{"id":"368","city":"orel","baseScore":48.379629629629626,"baseScoreNoCommerce":58.05555555555555,"baseRank":140,"population":57.39762795446777,"blocks":{"housing":1,"infra":0.6666666666666666,"transport":1,"work":0.2361111111111111,"green":0,"commerce":0},"indicators":[{"label":"Жильё: плотность","value":13.713},{"label":"Жильё: обеспеченность","value":54.835},{"label":"Инфраструктура: разнообразие","value":0},{"label":"Инфраструктура: полнота корзины","value":100},{"label":"Транспорт: доступность","value":100},{"label":"Рабочие места: обеспеченность","value":0.2361111111111111},{"label":"Рабочие места: плотность","value":0.0004238650541483737}]},"geometry":{"type":"Polygon","coordinates":[[[36.078422,52.96117],[36.080798,52.961714],[36.07932,52.963469],[36.079302,52.963465],[36.079302,52.963465],[36.079302,52.963465],[36.078568,52.963308],[36.077001,52.962962],[36.076753,52.962905],[36.07673,52.962902],[36.07673,52.962902],[36.076581,52.962869],[36.078291,52.961209],[36.078422,52.96117]]]}},{"type":"Feature","id":"369","properties":{"id":"369","city":"orel","baseScore":72.35482048727518,"baseScoreNoCommerce":67.73317437240782,"baseRank":9,"population":738.1082997111816,"blocks":{"housing":0.4256526094184061,"infra":0.9120370370370371,"transport":1,"work":0.04896907216494845,"green":1,"commerce":0.954630510616119},"indicators":[{"label":"Жильё: плотность","value":164.795},{"label":"Жильё: обеспеченность","value":34.577},{"label":"Жильё: износ","value":23.618},{"label":"Жильё: этажность","value":6.125},{"label":"Инфраструктура: разнообразие","value":0.736111111111111},{"label":"Инфраструктура: полнота корзины","value":100},{"label":"Транспорт: доступность","value":100},{"label":"Рабочие места: обеспеченность","value":0.04896907216494845},{"label":"Рабочие места: плотность","value":0.0008485364663701603},{"label":"Зеленые зоны: доступность","value":100},{"label":"Коммерция: активность ФНС","value":9.726},{"label":"Коммерция: ККТ","value":88.67},{"label":"Коммерция: медианный чек","value":454.15}]},"geometry":{"type":"Polygon","coordinates":[[[36.076586,52.96719],[36.076163,52.967044],[36.076798,52.966385],[36.077778,52.965397],[36.077778,52.965397],[36.077778,52.965397],[36.077822,52.965353],[36.077949,52.965367],[36.078014,52.965379],[36.078746,52.965594],[36.078926,52.965647],[36.08012,52.966],[36.08012,52.966],[36.08012,52.966],[36.080424,52.96609],[36.080433,52.966092],[36.080441,52.966094],[36.080463,52.966097],[36.079509,52.967537],[36.078527,52.967421],[36.078527,52.967421],[36.078527,52.967421],[36.077171,52.967264],[36.076586,52.96719]]]}},{"type":"Feature","id":"370","properties":{"id":"370","city":"orel","baseScore":72.35482048727518,"baseScoreNoCommerce":67.73317437240782,"baseRank":9,"population":703.6726302956542,"blocks":{"housing":0.4256526094184061,"infra":0.9120370370370371,"transport":1,"work":0.04896907216494845,"green":1,"commerce":0.954630510616119},"indicators":[{"label":"Жильё: плотность","value":164.795},{"label":"Жильё: обеспеченность","value":34.577},{"label":"Жильё: износ","value":23.618},{"label":"Жильё: этажность","value":6.125},{"label":"Инфраструктура: разнообразие","value":0.736111111111111},{"label":"Инфраструктура: полнота корзины","value":100},{"label":"Транспорт: доступность","value":100},{"label":"Рабочие места: обеспеченность","value":0.04896907216494845},{"label":"Рабочие места: плотность","value":0.0008485364663701603},{"label":"Зеленые зоны: доступность","value":100},{"label":"Коммерция: активность ФНС","value":9.726},{"label":"Коммерция: ККТ","value":88.67},{"label":"Коммерция: медианный чек","value":454.15}]},"geometry":{"type":"Polygon","coordinates":[[[36.080529,52.965997],[36.080519,52.966012],[36.080482,52.966007],[36.080185,52.96592],[36.078991,52.965567],[36.078991,52.965567],[36.078991,52.965567],[36.078811,52.965513],[36.078811,52.965513],[36.078811,52.965513],[36.078074,52.965297],[36.078064,52.965295],[36.07799,52.96528],[36.077985,52.96528],[36.07798,52.965279],[36.077905,52.965271],[36.077996,52.965183],[36.078012,52.965169],[36.078012,52.965168],[36.078012,52.965168],[36.078166,52.965024],[36.078169,52.965021],[36.078337,52.964836],[36.078552,52.964598],[36.078552,52.964598],[36.078552,52.964598],[36.078647,52.964493],[36.078648,52.964492],[36.078649,52.964492],[36.079182,52.963847],[36.079349,52.963645],[36.079349,52.963644],[36.07935,52.963644],[36.079396,52.963582],[36.079461,52.963597],[36.079461,52.963597],[36.079462,52.963597],[36.080517,52.963832],[36.080518,52.963832],[36.080518,52.963833],[36.080989,52.963934],[36.080989,52.963934],[36.08099,52.963934],[36.081682,52.964079],[36.08191,52.964129],[36.080529,52.965997]]]}},{"type":"Feature","id":"371","properties":{"id":"371","city":"orel","baseScore":72.35482048727518,"baseScoreNoCommerce":67.73317437240782,"baseRank":9,"population":631.5761796879272,"blocks":{"housing":0.4256526094184061,"infra":0.9120370370370371,"transport":1,"work":0.04896907216494845,"green":1,"commerce":0.954630510616119},"indicators":[{"label":"Жильё: плотность","value":164.795},{"label":"Жильё: обеспеченность","value":34.577},{"label":"Жильё: износ","value":23.618},{"label":"Жильё: этажность","value":6.125},{"label":"Инфраструктура: разнообразие","value":0.736111111111111},{"label":"Инфраструктура: полнота корзины","value":100},{"label":"Транспорт: доступность","value":100},{"label":"Рабочие места: обеспеченность","value":0.04896907216494845},{"label":"Рабочие места: плотность","value":0.0008485364663701603},{"label":"Зеленые зоны: доступность","value":100},{"label":"Коммерция: активность ФНС","value":9.726},{"label":"Коммерция: ККТ","value":88.67},{"label":"Коммерция: медианный чек","value":454.15}]},"geometry":{"type":"Polygon","coordinates":[[[36.075282,52.964574],[36.075293,52.964562],[36.075744,52.964719],[36.075744,52.964719],[36.075745,52.96472],[36.075853,52.964755],[36.076471,52.964961],[36.077244,52.965218],[36.077245,52.965218],[36.077246,52.965218],[36.077618,52.965333],[36.077618,52.965333],[36.077619,52.965333],[36.077629,52.965335],[36.07764,52.965337],[36.077641,52.965337],[36.077641,52.965337],[36.077662,52.965339],[36.07765,52.965351],[36.07667,52.966339],[36.07667,52.966339],[36.07667,52.966339],[36.076033,52.967],[36.074962,52.966632],[36.075125,52.966452],[36.073958,52.96604],[36.073988,52.965977],[36.074179,52.965689],[36.074783,52.964988],[36.075282,52.964574]]]}},{"type":"Feature","id":"372","properties":{"id":"372","city":"orel","baseScore":72.35482048727518,"baseScoreNoCommerce":67.73317437240782,"baseRank":9,"population":645.8094646951904,"blocks":{"housing":0.4256526094184061,"infra":0.9120370370370371,"transport":1,"work":0.04896907216494845,"green":1,"commerce":0.954630510616119},"indicators":[{"label":"Жильё: плотность","value":164.795},{"label":"Жильё: обеспеченность","value":34.577},{"label":"Жильё: износ","value":23.618},{"label":"Жильё: этажность","value":6.125},{"label":"Инфраструктура: разнообразие","value":0.736111111111111},{"label":"Инфраструктура: полнота корзины","value":100},{"label":"Транспорт: доступность","value":100},{"label":"Рабочие места: обеспеченность","value":0.04896907216494845},{"label":"Рабочие места: плотность","value":0.0008485364663701603},{"label":"Зеленые зоны: доступность","value":100},{"label":"Коммерция: активность ФНС","value":9.726},{"label":"Коммерция: ККТ","value":88.67},{"label":"Коммерция: медианный чек","value":454.15}]},"geometry":{"type":"Polygon","coordinates":[[[36.075365,52.964483],[36.076731,52.962996],[36.077444,52.96316],[36.077444,52.96316],[36.077444,52.96316],[36.077617,52.9632],[36.077618,52.9632],[36.077619,52.9632],[36.079253,52.96355],[36.079256,52.963551],[36.079215,52.963606],[36.079049,52.963806],[36.079049,52.963806],[36.079049,52.963806],[36.078516,52.964451],[36.078422,52.964555],[36.078206,52.964793],[36.078206,52.964793],[36.078206,52.964793],[36.07804,52.964977],[36.077887,52.965119],[36.077871,52.965134],[36.07787,52.965135],[36.07787,52.965135],[36.077746,52.965255],[36.077674,52.965249],[36.077315,52.965139],[36.076543,52.964882],[36.076543,52.964882],[36.076543,52.964882],[36.075924,52.964677],[36.075924,52.964677],[36.075924,52.964677],[36.075817,52.964641],[36.075365,52.964483]]]}},{"type":"Feature","id":"373","properties":{"id":"373","city":"orel","baseScore":63.346134353018115,"baseScoreNoCommerce":67.91328618086521,"baseRank":54,"population":35.8450436887207,"blocks":{"housing":0.5749183261372779,"infra":0.6944444444444443,"transport":1,"work":0.28846153846153844,"green":0.83784,"commerce":0.40510375213782657},"indicators":[{"label":"Жильё: плотность","value":8.307},{"label":"Жильё: обеспеченность","value":39.727},{"label":"Инфраструктура: разнообразие","value":0.08333333333333333},{"label":"Инфраструктура: полнота корзины","value":100},{"label":"Транспорт: доступность","value":100},{"label":"Рабочие места: обеспеченность","value":0.28846153846153844},{"label":"Рабочие места: плотность","value":0.00033675654253607337},{"label":"Зеленые зоны: доступность","value":83.784},{"label":"Коммерция: активность ФНС","value":6.346},{"label":"Коммерция: ККТ","value":3.839},{"label":"Коммерция: медианный чек","value":38.291}]},"geometry":{"type":"Polygon","coordinates":[[[36.083731,52.962264],[36.081007,52.961663],[36.082476,52.959882],[36.082476,52.959882],[36.082476,52.959882],[36.082518,52.95983],[36.082552,52.959835],[36.084802,52.960304],[36.084818,52.960308],[36.084809,52.960324],[36.084809,52.960324],[36.084809,52.960324],[36.083731,52.962264]]]}},{"type":"Feature","id":"374","properties":{"id":"374","city":"orel","baseScore":48.450867119612994,"baseScoreNoCommerce":56.34434874219515,"baseRank":139,"population":45.38896371496582,"blocks":{"housing":0.4693907704430911,"infra":0.6666666666666666,"transport":1,"work":0,"green":0.68116,"commerce":0.0898345900670223},"indicators":[{"label":"Жильё: плотность","value":15.993},{"label":"Жильё: обеспеченность","value":38.12},{"label":"Инфраструктура: разнообразие","value":0},{"label":"Инфраструктура: полнота корзины","value":100},{"label":"Транспорт: доступность","value":100},{"label":"Зеленые зоны: доступность","value":68.116},{"label":"Коммерция: активность ФНС","value":1.729},{"label":"Коммерция: ККТ","value":1.372},{"label":"Коммерция: медианный чек","value":0}]},"geometry":{"type":"Polygon","coordinates":[[[36.081835,52.959721],[36.082371,52.959806],[36.082342,52.959842],[36.080866,52.961632],[36.080854,52.961629],[36.078651,52.961109],[36.078635,52.961027],[36.078801,52.960915],[36.07964,52.960451],[36.079641,52.96045],[36.080435,52.959988],[36.080449,52.959977],[36.080457,52.959964],[36.080457,52.959955],[36.080775,52.959783],[36.081473,52.959826],[36.081651,52.95975],[36.081733,52.959714],[36.081835,52.959721]]]}},{"type":"Feature","id":"375","properties":{"id":"375","city":"orel","baseScore":53.77018840692466,"baseScoreNoCommerce":58.548303509423285,"baseRank":102,"population":958.1293472000121,"blocks":{"housing":0.22759876547454133,"infra":0.6944444444444443,"transport":1,"work":0.029381965552178316,"green":0.97599,"commerce":0.2987961289443156},"indicators":[{"label":"Жильё: плотность","value":282.025},{"label":"Жильё: обеспеченность","value":33.38},{"label":"Жильё: износ","value":39.273},{"label":"Жильё: этажность","value":8.6},{"label":"Инфраструктура: разнообразие","value":0.08333333333333333},{"label":"Инфраструктура: полнота корзины","value":100},{"label":"Транспорт: доступность","value":100},{"label":"Рабочие места: обеспеченность","value":0.029381965552178316},{"label":"Рабочие места: плотность","value":0.0008537302761968924},{"label":"Зеленые зоны: доступность","value":97.599},{"label":"Коммерция: активность ФНС","value":5.733},{"label":"Коммерция: ККТ","value":5.073},{"label":"Коммерция: медианный чек","value":0}]},"geometry":{"type":"Polygon","coordinates":[[[36.092716,52.962041],[36.090467,52.961526],[36.090556,52.961416],[36.090642,52.961308],[36.090642,52.961307],[36.090643,52.961307],[36.091088,52.960704],[36.091166,52.960598],[36.091587,52.960039],[36.091587,52.960039],[36.091587,52.960039],[36.091723,52.959858],[36.093936,52.9604],[36.092813,52.962019],[36.092716,52.962041]]]}},{"type":"Feature","id":"376","properties":{"id":"376","city":"orel","baseScore":53.77018840692466,"baseScoreNoCommerce":58.548303509423285,"baseRank":102,"population":1068.5018827920533,"blocks":{"housing":0.22759876547454133,"infra":0.6944444444444443,"transport":1,"work":0.029381965552178316,"green":0.97599,"commerce":0.2987961289443156},"indicators":[{"label":"Жильё: плотность","value":282.025},{"label":"Жильё: обеспеченность","value":33.38},{"label":"Жильё: износ","value":39.273},{"label":"Жильё: этажность","value":8.6},{"label":"Инфраструктура: разнообразие","value":0.08333333333333333},{"label":"Инфраструктура: полнота корзины","value":100},{"label":"Транспорт: доступность","value":100},{"label":"Рабочие места: обеспеченность","value":0.029381965552178316},{"label":"Рабочие места: плотность","value":0.0008537302761968924},{"label":"Зеленые зоны: доступность","value":97.599},{"label":"Коммерция: активность ФНС","value":5.733},{"label":"Коммерция: ККТ","value":5.073},{"label":"Коммерция: медианный чек","value":0}]},"geometry":{"type":"Polygon","coordinates":[[[36.090327,52.961494],[36.088035,52.960969],[36.088043,52.960957],[36.088198,52.960741],[36.088198,52.960741],[36.088198,52.960741],[36.088733,52.959993],[36.089271,52.959239],[36.09128,52.9597],[36.091593,52.959772],[36.09156,52.959818],[36.091585,52.959824],[36.091452,52.960002],[36.091031,52.960561],[36.091031,52.960561],[36.091031,52.960561],[36.090952,52.960667],[36.090952,52.960667],[36.090952,52.960667],[36.090508,52.961269],[36.090422,52.961376],[36.090422,52.961376],[36.090422,52.961376],[36.090327,52.961494]]]}},{"type":"Feature","id":"377","properties":{"id":"377","city":"orel","baseScore":55.00613373379834,"baseScoreNoCommerce":61.545622231871654,"baseRank":94,"population":754.987014986499,"blocks":{"housing":0.3916408102753154,"infra":0.6805555555555557,"transport":1,"work":0.005084745762711864,"green":1,"commerce":0.22308691243431786},"indicators":[{"label":"Жильё: плотность","value":154.957},{"label":"Жильё: обеспеченность","value":34.598},{"label":"Жильё: износ","value":27.04},{"label":"Жильё: этажность","value":7},{"label":"Инфраструктура: разнообразие","value":0.041666666666666664},{"label":"Инфраструктура: полнота корзины","value":100},{"label":"Транспорт: доступность","value":100},{"label":"Рабочие места: обеспеченность","value":0.005084745762711864},{"label":"Рабочие места: плотность","value":0.00007919420347412477},{"label":"Зеленые зоны: доступность","value":100},{"label":"Коммерция: активность ФНС","value":4.051},{"label":"Коммерция: ККТ","value":3.63},{"label":"Коммерция: медианный чек","value":0}]},"geometry":{"type":"Polygon","coordinates":[[[36.086356,52.960572],[36.085025,52.960218],[36.086017,52.958454],[36.089132,52.959207],[36.088596,52.959957],[36.088596,52.959957],[36.088596,52.959957],[36.088061,52.960705],[36.087906,52.960922],[36.087906,52.960922],[36.087906,52.960922],[36.087896,52.960937],[36.087869,52.960931],[36.086356,52.960572]]]}},{"type":"Feature","id":"378","properties":{"id":"378","city":"orel","baseScore":52.9884853096221,"baseScoreNoCommerce":61.75932688778734,"baseRank":109,"population":61.330024405432134,"blocks":{"housing":0.5295421338630509,"infra":0.6636842105263158,"transport":0.94737,"work":0,"green":0.94737,"commerce":0.09134277418795952},"indicators":[{"label":"Жильё: плотность","value":19.501},{"label":"Жильё: обеспеченность","value":39.036},{"label":"Инфраструктура: разнообразие","value":0},{"label":"Инфраструктура: полнота корзины","value":100},{"label":"Транспорт: доступность","value":94.737},{"label":"Зеленые зоны: доступность","value":94.737},{"label":"Коммерция: активность ФНС","value":2.213},{"label":"Коммерция: ККТ","value":1.158},{"label":"Коммерция: медианный чек","value":0}]},"geometry":{"type":"Polygon","coordinates":[[[36.085048,52.95824],[36.085061,52.958231],[36.085879,52.958421],[36.084889,52.960182],[36.084746,52.960144],[36.082648,52.959709],[36.083596,52.958571],[36.083792,52.958344],[36.083792,52.958344],[36.083792,52.958344],[36.083945,52.958165],[36.084024,52.958097],[36.084102,52.958049],[36.084226,52.958041],[36.085048,52.95824]]]}},{"type":"Feature","id":"379","properties":{"id":"379","city":"orel","baseScore":55.00613373379834,"baseScoreNoCommerce":61.545622231871654,"baseRank":94,"population":347.2358814737549,"blocks":{"housing":0.3916408102753154,"infra":0.6805555555555557,"transport":1,"work":0.005084745762711864,"green":1,"commerce":0.22308691243431786},"indicators":[{"label":"Жильё: плотность","value":154.957},{"label":"Жильё: обеспеченность","value":34.598},{"label":"Жильё: износ","value":27.04},{"label":"Жильё: этажность","value":7},{"label":"Инфраструктура: разнообразие","value":0.041666666666666664},{"label":"Инфраструктура: полнота корзины","value":100},{"label":"Транспорт: доступность","value":100},{"label":"Рабочие места: обеспеченность","value":0.005084745762711864},{"label":"Рабочие места: плотность","value":0.00007919420347412477},{"label":"Зеленые зоны: доступность","value":100},{"label":"Коммерция: активность ФНС","value":4.051},{"label":"Коммерция: ККТ","value":3.63},{"label":"Коммерция: медианный чек","value":0}]},"geometry":{"type":"Polygon","coordinates":[[[36.091972,52.95925],[36.091653,52.95969],[36.091333,52.959616],[36.091333,52.959616],[36.091333,52.959616],[36.089333,52.959158],[36.089629,52.958786],[36.089631,52.958783],[36.090124,52.95805],[36.092262,52.958813],[36.091972,52.95925]]]}},{"type":"Feature","id":"380","properties":{"id":"380","city":"orel","baseScore":55.00613373379834,"baseScoreNoCommerce":61.545622231871654,"baseRank":94,"population":627.2991102659423,"blocks":{"housing":0.3916408102753154,"infra":0.6805555555555557,"transport":1,"work":0.005084745762711864,"green":1,"commerce":0.22308691243431786},"indicators":[{"label":"Жильё: плотность","value":154.957},{"label":"Жильё: обеспеченность","value":34.598},{"label":"Жильё: износ","value":27.04},{"label":"Жильё: этажность","value":7},{"label":"Инфраструктура: разнообразие","value":0.041666666666666664},{"label":"Инфраструктура: полнота корзины","value":100},{"label":"Транспорт: доступность","value":100},{"label":"Рабочие места: обеспеченность","value":0.005084745762711864},{"label":"Рабочие места: плотность","value":0.00007919420347412477},{"label":"Зеленые зоны: доступность","value":100},{"label":"Коммерция: активность ФНС","value":4.051},{"label":"Коммерция: ККТ","value":3.63},{"label":"Коммерция: медианный чек","value":0}]},"geometry":{"type":"MultiPolygon","coordinates":[[[[36.086993,52.956636],[36.086991,52.95663],[36.087004,52.956635],[36.087004,52.956635],[36.086999,52.956635],[36.086993,52.956636]]],[[[36.089707,52.957884],[36.08995,52.957963],[36.09,52.957995],[36.089494,52.958748],[36.089194,52.959125],[36.086067,52.95837],[36.087047,52.956745],[36.088037,52.957083],[36.087895,52.957296],[36.087894,52.957301],[36.087891,52.957305],[36.087891,52.957308],[36.08789,52.95731],[36.087891,52.957315],[36.087891,52.957319],[36.087892,52.957322],[36.087892,52.957324],[36.087895,52.957328],[36.087897,52.957333],[36.0879,52.957335],[36.087901,52.957337],[36.087906,52.957341],[36.087911,52.957344],[36.087914,52.957346],[36.087917,52.957348],[36.087923,52.95735],[36.087929,52.957353],[36.089008,52.957701],[36.089286,52.957791],[36.089291,52.957792],[36.089295,52.957793],[36.089707,52.957884]]]]}},{"type":"Feature","id":"381","properties":{"id":"381","city":"orel","baseScore":49.23606203378152,"baseScoreNoCommerce":57.52862106179046,"baseRank":136,"population":41.42491174440918,"blocks":{"housing":0.2211678951947863,"infra":0.6552631578947369,"transport":1,"work":0,"green":1,"commerce":0.07773266893736834},"indicators":[{"label":"Жильё: плотность","value":22.261},{"label":"Жильё: обеспеченность","value":34.34},{"label":"Инфраструктура: разнообразие","value":0},{"label":"Инфраструктура: полнота корзины","value":100},{"label":"Транспорт: доступность","value":100},{"label":"Зеленые зоны: доступность","value":100},{"label":"Коммерция: активность ФНС","value":1},{"label":"Коммерция: ККТ","value":1.277},{"label":"Коммерция: медианный чек","value":0}]},"geometry":{"type":"Polygon","coordinates":[[[36.086991,52.95663],[36.086993,52.956636],[36.086993,52.956636],[36.086987,52.956636],[36.086982,52.956638],[36.086976,52.956639],[36.086971,52.956641],[36.086965,52.956642],[36.086961,52.956645],[36.086957,52.956646],[36.086953,52.956649],[36.086948,52.956652],[36.086946,52.956655],[36.086942,52.956657],[36.08694,52.956661],[36.086937,52.956664],[36.085928,52.958337],[36.084285,52.957953],[36.084266,52.95795],[36.084224,52.957947],[36.085574,52.95712],[36.086701,52.956264],[36.087087,52.956474],[36.086991,52.95663]]]}},{"type":"Feature","id":"382","properties":{"id":"382","city":"orel","baseScore":59.231380116959066,"baseScoreNoCommerce":71.07765614035088,"baseRank":78,"population":21.00287396015625,"blocks":{"housing":1,"infra":0.6491228070175438,"transport":0.90476,"work":0,"green":1,"commerce":0},"indicators":[{"label":"Жильё: плотность","value":15.936},{"label":"Жильё: обеспеченность","value":52.09},{"label":"Инфраструктура: разнообразие","value":0},{"label":"Инфраструктура: полнота корзины","value":100},{"label":"Транспорт: доступность","value":90.476},{"label":"Зеленые зоны: доступность","value":100}]},"geometry":{"type":"Polygon","coordinates":[[[36.08362,52.958203],[36.083665,52.958296],[36.08366,52.958303],[36.082481,52.959673],[36.082481,52.959673],[36.082481,52.959674],[36.082474,52.959682],[36.081676,52.959552],[36.082364,52.958853],[36.081842,52.958724],[36.082497,52.958302],[36.082761,52.958178],[36.083305,52.957923],[36.083391,52.95785],[36.083485,52.957791],[36.083566,52.957969],[36.08362,52.958203]]]}},{"type":"Feature","id":"383","properties":{"id":"383","city":"orel","baseScore":58.55820423953762,"baseScoreNoCommerce":62.314869381419136,"baseRank":80,"population":28.003591627990723,"blocks":{"housing":0.35230260885590337,"infra":0.6666666666666666,"transport":1,"work":0.0967741935483871,"green":1,"commerce":0.3977487853013004},"indicators":[{"label":"Жильё: плотность","value":14.183},{"label":"Жильё: обеспеченность","value":37.557},{"label":"Жильё: износ","value":40.5},{"label":"Жильё: этажность","value":3},{"label":"Инфраструктура: разнообразие","value":0},{"label":"Инфраструктура: полнота корзины","value":100},{"label":"Транспорт: доступность","value":100},{"label":"Рабочие места: обеспеченность","value":0.0967741935483871},{"label":"Рабочие места: плотность","value":0.00015196184587270997},{"label":"Зеленые зоны: доступность","value":100},{"label":"Коммерция: активность ФНС","value":7.111},{"label":"Коммерция: ККТ","value":1.391},{"label":"Коммерция: медианный чек","value":110.269}]},"geometry":{"type":"Polygon","coordinates":[[[36.09459,52.9595],[36.094006,52.960273],[36.094003,52.960273],[36.093557,52.96016],[36.093557,52.96016],[36.093557,52.96016],[36.093189,52.960067],[36.093189,52.960067],[36.093188,52.960066],[36.092404,52.959879],[36.091816,52.959729],[36.091941,52.95954],[36.092424,52.95881],[36.092425,52.958809],[36.094533,52.959264],[36.094638,52.959372],[36.09459,52.9595]]]}},{"type":"Feature","id":"402","properties":{"id":"402","city":"orel","baseScore":18.21345029239766,"baseScoreNoCommerce":21.85614035087719,"baseRank":317,"population":123.01846010998534,"blocks":{"housing":0,"infra":0.09280701754385966,"transport":0,"work":0,"green":1,"commerce":0},"indicators":[{"label":"Жильё: плотность","value":9.979},{"label":"Жильё: обеспеченность","value":6.031},{"label":"Инфраструктура: разнообразие","value":0},{"label":"Инфраструктура: полнота корзины","value":0},{"label":"Зеленые зоны: доступность","value":100}]},"geometry":{"type":"Polygon","coordinates":[[[36.091104,52.94624],[36.092708,52.944934],[36.092797,52.944848],[36.093956,52.944378],[36.094943,52.944507],[36.095193,52.94468],[36.094916,52.944949],[36.0947,52.94529],[36.094504,52.945384],[36.094353,52.945527],[36.094325,52.945619],[36.094221,52.945686],[36.094122,52.945811],[36.09412,52.945813],[36.094004,52.945983],[36.094,52.945991],[36.093242,52.948172],[36.092605,52.949505],[36.09204,52.950557],[36.092039,52.950557],[36.0918,52.95102],[36.091799,52.951023],[36.091483,52.951784],[36.09134,52.951995],[36.09134,52.951997],[36.091339,52.951998],[36.090988,52.952656],[36.090988,52.952656],[36.090987,52.952657],[36.090639,52.953398],[36.090312,52.95391],[36.090311,52.953911],[36.090253,52.95401],[36.090242,52.953998],[36.089326,52.953515],[36.089326,52.953515],[36.089803,52.953276],[36.09072,52.951691],[36.090876,52.949604],[36.091265,52.947684],[36.091104,52.94624]]]}},{"type":"Feature","id":"403","properties":{"id":"403","city":"orel","baseScore":33.74871590091571,"baseScoreNoCommerce":35.273365592821385,"baseRank":241,"population":1285.1693343512206,"blocks":{"housing":0.25780963116803474,"infra":0.4888109941520467,"transport":0.98521,"work":0.008487654320987654,"green":0.02335,"commerce":0.2612546744138736},"indicators":[{"label":"Жильё: плотность","value":63.817},{"label":"Жильё: обеспеченность","value":34.125},{"label":"Жильё: износ","value":38.706},{"label":"Жильё: этажность","value":5.75},{"label":"Инфраструктура: разнообразие","value":0.2916666666666667},{"label":"Инфраструктура: полнота корзины","value":63.424},{"label":"Транспорт: доступность","value":98.521},{"label":"Рабочие места: обеспеченность","value":0.008487654320987654},{"label":"Рабочие места: плотность","value":0.00005462915591744867},{"label":"Зеленые зоны: доступность","value":2.335},{"label":"Коммерция: активность ФНС","value":6.337},{"label":"Коммерция: ККТ","value":7.407},{"label":"Коммерция: медианный чек","value":0}]},"geometry":{"type":"Polygon","coordinates":[[[36.101872,52.956598],[36.101398,52.956712],[36.1014,52.956706],[36.10178,52.955935],[36.102253,52.954978],[36.103005,52.95346],[36.103007,52.953453],[36.103084,52.953128],[36.103084,52.953123],[36.103117,52.952679],[36.103116,52.952678],[36.103117,52.952676],[36.103088,52.952241],[36.103087,52.952234],[36.102883,52.951625],[36.102266,52.949491],[36.104026,52.950183],[36.104612,52.950418],[36.104612,52.950418],[36.104612,52.950418],[36.104681,52.950445],[36.104682,52.950446],[36.104683,52.950446],[36.105414,52.950721],[36.105968,52.950959],[36.105975,52.950962],[36.106672,52.951189],[36.106893,52.951266],[36.107331,52.951453],[36.108043,52.951799],[36.109711,52.95263],[36.108407,52.953502],[36.107404,52.954064],[36.106272,52.954714],[36.104373,52.95565],[36.102453,52.956417],[36.101872,52.956598]]]}},{"type":"Feature","id":"407","properties":{"id":"407","city":"orel","baseScore":25.919370019557135,"baseScoreNoCommerce":27.53727389739925,"baseRank":283,"population":48.00738666162109,"blocks":{"housing":0.1417759755717171,"infra":0.2350877192982456,"transport":1,"work":0,"green":0,"commerce":0.1782985063034654},"indicators":[{"label":"Жильё: плотность","value":14.024},{"label":"Жильё: обеспеченность","value":33.131},{"label":"Инфраструктура: разнообразие","value":0},{"label":"Инфраструктура: полнота корзины","value":0},{"label":"Транспорт: доступность","value":100},{"label":"Коммерция: активность ФНС","value":5.723},{"label":"Коммерция: ККТ","value":1.355},{"label":"Коммерция: медианный чек","value":0}]},"geometry":{"type":"Polygon","coordinates":[[[36.097544,52.957522],[36.095814,52.957951],[36.095828,52.957909],[36.095885,52.9578],[36.096031,52.95754],[36.096248,52.957197],[36.096422,52.956933],[36.096422,52.956933],[36.096422,52.956933],[36.096771,52.956402],[36.097005,52.956087],[36.097205,52.956066],[36.097489,52.956061],[36.097991,52.956194],[36.097999,52.956196],[36.098992,52.956383],[36.099947,52.956593],[36.100862,52.956817],[36.100875,52.956823],[36.097544,52.957522]]]}},{"type":"Feature","id":"424","properties":{"id":"424","city":"orel","baseScore":29.384484950355024,"baseScoreNoCommerce":28.273600455754988,"baseRank":263,"population":1.0003791032226563,"blocks":{"housing":0.23824142629652145,"infra":0.17543859649122806,"transport":1,"work":0,"green":0,"commerce":0.3493890742335519},"indicators":[{"label":"Жильё: плотность","value":0.744},{"label":"Жильё: обеспеченность","value":34.6},{"label":"Инфраструктура: разнообразие","value":0},{"label":"Инфраструктура: полнота корзины","value":0},{"label":"Транспорт: доступность","value":100},{"label":"Коммерция: активность ФНС","value":7.826},{"label":"Коммерция: ККТ","value":2.999},{"label":"Коммерция: медианный чек","value":0}]},"geometry":{"type":"Polygon","coordinates":[[[36.102596,52.949248],[36.102235,52.949372],[36.102215,52.949364],[36.102158,52.949316],[36.102144,52.949307],[36.102065,52.949269],[36.102047,52.949262],[36.102007,52.949252],[36.102054,52.949169],[36.102055,52.949166],[36.102108,52.949045],[36.102111,52.949038],[36.102127,52.948944],[36.102127,52.948936],[36.102093,52.948595],[36.102093,52.948594],[36.102067,52.948415],[36.102066,52.948412],[36.102065,52.948409],[36.101938,52.948064],[36.101884,52.947897],[36.101847,52.947775],[36.101812,52.947628],[36.101812,52.947628],[36.101705,52.947225],[36.101695,52.947181],[36.101717,52.947181],[36.101777,52.947186],[36.102057,52.947271],[36.102061,52.947272],[36.102063,52.947273],[36.10311,52.947526],[36.10311,52.947526],[36.10311,52.947526],[36.103143,52.947534],[36.102389,52.94886],[36.102792,52.948937],[36.102596,52.949248]]]}},{"type":"Feature","id":"431","properties":{"id":"431","city":"orel","baseScore":32.83306661155974,"baseScoreNoCommerce":33.46260829789341,"baseRank":252,"population":48.006841222656256,"blocks":{"housing":0.4294462043683547,"infra":0.24368421052631575,"transport":1,"work":0,"green":0,"commerce":0.29685358179891375},"indicators":[{"label":"Жильё: плотность","value":14.432},{"label":"Жильё: обеспеченность","value":39.253},{"label":"Жильё: износ","value":38.384},{"label":"Жильё: этажность","value":1.5},{"label":"Инфраструктура: разнообразие","value":0},{"label":"Инфраструктура: полнота корзины","value":0},{"label":"Транспорт: доступность","value":100},{"label":"Коммерция: активность ФНС","value":8.273},{"label":"Коммерция: ККТ","value":2.835},{"label":"Коммерция: медианный чек","value":0}]},"geometry":{"type":"Polygon","coordinates":[[[36.0953,52.958881],[36.095511,52.95859],[36.095753,52.958331],[36.095902,52.958199],[36.096079,52.95809],[36.096701,52.957892],[36.098272,52.957535],[36.098585,52.958142],[36.098137,52.958244],[36.098629,52.959014],[36.098831,52.959309],[36.098716,52.959628],[36.095752,52.959139],[36.095523,52.959028],[36.0953,52.958881]]]}},{"type":"Feature","id":"433","properties":{"id":"433","city":"orel","baseScore":15.062737004355675,"baseScoreNoCommerce":18.07528440522681,"baseRank":330,"population":40.00695982910157,"blocks":{"housing":0.8034133430683581,"infra":0.10035087719298245,"transport":0,"work":0,"green":0,"commerce":0},"indicators":[{"label":"Жильё: плотность","value":6.216},{"label":"Жильё: обеспеченность","value":48.735},{"label":"Жильё: износ","value":24},{"label":"Жильё: этажность","value":3},{"label":"Инфраструктура: разнообразие","value":0},{"label":"Инфраструктура: полнота корзины","value":0}]},"geometry":{"type":"Polygon","coordinates":[[[36.111029,52.957674],[36.111487,52.956766],[36.112003,52.957139],[36.112488,52.957615],[36.112948,52.958303],[36.113239,52.958895],[36.113328,52.959199],[36.11329,52.960166],[36.11321,52.96065],[36.113179,52.961377],[36.113207,52.961792],[36.113265,52.96211],[36.113319,52.96232],[36.113294,52.962555],[36.113254,52.962566],[36.113118,52.962604],[36.112009,52.962916],[36.110934,52.962369],[36.112806,52.962015],[36.112539,52.961338],[36.112346,52.960531],[36.112032,52.959953],[36.111366,52.959462],[36.110738,52.959397],[36.110356,52.958964],[36.110679,52.958346],[36.111029,52.957674]]]}},{"type":"Feature","id":"434","properties":{"id":"434","city":"orel","baseScore":37.39794328030908,"baseScoreNoCommerce":43.09448444221371,"baseRank":217,"population":209.0257381335449,"blocks":{"housing":0.5529410252295941,"infra":0.5263157894736842,"transport":1,"work":0.032407407407407406,"green":0.04306,"commerce":0.08915237470785935},"indicators":[{"label":"Жильё: плотность","value":72.017},{"label":"Жильё: обеспеченность","value":35.272},{"label":"Жильё: износ","value":13.316},{"label":"Жильё: этажность","value":4},{"label":"Инфраструктура: разнообразие","value":0},{"label":"Инфраструктура: полнота корзины","value":100},{"label":"Транспорт: доступность","value":100},{"label":"Рабочие места: обеспеченность","value":0.032407407407407406},{"label":"Рабочие места: плотность","value":0.00024120594566540225},{"label":"Зеленые зоны: доступность","value":4.306},{"label":"Коммерция: активность ФНС","value":3.704},{"label":"Коммерция: ККТ","value":0.179},{"label":"Коммерция: медианный чек","value":0}]},"geometry":{"type":"Polygon","coordinates":[[[36.106309,52.955154],[36.10742,52.954535],[36.107936,52.954163],[36.107939,52.954164],[36.107946,52.954168],[36.108347,52.954308],[36.109061,52.954654],[36.109627,52.955078],[36.109983,52.955386],[36.110313,52.955727],[36.110313,52.955727],[36.110313,52.955727],[36.110545,52.955968],[36.110733,52.956176],[36.110733,52.956176],[36.110404,52.956287],[36.108857,52.955982],[36.108447,52.955576],[36.108759,52.955301],[36.108573,52.955089],[36.107161,52.955486],[36.107061,52.955374],[36.106928,52.955418],[36.106588,52.955368],[36.106309,52.955154]]]}},{"type":"Feature","id":"435","properties":{"id":"435","city":"orel","baseScore":60.13045688303852,"baseScoreNoCommerce":64.40698114058827,"baseRank":67,"population":911.113932515869,"blocks":{"housing":0.5832006304073023,"infra":0.6011695906432749,"transport":1,"work":0.03597883597883598,"green":1,"commerce":0.38747835595289787},"indicators":[{"label":"Жильё: плотность","value":441.325},{"label":"Жильё: обеспеченность","value":33.506},{"label":"Жильё: износ","value":2.277},{"label":"Жильё: этажность","value":17.333333},{"label":"Инфраструктура: разнообразие","value":0.16666666666666666},{"label":"Инфраструктура: полнота корзины","value":100},{"label":"Транспорт: доступность","value":100},{"label":"Рабочие места: обеспеченность","value":0.03597883597883598},{"label":"Рабочие места: плотность","value":0.0016470969521451178},{"label":"Зеленые зоны: доступность","value":100},{"label":"Коммерция: активность ФНС","value":7.844},{"label":"Коммерция: ККТ","value":2.879},{"label":"Коммерция: медианный чек","value":0}]},"geometry":{"type":"Polygon","coordinates":[[[36.10808,52.954003],[36.109897,52.95274],[36.110271,52.952829],[36.110509,52.952838],[36.111398,52.952975],[36.111448,52.953022],[36.111434,52.953078],[36.11071,52.953573],[36.11013,52.953953],[36.109276,52.954439],[36.108998,52.954421],[36.108166,52.954087],[36.10808,52.954003]]]}},{"type":"Feature","id":"436","properties":{"id":"436","city":"orel","baseScore":40.83673625950752,"baseScoreNoCommerce":40.240301285376,"baseRank":190,"population":1398.1926802040527,"blocks":{"housing":0.3346485035608985,"infra":0.6441715399610136,"transport":1,"work":0.03319502074688797,"green":0,"commerce":0.43818911130165084},"indicators":[{"label":"Жильё: плотность","value":104.996},{"label":"Жильё: обеспеченность","value":34.387},{"label":"Жильё: износ","value":31.977},{"label":"Жильё: этажность","value":5.428571},{"label":"Инфраструктура: разнообразие","value":0.27777777777777773},{"label":"Инфраструктура: полнота корзины","value":100},{"label":"Транспорт: доступность","value":100},{"label":"Рабочие места: обеспеченность","value":0.03319502074688797},{"label":"Рабочие места: плотность","value":0.0003605009858679185},{"label":"Коммерция: активность ФНС","value":8.45},{"label":"Коммерция: ККТ","value":22.358},{"label":"Коммерция: медианный чек","value":0}]},"geometry":{"type":"Polygon","coordinates":[[[36.088405,53.00092],[36.085734,53.00053],[36.086304,52.999646],[36.086305,52.999645],[36.086305,52.999644],[36.08687,52.998684],[36.08687,52.998684],[36.08687,52.998684],[36.08716,52.99818],[36.08716,52.99818],[36.08716,52.99818],[36.087494,52.9976],[36.087495,52.997595],[36.087497,52.997589],[36.087521,52.997431],[36.087828,52.996975],[36.087829,52.996974],[36.087829,52.996974],[36.087957,52.996765],[36.087957,52.996765],[36.087957,52.996765],[36.088002,52.996693],[36.088118,52.996503],[36.088516,52.99592],[36.088516,52.99592],[36.088516,52.99592],[36.088579,52.995828],[36.088874,52.995396],[36.089284,52.994795],[36.089379,52.994825],[36.089379,52.994825],[36.089379,52.994825],[36.090005,52.995024],[36.090065,52.995059],[36.090098,52.995104],[36.090115,52.995162],[36.090122,52.995326],[36.090125,52.995395],[36.090135,52.995616],[36.090164,52.996297],[36.090208,52.997333],[36.090227,52.997948],[36.09023,52.998128],[36.09023,52.998128],[36.09023,52.998128],[36.090238,52.998606],[36.090238,52.998606],[36.090238,52.998606],[36.09025,52.999196],[36.09025,52.999196],[36.09025,52.999196],[36.090254,52.999349],[36.090255,52.999349],[36.090254,52.99935],[36.090284,52.999892],[36.090303,53.0004],[36.090303,53.0004],[36.090303,53.0004],[36.09032,53.000846],[36.09032,53.000846],[36.09032,53.000846],[36.090328,53.001063],[36.088405,53.00092]]]}},{"type":"Feature","id":"437","properties":{"id":"437","city":"orel","baseScore":40.83673625950752,"baseScoreNoCommerce":40.240301285376,"baseRank":190,"population":904.5786100218262,"blocks":{"housing":0.3346485035608985,"infra":0.6441715399610136,"transport":1,"work":0.03319502074688797,"green":0,"commerce":0.43818911130165084},"indicators":[{"label":"Жильё: плотность","value":104.996},{"label":"Жильё: обеспеченность","value":34.387},{"label":"Жильё: износ","value":31.977},{"label":"Жильё: этажность","value":5.428571},{"label":"Инфраструктура: разнообразие","value":0.27777777777777773},{"label":"Инфраструктура: полнота корзины","value":100},{"label":"Транспорт: доступность","value":100},{"label":"Рабочие места: обеспеченность","value":0.03319502074688797},{"label":"Рабочие места: плотность","value":0.0003605009858679185},{"label":"Коммерция: активность ФНС","value":8.45},{"label":"Коммерция: ККТ","value":22.358},{"label":"Коммерция: медианный чек","value":0}]},"geometry":{"type":"Polygon","coordinates":[[[36.083478,52.99788],[36.083905,52.997543],[36.083911,52.997546],[36.083932,52.997551],[36.084329,52.99761],[36.084356,52.997611],[36.084509,52.997599],[36.084535,52.997594],[36.084556,52.997584],[36.084641,52.997523],[36.084653,52.997512],[36.085074,52.996917],[36.085075,52.996914],[36.085077,52.996911],[36.085289,52.996455],[36.086585,52.994378],[36.086615,52.994335],[36.086699,52.994217],[36.088148,52.994481],[36.088809,52.994627],[36.088979,52.994668],[36.089156,52.994747],[36.088736,52.995362],[36.088736,52.995362],[36.088736,52.995362],[36.088442,52.995793],[36.088442,52.995793],[36.088442,52.995793],[36.088379,52.995885],[36.08798,52.99647],[36.087979,52.996471],[36.087979,52.996471],[36.087862,52.996662],[36.087862,52.996662],[36.087862,52.996662],[36.087818,52.996734],[36.08769,52.996942],[36.087379,52.997403],[36.087373,52.997416],[36.08735,52.997576],[36.087019,52.99815],[36.086729,52.998654],[36.086165,52.999614],[36.086121,52.999682],[36.086107,52.999679],[36.086855,52.998418],[36.085544,52.998149],[36.084425,52.998215],[36.083349,52.99794],[36.083478,52.99788]]]}},{"type":"Feature","id":"439","properties":{"id":"439","city":"orel","baseScore":40.83673625950752,"baseScoreNoCommerce":40.240301285376,"baseRank":190,"population":485.0807791834961,"blocks":{"housing":0.3346485035608985,"infra":0.6441715399610136,"transport":1,"work":0.03319502074688797,"green":0,"commerce":0.43818911130165084},"indicators":[{"label":"Жильё: плотность","value":104.996},{"label":"Жильё: обеспеченность","value":34.387},{"label":"Жильё: износ","value":31.977},{"label":"Жильё: этажность","value":5.428571},{"label":"Инфраструктура: разнообразие","value":0.27777777777777773},{"label":"Инфраструктура: полнота корзины","value":100},{"label":"Транспорт: доступность","value":100},{"label":"Рабочие места: обеспеченность","value":0.03319502074688797},{"label":"Рабочие места: плотность","value":0.0003605009858679185},{"label":"Коммерция: активность ФНС","value":8.45},{"label":"Коммерция: ККТ","value":22.358},{"label":"Коммерция: медианный чек","value":0}]},"geometry":{"type":"Polygon","coordinates":[[[36.090471,52.995075],[36.090217,52.995044],[36.090195,52.995014],[36.090193,52.995013],[36.090193,52.995012],[36.090187,52.995007],[36.090182,52.995002],[36.09018,52.995002],[36.090179,52.995],[36.090101,52.994955],[36.090084,52.994947],[36.089448,52.994746],[36.089341,52.994711],[36.089828,52.993986],[36.089828,52.993984],[36.08983,52.993982],[36.089958,52.993725],[36.090164,52.993322],[36.090253,52.993163],[36.090362,52.992973],[36.090362,52.992972],[36.0904,52.992901],[36.091525,52.993163],[36.09258,52.993431],[36.092777,52.993784],[36.092784,52.993793],[36.093167,52.994175],[36.093292,52.994319],[36.093299,52.994326],[36.093369,52.99438],[36.093382,52.994387],[36.093115,52.994425],[36.093008,52.994986],[36.092852,52.994992],[36.090471,52.995075],[36.090471,52.995075]]]}},{"type":"Feature","id":"455","properties":{"id":"455","city":"orel","baseScore":40.83673625950752,"baseScoreNoCommerce":40.240301285376,"baseRank":190,"population":1020.637652240625,"blocks":{"housing":0.3346485035608985,"infra":0.6441715399610136,"transport":1,"work":0.03319502074688797,"green":0,"commerce":0.43818911130165084},"indicators":[{"label":"Жильё: плотность","value":104.996},{"label":"Жильё: обеспеченность","value":34.387},{"label":"Жильё: износ","value":31.977},{"label":"Жильё: этажность","value":5.428571},{"label":"Инфраструктура: разнообразие","value":0.27777777777777773},{"label":"Инфраструктура: полнота корзины","value":100},{"label":"Транспорт: доступность","value":100},{"label":"Рабочие места: обеспеченность","value":0.03319502074688797},{"label":"Рабочие места: плотность","value":0.0003605009858679185},{"label":"Коммерция: активность ФНС","value":8.45},{"label":"Коммерция: ККТ","value":22.358},{"label":"Коммерция: медианный чек","value":0}]},"geometry":{"type":"Polygon","coordinates":[[[36.094442,52.99793],[36.094537,53.001047],[36.090477,53.001068],[36.090469,53.000844],[36.090452,53.000398],[36.090433,52.99989],[36.090433,52.999889],[36.090433,52.999889],[36.090403,52.999347],[36.090399,52.999195],[36.090386,52.998605],[36.090379,52.998127],[36.090377,52.997991],[36.094018,52.997938],[36.094019,52.997938],[36.094442,52.99793]]]}},{"type":"Feature","id":"456","properties":{"id":"456","city":"orel","baseScore":70.77370833883727,"baseScoreNoCommerce":67.15071694850047,"baseRank":17,"population":316.0445319882812,"blocks":{"housing":0.5535781286442962,"infra":0.736111111111111,"transport":1,"work":0.06784660766961652,"green":1,"commerce":0.8888866529052123},"indicators":[{"label":"Жильё: плотность","value":127.009},{"label":"Жильё: обеспеченность","value":46.258},{"label":"Жильё: износ","value":48.637},{"label":"Жильё: этажность","value":4.5},{"label":"Инфраструктура: разнообразие","value":0.20833333333333334},{"label":"Инфраструктура: полнота корзины","value":100},{"label":"Транспорт: доступность","value":100},{"label":"Рабочие места: обеспеченность","value":0.06784660766961652},{"label":"Рабочие места: плотность","value":0.000924434509638889},{"label":"Зеленые зоны: доступность","value":100},{"label":"Коммерция: активность ФНС","value":9.766},{"label":"Коммерция: ККТ","value":50.679},{"label":"Коммерция: медианный чек","value":330.592}]},"geometry":{"type":"Polygon","coordinates":[[[36.083037,52.96766],[36.082912,52.967923],[36.081846,52.967797],[36.081845,52.967797],[36.081236,52.96773],[36.079925,52.967584],[36.079882,52.967552],[36.079838,52.96748],[36.079912,52.967335],[36.080691,52.966134],[36.080717,52.966139],[36.083018,52.967297],[36.083235,52.967343],[36.083037,52.96766]]]}},{"type":"Feature","id":"457","properties":{"id":"457","city":"orel","baseScore":76.9478458766926,"baseScoreNoCommerce":72.86861505203112,"baseRank":3,"population":97.01458147901612,"blocks":{"housing":0.7683417620091325,"infra":0.7185672514619883,"transport":1,"work":0.1565217391304348,"green":1,"commerce":0.97344},"indicators":[{"label":"Жильё: плотность","value":53.179},{"label":"Жильё: обеспеченность","value":43.279},{"label":"Жильё: износ","value":18},{"label":"Жильё: этажность","value":4},{"label":"Инфраструктура: разнообразие","value":0.20833333333333334},{"label":"Инфраструктура: полнота корзины","value":100},{"label":"Транспорт: доступность","value":100},{"label":"Рабочие места: обеспеченность","value":0.1565217391304348},{"label":"Рабочие места: плотность","value":0.000986826860083912},{"label":"Зеленые зоны: доступность","value":100},{"label":"Коммерция: активность ФНС","value":8.672},{"label":"Коммерция: ККТ","value":112.013},{"label":"Коммерция: медианный чек","value":584.947}]},"geometry":{"type":"Polygon","coordinates":[[[36.070907,52.964787],[36.070677,52.965127],[36.070333,52.96492],[36.070333,52.96492],[36.070333,52.96492],[36.069994,52.964717],[36.069994,52.964717],[36.069812,52.964611],[36.069408,52.964375],[36.069408,52.964375],[36.069408,52.964375],[36.068735,52.963991],[36.068662,52.963949],[36.068697,52.963929],[36.068697,52.963929],[36.068697,52.963929],[36.068962,52.963784],[36.069451,52.963516],[36.069456,52.963514],[36.069492,52.96349],[36.069626,52.963531],[36.070524,52.96381],[36.070671,52.963855],[36.070671,52.963855],[36.070671,52.963855],[36.071293,52.964048],[36.071293,52.964048],[36.071293,52.964049],[36.071395,52.964079],[36.071395,52.964079],[36.071395,52.964079],[36.071399,52.96408],[36.070907,52.964787]]]}},{"type":"Feature","id":"458","properties":{"id":"458","city":"orel","baseScore":76.9478458766926,"baseScoreNoCommerce":72.86861505203112,"baseRank":3,"population":113.61288989659424,"blocks":{"housing":0.7683417620091325,"infra":0.7185672514619883,"transport":1,"work":0.1565217391304348,"green":1,"commerce":0.97344},"indicators":[{"label":"Жильё: плотность","value":53.179},{"label":"Жильё: обеспеченность","value":43.279},{"label":"Жильё: износ","value":18},{"label":"Жильё: этажность","value":4},{"label":"Инфраструктура: разнообразие","value":0.20833333333333334},{"label":"Инфраструктура: полнота корзины","value":100},{"label":"Транспорт: доступность","value":100},{"label":"Рабочие места: обеспеченность","value":0.1565217391304348},{"label":"Рабочие места: плотность","value":0.000986826860083912},{"label":"Зеленые зоны: доступность","value":100},{"label":"Коммерция: активность ФНС","value":8.672},{"label":"Коммерция: ККТ","value":112.013},{"label":"Коммерция: медианный чек","value":584.947}]},"geometry":{"type":"Polygon","coordinates":[[[36.072317,52.962778],[36.071457,52.963997],[36.07136,52.963968],[36.070739,52.963775],[36.070592,52.96373],[36.070592,52.96373],[36.070592,52.96373],[36.069693,52.963451],[36.069693,52.963451],[36.069693,52.963451],[36.069573,52.963414],[36.069582,52.9634],[36.069585,52.963396],[36.069615,52.963341],[36.069616,52.96334],[36.069616,52.963339],[36.069825,52.962894],[36.069993,52.962537],[36.070039,52.962448],[36.070254,52.962479],[36.070949,52.96258],[36.070949,52.96258],[36.070949,52.96258],[36.071235,52.962622],[36.071556,52.962668],[36.071556,52.962668],[36.071556,52.962668],[36.072317,52.962778]]]}},{"type":"Feature","id":"459","properties":{"id":"459","city":"orel","baseScore":76.9478458766926,"baseScoreNoCommerce":72.86861505203112,"baseRank":3,"population":106.43973934282226,"blocks":{"housing":0.7683417620091325,"infra":0.7185672514619883,"transport":1,"work":0.1565217391304348,"green":1,"commerce":0.97344},"indicators":[{"label":"Жильё: плотность","value":53.179},{"label":"Жильё: обеспеченность","value":43.279},{"label":"Жильё: износ","value":18},{"label":"Жильё: этажность","value":4},{"label":"Инфраструктура: разнообразие","value":0.20833333333333334},{"label":"Инфраструктура: полнота корзины","value":100},{"label":"Транспорт: доступность","value":100},{"label":"Рабочие места: обеспеченность","value":0.1565217391304348},{"label":"Рабочие места: плотность","value":0.000986826860083912},{"label":"Зеленые зоны: доступность","value":100},{"label":"Коммерция: активность ФНС","value":8.672},{"label":"Коммерция: ККТ","value":112.013},{"label":"Коммерция: медианный чек","value":584.947}]},"geometry":{"type":"Polygon","coordinates":[[[36.067641,52.962144],[36.069826,52.96242],[36.069894,52.962428],[36.06985,52.962511],[36.06985,52.962511],[36.06985,52.962512],[36.069682,52.962869],[36.069682,52.962869],[36.069682,52.962869],[36.069474,52.963314],[36.069445,52.963366],[36.069413,52.96341],[36.069349,52.963451],[36.068862,52.963717],[36.068862,52.963717],[36.068862,52.963717],[36.068597,52.963863],[36.068564,52.963881],[36.068497,52.963823],[36.068386,52.96368],[36.067583,52.962246],[36.067583,52.962246],[36.067583,52.962246],[36.067538,52.962167],[36.067641,52.962144]]]}},{"type":"Feature","id":"460","properties":{"id":"460","city":"orel","baseScore":70.13600448016993,"baseScoreNoCommerce":64.59280537620391,"baseRank":21,"population":111.15557394785155,"blocks":{"housing":0.24520000147519136,"infra":0.7880116959064326,"transport":1,"work":0.19642857142857142,"green":1,"commerce":0.97852},"indicators":[{"label":"Жильё: плотность","value":21.066},{"label":"Жильё: обеспеченность","value":35.376},{"label":"Жильё: износ","value":44},{"label":"Жильё: этажность","value":4},{"label":"Инфраструктура: разнообразие","value":0.4166666666666667},{"label":"Инфраструктура: полнота корзины","value":100},{"label":"Транспорт: доступность","value":100},{"label":"Рабочие места: обеспеченность","value":0.19642857142857142},{"label":"Рабочие места: плотность","value":0.0005149563266696215},{"label":"Зеленые зоны: доступность","value":100},{"label":"Коммерция: активность ФНС","value":8.926},{"label":"Коммерция: ККТ","value":159.464},{"label":"Коммерция: медианный чек","value":511.7}]},"geometry":{"type":"Polygon","coordinates":[[[36.067628,52.962052],[36.067619,52.962054],[36.06761,52.962055],[36.067491,52.962082],[36.067451,52.962008],[36.067451,52.962007],[36.067451,52.962007],[36.067419,52.96195],[36.066729,52.960701],[36.066729,52.960701],[36.066729,52.960701],[36.066416,52.960135],[36.06635,52.960012],[36.066405,52.960003],[36.066899,52.960064],[36.0674,52.960125],[36.067644,52.96016],[36.068224,52.960253],[36.068224,52.960253],[36.068224,52.960253],[36.069551,52.960464],[36.069701,52.960488],[36.069701,52.960488],[36.069701,52.960488],[36.070661,52.960642],[36.070661,52.960642],[36.070781,52.960661],[36.070754,52.960715],[36.070754,52.960715],[36.070754,52.960715],[36.070591,52.961039],[36.069962,52.962294],[36.069962,52.962294],[36.069962,52.962294],[36.069938,52.962342],[36.069857,52.962332],[36.069856,52.962332],[36.069856,52.962332],[36.067651,52.962053],[36.067642,52.962053],[36.067632,52.962052],[36.06763,52.962053],[36.067628,52.962052]]]}},{"type":"Feature","id":"461","properties":{"id":"461","city":"orel","baseScore":70.13600448016993,"baseScoreNoCommerce":64.59280537620391,"baseRank":21,"population":75.09361532841797,"blocks":{"housing":0.24520000147519136,"infra":0.7880116959064326,"transport":1,"work":0.19642857142857142,"green":1,"commerce":0.97852},"indicators":[{"label":"Жильё: плотность","value":21.066},{"label":"Жильё: обеспеченность","value":35.376},{"label":"Жильё: износ","value":44},{"label":"Жильё: этажность","value":4},{"label":"Инфраструктура: разнообразие","value":0.4166666666666667},{"label":"Инфраструктура: полнота корзины","value":100},{"label":"Транспорт: доступность","value":100},{"label":"Рабочие места: обеспеченность","value":0.19642857142857142},{"label":"Рабочие места: плотность","value":0.0005149563266696215},{"label":"Зеленые зоны: доступность","value":100},{"label":"Коммерция: активность ФНС","value":8.926},{"label":"Коммерция: ККТ","value":159.464},{"label":"Коммерция: медианный чек","value":511.7}]},"geometry":{"type":"Polygon","coordinates":[[[36.072303,52.962684],[36.071591,52.962581],[36.07127,52.962534],[36.07127,52.962534],[36.07127,52.962534],[36.070984,52.962493],[36.070289,52.962392],[36.070289,52.962392],[36.070289,52.962392],[36.070083,52.962362],[36.070104,52.96232],[36.070734,52.961065],[36.070734,52.961065],[36.070734,52.961065],[36.070896,52.960741],[36.070926,52.960682],[36.070993,52.960692],[36.07252,52.960914],[36.073361,52.961044],[36.073455,52.961058],[36.073055,52.961628],[36.072332,52.962644],[36.072332,52.962644],[36.072332,52.962644],[36.072303,52.962684]]]}},{"type":"Feature","id":"462","properties":{"id":"462","city":"orel","baseScore":70.13600448016993,"baseScoreNoCommerce":64.59280537620391,"baseRank":21,"population":55.23029029196777,"blocks":{"housing":0.24520000147519136,"infra":0.7880116959064326,"transport":1,"work":0.19642857142857142,"green":1,"commerce":0.97852},"indicators":[{"label":"Жильё: плотность","value":21.066},{"label":"Жильё: обеспеченность","value":35.376},{"label":"Жильё: износ","value":44},{"label":"Жильё: этажность","value":4},{"label":"Инфраструктура: разнообразие","value":0.4166666666666667},{"label":"Инфраструктура: полнота корзины","value":100},{"label":"Транспорт: доступность","value":100},{"label":"Рабочие места: обеспеченность","value":0.19642857142857142},{"label":"Рабочие места: плотность","value":0.0005149563266696215},{"label":"Зеленые зоны: доступность","value":100},{"label":"Коммерция: активность ФНС","value":8.926},{"label":"Коммерция: ККТ","value":159.464},{"label":"Коммерция: медианный чек","value":511.7}]},"geometry":{"type":"Polygon","coordinates":[[[36.073928,52.961125],[36.074045,52.961142],[36.074803,52.96126],[36.074803,52.96126],[36.074803,52.96126],[36.074975,52.961287],[36.075085,52.961304],[36.075472,52.961369],[36.074793,52.96209],[36.074793,52.96209],[36.074598,52.962298],[36.07404,52.96289],[36.073996,52.962937],[36.073955,52.962931],[36.073955,52.962931],[36.073955,52.962931],[36.073858,52.962917],[36.073593,52.962877],[36.07245,52.962706],[36.072468,52.962679],[36.072468,52.962679],[36.072468,52.962679],[36.073192,52.961664],[36.073192,52.961664],[36.073192,52.961664],[36.073602,52.96108],[36.073928,52.961125]]]}},{"type":"Feature","id":"463","properties":{"id":"463","city":"orel","baseScore":51.80214717408395,"baseScoreNoCommerce":43.24049605044127,"baseRank":114,"population":333.7562961015137,"blocks":{"housing":0.18454616050784645,"infra":0.7880116959064326,"transport":0.92549,"work":0.23652694610778444,"green":0.02745,"commerce":0.9461040279229731},"indicators":[{"label":"Жильё: плотность","value":71.546},{"label":"Жильё: обеспеченность","value":33.466},{"label":"Жильё: износ","value":43.797},{"label":"Жильё: этажность","value":4.25},{"label":"Инфраструктура: разнообразие","value":0.4166666666666667},{"label":"Инфраструктура: полнота корзины","value":100},{"label":"Транспорт: доступность","value":92.549},{"label":"Рабочие места: обеспеченность","value":0.23652694610778444},{"label":"Рабочие места: плотность","value":0.0022165171000760155},{"label":"Зеленые зоны: доступность","value":2.745},{"label":"Коммерция: активность ФНС","value":9.194},{"label":"Коммерция: ККТ","value":72.009},{"label":"Коммерция: медианный чек","value":231.231}]},"geometry":{"type":"Polygon","coordinates":[[[36.076182,52.960738],[36.075622,52.961303],[36.07562,52.961302],[36.075612,52.961301],[36.075603,52.961298],[36.075125,52.961218],[36.075124,52.961218],[36.075124,52.961218],[36.075012,52.9612],[36.075012,52.9612],[36.075012,52.9612],[36.07484,52.961173],[36.074081,52.961055],[36.07408,52.961055],[36.074079,52.961054],[36.073962,52.961038],[36.073962,52.961038],[36.073962,52.961038],[36.073659,52.960996],[36.073669,52.960982],[36.073954,52.960576],[36.073954,52.960576],[36.073954,52.960576],[36.074399,52.959926],[36.074399,52.959926],[36.074399,52.959926],[36.074811,52.959323],[36.075097,52.958939],[36.075097,52.958939],[36.075097,52.958939],[36.075241,52.958746],[36.075241,52.958746],[36.075242,52.958745],[36.075306,52.958652],[36.075396,52.958667],[36.077695,52.959106],[36.077975,52.959149],[36.077855,52.959253],[36.076789,52.960186],[36.076182,52.960738]]]}},{"type":"Feature","id":"464","properties":{"id":"464","city":"orel","baseScore":70.13875068955299,"baseScoreNoCommerce":64.68803166467588,"baseRank":18,"population":390.7759328528442,"blocks":{"housing":0.2749047021421766,"infra":0.8898635477582846,"transport":1,"work":0.18333333333333332,"green":0.8863,"commerce":0.9739234581393846},"indicators":[{"label":"Жильё: плотность","value":65.015},{"label":"Жильё: обеспеченность","value":33.094},{"label":"Жильё: износ","value":33.682},{"label":"Жильё: этажность","value":6},{"label":"Инфраструктура: разнообразие","value":0.7222222222222222},{"label":"Инфраструктура: полнота корзины","value":100},{"label":"Транспорт: доступность","value":100},{"label":"Рабочие места: обеспеченность","value":0.18333333333333332},{"label":"Рабочие места: плотность","value":0.001459510921282508},{"label":"Зеленые зоны: доступность","value":88.63},{"label":"Коммерция: активность ФНС","value":9.324},{"label":"Коммерция: ККТ","value":116.768},{"label":"Коммерция: медианный чек","value":312.578}]},"geometry":{"type":"Polygon","coordinates":[[[36.072555,52.960827],[36.072555,52.960827],[36.071027,52.960604],[36.071027,52.960604],[36.071027,52.960604],[36.07097,52.960596],[36.070998,52.960542],[36.070998,52.960542],[36.070998,52.960542],[36.071659,52.95928],[36.071742,52.959121],[36.071742,52.959121],[36.071742,52.959121],[36.071827,52.958958],[36.071864,52.958888],[36.071864,52.958888],[36.071864,52.958888],[36.07206,52.958514],[36.072259,52.958133],[36.072259,52.958133],[36.072259,52.958133],[36.072313,52.95803],[36.072446,52.958056],[36.072446,52.958056],[36.072446,52.958056],[36.073112,52.958186],[36.073685,52.958298],[36.073685,52.958298],[36.073685,52.958298],[36.073789,52.958318],[36.07506,52.958566],[36.075186,52.958591],[36.075105,52.95871],[36.074962,52.958902],[36.074675,52.959286],[36.074675,52.959287],[36.074674,52.959288],[36.074261,52.959892],[36.073817,52.960542],[36.073531,52.960947],[36.073531,52.960947],[36.073531,52.960948],[36.073513,52.960974],[36.073399,52.960957],[36.073399,52.960957],[36.073398,52.960956],[36.072556,52.960827],[36.072555,52.960827]]]}},{"type":"Feature","id":"465","properties":{"id":"465","city":"orel","baseScore":70.13875068955299,"baseScoreNoCommerce":64.68803166467588,"baseRank":18,"population":507.8084550009155,"blocks":{"housing":0.2749047021421766,"infra":0.8898635477582846,"transport":1,"work":0.18333333333333332,"green":0.8863,"commerce":0.9739234581393846},"indicators":[{"label":"Жильё: плотность","value":65.015},{"label":"Жильё: обеспеченность","value":33.094},{"label":"Жильё: износ","value":33.682},{"label":"Жильё: этажность","value":6},{"label":"Инфраструктура: разнообразие","value":0.7222222222222222},{"label":"Инфраструктура: полнота корзины","value":100},{"label":"Транспорт: доступность","value":100},{"label":"Рабочие места: обеспеченность","value":0.18333333333333332},{"label":"Рабочие места: плотность","value":0.001459510921282508},{"label":"Зеленые зоны: доступность","value":88.63},{"label":"Коммерция: активность ФНС","value":9.324},{"label":"Коммерция: ККТ","value":116.768},{"label":"Коммерция: медианный чек","value":312.578}]},"geometry":{"type":"Polygon","coordinates":[[[36.069152,52.957415],[36.070237,52.957626],[36.070237,52.957626],[36.070237,52.957626],[36.072042,52.957977],[36.072171,52.958002],[36.072117,52.958106],[36.071918,52.958487],[36.071918,52.958487],[36.071918,52.958487],[36.071722,52.958861],[36.071685,52.958931],[36.0716,52.959093],[36.071517,52.959253],[36.070856,52.960515],[36.070825,52.960575],[36.070699,52.960555],[36.070699,52.960555],[36.070699,52.960555],[36.069739,52.960402],[36.069589,52.960378],[36.069589,52.960378],[36.069589,52.960378],[36.068262,52.960166],[36.067746,52.960084],[36.067775,52.959975],[36.068493,52.957287],[36.069152,52.957415]]]}},{"type":"Feature","id":"466","properties":{"id":"466","city":"orel","baseScore":70.13875068955299,"baseScoreNoCommerce":64.68803166467588,"baseRank":18,"population":423.01023890222166,"blocks":{"housing":0.2749047021421766,"infra":0.8898635477582846,"transport":1,"work":0.18333333333333332,"green":0.8863,"commerce":0.9739234581393846},"indicators":[{"label":"Жильё: плотность","value":65.015},{"label":"Жильё: обеспеченность","value":33.094},{"label":"Жильё: износ","value":33.682},{"label":"Жильё: этажность","value":6},{"label":"Инфраструктура: разнообразие","value":0.7222222222222222},{"label":"Инфраструктура: полнота корзины","value":100},{"label":"Транспорт: доступность","value":100},{"label":"Рабочие места: обеспеченность","value":0.18333333333333332},{"label":"Рабочие места: плотность","value":0.001459510921282508},{"label":"Зеленые зоны: доступность","value":88.63},{"label":"Коммерция: активность ФНС","value":9.324},{"label":"Коммерция: ККТ","value":116.768},{"label":"Коммерция: медианный чек","value":312.578}]},"geometry":{"type":"Polygon","coordinates":[[[36.067433,52.960037],[36.067432,52.960037],[36.067431,52.960037],[36.066928,52.959976],[36.066928,52.959976],[36.066928,52.959976],[36.066418,52.959913],[36.066412,52.959913],[36.066407,52.959912],[36.066401,52.959913],[36.066395,52.959912],[36.066389,52.959913],[36.066384,52.959914],[36.066304,52.959927],[36.06608,52.959521],[36.06608,52.959521],[36.06608,52.959521],[36.066026,52.959425],[36.066026,52.959425],[36.066026,52.959425],[36.065568,52.958617],[36.065568,52.958617],[36.065568,52.958617],[36.065373,52.958273],[36.064411,52.956576],[36.064411,52.956576],[36.064411,52.956576],[36.064361,52.956486],[36.064435,52.956501],[36.065481,52.956703],[36.066204,52.956844],[36.068263,52.957243],[36.068263,52.957243],[36.068264,52.957243],[36.06835,52.957259],[36.067628,52.95996],[36.067628,52.95996],[36.067628,52.95996],[36.067601,52.960062],[36.067433,52.960037]]]}},{"type":"Feature","id":"467","properties":{"id":"467","city":"orel","baseScore":51.59143141571092,"baseScoreNoCommerce":49.18138139674021,"baseRank":118,"population":394.98914416009524,"blocks":{"housing":0.5818060491098612,"infra":0.6592592592592593,"transport":1,"work":0.01651376146788991,"green":0.20149,"commerce":0.6364168151056446},"indicators":[{"label":"Жильё: плотность","value":68.635},{"label":"Жильё: обеспеченность","value":34.227},{"label":"Жильё: износ","value":7.086},{"label":"Жильё: этажность","value":5.75},{"label":"Инфраструктура: разнообразие","value":0.027777777777777776},{"label":"Инфраструктура: полнота корзины","value":100},{"label":"Транспорт: доступность","value":100},{"label":"Рабочие места: обеспеченность","value":0.01651376146788991},{"label":"Рабочие места: плотность","value":0.00011524488331734464},{"label":"Зеленые зоны: доступность","value":20.149},{"label":"Коммерция: активность ФНС","value":8.591},{"label":"Коммерция: ККТ","value":23.935},{"label":"Коммерция: медианный чек","value":276.63}]},"geometry":{"type":"Polygon","coordinates":[[[36.06625,52.956758],[36.065527,52.956618],[36.065527,52.956618],[36.065527,52.956618],[36.06448,52.956415],[36.06448,52.956415],[36.06448,52.956415],[36.064301,52.956381],[36.064231,52.956256],[36.063924,52.955712],[36.063524,52.955002],[36.063524,52.955002],[36.063524,52.955002],[36.063458,52.954885],[36.064572,52.955036],[36.064572,52.955036],[36.064572,52.955036],[36.064782,52.955065],[36.065514,52.955164],[36.065571,52.955172],[36.065571,52.955172],[36.065571,52.955172],[36.067049,52.955372],[36.068709,52.955597],[36.068784,52.955607],[36.06877,52.95566],[36.06877,52.95566],[36.06877,52.95566],[36.068695,52.955946],[36.068695,52.955946],[36.068695,52.955946],[36.068374,52.95717],[36.068309,52.957157],[36.06625,52.956758],[36.06625,52.956758],[36.06625,52.956758]]]}},{"type":"Feature","id":"468","properties":{"id":"468","city":"orel","baseScore":50.48646661809413,"baseScoreNoCommerce":55.656621355969015,"baseRank":125,"population":84.01419792762451,"blocks":{"housing":0.708617208149328,"infra":0.6575438596491229,"transport":1,"work":0,"green":0.41667,"commerce":0.24635692928719705},"indicators":[{"label":"Жильё: плотность","value":15.921},{"label":"Жильё: обеспеченность","value":41.763},{"label":"Инфраструктура: разнообразие","value":0},{"label":"Инфраструктура: полнота корзины","value":100},{"label":"Транспорт: доступность","value":100},{"label":"Зеленые зоны: доступность","value":41.667},{"label":"Коммерция: активность ФНС","value":4.244},{"label":"Коммерция: ККТ","value":7.033},{"label":"Коммерция: медианный чек","value":0}]},"geometry":{"type":"Polygon","coordinates":[[[36.070581,52.957599],[36.068521,52.957183],[36.068842,52.95596],[36.068917,52.955674],[36.068929,52.955627],[36.068983,52.955635],[36.068983,52.955635],[36.068983,52.955635],[36.070739,52.955877],[36.071836,52.956028],[36.071837,52.956028],[36.071839,52.956029],[36.07247,52.956102],[36.07247,52.956102],[36.07247,52.956102],[36.073054,52.95617],[36.072193,52.957912],[36.072088,52.957891],[36.072088,52.957891],[36.072088,52.957891],[36.070581,52.957599]]]}},{"type":"Feature","id":"469","properties":{"id":"469","city":"orel","baseScore":52.133402685215394,"baseScoreNoCommerce":56.26759408159238,"baseRank":112,"population":755.1103496826538,"blocks":{"housing":0.16425689706207525,"infra":0.6491228070175438,"transport":1,"work":0,"green":1,"commerce":0.3146244570333049},"indicators":[{"label":"Жильё: плотность","value":161.161},{"label":"Жильё: обеспеченность","value":34.455},{"label":"Жильё: износ","value":49},{"label":"Жильё: этажность","value":9},{"label":"Инфраструктура: разнообразие","value":0},{"label":"Инфраструктура: полнота корзины","value":100},{"label":"Транспорт: доступность","value":100},{"label":"Зеленые зоны: доступность","value":100},{"label":"Коммерция: активность ФНС","value":4.647},{"label":"Коммерция: ККТ","value":6.227},{"label":"Коммерция: медианный чек","value":0}]},"geometry":{"type":"Polygon","coordinates":[[[36.075261,52.958485],[36.072358,52.95794],[36.072434,52.957785],[36.072434,52.957785],[36.072434,52.957785],[36.072491,52.957666],[36.072754,52.957125],[36.07323,52.956192],[36.073411,52.956216],[36.073411,52.956216],[36.073411,52.956216],[36.073975,52.956289],[36.074121,52.956313],[36.074122,52.956313],[36.074123,52.956313],[36.076401,52.956623],[36.076437,52.956627],[36.076041,52.957284],[36.075579,52.958006],[36.075359,52.958341],[36.075277,52.958462],[36.075261,52.958485]]]}},{"type":"Feature","id":"478","properties":{"id":"478","city":"orel","baseScore":37.254716356332914,"baseScoreNoCommerce":43.45076905458879,"baseRank":218,"population":187.0307590236328,"blocks":{"housing":0.5728169684632184,"infra":0.6586594736842106,"transport":0.93048,"work":0.010582010582010581,"green":0,"commerce":0.06274452865053529},"indicators":[{"label":"Жильё: плотность","value":25.616},{"label":"Жильё: обеспеченность","value":39.695},{"label":"Инфраструктура: разнообразие","value":0},{"label":"Инфраструктура: полнота корзины","value":97.861},{"label":"Транспорт: доступность","value":93.048},{"label":"Рабочие места: обеспеченность","value":0.010582010582010581},{"label":"Рабочие места: плотность","value":0.00002739638491780038},{"label":"Коммерция: активность ФНС","value":2.132},{"label":"Коммерция: ККТ","value":0.456},{"label":"Коммерция: медианный чек","value":0}]},"geometry":{"type":"Polygon","coordinates":[[[36.072162,52.953704],[36.069528,52.953383],[36.070054,52.951409],[36.070079,52.951328],[36.07121,52.951464],[36.07121,52.951464],[36.07121,52.951464],[36.072615,52.951633],[36.072615,52.951633],[36.072615,52.951633],[36.073496,52.95174],[36.074826,52.9519],[36.074826,52.9519],[36.074826,52.9519],[36.074857,52.951904],[36.074844,52.951917],[36.074823,52.951937],[36.074819,52.951942],[36.074722,52.952038],[36.073963,52.953915],[36.073887,52.953907],[36.073887,52.953907],[36.073887,52.953907],[36.072162,52.953704]]]}},{"type":"Feature","id":"479","properties":{"id":"479","city":"orel","baseScore":50.48646661809413,"baseScoreNoCommerce":55.656621355969015,"baseRank":125,"population":113.62049655567625,"blocks":{"housing":0.708617208149328,"infra":0.6575438596491229,"transport":1,"work":0,"green":0.41667,"commerce":0.24635692928719705},"indicators":[{"label":"Жильё: плотность","value":15.921},{"label":"Жильё: обеспеченность","value":41.763},{"label":"Инфраструктура: разнообразие","value":0},{"label":"Инфраструктура: полнота корзины","value":100},{"label":"Транспорт: доступность","value":100},{"label":"Зеленые зоны: доступность","value":41.667},{"label":"Коммерция: активность ФНС","value":4.244},{"label":"Коммерция: ККТ","value":7.033},{"label":"Коммерция: медианный чек","value":0}]},"geometry":{"type":"Polygon","coordinates":[[[36.073927,52.954003],[36.073096,52.956084],[36.072498,52.956014],[36.072498,52.956014],[36.072498,52.956014],[36.071868,52.955941],[36.070772,52.955789],[36.070772,52.955789],[36.070772,52.955789],[36.069016,52.955547],[36.068952,52.955538],[36.069217,52.954484],[36.069342,52.953989],[36.069342,52.953989],[36.069342,52.953989],[36.069446,52.953575],[36.06947,52.953479],[36.069573,52.953491],[36.073858,52.953995],[36.073858,52.953995],[36.073858,52.953995],[36.073927,52.954003]]]}},{"type":"Feature","id":"480","properties":{"id":"480","city":"orel","baseScore":52.133402685215394,"baseScoreNoCommerce":56.26759408159238,"baseRank":112,"population":948.8741865385986,"blocks":{"housing":0.16425689706207525,"infra":0.6491228070175438,"transport":1,"work":0,"green":1,"commerce":0.3146244570333049},"indicators":[{"label":"Жильё: плотность","value":161.161},{"label":"Жильё: обеспеченность","value":34.455},{"label":"Жильё: износ","value":49},{"label":"Жильё: этажность","value":9},{"label":"Инфраструктура: разнообразие","value":0},{"label":"Инфраструктура: полнота корзины","value":100},{"label":"Транспорт: доступность","value":100},{"label":"Зеленые зоны: доступность","value":100},{"label":"Коммерция: активность ФНС","value":4.647},{"label":"Коммерция: ККТ","value":6.227},{"label":"Коммерция: медианный чек","value":0}]},"geometry":{"type":"Polygon","coordinates":[[[36.07401,52.956202],[36.074008,52.956202],[36.073443,52.956128],[36.07327,52.956105],[36.073291,52.956055],[36.073854,52.954681],[36.073854,52.954681],[36.073855,52.954681],[36.073976,52.954358],[36.074065,52.954125],[36.074065,52.954125],[36.074065,52.954125],[36.074118,52.953981],[36.074123,52.953969],[36.074206,52.953979],[36.074206,52.953979],[36.074206,52.953979],[36.074278,52.953987],[36.075158,52.954103],[36.076285,52.954278],[36.0775,52.95448],[36.077585,52.954494],[36.077585,52.954494],[36.077585,52.954494],[36.07764,52.954503],[36.077565,52.954637],[36.077565,52.954637],[36.077564,52.954637],[36.077105,52.955449],[36.07688,52.955848],[36.07688,52.955848],[36.076879,52.955848],[36.076543,52.956443],[36.076487,52.956542],[36.076433,52.956535],[36.076433,52.956535],[36.076433,52.956535],[36.074157,52.956226],[36.074011,52.956202],[36.07401,52.956202]]]}},{"type":"Feature","id":"481","properties":{"id":"481","city":"orel","baseScore":48.27291244158056,"baseScoreNoCommerce":46.73235627134639,"baseRank":141,"population":1982.3095214867067,"blocks":{"housing":0.2331431080886421,"infra":0.9343762183235866,"transport":0.54793,"work":0.05708848715509039,"green":0.56408,"commerce":0.5597569329275139},"indicators":[{"label":"Жильё: плотность","value":114.633},{"label":"Жильё: обеспеченность","value":33.627},{"label":"Жильё: износ","value":39.526},{"label":"Жильё: этажность","value":5.8},{"label":"Инфраструктура: разнообразие","value":0.8194444444444443},{"label":"Инфраструктура: полнота корзины","value":100},{"label":"Транспорт: доступность","value":54.793},{"label":"Рабочие места: обеспеченность","value":0.05708848715509039},{"label":"Рабочие места: плотность","value":0.0006940429645486529},{"label":"Зеленые зоны: доступность","value":56.408},{"label":"Коммерция: активность ФНС","value":7.552},{"label":"Коммерция: ККТ","value":25.061},{"label":"Коммерция: медианный чек","value":187.087}]},"geometry":{"type":"Polygon","coordinates":[[[36.067013,52.950986],[36.069883,52.951323],[36.069282,52.953326],[36.063479,52.952683],[36.063565,52.952321],[36.063547,52.952207],[36.063105,52.950884],[36.063011,52.950673],[36.062949,52.950582],[36.062848,52.950487],[36.062457,52.950236],[36.062275,52.950161],[36.062023,52.950092],[36.061808,52.950074],[36.061618,52.950069],[36.061423,52.95002],[36.061269,52.949734],[36.060832,52.949069],[36.060849,52.949014],[36.060919,52.948972],[36.061514,52.948898],[36.061514,52.948898],[36.061515,52.948898],[36.062223,52.948804],[36.062223,52.948804],[36.062223,52.948804],[36.062647,52.948748],[36.064275,52.948538],[36.064465,52.948514],[36.064465,52.948514],[36.064465,52.948514],[36.065758,52.948347],[36.065939,52.948757],[36.065939,52.948757],[36.065939,52.948757],[36.066084,52.94908],[36.066287,52.949542],[36.066287,52.949542],[36.066287,52.949542],[36.06649,52.950003],[36.06649,52.950003],[36.06649,52.950003],[36.066524,52.95008],[36.066524,52.95008],[36.066524,52.95008],[36.066838,52.950789],[36.06684,52.950792],[36.066842,52.950796],[36.066879,52.950844],[36.066887,52.950861],[36.066909,52.950882],[36.066952,52.950939],[36.066959,52.950945],[36.066965,52.950951],[36.066965,52.950951],[36.066965,52.950951],[36.066974,52.950955],[36.066983,52.95096],[36.066983,52.95096],[36.066984,52.95096],[36.066988,52.950961],[36.067013,52.950986]]]}},{"type":"Feature","id":"482","properties":{"id":"482","city":"orel","baseScore":51.60012108565015,"baseScoreNoCommerce":57.887307066899574,"baseRank":116,"population":762.1108608540651,"blocks":{"housing":0.24524254632743464,"infra":0.6491228070175438,"transport":1,"work":0,"green":1,"commerce":0.20164191179403032},"indicators":[{"label":"Жильё: плотность","value":136.115},{"label":"Жильё: обеспеченность","value":34.456},{"label":"Жильё: износ","value":41.017},{"label":"Жильё: этажность","value":9},{"label":"Инфраструктура: разнообразие","value":0},{"label":"Инфраструктура: полнота корзины","value":100},{"label":"Транспорт: доступность","value":100},{"label":"Зеленые зоны: доступность","value":100},{"label":"Коммерция: активность ФНС","value":7.841},{"label":"Коммерция: ККТ","value":0.579},{"label":"Коммерция: медианный чек","value":0}]},"geometry":{"type":"Polygon","coordinates":[[[36.075802,52.958251],[36.075565,52.958278],[36.075561,52.958277],[36.075839,52.957855],[36.076003,52.957609],[36.076003,52.957608],[36.076606,52.95661],[36.076606,52.95661],[36.076606,52.956609],[36.07661,52.956603],[36.077025,52.956651],[36.077234,52.956682],[36.078383,52.95684],[36.078659,52.956876],[36.078781,52.956879],[36.079346,52.95698],[36.079879,52.957063],[36.080914,52.957299],[36.081135,52.957359],[36.079962,52.958193],[36.079432,52.958533],[36.078663,52.95888],[36.078581,52.958724],[36.078268,52.958656],[36.075802,52.958251]]]}},{"type":"Feature","id":"483","properties":{"id":"483","city":"orel","baseScore":51.60012108565015,"baseScoreNoCommerce":57.887307066899574,"baseRank":116,"population":1132.52216723584,"blocks":{"housing":0.24524254632743464,"infra":0.6491228070175438,"transport":1,"work":0,"green":1,"commerce":0.20164191179403032},"indicators":[{"label":"Жильё: плотность","value":136.115},{"label":"Жильё: обеспеченность","value":34.456},{"label":"Жильё: износ","value":41.017},{"label":"Жильё: этажность","value":9},{"label":"Инфраструктура: разнообразие","value":0},{"label":"Инфраструктура: полнота корзины","value":100},{"label":"Транспорт: доступность","value":100},{"label":"Зеленые зоны: доступность","value":100},{"label":"Коммерция: активность ФНС","value":7.841},{"label":"Коммерция: ККТ","value":0.579},{"label":"Коммерция: медианный чек","value":0}]},"geometry":{"type":"Polygon","coordinates":[[[36.077025,52.956651],[36.07661,52.956603],[36.076684,52.956472],[36.076684,52.956472],[36.076684,52.956472],[36.07702,52.955877],[36.077246,52.955478],[36.077246,52.955478],[36.077246,52.955478],[36.077705,52.954666],[36.077806,52.954487],[36.077807,52.954486],[36.077954,52.954514],[36.078148,52.954556],[36.080139,52.955033],[36.083537,52.955879],[36.082938,52.95624],[36.081669,52.957005],[36.081135,52.957359],[36.080914,52.957299],[36.079879,52.957063],[36.079346,52.95698],[36.078781,52.956879],[36.078659,52.956876],[36.077025,52.956651]]]}},{"type":"Feature","id":"484","properties":{"id":"484","city":"orel","baseScore":51.60012108565015,"baseScoreNoCommerce":57.887307066899574,"baseRank":116,"population":594.329374666333,"blocks":{"housing":0.24524254632743464,"infra":0.6491228070175438,"transport":1,"work":0,"green":1,"commerce":0.20164191179403032},"indicators":[{"label":"Жильё: плотность","value":136.115},{"label":"Жильё: обеспеченность","value":34.456},{"label":"Жильё: износ","value":41.017},{"label":"Жильё: этажность","value":9},{"label":"Инфраструктура: разнообразие","value":0},{"label":"Инфраструктура: полнота корзины","value":100},{"label":"Транспорт: доступность","value":100},{"label":"Зеленые зоны: доступность","value":100},{"label":"Коммерция: активность ФНС","value":7.841},{"label":"Коммерция: ККТ","value":0.579},{"label":"Коммерция: медианный чек","value":0}]},"geometry":{"type":"Polygon","coordinates":[[[36.078148,52.954556],[36.077807,52.954487],[36.077807,52.954485],[36.077808,52.954484],[36.077809,52.954479],[36.07781,52.954473],[36.07781,52.954472],[36.07781,52.95447],[36.077809,52.954465],[36.077807,52.954459],[36.077806,52.954458],[36.077806,52.954456],[36.077801,52.954452],[36.077797,52.954446],[36.077795,52.954445],[36.077794,52.954444],[36.077787,52.95444],[36.077781,52.954436],[36.077779,52.954436],[36.077777,52.954435],[36.077768,52.954432],[36.07776,52.95443],[36.07776,52.95443],[36.078268,52.953526],[36.078445,52.953421],[36.078486,52.953374],[36.078604,52.953161],[36.07868,52.953123],[36.078912,52.953143],[36.079907,52.953788],[36.07997,52.953853],[36.080068,52.953909],[36.080398,52.953995],[36.080925,52.954132],[36.081049,52.954129],[36.082435,52.954804],[36.08192,52.955477],[36.080139,52.955033],[36.078148,52.954556]]]}},{"type":"Feature","id":"485","properties":{"id":"485","city":"orel","baseScore":76.09771883610814,"baseScoreNoCommerce":74.5189630384402,"baseRank":6,"population":335.071623499292,"blocks":{"housing":0.6766045044770973,"infra":0.8425925925925926,"transport":1,"work":0.20675105485232068,"green":1,"commerce":0.8399149782444779},"indicators":[{"label":"Жильё: плотность","value":32.673},{"label":"Жильё: обеспеченность","value":55.902},{"label":"Жильё: износ","value":36.505},{"label":"Жильё: этажность","value":4.5},{"label":"Инфраструктура: разнообразие","value":0.5277777777777778},{"label":"Инфраструктура: полнота корзины","value":100},{"label":"Транспорт: доступность","value":100},{"label":"Рабочие места: обеспеченность","value":0.20675105485232068},{"label":"Рабочие места: плотность","value":0.0008515754424351612},{"label":"Зеленые зоны: доступность","value":100},{"label":"Коммерция: активность ФНС","value":9.475},{"label":"Коммерция: ККТ","value":57.754},{"label":"Коммерция: медианный чек","value":269.814}]},"geometry":{"type":"Polygon","coordinates":[[[36.063027,52.954127],[36.063027,52.954127],[36.062892,52.953892],[36.062892,52.953891],[36.062892,52.953891],[36.062557,52.953337],[36.062488,52.953201],[36.062362,52.952892],[36.06241,52.952887],[36.06241,52.952887],[36.06241,52.952887],[36.063146,52.952802],[36.063353,52.952786],[36.063511,52.952791],[36.064962,52.952946],[36.066134,52.953085],[36.066662,52.953147],[36.066851,52.953169],[36.066851,52.953169],[36.066851,52.953169],[36.067794,52.953281],[36.067794,52.953281],[36.067794,52.953281],[36.067848,52.953287],[36.067848,52.953287],[36.067848,52.953287],[36.068478,52.953357],[36.069076,52.953431],[36.069324,52.953462],[36.069299,52.953561],[36.069299,52.953561],[36.069299,52.953561],[36.069195,52.953975],[36.06907,52.95447],[36.06907,52.95447],[36.06907,52.95447],[36.068807,52.955518],[36.068742,52.95551],[36.068742,52.95551],[36.068742,52.95551],[36.067081,52.955284],[36.067081,52.955284],[36.067081,52.955284],[36.065603,52.955084],[36.065547,52.955076],[36.065547,52.955076],[36.065547,52.955076],[36.064815,52.954977],[36.064815,52.954977],[36.064815,52.954977],[36.064604,52.954948],[36.063463,52.954794],[36.06346,52.954794],[36.063456,52.954793],[36.063403,52.954789],[36.063027,52.954128],[36.063027,52.954127]]]}},{"type":"Feature","id":"498","properties":{"id":"498","city":"orel","baseScore":69.04002002166453,"baseScoreNoCommerce":63.35642702623574,"baseRank":24,"population":254.03773942642823,"blocks":{"housing":0.36316419314920484,"infra":0.7741228070175438,"transport":1,"work":0.030534351145038167,"green":1,"commerce":0.9745798499880844},"indicators":[{"label":"Жильё: плотность","value":74.517},{"label":"Жильё: обеспеченность","value":31.797},{"label":"Жильё: износ","value":20.779},{"label":"Жильё: этажность","value":5.333333},{"label":"Инфраструктура: разнообразие","value":0.375},{"label":"Инфраструктура: полнота корзины","value":100},{"label":"Транспорт: доступность","value":100},{"label":"Рабочие места: обеспеченность","value":0.030534351145038167},{"label":"Рабочие места: плотность","value":0.00023470037423334764},{"label":"Зеленые зоны: доступность","value":100},{"label":"Коммерция: активность ФНС","value":9.756},{"label":"Коммерция: ККТ","value":77.981},{"label":"Коммерция: медианный чек","value":459.863}]},"geometry":{"type":"Polygon","coordinates":[[[36.064041,52.960726],[36.065199,52.960365],[36.065584,52.960245],[36.065584,52.960245],[36.065584,52.960245],[36.066073,52.960092],[36.066075,52.960091],[36.066077,52.960091],[36.066101,52.960082],[36.06616,52.960189],[36.066338,52.960508],[36.06714,52.961981],[36.06714,52.961981],[36.06714,52.961982],[36.067166,52.962029],[36.067061,52.962057],[36.067061,52.962057],[36.067061,52.962057],[36.066898,52.9621],[36.066898,52.9621],[36.066898,52.9621],[36.066131,52.962305],[36.065861,52.962378],[36.06586,52.962378],[36.065809,52.962392],[36.065806,52.962393],[36.065779,52.962401],[36.065698,52.96234],[36.065295,52.962002],[36.06508,52.961821],[36.06508,52.961821],[36.065079,52.96182],[36.06402,52.960985],[36.063848,52.96082],[36.063829,52.960793],[36.063862,52.960784],[36.063866,52.960783],[36.064041,52.960726]]]}},{"type":"Feature","id":"499","properties":{"id":"499","city":"orel","baseScore":69.04002002166453,"baseScoreNoCommerce":63.35642702623574,"baseRank":24,"population":86.98126902282714,"blocks":{"housing":0.36316419314920484,"infra":0.7741228070175438,"transport":1,"work":0.030534351145038167,"green":1,"commerce":0.9745798499880844},"indicators":[{"label":"Жильё: плотность","value":74.517},{"label":"Жильё: обеспеченность","value":31.797},{"label":"Жильё: износ","value":20.779},{"label":"Жильё: этажность","value":5.333333},{"label":"Инфраструктура: разнообразие","value":0.375},{"label":"Инфраструктура: полнота корзины","value":100},{"label":"Транспорт: доступность","value":100},{"label":"Рабочие места: обеспеченность","value":0.030534351145038167},{"label":"Рабочие места: плотность","value":0.00023470037423334764},{"label":"Зеленые зоны: доступность","value":100},{"label":"Коммерция: активность ФНС","value":9.756},{"label":"Коммерция: ККТ","value":77.981},{"label":"Коммерция: медианный чек","value":459.863}]},"geometry":{"type":"Polygon","coordinates":[[[36.063046,52.961667],[36.062543,52.961605],[36.062543,52.961597],[36.062543,52.961597],[36.062543,52.961597],[36.062558,52.96137],[36.062556,52.961359],[36.062542,52.961318],[36.062536,52.961307],[36.062507,52.961271],[36.062495,52.96126],[36.06247,52.961243],[36.062619,52.961174],[36.063174,52.960982],[36.063684,52.960836],[36.063685,52.960836],[36.063686,52.960836],[36.063695,52.960833],[36.063714,52.960859],[36.063717,52.960862],[36.063719,52.960865],[36.063897,52.961034],[36.0639,52.961038],[36.064959,52.961874],[36.064894,52.961901],[36.064296,52.961824],[36.063172,52.961661],[36.063046,52.961667]]]}},{"type":"Feature","id":"500","properties":{"id":"500","city":"orel","baseScore":69.04002002166453,"baseScoreNoCommerce":63.35642702623574,"baseRank":24,"population":309.03519957011713,"blocks":{"housing":0.36316419314920484,"infra":0.7741228070175438,"transport":1,"work":0.030534351145038167,"green":1,"commerce":0.9745798499880844},"indicators":[{"label":"Жильё: плотность","value":74.517},{"label":"Жильё: обеспеченность","value":31.797},{"label":"Жильё: износ","value":20.779},{"label":"Жильё: этажность","value":5.333333},{"label":"Инфраструктура: разнообразие","value":0.375},{"label":"Инфраструктура: полнота корзины","value":100},{"label":"Транспорт: доступность","value":100},{"label":"Рабочие места: обеспеченность","value":0.030534351145038167},{"label":"Рабочие места: плотность","value":0.00023470037423334764},{"label":"Зеленые зоны: доступность","value":100},{"label":"Коммерция: активность ФНС","value":9.756},{"label":"Коммерция: ККТ","value":77.981},{"label":"Коммерция: медианный чек","value":459.863}]},"geometry":{"type":"Polygon","coordinates":[[[36.061048,52.960482],[36.059665,52.959797],[36.05945,52.959684],[36.059463,52.959674],[36.059463,52.959674],[36.059463,52.959674],[36.059966,52.95927],[36.059966,52.95927],[36.059966,52.95927],[36.060083,52.959176],[36.06051,52.958833],[36.06051,52.958833],[36.06051,52.958833],[36.060611,52.958752],[36.061008,52.958434],[36.061008,52.958434],[36.061008,52.958434],[36.061032,52.958414],[36.061059,52.958439],[36.061059,52.958439],[36.061059,52.958439],[36.061395,52.958746],[36.061573,52.958909],[36.061573,52.958909],[36.061573,52.958909],[36.061616,52.958948],[36.06191,52.959215],[36.061911,52.959215],[36.061911,52.959215],[36.062596,52.959835],[36.063161,52.96035],[36.063223,52.96041],[36.063224,52.96041],[36.063224,52.960411],[36.063554,52.960703],[36.063556,52.960704],[36.063556,52.960705],[36.063619,52.960755],[36.063108,52.960901],[36.063102,52.960903],[36.062541,52.961097],[36.062533,52.9611],[36.062364,52.961179],[36.061869,52.960907],[36.061755,52.960833],[36.061751,52.960831],[36.061748,52.960829],[36.061048,52.960482]]]}},{"type":"Feature","id":"501","properties":{"id":"501","city":"orel","baseScore":69.04002002166453,"baseScoreNoCommerce":63.35642702623574,"baseRank":24,"population":640.3008205195679,"blocks":{"housing":0.36316419314920484,"infra":0.7741228070175438,"transport":1,"work":0.030534351145038167,"green":1,"commerce":0.9745798499880844},"indicators":[{"label":"Жильё: плотность","value":74.517},{"label":"Жильё: обеспеченность","value":31.797},{"label":"Жильё: износ","value":20.779},{"label":"Жильё: этажность","value":5.333333},{"label":"Инфраструктура: разнообразие","value":0.375},{"label":"Инфраструктура: полнота корзины","value":100},{"label":"Транспорт: доступность","value":100},{"label":"Рабочие места: обеспеченность","value":0.030534351145038167},{"label":"Рабочие места: плотность","value":0.00023470037423334764},{"label":"Зеленые зоны: доступность","value":100},{"label":"Коммерция: активность ФНС","value":9.756},{"label":"Коммерция: ККТ","value":77.981},{"label":"Коммерция: медианный чек","value":459.863}]},"geometry":{"type":"Polygon","coordinates":[[[36.061184,52.958389],[36.06113,52.95834],[36.061152,52.958326],[36.061212,52.958286],[36.06167,52.957995],[36.062622,52.957406],[36.06405,52.956545],[36.064105,52.956511],[36.064166,52.956619],[36.065121,52.958323],[36.065315,52.958671],[36.065315,52.958671],[36.065315,52.958671],[36.06551,52.959017],[36.06576,52.959465],[36.065826,52.959582],[36.066053,52.959995],[36.066004,52.960013],[36.065515,52.960165],[36.065131,52.960285],[36.065131,52.960285],[36.065131,52.960285],[36.063972,52.960646],[36.063972,52.960647],[36.063971,52.960647],[36.063797,52.960703],[36.063755,52.960715],[36.063676,52.960652],[36.063348,52.960361],[36.063287,52.960302],[36.063286,52.960302],[36.063286,52.960301],[36.06272,52.959785],[36.06272,52.959785],[36.06272,52.959785],[36.062034,52.959165],[36.06174,52.958898],[36.06174,52.958898],[36.06174,52.958898],[36.061697,52.958859],[36.061519,52.958696],[36.061519,52.958696],[36.061519,52.958696],[36.061184,52.958389]]]}},{"type":"Feature","id":"502","properties":{"id":"502","city":"orel","baseScore":59.9390224639902,"baseScoreNoCommerce":55.81990200659908,"baseRank":68,"population":218.97257342545163,"blocks":{"housing":0.7506197363452793,"infra":0.73,"transport":1,"work":0.12260536398467432,"green":0.18777,"commerce":0.805346247509458},"indicators":[{"label":"Жильё: плотность","value":55.227},{"label":"Жильё: обеспеченность","value":38.605},{"label":"Жильё: износ","value":4.614},{"label":"Жильё: этажность","value":2.5},{"label":"Инфраструктура: разнообразие","value":0.25},{"label":"Инфраструктура: полнота корзины","value":100},{"label":"Транспорт: доступность","value":100},{"label":"Рабочие места: обеспеченность","value":0.12260536398467432},{"label":"Рабочие места: плотность","value":0.000771729695249058},{"label":"Зеленые зоны: доступность","value":18.777},{"label":"Коммерция: активность ФНС","value":8.663},{"label":"Коммерция: ККТ","value":21.402},{"label":"Коммерция: медианный чек","value":242.22}]},"geometry":{"type":"Polygon","coordinates":[[[36.060117,52.957592],[36.060842,52.958242],[36.060842,52.958242],[36.060842,52.958242],[36.060945,52.958335],[36.060889,52.95838],[36.060492,52.958698],[36.060492,52.958698],[36.060492,52.958698],[36.060392,52.958779],[36.059964,52.959122],[36.059964,52.959122],[36.059964,52.959122],[36.059847,52.959216],[36.059344,52.95962],[36.059337,52.959625],[36.05909,52.9595],[36.059088,52.959499],[36.057238,52.95862],[36.059488,52.957062],[36.059525,52.957037],[36.059576,52.957085],[36.059984,52.957472],[36.059984,52.957472],[36.059985,52.957473],[36.060117,52.957592]]]}},{"type":"Feature","id":"503","properties":{"id":"503","city":"orel","baseScore":59.9390224639902,"baseScoreNoCommerce":55.81990200659908,"baseRank":68,"population":312.55356200339355,"blocks":{"housing":0.7506197363452793,"infra":0.73,"transport":1,"work":0.12260536398467432,"green":0.18777,"commerce":0.805346247509458},"indicators":[{"label":"Жильё: плотность","value":55.227},{"label":"Жильё: обеспеченность","value":38.605},{"label":"Жильё: износ","value":4.614},{"label":"Жильё: этажность","value":2.5},{"label":"Инфраструктура: разнообразие","value":0.25},{"label":"Инфраструктура: полнота корзины","value":100},{"label":"Транспорт: доступность","value":100},{"label":"Рабочие места: обеспеченность","value":0.12260536398467432},{"label":"Рабочие места: плотность","value":0.000771729695249058},{"label":"Зеленые зоны: доступность","value":18.777},{"label":"Коммерция: активность ФНС","value":8.663},{"label":"Коммерция: ККТ","value":21.402},{"label":"Коммерция: медианный чек","value":242.22}]},"geometry":{"type":"Polygon","coordinates":[[[36.061103,52.958225],[36.061103,52.958225],[36.061102,52.958225],[36.061045,52.958263],[36.060965,52.958192],[36.06024,52.957541],[36.06024,52.957541],[36.06024,52.957541],[36.060109,52.957423],[36.059701,52.957037],[36.059701,52.957037],[36.059701,52.957037],[36.059629,52.956969],[36.059703,52.956925],[36.060833,52.956261],[36.060833,52.95626],[36.060833,52.95626],[36.060887,52.956228],[36.061112,52.956094],[36.061113,52.956094],[36.061113,52.956094],[36.062151,52.955468],[36.062203,52.955436],[36.062203,52.955436],[36.062203,52.955436],[36.062257,52.955404],[36.063085,52.954908],[36.063162,52.954886],[36.063188,52.954883],[36.063279,52.955052],[36.063279,52.955052],[36.063279,52.955052],[36.063583,52.95559],[36.063995,52.956317],[36.063995,52.956317],[36.063995,52.956317],[36.064052,52.956417],[36.063945,52.956481],[36.063945,52.956481],[36.063945,52.956481],[36.062517,52.957343],[36.062517,52.957343],[36.062516,52.957343],[36.061563,52.957932],[36.061563,52.957933],[36.061563,52.957933],[36.061103,52.958225]]]}},{"type":"Feature","id":"504","properties":{"id":"504","city":"orel","baseScore":45.606964230258555,"baseScoreNoCommerce":47.43164937050814,"baseRank":151,"population":203.50093201721194,"blocks":{"housing":0.5524527327401607,"infra":0.6435087719298246,"transport":1,"work":0.060240963855421686,"green":0.11538,"commerce":0.36483538529010645},"indicators":[{"label":"Жильё: плотность","value":19.675},{"label":"Жильё: обеспеченность","value":44.858},{"label":"Жильё: износ","value":44.402},{"label":"Жильё: этажность","value":2},{"label":"Инфраструктура: разнообразие","value":0},{"label":"Инфраструктура: полнота корзины","value":100},{"label":"Транспорт: доступность","value":100},{"label":"Рабочие места: обеспеченность","value":0.060240963855421686},{"label":"Рабочие места: плотность","value":0.000126124723664525},{"label":"Зеленые зоны: доступность","value":11.538},{"label":"Коммерция: активность ФНС","value":6.54},{"label":"Коммерция: ККТ","value":6.82},{"label":"Коммерция: медианный чек","value":0}]},"geometry":{"type":"Polygon","coordinates":[[[36.061008,52.95603],[36.060782,52.956164],[36.060782,52.956164],[36.060782,52.956164],[36.060728,52.956197],[36.059599,52.956861],[36.059599,52.956861],[36.059599,52.956861],[36.059545,52.956892],[36.059537,52.956886],[36.058519,52.955982],[36.057272,52.954856],[36.057272,52.954856],[36.057272,52.954856],[36.057002,52.954611],[36.057002,52.954611],[36.057002,52.954611],[36.056975,52.954587],[36.057002,52.954577],[36.057561,52.954349],[36.057659,52.954309],[36.057659,52.954309],[36.057659,52.954309],[36.057806,52.954249],[36.057991,52.954176],[36.058589,52.953941],[36.059113,52.953737],[36.059658,52.953526],[36.059658,52.953526],[36.059658,52.953526],[36.059801,52.953471],[36.060871,52.953072],[36.06105,52.953005],[36.061231,52.95303],[36.06169,52.953095],[36.06203,52.953147],[36.062125,52.953166],[36.062192,52.953193],[36.062214,52.95321],[36.062219,52.953215],[36.062237,52.953233],[36.062241,52.953243],[36.062242,52.953245],[36.062243,52.953248],[36.062317,52.95339],[36.062318,52.953391],[36.062318,52.953392],[36.062548,52.953767],[36.06314,52.954797],[36.063122,52.9548],[36.063114,52.954801],[36.063107,52.954803],[36.06301,52.954829],[36.063009,52.95483],[36.063008,52.95483],[36.063,52.954834],[36.062991,52.954837],[36.06299,52.954838],[36.062989,52.954838],[36.062152,52.95534],[36.062152,52.95534],[36.062152,52.95534],[36.062098,52.955373],[36.062046,52.955404],[36.062046,52.955404],[36.062045,52.955404],[36.061008,52.95603]]]}},{"type":"Feature","id":"505","properties":{"id":"505","city":"orel","baseScore":59.8441054551112,"baseScoreNoCommerce":56.85290390493458,"baseRank":70,"population":596.574080669458,"blocks":{"housing":0.3846433844658683,"infra":0.8428362573099415,"transport":1,"work":0.016885553470919325,"green":0.59828,"commerce":0.7480011320599427},"indicators":[{"label":"Жильё: плотность","value":101.339},{"label":"Жильё: обеспеченность","value":39.244},{"label":"Жильё: износ","value":42.773},{"label":"Жильё: этажность","value":5.214286},{"label":"Инфраструктура: разнообразие","value":0.5416666666666666},{"label":"Инфраструктура: полнота корзины","value":100},{"label":"Транспорт: доступность","value":100},{"label":"Рабочие места: обеспеченность","value":0.016885553470919325},{"label":"Рабочие места: плотность","value":0.00017405604478063432},{"label":"Зеленые зоны: доступность","value":59.828},{"label":"Коммерция: активность ФНС","value":8.85},{"label":"Коммерция: ККТ","value":52.663},{"label":"Коммерция: медианный чек","value":243.101}]},"geometry":{"type":"Polygon","coordinates":[[[36.057723,52.954174],[36.057576,52.954234],[36.057478,52.954274],[36.057478,52.954274],[36.057478,52.954274],[36.056918,52.954502],[36.056891,52.954513],[36.055609,52.953397],[36.055642,52.953374],[36.05569,52.953342],[36.05569,52.953341],[36.05569,52.953341],[36.056345,52.952893],[36.056345,52.952893],[36.056345,52.952893],[36.056558,52.952747],[36.056807,52.952581],[36.056807,52.952581],[36.056807,52.952581],[36.056899,52.952519],[36.057286,52.952336],[36.057873,52.952254],[36.059281,52.952055],[36.05942,52.952036],[36.060126,52.951939],[36.060127,52.951939],[36.060128,52.951939],[36.060198,52.951928],[36.060219,52.952012],[36.06022,52.952014],[36.06022,52.952016],[36.060342,52.952332],[36.060344,52.952336],[36.060404,52.952446],[36.060406,52.952449],[36.060408,52.952451],[36.060635,52.952746],[36.060639,52.952751],[36.060804,52.952913],[36.060818,52.952924],[36.060888,52.95296],[36.060793,52.952995],[36.060793,52.952995],[36.060793,52.952995],[36.059722,52.953394],[36.059722,52.953395],[36.059721,52.953395],[36.059578,52.95345],[36.059032,52.953662],[36.059032,52.953662],[36.059032,52.953662],[36.058508,52.953865],[36.058508,52.953865],[36.058507,52.953865],[36.05791,52.954101],[36.05791,52.954101],[36.05791,52.954101],[36.057724,52.954174],[36.057723,52.954174]]]}},{"type":"Feature","id":"527","properties":{"id":"527","city":"orel","baseScore":45.606964230258555,"baseScoreNoCommerce":47.43164937050814,"baseRank":151,"population":280.7123393380738,"blocks":{"housing":0.5524527327401607,"infra":0.6435087719298246,"transport":1,"work":0.060240963855421686,"green":0.11538,"commerce":0.36483538529010645},"indicators":[{"label":"Жильё: плотность","value":19.675},{"label":"Жильё: обеспеченность","value":44.858},{"label":"Жильё: износ","value":44.402},{"label":"Жильё: этажность","value":2},{"label":"Инфраструктура: разнообразие","value":0},{"label":"Инфраструктура: полнота корзины","value":100},{"label":"Транспорт: доступность","value":100},{"label":"Рабочие места: обеспеченность","value":0.060240963855421686},{"label":"Рабочие места: плотность","value":0.000126124723664525},{"label":"Зеленые зоны: доступность","value":11.538},{"label":"Коммерция: активность ФНС","value":6.54},{"label":"Коммерция: ККТ","value":6.82},{"label":"Коммерция: медианный чек","value":0}]},"geometry":{"type":"Polygon","coordinates":[[[36.054901,52.957428],[36.0549,52.957427],[36.053198,52.956577],[36.053198,52.956577],[36.053198,52.956577],[36.052126,52.956044],[36.052076,52.956019],[36.054893,52.953909],[36.05549,52.953484],[36.05549,52.953483],[36.05549,52.953483],[36.05551,52.953469],[36.05681,52.954601],[36.056879,52.954661],[36.057149,52.954906],[36.058395,52.956032],[36.058395,52.956032],[36.058396,52.956033],[36.059415,52.956936],[36.05944,52.956959],[36.059376,52.957003],[36.059376,52.957003],[36.059376,52.957003],[36.057122,52.958564],[36.055968,52.957996],[36.054902,52.957428],[36.054901,52.957428]]]}},{"type":"Feature","id":"533","properties":{"id":"533","city":"orel","baseScore":43.458238043603274,"baseScoreNoCommerce":41.402927203797425,"baseRank":175,"population":74.00812453026123,"blocks":{"housing":0.5127312724705732,"infra":0.6790350877192982,"transport":0.87838,"work":0,"green":0,"commerce":0.5373479224263251},"indicators":[{"label":"Жильё: плотность","value":7.053},{"label":"Жильё: обеспеченность","value":38.78},{"label":"Инфраструктура: разнообразие","value":0.125},{"label":"Инфраструктура: полнота корзины","value":100},{"label":"Транспорт: доступность","value":87.838},{"label":"Коммерция: активность ФНС","value":6.361},{"label":"Коммерция: ККТ","value":17.589},{"label":"Коммерция: медианный чек","value":57.832}]},"geometry":{"type":"Polygon","coordinates":[[[36.049811,52.950589],[36.049954,52.950677],[36.049952,52.950678],[36.049944,52.950684],[36.049944,52.950684],[36.049944,52.950684],[36.04979,52.950821],[36.049603,52.950987],[36.046548,52.953305],[36.046428,52.953247],[36.046428,52.953247],[36.046428,52.953247],[36.045449,52.952771],[36.044829,52.952466],[36.044829,52.952466],[36.044828,52.952466],[36.043049,52.951605],[36.043354,52.951351],[36.043531,52.951216],[36.044347,52.950618],[36.044347,52.950618],[36.044347,52.950618],[36.045713,52.949611],[36.045714,52.94961],[36.045715,52.949609],[36.045716,52.949609],[36.045856,52.949669],[36.046866,52.94982],[36.047245,52.949937],[36.04776,52.950024],[36.047846,52.95005],[36.047918,52.950082],[36.048515,52.950353],[36.048582,52.950379],[36.048643,52.950396],[36.048741,52.950419],[36.048835,52.950431],[36.048883,52.950434],[36.048909,52.950436],[36.048957,52.950439],[36.049179,52.950462],[36.04932,52.950486],[36.049681,52.950545],[36.049757,52.950563],[36.049811,52.950589]]]}},{"type":"Feature","id":"541","properties":{"id":"541","city":"orel","baseScore":37.40939355054692,"baseScoreNoCommerce":38.69276327296418,"baseRank":213,"population":289.05175351263426,"blocks":{"housing":0.2774928460162297,"infra":0.6468713450292397,"transport":1,"work":0.010273972602739725,"green":0,"commerce":0.30992544938460653},"indicators":[{"label":"Жильё: плотность","value":40.755},{"label":"Жильё: обеспеченность","value":38.191},{"label":"Жильё: износ","value":49.93},{"label":"Жильё: этажность","value":2.285714},{"label":"Инфраструктура: разнообразие","value":0.041666666666666664},{"label":"Инфраструктура: полнота корзины","value":100},{"label":"Транспорт: доступность","value":100},{"label":"Рабочие места: обеспеченность","value":0.010273972602739725},{"label":"Рабочие места: плотность","value":0.00004230596183681745},{"label":"Коммерция: активность ФНС","value":4.868},{"label":"Коммерция: ККТ","value":8.579},{"label":"Коммерция: медианный чек","value":0}]},"geometry":{"type":"Polygon","coordinates":[[[36.040302,52.946414],[36.04043,52.94646],[36.039761,52.94693],[36.039761,52.94693],[36.03976,52.946931],[36.039226,52.94732],[36.039075,52.947427],[36.039075,52.947427],[36.039075,52.947427],[36.03859,52.947772],[36.03859,52.947772],[36.03859,52.947772],[36.037864,52.948288],[36.037864,52.948288],[36.037864,52.948288],[36.03736,52.948646],[36.037324,52.948672],[36.037237,52.948723],[36.03586,52.948053],[36.03586,52.948053],[36.03586,52.948053],[36.035062,52.947665],[36.03372,52.947012],[36.03367,52.946872],[36.033672,52.946824],[36.033685,52.946767],[36.033713,52.946727],[36.033759,52.946684],[36.034012,52.946567],[36.035672,52.946499],[36.037919,52.946409],[36.03792,52.946409],[36.03792,52.946409],[36.038515,52.946378],[36.038516,52.946378],[36.039045,52.946344],[36.03905,52.946343],[36.039533,52.946291],[36.03954,52.94629],[36.039978,52.946215],[36.039982,52.946214],[36.04001,52.946208],[36.040302,52.946414]]]}},{"type":"Feature","id":"542","properties":{"id":"542","city":"orel","baseScore":37.40939355054692,"baseScoreNoCommerce":38.69276327296418,"baseRank":213,"population":168.56545106140138,"blocks":{"housing":0.2774928460162297,"infra":0.6468713450292397,"transport":1,"work":0.010273972602739725,"green":0,"commerce":0.30992544938460653},"indicators":[{"label":"Жильё: плотность","value":40.755},{"label":"Жильё: обеспеченность","value":38.191},{"label":"Жильё: износ","value":49.93},{"label":"Жильё: этажность","value":2.285714},{"label":"Инфраструктура: разнообразие","value":0.041666666666666664},{"label":"Инфраструктура: полнота корзины","value":100},{"label":"Транспорт: доступность","value":100},{"label":"Рабочие места: обеспеченность","value":0.010273972602739725},{"label":"Рабочие места: плотность","value":0.00004230596183681745},{"label":"Коммерция: активность ФНС","value":4.868},{"label":"Коммерция: ККТ","value":8.579},{"label":"Коммерция: медианный чек","value":0}]},"geometry":{"type":"Polygon","coordinates":[[[36.033892,52.948903],[36.033892,52.948903],[36.033892,52.948903],[36.033864,52.948733],[36.03373,52.94781],[36.034711,52.94776],[36.034992,52.947746],[36.035767,52.948123],[36.037138,52.94879],[36.037044,52.948863],[36.037044,52.948863],[36.037044,52.948863],[36.036904,52.948973],[36.036747,52.949097],[36.036526,52.949271],[36.035906,52.949729],[36.03533,52.950155],[36.033987,52.949486],[36.033892,52.948903]]]}},{"type":"Feature","id":"564","properties":{"id":"564","city":"orel","baseScore":11.256077894433469,"baseScoreNoCommerce":13.507293473320164,"baseRank":342,"population":220.03993077346195,"blocks":{"housing":0.41938502454320115,"infra":0.255979649122807,"transport":0,"work":0,"green":0,"commerce":0},"indicators":[{"label":"Жильё: плотность","value":25.166},{"label":"Жильё: обеспеченность","value":43.745},{"label":"Жильё: износ","value":72},{"label":"Жильё: этажность","value":2},{"label":"Инфраструктура: разнообразие","value":0},{"label":"Инфраструктура: полнота корзины","value":8.636}]},"geometry":{"type":"Polygon","coordinates":[[[36.055536,52.959674],[36.05524,52.959866],[36.053943,52.960687],[36.053943,52.960687],[36.053943,52.960687],[36.053388,52.961042],[36.049183,52.95971],[36.049183,52.95971],[36.049183,52.95971],[36.047673,52.959231],[36.04938,52.957961],[36.053474,52.9591],[36.055536,52.959674]]]}},{"type":"Feature","id":"565","properties":{"id":"565","city":"orel","baseScore":11.256077894433469,"baseScoreNoCommerce":13.507293473320164,"baseRank":342,"population":231.97172611682132,"blocks":{"housing":0.41938502454320115,"infra":0.255979649122807,"transport":0,"work":0,"green":0,"commerce":0},"indicators":[{"label":"Жильё: плотность","value":25.166},{"label":"Жильё: обеспеченность","value":43.745},{"label":"Жильё: износ","value":72},{"label":"Жильё: этажность","value":2},{"label":"Инфраструктура: разнообразие","value":0},{"label":"Инфраструктура: полнота корзины","value":8.636}]},"geometry":{"type":"Polygon","coordinates":[[[36.057017,52.958637],[36.055642,52.959605],[36.053536,52.959019],[36.053536,52.959019],[36.053536,52.959019],[36.049481,52.95789],[36.050593,52.95713],[36.050594,52.957129],[36.050595,52.957129],[36.051948,52.956115],[36.051948,52.956115],[36.051948,52.956115],[36.051982,52.956089],[36.052031,52.956114],[36.053103,52.956646],[36.054805,52.957496],[36.055871,52.958064],[36.055872,52.958065],[36.055873,52.958065],[36.056676,52.958461],[36.057017,52.958637]]]}},{"type":"Feature","id":"574","properties":{"id":"574","city":"orel","baseScore":32.91675437078979,"baseScoreNoCommerce":36.73082781038589,"baseRank":248,"population":106.01505091608885,"blocks":{"housing":0.871275425607014,"infra":0.2954559649122807,"transport":0,"work":0,"green":0.66981,"commerce":0.13846387172809252},"indicators":[{"label":"Жильё: плотность","value":14.953},{"label":"Жильё: обеспеченность","value":44.24},{"label":"Инфраструктура: разнообразие","value":0},{"label":"Инфраструктура: полнота корзины","value":11.321},{"label":"Зеленые зоны: доступность","value":66.981},{"label":"Коммерция: активность ФНС","value":5},{"label":"Коммерция: ККТ","value":1},{"label":"Коммерция: медианный чек","value":0}]},"geometry":{"type":"Polygon","coordinates":[[[36.056963,52.962081],[36.057159,52.962233],[36.057241,52.96232],[36.057283,52.962384],[36.057288,52.962447],[36.057245,52.962511],[36.056331,52.963101],[36.056331,52.963101],[36.054874,52.964042],[36.051438,52.962462],[36.05342,52.961153],[36.056473,52.962086],[36.056477,52.962087],[36.05657,52.962112],[36.056592,52.962115],[36.056677,52.96212],[36.056703,52.962119],[36.056963,52.962081]]]}},{"type":"Feature","id":"577","properties":{"id":"577","city":"orel","baseScore":32.91675437078979,"baseScoreNoCommerce":36.73082781038589,"baseRank":248,"population":109.92259892081299,"blocks":{"housing":0.871275425607014,"infra":0.2954559649122807,"transport":0,"work":0,"green":0.66981,"commerce":0.13846387172809252},"indicators":[{"label":"Жильё: плотность","value":14.953},{"label":"Жильё: обеспеченность","value":44.24},{"label":"Инфраструктура: разнообразие","value":0},{"label":"Инфраструктура: полнота корзины","value":11.321},{"label":"Зеленые зоны: доступность","value":66.981},{"label":"Коммерция: активность ФНС","value":5},{"label":"Коммерция: ККТ","value":1},{"label":"Коммерция: медианный чек","value":0}]},"geometry":{"type":"Polygon","coordinates":[[[36.049114,52.959789],[36.053284,52.96111],[36.051318,52.962408],[36.046433,52.960251],[36.04684,52.959903],[36.047579,52.959303],[36.049114,52.959789]]]}},{"type":"Feature","id":"655","properties":{"id":"655","city":"orel","baseScore":19.383526004615074,"baseScoreNoCommerce":16.67617766080568,"baseRank":313,"population":1359.2336532104737,"blocks":{"housing":0.5804755497069507,"infra":0.25333333333333335,"transport":0,"work":0,"green":0,"commerce":0.3292026772366202},"indicators":[{"label":"Жильё: плотность","value":164.166},{"label":"Жильё: обеспеченность","value":34.1},{"label":"Жильё: износ","value":6.806},{"label":"Жильё: этажность","value":13.2},{"label":"Инфраструктура: разнообразие","value":0},{"label":"Инфраструктура: полнота корзины","value":0},{"label":"Коммерция: активность ФНС","value":6.834},{"label":"Коммерция: ККТ","value":9.852},{"label":"Коммерция: медианный чек","value":0}]},"geometry":{"type":"Polygon","coordinates":[[[36.03506,52.942606],[36.034653,52.942401],[36.033401,52.941759],[36.0334,52.941759],[36.033399,52.941758],[36.033018,52.941577],[36.032778,52.941456],[36.032778,52.941456],[36.032778,52.941456],[36.032525,52.941328],[36.032373,52.941252],[36.032384,52.941179],[36.032384,52.941179],[36.032384,52.941179],[36.032508,52.940351],[36.032654,52.939377],[36.032654,52.939377],[36.032654,52.939377],[36.032687,52.939155],[36.032754,52.939174],[36.033051,52.939277],[36.033052,52.939277],[36.033623,52.939474],[36.033624,52.939474],[36.034045,52.939616],[36.034081,52.939633],[36.034081,52.939633],[36.034081,52.939633],[36.034607,52.939878],[36.036309,52.940671],[36.036423,52.940724],[36.036635,52.940835],[36.036873,52.94096],[36.037679,52.941383],[36.037679,52.941383],[36.037679,52.941383],[36.03775,52.94142],[36.037668,52.941476],[36.037668,52.941476],[36.037668,52.941476],[36.036987,52.941956],[36.036824,52.94207],[36.036824,52.94207],[36.036824,52.94207],[36.035777,52.942804],[36.035641,52.942899],[36.03562,52.942888],[36.03562,52.942888],[36.035619,52.942888],[36.03506,52.942606]]]}},{"type":"Feature","id":"664","properties":{"id":"664","city":"orel","baseScore":44.38710372919932,"baseScoreNoCommerce":39.98668043346058,"baseRank":160,"population":2811.491268282776,"blocks":{"housing":0.21788844662429632,"infra":0.7497855750487329,"transport":0.77837,"work":0,"green":0.25329,"commerce":0.6638922020789302},"indicators":[{"label":"Жильё: плотность","value":186.103},{"label":"Жильё: обеспеченность","value":32.81},{"label":"Жильё: износ","value":38.385},{"label":"Жильё: этажность","value":9.888889},{"label":"Инфраструктура: разнообразие","value":0.27777777777777773},{"label":"Инфраструктура: полнота корзины","value":100},{"label":"Транспорт: доступность","value":77.837},{"label":"Зеленые зоны: доступность","value":25.329},{"label":"Коммерция: активность ФНС","value":9.309},{"label":"Коммерция: ККТ","value":42.059},{"label":"Коммерция: медианный чек","value":268.349}]},"geometry":{"type":"Polygon","coordinates":[[[36.04039,52.939334],[36.039154,52.940188],[36.038699,52.939946],[36.038,52.939574],[36.038,52.939574],[36.038,52.939574],[36.037433,52.939273],[36.037432,52.939273],[36.037431,52.939272],[36.036381,52.938736],[36.034985,52.93801],[36.034985,52.93801],[36.034984,52.93801],[36.034694,52.93786],[36.034694,52.93786],[36.034694,52.93786],[36.034429,52.937723],[36.034429,52.937723],[36.034429,52.937723],[36.034282,52.937647],[36.034282,52.937647],[36.034282,52.937647],[36.034216,52.937613],[36.034252,52.937585],[36.034252,52.937585],[36.034252,52.937585],[36.034823,52.937136],[36.035767,52.936393],[36.035803,52.936365],[36.035803,52.936365],[36.035803,52.936365],[36.035832,52.936343],[36.036217,52.936039],[36.036217,52.936039],[36.036217,52.936039],[36.036352,52.935933],[36.037657,52.93534],[36.038068,52.935153],[36.038148,52.935117],[36.038151,52.935115],[36.038155,52.935113],[36.038241,52.935063],[36.038243,52.935062],[36.038279,52.93504],[36.038283,52.935038],[36.038299,52.935026],[36.040002,52.935988],[36.041107,52.936613],[36.040956,52.936703],[36.04081,52.936795],[36.040417,52.937023],[36.040349,52.937075],[36.040335,52.937125],[36.040365,52.937176],[36.040416,52.937215],[36.040755,52.937402],[36.04092,52.937623],[36.041195,52.93776],[36.040757,52.938051],[36.039886,52.938616],[36.039865,52.938869],[36.039957,52.939069],[36.04039,52.939334]]]}},{"type":"Feature","id":"665","properties":{"id":"665","city":"orel","baseScore":44.38710372919932,"baseScoreNoCommerce":39.98668043346058,"baseRank":160,"population":3035.3452391151245,"blocks":{"housing":0.21788844662429632,"infra":0.7497855750487329,"transport":0.77837,"work":0,"green":0.25329,"commerce":0.6638922020789302},"indicators":[{"label":"Жильё: плотность","value":186.103},{"label":"Жильё: обеспеченность","value":32.81},{"label":"Жильё: износ","value":38.385},{"label":"Жильё: этажность","value":9.888889},{"label":"Инфраструктура: разнообразие","value":0.27777777777777773},{"label":"Инфраструктура: полнота корзины","value":100},{"label":"Транспорт: доступность","value":77.837},{"label":"Зеленые зоны: доступность","value":25.329},{"label":"Коммерция: активность ФНС","value":9.309},{"label":"Коммерция: ККТ","value":42.059},{"label":"Коммерция: медианный чек","value":268.349}]},"geometry":{"type":"Polygon","coordinates":[[[36.030134,52.931386],[36.030284,52.931276],[36.030345,52.931238],[36.030345,52.931238],[36.030346,52.931237],[36.030722,52.930996],[36.030816,52.930938],[36.030857,52.930913],[36.030858,52.930912],[36.030891,52.930891],[36.0357,52.933586],[36.0357,52.933586],[36.035701,52.933586],[36.035814,52.933649],[36.035814,52.933649],[36.035814,52.933649],[36.035891,52.933691],[36.037782,52.934741],[36.037762,52.934756],[36.03773,52.934779],[36.037728,52.93478],[36.037667,52.934826],[36.037603,52.934872],[36.037229,52.935143],[36.037229,52.935144],[36.037229,52.935144],[36.036242,52.935873],[36.036241,52.935873],[36.03624,52.935874],[36.036102,52.935982],[36.035751,52.935797],[36.035339,52.936092],[36.034376,52.935573],[36.032421,52.93685],[36.032236,52.936838],[36.03193,52.937029],[36.031893,52.937068],[36.031516,52.937312],[36.030871,52.937606],[36.030749,52.937545],[36.030236,52.937124],[36.03059,52.936916],[36.030635,52.936763],[36.031599,52.936144],[36.0311,52.935868],[36.032917,52.934584],[36.033093,52.93446],[36.029635,52.932521],[36.029917,52.932354],[36.029882,52.932329],[36.030764,52.931758],[36.030134,52.931386]]]}},{"type":"Feature","id":"666","properties":{"id":"666","city":"orel","baseScore":37.09122303335584,"baseScoreNoCommerce":33.39942083067303,"baseRank":219,"population":7925.618265577442,"blocks":{"housing":0.5194046878133652,"infra":0.5929865107212476,"transport":0.54989,"work":0.00768984299903877,"green":0,"commerce":0.5555023404676988},"indicators":[{"label":"Жильё: плотность","value":189.917},{"label":"Жильё: обеспеченность","value":38.425},{"label":"Жильё: износ","value":26.832},{"label":"Жильё: этажность","value":7.809524},{"label":"Инфраструктура: разнообразие","value":0.3611111111111111},{"label":"Инфраструктура: полнота корзины","value":50.048},{"label":"Транспорт: доступность","value":54.989},{"label":"Рабочие места: обеспеченность","value":0.00768984299903877},{"label":"Рабочие места: плотность","value":0.00014717461349250443},{"label":"Коммерция: активность ФНС","value":8.575},{"label":"Коммерция: ККТ","value":21.248},{"label":"Коммерция: медианный чек","value":90.239}]},"geometry":{"type":"Polygon","coordinates":[[[36.023003,52.932367],[36.021744,52.931687],[36.021997,52.931491],[36.020375,52.930818],[36.01906,52.930218],[36.018295,52.93075],[36.017367,52.93169],[36.016988,52.931542],[36.016989,52.931541],[36.016992,52.931538],[36.016995,52.931534],[36.016996,52.931531],[36.016998,52.931529],[36.017041,52.931426],[36.017043,52.931412],[36.017038,52.931399],[36.016967,52.931285],[36.016954,52.931272],[36.016934,52.931262],[36.01675,52.931199],[36.016731,52.931195],[36.01671,52.931194],[36.016498,52.931199],[36.016491,52.9312],[36.016484,52.9312],[36.01648,52.931201],[36.016475,52.931202],[36.016469,52.931204],[36.016463,52.931206],[36.016362,52.931242],[36.014957,52.930204],[36.014891,52.930103],[36.014949,52.930014],[36.015279,52.929763],[36.015439,52.929658],[36.015787,52.929441],[36.015788,52.929441],[36.016326,52.9291],[36.016326,52.9291],[36.016326,52.9291],[36.016753,52.928828],[36.016754,52.928828],[36.016754,52.928828],[36.017263,52.928497],[36.017263,52.928497],[36.017263,52.928497],[36.017313,52.928465],[36.017393,52.928413],[36.017395,52.928412],[36.017397,52.928411],[36.017815,52.928097],[36.018591,52.927589],[36.019072,52.92728],[36.019366,52.927101],[36.019367,52.9271],[36.019368,52.927099],[36.019703,52.926878],[36.01996,52.926708],[36.01996,52.926708],[36.01996,52.926708],[36.020252,52.926515],[36.020252,52.926515],[36.020252,52.926515],[36.020474,52.926368],[36.021126,52.925937],[36.021302,52.92582],[36.021503,52.925707],[36.021535,52.925692],[36.021631,52.925656],[36.021732,52.92573],[36.021734,52.925731],[36.021984,52.925897],[36.021988,52.925899],[36.024072,52.927063],[36.025302,52.927752],[36.028304,52.929449],[36.028305,52.929449],[36.028596,52.929608],[36.030747,52.930809],[36.030783,52.93083],[36.030751,52.93085],[36.03071,52.930875],[36.03071,52.930875],[36.030616,52.930933],[36.030615,52.930934],[36.030614,52.930934],[36.030238,52.931176],[36.030236,52.931177],[36.029278,52.930663],[36.028477,52.931032],[36.027013,52.932022],[36.027263,52.932162],[36.026367,52.93274],[36.025975,52.932779],[36.025507,52.932762],[36.024039,52.932951],[36.023003,52.932367]]]}},{"type":"Feature","id":"669","properties":{"id":"669","city":"orel","baseScore":21.305924148884582,"baseScoreNoCommerce":22.23360113902725,"baseRank":306,"population":79.01510140488281,"blocks":{"housing":0.40714964759463723,"infra":0.24883040935672518,"transport":0.4557,"work":0,"green":0,"commerce":0.16667539198171255},"indicators":[{"label":"Жильё: плотность","value":34.512},{"label":"Жильё: обеспеченность","value":36.971},{"label":"Жильё: износ","value":33.194},{"label":"Жильё: этажность","value":2.75},{"label":"Инфраструктура: разнообразие","value":0.08333333333333333},{"label":"Инфраструктура: полнота корзины","value":0},{"label":"Транспорт: доступность","value":45.57},{"label":"Коммерция: активность ФНС","value":3.788},{"label":"Коммерция: ККТ","value":1.199},{"label":"Коммерция: медианный чек","value":0}]},"geometry":{"type":"Polygon","coordinates":[[[36.013542,52.920808],[36.012175,52.919995],[36.012181,52.91989],[36.012215,52.91985],[36.012255,52.919814],[36.012368,52.91973],[36.012635,52.919559],[36.013313,52.919123],[36.013714,52.919282],[36.014416,52.919521],[36.014822,52.919635],[36.015336,52.919774],[36.015209,52.919879],[36.015108,52.919964],[36.015034,52.920016],[36.014845,52.920151],[36.014735,52.920325],[36.014574,52.920484],[36.014386,52.920635],[36.014147,52.920766],[36.013914,52.920923],[36.013542,52.920808]]]}},{"type":"Feature","id":"670","properties":{"id":"670","city":"orel","baseScore":36.36786616146787,"baseScoreNoCommerce":40.39989872926387,"baseRank":225,"population":134.02474923168947,"blocks":{"housing":0.40595984874389496,"infra":0.6140350877192983,"transport":0,"work":0,"green":1,"commerce":0.1620770332248792},"indicators":[{"label":"Жильё: плотность","value":55.31},{"label":"Жильё: обеспеченность","value":36.957},{"label":"Жильё: износ","value":33.266},{"label":"Жильё: этажность","value":2.2},{"label":"Инфраструктура: разнообразие","value":0},{"label":"Инфраструктура: полнота корзины","value":100},{"label":"Зеленые зоны: доступность","value":100},{"label":"Коммерция: активность ФНС","value":8},{"label":"Коммерция: ККТ","value":0.024},{"label":"Коммерция: медианный чек","value":0}]},"geometry":{"type":"Polygon","coordinates":[[[36.028214,52.924882],[36.028556,52.92514],[36.02845,52.925136],[36.027185,52.924932],[36.027185,52.924932],[36.027185,52.924932],[36.027029,52.924907],[36.026368,52.924784],[36.026368,52.924784],[36.026368,52.924784],[36.025594,52.92464],[36.024833,52.924499],[36.02483,52.924499],[36.024776,52.92449],[36.024883,52.924267],[36.02509,52.923837],[36.025324,52.923351],[36.02581,52.923452],[36.026445,52.923678],[36.026567,52.923735],[36.02697,52.923924],[36.02734,52.924169],[36.027688,52.924398],[36.028214,52.924882]]]}},{"type":"Feature","id":"671","properties":{"id":"671","city":"orel","baseScore":31.599188662608185,"baseScoreNoCommerce":33.75094556074888,"baseRank":256,"population":596.1056760020019,"blocks":{"housing":0.41163412014270695,"infra":0.27591315789473686,"transport":0,"work":0,"green":1,"commerce":0.20840404171904744},"indicators":[{"label":"Жильё: плотность","value":130.754},{"label":"Жильё: обеспеченность","value":33.768},{"label":"Жильё: износ","value":22.381},{"label":"Жильё: этажность","value":5.333333},{"label":"Инфраструктура: разнообразие","value":0},{"label":"Инфраструктура: полнота корзины","value":4.195},{"label":"Зеленые зоны: доступность","value":100},{"label":"Коммерция: активность ФНС","value":7},{"label":"Коммерция: ККТ","value":0.793},{"label":"Коммерция: медианный чек","value":0}]},"geometry":{"type":"Polygon","coordinates":[[[36.036574,52.926718],[36.036284,52.926751],[36.036262,52.926756],[36.036244,52.926765],[36.035436,52.92731],[36.035333,52.92737],[36.035149,52.92734],[36.034922,52.92728],[36.034213,52.926992],[36.034206,52.92699],[36.034201,52.926988],[36.034196,52.926987],[36.034191,52.926986],[36.034185,52.926985],[36.034178,52.926984],[36.034173,52.926984],[36.034168,52.926984],[36.034162,52.926985],[36.034155,52.926985],[36.034019,52.927003],[36.033884,52.926983],[36.033825,52.926974],[36.033058,52.926638],[36.032525,52.926385],[36.032504,52.926378],[36.032339,52.926343],[36.032338,52.926343],[36.032337,52.926343],[36.031945,52.926267],[36.031751,52.925813],[36.031828,52.925783],[36.032072,52.92571],[36.032337,52.925678],[36.032622,52.925665],[36.032999,52.925615],[36.03297,52.925805],[36.034463,52.925602],[36.035574,52.925461],[36.035802,52.92566],[36.036357,52.925627],[36.036666,52.925849],[36.036806,52.926014],[36.036894,52.92619],[36.036562,52.926375],[36.036574,52.926718]]]}},{"type":"Feature","id":"673","properties":{"id":"673","city":"orel","baseScore":31.828672709238276,"baseScoreNoCommerce":29.84618286870947,"baseRank":253,"population":5882.97676054453,"blocks":{"housing":0.4789272211566581,"infra":0.6014211695906433,"transport":0,"work":0.011760752688172043,"green":0.4002,"commerce":0.41741121911882273},"indicators":[{"label":"Жильё: плотность","value":136.128},{"label":"Жильё: обеспеченность","value":31.161},{"label":"Жильё: износ","value":7.304},{"label":"Жильё: этажность","value":11.95},{"label":"Инфраструктура: разнообразие","value":0.2916666666666667},{"label":"Инфраструктура: полнота корзины","value":79.786},{"label":"Рабочие места: обеспеченность","value":0.011760752688172043},{"label":"Рабочие места: плотность","value":0.00016200216909781562},{"label":"Зеленые зоны: доступность","value":40.02},{"label":"Коммерция: активность ФНС","value":8.968},{"label":"Коммерция: ККТ","value":40.454},{"label":"Коммерция: медианный чек","value":0}]},"geometry":{"type":"Polygon","coordinates":[[[36.040901,52.928587],[36.041481,52.928322],[36.044188,52.926884],[36.045163,52.927235],[36.045748,52.927385],[36.045813,52.927408],[36.046475,52.927649],[36.046743,52.927784],[36.046974,52.927942],[36.047295,52.92805],[36.047756,52.928168],[36.048232,52.928359],[36.048585,52.928542],[36.048744,52.928644],[36.04908,52.928747],[36.05079,52.929563],[36.052998,52.930837],[36.053622,52.931219],[36.054095,52.931461],[36.054725,52.93196],[36.052847,52.932991],[36.052741,52.933058],[36.052009,52.933521],[36.051552,52.933815],[36.051276,52.933986],[36.04999,52.934886],[36.046479,52.933059],[36.044561,52.932071],[36.043648,52.931587],[36.043524,52.931563],[36.043293,52.931513],[36.043031,52.931432],[36.042411,52.931131],[36.041047,52.930414],[36.040979,52.930401],[36.04083,52.93046],[36.03924,52.929576],[36.039475,52.929437],[36.040901,52.928587]]]}},{"type":"Feature","id":"675","properties":{"id":"675","city":"orel","baseScore":51.1314571406811,"baseScoreNoCommerce":47.14398059552612,"baseRank":120,"population":1201.2106724223631,"blocks":{"housing":0.5111235546301078,"infra":0.7843567251461989,"transport":1,"work":0.06171875,"green":0,"commerce":0.7106883986645599},"indicators":[{"label":"Жильё: плотность","value":238.634},{"label":"Жильё: обеспеченность","value":32.149},{"label":"Жильё: износ","value":7.328},{"label":"Жильё: этажность","value":11.5},{"label":"Инфраструктура: разнообразие","value":0.4583333333333333},{"label":"Инфраструктура: полнота корзины","value":100},{"label":"Транспорт: доступность","value":100},{"label":"Рабочие места: обеспеченность","value":0.06171875},{"label":"Рабочие места: плотность","value":0.0015697016515370471},{"label":"Коммерция: активность ФНС","value":9.586},{"label":"Коммерция: ККТ","value":23.096},{"label":"Коммерция: медианный чек","value":435.364}]},"geometry":{"type":"Polygon","coordinates":[[[36.032658,52.929638],[36.033802,52.92892],[36.034434,52.929384],[36.034638,52.929536],[36.03455,52.929583],[36.034549,52.929585],[36.034547,52.929586],[36.033557,52.930202],[36.033557,52.930202],[36.033557,52.930202],[36.033046,52.930521],[36.032886,52.930615],[36.032075,52.931094],[36.031941,52.931165],[36.031939,52.931166],[36.031937,52.931167],[36.03186,52.931212],[36.031024,52.930737],[36.031024,52.930737],[36.031024,52.930737],[36.030935,52.930688],[36.030935,52.930688],[36.030935,52.930688],[36.028838,52.929514],[36.028873,52.929492],[36.028969,52.929431],[36.028971,52.929429],[36.028973,52.929429],[36.029315,52.92918],[36.029408,52.929112],[36.030014,52.928706],[36.030041,52.928753],[36.031097,52.929325],[36.031193,52.929393],[36.031564,52.9296],[36.032163,52.929956],[36.032658,52.929638]]]}},{"type":"Feature","id":"676","properties":{"id":"676","city":"orel","baseScore":51.1314571406811,"baseScoreNoCommerce":47.14398059552612,"baseRank":120,"population":2216.0371155704593,"blocks":{"housing":0.5111235546301078,"infra":0.7843567251461989,"transport":1,"work":0.06171875,"green":0,"commerce":0.7106883986645599},"indicators":[{"label":"Жильё: плотность","value":238.634},{"label":"Жильё: обеспеченность","value":32.149},{"label":"Жильё: износ","value":7.328},{"label":"Жильё: этажность","value":11.5},{"label":"Инфраструктура: разнообразие","value":0.4583333333333333},{"label":"Инфраструктура: полнота корзины","value":100},{"label":"Транспорт: доступность","value":100},{"label":"Рабочие места: обеспеченность","value":0.06171875},{"label":"Рабочие места: плотность","value":0.0015697016515370471},{"label":"Коммерция: активность ФНС","value":9.586},{"label":"Коммерция: ККТ","value":23.096},{"label":"Коммерция: медианный чек","value":435.364}]},"geometry":{"type":"Polygon","coordinates":[[[36.035949,52.933495],[36.03589,52.933462],[36.035568,52.933282],[36.035568,52.933282],[36.035568,52.933282],[36.033202,52.931962],[36.033066,52.931886],[36.033066,52.931886],[36.033066,52.931886],[36.031969,52.931274],[36.03204,52.931232],[36.032174,52.931162],[36.032176,52.93116],[36.032178,52.93116],[36.03299,52.930679],[36.03299,52.930679],[36.03299,52.930679],[36.03315,52.930584],[36.033151,52.930584],[36.033152,52.930584],[36.033663,52.930265],[36.034652,52.929649],[36.034732,52.929605],[36.036152,52.930637],[36.036153,52.930637],[36.036153,52.930638],[36.036897,52.931159],[36.037902,52.931868],[36.037903,52.931869],[36.038146,52.932032],[36.038237,52.932095],[36.038179,52.932132],[36.037372,52.932614],[36.036553,52.933103],[36.03655,52.933105],[36.03641,52.933197],[36.036038,52.933434],[36.036037,52.933434],[36.036036,52.933435],[36.035949,52.933495]]]}},{"type":"Feature","id":"677","properties":{"id":"677","city":"orel","baseScore":43.5441693774134,"baseScoreNoCommerce":41.89643443308161,"baseRank":173,"population":438.65182045593264,"blocks":{"housing":0.3511875696072968,"infra":0.6232341520467837,"transport":0.91155,"work":0,"green":0.20885,"commerce":0.5178284409907231},"indicators":[{"label":"Жильё: плотность","value":43.835},{"label":"Жильё: обеспеченность","value":36.855},{"label":"Жильё: износ","value":38.337},{"label":"Жильё: этажность","value":3.090909},{"label":"Инфраструктура: разнообразие","value":0.041666666666666664},{"label":"Инфраструктура: полнота корзины","value":90.172},{"label":"Транспорт: доступность","value":91.155},{"label":"Зеленые зоны: доступность","value":20.885},{"label":"Коммерция: активность ФНС","value":7.607},{"label":"Коммерция: ККТ","value":11.027},{"label":"Коммерция: медианный чек","value":114.161}]},"geometry":{"type":"Polygon","coordinates":[[[36.044892,52.935885],[36.04412,52.936368],[36.043938,52.936236],[36.043012,52.935539],[36.042545,52.935178],[36.042544,52.935177],[36.042544,52.935177],[36.041467,52.934363],[36.041467,52.934363],[36.041467,52.934363],[36.040728,52.933808],[36.040488,52.933623],[36.04027,52.933455],[36.040135,52.93335],[36.039982,52.933231],[36.039981,52.93323],[36.03998,52.93323],[36.039803,52.933101],[36.039803,52.933101],[36.039506,52.932885],[36.038688,52.932277],[36.038688,52.932277],[36.038688,52.932277],[36.038499,52.932136],[36.038497,52.932135],[36.038496,52.932134],[36.038441,52.932098],[36.038503,52.932061],[36.038504,52.93206],[36.038504,52.93206],[36.039074,52.931693],[36.039807,52.931222],[36.039808,52.931222],[36.039808,52.931222],[36.040388,52.93084],[36.0404,52.930828],[36.040586,52.930722],[36.04381,52.932502],[36.04313,52.93296],[36.042089,52.93249],[36.041471,52.933138],[36.04156,52.9332],[36.041502,52.93332],[36.043732,52.934107],[36.043174,52.934783],[36.043616,52.934987],[36.044287,52.93466],[36.045512,52.935007],[36.044484,52.935521],[36.044892,52.935885]]]}},{"type":"Feature","id":"678","properties":{"id":"678","city":"orel","baseScore":43.5441693774134,"baseScoreNoCommerce":41.89643443308161,"baseRank":173,"population":417.8396072456665,"blocks":{"housing":0.3511875696072968,"infra":0.6232341520467837,"transport":0.91155,"work":0,"green":0.20885,"commerce":0.5178284409907231},"indicators":[{"label":"Жильё: плотность","value":43.835},{"label":"Жильё: обеспеченность","value":36.855},{"label":"Жильё: износ","value":38.337},{"label":"Жильё: этажность","value":3.090909},{"label":"Инфраструктура: разнообразие","value":0.041666666666666664},{"label":"Инфраструктура: полнота корзины","value":90.172},{"label":"Транспорт: доступность","value":91.155},{"label":"Зеленые зоны: доступность","value":20.885},{"label":"Коммерция: активность ФНС","value":7.607},{"label":"Коммерция: ККТ","value":11.027},{"label":"Коммерция: медианный чек","value":114.161}]},"geometry":{"type":"Polygon","coordinates":[[[36.04149,52.936504],[36.041421,52.93655],[36.040508,52.936041],[36.040508,52.936041],[36.040508,52.936041],[36.040189,52.935863],[36.040189,52.935863],[36.040189,52.935862],[36.038368,52.934846],[36.038268,52.934789],[36.038267,52.934789],[36.038267,52.934788],[36.036081,52.933568],[36.036059,52.933556],[36.036147,52.933495],[36.036519,52.933259],[36.036519,52.933258],[36.03652,52.933258],[36.036659,52.933166],[36.037477,52.932678],[36.037477,52.932678],[36.037477,52.932678],[36.038284,52.932195],[36.038285,52.932195],[36.038285,52.932194],[36.038337,52.932162],[36.038385,52.932194],[36.038573,52.932334],[36.03939,52.932942],[36.039391,52.932943],[36.039391,52.932943],[36.039688,52.933158],[36.039865,52.933287],[36.040018,52.933406],[36.040018,52.933406],[36.040018,52.933406],[36.040153,52.93351],[36.040153,52.93351],[36.040153,52.93351],[36.040371,52.933678],[36.040371,52.933678],[36.040371,52.933678],[36.040612,52.933864],[36.040612,52.933864],[36.041351,52.934419],[36.042428,52.935233],[36.042895,52.935595],[36.042895,52.935595],[36.042896,52.935595],[36.042899,52.935598],[36.042864,52.935618],[36.042641,52.935751],[36.042438,52.935887],[36.041847,52.93627],[36.0416,52.936429],[36.04149,52.936504]]]}},{"type":"Feature","id":"679","properties":{"id":"679","city":"orel","baseScore":43.5441693774134,"baseScoreNoCommerce":41.89643443308161,"baseRank":173,"population":262.9281633628418,"blocks":{"housing":0.3511875696072968,"infra":0.6232341520467837,"transport":0.91155,"work":0,"green":0.20885,"commerce":0.5178284409907231},"indicators":[{"label":"Жильё: плотность","value":43.835},{"label":"Жильё: обеспеченность","value":36.855},{"label":"Жильё: износ","value":38.337},{"label":"Жильё: этажность","value":3.090909},{"label":"Инфраструктура: разнообразие","value":0.041666666666666664},{"label":"Инфраструктура: полнота корзины","value":90.172},{"label":"Транспорт: доступность","value":91.155},{"label":"Зеленые зоны: доступность","value":20.885},{"label":"Коммерция: активность ФНС","value":7.607},{"label":"Коммерция: ККТ","value":11.027},{"label":"Коммерция: медианный чек","value":114.161}]},"geometry":{"type":"Polygon","coordinates":[[[36.047476,52.939892],[36.047436,52.939919],[36.045918,52.939066],[36.045918,52.939066],[36.045918,52.939066],[36.042878,52.937373],[36.041422,52.936551],[36.041422,52.936551],[36.041422,52.936551],[36.041421,52.93655],[36.04149,52.936504],[36.0416,52.936429],[36.041847,52.93627],[36.042438,52.935887],[36.042641,52.935751],[36.042864,52.935618],[36.042899,52.935598],[36.043823,52.936292],[36.043823,52.936293],[36.043824,52.936293],[36.044011,52.936429],[36.045681,52.937675],[36.045813,52.937774],[36.045919,52.937854],[36.045919,52.937854],[36.045919,52.937854],[36.047088,52.938727],[36.04723,52.938836],[36.047855,52.939316],[36.047855,52.939316],[36.047855,52.939316],[36.047924,52.939369],[36.047996,52.939457],[36.048111,52.939613],[36.047978,52.939648],[36.047783,52.939718],[36.047476,52.939892]]]}},{"type":"Feature","id":"680","properties":{"id":"680","city":"orel","baseScore":43.5441693774134,"baseScoreNoCommerce":41.89643443308161,"baseRank":173,"population":169.2700346312622,"blocks":{"housing":0.3511875696072968,"infra":0.6232341520467837,"transport":0.91155,"work":0,"green":0.20885,"commerce":0.5178284409907231},"indicators":[{"label":"Жильё: плотность","value":43.835},{"label":"Жильё: обеспеченность","value":36.855},{"label":"Жильё: износ","value":38.337},{"label":"Жильё: этажность","value":3.090909},{"label":"Инфраструктура: разнообразие","value":0.041666666666666664},{"label":"Инфраструктура: полнота корзины","value":90.172},{"label":"Транспорт: доступность","value":91.155},{"label":"Зеленые зоны: доступность","value":20.885},{"label":"Коммерция: активность ФНС","value":7.607},{"label":"Коммерция: ККТ","value":11.027},{"label":"Коммерция: медианный чек","value":114.161}]},"geometry":{"type":"Polygon","coordinates":[[[36.048547,52.937838],[36.047783,52.938307],[36.047216,52.938604],[36.047156,52.938635],[36.046035,52.937797],[36.04593,52.937717],[36.045929,52.937717],[36.045797,52.937618],[36.045797,52.937618],[36.045797,52.937618],[36.044126,52.936372],[36.044126,52.936372],[36.044126,52.936371],[36.04412,52.936368],[36.044152,52.936348],[36.044892,52.935885],[36.045302,52.936301],[36.046492,52.937149],[36.047494,52.936685],[36.047965,52.936597],[36.049213,52.937377],[36.048461,52.937784],[36.048547,52.937838]]]}},{"type":"Feature","id":"682","properties":{"id":"682","city":"orel","baseScore":28.268110407030907,"baseScoreNoCommerce":33.92173248843709,"baseRank":273,"population":27.00358938659668,"blocks":{"housing":0.44450767705343325,"infra":0.25157894736842107,"transport":0,"work":0,"green":1,"commerce":0},"indicators":[{"label":"Жильё: плотность","value":12.89},{"label":"Жильё: обеспеченность","value":38.821},{"label":"Жильё: износ","value":35.5},{"label":"Жильё: этажность","value":2.333333},{"label":"Инфраструктура: разнообразие","value":0},{"label":"Инфраструктура: полнота корзины","value":0},{"label":"Зеленые зоны: доступность","value":100}]},"geometry":{"type":"Polygon","coordinates":[[[36.069207,52.946164],[36.06816,52.946752],[36.068152,52.946748],[36.068152,52.946748],[36.068152,52.946748],[36.06754,52.946445],[36.06754,52.946445],[36.06754,52.946445],[36.067206,52.94628],[36.067206,52.94628],[36.067206,52.94628],[36.066975,52.946166],[36.066441,52.945901],[36.067942,52.94478],[36.068087,52.944936],[36.069207,52.946164]]]}},{"type":"Feature","id":"683","properties":{"id":"683","city":"orel","baseScore":34.87863382606975,"baseScoreNoCommerce":39.05874729013858,"baseRank":235,"population":10.001497684570312,"blocks":{"housing":0.8266215750332448,"infra":0.12631578947368421,"transport":1,"work":0,"green":0,"commerce":0.13978066505725645},"indicators":[{"label":"Жильё: плотность","value":25.86},{"label":"Жильё: обеспеченность","value":43.56},{"label":"Инфраструктура: разнообразие","value":0},{"label":"Инфраструктура: полнота корзины","value":0},{"label":"Транспорт: доступность","value":100},{"label":"Коммерция: активность ФНС","value":3.949},{"label":"Коммерция: ККТ","value":0.316},{"label":"Коммерция: медианный чек","value":0}]},"geometry":{"type":"Polygon","coordinates":[[[36.069462,52.940819],[36.069516,52.941233],[36.069154,52.941222],[36.069139,52.940713],[36.069025,52.940729],[36.068983,52.940565],[36.06883,52.940573],[36.068817,52.9402],[36.068931,52.940211],[36.068937,52.940212],[36.06903,52.940216],[36.069106,52.940226],[36.069176,52.940244],[36.069542,52.940413],[36.069553,52.940419],[36.069689,52.940518],[36.069462,52.940819]]]}},{"type":"Feature","id":"719","properties":{"id":"719","city":"orel","baseScore":25.95427108983886,"baseScoreNoCommerce":26.297379641453634,"baseRank":282,"population":256.051628945752,"blocks":{"housing":0.12404577019683817,"infra":0.17543859649122806,"transport":1,"work":0.015384615384615385,"green":0,"commerce":0.24238728331764992},"indicators":[{"label":"Жильё: плотность","value":105.308},{"label":"Жильё: обеспеченность","value":34.75},{"label":"Жильё: износ","value":65.761},{"label":"Жильё: этажность","value":5.666667},{"label":"Инфраструктура: разнообразие","value":0},{"label":"Инфраструктура: полнота корзины","value":0},{"label":"Транспорт: доступность","value":100},{"label":"Рабочие места: обеспеченность","value":0.015384615384615385},{"label":"Рабочие места: плотность","value":0.00016454304625540485},{"label":"Коммерция: активность ФНС","value":7},{"label":"Коммерция: ККТ","value":1.38},{"label":"Коммерция: медианный чек","value":0}]},"geometry":{"type":"Polygon","coordinates":[[[36.003283,52.916569],[36.003721,52.916836],[36.003719,52.916837],[36.002252,52.917796],[36.00205,52.917926],[36.00205,52.917926],[36.00205,52.917926],[36.001457,52.918306],[36.001421,52.918325],[36.001342,52.918365],[36.001295,52.918389],[36.001199,52.918425],[36.001096,52.918449],[36.000982,52.918466],[36.000868,52.918475],[36.000478,52.918483],[35.999736,52.918475],[35.999773,52.918283],[36.001673,52.917098],[36.002925,52.916477],[36.003201,52.916529],[36.003283,52.916569]]]}},{"type":"Feature","id":"768","properties":{"id":"768","city":"orel","baseScore":29.41123509592783,"baseScoreNoCommerce":26.289355902109453,"baseRank":262,"population":2226.30578364209,"blocks":{"housing":0.18782127375158297,"infra":0.5260428849902534,"transport":0,"work":0.03636363636363636,"green":0.56424,"commerce":0.45020631065019695},"indicators":[{"label":"Жильё: плотность","value":125.188},{"label":"Жильё: обеспеченность","value":32.503},{"label":"Жильё: износ","value":40.356},{"label":"Жильё: этажность","value":7.416667},{"label":"Инфраструктура: разнообразие","value":0.19444444444444442},{"label":"Инфраструктура: полнота корзины","value":100},{"label":"Рабочие места: обеспеченность","value":0.03636363636363636},{"label":"Рабочие места: плотность","value":0.0004724074539659327},{"label":"Зеленые зоны: доступность","value":56.424},{"label":"Коммерция: активность ФНС","value":7.888},{"label":"Коммерция: ККТ","value":17.612},{"label":"Коммерция: медианный чек","value":11.639}]},"geometry":{"type":"Polygon","coordinates":[[[36.090524,52.935149],[36.088689,52.935074],[36.088689,52.935073],[36.088702,52.934948],[36.088702,52.934948],[36.088702,52.934948],[36.088728,52.934671],[36.088728,52.934669],[36.088731,52.934606],[36.088731,52.934606],[36.088731,52.934606],[36.088738,52.934428],[36.08877,52.934172],[36.08877,52.934172],[36.08877,52.934172],[36.088837,52.933629],[36.088882,52.93327],[36.088882,52.93327],[36.088882,52.933269],[36.088916,52.932956],[36.088916,52.932956],[36.088916,52.932956],[36.088937,52.932756],[36.088937,52.932749],[36.088923,52.932646],[36.088912,52.932553],[36.089565,52.931552],[36.090459,52.931767],[36.091125,52.931928],[36.092039,52.932186],[36.092041,52.932187],[36.092043,52.932187],[36.092951,52.932409],[36.093719,52.932608],[36.093909,52.932657],[36.093909,52.932657],[36.09391,52.932657],[36.094091,52.932703],[36.094091,52.932703],[36.094091,52.932703],[36.094262,52.932746],[36.095117,52.932972],[36.095117,52.932972],[36.095117,52.932972],[36.095477,52.933068],[36.096798,52.933421],[36.096798,52.933421],[36.096798,52.933421],[36.097606,52.933637],[36.097629,52.933641],[36.097643,52.93364],[36.096708,52.935063],[36.09615,52.935843],[36.090586,52.934852],[36.090524,52.935149]]]}},{"type":"Feature","id":"797","properties":{"id":"797","city":"orel","baseScore":74.02356879239863,"baseScoreNoCommerce":74.34134401288732,"baseRank":7,"population":167.0247925053711,"blocks":{"housing":0.9352418038189692,"infra":0.736111111111111,"transport":1,"work":0.045714285714285714,"green":1,"commerce":0.724346926899552},"indicators":[{"label":"Жильё: плотность","value":134.674},{"label":"Жильё: обеспеченность","value":83.258},{"label":"Жильё: износ","value":11},{"label":"Жильё: этажность","value":9},{"label":"Инфраструктура: разнообразие","value":0.20833333333333334},{"label":"Инфраструктура: полнота корзины","value":100},{"label":"Транспорт: доступность","value":100},{"label":"Рабочие места: обеспеченность","value":0.045714285714285714},{"label":"Рабочие места: плотность","value":0.0006451433062874171},{"label":"Зеленые зоны: доступность","value":100},{"label":"Коммерция: активность ФНС","value":9.643},{"label":"Коммерция: ККТ","value":9.516},{"label":"Коммерция: медианный чек","value":393.621}]},"geometry":{"type":"Polygon","coordinates":[[[36.0757,52.97914],[36.074786,52.978431],[36.074942,52.978359],[36.075331,52.97818],[36.075477,52.978115],[36.075624,52.978062],[36.075907,52.978029],[36.07611,52.978178],[36.076196,52.97822],[36.076296,52.978234],[36.076604,52.97809],[36.077157,52.978517],[36.077201,52.978615],[36.077236,52.97864],[36.077158,52.978672],[36.077128,52.978731],[36.075989,52.979158],[36.0757,52.97914]]]}},{"type":"Feature","id":"798","properties":{"id":"798","city":"orel","baseScore":56.94572380957242,"baseScoreNoCommerce":64.20378729045545,"baseRank":84,"population":73.01140958041992,"blocks":{"housing":0.7222881364525975,"infra":0.5290012280701754,"transport":0.9589,"work":0,"green":1,"commerce":0.20655406405157253},"indicators":[{"label":"Жильё: плотность","value":32.726},{"label":"Жильё: обеспеченность","value":49.807},{"label":"Жильё: износ","value":32},{"label":"Жильё: этажность","value":3},{"label":"Инфраструктура: разнообразие","value":0},{"label":"Инфраструктура: полнота корзины","value":65.753},{"label":"Транспорт: доступность","value":95.89},{"label":"Зеленые зоны: доступность","value":100},{"label":"Коммерция: активность ФНС","value":3.102},{"label":"Коммерция: ККТ","value":0.549},{"label":"Коммерция: медианный чек","value":29.333}]},"geometry":{"type":"Polygon","coordinates":[[[36.073294,52.977035],[36.072561,52.976462],[36.073498,52.975941],[36.073498,52.975941],[36.073498,52.975941],[36.074206,52.975547],[36.074639,52.975315],[36.074654,52.975305],[36.074662,52.975291],[36.074662,52.975288],[36.074982,52.97511],[36.075802,52.975287],[36.076179,52.975571],[36.0761,52.975626],[36.076092,52.975623],[36.076069,52.975619],[36.076046,52.97562],[36.076024,52.975624],[36.076006,52.975633],[36.075635,52.97587],[36.074391,52.976507],[36.073965,52.976712],[36.073965,52.976712],[36.073965,52.976712],[36.073294,52.977035]]]}},{"type":"Feature","id":"799","properties":{"id":"799","city":"orel","baseScore":59.39931910673507,"baseScoreNoCommerce":61.648302711888356,"baseRank":76,"population":379.05581777958986,"blocks":{"housing":0.312200614142273,"infra":0.7083333333333334,"transport":1,"work":0.06188118811881188,"green":1,"commerce":0.481544010809686},"indicators":[{"label":"Жильё: плотность","value":84.968},{"label":"Жильё: обеспеченность","value":34.338},{"label":"Жильё: износ","value":34.032},{"label":"Жильё: этажность","value":6},{"label":"Инфраструктура: разнообразие","value":0.125},{"label":"Инфраструктура: полнота корзины","value":100},{"label":"Транспорт: доступность","value":100},{"label":"Рабочие места: обеспеченность","value":0.06188118811881188},{"label":"Рабочие места: плотность","value":0.0005604778556998905},{"label":"Зеленые зоны: доступность","value":100},{"label":"Коммерция: активность ФНС","value":9.533},{"label":"Коммерция: ККТ","value":13.335},{"label":"Коммерция: медианный чек","value":0}]},"geometry":{"type":"Polygon","coordinates":[[[36.064366,52.97022],[36.064333,52.970175],[36.06435,52.970169],[36.064453,52.970117],[36.065425,52.969623],[36.065434,52.969618],[36.065649,52.969462],[36.06571,52.969431],[36.06571,52.969431],[36.06571,52.969431],[36.066104,52.96923],[36.066251,52.969327],[36.066258,52.96933],[36.066264,52.969333],[36.066267,52.969334],[36.066269,52.969335],[36.066277,52.969337],[36.066285,52.969339],[36.066288,52.969339],[36.066291,52.96934],[36.0663,52.96934],[36.066308,52.969341],[36.066582,52.969336],[36.06674,52.969344],[36.066878,52.96937],[36.067018,52.969412],[36.067182,52.969473],[36.067352,52.969549],[36.067463,52.969614],[36.067565,52.969683],[36.067753,52.969837],[36.067841,52.969928],[36.067872,52.969974],[36.067885,52.970003],[36.067886,52.970004],[36.068053,52.970338],[36.068054,52.970338],[36.068379,52.970942],[36.068362,52.970993],[36.068325,52.971042],[36.068242,52.971093],[36.068077,52.971148],[36.067883,52.971199],[36.067156,52.97128],[36.067156,52.97128],[36.067155,52.97128],[36.066357,52.971373],[36.066145,52.971389],[36.066145,52.971389],[36.066145,52.971389],[36.066022,52.971398],[36.065974,52.971402],[36.065512,52.971069],[36.065481,52.971047],[36.064839,52.97057],[36.064366,52.97022]]]}},{"type":"Feature","id":"800","properties":{"id":"800","city":"orel","baseScore":59.39931910673507,"baseScoreNoCommerce":61.648302711888356,"baseRank":76,"population":261.15927010341795,"blocks":{"housing":0.312200614142273,"infra":0.7083333333333334,"transport":1,"work":0.06188118811881188,"green":1,"commerce":0.481544010809686},"indicators":[{"label":"Жильё: плотность","value":84.968},{"label":"Жильё: обеспеченность","value":34.338},{"label":"Жильё: износ","value":34.032},{"label":"Жильё: этажность","value":6},{"label":"Инфраструктура: разнообразие","value":0.125},{"label":"Инфраструктура: полнота корзины","value":100},{"label":"Транспорт: доступность","value":100},{"label":"Рабочие места: обеспеченность","value":0.06188118811881188},{"label":"Рабочие места: плотность","value":0.0005604778556998905},{"label":"Зеленые зоны: доступность","value":100},{"label":"Коммерция: активность ФНС","value":9.533},{"label":"Коммерция: ККТ","value":13.335},{"label":"Коммерция: медианный чек","value":0}]},"geometry":{"type":"Polygon","coordinates":[[[36.066206,52.968578],[36.066065,52.968662],[36.066049,52.968654],[36.066028,52.968649],[36.066004,52.968649],[36.065982,52.968652],[36.065963,52.96866],[36.065948,52.968671],[36.06594,52.968684],[36.065939,52.968698],[36.06596,52.968816],[36.06596,52.968816],[36.06596,52.968816],[36.065991,52.968977],[36.065991,52.968978],[36.065991,52.968978],[36.066031,52.96915],[36.065614,52.969363],[36.065549,52.969396],[36.065544,52.969399],[36.065539,52.969401],[36.065324,52.969557],[36.064357,52.970048],[36.064357,52.970048],[36.064357,52.970048],[36.064261,52.970097],[36.06421,52.97005],[36.064119,52.969993],[36.063822,52.969896],[36.064037,52.969056],[36.064049,52.969011],[36.06413,52.968702],[36.064214,52.968379],[36.064373,52.96779],[36.064427,52.967592],[36.06544,52.967702],[36.065938,52.967759],[36.066253,52.967836],[36.066253,52.968032],[36.066213,52.968259],[36.066221,52.968413],[36.066206,52.968578]]]}},{"type":"Feature","id":"801","properties":{"id":"801","city":"orel","baseScore":61.333407330362846,"baseScoreNoCommerce":56.329007543155775,"baseRank":61,"population":554.0843003222657,"blocks":{"housing":0.3952022578544879,"infra":0.7595711500974659,"transport":0.55957,"work":0.10210696920583469,"green":1,"commerce":0.8635540626639816},"indicators":[{"label":"Жильё: плотность","value":138.4},{"label":"Жильё: обеспеченность","value":35.444},{"label":"Жильё: износ","value":29.428},{"label":"Жильё: этажность","value":7.5},{"label":"Инфраструктура: разнообразие","value":0.3055555555555555},{"label":"Инфраструктура: полнота корзины","value":100},{"label":"Транспорт: доступность","value":55.957},{"label":"Рабочие места: обеспеченность","value":0.10210696920583469},{"label":"Рабочие места: плотность","value":0.0015738641471904334},{"label":"Зеленые зоны: доступность","value":100},{"label":"Коммерция: активность ФНС","value":9.212},{"label":"Коммерция: ККТ","value":51.236},{"label":"Коммерция: медианный чек","value":309.684}]},"geometry":{"type":"Polygon","coordinates":[[[36.065272,52.9643],[36.065274,52.964294],[36.065275,52.964294],[36.065371,52.964302],[36.065458,52.964324],[36.065545,52.964353],[36.066831,52.965004],[36.067267,52.965294],[36.067359,52.965363],[36.067499,52.965493],[36.067611,52.965622],[36.067639,52.965669],[36.067651,52.965715],[36.067658,52.965755],[36.067646,52.965792],[36.067623,52.965819],[36.067589,52.965842],[36.067353,52.965964],[36.067353,52.965964],[36.067353,52.965964],[36.067082,52.966107],[36.066797,52.966253],[36.06679,52.966257],[36.066664,52.966342],[36.06666,52.966345],[36.066578,52.96641],[36.066574,52.966413],[36.066482,52.966503],[36.06648,52.966506],[36.066477,52.966508],[36.066194,52.96689],[36.066106,52.966984],[36.066033,52.967035],[36.065949,52.967063],[36.065835,52.967078],[36.06556,52.967062],[36.064821,52.967021],[36.064584,52.967003],[36.064952,52.965526],[36.065008,52.9653],[36.065109,52.964893],[36.065258,52.964358],[36.065272,52.9643]]]}},{"type":"Feature","id":"803","properties":{"id":"803","city":"orel","baseScore":59.39931910673507,"baseScoreNoCommerce":61.648302711888356,"baseRank":76,"population":334.36666301608886,"blocks":{"housing":0.312200614142273,"infra":0.7083333333333334,"transport":1,"work":0.06188118811881188,"green":1,"commerce":0.481544010809686},"indicators":[{"label":"Жильё: плотность","value":84.968},{"label":"Жильё: обеспеченность","value":34.338},{"label":"Жильё: износ","value":34.032},{"label":"Жильё: этажность","value":6},{"label":"Инфраструктура: разнообразие","value":0.125},{"label":"Инфраструктура: полнота корзины","value":100},{"label":"Транспорт: доступность","value":100},{"label":"Рабочие места: обеспеченность","value":0.06188118811881188},{"label":"Рабочие места: плотность","value":0.0005604778556998905},{"label":"Зеленые зоны: доступность","value":100},{"label":"Коммерция: активность ФНС","value":9.533},{"label":"Коммерция: ККТ","value":13.335},{"label":"Коммерция: медианный чек","value":0}]},"geometry":{"type":"Polygon","coordinates":[[[36.062778,52.967168],[36.06276,52.967163],[36.062763,52.967153],[36.062835,52.966963],[36.062868,52.966966],[36.062869,52.966966],[36.062869,52.966966],[36.06296,52.966976],[36.062961,52.966976],[36.062962,52.966976],[36.063058,52.966984],[36.06306,52.966984],[36.064341,52.967073],[36.064561,52.967092],[36.064499,52.967327],[36.064427,52.967592],[36.064373,52.96779],[36.064214,52.968379],[36.064141,52.968659],[36.064049,52.969011],[36.064037,52.969056],[36.063837,52.969828],[36.063391,52.970045],[36.063339,52.970069],[36.063339,52.970069],[36.063338,52.970068],[36.063337,52.970068],[36.062845,52.969715],[36.062361,52.969359],[36.062361,52.969359],[36.062361,52.969359],[36.062063,52.96914],[36.062091,52.969042],[36.062108,52.968986],[36.062258,52.968727],[36.062259,52.968725],[36.062261,52.968722],[36.062261,52.968721],[36.062311,52.968728],[36.062414,52.968711],[36.062502,52.968671],[36.062556,52.968624],[36.062589,52.968567],[36.06267,52.968258],[36.062708,52.968097],[36.0629,52.967271],[36.062875,52.967229],[36.062835,52.967194],[36.062778,52.967168]]]}},{"type":"Feature","id":"805","properties":{"id":"805","city":"orel","baseScore":49.338078095759656,"baseScoreNoCommerce":50.77292217672535,"baseRank":131,"population":565.0877307886964,"blocks":{"housing":0.16783218625588436,"infra":0.6633625730994152,"transport":0.68496,"work":0.02249134948096886,"green":1,"commerce":0.42163857690931134},"indicators":[{"label":"Жильё: плотность","value":175.062},{"label":"Жильё: обеспеченность","value":34.1},{"label":"Жильё: износ","value":47.498},{"label":"Жильё: этажность","value":4.666667},{"label":"Инфраструктура: разнообразие","value":0.041666666666666664},{"label":"Инфраструктура: полнота корзины","value":100},{"label":"Транспорт: доступность","value":68.496},{"label":"Рабочие места: обеспеченность","value":0.02249134948096886},{"label":"Рабочие места: плотность","value":0.00040279847397419686},{"label":"Зеленые зоны: доступность","value":100},{"label":"Коммерция: активность ФНС","value":7.119},{"label":"Коммерция: ККТ","value":6.953},{"label":"Коммерция: медианный чек","value":0}]},"geometry":{"type":"Polygon","coordinates":[[[36.060673,52.9651],[36.061096,52.965252],[36.06078,52.965399],[36.060779,52.965399],[36.060779,52.9654],[36.060557,52.965506],[36.060557,52.965506],[36.060557,52.965506],[36.060557,52.965506],[36.060557,52.965506],[36.060115,52.965723],[36.059847,52.965854],[36.058851,52.966343],[36.058851,52.966343],[36.058851,52.966343],[36.05857,52.96648],[36.05857,52.966481],[36.058569,52.966481],[36.058494,52.96652],[36.058467,52.966499],[36.058466,52.966499],[36.058466,52.966499],[36.057726,52.965936],[36.057001,52.965296],[36.056985,52.965285],[36.05698,52.965284],[36.05731,52.964979],[36.058941,52.964839],[36.060664,52.96478],[36.060673,52.9651]]]}},{"type":"Feature","id":"806","properties":{"id":"806","city":"orel","baseScore":49.338078095759656,"baseScoreNoCommerce":50.77292217672535,"baseRank":131,"population":329.8184299733643,"blocks":{"housing":0.16783218625588436,"infra":0.6633625730994152,"transport":0.68496,"work":0.02249134948096886,"green":1,"commerce":0.42163857690931134},"indicators":[{"label":"Жильё: плотность","value":175.062},{"label":"Жильё: обеспеченность","value":34.1},{"label":"Жильё: износ","value":47.498},{"label":"Жильё: этажность","value":4.666667},{"label":"Инфраструктура: разнообразие","value":0.041666666666666664},{"label":"Инфраструктура: полнота корзины","value":100},{"label":"Транспорт: доступность","value":68.496},{"label":"Рабочие места: обеспеченность","value":0.02249134948096886},{"label":"Рабочие места: плотность","value":0.00040279847397419686},{"label":"Зеленые зоны: доступность","value":100},{"label":"Коммерция: активность ФНС","value":7.119},{"label":"Коммерция: ККТ","value":6.953},{"label":"Коммерция: медианный чек","value":0}]},"geometry":{"type":"Polygon","coordinates":[[[36.060793,52.965611],[36.060793,52.965611],[36.060793,52.965611],[36.060709,52.965548],[36.060871,52.96547],[36.06121,52.965312],[36.06121,52.965312],[36.061211,52.965312],[36.061686,52.965084],[36.061686,52.965084],[36.061686,52.965084],[36.061797,52.965031],[36.062253,52.964812],[36.062253,52.964812],[36.062253,52.964812],[36.062416,52.964734],[36.062556,52.964667],[36.062586,52.964654],[36.062586,52.964654],[36.062652,52.964937],[36.062679,52.965057],[36.062658,52.965653],[36.062587,52.966091],[36.062541,52.966243],[36.062489,52.966375],[36.062356,52.966617],[36.062277,52.966723],[36.062246,52.966705],[36.061584,52.966207],[36.061584,52.966207],[36.061584,52.966207],[36.061488,52.966134],[36.061086,52.965832],[36.061086,52.965832],[36.061086,52.965832],[36.060793,52.965611]]]}},{"type":"Feature","id":"807","properties":{"id":"807","city":"orel","baseScore":63.444799044247404,"baseScoreNoCommerce":59.59302259354266,"baseRank":53,"population":304.0473966837891,"blocks":{"housing":0.12322492735540863,"infra":0.763888888888889,"transport":1,"work":0.09253731343283582,"green":1,"commerce":0.8270368129777104},"indicators":[{"label":"Жильё: плотность","value":176.274},{"label":"Жильё: обеспеченность","value":34.725},{"label":"Жильё: износ","value":54.749},{"label":"Жильё: этажность","value":8.5},{"label":"Инфраструктура: разнообразие","value":0.2916666666666667},{"label":"Инфраструктура: полнота корзины","value":100},{"label":"Транспорт: доступность","value":100},{"label":"Рабочие места: обеспеченность","value":0.09253731343283582},{"label":"Рабочие места: плотность","value":0.0017975307939907897},{"label":"Зеленые зоны: доступность","value":100},{"label":"Коммерция: активность ФНС","value":9.074},{"label":"Коммерция: ККТ","value":17.928},{"label":"Коммерция: медианный чек","value":291.631}]},"geometry":{"type":"Polygon","coordinates":[[[36.062187,52.966989],[36.06227,52.96697],[36.062353,52.966974],[36.062403,52.966983],[36.062421,52.966986],[36.062477,52.967011],[36.062521,52.967059],[36.062533,52.967135],[36.062456,52.967373],[36.062073,52.968691],[36.061924,52.968929],[36.06187,52.969004],[36.061749,52.96892],[36.061427,52.968686],[36.060739,52.968184],[36.060337,52.96789],[36.060426,52.967849],[36.061855,52.967153],[36.062187,52.966989]]]}},{"type":"Feature","id":"808","properties":{"id":"808","city":"orel","baseScore":49.338078095759656,"baseScoreNoCommerce":50.77292217672535,"baseRank":131,"population":430.57668900549317,"blocks":{"housing":0.16783218625588436,"infra":0.6633625730994152,"transport":0.68496,"work":0.02249134948096886,"green":1,"commerce":0.42163857690931134},"indicators":[{"label":"Жильё: плотность","value":175.062},{"label":"Жильё: обеспеченность","value":34.1},{"label":"Жильё: износ","value":47.498},{"label":"Жильё: этажность","value":4.666667},{"label":"Инфраструктура: разнообразие","value":0.041666666666666664},{"label":"Инфраструктура: полнота корзины","value":100},{"label":"Транспорт: доступность","value":68.496},{"label":"Рабочие места: обеспеченность","value":0.02249134948096886},{"label":"Рабочие места: плотность","value":0.00040279847397419686},{"label":"Зеленые зоны: доступность","value":100},{"label":"Коммерция: активность ФНС","value":7.119},{"label":"Коммерция: ККТ","value":6.953},{"label":"Коммерция: медианный чек","value":0}]},"geometry":{"type":"Polygon","coordinates":[[[36.056305,52.965671],[36.056884,52.965352],[36.057604,52.965988],[36.057606,52.965989],[36.057607,52.965991],[36.058349,52.966555],[36.05838,52.966578],[36.056813,52.967351],[36.056813,52.967352],[36.056812,52.967352],[36.056759,52.967379],[36.056743,52.967368],[36.056149,52.966944],[36.056149,52.966944],[36.056149,52.966944],[36.056033,52.966862],[36.056033,52.966862],[36.056033,52.966862],[36.055972,52.966818],[36.055683,52.966609],[36.055672,52.966594],[36.055666,52.966574],[36.055664,52.966546],[36.055659,52.966533],[36.055647,52.966521],[36.05563,52.966511],[36.055609,52.966505],[36.055603,52.966505],[36.055783,52.966163],[36.055835,52.96611],[36.056218,52.965719],[36.056305,52.965671]]]}},{"type":"Feature","id":"809","properties":{"id":"809","city":"orel","baseScore":37.56332436757239,"baseScoreNoCommerce":41.899259475334375,"baseRank":210,"population":722.6185787753174,"blocks":{"housing":0.4306886515976595,"infra":0.6491228070175438,"transport":0,"work":0.015151515151515152,"green":1,"commerce":0.15883648828762492},"indicators":[{"label":"Жильё: плотность","value":211.453},{"label":"Жильё: обеспеченность","value":30.972},{"label":"Жильё: износ","value":11.449},{"label":"Жильё: этажность","value":9.666667},{"label":"Инфраструктура: разнообразие","value":0},{"label":"Инфраструктура: полнота корзины","value":100},{"label":"Рабочие места: обеспеченность","value":0.015151515151515152},{"label":"Рабочие места: плотность","value":0.0003253122285582943},{"label":"Зеленые зоны: доступность","value":100},{"label":"Коммерция: активность ФНС","value":3.573},{"label":"Коммерция: ККТ","value":2.038},{"label":"Коммерция: медианный чек","value":0}]},"geometry":{"type":"Polygon","coordinates":[[[36.055415,52.966512],[36.05552,52.966534],[36.055517,52.966537],[36.055515,52.966551],[36.055518,52.966582],[36.055519,52.966587],[36.055527,52.966615],[36.055532,52.966625],[36.055551,52.966651],[36.055562,52.966662],[36.055857,52.966876],[36.055858,52.966876],[36.055919,52.96692],[36.056036,52.967002],[36.05663,52.967426],[36.05663,52.967426],[36.05663,52.967426],[36.056643,52.967435],[36.056538,52.967484],[36.056538,52.967485],[36.056537,52.967485],[36.056213,52.967642],[36.056124,52.967684],[36.056124,52.967684],[36.056124,52.967684],[36.055542,52.967962],[36.055542,52.967962],[36.055542,52.967962],[36.055253,52.968105],[36.054022,52.96868],[36.054022,52.96868],[36.054022,52.96868],[36.05393,52.968723],[36.053929,52.968723],[36.053928,52.968723],[36.053927,52.968725],[36.053912,52.968714],[36.053267,52.96826],[36.052831,52.967969],[36.052588,52.967799],[36.052945,52.967653],[36.054136,52.967059],[36.054315,52.96697],[36.054488,52.966836],[36.054648,52.966779],[36.054824,52.966621],[36.055033,52.966545],[36.055241,52.966502],[36.055415,52.966512]]]}},{"type":"Feature","id":"810","properties":{"id":"810","city":"orel","baseScore":37.56332436757239,"baseScoreNoCommerce":41.899259475334375,"baseRank":210,"population":932.9881144595216,"blocks":{"housing":0.4306886515976595,"infra":0.6491228070175438,"transport":0,"work":0.015151515151515152,"green":1,"commerce":0.15883648828762492},"indicators":[{"label":"Жильё: плотность","value":211.453},{"label":"Жильё: обеспеченность","value":30.972},{"label":"Жильё: износ","value":11.449},{"label":"Жильё: этажность","value":9.666667},{"label":"Инфраструктура: разнообразие","value":0},{"label":"Инфраструктура: полнота корзины","value":100},{"label":"Рабочие места: обеспеченность","value":0.015151515151515152},{"label":"Рабочие места: плотность","value":0.0003253122285582943},{"label":"Зеленые зоны: доступность","value":100},{"label":"Коммерция: активность ФНС","value":3.573},{"label":"Коммерция: ККТ","value":2.038},{"label":"Коммерция: медианный чек","value":0}]},"geometry":{"type":"Polygon","coordinates":[[[36.055841,52.969951],[36.055841,52.969951],[36.055729,52.970006],[36.055697,52.969982],[36.055697,52.969982],[36.055697,52.969982],[36.054553,52.969121],[36.054553,52.969121],[36.054553,52.969121],[36.054366,52.968981],[36.054082,52.968767],[36.054082,52.968767],[36.054082,52.968767],[36.054081,52.968766],[36.054114,52.968751],[36.055345,52.968175],[36.055346,52.968175],[36.055347,52.968175],[36.055635,52.968032],[36.056216,52.967755],[36.056305,52.967713],[36.056305,52.967712],[36.056306,52.967712],[36.05663,52.967555],[36.05674,52.967504],[36.056783,52.967533],[36.057499,52.968063],[36.057499,52.968063],[36.057499,52.968063],[36.057814,52.968296],[36.057888,52.968352],[36.057889,52.968352],[36.057889,52.968352],[36.058355,52.968695],[36.058382,52.968716],[36.058335,52.968739],[36.057889,52.968956],[36.057889,52.968956],[36.057889,52.968956],[36.057377,52.969204],[36.056425,52.969667],[36.056425,52.969667],[36.056425,52.969667],[36.055841,52.969951],[36.055841,52.969951]]]}},{"type":"Feature","id":"811","properties":{"id":"811","city":"orel","baseScore":72.34022261380683,"baseScoreNoCommerce":67.24297257788996,"baseRank":13,"population":370.41132298754883,"blocks":{"housing":0.3196764554908654,"infra":0.8333333333333334,"transport":1,"work":0.20913884007029876,"green":1,"commerce":0.978264727933912},"indicators":[{"label":"Жильё: плотность","value":124.83},{"label":"Жильё: обеспеченность","value":33.704},{"label":"Жильё: износ","value":31.242},{"label":"Жильё: этажность","value":4.5},{"label":"Инфраструктура: разнообразие","value":0.5},{"label":"Инфраструктура: полнота корзины","value":100},{"label":"Транспорт: доступность","value":100},{"label":"Рабочие места: обеспеченность","value":0.20913884007029876},{"label":"Рабочие места: плотность","value":0.003301060957454828},{"label":"Зеленые зоны: доступность","value":100},{"label":"Коммерция: активность ФНС","value":9.688},{"label":"Коммерция: ККТ","value":107.79},{"label":"Коммерция: медианный чек","value":285.555}]},"geometry":{"type":"Polygon","coordinates":[[[36.060323,52.970026],[36.060286,52.969998],[36.059707,52.969564],[36.05962,52.9695],[36.05962,52.9695],[36.05962,52.9695],[36.059232,52.969209],[36.059186,52.969174],[36.059186,52.969174],[36.059186,52.969174],[36.058649,52.968772],[36.058591,52.968729],[36.058638,52.968706],[36.059281,52.968384],[36.05945,52.968299],[36.05945,52.968299],[36.05945,52.968299],[36.060194,52.967927],[36.060221,52.967946],[36.060624,52.968241],[36.060624,52.968241],[36.060624,52.968241],[36.061313,52.968743],[36.061313,52.968743],[36.061313,52.968743],[36.061635,52.968977],[36.061636,52.968978],[36.061636,52.968978],[36.061781,52.969079],[36.061903,52.969165],[36.061877,52.969234],[36.061843,52.96928],[36.061783,52.969323],[36.061708,52.969364],[36.061484,52.969471],[36.061484,52.969471],[36.061484,52.969471],[36.06082,52.969789],[36.060387,52.969996],[36.060323,52.970026]]]}},{"type":"Feature","id":"812","properties":{"id":"812","city":"orel","baseScore":63.50794193150916,"baseScoreNoCommerce":60.65714403757427,"baseRank":52,"population":312.25602876289065,"blocks":{"housing":0.20800484355760027,"infra":0.7100487329434698,"transport":1,"work":0.1148036253776435,"green":1,"commerce":0.7776193140118358},"indicators":[{"label":"Жильё: плотность","value":66.416},{"label":"Жильё: обеспеченность","value":35.637},{"label":"Жильё: износ","value":48.513},{"label":"Жильё: этажность","value":4.5},{"label":"Инфраструктура: разнообразие","value":0.15277777777777776},{"label":"Инфраструктура: полнота корзины","value":100},{"label":"Транспорт: доступность","value":100},{"label":"Рабочие места: обеспеченность","value":0.1148036253776435},{"label":"Рабочие места: плотность","value":0.0008613714873612743},{"label":"Зеленые зоны: доступность","value":100},{"label":"Коммерция: активность ФНС","value":8.45},{"label":"Коммерция: ККТ","value":28.272},{"label":"Коммерция: медианный чек","value":369.883}]},"geometry":{"type":"Polygon","coordinates":[[[36.056566,52.970621],[36.056566,52.970621],[36.056566,52.970621],[36.056039,52.970234],[36.056039,52.970234],[36.056039,52.970234],[36.055879,52.970117],[36.055822,52.970075],[36.055935,52.970021],[36.056518,52.969737],[36.057471,52.969274],[36.057471,52.969274],[36.057471,52.969274],[36.057982,52.969026],[36.058428,52.968809],[36.058428,52.968809],[36.058428,52.968809],[36.058476,52.968786],[36.058534,52.968829],[36.058534,52.968829],[36.058534,52.968829],[36.05907,52.969231],[36.059116,52.969265],[36.059116,52.969265],[36.059116,52.969265],[36.059505,52.969556],[36.059591,52.969621],[36.059591,52.969621],[36.059591,52.969621],[36.06017,52.970055],[36.06017,52.970055],[36.06017,52.970055],[36.060207,52.970082],[36.060149,52.970112],[36.060149,52.970112],[36.060149,52.970112],[36.059292,52.970549],[36.059125,52.970634],[36.058436,52.970974],[36.058435,52.970975],[36.058435,52.970975],[36.058313,52.971037],[36.058313,52.971037],[36.058313,52.971037],[36.057717,52.971342],[36.057618,52.971393],[36.057551,52.971343],[36.057551,52.971343],[36.057551,52.971343],[36.0568,52.970793],[36.0568,52.970793],[36.0568,52.970793],[36.056647,52.97068],[36.056566,52.970621]]]}},{"type":"Feature","id":"813","properties":{"id":"813","city":"orel","baseScore":72.34022261380683,"baseScoreNoCommerce":67.24297257788996,"baseRank":13,"population":266.8984226213379,"blocks":{"housing":0.3196764554908654,"infra":0.8333333333333334,"transport":1,"work":0.20913884007029876,"green":1,"commerce":0.978264727933912},"indicators":[{"label":"Жильё: плотность","value":124.83},{"label":"Жильё: обеспеченность","value":33.704},{"label":"Жильё: износ","value":31.242},{"label":"Жильё: этажность","value":4.5},{"label":"Инфраструктура: разнообразие","value":0.5},{"label":"Инфраструктура: полнота корзины","value":100},{"label":"Транспорт: доступность","value":100},{"label":"Рабочие места: обеспеченность","value":0.20913884007029876},{"label":"Рабочие места: плотность","value":0.003301060957454828},{"label":"Зеленые зоны: доступность","value":100},{"label":"Коммерция: активность ФНС","value":9.688},{"label":"Коммерция: ККТ","value":107.79},{"label":"Коммерция: медианный чек","value":285.555}]},"geometry":{"type":"Polygon","coordinates":[[[36.060483,52.970145],[36.060417,52.970096],[36.060478,52.970067],[36.060479,52.970066],[36.060479,52.970066],[36.060912,52.969859],[36.060912,52.969859],[36.060912,52.969859],[36.061576,52.969542],[36.061803,52.969433],[36.061806,52.969432],[36.061887,52.969388],[36.061895,52.969383],[36.061964,52.969332],[36.061974,52.969322],[36.062016,52.969267],[36.062021,52.969258],[36.062023,52.969252],[36.062246,52.969416],[36.062731,52.969772],[36.062731,52.969773],[36.062731,52.969773],[36.063215,52.970119],[36.063229,52.970142],[36.063232,52.970166],[36.063217,52.9702],[36.063192,52.970232],[36.063126,52.970278],[36.062738,52.970469],[36.062252,52.9707],[36.062252,52.9707],[36.062252,52.9707],[36.061676,52.970973],[36.061676,52.970973],[36.061676,52.970973],[36.061628,52.970996],[36.061581,52.97096],[36.061027,52.970546],[36.061026,52.970546],[36.061026,52.970546],[36.060483,52.970145]]]}},{"type":"Feature","id":"816","properties":{"id":"816","city":"orel","baseScore":81.68359644897677,"baseScoreNoCommerce":80.15246980966336,"baseRank":2,"population":196.03070983619384,"blocks":{"housing":0.5180067872852809,"infra":0.7870370370370371,"transport":1,"work":0.7025796661608498,"green":1,"commerce":0.8933922964554384},"indicators":[{"label":"Жильё: плотность","value":64.229},{"label":"Жильё: обеспеченность","value":36.42},{"label":"Жильё: износ","value":20.478},{"label":"Жильё: этажность","value":6},{"label":"Инфраструктура: разнообразие","value":0.3611111111111111},{"label":"Инфраструктура: полнота корзины","value":100},{"label":"Транспорт: доступность","value":100},{"label":"Рабочие места: обеспеченность","value":0.7025796661608498},{"label":"Рабочие места: плотность","value":0.015172409863093546},{"label":"Зеленые зоны: доступность","value":100},{"label":"Коммерция: активность ФНС","value":9.56},{"label":"Коммерция: ККТ","value":29.503},{"label":"Коммерция: медианный чек","value":472.92}]},"geometry":{"type":"Polygon","coordinates":[[[36.065386,52.973675],[36.065334,52.973701],[36.065304,52.973681],[36.064166,52.972866],[36.063615,52.972456],[36.063539,52.972394],[36.063581,52.972373],[36.064001,52.97216],[36.064001,52.97216],[36.064001,52.97216],[36.064613,52.97185],[36.064614,52.971849],[36.064614,52.971849],[36.065018,52.971638],[36.065151,52.971568],[36.06536,52.97172],[36.06536,52.97172],[36.06536,52.97172],[36.065547,52.971857],[36.065547,52.971857],[36.065547,52.971857],[36.066041,52.972216],[36.066879,52.972831],[36.066879,52.972831],[36.066879,52.972831],[36.066972,52.972898],[36.066845,52.972962],[36.066632,52.973066],[36.065795,52.973476],[36.065386,52.973675]]]}},{"type":"Feature","id":"817","properties":{"id":"817","city":"orel","baseScore":65.55173338050226,"baseScoreNoCommerce":63.28859385442925,"baseRank":41,"population":788.1208132256836,"blocks":{"housing":0.20243900235754084,"infra":0.8194444444444443,"transport":1,"work":0.1425462459194777,"green":1,"commerce":0.7686743101086724},"indicators":[{"label":"Жильё: плотность","value":123.166},{"label":"Жильё: обеспеченность","value":34.763},{"label":"Жильё: износ","value":46.232},{"label":"Жильё: этажность","value":5.5},{"label":"Инфраструктура: разнообразие","value":0.4583333333333333},{"label":"Инфраструктура: полнота корзины","value":100},{"label":"Транспорт: доступность","value":100},{"label":"Рабочие места: обеспеченность","value":0.1425462459194777},{"label":"Рабочие места: плотность","value":0.002047563364880821},{"label":"Зеленые зоны: доступность","value":100},{"label":"Коммерция: активность ФНС","value":8.154},{"label":"Коммерция: ККТ","value":37.246},{"label":"Коммерция: медианный чек","value":327.136}]},"geometry":{"type":"Polygon","coordinates":[[[36.059843,52.976403],[36.05984,52.976401],[36.05984,52.976401],[36.05984,52.976401],[36.059535,52.976178],[36.058468,52.975398],[36.058468,52.975398],[36.058468,52.975398],[36.05828,52.975261],[36.057546,52.974725],[36.057387,52.974608],[36.057981,52.974315],[36.058231,52.974191],[36.058231,52.974191],[36.058232,52.974191],[36.058636,52.973989],[36.059162,52.973731],[36.059162,52.973731],[36.059162,52.973731],[36.059395,52.973616],[36.059685,52.973472],[36.059992,52.97332],[36.060013,52.97331],[36.060319,52.973536],[36.060809,52.973898],[36.060809,52.973898],[36.060809,52.973898],[36.061413,52.974342],[36.061577,52.974463],[36.061577,52.974463],[36.061577,52.974463],[36.061891,52.974694],[36.061891,52.974694],[36.061891,52.974694],[36.062415,52.975081],[36.062415,52.975081],[36.062415,52.975081],[36.062462,52.975115],[36.06239,52.975149],[36.06239,52.975149],[36.06239,52.975149],[36.061879,52.975401],[36.061879,52.975401],[36.061879,52.975401],[36.060851,52.975907],[36.060762,52.975951],[36.060697,52.975983],[36.060697,52.975983],[36.060697,52.975983],[36.059907,52.976372],[36.059907,52.976372],[36.059907,52.976372],[36.059843,52.976403]]]}},{"type":"Feature","id":"843","properties":{"id":"843","city":"orel","baseScore":47.701383430276074,"baseScoreNoCommerce":48.10564623968756,"baseRank":143,"population":199.03520474726562,"blocks":{"housing":0.46566375629987933,"infra":0.7139376218323586,"transport":1,"work":0.22568093385214008,"green":0,"commerce":0.4568006938321864},"indicators":[{"label":"Жильё: плотность","value":13.588},{"label":"Жильё: обеспеченность","value":30.916},{"label":"Жильё: износ","value":8},{"label":"Жильё: этажность","value":17},{"label":"Инфраструктура: разнообразие","value":0.19444444444444442},{"label":"Инфраструктура: полнота корзины","value":100},{"label":"Транспорт: доступность","value":100},{"label":"Рабочие места: обеспеченность","value":0.22568093385214008},{"label":"Рабочие места: плотность","value":0.0003960263940652934},{"label":"Коммерция: активность ФНС","value":5.794},{"label":"Коммерция: ККТ","value":10.119},{"label":"Коммерция: медианный чек","value":182.475}]},"geometry":{"type":"Polygon","coordinates":[[[36.048725,52.977829],[36.048724,52.977829],[36.048723,52.977829],[36.048057,52.977489],[36.048057,52.977489],[36.048057,52.977489],[36.047619,52.977266],[36.047619,52.977266],[36.047619,52.977266],[36.046667,52.976786],[36.047502,52.976399],[36.047502,52.976398],[36.047503,52.976398],[36.047967,52.976175],[36.047967,52.976175],[36.047968,52.976175],[36.050067,52.975143],[36.050839,52.974764],[36.050839,52.974764],[36.050839,52.974764],[36.050907,52.97473],[36.051736,52.975345],[36.052311,52.975774],[36.052311,52.975774],[36.052311,52.975774],[36.052448,52.975876],[36.052448,52.975876],[36.052448,52.975876],[36.053115,52.976368],[36.053115,52.976368],[36.053115,52.976368],[36.053235,52.976456],[36.05337,52.976554],[36.054565,52.977443],[36.054571,52.977447],[36.054577,52.977451],[36.054864,52.977582],[36.054761,52.977642],[36.054601,52.977734],[36.054601,52.977734],[36.053592,52.978315],[36.053591,52.978316],[36.053591,52.978316],[36.053341,52.978464],[36.053004,52.978664],[36.053003,52.978664],[36.051822,52.979378],[36.051616,52.979279],[36.051615,52.979278],[36.051615,52.979278],[36.051132,52.979059],[36.050553,52.978794],[36.049829,52.978421],[36.048887,52.977917],[36.048725,52.977829]]]}},{"type":"Feature","id":"844","properties":{"id":"844","city":"orel","baseScore":47.701383430276074,"baseScoreNoCommerce":48.10564623968756,"baseRank":143,"population":63.922058090576165,"blocks":{"housing":0.46566375629987933,"infra":0.7139376218323586,"transport":1,"work":0.22568093385214008,"green":0,"commerce":0.4568006938321864},"indicators":[{"label":"Жильё: плотность","value":13.588},{"label":"Жильё: обеспеченность","value":30.916},{"label":"Жильё: износ","value":8},{"label":"Жильё: этажность","value":17},{"label":"Инфраструктура: разнообразие","value":0.19444444444444442},{"label":"Инфраструктура: полнота корзины","value":100},{"label":"Транспорт: доступность","value":100},{"label":"Рабочие места: обеспеченность","value":0.22568093385214008},{"label":"Рабочие места: плотность","value":0.0003960263940652934},{"label":"Коммерция: активность ФНС","value":5.794},{"label":"Коммерция: ККТ","value":10.119},{"label":"Коммерция: медианный чек","value":182.475}]},"geometry":{"type":"Polygon","coordinates":[[[36.047929,52.978607],[36.045449,52.977318],[36.046304,52.976896],[36.046532,52.976839],[36.046569,52.976854],[36.047524,52.977335],[36.047961,52.977557],[36.048626,52.977897],[36.048788,52.977984],[36.048788,52.977984],[36.048788,52.977984],[36.049731,52.978489],[36.049731,52.978489],[36.049732,52.978489],[36.050458,52.978863],[36.05046,52.978864],[36.050461,52.978864],[36.051042,52.979131],[36.051042,52.979131],[36.051042,52.979131],[36.051524,52.979349],[36.051717,52.979442],[36.051073,52.979836],[36.051031,52.979862],[36.050451,52.980202],[36.05045,52.980203],[36.050449,52.980203],[36.050444,52.980206],[36.048525,52.979296],[36.049189,52.978913],[36.048347,52.97844],[36.047929,52.978607]]]}},{"type":"Feature","id":"858","properties":{"id":"858","city":"orel","baseScore":63.594754724083856,"baseScoreNoCommerce":59.34293956182849,"baseRank":51,"population":459.0731181462891,"blocks":{"housing":0.2915962109894442,"infra":0.723196881091618,"transport":1,"work":0.20725388601036268,"green":0.7451,"commerce":0.8485383053536071},"indicators":[{"label":"Жильё: плотность","value":75.518},{"label":"Жильё: обеспеченность","value":39.853},{"label":"Жильё: износ","value":58.18},{"label":"Жильё: этажность","value":5},{"label":"Инфраструктура: разнообразие","value":0.2222222222222222},{"label":"Инфраструктура: полнота корзины","value":100},{"label":"Транспорт: доступность","value":100},{"label":"Рабочие места: обеспеченность","value":0.20725388601036268},{"label":"Рабочие места: плотность","value":0.0019743345768299474},{"label":"Зеленые зоны: доступность","value":74.51},{"label":"Коммерция: активность ФНС","value":8.77},{"label":"Коммерция: ККТ","value":40.627},{"label":"Коммерция: медианный чек","value":412.629}]},"geometry":{"type":"Polygon","coordinates":[[[36.049932,52.969448],[36.050681,52.969224],[36.050959,52.969671],[36.050959,52.969671],[36.051267,52.970164],[36.051267,52.970164],[36.051267,52.970164],[36.051312,52.970235],[36.051315,52.970239],[36.051965,52.971015],[36.052256,52.971424],[36.052284,52.971474],[36.052046,52.971531],[36.052046,52.971531],[36.052046,52.971531],[36.050343,52.971941],[36.050099,52.971999],[36.050099,52.971999],[36.050099,52.971999],[36.048524,52.972379],[36.048523,52.97238],[36.048523,52.97238],[36.048204,52.972459],[36.048097,52.972279],[36.047297,52.971595],[36.047495,52.97152],[36.047952,52.971396],[36.048161,52.971348],[36.048355,52.971304],[36.049015,52.971151],[36.049155,52.971119],[36.04934,52.971077],[36.048868,52.970049],[36.048718,52.969716],[36.04975,52.969494],[36.049932,52.969448]]]}},{"type":"Feature","id":"867","properties":{"id":"867","city":"orel","baseScore":59.61578114732122,"baseScoreNoCommerce":68.44805022592195,"baseRank":72,"population":21.003969340698244,"blocks":{"housing":0.4418620797574802,"infra":0.7046783625730993,"transport":1,"work":0.27586206896551724,"green":1,"commerce":0.15454435754317658},"indicators":[{"label":"Жильё: плотность","value":19.363},{"label":"Жильё: обеспеченность","value":38.586},{"label":"Жильё: износ","value":35},{"label":"Жильё: этажность","value":2},{"label":"Инфраструктура: разнообразие","value":0.16666666666666666},{"label":"Инфраструктура: полнота корзины","value":100},{"label":"Транспорт: доступность","value":100},{"label":"Рабочие места: обеспеченность","value":0.27586206896551724},{"label":"Рабочие места: плотность","value":0.0007376208758581748},{"label":"Зеленые зоны: доступность","value":100},{"label":"Коммерция: активность ФНС","value":6.174},{"label":"Коммерция: ККТ","value":0.172},{"label":"Коммерция: медианный чек","value":0}]},"geometry":{"type":"Polygon","coordinates":[[[36.046744,52.972736],[36.046773,52.972799],[36.046766,52.9728],[36.046766,52.9728],[36.046766,52.9728],[36.046514,52.972862],[36.046514,52.972862],[36.046514,52.972862],[36.046092,52.972965],[36.045885,52.973004],[36.045749,52.972984],[36.045694,52.972964],[36.045643,52.972931],[36.045581,52.972864],[36.045576,52.972707],[36.045589,52.972287],[36.045589,52.972286],[36.045592,52.972091],[36.045586,52.972073],[36.045539,52.972008],[36.045527,52.971996],[36.045503,52.97198],[36.045488,52.971858],[36.045661,52.971849],[36.046049,52.971792],[36.046307,52.971732],[36.046623,52.97175],[36.046738,52.972002],[36.04674,52.972162],[36.046741,52.972329],[36.046744,52.972512],[36.046744,52.972736]]]}},{"type":"Feature","id":"879","properties":{"id":"879","city":"orel","baseScore":61.56293897549475,"baseScoreNoCommerce":62.81919361698039,"baseRank":59,"population":2122.3619671495117,"blocks":{"housing":0.47127119576047555,"infra":0.6678070175438596,"transport":1,"work":0.0018814675446848542,"green":1,"commerce":0.5528166576806651},"indicators":[{"label":"Жильё: плотность","value":257.948},{"label":"Жильё: обеспеченность","value":32.721},{"label":"Жильё: износ","value":13.11},{"label":"Жильё: этажность","value":11.1},{"label":"Инфраструктура: разнообразие","value":0.125},{"label":"Инфраструктура: полнота корзины","value":100},{"label":"Транспорт: доступность","value":100},{"label":"Рабочие места: обеспеченность","value":0.0018814675446848542},{"label":"Рабочие места: плотность","value":0.00004862358809028514},{"label":"Зеленые зоны: доступность","value":100},{"label":"Коммерция: активность ФНС","value":8.209},{"label":"Коммерция: ККТ","value":11.237},{"label":"Коммерция: медианный чек","value":380.5}]},"geometry":{"type":"Polygon","coordinates":[[[36.035991,52.974675],[36.035642,52.97276],[36.039212,52.972563],[36.03928,52.973028],[36.039996,52.973002],[36.040104,52.974096],[36.03935,52.974172],[36.039193,52.974877],[36.037879,52.974876],[36.037983,52.976107],[36.037721,52.976189],[36.03653,52.976214],[36.036575,52.976583],[36.036283,52.976585],[36.036215,52.976142],[36.036212,52.976114],[36.036212,52.976113],[36.036212,52.976113],[36.036139,52.975595],[36.036139,52.975595],[36.036139,52.975595],[36.036131,52.975544],[36.036131,52.975544],[36.036131,52.975544],[36.036043,52.975017],[36.035991,52.974675]]]}},{"type":"Feature","id":"882","properties":{"id":"882","city":"orel","baseScore":63.799442118499826,"baseScoreNoCommerce":63.09261791697517,"baseRank":49,"population":437.07690123952636,"blocks":{"housing":0.39671742221641415,"infra":0.7268713450292399,"transport":1,"work":0.031042128603104215,"green":1,"commerce":0.6733356312612309},"indicators":[{"label":"Жильё: плотность","value":80.387},{"label":"Жильё: обеспеченность","value":34.054},{"label":"Жильё: износ","value":24.778},{"label":"Жильё: этажность","value":5},{"label":"Инфраструктура: разнообразие","value":0.2916666666666667},{"label":"Инфраструктура: полнота корзины","value":100},{"label":"Транспорт: доступность","value":100},{"label":"Рабочие места: обеспеченность","value":0.031042128603104215},{"label":"Рабочие места: плотность","value":0.00025753145737576386},{"label":"Зеленые зоны: доступность","value":100},{"label":"Коммерция: активность ФНС","value":8.229},{"label":"Коммерция: ККТ","value":18.06},{"label":"Коммерция: медианный чек","value":78.083}]},"geometry":{"type":"Polygon","coordinates":[[[36.037963,52.972517],[36.037722,52.972538],[36.036559,52.972595],[36.036559,52.972595],[36.036558,52.972595],[36.035701,52.972643],[36.035701,52.972643],[36.035701,52.972643],[36.03563,52.972647],[36.035628,52.972369],[36.035627,52.972366],[36.035627,52.972363],[36.03556,52.97209],[36.035502,52.971726],[36.035449,52.971364],[36.035457,52.971284],[36.035518,52.97128],[36.036557,52.971214],[36.037671,52.971144],[36.037671,52.971144],[36.037672,52.971144],[36.038244,52.971106],[36.038371,52.971098],[36.038636,52.97108],[36.03874,52.971075],[36.038941,52.971067],[36.039086,52.971085],[36.039481,52.971221],[36.03976,52.971335],[36.039761,52.971335],[36.039762,52.971336],[36.040936,52.971782],[36.040936,52.971782],[36.040937,52.971783],[36.04113,52.971853],[36.041132,52.971853],[36.041134,52.971854],[36.041135,52.971854],[36.041089,52.971909],[36.040814,52.972108],[36.040636,52.972238],[36.040476,52.972311],[36.040346,52.972371],[36.040168,52.972422],[36.040009,52.972476],[36.039107,52.972517],[36.037963,52.972517]]]}},{"type":"Feature","id":"935","properties":{"id":"935","city":"orel","baseScore":34.56021904157682,"baseScoreNoCommerce":35.19735076689156,"baseRank":237,"population":973.1711738604128,"blocks":{"housing":0.5610045869894621,"infra":0.1978362573099415,"transport":1,"work":0.001026694045174538,"green":0,"commerce":0.3137456041500313},"indicators":[{"label":"Жильё: плотность","value":173.473},{"label":"Жильё: обеспеченность","value":34.621},{"label":"Жильё: износ","value":10.413},{"label":"Жильё: этажность","value":5.888889},{"label":"Инфраструктура: разнообразие","value":0.16666666666666666},{"label":"Инфраструктура: полнота корзины","value":0},{"label":"Транспорт: доступность","value":100},{"label":"Рабочие места: обеспеченность","value":0.001026694045174538},{"label":"Рабочие места: плотность","value":0.000017828707945762335},{"label":"Коммерция: активность ФНС","value":8.607},{"label":"Коммерция: ККТ","value":4.267},{"label":"Коммерция: медианный чек","value":0}]},"geometry":{"type":"Polygon","coordinates":[[[36.029554,52.968165],[36.028967,52.968199],[36.028967,52.968199],[36.028966,52.968199],[36.028476,52.968231],[36.028475,52.968231],[36.028475,52.968231],[36.028295,52.968245],[36.02781,52.968273],[36.027808,52.968274],[36.027807,52.968274],[36.027426,52.968305],[36.027426,52.968305],[36.027426,52.968305],[36.026662,52.968369],[36.026451,52.9676],[36.026451,52.9676],[36.026451,52.967599],[36.026421,52.967493],[36.026347,52.967219],[36.026346,52.967218],[36.026346,52.967218],[36.026282,52.967016],[36.026029,52.966203],[36.02763,52.966084],[36.029132,52.965979],[36.029237,52.96634],[36.029237,52.966341],[36.029237,52.966341],[36.029467,52.967112],[36.029586,52.967573],[36.029658,52.968107],[36.029634,52.968158],[36.029621,52.968172],[36.029578,52.968166],[36.029554,52.968165]]]}},{"type":"Feature","id":"946","properties":{"id":"946","city":"orel","baseScore":34.56021904157682,"baseScoreNoCommerce":35.19735076689156,"baseRank":237,"population":1254.9305859851686,"blocks":{"housing":0.5610045869894621,"infra":0.1978362573099415,"transport":1,"work":0.001026694045174538,"green":0,"commerce":0.3137456041500313},"indicators":[{"label":"Жильё: плотность","value":173.473},{"label":"Жильё: обеспеченность","value":34.621},{"label":"Жильё: износ","value":10.413},{"label":"Жильё: этажность","value":5.888889},{"label":"Инфраструктура: разнообразие","value":0.16666666666666666},{"label":"Инфраструктура: полнота корзины","value":0},{"label":"Транспорт: доступность","value":100},{"label":"Рабочие места: обеспеченность","value":0.001026694045174538},{"label":"Рабочие места: плотность","value":0.000017828707945762335},{"label":"Коммерция: активность ФНС","value":8.607},{"label":"Коммерция: ККТ","value":4.267},{"label":"Коммерция: медианный чек","value":0}]},"geometry":{"type":"Polygon","coordinates":[[[36.021902,52.966835],[36.021882,52.966592],[36.021877,52.966502],[36.021471,52.966505],[36.021237,52.966441],[36.021735,52.966126],[36.022241,52.965907],[36.022273,52.965894],[36.022861,52.965735],[36.023448,52.965656],[36.025179,52.965537],[36.025179,52.965537],[36.02518,52.965537],[36.025928,52.965477],[36.027103,52.9654],[36.027104,52.9654],[36.027104,52.9654],[36.03055,52.965143],[36.030552,52.965142],[36.032662,52.964964],[36.032664,52.964963],[36.032666,52.964963],[36.033912,52.964815],[36.033916,52.964815],[36.033929,52.964813],[36.034002,52.965173],[36.034058,52.965338],[36.034118,52.965502],[36.029185,52.965853],[36.029189,52.965884],[36.029185,52.965885],[36.027612,52.965995],[36.027612,52.965995],[36.025932,52.96612],[36.02593,52.96612],[36.025928,52.96612],[36.025919,52.966122],[36.02591,52.966123],[36.025908,52.966124],[36.025906,52.966125],[36.025898,52.966128],[36.025891,52.966131],[36.025889,52.966132],[36.025887,52.966133],[36.025882,52.966138],[36.025876,52.966142],[36.025875,52.966144],[36.025874,52.966145],[36.025871,52.96615],[36.025868,52.966156],[36.025868,52.966157],[36.025868,52.966158],[36.025868,52.966164],[36.025867,52.96617],[36.025868,52.966171],[36.025868,52.966172],[36.025953,52.966447],[36.021902,52.966835]]]}},{"type":"Feature","id":"949","properties":{"id":"949","city":"orel","baseScore":34.56021904157682,"baseScoreNoCommerce":35.19735076689156,"baseRank":237,"population":1712.2845864525025,"blocks":{"housing":0.5610045869894621,"infra":0.1978362573099415,"transport":1,"work":0.001026694045174538,"green":0,"commerce":0.3137456041500313},"indicators":[{"label":"Жильё: плотность","value":173.473},{"label":"Жильё: обеспеченность","value":34.621},{"label":"Жильё: износ","value":10.413},{"label":"Жильё: этажность","value":5.888889},{"label":"Инфраструктура: разнообразие","value":0.16666666666666666},{"label":"Инфраструктура: полнота корзины","value":0},{"label":"Транспорт: доступность","value":100},{"label":"Рабочие места: обеспеченность","value":0.001026694045174538},{"label":"Рабочие места: плотность","value":0.000017828707945762335},{"label":"Коммерция: активность ФНС","value":8.607},{"label":"Коммерция: ККТ","value":4.267},{"label":"Коммерция: медианный чек","value":0}]},"geometry":{"type":"Polygon","coordinates":[[[36.029383,52.966325],[36.02928,52.965968],[36.03281,52.965719],[36.032811,52.965719],[36.032811,52.965719],[36.034181,52.965608],[36.034183,52.965608],[36.034184,52.965608],[36.034254,52.965601],[36.034359,52.965826],[36.034452,52.966143],[36.034791,52.967937],[36.034809,52.968083],[36.034696,52.968089],[36.034695,52.968089],[36.034694,52.968089],[36.033441,52.96817],[36.033441,52.96817],[36.033441,52.96817],[36.032316,52.968246],[36.032207,52.968252],[36.032207,52.968252],[36.032207,52.968252],[36.031097,52.968318],[36.031097,52.968318],[36.031097,52.968318],[36.029976,52.96839],[36.029749,52.968219],[36.029768,52.968197],[36.029775,52.968187],[36.029805,52.968123],[36.029807,52.968107],[36.029734,52.967564],[36.029733,52.967562],[36.029733,52.967561],[36.029614,52.967098],[36.029613,52.967097],[36.029613,52.967097],[36.029383,52.966325]]]}},{"type":"Feature","id":"951","properties":{"id":"951","city":"orel","baseScore":33.00759179085108,"baseScoreNoCommerce":38.40350877192982,"baseRank":245,"population":125.01876911121826,"blocks":{"housing":1,"infra":0.11217543859649122,"transport":0,"work":0,"green":0.808,"commerce":0.06028006885457389},"indicators":[{"label":"Жильё: плотность","value":15.849},{"label":"Жильё: обеспеченность","value":68.98},{"label":"Инфраструктура: разнообразие","value":0},{"label":"Инфраструктура: полнота корзины","value":1.6},{"label":"Зеленые зоны: доступность","value":80.8},{"label":"Коммерция: активность ФНС","value":3},{"label":"Коммерция: ККТ","value":0.005},{"label":"Коммерция: медианный чек","value":0}]},"geometry":{"type":"Polygon","coordinates":[[[36.028871,52.988184],[36.02944,52.988543],[36.02995,52.988884],[36.029957,52.988889],[36.02905,52.989399],[36.029121,52.989505],[36.027895,52.990185],[36.024558,52.991958],[36.024292,52.992112],[36.022344,52.991217],[36.025945,52.989348],[36.027444,52.988798],[36.028871,52.988184]]]}},{"type":"Feature","id":"953","properties":{"id":"953","city":"orel","baseScore":55.36621240009582,"baseScoreNoCommerce":53.655362357114925,"baseRank":87,"population":4985.859847041651,"blocks":{"housing":0.7118229182913582,"infra":0.739083820662768,"transport":0.8658,"work":0.015211378901619914,"green":0.35085,"commerce":0.639204626150003},"indicators":[{"label":"Жильё: плотность","value":114.694},{"label":"Жильё: обеспеченность","value":38.656},{"label":"Жильё: износ","value":8.605},{"label":"Жильё: этажность","value":10.347826},{"label":"Инфраструктура: разнообразие","value":0.5277777777777778},{"label":"Инфраструктура: полнота корзины","value":100},{"label":"Транспорт: доступность","value":86.58},{"label":"Рабочие места: обеспеченность","value":0.015211378901619914},{"label":"Рабочие места: плотность","value":0.00017715952707437986},{"label":"Зеленые зоны: доступность","value":35.085},{"label":"Коммерция: активность ФНС","value":9.334},{"label":"Коммерция: ККТ","value":103.499},{"label":"Коммерция: медианный чек","value":62.416}]},"geometry":{"type":"Polygon","coordinates":[[[36.033977,52.993312],[36.033677,52.993059],[36.033755,52.993],[36.033756,52.992999],[36.03419,52.992653],[36.034192,52.992651],[36.034485,52.992398],[36.034486,52.992396],[36.034792,52.992109],[36.034872,52.992035],[36.034873,52.992034],[36.034874,52.992033],[36.035491,52.991401],[36.035491,52.991401],[36.035492,52.991401],[36.035867,52.991006],[36.036474,52.990393],[36.036474,52.990393],[36.036729,52.990133],[36.037298,52.989559],[36.03746,52.989411],[36.037665,52.989251],[36.037867,52.989123],[36.037977,52.989064],[36.038329,52.988898],[36.039351,52.988434],[36.03966,52.9883],[36.03966,52.988299],[36.039661,52.988299],[36.039912,52.988187],[36.040811,52.987782],[36.041071,52.987666],[36.041071,52.987666],[36.041071,52.987666],[36.04108,52.987661],[36.041208,52.987752],[36.041436,52.987913],[36.041438,52.987914],[36.041439,52.987915],[36.041918,52.988221],[36.041942,52.988242],[36.041946,52.988244],[36.041949,52.988247],[36.042134,52.988367],[36.042455,52.988585],[36.043477,52.989279],[36.043477,52.989279],[36.043477,52.989279],[36.044331,52.989858],[36.0446,52.990056],[36.0446,52.990056],[36.044601,52.990057],[36.0457,52.990844],[36.046542,52.991471],[36.046543,52.991472],[36.046545,52.991473],[36.046748,52.991609],[36.04687,52.991693],[36.046871,52.991693],[36.046871,52.991694],[36.046966,52.991755],[36.046967,52.991756],[36.046968,52.991757],[36.04771,52.992206],[36.047385,52.992598],[36.047262,52.992741],[36.046997,52.992899],[36.046167,52.993295],[36.046166,52.993296],[36.046165,52.993297],[36.045518,52.99363],[36.044798,52.993077],[36.044722,52.993017],[36.044712,52.992997],[36.044724,52.992956],[36.044725,52.99295],[36.044725,52.992943],[36.044725,52.992943],[36.044725,52.992942],[36.044722,52.992936],[36.044719,52.99293],[36.044718,52.992929],[36.044718,52.992929],[36.044712,52.992923],[36.044706,52.992918],[36.044705,52.992918],[36.044705,52.992917],[36.044696,52.992913],[36.044688,52.992909],[36.044687,52.992909],[36.044686,52.992909],[36.044676,52.992907],[36.044666,52.992904],[36.044665,52.992904],[36.044664,52.992904],[36.044653,52.992904],[36.044643,52.992904],[36.044642,52.992904],[36.044641,52.992904],[36.044631,52.992906],[36.04462,52.992907],[36.04462,52.992908],[36.044619,52.992908],[36.04461,52.992912],[36.044601,52.992915],[36.042405,52.994122],[36.041404,52.994671],[36.041397,52.994677],[36.04139,52.994682],[36.04139,52.994682],[36.04139,52.994682],[36.041386,52.994689],[36.041382,52.994695],[36.041382,52.994695],[36.041381,52.994695],[36.041381,52.994702],[36.04138,52.994709],[36.04138,52.994709],[36.04138,52.994709],[36.041383,52.994716],[36.041386,52.994722],[36.041386,52.994723],[36.041387,52.994723],[36.041393,52.994729],[36.041399,52.994734],[36.0414,52.994735],[36.040071,52.995474],[36.040161,52.99579],[36.03908,52.995798],[36.038314,52.995331],[36.039105,52.994856],[36.037786,52.993991],[36.037348,52.993722],[36.036845,52.993407],[36.036783,52.993442],[36.035609,52.994234],[36.033977,52.993312]]]}},{"type":"Feature","id":"954","properties":{"id":"954","city":"orel","baseScore":55.36621240009582,"baseScoreNoCommerce":53.655362357114925,"baseRank":87,"population":1323.832243983667,"blocks":{"housing":0.7118229182913582,"infra":0.739083820662768,"transport":0.8658,"work":0.015211378901619914,"green":0.35085,"commerce":0.639204626150003},"indicators":[{"label":"Жильё: плотность","value":114.694},{"label":"Жильё: обеспеченность","value":38.656},{"label":"Жильё: износ","value":8.605},{"label":"Жильё: этажность","value":10.347826},{"label":"Инфраструктура: разнообразие","value":0.5277777777777778},{"label":"Инфраструктура: полнота корзины","value":100},{"label":"Транспорт: доступность","value":86.58},{"label":"Рабочие места: обеспеченность","value":0.015211378901619914},{"label":"Рабочие места: плотность","value":0.00017715952707437986},{"label":"Зеленые зоны: доступность","value":35.085},{"label":"Коммерция: активность ФНС","value":9.334},{"label":"Коммерция: ККТ","value":103.499},{"label":"Коммерция: медианный чек","value":62.416}]},"geometry":{"type":"Polygon","coordinates":[[[36.04355,52.996172],[36.043211,52.995946],[36.043201,52.995933],[36.043105,52.99584],[36.043102,52.995837],[36.042484,52.995339],[36.042482,52.995338],[36.04248,52.995336],[36.041559,52.994708],[36.042505,52.994189],[36.042506,52.994189],[36.042506,52.994189],[36.044581,52.993048],[36.044582,52.993049],[36.044595,52.993065],[36.044681,52.993132],[36.044681,52.993132],[36.044681,52.993132],[36.045449,52.993723],[36.04545,52.993723],[36.045451,52.993724],[36.045459,52.993728],[36.045466,52.993732],[36.045468,52.993733],[36.045469,52.993733],[36.045478,52.993736],[36.045487,52.993738],[36.045489,52.993738],[36.04549,52.993739],[36.045501,52.993739],[36.045511,52.99374],[36.045512,52.99374],[36.045514,52.99374],[36.045524,52.993738],[36.045533,52.993737],[36.045535,52.993737],[36.045536,52.993736],[36.045545,52.993733],[36.045554,52.99373],[36.045555,52.99373],[36.045556,52.993729],[36.046261,52.993365],[36.046995,52.993015],[36.047078,52.993289],[36.047083,52.993299],[36.04741,52.993739],[36.047415,52.993743],[36.047876,52.994202],[36.047888,52.994211],[36.048607,52.994624],[36.048609,52.994625],[36.04946,52.995083],[36.049552,52.995141],[36.048152,52.995728],[36.04355,52.996172]]]}},{"type":"Feature","id":"963","properties":{"id":"963","city":"orel","baseScore":54.14642118086718,"baseScoreNoCommerce":55.56972373671727,"baseRank":98,"population":661.1102777250854,"blocks":{"housing":0.2987777657832323,"infra":0.5023984210526315,"transport":1,"work":0,"green":0.97731,"commerce":0.47029908401616716},"indicators":[{"label":"Жильё: плотность","value":85.163},{"label":"Жильё: обеспеченность","value":34.701},{"label":"Жильё: износ","value":36.531},{"label":"Жильё: этажность","value":4.666667},{"label":"Инфраструктура: разнообразие","value":0.125},{"label":"Инфраструктура: полнота корзины","value":54.009},{"label":"Транспорт: доступность","value":100},{"label":"Зеленые зоны: доступность","value":97.731},{"label":"Коммерция: активность ФНС","value":6.232},{"label":"Коммерция: ККТ","value":12.582},{"label":"Коммерция: медианный чек","value":32.157}]},"geometry":{"type":"Polygon","coordinates":[[[36.048572,52.984957],[36.047806,52.985336],[36.047801,52.985332],[36.046698,52.984689],[36.046697,52.984689],[36.046479,52.984564],[36.046177,52.984358],[36.046172,52.984356],[36.046168,52.984353],[36.045951,52.984248],[36.046459,52.98379],[36.046459,52.98379],[36.046459,52.98379],[36.046935,52.983355],[36.047183,52.983129],[36.047306,52.983017],[36.047306,52.983017],[36.047306,52.983017],[36.047935,52.982433],[36.048476,52.981932],[36.048476,52.981932],[36.048476,52.981932],[36.048537,52.981875],[36.048661,52.981921],[36.048661,52.981921],[36.048661,52.981921],[36.049088,52.982083],[36.049088,52.982083],[36.049088,52.982083],[36.049427,52.98221],[36.050484,52.982613],[36.050792,52.982734],[36.050792,52.982734],[36.050792,52.982734],[36.051201,52.982894],[36.051202,52.982894],[36.051203,52.982895],[36.051831,52.983127],[36.051773,52.98318],[36.051071,52.98361],[36.050724,52.98379],[36.049483,52.984433],[36.049096,52.984633],[36.048572,52.984957]]]}},{"type":"Feature","id":"964","properties":{"id":"964","city":"orel","baseScore":53.2526411947789,"baseScoreNoCommerce":52.27169121441475,"baseRank":107,"population":2333.3730429990233,"blocks":{"housing":0.22429652953165363,"infra":0.722768031189084,"transport":1,"work":0,"green":0.66652,"commerce":0.5815739109659963},"indicators":[{"label":"Жильё: плотность","value":114.96},{"label":"Жильё: обеспеченность","value":34.193},{"label":"Жильё: износ","value":42.231},{"label":"Жильё: этажность","value":6.318182},{"label":"Инфраструктура: разнообразие","value":0.27777777777777773},{"label":"Инфраструктура: полнота корзины","value":100},{"label":"Транспорт: доступность","value":100},{"label":"Зеленые зоны: доступность","value":66.652},{"label":"Коммерция: активность ФНС","value":8.514},{"label":"Коммерция: ККТ","value":28.777},{"label":"Коммерция: медианный чек","value":122.244}]},"geometry":{"type":"Polygon","coordinates":[[[36.060652,52.985695],[36.061109,52.98569],[36.061217,52.986258],[36.061287,52.986625],[36.061359,52.987062],[36.06136,52.987063],[36.06136,52.987063],[36.061433,52.987441],[36.0615,52.987809],[36.061505,52.987837],[36.06151,52.987864],[36.061515,52.98791],[36.061516,52.987912],[36.0616,52.988372],[36.0616,52.988372],[36.0616,52.988372],[36.061638,52.988577],[36.061683,52.988821],[36.061727,52.989118],[36.061727,52.989118],[36.061727,52.989118],[36.061746,52.989233],[36.061746,52.989234],[36.061746,52.989234],[36.061788,52.989468],[36.061798,52.989534],[36.06181,52.989617],[36.06181,52.989617],[36.06181,52.989617],[36.061853,52.989916],[36.061853,52.989917],[36.061853,52.989918],[36.061865,52.989979],[36.060372,52.990083],[36.058934,52.990177],[36.058752,52.990188],[36.058752,52.990188],[36.058752,52.990188],[36.057253,52.990278],[36.057138,52.990284],[36.057138,52.990285],[36.057137,52.990284],[36.056589,52.990317],[36.056589,52.990318],[36.056588,52.990318],[36.056047,52.990353],[36.055707,52.990372],[36.055595,52.990353],[36.055488,52.990329],[36.055391,52.990299],[36.055329,52.990275],[36.05532,52.990261],[36.055318,52.990259],[36.055317,52.990257],[36.055312,52.990253],[36.055309,52.990249],[36.055306,52.990247],[36.055304,52.990245],[36.055167,52.990159],[36.055164,52.990157],[36.055085,52.990112],[36.055076,52.990108],[36.055067,52.990104],[36.055032,52.990094],[36.055017,52.99009],[36.054974,52.990084],[36.054971,52.990084],[36.054969,52.990083],[36.054817,52.990067],[36.054698,52.99005],[36.054616,52.990036],[36.054598,52.990025],[36.054484,52.989952],[36.05267,52.988781],[36.05267,52.988781],[36.05267,52.988781],[36.05246,52.988646],[36.052459,52.988645],[36.052458,52.988644],[36.052375,52.988594],[36.052783,52.988412],[36.054099,52.987666],[36.054469,52.987862],[36.055138,52.988288],[36.055356,52.988428],[36.055993,52.988837],[36.057543,52.988003],[36.05751,52.987829],[36.057815,52.987696],[36.057831,52.987686],[36.05784,52.987673],[36.057843,52.987659],[36.057838,52.987645],[36.057826,52.987633],[36.056562,52.986692],[36.056818,52.986554],[36.057639,52.986147],[36.057595,52.986073],[36.058205,52.985776],[36.059,52.985739],[36.060652,52.985695]]]}},{"type":"Feature","id":"965","properties":{"id":"965","city":"orel","baseScore":53.2526411947789,"baseScoreNoCommerce":52.27169121441475,"baseRank":107,"population":5637.318135641602,"blocks":{"housing":0.22429652953165363,"infra":0.722768031189084,"transport":1,"work":0,"green":0.66652,"commerce":0.5815739109659963},"indicators":[{"label":"Жильё: плотность","value":114.96},{"label":"Жильё: обеспеченность","value":34.193},{"label":"Жильё: износ","value":42.231},{"label":"Жильё: этажность","value":6.318182},{"label":"Инфраструктура: разнообразие","value":0.27777777777777773},{"label":"Инфраструктура: полнота корзины","value":100},{"label":"Транспорт: доступность","value":100},{"label":"Зеленые зоны: доступность","value":66.652},{"label":"Коммерция: активность ФНС","value":8.514},{"label":"Коммерция: ККТ","value":28.777},{"label":"Коммерция: медианный чек","value":122.244}]},"geometry":{"type":"Polygon","coordinates":[[[36.065494,52.990052],[36.064959,52.989979],[36.064634,52.989933],[36.064631,52.989933],[36.064326,52.989899],[36.064326,52.989899],[36.064325,52.989899],[36.064061,52.989871],[36.064056,52.989871],[36.063926,52.989863],[36.063923,52.989863],[36.06392,52.989862],[36.063551,52.989859],[36.063546,52.989859],[36.063541,52.989859],[36.063469,52.989864],[36.062142,52.989961],[36.062013,52.989969],[36.062001,52.989908],[36.061958,52.989609],[36.061946,52.989527],[36.061937,52.98946],[36.061936,52.98946],[36.061936,52.989459],[36.061894,52.989224],[36.061875,52.98911],[36.061831,52.988812],[36.061831,52.988812],[36.061831,52.988811],[36.061786,52.988567],[36.061786,52.988567],[36.061786,52.988567],[36.061748,52.988362],[36.061664,52.987903],[36.061659,52.987857],[36.061658,52.987856],[36.061653,52.987828],[36.061653,52.987828],[36.061653,52.987828],[36.061648,52.9878],[36.061648,52.9878],[36.06158,52.987431],[36.06158,52.987431],[36.06158,52.98743],[36.061508,52.987053],[36.061435,52.986616],[36.061435,52.986616],[36.061435,52.986615],[36.061365,52.986248],[36.061365,52.986248],[36.061365,52.986248],[36.061206,52.985416],[36.061204,52.985397],[36.061463,52.985381],[36.06167,52.985373],[36.06167,52.985373],[36.061671,52.985373],[36.063088,52.985302],[36.063088,52.985302],[36.063088,52.985302],[36.063831,52.985261],[36.064862,52.985206],[36.066196,52.985136],[36.066197,52.985136],[36.066197,52.985136],[36.06686,52.985101],[36.06686,52.985101],[36.066861,52.985101],[36.067019,52.985091],[36.06826,52.985021],[36.069278,52.984973],[36.069278,52.984973],[36.069279,52.984973],[36.070019,52.984935],[36.07002,52.984935],[36.070021,52.984935],[36.070766,52.984889],[36.070773,52.984888],[36.07078,52.984887],[36.070931,52.98486],[36.070935,52.984858],[36.07094,52.984858],[36.071562,52.984689],[36.071903,52.984597],[36.072193,52.98452],[36.072276,52.984626],[36.072654,52.985121],[36.073125,52.985742],[36.073125,52.985742],[36.073309,52.985983],[36.073309,52.985983],[36.073309,52.985983],[36.073384,52.986081],[36.073931,52.986799],[36.074085,52.987003],[36.074396,52.987428],[36.074549,52.987646],[36.074549,52.987646],[36.074549,52.987646],[36.074818,52.988026],[36.075225,52.988611],[36.075559,52.989091],[36.075559,52.989091],[36.075559,52.989091],[36.075782,52.989412],[36.075783,52.989413],[36.075897,52.989561],[36.075898,52.989562],[36.075898,52.989562],[36.075985,52.989666],[36.075747,52.989748],[36.075677,52.989762],[36.07559,52.989772],[36.074967,52.989815],[36.074967,52.989816],[36.074967,52.989816],[36.074104,52.989881],[36.073926,52.989894],[36.073707,52.989908],[36.073707,52.989908],[36.073707,52.989908],[36.073571,52.989917],[36.073571,52.989917],[36.073571,52.989917],[36.073527,52.98992],[36.073526,52.98992],[36.073082,52.989953],[36.073082,52.989953],[36.073082,52.989953],[36.071255,52.990091],[36.071255,52.990091],[36.071254,52.990091],[36.070678,52.990136],[36.070426,52.990155],[36.070144,52.990175],[36.070144,52.990176],[36.070144,52.990176],[36.069977,52.990188],[36.069888,52.990194],[36.069888,52.990194],[36.069887,52.990194],[36.069014,52.990259],[36.068441,52.990287],[36.067818,52.990278],[36.067272,52.990254],[36.066953,52.990229],[36.06663,52.990197],[36.066498,52.990182],[36.065494,52.990052]]]}},{"type":"Feature","id":"966","properties":{"id":"966","city":"orel","baseScore":57.66081934958609,"baseScoreNoCommerce":56.120670645670025,"baseRank":81,"population":1129.2370041067138,"blocks":{"housing":0.22172881445841974,"infra":0.8587524366471735,"transport":0.93608,"work":0.02551228117790745,"green":0.76396,"commerce":0.6536156286916641},"indicators":[{"label":"Жильё: плотность","value":146.462},{"label":"Жильё: обеспеченность","value":34.087},{"label":"Жильё: износ","value":42.141},{"label":"Жильё: этажность","value":6.9},{"label":"Инфраструктура: разнообразие","value":0.6388888888888888},{"label":"Инфраструктура: полнота корзины","value":100},{"label":"Транспорт: доступность","value":93.608},{"label":"Рабочие места: обеспеченность","value":0.02551228117790745},{"label":"Рабочие места: плотность","value":0.0003834400637213049},{"label":"Зеленые зоны: доступность","value":76.396},{"label":"Коммерция: активность ФНС","value":8.661},{"label":"Коммерция: ККТ","value":86.914},{"label":"Коммерция: медианный чек","value":219.326}]},"geometry":{"type":"Polygon","coordinates":[[[36.071845,52.991516],[36.071515,52.990162],[36.0731,52.990042],[36.073544,52.99001],[36.073588,52.990007],[36.073723,52.989997],[36.073942,52.989983],[36.073943,52.989983],[36.074122,52.989971],[36.074122,52.989971],[36.074123,52.989971],[36.074985,52.989905],[36.07561,52.989861],[36.075616,52.98986],[36.07571,52.989849],[36.075718,52.989848],[36.0758,52.989832],[36.075807,52.98983],[36.075814,52.989828],[36.076055,52.989746],[36.076127,52.989822],[36.076445,52.990186],[36.076804,52.990634],[36.07713,52.991062],[36.077441,52.991478],[36.077492,52.991554],[36.077553,52.991658],[36.077553,52.991658],[36.077553,52.991659],[36.077625,52.991777],[36.077626,52.991778],[36.077566,52.991791],[36.077537,52.991818],[36.077535,52.991861],[36.076759,52.991931],[36.075688,52.99193],[36.075043,52.991889],[36.073627,52.991845],[36.073271,52.991815],[36.072358,52.991874],[36.072323,52.991714],[36.072018,52.991494],[36.071845,52.991516]]]}},{"type":"Feature","id":"967","properties":{"id":"967","city":"orel","baseScore":60.704017713877114,"baseScoreNoCommerce":61.80923101078758,"baseRank":65,"population":1905.2709984259768,"blocks":{"housing":0.308849288279796,"infra":0.7505847953216375,"transport":1,"work":0.031027466937945065,"green":1,"commerce":0.5517795122932481},"indicators":[{"label":"Жильё: плотность","value":182.246},{"label":"Жильё: обеспеченность","value":37.973},{"label":"Жильё: износ","value":46.132},{"label":"Жильё: этажность","value":8.090909},{"label":"Инфраструктура: разнообразие","value":0.3333333333333333},{"label":"Инфраструктура: полнота корзины","value":100},{"label":"Транспорт: доступность","value":100},{"label":"Рабочие места: обеспеченность","value":0.031027466937945065},{"label":"Рабочие места: плотность","value":0.0005835708443600534},{"label":"Зеленые зоны: доступность","value":100},{"label":"Коммерция: активность ФНС","value":7.625},{"label":"Коммерция: ККТ","value":19.032},{"label":"Коммерция: медианный чек","value":42.726}]},"geometry":{"type":"Polygon","coordinates":[[[36.076085,52.989497],[36.075982,52.989362],[36.074706,52.987559],[36.074733,52.98749],[36.074788,52.987424],[36.074936,52.987349],[36.075039,52.987329],[36.075136,52.987314],[36.076123,52.987226],[36.077658,52.987097],[36.078547,52.987014],[36.081682,52.986717],[36.081756,52.98674],[36.081811,52.986777],[36.081682,52.987631],[36.0816,52.988126],[36.081525,52.988437],[36.081518,52.988474],[36.081491,52.988516],[36.081486,52.988532],[36.081484,52.988578],[36.081488,52.988594],[36.081503,52.988621],[36.081503,52.988621],[36.081503,52.988621],[36.081513,52.988638],[36.081518,52.988644],[36.081523,52.98865],[36.081558,52.988679],[36.081571,52.988688],[36.081618,52.98871],[36.081619,52.988711],[36.081472,52.988896],[36.081456,52.988904],[36.081316,52.988957],[36.08129,52.988965],[36.081165,52.988987],[36.078636,52.989196],[36.078045,52.989242],[36.07719,52.989293],[36.077188,52.989294],[36.077187,52.989294],[36.076762,52.989329],[36.076739,52.989334],[36.076302,52.989468],[36.0763,52.989469],[36.076298,52.989469],[36.076142,52.989524],[36.076134,52.989528],[36.076085,52.989497]]]}},{"type":"Feature","id":"975","properties":{"id":"975","city":"orel","baseScore":66.56448952092742,"baseScoreNoCommerce":62.763674746722685,"baseRank":36,"population":2411.3664443882813,"blocks":{"housing":0.34946834780867575,"infra":0.8564814814814815,"transport":1,"work":0.307183908045977,"green":0.62505,"commerce":0.8556856339195118},"indicators":[{"label":"Жильё: плотность","value":132.054},{"label":"Жильё: обеспеченность","value":31.681},{"label":"Жильё: износ","value":21.754},{"label":"Жильё: этажность","value":8.538462},{"label":"Инфраструктура: разнообразие","value":0.5694444444444444},{"label":"Инфраструктура: полнота корзины","value":100},{"label":"Транспорт: доступность","value":100},{"label":"Рабочие места: обеспеченность","value":0.307183908045977},{"label":"Рабочие места: плотность","value":0.00585505303446154},{"label":"Зеленые зоны: доступность","value":62.505},{"label":"Коммерция: активность ФНС","value":9.466},{"label":"Коммерция: ККТ","value":129.155},{"label":"Коммерция: медианный чек","value":317.913}]},"geometry":{"type":"Polygon","coordinates":[[[36.070886,52.980851],[36.070374,52.98101],[36.070374,52.98101],[36.070373,52.98101],[36.070045,52.981114],[36.070039,52.981117],[36.070031,52.98112],[36.069864,52.981207],[36.069744,52.980999],[36.069742,52.980997],[36.069741,52.980995],[36.069468,52.980642],[36.069465,52.980639],[36.069183,52.980337],[36.069182,52.980336],[36.069182,52.980335],[36.06901,52.980166],[36.069008,52.980164],[36.068633,52.979834],[36.068487,52.979702],[36.068487,52.979702],[36.068487,52.979702],[36.068305,52.979545],[36.067786,52.979086],[36.067786,52.979086],[36.067786,52.979086],[36.067616,52.978935],[36.067615,52.978935],[36.067615,52.978935],[36.067515,52.978848],[36.066878,52.978286],[36.066789,52.978208],[36.066913,52.978147],[36.066913,52.978147],[36.066913,52.978147],[36.067476,52.977871],[36.067476,52.977871],[36.067476,52.977871],[36.068136,52.977547],[36.06951,52.9769],[36.069511,52.976899],[36.069511,52.976899],[36.07063,52.976348],[36.071125,52.976114],[36.071214,52.976073],[36.0713,52.976133],[36.072034,52.976678],[36.072034,52.976678],[36.072034,52.976678],[36.072035,52.976678],[36.072035,52.976678],[36.072663,52.977126],[36.072664,52.977126],[36.072664,52.977127],[36.072895,52.977286],[36.073185,52.977496],[36.073186,52.977497],[36.073187,52.977497],[36.073475,52.977693],[36.073866,52.977967],[36.073867,52.977967],[36.073867,52.977967],[36.07389,52.977983],[36.074217,52.978221],[36.074602,52.978516],[36.07508,52.978885],[36.075239,52.979008],[36.07524,52.979009],[36.075525,52.979219],[36.075699,52.979351],[36.075541,52.979407],[36.074277,52.979798],[36.074277,52.979798],[36.074276,52.979798],[36.073725,52.979971],[36.072777,52.980268],[36.071233,52.980742],[36.071233,52.980742],[36.071233,52.980743],[36.070886,52.980851]]]}},{"type":"Feature","id":"976","properties":{"id":"976","city":"orel","baseScore":66.56448952092742,"baseScoreNoCommerce":62.763674746722685,"baseRank":36,"population":2113.2024335106444,"blocks":{"housing":0.34946834780867575,"infra":0.8564814814814815,"transport":1,"work":0.307183908045977,"green":0.62505,"commerce":0.8556856339195118},"indicators":[{"label":"Жильё: плотность","value":132.054},{"label":"Жильё: обеспеченность","value":31.681},{"label":"Жильё: износ","value":21.754},{"label":"Жильё: этажность","value":8.538462},{"label":"Инфраструктура: разнообразие","value":0.5694444444444444},{"label":"Инфраструктура: полнота корзины","value":100},{"label":"Транспорт: доступность","value":100},{"label":"Рабочие места: обеспеченность","value":0.307183908045977},{"label":"Рабочие места: плотность","value":0.00585505303446154},{"label":"Зеленые зоны: доступность","value":62.505},{"label":"Коммерция: активность ФНС","value":9.466},{"label":"Коммерция: ККТ","value":129.155},{"label":"Коммерция: медианный чек","value":317.913}]},"geometry":{"type":"Polygon","coordinates":[[[36.060918,52.981552],[36.06057,52.981297],[36.060856,52.981169],[36.061244,52.980997],[36.061244,52.980997],[36.061244,52.980996],[36.061364,52.980942],[36.061365,52.980942],[36.06159,52.980838],[36.062186,52.980565],[36.062187,52.980564],[36.062187,52.980564],[36.062305,52.980508],[36.062307,52.980507],[36.062917,52.980188],[36.063223,52.98003],[36.063223,52.98003],[36.063223,52.98003],[36.064096,52.979581],[36.064375,52.979439],[36.064375,52.979439],[36.064375,52.979439],[36.064438,52.979407],[36.066157,52.978529],[36.066585,52.978311],[36.066585,52.978311],[36.066585,52.978311],[36.066674,52.978266],[36.066755,52.978337],[36.066755,52.978337],[36.066755,52.978337],[36.067392,52.978899],[36.067392,52.978899],[36.067392,52.978899],[36.067493,52.978986],[36.067663,52.979136],[36.068183,52.979596],[36.068183,52.979596],[36.068183,52.979596],[36.068364,52.979753],[36.06851,52.979884],[36.06851,52.979884],[36.06851,52.979884],[36.068884,52.980214],[36.069054,52.980381],[36.069334,52.980681],[36.069604,52.981031],[36.069743,52.981271],[36.069579,52.981358],[36.069126,52.981492],[36.069126,52.981492],[36.069125,52.981492],[36.068886,52.981566],[36.068501,52.981684],[36.068501,52.981684],[36.068501,52.981684],[36.067718,52.981924],[36.067718,52.981924],[36.067718,52.981924],[36.06767,52.981939],[36.06677,52.982205],[36.06614,52.982359],[36.065749,52.98244],[36.065581,52.98246],[36.065411,52.982472],[36.06523,52.982468],[36.065017,52.982452],[36.064685,52.982401],[36.064685,52.982401],[36.064685,52.982401],[36.063929,52.982283],[36.063671,52.982239],[36.063671,52.982239],[36.06367,52.982239],[36.062402,52.982032],[36.062517,52.981791],[36.061299,52.981607],[36.060918,52.981552]]]}},{"type":"Feature","id":"994","properties":{"id":"994","city":"orel","baseScore":57.63409050946217,"baseScoreNoCommerce":62.567770428035395,"baseRank":82,"population":695.0736910727661,"blocks":{"housing":0.4585023698526847,"infra":0.6557017543859649,"transport":1,"work":0.014184397163120567,"green":1,"commerce":0.32965690916596035},"indicators":[{"label":"Жильё: плотность","value":176.407},{"label":"Жильё: обеспеченность","value":31.03},{"label":"Жильё: износ","value":8.894},{"label":"Жильё: этажность","value":18},{"label":"Инфраструктура: разнообразие","value":0.125},{"label":"Инфраструктура: полнота корзины","value":100},{"label":"Транспорт: доступность","value":100},{"label":"Рабочие места: обеспеченность","value":0.014184397163120567},{"label":"Рабочие места: плотность","value":0.00025382316089677314},{"label":"Зеленые зоны: доступность","value":100},{"label":"Коммерция: активность ФНС","value":7.801},{"label":"Коммерция: ККТ","value":4.787},{"label":"Коммерция: медианный чек","value":0}]},"geometry":{"type":"Polygon","coordinates":[[[36.134311,53.001738],[36.133973,53.001831],[36.133853,53.001817],[36.133533,53.001567],[36.134489,53.00104],[36.134945,53.000791],[36.135556,53.00046],[36.135556,53.00046],[36.135556,53.00046],[36.136231,53.000093],[36.138256,53.001452],[36.13812,53.001676],[36.137974,53.001757],[36.137751,53.001833],[36.136009,53.002039],[36.135427,53.002047],[36.135102,53.001982],[36.134947,53.002073],[36.134455,53.001728],[36.134311,53.001738]]]}},{"type":"Feature","id":"996","properties":{"id":"996","city":"orel","baseScore":44.966565022352874,"baseScoreNoCommerce":47.515838153027566,"baseRank":156,"population":145.55667417333984,"blocks":{"housing":0.8448114523993244,"infra":0.14701754385964913,"transport":0.77333,"work":0.05063291139240506,"green":0.56,"commerce":0.32220199368979363},"indicators":[{"label":"Жильё: плотность","value":15.108},{"label":"Жильё: обеспеченность","value":43.837},{"label":"Инфраструктура: разнообразие","value":0},{"label":"Инфраструктура: полнота корзины","value":0},{"label":"Транспорт: доступность","value":77.333},{"label":"Рабочие места: обеспеченность","value":0.05063291139240506},{"label":"Рабочие места: плотность","value":0.00008057659281028098},{"label":"Зеленые зоны: доступность","value":56},{"label":"Коммерция: активность ФНС","value":10},{"label":"Коммерция: ККТ","value":2.799},{"label":"Коммерция: медианный чек","value":0}]},"geometry":{"type":"Polygon","coordinates":[[[36.112115,53.000588],[36.111935,53.000523],[36.111917,53.000514],[36.111086,53.000227],[36.109901,52.999787],[36.109889,52.999783],[36.107919,52.99933],[36.1094,52.998642],[36.109401,52.998641],[36.109403,52.99864],[36.11027,52.998192],[36.111269,52.997779],[36.111957,52.997609],[36.112769,52.997414],[36.113002,52.997388],[36.113021,52.997384],[36.114646,52.996918],[36.114669,52.996908],[36.114669,52.996908],[36.115507,52.997371],[36.112115,53.000588]]]}},{"type":"Feature","id":"997","properties":{"id":"997","city":"orel","baseScore":37.06689016529466,"baseScoreNoCommerce":38.33737629371792,"baseRank":220,"population":469.88756325644533,"blocks":{"housing":0.33761254589367207,"infra":0.5455394346978557,"transport":0.80916,"work":0.009436834094368341,"green":0.21512,"commerce":0.3071445952317837},"indicators":[{"label":"Жильё: плотность","value":141.256},{"label":"Жильё: обеспеченность","value":31.836},{"label":"Жильё: износ","value":23.425},{"label":"Жильё: этажность","value":9.333333},{"label":"Инфраструктура: разнообразие","value":0.15277777777777776},{"label":"Инфраструктура: полнота корзины","value":92.963},{"label":"Транспорт: доступность","value":80.916},{"label":"Рабочие места: обеспеченность","value":0.009436834094368341},{"label":"Рабочие места: плотность","value":0.0001345705058915816},{"label":"Зеленые зоны: доступность","value":21.512},{"label":"Коммерция: активность ФНС","value":7.267},{"label":"Коммерция: ККТ","value":11.357},{"label":"Коммерция: медианный чек","value":0}]},"geometry":{"type":"Polygon","coordinates":[[[36.111379,53.005275],[36.112498,53.004108],[36.114653,53.004953],[36.115582,53.005369],[36.114904,53.006028],[36.113852,53.005745],[36.113311,53.006282],[36.112999,53.006175],[36.113198,53.005956],[36.111379,53.005275],[36.111379,53.005275]]]}},{"type":"Feature","id":"1000","properties":{"id":"1000","city":"orel","baseScore":48.87905428453872,"baseScoreNoCommerce":52.39568795307853,"baseRank":137,"population":675.0832070418456,"blocks":{"housing":0.2960488615915481,"infra":0.5563255360623781,"transport":1,"work":0,"green":0.76741,"commerce":0.31295885941839685},"indicators":[{"label":"Жильё: плотность","value":56.746},{"label":"Жильё: обеспеченность","value":35.1},{"label":"Жильё: износ","value":38.092},{"label":"Жильё: этажность","value":3.615385},{"label":"Инфраструктура: разнообразие","value":0.18055555555555555},{"label":"Инфраструктура: полнота корзины","value":100},{"label":"Транспорт: доступность","value":100},{"label":"Зеленые зоны: доступность","value":76.741},{"label":"Коммерция: активность ФНС","value":7.215},{"label":"Коммерция: ККТ","value":9.08},{"label":"Коммерция: медианный чек","value":0}]},"geometry":{"type":"Polygon","coordinates":[[[36.10269,53.011585],[36.102553,53.011584],[36.101742,53.005519],[36.103396,53.005106],[36.103712,53.00555],[36.104042,53.006018],[36.104275,53.006349],[36.104379,53.006504],[36.104379,53.006504],[36.104379,53.006505],[36.10447,53.006635],[36.104707,53.007032],[36.104832,53.007428],[36.104866,53.007672],[36.104889,53.007885],[36.104889,53.007886],[36.104889,53.007886],[36.104917,53.008101],[36.104953,53.008392],[36.104953,53.008393],[36.104953,53.008393],[36.105052,53.009001],[36.105139,53.009539],[36.10514,53.009541],[36.10514,53.009543],[36.105197,53.009717],[36.1052,53.009723],[36.105203,53.009728],[36.105204,53.009729],[36.105205,53.00973],[36.105211,53.009735],[36.105216,53.00974],[36.105279,53.009779],[36.105296,53.009913],[36.104958,53.010316],[36.104701,53.011104],[36.104422,53.011098],[36.102876,53.011175],[36.102919,53.01151],[36.102872,53.011559],[36.10269,53.011585]]]}},{"type":"Feature","id":"1001","properties":{"id":"1001","city":"orel","baseScore":40.83673625950752,"baseScoreNoCommerce":40.240301285376,"baseRank":190,"population":383.8343091293457,"blocks":{"housing":0.3346485035608985,"infra":0.6441715399610136,"transport":1,"work":0.03319502074688797,"green":0,"commerce":0.43818911130165084},"indicators":[{"label":"Жильё: плотность","value":104.996},{"label":"Жильё: обеспеченность","value":34.387},{"label":"Жильё: износ","value":31.977},{"label":"Жильё: этажность","value":5.428571},{"label":"Инфраструктура: разнообразие","value":0.27777777777777773},{"label":"Инфраструктура: полнота корзины","value":100},{"label":"Транспорт: доступность","value":100},{"label":"Рабочие места: обеспеченность","value":0.03319502074688797},{"label":"Рабочие места: плотность","value":0.0003605009858679185},{"label":"Коммерция: активность ФНС","value":8.45},{"label":"Коммерция: ККТ","value":22.358},{"label":"Коммерция: медианный чек","value":0}]},"geometry":{"type":"Polygon","coordinates":[[[36.088863,52.994543],[36.088861,52.994543],[36.088197,52.994396],[36.088195,52.994396],[36.088193,52.994395],[36.086769,52.994136],[36.088439,52.992435],[36.0885,52.992406],[36.088565,52.992397],[36.088675,52.992408],[36.088778,52.992419],[36.089095,52.992462],[36.089884,52.992796],[36.089884,52.992796],[36.089876,52.992808],[36.089861,52.992848],[36.08986,52.992856],[36.089855,52.992915],[36.089856,52.992923],[36.089869,52.992984],[36.089871,52.992988],[36.089872,52.992993],[36.089955,52.993141],[36.089985,52.993194],[36.090007,52.993249],[36.090017,52.993304],[36.089816,52.993699],[36.089816,52.993699],[36.089815,52.993699],[36.089688,52.993954],[36.089214,52.994661],[36.08906,52.994593],[36.089044,52.994587],[36.088863,52.994543]]]}},{"type":"Feature","id":"1002","properties":{"id":"1002","city":"orel","baseScore":26.45919148970885,"baseScoreNoCommerce":29.16871853486548,"baseRank":280,"population":833.0283460444336,"blocks":{"housing":0.1553606209422108,"infra":0.2849209941520468,"transport":1,"work":0.018154311649016642,"green":0,"commerce":0.12911556263925697},"indicators":[{"label":"Жильё: плотность","value":140.495},{"label":"Жильё: обеспеченность","value":31.582},{"label":"Жильё: износ","value":40.575},{"label":"Жильё: этажность","value":9},{"label":"Инфраструктура: разнообразие","value":0.041666666666666664},{"label":"Инфраструктура: полнота корзины","value":17.257},{"label":"Транспорт: доступность","value":100},{"label":"Рабочие места: обеспеченность","value":0.018154311649016642},{"label":"Рабочие места: плотность","value":0.00025977583485783625},{"label":"Коммерция: активность ФНС","value":3.026},{"label":"Коммерция: ККТ","value":1.909},{"label":"Коммерция: медианный чек","value":0}]},"geometry":{"type":"Polygon","coordinates":[[[36.094036,52.994294],[36.093581,52.994358],[36.093579,52.994355],[36.093564,52.994344],[36.093545,52.994336],[36.093476,52.994317],[36.093421,52.994274],[36.093298,52.994132],[36.093296,52.994129],[36.092916,52.993751],[36.092711,52.993383],[36.092707,52.993379],[36.092704,52.993374],[36.092701,52.993373],[36.0927,52.993371],[36.092694,52.993367],[36.092689,52.993364],[36.092686,52.993363],[36.092683,52.993361],[36.092676,52.993359],[36.092669,52.993356],[36.091582,52.99308],[36.091581,52.993079],[36.09158,52.993079],[36.090435,52.992813],[36.090452,52.992728],[36.090523,52.992633],[36.091053,52.992128],[36.091053,52.992128],[36.091053,52.992128],[36.091798,52.99141],[36.092671,52.99182],[36.093581,52.992248],[36.094242,52.992558],[36.094478,52.992752],[36.096173,52.993107],[36.095982,52.993372],[36.095744,52.993701],[36.095243,52.994105],[36.094478,52.994231],[36.094036,52.994294]]]}},{"type":"Feature","id":"1004","properties":{"id":"1004","city":"orel","baseScore":26.45919148970885,"baseScoreNoCommerce":29.16871853486548,"baseRank":280,"population":896.2136261376953,"blocks":{"housing":0.1553606209422108,"infra":0.2849209941520468,"transport":1,"work":0.018154311649016642,"green":0,"commerce":0.12911556263925697},"indicators":[{"label":"Жильё: плотность","value":140.495},{"label":"Жильё: обеспеченность","value":31.582},{"label":"Жильё: износ","value":40.575},{"label":"Жильё: этажность","value":9},{"label":"Инфраструктура: разнообразие","value":0.041666666666666664},{"label":"Инфраструктура: полнота корзины","value":17.257},{"label":"Транспорт: доступность","value":100},{"label":"Рабочие места: обеспеченность","value":0.018154311649016642},{"label":"Рабочие места: плотность","value":0.00025977583485783625},{"label":"Коммерция: активность ФНС","value":3.026},{"label":"Коммерция: ККТ","value":1.909},{"label":"Коммерция: медианный чек","value":0}]},"geometry":{"type":"Polygon","coordinates":[[[36.091549,52.991292],[36.09168,52.991354],[36.090927,52.99208],[36.090395,52.992588],[36.09039,52.992593],[36.090312,52.992697],[36.090306,52.99271],[36.090301,52.992735],[36.090287,52.992729],[36.09024,52.992715],[36.09021,52.99271],[36.090146,52.992708],[36.09013,52.992708],[36.090066,52.992715],[36.09005,52.992717],[36.089991,52.992732],[36.089174,52.992385],[36.08887,52.992204],[36.088868,52.992203],[36.088867,52.992202],[36.088009,52.991757],[36.088003,52.991754],[36.087614,52.99159],[36.087217,52.991418],[36.087197,52.991412],[36.087254,52.99131],[36.087324,52.991221],[36.087404,52.991141],[36.087662,52.990948],[36.087781,52.990908],[36.088027,52.99086],[36.088228,52.990786],[36.088412,52.990668],[36.088499,52.990581],[36.088673,52.990464],[36.088933,52.990339],[36.089307,52.990202],[36.089932,52.990029],[36.089996,52.990018],[36.09008,52.990042],[36.089829,52.989914],[36.090251,52.989755],[36.090699,52.989795],[36.091491,52.990101],[36.092084,52.990393],[36.091871,52.990744],[36.091816,52.990836],[36.091549,52.991292]]]}},{"type":"Feature","id":"1005","properties":{"id":"1005","city":"orel","baseScore":40.82158785662664,"baseScoreNoCommerce":42.29940502462933,"baseRank":195,"population":2983.422106632495,"blocks":{"housing":0.5376931032784462,"infra":0.6235380116959064,"transport":0.51224,"work":0.0013391362571141614,"green":0.44016,"commerce":0.3343250201661315},"indicators":[{"label":"Жильё: плотность","value":314.113},{"label":"Жильё: обеспеченность","value":32.12},{"label":"Жильё: износ","value":3.85},{"label":"Жильё: этажность","value":17},{"label":"Инфраструктура: разнообразие","value":0.041666666666666664},{"label":"Инфраструктура: полнота корзины","value":100},{"label":"Транспорт: доступность","value":51.224},{"label":"Рабочие места: обеспеченность","value":0.0013391362571141614},{"label":"Рабочие места: плотность","value":0.00004212035423618063},{"label":"Зеленые зоны: доступность","value":44.016},{"label":"Коммерция: активность ФНС","value":8.267},{"label":"Коммерция: ККТ","value":8.737},{"label":"Коммерция: медианный чек","value":0}]},"geometry":{"type":"Polygon","coordinates":[[[36.082323,52.98654],[36.083693,52.986711],[36.084389,52.986805],[36.084392,52.986805],[36.084394,52.986805],[36.0852,52.986884],[36.085295,52.986895],[36.085295,52.986895],[36.085296,52.986895],[36.086174,52.986989],[36.086202,52.986901],[36.086274,52.986684],[36.086352,52.986633],[36.086475,52.986614],[36.086971,52.986645],[36.08712,52.986713],[36.087341,52.986727],[36.087672,52.986762],[36.087735,52.986798],[36.087756,52.986859],[36.087547,52.987485],[36.087425,52.987889],[36.086541,52.988236],[36.086221,52.988906],[36.084996,52.989807],[36.084115,52.989528],[36.083183,52.988987],[36.082617,52.988653],[36.082597,52.988645],[36.082178,52.988524],[36.082165,52.988521],[36.082119,52.988514],[36.082039,52.988469],[36.082016,52.988447],[36.082002,52.988437],[36.081952,52.988411],[36.081934,52.988404],[36.081916,52.988399],[36.081845,52.988358],[36.08179,52.988272],[36.081809,52.988008],[36.081929,52.987258],[36.081996,52.986881],[36.082009,52.986547],[36.082323,52.98654]]]}},{"type":"Feature","id":"1006","properties":{"id":"1006","city":"orel","baseScore":40.82158785662664,"baseScoreNoCommerce":42.29940502462933,"baseRank":195,"population":5644.279303607763,"blocks":{"housing":0.5376931032784462,"infra":0.6235380116959064,"transport":0.51224,"work":0.0013391362571141614,"green":0.44016,"commerce":0.3343250201661315},"indicators":[{"label":"Жильё: плотность","value":314.113},{"label":"Жильё: обеспеченность","value":32.12},{"label":"Жильё: износ","value":3.85},{"label":"Жильё: этажность","value":17},{"label":"Инфраструктура: разнообразие","value":0.041666666666666664},{"label":"Инфраструктура: полнота корзины","value":100},{"label":"Транспорт: доступность","value":51.224},{"label":"Рабочие места: обеспеченность","value":0.0013391362571141614},{"label":"Рабочие места: плотность","value":0.00004212035423618063},{"label":"Зеленые зоны: доступность","value":44.016},{"label":"Коммерция: активность ФНС","value":8.267},{"label":"Коммерция: ККТ","value":8.737},{"label":"Коммерция: медианный чек","value":0}]},"geometry":{"type":"Polygon","coordinates":[[[36.086274,52.986684],[36.086202,52.9869],[36.0862,52.9869],[36.085323,52.986807],[36.085227,52.986795],[36.085226,52.986795],[36.085225,52.986795],[36.08442,52.986717],[36.082642,52.986478],[36.082642,52.986478],[36.082642,52.986478],[36.082336,52.986437],[36.082327,52.986437],[36.082318,52.986436],[36.082029,52.98644],[36.082027,52.98644],[36.082026,52.98644],[36.081966,52.986442],[36.081957,52.986393],[36.081956,52.986392],[36.081957,52.986391],[36.081825,52.985866],[36.081824,52.985866],[36.081824,52.985865],[36.081778,52.985702],[36.081778,52.985701],[36.081777,52.9857],[36.081715,52.985513],[36.081715,52.985513],[36.081715,52.985513],[36.081532,52.984987],[36.081531,52.984985],[36.081417,52.98471],[36.081417,52.98471],[36.081417,52.98471],[36.081238,52.984285],[36.081223,52.984247],[36.081222,52.984247],[36.081222,52.984247],[36.081153,52.984083],[36.081153,52.984083],[36.081153,52.984082],[36.080999,52.983764],[36.080998,52.983761],[36.080932,52.983657],[36.080928,52.983652],[36.080841,52.983552],[36.08084,52.983551],[36.08084,52.98355],[36.080838,52.983549],[36.080837,52.983547],[36.080065,52.982853],[36.080065,52.982853],[36.080065,52.982853],[36.080039,52.982829],[36.079908,52.982704],[36.079942,52.982695],[36.080067,52.982673],[36.080407,52.982663],[36.081262,52.982651],[36.081615,52.982646],[36.081615,52.982646],[36.081615,52.982646],[36.08237,52.982635],[36.08237,52.982635],[36.082403,52.982635],[36.082447,52.982634],[36.082447,52.982634],[36.082448,52.982634],[36.083231,52.98262],[36.083233,52.98262],[36.083234,52.98262],[36.085289,52.982544],[36.085711,52.98254],[36.086016,52.98254],[36.086022,52.98254],[36.086065,52.982865],[36.086719,52.982843],[36.086764,52.983069],[36.086802,52.98309],[36.087798,52.983377],[36.087889,52.983926],[36.086788,52.98392],[36.086669,52.985063],[36.087254,52.985087],[36.087065,52.986081],[36.086862,52.986068],[36.086766,52.986632],[36.086475,52.986614],[36.086352,52.986633],[36.086274,52.986684]]]}},{"type":"Feature","id":"1007","properties":{"id":"1007","city":"orel","baseScore":47.18299080175616,"baseScoreNoCommerce":45.09969402223991,"baseRank":147,"population":1299.8401493757813,"blocks":{"housing":0.5487825299979354,"infra":0.72070567251462,"transport":0.96925,"work":0.016246498599439777,"green":0,"commerce":0.5759947469933745},"indicators":[{"label":"Жильё: плотность","value":97.738},{"label":"Жильё: обеспеченность","value":33.779},{"label":"Жильё: износ","value":8.892},{"label":"Жильё: этажность","value":12},{"label":"Инфраструктура: разнообразие","value":0.20833333333333334},{"label":"Инфраструктура: полнота корзины","value":99.431},{"label":"Транспорт: доступность","value":96.925},{"label":"Рабочие места: обеспеченность","value":0.016246498599439777},{"label":"Рабочие места: плотность","value":0.00016141222398537356},{"label":"Коммерция: активность ФНС","value":8.16},{"label":"Коммерция: ККТ","value":25.427},{"label":"Коммерция: медианный чек","value":195.502}]},"geometry":{"type":"Polygon","coordinates":[[[36.077811,52.97878],[36.07838,52.978901],[36.078878,52.979014],[36.079627,52.979187],[36.079627,52.979187],[36.079628,52.979187],[36.080513,52.979386],[36.081065,52.979511],[36.081065,52.979511],[36.081065,52.979511],[36.081285,52.979561],[36.081286,52.979561],[36.081287,52.979562],[36.082376,52.979792],[36.083066,52.979939],[36.083915,52.980127],[36.083912,52.980132],[36.08378,52.980313],[36.083779,52.980315],[36.083778,52.980316],[36.083722,52.980405],[36.083722,52.980405],[36.083109,52.981414],[36.083008,52.981575],[36.083008,52.981575],[36.083008,52.981575],[36.082401,52.982534],[36.082401,52.982534],[36.082401,52.982534],[36.082394,52.982545],[36.082367,52.982546],[36.081611,52.982556],[36.081258,52.982561],[36.081258,52.982561],[36.080403,52.982573],[36.080402,52.982573],[36.080401,52.982573],[36.080051,52.982583],[36.080033,52.982585],[36.079895,52.98261],[36.07989,52.982611],[36.079885,52.982612],[36.079873,52.982615],[36.079252,52.982065],[36.078693,52.981616],[36.077434,52.980606],[36.077152,52.980377],[36.076198,52.9796],[36.076184,52.979588],[36.076127,52.979526],[36.076093,52.979457],[36.076119,52.979408],[36.076174,52.979363],[36.077238,52.97896],[36.077656,52.978805],[36.077811,52.97878]]]}},{"type":"Feature","id":"1008","properties":{"id":"1008","city":"orel","baseScore":40.41512828790676,"baseScoreNoCommerce":43.80617392818883,"baseRank":198,"population":507.06955545662845,"blocks":{"housing":0.6307527704835156,"infra":0.6759259259259259,"transport":0.03748,"work":0,"green":0.84615,"commerce":0.23459900086496427},"indicators":[{"label":"Жильё: плотность","value":79.063},{"label":"Жильё: обеспеченность","value":38.292},{"label":"Жильё: износ","value":15.421},{"label":"Жильё: этажность","value":4.727273},{"label":"Инфраструктура: разнообразие","value":0.027777777777777776},{"label":"Инфраструктура: полнота корзины","value":100},{"label":"Транспорт: доступность","value":3.748},{"label":"Зеленые зоны: доступность","value":84.615},{"label":"Коммерция: активность ФНС","value":5.098},{"label":"Коммерция: ККТ","value":1.844},{"label":"Коммерция: медианный чек","value":7.809}]},"geometry":{"type":"Polygon","coordinates":[[[36.083485,52.978306],[36.083485,52.978306],[36.083485,52.978306],[36.083204,52.978242],[36.082851,52.978163],[36.082849,52.978162],[36.082847,52.978162],[36.082317,52.978063],[36.081848,52.977975],[36.081848,52.977975],[36.081848,52.977975],[36.080759,52.977772],[36.080409,52.977699],[36.080407,52.977698],[36.079259,52.977475],[36.079413,52.977302],[36.079745,52.977129],[36.079759,52.977119],[36.08012,52.97679],[36.08012,52.976789],[36.08012,52.976789],[36.080253,52.976661],[36.080477,52.976476],[36.08058,52.976446],[36.080721,52.97645],[36.080723,52.97645],[36.080725,52.97645],[36.080934,52.976449],[36.081248,52.976495],[36.083596,52.976844],[36.085777,52.97725],[36.085759,52.977298],[36.085631,52.977639],[36.084952,52.978638],[36.084403,52.978514],[36.084049,52.978433],[36.084049,52.978433],[36.084049,52.978433],[36.083485,52.978306]]]}},{"type":"Feature","id":"1009","properties":{"id":"1009","city":"orel","baseScore":47.18299080175616,"baseScoreNoCommerce":45.09969402223991,"baseRank":147,"population":2003.0175636233155,"blocks":{"housing":0.5487825299979354,"infra":0.72070567251462,"transport":0.96925,"work":0.016246498599439777,"green":0,"commerce":0.5759947469933745},"indicators":[{"label":"Жильё: плотность","value":97.738},{"label":"Жильё: обеспеченность","value":33.779},{"label":"Жильё: износ","value":8.892},{"label":"Жильё: этажность","value":12},{"label":"Инфраструктура: разнообразие","value":0.20833333333333334},{"label":"Инфраструктура: полнота корзины","value":99.431},{"label":"Транспорт: доступность","value":96.925},{"label":"Рабочие места: обеспеченность","value":0.016246498599439777},{"label":"Рабочие места: плотность","value":0.00016141222398537356},{"label":"Коммерция: активность ФНС","value":8.16},{"label":"Коммерция: ККТ","value":25.427},{"label":"Коммерция: медианный чек","value":195.502}]},"geometry":{"type":"Polygon","coordinates":[[[36.084939,52.978942],[36.085064,52.978754],[36.085238,52.978491],[36.085727,52.97775],[36.085751,52.977701],[36.085772,52.97767],[36.085773,52.977666],[36.085775,52.977663],[36.085796,52.977606],[36.085967,52.977256],[36.087121,52.977454],[36.08943,52.977953],[36.090719,52.978607],[36.091983,52.980036],[36.091234,52.980436],[36.09113,52.980492],[36.090872,52.980809],[36.090743,52.980967],[36.087695,52.9815],[36.086561,52.981704],[36.08599,52.981579],[36.085321,52.982454],[36.085285,52.982454],[36.085282,52.982454],[36.083226,52.98253],[36.082555,52.982542],[36.083147,52.981607],[36.083248,52.981446],[36.083249,52.981446],[36.083249,52.981445],[36.083861,52.980437],[36.083917,52.980349],[36.084048,52.980168],[36.084048,52.980168],[36.084049,52.980168],[36.084082,52.980119],[36.084171,52.979992],[36.084209,52.979937],[36.084209,52.979937],[36.08421,52.979936],[36.084275,52.97984],[36.084275,52.97984],[36.084275,52.97984],[36.08434,52.979745],[36.084437,52.979609],[36.084438,52.979609],[36.084438,52.979609],[36.084908,52.978934],[36.084939,52.978942]]]}},{"type":"Feature","id":"1010","properties":{"id":"1010","city":"orel","baseScore":47.92442614681605,"baseScoreNoCommerce":43.61121792856387,"baseRank":142,"population":1658.2374465658447,"blocks":{"housing":0.6515731121640693,"infra":0.7453703703703703,"transport":0.37877,"work":0.03210741389375365,"green":0.37274,"commerce":0.6949046723807698},"indicators":[{"label":"Жильё: плотность","value":241.917},{"label":"Жильё: обеспеченность","value":39.142},{"label":"Жильё: износ","value":16.12},{"label":"Жильё: этажность","value":9.875},{"label":"Инфраструктура: разнообразие","value":0.23611111111111108},{"label":"Инфраструктура: полнота корзины","value":100},{"label":"Транспорт: доступность","value":37.877},{"label":"Рабочие места: обеспеченность","value":0.03210741389375365},{"label":"Рабочие места: плотность","value":0.0008024984931264133},{"label":"Зеленые зоны: доступность","value":37.274},{"label":"Коммерция: активность ФНС","value":9.337},{"label":"Коммерция: ККТ","value":28.221},{"label":"Коммерция: медианный чек","value":448.488}]},"geometry":{"type":"Polygon","coordinates":[[[36.084852,52.978711],[36.083958,52.980041],[36.083117,52.979854],[36.083116,52.979854],[36.083115,52.979854],[36.082425,52.979708],[36.082425,52.979708],[36.082425,52.979708],[36.081337,52.979477],[36.081117,52.979427],[36.080565,52.979302],[36.080565,52.979302],[36.080565,52.979302],[36.07968,52.979103],[36.07893,52.97893],[36.07893,52.97893],[36.07893,52.97893],[36.078197,52.978764],[36.077956,52.978706],[36.077923,52.978687],[36.077879,52.97865],[36.077864,52.978598],[36.07787,52.978542],[36.078537,52.977949],[36.078866,52.977651],[36.079091,52.977527],[36.079091,52.977527],[36.079095,52.97753],[36.079098,52.977532],[36.079103,52.977534],[36.079108,52.977537],[36.079112,52.977539],[36.079116,52.977541],[36.079123,52.977542],[36.079129,52.977544],[36.080361,52.977784],[36.080712,52.977857],[36.080713,52.977857],[36.080714,52.977858],[36.081804,52.978061],[36.082273,52.978149],[36.082273,52.978149],[36.082273,52.978149],[36.082801,52.978247],[36.083152,52.978327],[36.083152,52.978327],[36.083152,52.978327],[36.083433,52.97839],[36.083996,52.978518],[36.084351,52.978598],[36.084351,52.978598],[36.084351,52.978598],[36.084852,52.978711]]]}},{"type":"Feature","id":"1011","properties":{"id":"1011","city":"orel","baseScore":54.49672635770756,"baseScoreNoCommerce":54.360529355394846,"baseRank":97,"population":2836.408101617578,"blocks":{"housing":0.2354722710643814,"infra":0.81593567251462,"transport":0.81347,"work":0.012878524190741385,"green":0.84027,"commerce":0.551777113692711},"indicators":[{"label":"Жильё: плотность","value":159.576},{"label":"Жильё: обеспеченность","value":33.735},{"label":"Жильё: износ","value":39.646},{"label":"Жильё: этажность","value":9.25},{"label":"Инфраструктура: разнообразие","value":0.4583333333333333},{"label":"Инфраструктура: полнота корзины","value":100},{"label":"Транспорт: доступность","value":81.347},{"label":"Рабочие места: обеспеченность","value":0.012878524190741385},{"label":"Рабочие места: плотность","value":0.00020819172379258507},{"label":"Зеленые зоны: доступность","value":84.027},{"label":"Коммерция: активность ФНС","value":8.641},{"label":"Коммерция: ККТ","value":33.96},{"label":"Коммерция: медианный чек","value":48.382}]},"geometry":{"type":"Polygon","coordinates":[[[36.078165,52.986951],[36.077249,52.987036],[36.077121,52.987047],[36.07511,52.987225],[36.075102,52.987226],[36.07504,52.987236],[36.074495,52.987285],[36.073432,52.985897],[36.07239,52.98454],[36.072466,52.984497],[36.073887,52.984341],[36.075718,52.984167],[36.075966,52.984148],[36.075966,52.984148],[36.075966,52.984148],[36.076049,52.984141],[36.076991,52.984095],[36.077667,52.984043],[36.078348,52.983965],[36.08052,52.983681],[36.080645,52.983663],[36.080726,52.983678],[36.080783,52.983726],[36.080843,52.983821],[36.081643,52.985828],[36.081823,52.986543],[36.081754,52.986596],[36.081698,52.98662],[36.081629,52.986624],[36.081627,52.986625],[36.081625,52.986624],[36.081115,52.986667],[36.081115,52.986667],[36.081114,52.986667],[36.079692,52.986798],[36.079691,52.986798],[36.079691,52.986798],[36.079035,52.986863],[36.079035,52.986863],[36.079035,52.986863],[36.078403,52.986929],[36.078268,52.986941],[36.078165,52.986951]]]}},{"type":"Feature","id":"1012","properties":{"id":"1012","city":"orel","baseScore":62.12487471653926,"baseScoreNoCommerce":60.32559462710868,"baseRank":58,"population":3366.490694446033,"blocks":{"housing":0.314631326797029,"infra":0.8564814814814815,"transport":1,"work":0.04807692307692308,"green":0.79709,"commerce":0.7112127516369213},"indicators":[{"label":"Жильё: плотность","value":163.839},{"label":"Жильё: обеспеченность","value":34.753},{"label":"Жильё: износ","value":35.136},{"label":"Жильё: этажность","value":6.842105},{"label":"Инфраструктура: разнообразие","value":0.5694444444444444},{"label":"Инфраструктура: полнота корзины","value":100},{"label":"Транспорт: доступность","value":100},{"label":"Рабочие места: обеспеченность","value":0.04807692307692308},{"label":"Рабочие места: плотность","value":0.00082747018360998},{"label":"Зеленые зоны: доступность","value":79.709},{"label":"Коммерция: активность ФНС","value":9.208},{"label":"Коммерция: ККТ","value":79.298},{"label":"Коммерция: медианный чек","value":235.526}]},"geometry":{"type":"Polygon","coordinates":[[[36.075808,52.979546],[36.075941,52.979591],[36.076701,52.980206],[36.078454,52.981624],[36.080533,52.98348],[36.076756,52.983927],[36.073978,52.984161],[36.073079,52.982928],[36.07293,52.982969],[36.071698,52.983301],[36.070164,52.98122],[36.072193,52.980586],[36.075447,52.979568],[36.075636,52.979529],[36.075808,52.979546]]]}},{"type":"Feature","id":"1013","properties":{"id":"1013","city":"orel","baseScore":65.55173338050226,"baseScoreNoCommerce":63.28859385442925,"baseRank":41,"population":3009.4153006884517,"blocks":{"housing":0.20243900235754084,"infra":0.8194444444444443,"transport":1,"work":0.1425462459194777,"green":1,"commerce":0.7686743101086724},"indicators":[{"label":"Жильё: плотность","value":123.166},{"label":"Жильё: обеспеченность","value":34.763},{"label":"Жильё: износ","value":46.232},{"label":"Жильё: этажность","value":5.5},{"label":"Инфраструктура: разнообразие","value":0.4583333333333333},{"label":"Инфраструктура: полнота корзины","value":100},{"label":"Транспорт: доступность","value":100},{"label":"Рабочие места: обеспеченность","value":0.1425462459194777},{"label":"Рабочие места: плотность","value":0.002047563364880821},{"label":"Зеленые зоны: доступность","value":100},{"label":"Коммерция: активность ФНС","value":8.154},{"label":"Коммерция: ККТ","value":37.246},{"label":"Коммерция: медианный чек","value":327.136}]},"geometry":{"type":"Polygon","coordinates":[[[36.060039,52.981078],[36.060038,52.981076],[36.059869,52.980855],[36.059865,52.980851],[36.059675,52.980659],[36.059672,52.980656],[36.059557,52.980562],[36.059428,52.980455],[36.059426,52.980454],[36.059424,52.980452],[36.058625,52.979905],[36.056358,52.978338],[36.056357,52.978338],[36.056357,52.978338],[36.056274,52.978281],[36.056344,52.978247],[36.058631,52.977118],[36.05929,52.976792],[36.05929,52.976792],[36.05929,52.976792],[36.05988,52.976501],[36.060001,52.976441],[36.060791,52.976053],[36.060855,52.976021],[36.060945,52.975977],[36.060945,52.975977],[36.060945,52.975977],[36.061973,52.975471],[36.062484,52.975219],[36.062556,52.975184],[36.062691,52.975284],[36.062691,52.975284],[36.062691,52.975284],[36.063895,52.976169],[36.064017,52.976261],[36.064017,52.976261],[36.064017,52.976261],[36.064652,52.976738],[36.064652,52.976739],[36.064653,52.976739],[36.064758,52.976815],[36.065038,52.977029],[36.065038,52.977029],[36.065038,52.977029],[36.065495,52.977373],[36.065495,52.977373],[36.065495,52.977373],[36.065974,52.977731],[36.066079,52.977812],[36.06608,52.977813],[36.06608,52.977813],[36.066521,52.978145],[36.066586,52.978193],[36.066489,52.978243],[36.066061,52.978461],[36.066061,52.978461],[36.066061,52.978461],[36.064342,52.979338],[36.064342,52.979338],[36.064342,52.979338],[36.064279,52.97937],[36.063999,52.979513],[36.063999,52.979513],[36.063999,52.979513],[36.063127,52.979962],[36.06282,52.98012],[36.06282,52.98012],[36.06282,52.98012],[36.062211,52.980438],[36.062095,52.980493],[36.0615,52.980767],[36.0615,52.980767],[36.0615,52.980767],[36.061275,52.98087],[36.061155,52.980924],[36.060767,52.981096],[36.060767,52.981096],[36.060767,52.981097],[36.060478,52.981226],[36.060478,52.981226],[36.060478,52.981226],[36.060262,52.981324],[36.060211,52.98134],[36.060197,52.981313],[36.060196,52.981312],[36.060195,52.98131],[36.060039,52.981078]]]}},{"type":"Feature","id":"1014","properties":{"id":"1014","city":"orel","baseScore":66.56448952092742,"baseScoreNoCommerce":62.763674746722685,"baseRank":36,"population":1518.4329358891114,"blocks":{"housing":0.34946834780867575,"infra":0.8564814814814815,"transport":1,"work":0.307183908045977,"green":0.62505,"commerce":0.8556856339195118},"indicators":[{"label":"Жильё: плотность","value":132.054},{"label":"Жильё: обеспеченность","value":31.681},{"label":"Жильё: износ","value":21.754},{"label":"Жильё: этажность","value":8.538462},{"label":"Инфраструктура: разнообразие","value":0.5694444444444444},{"label":"Инфраструктура: полнота корзины","value":100},{"label":"Транспорт: доступность","value":100},{"label":"Рабочие места: обеспеченность","value":0.307183908045977},{"label":"Рабочие места: плотность","value":0.00585505303446154},{"label":"Зеленые зоны: доступность","value":62.505},{"label":"Коммерция: активность ФНС","value":9.466},{"label":"Коммерция: ККТ","value":129.155},{"label":"Коммерция: медианный чек","value":317.913}]},"geometry":{"type":"Polygon","coordinates":[[[36.071034,52.976044],[36.071033,52.976044],[36.070538,52.976277],[36.070537,52.976277],[36.070536,52.976278],[36.069418,52.976829],[36.068044,52.977477],[36.068044,52.977477],[36.068043,52.977477],[36.067383,52.977801],[36.066819,52.978077],[36.0667,52.978136],[36.066637,52.978089],[36.066637,52.978089],[36.066637,52.978089],[36.066196,52.977757],[36.066091,52.977676],[36.066091,52.977675],[36.066091,52.977675],[36.065611,52.977317],[36.065155,52.976973],[36.064874,52.976759],[36.064873,52.976758],[36.064873,52.976758],[36.064767,52.976682],[36.064133,52.976205],[36.064057,52.976148],[36.064112,52.976121],[36.064112,52.976121],[36.064112,52.976121],[36.064657,52.975854],[36.064657,52.975854],[36.064657,52.975854],[36.066626,52.974889],[36.066666,52.97487],[36.066668,52.974869],[36.066718,52.974844],[36.066718,52.974843],[36.066718,52.974843],[36.066831,52.974785],[36.067753,52.974328],[36.067753,52.974328],[36.067753,52.974328],[36.068323,52.974043],[36.068425,52.973993],[36.070581,52.975586],[36.071119,52.976004],[36.071034,52.976043],[36.071034,52.976044]]]}},{"type":"Feature","id":"1015","properties":{"id":"1015","city":"orel","baseScore":55.36621240009582,"baseScoreNoCommerce":53.655362357114925,"baseRank":87,"population":688.1379208357179,"blocks":{"housing":0.7118229182913582,"infra":0.739083820662768,"transport":0.8658,"work":0.015211378901619914,"green":0.35085,"commerce":0.639204626150003},"indicators":[{"label":"Жильё: плотность","value":114.694},{"label":"Жильё: обеспеченность","value":38.656},{"label":"Жильё: износ","value":8.605},{"label":"Жильё: этажность","value":10.347826},{"label":"Инфраструктура: разнообразие","value":0.5277777777777778},{"label":"Инфраструктура: полнота корзины","value":100},{"label":"Транспорт: доступность","value":86.58},{"label":"Рабочие места: обеспеченность","value":0.015211378901619914},{"label":"Рабочие места: плотность","value":0.00017715952707437986},{"label":"Зеленые зоны: доступность","value":35.085},{"label":"Коммерция: активность ФНС","value":9.334},{"label":"Коммерция: ККТ","value":103.499},{"label":"Коммерция: медианный чек","value":62.416}]},"geometry":{"type":"Polygon","coordinates":[[[36.044518,52.987694],[36.043395,52.988262],[36.043078,52.988434],[36.042712,52.988624],[36.042567,52.988525],[36.042567,52.988525],[36.042567,52.988525],[36.042244,52.988307],[36.042244,52.988307],[36.042243,52.988306],[36.042062,52.988189],[36.042038,52.988167],[36.042034,52.988165],[36.042031,52.988162],[36.041548,52.987854],[36.041321,52.987693],[36.041321,52.987693],[36.041321,52.987693],[36.0412,52.987607],[36.041498,52.987472],[36.041988,52.98725],[36.04199,52.987249],[36.042164,52.987165],[36.042164,52.987164],[36.042164,52.987164],[36.042607,52.986948],[36.042609,52.986947],[36.042612,52.986946],[36.042841,52.986814],[36.042842,52.986813],[36.042844,52.986812],[36.043377,52.986476],[36.043378,52.986475],[36.043378,52.986475],[36.043496,52.986398],[36.043497,52.986397],[36.043681,52.986271],[36.043683,52.986269],[36.043911,52.986097],[36.043913,52.986096],[36.043986,52.986036],[36.044031,52.986066],[36.044143,52.986141],[36.044143,52.986141],[36.044143,52.986141],[36.044499,52.98638],[36.044499,52.98638],[36.0445,52.98638],[36.044758,52.986552],[36.045246,52.986878],[36.046442,52.987687],[36.046443,52.987688],[36.046444,52.987689],[36.047742,52.988487],[36.047761,52.988495],[36.047986,52.988653],[36.047377,52.988991],[36.04558,52.988137],[36.044518,52.987694]]]}},{"type":"Feature","id":"1016","properties":{"id":"1016","city":"orel","baseScore":54.14642118086718,"baseScoreNoCommerce":55.56972373671727,"baseRank":98,"population":820.0565610549926,"blocks":{"housing":0.2987777657832323,"infra":0.5023984210526315,"transport":1,"work":0,"green":0.97731,"commerce":0.47029908401616716},"indicators":[{"label":"Жильё: плотность","value":85.163},{"label":"Жильё: обеспеченность","value":34.701},{"label":"Жильё: износ","value":36.531},{"label":"Жильё: этажность","value":4.666667},{"label":"Инфраструктура: разнообразие","value":0.125},{"label":"Инфраструктура: полнота корзины","value":54.009},{"label":"Транспорт: доступность","value":100},{"label":"Зеленые зоны: доступность","value":97.731},{"label":"Коммерция: активность ФНС","value":6.232},{"label":"Коммерция: ККТ","value":12.582},{"label":"Коммерция: медианный чек","value":32.157}]},"geometry":{"type":"Polygon","coordinates":[[[36.048111,52.988586],[36.047862,52.988436],[36.047848,52.988424],[36.046552,52.987626],[36.045357,52.986818],[36.045357,52.986818],[36.045356,52.986817],[36.044869,52.986492],[36.04461,52.986319],[36.044253,52.986081],[36.044141,52.986006],[36.044141,52.986006],[36.044141,52.986006],[36.044075,52.985962],[36.044293,52.985777],[36.044294,52.985776],[36.04478,52.985336],[36.04478,52.985335],[36.044781,52.985335],[36.045104,52.985029],[36.04542,52.984729],[36.045868,52.984323],[36.04607,52.98442],[36.04637,52.984625],[36.046373,52.984626],[36.046374,52.984627],[36.046595,52.984754],[36.047697,52.985397],[36.047764,52.985444],[36.047779,52.985525],[36.048834,52.986435],[36.049043,52.986319],[36.050509,52.987343],[36.048111,52.988586]]]}},{"type":"Feature","id":"1017","properties":{"id":"1017","city":"orel","baseScore":55.36621240009582,"baseScoreNoCommerce":53.655362357114925,"baseRank":87,"population":1323.7555913737303,"blocks":{"housing":0.7118229182913582,"infra":0.739083820662768,"transport":0.8658,"work":0.015211378901619914,"green":0.35085,"commerce":0.639204626150003},"indicators":[{"label":"Жильё: плотность","value":114.694},{"label":"Жильё: обеспеченность","value":38.656},{"label":"Жильё: износ","value":8.605},{"label":"Жильё: этажность","value":10.347826},{"label":"Инфраструктура: разнообразие","value":0.5277777777777778},{"label":"Инфраструктура: полнота корзины","value":100},{"label":"Транспорт: доступность","value":86.58},{"label":"Рабочие места: обеспеченность","value":0.015211378901619914},{"label":"Рабочие места: плотность","value":0.00017715952707437986},{"label":"Зеленые зоны: доступность","value":35.085},{"label":"Коммерция: активность ФНС","value":9.334},{"label":"Коммерция: ККТ","value":103.499},{"label":"Коммерция: медианный чек","value":62.416}]},"geometry":{"type":"Polygon","coordinates":[[[36.04214,52.983892],[36.042421,52.983751],[36.042431,52.983757],[36.042452,52.983764],[36.042549,52.983786],[36.042557,52.983788],[36.042617,52.983797],[36.042619,52.983797],[36.042679,52.983805],[36.04268,52.983805],[36.042744,52.983813],[36.04275,52.983813],[36.04281,52.983817],[36.042823,52.983817],[36.042853,52.983816],[36.042863,52.983815],[36.042893,52.983811],[36.042918,52.983805],[36.042954,52.983791],[36.042959,52.983789],[36.043008,52.983766],[36.043014,52.983762],[36.043259,52.98362],[36.043259,52.98362],[36.043912,52.983239],[36.044291,52.983456],[36.04509,52.983913],[36.045413,52.984098],[36.045416,52.984099],[36.045418,52.9841],[36.045752,52.984266],[36.045296,52.98468],[36.045295,52.98468],[36.045295,52.98468],[36.044978,52.984981],[36.044978,52.984981],[36.044978,52.984981],[36.044655,52.985286],[36.044171,52.985726],[36.04392,52.985939],[36.043794,52.986042],[36.043568,52.986213],[36.043386,52.986337],[36.043269,52.986414],[36.042737,52.986749],[36.042511,52.98688],[36.042071,52.987094],[36.041898,52.987178],[36.041409,52.9874],[36.041047,52.987564],[36.040982,52.987594],[36.040722,52.98771],[36.040722,52.98771],[36.040722,52.98771],[36.039823,52.988115],[36.039823,52.988115],[36.039823,52.988115],[36.039572,52.988227],[36.039264,52.988362],[36.039263,52.988362],[36.039263,52.988362],[36.038297,52.9888],[36.03814,52.988683],[36.03814,52.988683],[36.03814,52.988682],[36.037318,52.988079],[36.03905,52.987429],[36.038643,52.987044],[36.040071,52.986401],[36.040993,52.985991],[36.042248,52.984998],[36.04168,52.984657],[36.041238,52.984416],[36.042083,52.983925],[36.04214,52.983892]]]}},{"type":"Feature","id":"1019","properties":{"id":"1019","city":"orel","baseScore":61.56293897549475,"baseScoreNoCommerce":62.81919361698039,"baseRank":59,"population":606.9550968570558,"blocks":{"housing":0.47127119576047555,"infra":0.6678070175438596,"transport":1,"work":0.0018814675446848542,"green":1,"commerce":0.5528166576806651},"indicators":[{"label":"Жильё: плотность","value":257.948},{"label":"Жильё: обеспеченность","value":32.721},{"label":"Жильё: износ","value":13.11},{"label":"Жильё: этажность","value":11.1},{"label":"Инфраструктура: разнообразие","value":0.125},{"label":"Инфраструктура: полнота корзины","value":100},{"label":"Транспорт: доступность","value":100},{"label":"Рабочие места: обеспеченность","value":0.0018814675446848542},{"label":"Рабочие места: плотность","value":0.00004862358809028514},{"label":"Зеленые зоны: доступность","value":100},{"label":"Коммерция: активность ФНС","value":8.209},{"label":"Коммерция: ККТ","value":11.237},{"label":"Коммерция: медианный чек","value":380.5}]},"geometry":{"type":"Polygon","coordinates":[[[36.041249,52.978245],[36.040861,52.977943],[36.040947,52.977383],[36.040805,52.97727],[36.040141,52.97674],[36.040298,52.975567],[36.041113,52.975151],[36.04131,52.974989],[36.042517,52.974432],[36.042874,52.974272],[36.042875,52.974273],[36.044099,52.975214],[36.0441,52.975214],[36.044101,52.975215],[36.044561,52.975548],[36.045422,52.976212],[36.046155,52.97678],[36.046183,52.976813],[36.046187,52.976838],[36.045345,52.977253],[36.045099,52.977372],[36.044969,52.977432],[36.044968,52.977432],[36.044967,52.977433],[36.044414,52.977704],[36.044232,52.97779],[36.043967,52.977915],[36.043966,52.977915],[36.043966,52.977915],[36.043006,52.978388],[36.042825,52.978473],[36.042825,52.978474],[36.042824,52.978474],[36.042168,52.978795],[36.042038,52.978855],[36.042006,52.978831],[36.039516,52.979993],[36.039465,52.979999],[36.039408,52.979992],[36.039059,52.979852],[36.038833,52.979759],[36.038832,52.979759],[36.03883,52.979758],[36.038742,52.979725],[36.038305,52.97955],[36.037826,52.979351],[36.037373,52.979123],[36.036986,52.978816],[36.036701,52.978474],[36.036589,52.978268],[36.036471,52.977957],[36.036283,52.976585],[36.036575,52.976583],[36.038038,52.976574],[36.038616,52.976616],[36.03867,52.977037],[36.039013,52.977272],[36.039245,52.977758],[36.039643,52.978067],[36.039394,52.978632],[36.039872,52.978907],[36.041249,52.978245]]]}},{"type":"Feature","id":"1020","properties":{"id":"1020","city":"orel","baseScore":62.710811596039036,"baseScoreNoCommerce":63.125872554126,"baseRank":56,"population":1975.500749417761,"blocks":{"housing":0.48010659018496005,"infra":0.6630116959064327,"transport":1,"work":0.08074534161490683,"green":0.93243,"commerce":0.6063550680560426},"indicators":[{"label":"Жильё: плотность","value":31.466},{"label":"Жильё: обеспеченность","value":32.184},{"label":"Жильё: износ","value":10.5},{"label":"Жильё: этажность","value":12},{"label":"Инфраструктура: разнообразие","value":0.041666666666666664},{"label":"Инфраструктура: полнота корзины","value":100},{"label":"Транспорт: доступность","value":100},{"label":"Рабочие места: обеспеченность","value":0.08074534161490683},{"label":"Рабочие места: плотность","value":0.0002763880111330098},{"label":"Зеленые зоны: доступность","value":93.243},{"label":"Коммерция: активность ФНС","value":8.955},{"label":"Коммерция: ККТ","value":17.195},{"label":"Коммерция: медианный чек","value":17.316}]},"geometry":{"type":"Polygon","coordinates":[[[36.04543,52.972795],[36.045401,52.973252],[36.045394,52.973292],[36.04536,52.973365],[36.045359,52.973371],[36.045357,52.973378],[36.045377,52.973842],[36.045377,52.973842],[36.045377,52.973842],[36.045391,52.974159],[36.045399,52.974179],[36.045597,52.9744],[36.0456,52.974403],[36.045603,52.974406],[36.045648,52.974443],[36.045649,52.974444],[36.045651,52.974445],[36.045735,52.974506],[36.046386,52.974978],[36.046956,52.975442],[36.046957,52.975442],[36.046957,52.975442],[36.047808,52.976124],[36.047116,52.976465],[36.046504,52.976748],[36.046433,52.976766],[36.046266,52.97672],[36.04554,52.976156],[36.04554,52.976156],[36.04554,52.976156],[36.044678,52.975492],[36.044677,52.975492],[36.044676,52.975491],[36.044216,52.975158],[36.042992,52.974217],[36.042874,52.974272],[36.042517,52.974432],[36.042142,52.974124],[36.04232,52.973917],[36.042253,52.973464],[36.042473,52.973063],[36.042768,52.972853],[36.043455,52.972882],[36.043439,52.97223],[36.042999,52.972207],[36.042844,52.972104],[36.042827,52.97192],[36.04315,52.971923],[36.044286,52.971951],[36.044286,52.971951],[36.044286,52.971951],[36.045227,52.971969],[36.045431,52.972084],[36.045443,52.9721],[36.045441,52.972285],[36.045427,52.972706],[36.045427,52.972707],[36.045427,52.972708],[36.04543,52.972795]]]}},{"type":"Feature","id":"1021","properties":{"id":"1021","city":"orel","baseScore":50.40977111211903,"baseScoreNoCommerce":57.06312820915842,"baseRank":128,"population":192.6499484309326,"blocks":{"housing":0.7375108761676497,"infra":0.6491228070175438,"transport":1,"work":0.02727272727272727,"green":0.43925,"commerce":0.17142985626922136},"indicators":[{"label":"Жильё: плотность","value":24.246},{"label":"Жильё: обеспеченность","value":42.203},{"label":"Инфраструктура: разнообразие","value":0},{"label":"Инфраструктура: полнота корзины","value":100},{"label":"Транспорт: доступность","value":100},{"label":"Рабочие места: обеспеченность","value":0.02727272727272727},{"label":"Рабочие места: плотность","value":0.00006798061906210436},{"label":"Зеленые зоны: доступность","value":43.925},{"label":"Коммерция: активность ФНС","value":5.467},{"label":"Коммерция: ККТ","value":1.817},{"label":"Коммерция: медианный чек","value":0}]},"geometry":{"type":"Polygon","coordinates":[[[36.045892,52.973102],[36.045998,52.973077],[36.04614,52.97305],[36.046142,52.973049],[36.046145,52.973049],[36.04657,52.972945],[36.046821,52.972884],[36.047185,52.972797],[36.047185,52.972797],[36.047185,52.972797],[36.048014,52.972599],[36.04803,52.972595],[36.048129,52.972572],[36.048553,52.972963],[36.048632,52.973027],[36.050792,52.974657],[36.047923,52.976067],[36.047076,52.975388],[36.046504,52.974923],[36.046502,52.974922],[36.046501,52.974921],[36.045849,52.974449],[36.045849,52.974449],[36.045849,52.974449],[36.045766,52.974389],[36.045726,52.974355],[36.045539,52.974146],[36.045526,52.97384],[36.045506,52.973383],[36.045526,52.97334],[36.045543,52.973343],[36.045605,52.973266],[36.04568,52.973207],[36.045766,52.973148],[36.045785,52.973138],[36.045892,52.973102]]]}},{"type":"Feature","id":"1022","properties":{"id":"1022","city":"orel","baseScore":47.701383430276074,"baseScoreNoCommerce":48.10564623968756,"baseRank":143,"population":90.98142919477539,"blocks":{"housing":0.46566375629987933,"infra":0.7139376218323586,"transport":1,"work":0.22568093385214008,"green":0,"commerce":0.4568006938321864},"indicators":[{"label":"Жильё: плотность","value":13.588},{"label":"Жильё: обеспеченность","value":30.916},{"label":"Жильё: износ","value":8},{"label":"Жильё: этажность","value":17},{"label":"Инфраструктура: разнообразие","value":0.19444444444444442},{"label":"Инфраструктура: полнота корзины","value":100},{"label":"Транспорт: доступность","value":100},{"label":"Рабочие места: обеспеченность","value":0.22568093385214008},{"label":"Рабочие места: плотность","value":0.0003960263940652934},{"label":"Коммерция: активность ФНС","value":5.794},{"label":"Коммерция: ККТ","value":10.119},{"label":"Коммерция: медианный чек","value":182.475}]},"geometry":{"type":"Polygon","coordinates":[[[36.049664,52.973643],[36.048931,52.973086],[36.048831,52.97301],[36.048733,52.972932],[36.048337,52.972523],[36.048579,52.972463],[36.050154,52.972082],[36.050398,52.972025],[36.050398,52.972025],[36.050398,52.972025],[36.052101,52.971615],[36.052332,52.971559],[36.05235,52.971588],[36.052392,52.971662],[36.052592,52.972008],[36.052633,52.972078],[36.052633,52.972078],[36.052633,52.972078],[36.052698,52.972192],[36.05273,52.972269],[36.052742,52.9723],[36.05299,52.972904],[36.053215,52.973455],[36.053198,52.973464],[36.053198,52.973464],[36.053198,52.973464],[36.053151,52.973487],[36.053151,52.973487],[36.053151,52.973487],[36.052209,52.97396],[36.052209,52.97396],[36.052209,52.97396],[36.051825,52.974154],[36.05151,52.974312],[36.05151,52.974312],[36.05151,52.974312],[36.051086,52.974524],[36.051086,52.974524],[36.051086,52.974524],[36.050928,52.974603],[36.049905,52.973826],[36.049664,52.973643],[36.049664,52.973643],[36.049664,52.973643]]]}},{"type":"Feature","id":"1023","properties":{"id":"1023","city":"orel","baseScore":37.56332436757239,"baseScoreNoCommerce":41.899259475334375,"baseRank":210,"population":106.6404974715332,"blocks":{"housing":0.4306886515976595,"infra":0.6491228070175438,"transport":0,"work":0.015151515151515152,"green":1,"commerce":0.15883648828762492},"indicators":[{"label":"Жильё: плотность","value":211.453},{"label":"Жильё: обеспеченность","value":30.972},{"label":"Жильё: износ","value":11.449},{"label":"Жильё: этажность","value":9.666667},{"label":"Инфраструктура: разнообразие","value":0},{"label":"Инфраструктура: полнота корзины","value":100},{"label":"Рабочие места: обеспеченность","value":0.015151515151515152},{"label":"Рабочие места: плотность","value":0.0003253122285582943},{"label":"Зеленые зоны: доступность","value":100},{"label":"Коммерция: активность ФНС","value":3.573},{"label":"Коммерция: ККТ","value":2.038},{"label":"Коммерция: медианный чек","value":0}]},"geometry":{"type":"Polygon","coordinates":[[[36.053267,52.96826],[36.053927,52.968725],[36.053921,52.968728],[36.053914,52.968733],[36.053913,52.968734],[36.053913,52.968734],[36.053908,52.96874],[36.053904,52.968746],[36.053904,52.968746],[36.053903,52.968747],[36.053902,52.968753],[36.053901,52.96876],[36.053901,52.96876],[36.053901,52.968761],[36.053903,52.968767],[36.053905,52.968774],[36.053905,52.968774],[36.053906,52.968774],[36.053911,52.96878],[36.053916,52.968786],[36.053917,52.968786],[36.053917,52.968787],[36.053966,52.968824],[36.05425,52.969037],[36.054437,52.969178],[36.05558,52.970038],[36.055613,52.970062],[36.055562,52.970087],[36.055277,52.970226],[36.055277,52.970226],[36.055277,52.970226],[36.054127,52.970785],[36.054126,52.970785],[36.054126,52.970786],[36.053621,52.971046],[36.053154,52.9712],[36.05289,52.971284],[36.05289,52.971284],[36.05289,52.971284],[36.052504,52.971407],[36.052504,52.971408],[36.052419,52.971435],[36.052396,52.971393],[36.052395,52.971392],[36.052394,52.97139],[36.052101,52.970979],[36.052099,52.970976],[36.05145,52.970201],[36.051406,52.970132],[36.051098,52.969639],[36.050818,52.969188],[36.050806,52.969176],[36.050789,52.969166],[36.050768,52.969161],[36.050745,52.969159],[36.050722,52.969162],[36.050721,52.969162],[36.050571,52.968933],[36.052059,52.968607],[36.051717,52.968387],[36.052831,52.967969],[36.053267,52.96826]]]}},{"type":"Feature","id":"1024","properties":{"id":"1024","city":"orel","baseScore":47.701383430276074,"baseScoreNoCommerce":48.10564623968756,"baseRank":143,"population":106.93685903701171,"blocks":{"housing":0.46566375629987933,"infra":0.7139376218323586,"transport":1,"work":0.22568093385214008,"green":0,"commerce":0.4568006938321864},"indicators":[{"label":"Жильё: плотность","value":13.588},{"label":"Жильё: обеспеченность","value":30.916},{"label":"Жильё: износ","value":8},{"label":"Жильё: этажность","value":17},{"label":"Инфраструктура: разнообразие","value":0.19444444444444442},{"label":"Инфраструктура: полнота корзины","value":100},{"label":"Транспорт: доступность","value":100},{"label":"Рабочие места: обеспеченность","value":0.22568093385214008},{"label":"Рабочие места: плотность","value":0.0003960263940652934},{"label":"Коммерция: активность ФНС","value":5.794},{"label":"Коммерция: ККТ","value":10.119},{"label":"Коммерция: медианный чек","value":182.475}]},"geometry":{"type":"Polygon","coordinates":[[[36.053363,52.976249],[36.053231,52.976312],[36.05323,52.976311],[36.052563,52.97582],[36.052426,52.975718],[36.051852,52.975288],[36.051852,52.975288],[36.051852,52.975288],[36.051022,52.974673],[36.051181,52.974593],[36.051605,52.974381],[36.05192,52.974223],[36.05192,52.974223],[36.051921,52.974223],[36.052304,52.974029],[36.053246,52.973556],[36.053293,52.973533],[36.053345,52.973507],[36.054059,52.973168],[36.054279,52.973073],[36.05428,52.973072],[36.054281,52.973072],[36.054693,52.972879],[36.054767,52.972935],[36.054767,52.972935],[36.054767,52.972935],[36.055519,52.9735],[36.055519,52.9735],[36.05552,52.9735],[36.056038,52.973886],[36.056039,52.973887],[36.05604,52.973888],[36.056373,52.974118],[36.056696,52.974351],[36.056698,52.974352],[36.0567,52.974354],[36.056916,52.974488],[36.05529,52.975287],[36.053363,52.976249]]]}},{"type":"Feature","id":"1025","properties":{"id":"1025","city":"orel","baseScore":62.479556304566906,"baseScoreNoCommerce":56.49387973849771,"baseRank":57,"population":205.40534694411622,"blocks":{"housing":0.15234843136933016,"infra":0.8055555555555557,"transport":1,"work":0.48125,"green":0.38554,"commerce":0.9240793913491292},"indicators":[{"label":"Жильё: плотность","value":35.313},{"label":"Жильё: обеспеченность","value":35.612},{"label":"Жильё: износ","value":55.419},{"label":"Жильё: этажность","value":3.5},{"label":"Инфраструктура: разнообразие","value":0.4166666666666667},{"label":"Инфраструктура: полнота корзины","value":100},{"label":"Транспорт: доступность","value":100},{"label":"Рабочие места: обеспеченность","value":0.48125},{"label":"Рабочие места: плотность","value":0.0032760553181737507},{"label":"Зеленые зоны: доступность","value":38.554},{"label":"Коммерция: активность ФНС","value":9.087},{"label":"Коммерция: ККТ","value":58.881},{"label":"Коммерция: медианный чек","value":401.34}]},"geometry":{"type":"Polygon","coordinates":[[[36.05837,52.973783],[36.057034,52.97443],[36.057024,52.974425],[36.056808,52.974292],[36.056487,52.97406],[36.056486,52.97406],[36.056486,52.974059],[36.056153,52.973829],[36.055635,52.973443],[36.054883,52.972878],[36.054811,52.972824],[36.056186,52.972182],[36.056349,52.972106],[36.056349,52.972106],[36.056349,52.972106],[36.056411,52.972077],[36.05693,52.971832],[36.05693,52.971832],[36.05693,52.971832],[36.057498,52.971565],[36.057498,52.971565],[36.057498,52.971565],[36.057596,52.971519],[36.057638,52.97155],[36.057638,52.97155],[36.057638,52.97155],[36.058837,52.972437],[36.058837,52.972437],[36.058837,52.972437],[36.058955,52.972525],[36.059049,52.972595],[36.059389,52.972848],[36.059389,52.972848],[36.059389,52.972848],[36.059741,52.973107],[36.059718,52.973118],[36.059394,52.973282],[36.059099,52.97343],[36.0589,52.973523],[36.058458,52.97374],[36.05837,52.973783]]]}},{"type":"Feature","id":"1026","properties":{"id":"1026","city":"orel","baseScore":64.54629092123871,"baseScoreNoCommerce":59.383492382083546,"baseRank":45,"population":1060.873478172229,"blocks":{"housing":0.22663649274252193,"infra":0.7268518518518517,"transport":1,"work":0.01568627450980392,"green":1,"commerce":0.9036028361701451},"indicators":[{"label":"Жильё: плотность","value":84.601},{"label":"Жильё: обеспеченность","value":35.857},{"label":"Жильё: износ","value":47.388},{"label":"Жильё: этажность","value":4.6},{"label":"Инфраструктура: разнообразие","value":0.18055555555555555},{"label":"Инфраструктура: полнота корзины","value":100},{"label":"Транспорт: доступность","value":100},{"label":"Рабочие места: обеспеченность","value":0.01568627450980392},{"label":"Рабочие места: плотность","value":0.00013482260294003415},{"label":"Зеленые зоны: доступность","value":100},{"label":"Коммерция: активность ФНС","value":8.28},{"label":"Коммерция: ККТ","value":44.944},{"label":"Коммерция: медианный чек","value":348.867}]},"geometry":{"type":"Polygon","coordinates":[[[36.060082,52.973218],[36.059857,52.97305],[36.059856,52.97305],[36.059856,52.97305],[36.059504,52.972791],[36.059164,52.972538],[36.059164,52.972538],[36.059164,52.972538],[36.059071,52.972468],[36.059071,52.972468],[36.05907,52.972468],[36.058952,52.97238],[36.057754,52.971493],[36.057712,52.971462],[36.057813,52.971411],[36.057813,52.971411],[36.057813,52.971411],[36.058409,52.971106],[36.05853,52.971044],[36.05922,52.970703],[36.05922,52.970703],[36.059221,52.970703],[36.059388,52.970617],[36.059388,52.970617],[36.059388,52.970617],[36.060245,52.970181],[36.060301,52.970152],[36.060367,52.970201],[36.060367,52.970201],[36.060367,52.970201],[36.060911,52.970603],[36.061465,52.971017],[36.061465,52.971017],[36.061465,52.971017],[36.061558,52.971087],[36.061558,52.971087],[36.061559,52.971087],[36.062477,52.971766],[36.062477,52.971766],[36.062477,52.971766],[36.06338,52.972414],[36.063497,52.97251],[36.063498,52.972511],[36.063499,52.972512],[36.064051,52.972923],[36.064052,52.972923],[36.064052,52.972923],[36.065191,52.973739],[36.065192,52.97374],[36.065192,52.97374],[36.065218,52.973758],[36.065139,52.973797],[36.062694,52.975],[36.062577,52.975058],[36.062531,52.975024],[36.062006,52.974637],[36.061692,52.974406],[36.061528,52.974285],[36.061528,52.974285],[36.061528,52.974285],[36.060925,52.973841],[36.060435,52.973479],[36.060435,52.973479],[36.060435,52.973479],[36.060082,52.973218]]]}},{"type":"Feature","id":"1027","properties":{"id":"1027","city":"orel","baseScore":49.338078095759656,"baseScoreNoCommerce":50.77292217672535,"baseRank":131,"population":1079.237640237378,"blocks":{"housing":0.16783218625588436,"infra":0.6633625730994152,"transport":0.68496,"work":0.02249134948096886,"green":1,"commerce":0.42163857690931134},"indicators":[{"label":"Жильё: плотность","value":175.062},{"label":"Жильё: обеспеченность","value":34.1},{"label":"Жильё: износ","value":47.498},{"label":"Жильё: этажность","value":4.666667},{"label":"Инфраструктура: разнообразие","value":0.041666666666666664},{"label":"Инфраструктура: полнота корзины","value":100},{"label":"Транспорт: доступность","value":68.496},{"label":"Рабочие места: обеспеченность","value":0.02249134948096886},{"label":"Рабочие места: плотность","value":0.00040279847397419686},{"label":"Зеленые зоны: доступность","value":100},{"label":"Коммерция: активность ФНС","value":7.119},{"label":"Коммерция: ККТ","value":6.953},{"label":"Коммерция: медианный чек","value":0}]},"geometry":{"type":"Polygon","coordinates":[[[36.061657,52.963],[36.062228,52.963102],[36.062233,52.963122],[36.062268,52.963275],[36.062563,52.964552],[36.062497,52.964582],[36.062466,52.964596],[36.062465,52.964596],[36.062464,52.964596],[36.062324,52.964664],[36.062161,52.964742],[36.061705,52.96496],[36.061705,52.96496],[36.061705,52.96496],[36.061594,52.965013],[36.061118,52.965241],[36.061096,52.965252],[36.060673,52.9651],[36.060664,52.96478],[36.058941,52.964839],[36.05731,52.964979],[36.057016,52.965255],[36.056982,52.965284],[36.056964,52.965279],[36.056941,52.965276],[36.056918,52.965278],[36.056897,52.965284],[36.056885,52.965291],[36.056585,52.965121],[36.056516,52.965082],[36.056379,52.965],[36.056257,52.964932],[36.056289,52.964901],[36.056559,52.964714],[36.056728,52.964596],[36.056874,52.96452],[36.057427,52.964258],[36.0576,52.964118],[36.059019,52.963575],[36.0601,52.963325],[36.060583,52.963121],[36.061224,52.96298],[36.061373,52.962968],[36.061657,52.963]]]}},{"type":"Feature","id":"1028","properties":{"id":"1028","city":"orel","baseScore":61.333407330362846,"baseScoreNoCommerce":56.329007543155775,"baseRank":61,"population":854.9018649804688,"blocks":{"housing":0.3952022578544879,"infra":0.7595711500974659,"transport":0.55957,"work":0.10210696920583469,"green":1,"commerce":0.8635540626639816},"indicators":[{"label":"Жильё: плотность","value":138.4},{"label":"Жильё: обеспеченность","value":35.444},{"label":"Жильё: износ","value":29.428},{"label":"Жильё: этажность","value":7.5},{"label":"Инфраструктура: разнообразие","value":0.3055555555555555},{"label":"Инфраструктура: полнота корзины","value":100},{"label":"Транспорт: доступность","value":55.957},{"label":"Рабочие места: обеспеченность","value":0.10210696920583469},{"label":"Рабочие места: плотность","value":0.0015738641471904334},{"label":"Зеленые зоны: доступность","value":100},{"label":"Коммерция: активность ФНС","value":9.212},{"label":"Коммерция: ККТ","value":51.236},{"label":"Коммерция: медианный чек","value":309.684}]},"geometry":{"type":"Polygon","coordinates":[[[36.065231,52.964457],[36.065109,52.964893],[36.064584,52.967003],[36.064582,52.967003],[36.064361,52.966984],[36.06436,52.966984],[36.064359,52.966984],[36.063078,52.966895],[36.062984,52.966887],[36.062895,52.966878],[36.062868,52.966875],[36.06299,52.966542],[36.06299,52.966541],[36.062991,52.96654],[36.063065,52.966259],[36.063066,52.966253],[36.063074,52.966116],[36.063074,52.966115],[36.063074,52.966114],[36.06307,52.965947],[36.06307,52.965944],[36.063044,52.965742],[36.063043,52.965738],[36.062957,52.96541],[36.062956,52.965408],[36.062894,52.96522],[36.062894,52.965218],[36.062826,52.965046],[36.062799,52.964925],[36.062799,52.964925],[36.062799,52.964925],[36.062731,52.964628],[36.062716,52.964566],[36.062415,52.963262],[36.062385,52.963129],[36.062574,52.963163],[36.062847,52.963212],[36.063441,52.963188],[36.063792,52.963257],[36.064152,52.96335],[36.064398,52.963443],[36.065151,52.963792],[36.065397,52.96391],[36.065299,52.964206],[36.065295,52.964205],[36.065272,52.964206],[36.06525,52.96421],[36.065231,52.964219],[36.065218,52.96423],[36.065211,52.964244],[36.065211,52.964258],[36.065219,52.964271],[36.065233,52.964282],[36.065252,52.96429],[36.065273,52.964294],[36.065231,52.964457]]]}},{"type":"Feature","id":"1029","properties":{"id":"1029","city":"orel","baseScore":63.799442118499826,"baseScoreNoCommerce":63.09261791697517,"baseRank":49,"population":448.0898898196411,"blocks":{"housing":0.39671742221641415,"infra":0.7268713450292399,"transport":1,"work":0.031042128603104215,"green":1,"commerce":0.6733356312612309},"indicators":[{"label":"Жильё: плотность","value":80.387},{"label":"Жильё: обеспеченность","value":34.054},{"label":"Жильё: износ","value":24.778},{"label":"Жильё: этажность","value":5},{"label":"Инфраструктура: разнообразие","value":0.2916666666666667},{"label":"Инфраструктура: полнота корзины","value":100},{"label":"Транспорт: доступность","value":100},{"label":"Рабочие места: обеспеченность","value":0.031042128603104215},{"label":"Рабочие места: плотность","value":0.00025753145737576386},{"label":"Зеленые зоны: доступность","value":100},{"label":"Коммерция: активность ФНС","value":8.229},{"label":"Коммерция: ККТ","value":18.06},{"label":"Коммерция: медианный чек","value":78.083}]},"geometry":{"type":"Polygon","coordinates":[[[36.032203,52.972901],[36.031841,52.972928],[36.030717,52.973013],[36.030605,52.97302],[36.030531,52.972607],[36.030396,52.9717],[36.030395,52.971699],[36.030395,52.971698],[36.030379,52.971632],[36.031659,52.971546],[36.032237,52.971515],[36.032238,52.971515],[36.032239,52.971515],[36.032834,52.971475],[36.032834,52.971475],[36.032834,52.971475],[36.033378,52.971438],[36.033379,52.971438],[36.033379,52.971438],[36.034034,52.971388],[36.034035,52.971388],[36.034035,52.971388],[36.034498,52.971349],[36.03523,52.971297],[36.035307,52.971293],[36.035301,52.971362],[36.035301,52.971366],[36.035301,52.971369],[36.035354,52.971734],[36.035354,52.971734],[36.035354,52.971734],[36.035412,52.972099],[36.035412,52.9721],[36.035412,52.972102],[36.035479,52.972373],[36.035481,52.972656],[36.035404,52.972661],[36.035404,52.972661],[36.035404,52.972661],[36.03537,52.972663],[36.035369,52.972663],[36.034437,52.972733],[36.034336,52.972741],[36.034336,52.972741],[36.034336,52.972741],[36.03292,52.972848],[36.032535,52.972877],[36.032203,52.972901],[36.032203,52.972901],[36.032203,52.972901]]]}},{"type":"Feature","id":"1030","properties":{"id":"1030","city":"orel","baseScore":15.87833092653572,"baseScoreNoCommerce":19.053997111842865,"baseRank":327,"population":79.01268253553467,"blocks":{"housing":0.21926353980266947,"infra":0.10052631578947369,"transport":0.63291,"work":0,"green":0,"commerce":0},"indicators":[{"label":"Жильё: плотность","value":23.593},{"label":"Жильё: обеспеченность","value":34.311},{"label":"Инфраструктура: разнообразие","value":0},{"label":"Инфраструктура: полнота корзины","value":0},{"label":"Транспорт: доступность","value":63.291}]},"geometry":{"type":"Polygon","coordinates":[[[36.025121,52.96347],[36.025121,52.963471],[36.025108,52.963475],[36.025101,52.963478],[36.025093,52.963481],[36.025091,52.963482],[36.025089,52.963483],[36.025084,52.963488],[36.025078,52.963492],[36.025077,52.963493],[36.025075,52.963494],[36.025072,52.9635],[36.025069,52.963505],[36.025068,52.963506],[36.025068,52.963508],[36.025067,52.963513],[36.025067,52.963519],[36.025067,52.96352],[36.025067,52.963522],[36.02507,52.963527],[36.025072,52.963532],[36.025247,52.963794],[36.025483,52.964327],[36.025673,52.964936],[36.025673,52.964936],[36.025673,52.964937],[36.02583,52.965394],[36.025161,52.965448],[36.023427,52.965567],[36.023424,52.965568],[36.02342,52.965568],[36.023385,52.965573],[36.023359,52.965415],[36.023292,52.965136],[36.023207,52.96478],[36.023199,52.964765],[36.022772,52.964038],[36.025121,52.96347]]]}},{"type":"Feature","id":"1031","properties":{"id":"1031","city":"orel","baseScore":15.87833092653572,"baseScoreNoCommerce":19.053997111842865,"baseRank":327,"population":196.38204654968263,"blocks":{"housing":0.21926353980266947,"infra":0.10052631578947369,"transport":0.63291,"work":0,"green":0,"commerce":0},"indicators":[{"label":"Жильё: плотность","value":23.593},{"label":"Жильё: обеспеченность","value":34.311},{"label":"Инфраструктура: разнообразие","value":0},{"label":"Инфраструктура: полнота корзины","value":0},{"label":"Транспорт: доступность","value":63.291}]},"geometry":{"type":"MultiPolygon","coordinates":[[[[36.025121,52.96347],[36.025135,52.963467],[36.025121,52.963471],[36.025121,52.96347]]],[[[36.02694,52.965311],[36.026232,52.965366],[36.025978,52.965383],[36.025819,52.964919],[36.025629,52.964309],[36.025628,52.964307],[36.025628,52.964306],[36.02539,52.963768],[36.025387,52.963763],[36.025236,52.963537],[36.026323,52.963214],[36.027028,52.963134],[36.027031,52.963134],[36.027035,52.963133],[36.028551,52.962869],[36.028562,52.962866],[36.029088,52.962716],[36.029091,52.962715],[36.029095,52.962714],[36.029303,52.962638],[36.029325,52.962626],[36.029358,52.962597],[36.029367,52.962595],[36.02939,52.96257],[36.029847,52.962186],[36.029888,52.962159],[36.029928,52.962154],[36.030373,52.962258],[36.030449,52.962308],[36.030473,52.962319],[36.030578,52.962347],[36.030597,52.962351],[36.030618,52.962351],[36.032264,52.962221],[36.032267,52.96222],[36.032269,52.96222],[36.033451,52.962076],[36.03357,52.962085],[36.033659,52.963341],[36.03286,52.963419],[36.032554,52.963448],[36.027141,52.963953],[36.026769,52.963988],[36.026788,52.964141],[36.026782,52.964165],[36.026781,52.964179],[36.026808,52.964293],[36.02694,52.965311]]],[[[36.027002,52.963033],[36.027797,52.962907],[36.026997,52.963046],[36.026709,52.963079],[36.027002,52.963033]]]]}},{"type":"Feature","id":"1032","properties":{"id":"1032","city":"orel","baseScore":15.24346128780354,"baseScoreNoCommerce":18.292153545364247,"baseRank":329,"population":201.03683883984377,"blocks":{"housing":0.3553264491980369,"infra":0.11649122807017544,"transport":0.44279,"work":0,"green":0,"commerce":0},"indicators":[{"label":"Жильё: плотность","value":30.46},{"label":"Жильё: обеспеченность","value":36.383},{"label":"Инфраструктура: разнообразие","value":0},{"label":"Инфраструктура: полнота корзины","value":0},{"label":"Транспорт: доступность","value":44.279}]},"geometry":{"type":"Polygon","coordinates":[[[36.026967,52.964329],[36.026943,52.964128],[36.026957,52.964083],[36.027182,52.964056],[36.029276,52.963845],[36.032579,52.963538],[36.032579,52.963538],[36.032579,52.963538],[36.033683,52.96343],[36.03391,52.964724],[36.033887,52.964727],[36.033886,52.964727],[36.033884,52.964727],[36.033835,52.964733],[36.03268,52.964829],[36.027158,52.965287],[36.027063,52.964739],[36.027063,52.964738],[36.027063,52.964737],[36.026967,52.964329]]]}},{"type":"Feature","id":"1033","properties":{"id":"1033","city":"orel","baseScore":19.430441044426992,"baseScoreNoCommerce":23.316529253312392,"baseRank":312,"population":84.7527840038086,"blocks":{"housing":0.6457734802094793,"infra":0.07719298245614035,"transport":0.44286,"work":0,"green":0,"commerce":0},"indicators":[{"label":"Жильё: плотность","value":25.234},{"label":"Жильё: обеспеченность","value":40.806},{"label":"Инфраструктура: разнообразие","value":0},{"label":"Инфраструктура: полнота корзины","value":0},{"label":"Транспорт: доступность","value":44.286}]},"geometry":{"type":"Polygon","coordinates":[[[36.033471,52.961659],[36.033379,52.961758],[36.033278,52.961819],[36.03336,52.961904],[36.033373,52.961962],[36.033373,52.961994],[36.032242,52.962132],[36.03062,52.96226],[36.030549,52.962241],[36.030471,52.962189],[36.030442,52.962178],[36.029962,52.962066],[36.029942,52.962063],[36.029921,52.962064],[36.029852,52.962072],[36.029883,52.962039],[36.02984,52.961719],[36.03028,52.961489],[36.030902,52.961043],[36.030966,52.96098],[36.031466,52.960489],[36.03329,52.960883],[36.033471,52.961659]]]}},{"type":"Feature","id":"1034","properties":{"id":"1034","city":"orel","baseScore":36.35234253906831,"baseScoreNoCommerce":38.34673048948453,"baseRank":226,"population":356.06098099720464,"blocks":{"housing":0.3605141759558719,"infra":0.5764912280701754,"transport":0.97753,"work":0.0028011204481792717,"green":0,"commerce":0.2638040278698722},"indicators":[{"label":"Жильё: плотность","value":32.313},{"label":"Жильё: обеспеченность","value":36.462},{"label":"Инфраструктура: разнообразие","value":0},{"label":"Инфраструктура: полнота корзины","value":100},{"label":"Транспорт: доступность","value":97.753},{"label":"Рабочие места: обеспеченность","value":0.0028011204481792717},{"label":"Рабочие места: плотность","value":0.000009076716843680899},{"label":"Коммерция: активность ФНС","value":8.829},{"label":"Коммерция: ККТ","value":3.19},{"label":"Коммерция: медианный чек","value":0}]},"geometry":{"type":"Polygon","coordinates":[[[36.034736,52.968187],[36.034763,52.968216],[36.035237,52.97118],[36.034011,52.971269],[36.032811,52.971356],[36.031641,52.97144],[36.030356,52.971533],[36.030294,52.971262],[36.030293,52.971207],[36.030293,52.971202],[36.030359,52.970843],[36.030359,52.970841],[36.03036,52.970839],[36.03037,52.970574],[36.03037,52.970568],[36.030026,52.96848],[36.031113,52.96841],[36.031547,52.968382],[36.032222,52.968341],[36.032331,52.968335],[36.032331,52.968335],[36.032332,52.968335],[36.033457,52.96826],[36.034672,52.968181],[36.034736,52.968187]]]}},{"type":"Feature","id":"1035","properties":{"id":"1035","city":"orel","baseScore":40.85723199388674,"baseScoreNoCommerce":46.33967640364847,"baseRank":187,"population":264.04683190268554,"blocks":{"housing":0.5115492587789146,"infra":0.6198245614035088,"transport":1,"work":0,"green":0.18561,"commerce":0.13445009945078096},"indicators":[{"label":"Жильё: плотность","value":35.692},{"label":"Жильё: обеспеченность","value":38.762},{"label":"Инфраструктура: разнообразие","value":0},{"label":"Инфраструктура: полнота корзины","value":100},{"label":"Транспорт: доступность","value":100},{"label":"Зеленые зоны: доступность","value":18.561},{"label":"Коммерция: активность ФНС","value":1.817},{"label":"Коммерция: ККТ","value":3.85},{"label":"Коммерция: медианный чек","value":0}]},"geometry":{"type":"Polygon","coordinates":[[[36.034971,52.968168],[36.034982,52.968163],[36.035061,52.968158],[36.035367,52.968142],[36.035896,52.968124],[36.035897,52.968124],[36.035898,52.968124],[36.037134,52.968059],[36.037135,52.968059],[36.037136,52.968059],[36.038073,52.967992],[36.038174,52.968497],[36.038277,52.969018],[36.038277,52.969018],[36.038277,52.969018],[36.038377,52.969513],[36.038377,52.969513],[36.038377,52.969513],[36.038538,52.970271],[36.038557,52.970389],[36.03862,52.97099],[36.038354,52.971008],[36.038228,52.971017],[36.038228,52.971017],[36.038228,52.971017],[36.037655,52.971055],[36.036542,52.971125],[36.036542,52.971125],[36.036542,52.971125],[36.035556,52.971187],[36.03549,52.97117],[36.035468,52.971152],[36.03536,52.970467],[36.03536,52.970467],[36.03536,52.970467],[36.035234,52.969716],[36.035234,52.969716],[36.035234,52.969716],[36.035106,52.968957],[36.035106,52.968957],[36.035106,52.968957],[36.034971,52.968168]]]}},{"type":"Feature","id":"1036","properties":{"id":"1036","city":"orel","baseScore":40.85723199388674,"baseScoreNoCommerce":46.33967640364847,"baseRank":187,"population":406.0005637119629,"blocks":{"housing":0.5115492587789146,"infra":0.6198245614035088,"transport":1,"work":0,"green":0.18561,"commerce":0.13445009945078096},"indicators":[{"label":"Жильё: плотность","value":35.692},{"label":"Жильё: обеспеченность","value":38.762},{"label":"Инфраструктура: разнообразие","value":0},{"label":"Инфраструктура: полнота корзины","value":100},{"label":"Транспорт: доступность","value":100},{"label":"Зеленые зоны: доступность","value":18.561},{"label":"Коммерция: активность ФНС","value":1.817},{"label":"Коммерция: ККТ","value":3.85},{"label":"Коммерция: медианный чек","value":0}]},"geometry":{"type":"Polygon","coordinates":[[[36.035538,52.96604],[36.034586,52.966084],[36.034505,52.965808],[36.034504,52.965803],[36.034402,52.965588],[36.037699,52.965346],[36.037699,52.965346],[36.0377,52.965346],[36.04019,52.965136],[36.040536,52.965148],[36.040536,52.965148],[36.041065,52.965066],[36.041072,52.966391],[36.041319,52.966373],[36.041304,52.966678],[36.041098,52.966684],[36.041178,52.967323],[36.040959,52.967808],[36.040381,52.967728],[36.040353,52.967757],[36.040352,52.967757],[36.03813,52.967898],[36.03813,52.967898],[36.038129,52.967898],[36.03712,52.967969],[36.035959,52.96803],[36.035847,52.967331],[36.035847,52.967331],[36.035847,52.967331],[36.035745,52.966735],[36.035639,52.966087],[36.035637,52.966081],[36.035634,52.966075],[36.035634,52.966074],[36.035633,52.966074],[36.035628,52.966068],[36.035622,52.966063],[36.035621,52.966062],[36.035621,52.966062],[36.035613,52.966058],[36.035604,52.966053],[36.035604,52.966053],[36.035603,52.966053],[36.035593,52.966051],[36.035583,52.966048],[36.035582,52.966048],[36.035581,52.966048],[36.03557,52.966047],[36.03556,52.966047],[36.035539,52.966048],[36.035538,52.96604]]]}},{"type":"Feature","id":"1037","properties":{"id":"1037","city":"orel","baseScore":40.85723199388674,"baseScoreNoCommerce":46.33967640364847,"baseRank":187,"population":98.96820580283203,"blocks":{"housing":0.5115492587789146,"infra":0.6198245614035088,"transport":1,"work":0,"green":0.18561,"commerce":0.13445009945078096},"indicators":[{"label":"Жильё: плотность","value":35.692},{"label":"Жильё: обеспеченность","value":38.762},{"label":"Инфраструктура: разнообразие","value":0},{"label":"Инфраструктура: полнота корзины","value":100},{"label":"Транспорт: доступность","value":100},{"label":"Зеленые зоны: доступность","value":18.561},{"label":"Коммерция: активность ФНС","value":1.817},{"label":"Коммерция: ККТ","value":3.85},{"label":"Коммерция: медианный чек","value":0}]},"geometry":{"type":"Polygon","coordinates":[[[36.039926,52.969564],[36.038552,52.969628],[36.038525,52.969502],[36.038425,52.969008],[36.038322,52.968486],[36.038322,52.968486],[36.038322,52.968486],[36.038221,52.967982],[36.040367,52.967846],[36.040353,52.967757],[36.040381,52.967728],[36.040959,52.967808],[36.040154,52.969063],[36.040235,52.969549],[36.039926,52.969564]]]}},{"type":"Feature","id":"1038","properties":{"id":"1038","city":"orel","baseScore":38.85895185836094,"baseScoreNoCommerce":44.052276394782034,"baseRank":203,"population":144.70813818632814,"blocks":{"housing":0.4890253312100866,"infra":0.4062277192982456,"transport":0.56211,"work":0.009230769230769232,"green":0.73602,"commerce":0.12892329176255507},"indicators":[{"label":"Жильё: плотность","value":28.312},{"label":"Жильё: обеспеченность","value":38.419},{"label":"Инфраструктура: разнообразие","value":0},{"label":"Инфраструктура: полнота корзины","value":45.342},{"label":"Транспорт: доступность","value":56.211},{"label":"Рабочие места: обеспеченность","value":0.009230769230769232},{"label":"Рабочие места: плотность","value":0.00002637787526768174},{"label":"Зеленые зоны: доступность","value":73.602},{"label":"Коммерция: активность ФНС","value":5},{"label":"Коммерция: ККТ","value":0.772},{"label":"Коммерция: медианный чек","value":0}]},"geometry":{"type":"Polygon","coordinates":[[[36.037267,52.964551],[36.037646,52.964719],[36.039026,52.964951],[36.039026,52.964951],[36.039026,52.964951],[36.039139,52.965134],[36.03768,52.965257],[36.034361,52.9655],[36.034213,52.96518],[36.034127,52.964751],[36.033879,52.963369],[36.033872,52.963282],[36.033869,52.963131],[36.033873,52.963124],[36.033923,52.963058],[36.034209,52.962847],[36.03495,52.963303],[36.03751,52.964458],[36.037186,52.964542],[36.037267,52.964551]]]}},{"type":"Feature","id":"1039","properties":{"id":"1039","city":"orel","baseScore":19.991480787745854,"baseScoreNoCommerce":19.93197817859871,"baseRank":309,"population":159.02964396507568,"blocks":{"housing":0.47983189138607574,"infra":0.08280701754385966,"transport":0.43396,"work":0,"green":0,"commerce":0.20288993833481578},"indicators":[{"label":"Жильё: плотность","value":22.847},{"label":"Жильё: обеспеченность","value":38.279},{"label":"Инфраструктура: разнообразие","value":0},{"label":"Инфраструктура: полнота корзины","value":0},{"label":"Транспорт: доступность","value":43.396},{"label":"Коммерция: активность ФНС","value":4.992},{"label":"Коммерция: ККТ","value":3.123},{"label":"Коммерция: медианный чек","value":0}]},"geometry":{"type":"Polygon","coordinates":[[[36.034881,52.962077],[36.03483,52.961869],[36.034827,52.961674],[36.03487,52.961498],[36.035023,52.961158],[36.035175,52.960885],[36.035414,52.960628],[36.035485,52.960567],[36.035599,52.96047],[36.035728,52.960397],[36.035728,52.960397],[36.035326,52.959659],[36.035225,52.959475],[36.034893,52.959041],[36.034386,52.958646],[36.033888,52.958375],[36.034372,52.958086],[36.034541,52.95809],[36.034652,52.958101],[36.035153,52.958189],[36.035657,52.958284],[36.035659,52.958284],[36.03566,52.958285],[36.036153,52.958364],[36.036156,52.958364],[36.03616,52.958365],[36.036904,52.958439],[36.036905,52.958439],[36.036906,52.958439],[36.03757,52.958493],[36.037571,52.958493],[36.037571,52.958493],[36.038419,52.958557],[36.039218,52.958673],[36.039352,52.958708],[36.038814,52.95917],[36.038158,52.959724],[36.037629,52.960169],[36.03711,52.960599],[36.036596,52.961019],[36.036595,52.96102],[36.036594,52.961021],[36.036086,52.961485],[36.035928,52.961608],[36.035579,52.961863],[36.035001,52.962239],[36.034881,52.962077]]]}},{"type":"Feature","id":"1040","properties":{"id":"1040","city":"orel","baseScore":16.88607951744175,"baseScoreNoCommerce":17.817376301143913,"baseRank":325,"population":357.0623363817261,"blocks":{"housing":0.5520003940045642,"infra":0.08403508771929824,"transport":0.20448,"work":0.008333333333333333,"green":0.04202,"commerce":0.12229595598930927},"indicators":[{"label":"Жильё: плотность","value":30.543},{"label":"Жильё: обеспеченность","value":39.378},{"label":"Инфраструктура: разнообразие","value":0},{"label":"Инфраструктура: полнота корзины","value":0},{"label":"Транспорт: доступность","value":20.448},{"label":"Рабочие места: обеспеченность","value":0.008333333333333333},{"label":"Рабочие места: плотность","value":0.00002566627221330446},{"label":"Зеленые зоны: доступность","value":4.202},{"label":"Коммерция: активность ФНС","value":5.233},{"label":"Коммерция: ККТ","value":0.412},{"label":"Коммерция: медианный чек","value":0}]},"geometry":{"type":"Polygon","coordinates":[[[36.037774,52.962177],[36.036261,52.961488],[36.036717,52.961072],[36.037229,52.960653],[36.037229,52.960653],[36.03723,52.960652],[36.037749,52.960222],[36.037749,52.960222],[36.037749,52.960221],[36.038279,52.959776],[36.038279,52.959776],[36.038279,52.959776],[36.038892,52.959259],[36.040073,52.959781],[36.040086,52.959786],[36.042615,52.960488],[36.043688,52.960885],[36.044544,52.961235],[36.044396,52.961253],[36.043802,52.961451],[36.043376,52.96154],[36.042935,52.961612],[36.0426,52.96171],[36.042476,52.961746],[36.042715,52.961989],[36.042295,52.962405],[36.041718,52.962881],[36.040616,52.96226],[36.040522,52.962211],[36.040259,52.962383],[36.040174,52.962408],[36.039942,52.962439],[36.039933,52.962441],[36.039924,52.962443],[36.039922,52.962444],[36.039921,52.962444],[36.039913,52.962448],[36.039905,52.962452],[36.039357,52.962795],[36.039305,52.962818],[36.039276,52.962821],[36.039155,52.962789],[36.037774,52.962177]]]}},{"type":"Feature","id":"1041","properties":{"id":"1041","city":"orel","baseScore":32.91675437078979,"baseScoreNoCommerce":36.73082781038589,"baseRank":248,"population":307.7005406712402,"blocks":{"housing":0.871275425607014,"infra":0.2954559649122807,"transport":0,"work":0,"green":0.66981,"commerce":0.13846387172809252},"indicators":[{"label":"Жильё: плотность","value":14.953},{"label":"Жильё: обеспеченность","value":44.24},{"label":"Инфраструктура: разнообразие","value":0},{"label":"Инфраструктура: полнота корзины","value":11.321},{"label":"Зеленые зоны: доступность","value":66.981},{"label":"Коммерция: активность ФНС","value":5},{"label":"Коммерция: ККТ","value":1},{"label":"Коммерция: медианный чек","value":0}]},"geometry":{"type":"Polygon","coordinates":[[[36.049536,52.965492],[36.048884,52.965057],[36.049165,52.964908],[36.048296,52.964341],[36.046468,52.962252],[36.046768,52.962049],[36.046495,52.961923],[36.04509,52.961366],[36.045094,52.961363],[36.04524,52.961201],[36.046345,52.960323],[36.051284,52.962504],[36.054837,52.964138],[36.054842,52.96414],[36.054846,52.964142],[36.055234,52.964272],[36.055358,52.964329],[36.055377,52.96436],[36.055366,52.964409],[36.055367,52.964423],[36.055375,52.964436],[36.055389,52.964447],[36.055393,52.964449],[36.05537,52.964465],[36.05451,52.965299],[36.053473,52.966301],[36.052923,52.966584],[36.052361,52.966641],[36.050552,52.96631],[36.050827,52.965912],[36.049909,52.965324],[36.049536,52.965492]]]}},{"type":"Feature","id":"1042","properties":{"id":"1042","city":"orel","baseScore":22.202297011117412,"baseScoreNoCommerce":24.71835419241882,"baseRank":300,"population":138.02512009823,"blocks":{"housing":0.5338105166384847,"infra":0.12421052631578948,"transport":0.53623,"work":0.041666666666666664,"green":0,"commerce":0.09622011104610402},"indicators":[{"label":"Жильё: плотность","value":23.577},{"label":"Жильё: обеспеченность","value":39.101},{"label":"Инфраструктура: разнообразие","value":0},{"label":"Инфраструктура: полнота корзины","value":0},{"label":"Транспорт: доступность","value":53.623},{"label":"Рабочие места: обеспеченность","value":0.041666666666666664},{"label":"Рабочие места: плотность","value":0.0001025073126956036},{"label":"Коммерция: активность ФНС","value":2.986},{"label":"Коммерция: ККТ","value":0.832},{"label":"Коммерция: медианный чек","value":0}]},"geometry":{"type":"Polygon","coordinates":[[[36.038979,52.959186],[36.039031,52.95914],[36.039524,52.958717],[36.039882,52.958466],[36.04322,52.959444],[36.043538,52.959541],[36.043539,52.959541],[36.04354,52.959541],[36.046214,52.960279],[36.045118,52.96115],[36.045112,52.961156],[36.044997,52.961283],[36.044743,52.961208],[36.04377,52.96081],[36.043767,52.960809],[36.042689,52.96041],[36.042684,52.960409],[36.042681,52.960407],[36.040155,52.959706],[36.038979,52.959186]]]}},{"type":"Feature","id":"1043","properties":{"id":"1043","city":"orel","baseScore":32.91675437078979,"baseScoreNoCommerce":36.73082781038589,"baseRank":248,"population":61.76108740871582,"blocks":{"housing":0.871275425607014,"infra":0.2954559649122807,"transport":0,"work":0,"green":0.66981,"commerce":0.13846387172809252},"indicators":[{"label":"Жильё: плотность","value":14.953},{"label":"Жильё: обеспеченность","value":44.24},{"label":"Инфраструктура: разнообразие","value":0},{"label":"Инфраструктура: полнота корзины","value":11.321},{"label":"Зеленые зоны: доступность","value":66.981},{"label":"Коммерция: активность ФНС","value":5},{"label":"Коммерция: ККТ","value":1},{"label":"Коммерция: медианный чек","value":0}]},"geometry":{"type":"Polygon","coordinates":[[[36.060555,52.962434],[36.060192,52.962453],[36.059931,52.962493],[36.059051,52.962723],[36.058542,52.962983],[36.057574,52.963378],[36.057434,52.963437],[36.056873,52.963655],[36.056546,52.963807],[36.055817,52.964235],[36.055633,52.964325],[36.055539,52.964356],[36.055527,52.964356],[36.055527,52.96435],[36.055523,52.96434],[36.05549,52.964285],[36.05548,52.964274],[36.055465,52.964265],[36.05532,52.964199],[36.055311,52.964195],[36.055002,52.964091],[36.05644,52.963162],[36.057363,52.962566],[36.057364,52.962565],[36.057365,52.962564],[36.05737,52.962559],[36.057376,52.962554],[36.057376,52.962553],[36.057377,52.962552],[36.057432,52.962472],[36.057437,52.962453],[36.057431,52.962373],[36.057426,52.962358],[36.057377,52.962284],[36.057372,52.962279],[36.057286,52.962186],[36.05728,52.96218],[36.05713,52.962064],[36.05728,52.962052],[36.057913,52.962001],[36.057913,52.962001],[36.057913,52.962001],[36.058544,52.961951],[36.058914,52.961922],[36.05911,52.961907],[36.060171,52.961849],[36.060171,52.961849],[36.060171,52.961849],[36.061461,52.961778],[36.061476,52.961922],[36.061476,52.961926],[36.061526,52.962124],[36.061533,52.962137],[36.061612,52.962237],[36.061618,52.962242],[36.061623,52.962247],[36.061625,52.962248],[36.061625,52.962248],[36.061634,52.962252],[36.061641,52.962256],[36.061654,52.96226],[36.061626,52.962306],[36.061612,52.962388],[36.061253,52.962457],[36.06077,52.962443],[36.060555,52.962434]]]}},{"type":"Feature","id":"1044","properties":{"id":"1044","city":"orel","baseScore":38.19439340166486,"baseScoreNoCommerce":43.67370668367019,"baseRank":206,"population":134.02334062109372,"blocks":{"housing":0.21630850557352307,"infra":0.5426163157894737,"transport":0.29851,"work":0.3128205128205128,"green":0.81343,"commerce":0.10797826991638242},"indicators":[{"label":"Жильё: плотность","value":17.56},{"label":"Жильё: обеспеченность","value":37.56},{"label":"Жильё: износ","value":54.5},{"label":"Жильё: этажность","value":1},{"label":"Инфраструктура: разнообразие","value":0},{"label":"Инфраструктура: полнота корзины","value":74.627},{"label":"Транспорт: доступность","value":29.851},{"label":"Рабочие места: обеспеченность","value":0.3128205128205128},{"label":"Рабочие места: плотность","value":0.000799360900753286},{"label":"Зеленые зоны: доступность","value":81.343},{"label":"Коммерция: активность ФНС","value":2.775},{"label":"Коммерция: ККТ","value":1.158},{"label":"Коммерция: медианный чек","value":0}]},"geometry":{"type":"Polygon","coordinates":[[[36.061429,52.961346],[36.061413,52.961691],[36.060157,52.961759],[36.059095,52.961818],[36.059094,52.961818],[36.059092,52.961818],[36.058894,52.961833],[36.058894,52.961833],[36.058894,52.961833],[36.058525,52.961862],[36.058525,52.961862],[36.058525,52.961862],[36.057894,52.961912],[36.05726,52.961963],[36.05726,52.961963],[36.05726,52.961963],[36.056982,52.961985],[36.056979,52.961986],[36.056975,52.961986],[36.05668,52.96203],[36.056619,52.962026],[36.056539,52.962005],[36.053526,52.961085],[36.054051,52.960749],[36.055682,52.959715],[36.056727,52.96001],[36.056727,52.96001],[36.056727,52.96001],[36.059161,52.960691],[36.059161,52.960691],[36.059162,52.960691],[36.061401,52.96129],[36.061423,52.961318],[36.061429,52.961346]]]}},{"type":"Feature","id":"1045","properties":{"id":"1045","city":"orel","baseScore":38.19439340166486,"baseScoreNoCommerce":43.67370668367019,"baseRank":206,"population":65.9465107631836,"blocks":{"housing":0.21630850557352307,"infra":0.5426163157894737,"transport":0.29851,"work":0.3128205128205128,"green":0.81343,"commerce":0.10797826991638242},"indicators":[{"label":"Жильё: плотность","value":17.56},{"label":"Жильё: обеспеченность","value":37.56},{"label":"Жильё: износ","value":54.5},{"label":"Жильё: этажность","value":1},{"label":"Инфраструктура: разнообразие","value":0},{"label":"Инфраструктура: полнота корзины","value":74.627},{"label":"Транспорт: доступность","value":29.851},{"label":"Рабочие места: обеспеченность","value":0.3128205128205128},{"label":"Рабочие места: плотность","value":0.000799360900753286},{"label":"Зеленые зоны: доступность","value":81.343},{"label":"Коммерция: активность ФНС","value":2.775},{"label":"Коммерция: ККТ","value":1.158},{"label":"Коммерция: медианный чек","value":0}]},"geometry":{"type":"Polygon","coordinates":[[[36.061607,52.960898],[36.06145,52.961204],[36.059223,52.960609],[36.05679,52.959929],[36.055786,52.959645],[36.057135,52.958693],[36.058479,52.959324],[36.058995,52.959569],[36.059214,52.959681],[36.059339,52.959752],[36.059557,52.959877],[36.061607,52.960898]]]}},{"type":"Feature","id":"1046","properties":{"id":"1046","city":"orel","baseScore":22.202297011117412,"baseScoreNoCommerce":24.71835419241882,"baseRank":300,"population":166.22488367069093,"blocks":{"housing":0.5338105166384847,"infra":0.12421052631578948,"transport":0.53623,"work":0.041666666666666664,"green":0,"commerce":0.09622011104610402},"indicators":[{"label":"Жильё: плотность","value":23.577},{"label":"Жильё: обеспеченность","value":39.101},{"label":"Инфраструктура: разнообразие","value":0},{"label":"Инфраструктура: полнота корзины","value":0},{"label":"Транспорт: доступность","value":53.623},{"label":"Рабочие места: обеспеченность","value":0.041666666666666664},{"label":"Рабочие места: плотность","value":0.0001025073126956036},{"label":"Коммерция: активность ФНС","value":2.986},{"label":"Коммерция: ККТ","value":0.832},{"label":"Коммерция: медианный чек","value":0}]},"geometry":{"type":"Polygon","coordinates":[[[36.043603,52.95946],[36.043286,52.959364],[36.043285,52.959364],[36.043285,52.959364],[36.03998,52.958395],[36.040757,52.957822],[36.040757,52.957822],[36.040758,52.957822],[36.041235,52.957463],[36.041334,52.957389],[36.041405,52.957336],[36.044601,52.958337],[36.046481,52.958949],[36.046482,52.958949],[36.046482,52.958949],[36.047446,52.95926],[36.04672,52.95985],[36.04672,52.95985],[36.046719,52.95985],[36.046305,52.960205],[36.043603,52.95946]]]}},{"type":"Feature","id":"1047","properties":{"id":"1047","city":"orel","baseScore":25.492490361777943,"baseScoreNoCommerce":29.293575975341312,"baseRank":288,"population":194.2788734078613,"blocks":{"housing":0.5839147636793461,"infra":0.15561403508771932,"transport":0.72515,"work":0,"green":0,"commerce":0.0648706229396109},"indicators":[{"label":"Жильё: плотность","value":24.258},{"label":"Жильё: обеспеченность","value":39.864},{"label":"Инфраструктура: разнообразие","value":0},{"label":"Инфраструктура: полнота корзины","value":0},{"label":"Транспорт: доступность","value":72.515},{"label":"Коммерция: активность ФНС","value":2},{"label":"Коммерция: ККТ","value":0.581},{"label":"Коммерция: медианный чек","value":0}]},"geometry":{"type":"Polygon","coordinates":[[[36.042706,52.956332],[36.042786,52.956272],[36.042956,52.956145],[36.04627,52.957112],[36.046272,52.957113],[36.046273,52.957113],[36.047972,52.957554],[36.048357,52.957662],[36.049242,52.957921],[36.047539,52.959188],[36.046552,52.95887],[36.044671,52.958257],[36.044671,52.958257],[36.04467,52.958257],[36.041499,52.957264],[36.042706,52.956332]]]}},{"type":"Feature","id":"1048","properties":{"id":"1048","city":"orel","baseScore":13.871905429639272,"baseScoreNoCommerce":16.09336504754709,"baseRank":337,"population":374.06905666625977,"blocks":{"housing":0.16373606635674723,"infra":0.4324901754385965,"transport":0.19786,"work":0.010582010582010581,"green":0,"commerce":0.027646073401001937},"indicators":[{"label":"Жильё: плотность","value":24.965},{"label":"Жильё: обеспеченность","value":35.82},{"label":"Жильё: износ","value":53.471},{"label":"Жильё: этажность","value":5.5},{"label":"Инфраструктура: разнообразие","value":0},{"label":"Инфраструктура: полнота корзины","value":47.326},{"label":"Транспорт: доступность","value":19.786},{"label":"Рабочие места: обеспеченность","value":0.010582010582010581},{"label":"Рабочие места: плотность","value":0.000026700022356631132},{"label":"Коммерция: активность ФНС","value":1},{"label":"Коммерция: ККТ","value":0.173},{"label":"Коммерция: медианный чек","value":0}]},"geometry":{"type":"Polygon","coordinates":[[[36.045703,52.954065],[36.046023,52.953824],[36.046544,52.953449],[36.046544,52.953449],[36.046544,52.953449],[36.04657,52.953431],[36.046618,52.953454],[36.048141,52.954191],[36.04939,52.954813],[36.04939,52.954813],[36.049391,52.954814],[36.050913,52.955558],[36.051867,52.956032],[36.051832,52.956058],[36.050481,52.957071],[36.04934,52.95785],[36.048421,52.957581],[36.048421,52.957581],[36.04842,52.95758],[36.048033,52.957472],[36.048032,52.957472],[36.048031,52.957472],[36.046333,52.957031],[36.04305,52.956073],[36.043085,52.956046],[36.043085,52.956046],[36.043206,52.955951],[36.043733,52.955547],[36.045703,52.954065]]]}},{"type":"Feature","id":"1049","properties":{"id":"1049","city":"orel","baseScore":40.319634348808115,"baseScoreNoCommerce":37.74603272520368,"baseRank":199,"population":558.0991181260376,"blocks":{"housing":0.22914431549682884,"infra":0.6546198830409357,"transport":0.99642,"work":0.0071174377224199285,"green":0,"commerce":0.5318764246683024},"indicators":[{"label":"Жильё: плотность","value":55.115},{"label":"Жильё: обеспеченность","value":34.887},{"label":"Жильё: износ","value":44},{"label":"Жильё: этажность","value":10},{"label":"Инфраструктура: разнообразие","value":0.08333333333333333},{"label":"Инфраструктура: полнота корзины","value":100},{"label":"Транспорт: доступность","value":99.642},{"label":"Рабочие места: обеспеченность","value":0.0071174377224199285},{"label":"Рабочие места: плотность","value":0.00003950860318793608},{"label":"Коммерция: активность ФНС","value":8.518},{"label":"Коммерция: ККТ","value":10.988},{"label":"Коммерция: медианный чек","value":210.103}]},"geometry":{"type":"Polygon","coordinates":[[[36.043743,52.955394],[36.04244,52.954978],[36.042439,52.954978],[36.042437,52.954978],[36.042146,52.954893],[36.041838,52.954793],[36.041837,52.954793],[36.041836,52.954792],[36.041328,52.954641],[36.041326,52.954641],[36.041325,52.95464],[36.039883,52.954262],[36.039607,52.954184],[36.040165,52.953743],[36.04111,52.953022],[36.042048,52.952336],[36.042927,52.951697],[36.042957,52.951676],[36.044735,52.952536],[36.045356,52.95284],[36.045356,52.95284],[36.045356,52.95284],[36.046335,52.953317],[36.046454,52.953375],[36.04643,52.953391],[36.045579,52.954003],[36.045579,52.954003],[36.045578,52.954004],[36.043743,52.955394]]]}},{"type":"Feature","id":"1050","properties":{"id":"1050","city":"orel","baseScore":27.8311429486,"baseScoreNoCommerce":31.11333266728898,"baseRank":274,"population":355.06111515117186,"blocks":{"housing":0.47825587313053086,"infra":0.42389076023391814,"transport":0.65352,"work":0,"green":0,"commerce":0.11420194355155115},"indicators":[{"label":"Жильё: плотность","value":23.784},{"label":"Жильё: обеспеченность","value":38.255},{"label":"Инфраструктура: разнообразие","value":0.08333333333333333},{"label":"Инфраструктура: полнота корзины","value":52.676},{"label":"Транспорт: доступность","value":65.352},{"label":"Коммерция: активность ФНС","value":4.002},{"label":"Коммерция: ККТ","value":0.926},{"label":"Коммерция: медианный чек","value":0}]},"geometry":{"type":"Polygon","coordinates":[[[36.035724,52.957402],[36.036138,52.957125],[36.036239,52.957059],[36.035934,52.956884],[36.037514,52.955689],[36.038438,52.955026],[36.039438,52.954309],[36.039438,52.954309],[36.039438,52.954309],[36.039512,52.954256],[36.039821,52.954343],[36.039822,52.954344],[36.039823,52.954344],[36.041264,52.954722],[36.041769,52.954872],[36.042077,52.954973],[36.042078,52.954973],[36.04208,52.954974],[36.042372,52.955058],[36.043649,52.955466],[36.043089,52.955895],[36.043088,52.955896],[36.042967,52.955991],[36.042877,52.956061],[36.042638,52.956239],[36.042637,52.95624],[36.041327,52.957251],[36.041218,52.957333],[36.041218,52.957333],[36.041218,52.957333],[36.041119,52.957407],[36.040642,52.957765],[36.039806,52.958382],[36.039445,52.958635],[36.039271,52.958589],[36.039259,52.958586],[36.03845,52.958469],[36.038442,52.958468],[36.03759,52.958404],[36.036927,52.95835],[36.036188,52.958276],[36.035794,52.958213],[36.036234,52.957764],[36.036243,52.95775],[36.036244,52.957736],[36.036237,52.957722],[36.036224,52.95771],[36.035727,52.957403],[36.035724,52.957402]]]}},{"type":"Feature","id":"1051","properties":{"id":"1051","city":"orel","baseScore":27.8311429486,"baseScoreNoCommerce":31.11333266728898,"baseRank":274,"population":509.62849741318354,"blocks":{"housing":0.47825587313053086,"infra":0.42389076023391814,"transport":0.65352,"work":0,"green":0,"commerce":0.11420194355155115},"indicators":[{"label":"Жильё: плотность","value":23.784},{"label":"Жильё: обеспеченность","value":38.255},{"label":"Инфраструктура: разнообразие","value":0.08333333333333333},{"label":"Инфраструктура: полнота корзины","value":52.676},{"label":"Транспорт: доступность","value":65.352},{"label":"Коммерция: активность ФНС","value":4.002},{"label":"Коммерция: ККТ","value":0.926},{"label":"Коммерция: медианный чек","value":0}]},"geometry":{"type":"Polygon","coordinates":[[[36.031011,52.954788],[36.03144,52.954444],[36.031443,52.954444],[36.031466,52.954446],[36.031488,52.954442],[36.031508,52.954435],[36.031524,52.954425],[36.032628,52.95336],[36.03372,52.952485],[36.034512,52.951884],[36.034512,52.951884],[36.034512,52.951884],[36.034555,52.951851],[36.035251,52.95219],[36.036005,52.952574],[36.036005,52.952574],[36.036006,52.952574],[36.036871,52.953006],[36.036871,52.953006],[36.036871,52.953006],[36.037224,52.953177],[36.037224,52.953177],[36.037224,52.953177],[36.037428,52.953277],[36.037686,52.953402],[36.038108,52.953609],[36.039071,52.954082],[36.039076,52.954084],[36.039381,52.95421],[36.039324,52.954251],[36.038324,52.954968],[36.038324,52.954968],[36.038324,52.954968],[36.0374,52.955631],[36.037399,52.955632],[36.037398,52.955632],[36.035776,52.95686],[36.035771,52.956864],[36.035767,52.956868],[36.035766,52.95687],[36.035764,52.956872],[36.035762,52.956877],[36.03576,52.956882],[36.03576,52.956884],[36.035759,52.956886],[36.03576,52.956891],[36.035761,52.956896],[36.035762,52.956898],[36.035762,52.9569],[36.035765,52.956904],[36.035768,52.956909],[36.03577,52.956911],[36.035772,52.956912],[36.035777,52.956916],[36.035782,52.95692],[36.036136,52.957124],[36.036138,52.957125],[36.035724,52.957402],[36.035621,52.957466],[36.036077,52.957748],[36.035645,52.958188],[36.03501,52.958068],[36.035008,52.958067],[36.034696,52.958015],[36.034688,52.958014],[36.034423,52.957988],[36.033453,52.957376],[36.032627,52.956711],[36.032215,52.956442],[36.031675,52.956091],[36.031517,52.955871],[36.030872,52.955377],[36.03081,52.955267],[36.030815,52.955142],[36.030862,52.954954],[36.031011,52.954788]]]}},{"type":"Feature","id":"1052","properties":{"id":"1052","city":"orel","baseScore":40.319634348808115,"baseScoreNoCommerce":37.74603272520368,"baseRank":199,"population":443.1355496658325,"blocks":{"housing":0.22914431549682884,"infra":0.6546198830409357,"transport":0.99642,"work":0.0071174377224199285,"green":0,"commerce":0.5318764246683024},"indicators":[{"label":"Жильё: плотность","value":55.115},{"label":"Жильё: обеспеченность","value":34.887},{"label":"Жильё: износ","value":44},{"label":"Жильё: этажность","value":10},{"label":"Инфраструктура: разнообразие","value":0.08333333333333333},{"label":"Инфраструктура: полнота корзины","value":100},{"label":"Транспорт: доступность","value":99.642},{"label":"Рабочие места: обеспеченность","value":0.0071174377224199285},{"label":"Рабочие места: плотность","value":0.00003950860318793608},{"label":"Коммерция: активность ФНС","value":8.518},{"label":"Коммерция: ККТ","value":10.988},{"label":"Коммерция: медианный чек","value":210.103}]},"geometry":{"type":"Polygon","coordinates":[[[36.040351,52.950423],[36.041911,52.951171],[36.041926,52.951178],[36.041926,52.951178],[36.041927,52.951179],[36.04275,52.951576],[36.04275,52.951576],[36.04275,52.951576],[36.042841,52.95162],[36.042813,52.95164],[36.042813,52.95164],[36.042813,52.95164],[36.041933,52.952279],[36.041933,52.952279],[36.041933,52.952279],[36.040995,52.952965],[36.040995,52.952965],[36.040994,52.952966],[36.040048,52.953687],[36.040047,52.953688],[36.040047,52.953688],[36.039475,52.95414],[36.039162,52.954011],[36.038202,52.953539],[36.038202,52.953539],[36.038202,52.953539],[36.03778,52.953332],[36.03778,52.953332],[36.03778,52.953332],[36.037522,52.953207],[36.037522,52.953207],[36.037522,52.953207],[36.037317,52.953107],[36.037022,52.952964],[36.038508,52.951817],[36.039153,52.951325],[36.039487,52.951082],[36.039487,52.951082],[36.039487,52.951082],[36.039769,52.950873],[36.039769,52.950873],[36.039769,52.950872],[36.040099,52.950622],[36.040099,52.950622],[36.040099,52.950621],[36.040325,52.950443],[36.040351,52.950423]]]}},{"type":"Feature","id":"1053","properties":{"id":"1053","city":"orel","baseScore":43.44757248627679,"baseScoreNoCommerce":39.617840441958066,"baseRank":177,"population":164.42021209625247,"blocks":{"housing":0.36110518280170073,"infra":0.6968128654970759,"transport":0.50376,"work":0.4192139737991266,"green":0,"commerce":0.6259623270787041},"indicators":[{"label":"Жильё: плотность","value":16.545},{"label":"Жильё: обеспеченность","value":36.471},{"label":"Инфраструктура: разнообразие","value":0.20833333333333334},{"label":"Инфраструктура: полнота корзины","value":100},{"label":"Транспорт: доступность","value":50.376},{"label":"Рабочие места: обеспеченность","value":0.4192139737991266},{"label":"Рабочие места: плотность","value":0.001194204143185045},{"label":"Коммерция: активность ФНС","value":9.328},{"label":"Коммерция: ККТ","value":23.668},{"label":"Коммерция: медианный чек","value":97.854}]},"geometry":{"type":"Polygon","coordinates":[[[36.037748,52.949092],[36.040237,52.950365],[36.040207,52.950388],[36.040207,52.950388],[36.040207,52.950388],[36.039982,52.950566],[36.039653,52.950816],[36.039372,52.951025],[36.039038,52.951268],[36.039037,52.951269],[36.039037,52.951269],[36.038392,52.951761],[36.038391,52.951761],[36.038391,52.951762],[36.036907,52.952907],[36.036101,52.952505],[36.035347,52.952121],[36.035346,52.952121],[36.035345,52.952121],[36.03459,52.951753],[36.033832,52.951381],[36.034567,52.950827],[36.035396,52.950247],[36.035397,52.950247],[36.035397,52.950247],[36.035397,52.950247],[36.035397,52.950247],[36.036021,52.949786],[36.036021,52.949786],[36.036021,52.949786],[36.036642,52.949327],[36.036643,52.949327],[36.036643,52.949326],[36.036865,52.949152],[36.036865,52.949152],[36.036865,52.949152],[36.037022,52.949028],[36.037162,52.948918],[36.037253,52.948847],[36.037312,52.948876],[36.037748,52.949092]]]}},{"type":"Feature","id":"1054","properties":{"id":"1054","city":"orel","baseScore":19.325084253697288,"baseScoreNoCommerce":20.70142508766458,"baseRank":316,"population":156.02729347222902,"blocks":{"housing":0.1294961666639307,"infra":0.43121508771929823,"transport":0.47436,"work":0,"green":0,"commerce":0.12443380083860811},"indicators":[{"label":"Жильё: плотность","value":33.683},{"label":"Жильё: обеспеченность","value":32.944},{"label":"Инфраструктура: разнообразие","value":0},{"label":"Инфраструктура: полнота корзины","value":46.154},{"label":"Транспорт: доступность","value":47.436},{"label":"Коммерция: активность ФНС","value":6},{"label":"Коммерция: ККТ","value":0.045},{"label":"Коммерция: медианный чек","value":0}]},"geometry":{"type":"Polygon","coordinates":[[[36.031483,52.949987],[36.031343,52.948857],[36.032566,52.948816],[36.033723,52.948784],[36.033743,52.948912],[36.033842,52.949513],[36.03385,52.94953],[36.033869,52.949543],[36.035234,52.950224],[36.034453,52.950769],[36.034453,52.95077],[36.034452,52.950771],[36.033717,52.951324],[36.032775,52.950861],[36.032774,52.950861],[36.032774,52.95086],[36.031546,52.950292],[36.031483,52.949987]]]}},{"type":"Feature","id":"1055","properties":{"id":"1055","city":"orel","baseScore":11.943617639822202,"baseScoreNoCommerce":14.332341167786641,"baseRank":339,"population":158.02533924134522,"blocks":{"housing":0.3500872338279285,"infra":0.36652982456140354,"transport":0,"work":0,"green":0,"commerce":0},"indicators":[{"label":"Жильё: плотность","value":28.561},{"label":"Жильё: обеспеченность","value":35.171},{"label":"Жильё: износ","value":32.993},{"label":"Жильё: этажность","value":2},{"label":"Инфраструктура: разнообразие","value":0},{"label":"Инфраструктура: полнота корзины","value":30.38}]},"geometry":{"type":"Polygon","coordinates":[[[36.031521,52.950444],[36.031535,52.9504],[36.032682,52.950931],[36.033681,52.951423],[36.033681,52.951423],[36.033681,52.951423],[36.034439,52.951794],[36.034395,52.951828],[36.033603,52.95243],[36.033603,52.95243],[36.033602,52.952431],[36.032514,52.953302],[36.03165,52.952933],[36.031527,52.95288],[36.031102,52.952927],[36.030398,52.952642],[36.030398,52.952642],[36.030398,52.952642],[36.029565,52.952246],[36.030368,52.951636],[36.030385,52.951626],[36.031466,52.950744],[36.031476,52.950733],[36.03148,52.950721],[36.031521,52.950444]]]}},{"type":"Feature","id":"1056","properties":{"id":"1056","city":"orel","baseScore":59.018999186023954,"baseScoreNoCommerce":62.26371247747989,"baseRank":79,"population":641.1181644905395,"blocks":{"housing":0.7596564347499822,"infra":0.6553801169590643,"transport":0.80811,"work":0.17396907216494845,"green":0.71607,"commerce":0.42795432728744276},"indicators":[{"label":"Жильё: плотность","value":32.101},{"label":"Жильё: обеспеченность","value":52.807},{"label":"Жильё: износ","value":28.315},{"label":"Жильё: этажность","value":2.179487},{"label":"Инфраструктура: разнообразие","value":0.16666666666666666},{"label":"Инфраструктура: полнота корзины","value":100},{"label":"Транспорт: доступность","value":80.811},{"label":"Рабочие места: обеспеченность","value":0.17396907216494845},{"label":"Рабочие места: плотность","value":0.0006760701048792872},{"label":"Зеленые зоны: доступность","value":71.607},{"label":"Коммерция: активность ФНС","value":8.847},{"label":"Коммерция: ККТ","value":7.89},{"label":"Коммерция: медианный чек","value":29.895}]},"geometry":{"type":"Polygon","coordinates":[[[36.029069,52.952537],[36.028807,52.952587],[36.028369,52.95169],[36.028178,52.951417],[36.028168,52.951402],[36.028164,52.951397],[36.028163,52.951396],[36.027992,52.951152],[36.027708,52.950951],[36.027654,52.950907],[36.027651,52.950904],[36.02737,52.950704],[36.027366,52.9507],[36.027284,52.950652],[36.027001,52.950452],[36.025743,52.949804],[36.024731,52.949078],[36.024124,52.948219],[36.02378,52.947223],[36.030983,52.94692],[36.030986,52.946936],[36.031006,52.947057],[36.031016,52.947157],[36.031016,52.947157],[36.031016,52.947157],[36.031097,52.947854],[36.031155,52.948768],[36.031156,52.94877],[36.031156,52.948772],[36.031166,52.94882],[36.031201,52.949156],[36.031201,52.949156],[36.031201,52.949156],[36.031287,52.950006],[36.031289,52.950009],[36.031289,52.950012],[36.031391,52.950314],[36.031378,52.950406],[36.031378,52.950406],[36.031378,52.950406],[36.031334,52.950701],[36.030265,52.951572],[36.029069,52.952537]]]}},{"type":"Feature","id":"1057","properties":{"id":"1057","city":"orel","baseScore":61.152240163536945,"baseScoreNoCommerce":57.88565851616874,"baseRank":63,"population":794.962122380664,"blocks":{"housing":0.23367922210473352,"infra":0.7037037037037037,"transport":1,"work":0,"green":0.9569,"commerce":0.7748514840037797},"indicators":[{"label":"Жильё: плотность","value":39.416},{"label":"Жильё: обеспеченность","value":35.569},{"label":"Жильё: износ","value":45.761},{"label":"Жильё: этажность","value":4.25},{"label":"Инфраструктура: разнообразие","value":0.1111111111111111},{"label":"Инфраструктура: полнота корзины","value":100},{"label":"Транспорт: доступность","value":100},{"label":"Зеленые зоны: доступность","value":95.69},{"label":"Коммерция: активность ФНС","value":8.61},{"label":"Коммерция: ККТ","value":31.19},{"label":"Коммерция: медианный чек","value":164.114}]},"geometry":{"type":"Polygon","coordinates":[[[36.051007,52.955488],[36.049485,52.954744],[36.048235,52.954122],[36.048235,52.954121],[36.048234,52.954121],[36.046711,52.953384],[36.046711,52.953384],[36.046711,52.953384],[36.046664,52.953361],[36.049721,52.951041],[36.049724,52.951039],[36.049913,52.950871],[36.049913,52.950871],[36.049913,52.950871],[36.05006,52.95074],[36.050141,52.950703],[36.050268,52.950691],[36.05091,52.950731],[36.052133,52.950827],[36.052147,52.950827],[36.052245,52.950823],[36.052253,52.950823],[36.052344,52.950813],[36.052358,52.950811],[36.052427,52.950795],[36.052433,52.950794],[36.052453,52.950788],[36.052496,52.950812],[36.052653,52.950934],[36.053136,52.951365],[36.053493,52.951689],[36.053493,52.95169],[36.053494,52.95169],[36.053563,52.951751],[36.05538,52.953358],[36.05538,52.953359],[36.055381,52.953359],[36.055421,52.953393],[36.055376,52.953426],[36.054779,52.953851],[36.054779,52.953852],[36.054778,52.953852],[36.051961,52.955962],[36.051008,52.955489],[36.051007,52.955489],[36.051007,52.955488]]]}},{"type":"Feature","id":"1058","properties":{"id":"1058","city":"orel","baseScore":43.458238043603274,"baseScoreNoCommerce":41.402927203797425,"baseRank":175,"population":55.33073317009277,"blocks":{"housing":0.5127312724705732,"infra":0.6790350877192982,"transport":0.87838,"work":0,"green":0,"commerce":0.5373479224263251},"indicators":[{"label":"Жильё: плотность","value":7.053},{"label":"Жильё: обеспеченность","value":38.78},{"label":"Инфраструктура: разнообразие","value":0.125},{"label":"Инфраструктура: полнота корзины","value":100},{"label":"Транспорт: доступность","value":87.838},{"label":"Коммерция: активность ФНС","value":6.361},{"label":"Коммерция: ККТ","value":17.589},{"label":"Коммерция: медианный чек","value":57.832}]},"geometry":{"type":"Polygon","coordinates":[[[36.041339,52.950766],[36.040534,52.950361],[36.040534,52.950361],[36.040534,52.950361],[36.040473,52.95033],[36.040591,52.950244],[36.040591,52.950244],[36.040591,52.950244],[36.040807,52.950085],[36.040906,52.950013],[36.040906,52.950013],[36.040906,52.950012],[36.040965,52.949969],[36.040965,52.949969],[36.040965,52.949969],[36.041204,52.949788],[36.041418,52.949627],[36.041418,52.949627],[36.041419,52.949626],[36.041626,52.949467],[36.041727,52.94939],[36.041727,52.94939],[36.041727,52.94939],[36.041979,52.949192],[36.041979,52.949192],[36.041979,52.949192],[36.042184,52.94903],[36.042295,52.948943],[36.042951,52.948453],[36.042951,52.948452],[36.042952,52.948452],[36.043229,52.948233],[36.043427,52.948077],[36.043615,52.947938],[36.044032,52.948143],[36.045698,52.948965],[36.045698,52.948965],[36.045698,52.948965],[36.045954,52.949091],[36.045957,52.949092],[36.046092,52.949152],[36.045994,52.949225],[36.045993,52.949226],[36.045991,52.949227],[36.045596,52.949555],[36.044232,52.950561],[36.043416,52.951159],[36.043415,52.95116],[36.043415,52.95116],[36.043237,52.951296],[36.043236,52.951297],[36.043235,52.951298],[36.042932,52.951549],[36.042843,52.951505],[36.04202,52.951109],[36.041756,52.950975],[36.041698,52.950946],[36.041698,52.950946],[36.041339,52.950766],[36.041339,52.950766],[36.041339,52.950766]]]}},{"type":"Feature","id":"1059","properties":{"id":"1059","city":"orel","baseScore":37.40939355054692,"baseScoreNoCommerce":38.69276327296418,"baseRank":213,"population":364.24090375140383,"blocks":{"housing":0.2774928460162297,"infra":0.6468713450292397,"transport":1,"work":0.010273972602739725,"green":0,"commerce":0.30992544938460653},"indicators":[{"label":"Жильё: плотность","value":40.755},{"label":"Жильё: обеспеченность","value":38.191},{"label":"Жильё: износ","value":49.93},{"label":"Жильё: этажность","value":2.285714},{"label":"Инфраструктура: разнообразие","value":0.041666666666666664},{"label":"Инфраструктура: полнота корзины","value":100},{"label":"Транспорт: доступность","value":100},{"label":"Рабочие места: обеспеченность","value":0.010273972602739725},{"label":"Рабочие места: плотность","value":0.00004230596183681745},{"label":"Коммерция: активность ФНС","value":4.868},{"label":"Коммерция: ККТ","value":8.579},{"label":"Коммерция: медианный чек","value":0}]},"geometry":{"type":"Polygon","coordinates":[[[36.038993,52.949595],[36.038993,52.949595],[36.03891,52.949554],[36.038093,52.949148],[36.038093,52.949148],[36.038093,52.949148],[36.037407,52.948806],[36.037407,52.948806],[36.037407,52.948806],[36.037353,52.94878],[36.03743,52.948735],[36.037435,52.948732],[36.037473,52.948705],[36.037473,52.948705],[36.037473,52.948705],[36.037978,52.948346],[36.038704,52.94783],[36.039189,52.947485],[36.039339,52.947378],[36.03934,52.947378],[36.03934,52.947378],[36.039875,52.946988],[36.040504,52.946545],[36.04073,52.946653],[36.041201,52.946879],[36.041202,52.94688],[36.041203,52.94688],[36.042456,52.947454],[36.042456,52.947454],[36.042456,52.947454],[36.042696,52.947564],[36.042713,52.947627],[36.042658,52.947718],[36.042656,52.947725],[36.042653,52.947731],[36.042653,52.947731],[36.042653,52.947732],[36.042654,52.947738],[36.042655,52.947745],[36.042656,52.947745],[36.042656,52.947746],[36.04266,52.947752],[36.042664,52.947758],[36.042665,52.947758],[36.042666,52.947759],[36.042673,52.947763],[36.04268,52.947768],[36.043078,52.947969],[36.043079,52.947969],[36.04308,52.94797],[36.043265,52.948057],[36.043111,52.948178],[36.043111,52.948178],[36.043111,52.948178],[36.042834,52.948397],[36.042179,52.948887],[36.042178,52.948888],[36.042178,52.948888],[36.042066,52.948976],[36.042066,52.948976],[36.042066,52.948976],[36.041861,52.949137],[36.04161,52.949335],[36.041509,52.949412],[36.041509,52.949412],[36.041509,52.949412],[36.041302,52.949571],[36.041088,52.949732],[36.041088,52.949732],[36.041088,52.949732],[36.040848,52.949912],[36.04079,52.949956],[36.040692,52.950028],[36.040692,52.950028],[36.040692,52.950028],[36.040476,52.950187],[36.040358,52.950273],[36.040215,52.950202],[36.039697,52.949944],[36.039697,52.949944],[36.039697,52.949944],[36.039136,52.949665],[36.039136,52.949665],[36.039136,52.949665],[36.038993,52.949595],[36.038993,52.949595]]]}},{"type":"Feature","id":"1060","properties":{"id":"1060","city":"orel","baseScore":37.40939355054692,"baseScoreNoCommerce":38.69276327296418,"baseRank":213,"population":1074.1489095477907,"blocks":{"housing":0.2774928460162297,"infra":0.6468713450292397,"transport":1,"work":0.010273972602739725,"green":0,"commerce":0.30992544938460653},"indicators":[{"label":"Жильё: плотность","value":40.755},{"label":"Жильё: обеспеченность","value":38.191},{"label":"Жильё: износ","value":49.93},{"label":"Жильё: этажность","value":2.285714},{"label":"Инфраструктура: разнообразие","value":0.041666666666666664},{"label":"Инфраструктура: полнота корзины","value":100},{"label":"Транспорт: доступность","value":100},{"label":"Рабочие места: обеспеченность","value":0.010273972602739725},{"label":"Рабочие места: плотность","value":0.00004230596183681745},{"label":"Коммерция: активность ФНС","value":4.868},{"label":"Коммерция: ККТ","value":8.579},{"label":"Коммерция: медианный чек","value":0}]},"geometry":{"type":"Polygon","coordinates":[[[36.042068,52.945382],[36.04198,52.945328],[36.04198,52.945327],[36.041981,52.945327],[36.042167,52.945208],[36.043095,52.944652],[36.043095,52.944652],[36.043095,52.944652],[36.043521,52.944395],[36.044142,52.94402],[36.044142,52.94402],[36.044142,52.94402],[36.045305,52.943315],[36.045305,52.943315],[36.045305,52.943315],[36.045406,52.943254],[36.045511,52.943306],[36.045942,52.943518],[36.047178,52.944124],[36.048634,52.944859],[36.048809,52.944953],[36.048809,52.944953],[36.048809,52.944953],[36.049005,52.945058],[36.049964,52.945573],[36.050029,52.945607],[36.050546,52.945934],[36.050546,52.945934],[36.050547,52.945935],[36.051202,52.946337],[36.051287,52.946389],[36.050842,52.946653],[36.049993,52.947158],[36.049991,52.94716],[36.049987,52.947162],[36.049072,52.947852],[36.049072,52.947852],[36.049071,52.947852],[36.048537,52.948273],[36.048218,52.948503],[36.048046,52.948527],[36.047996,52.948533],[36.047995,52.948533],[36.047952,52.948538],[36.047883,52.948547],[36.047878,52.948548],[36.047873,52.948549],[36.047867,52.948551],[36.047861,52.948552],[36.047857,52.948554],[36.047853,52.948555],[36.047848,52.948558],[36.047843,52.948561],[36.04784,52.948563],[36.047836,52.948565],[36.047834,52.948569],[36.04783,52.948572],[36.047829,52.948575],[36.047826,52.948578],[36.047825,52.948582],[36.047824,52.948586],[36.047824,52.948589],[36.047823,52.948592],[36.047825,52.948646],[36.047796,52.948728],[36.04775,52.948793],[36.047385,52.94911],[36.047144,52.949318],[36.046794,52.949616],[36.046109,52.949282],[36.046111,52.949281],[36.046257,52.949172],[36.046258,52.949171],[36.046259,52.94917],[36.046264,52.949165],[36.046268,52.949159],[36.046269,52.949158],[36.04627,52.949157],[36.046271,52.949151],[36.046273,52.949146],[36.046273,52.949145],[36.046273,52.949143],[36.046272,52.949138],[36.046271,52.949132],[36.04627,52.949131],[36.04627,52.94913],[36.046265,52.949124],[36.046261,52.949119],[36.04626,52.949118],[36.046259,52.949117],[36.046252,52.949113],[36.046246,52.949108],[36.046244,52.949108],[36.046243,52.949107],[36.046046,52.94902],[36.045792,52.948895],[36.044126,52.948074],[36.044126,52.948074],[36.044126,52.948074],[36.043652,52.94784],[36.043652,52.94784],[36.043652,52.94784],[36.043641,52.947836],[36.043631,52.947833],[36.043631,52.947833],[36.043631,52.947833],[36.04362,52.947831],[36.043609,52.94783],[36.043609,52.94783],[36.043609,52.94783],[36.043597,52.947831],[36.043586,52.947831],[36.043586,52.947831],[36.043585,52.947831],[36.043575,52.947834],[36.043564,52.947837],[36.043564,52.947837],[36.043564,52.947837],[36.043556,52.947842],[36.043547,52.947846],[36.043547,52.947846],[36.043547,52.947846],[36.043357,52.947987],[36.043173,52.947899],[36.042815,52.94772],[36.04286,52.947647],[36.042864,52.947636],[36.042863,52.947624],[36.042837,52.947531],[36.042836,52.947529],[36.042835,52.947526],[36.042832,52.947522],[36.04283,52.947518],[36.042827,52.947516],[36.042825,52.947513],[36.04282,52.94751],[36.042816,52.947507],[36.042812,52.947505],[36.042809,52.947503],[36.042546,52.947383],[36.041293,52.946809],[36.040823,52.946583],[36.040823,52.946583],[36.040823,52.946583],[36.040541,52.946448],[36.040532,52.946445],[36.040523,52.946442],[36.040522,52.946441],[36.04052,52.946441],[36.04051,52.94644],[36.040501,52.946438],[36.040499,52.946438],[36.040498,52.946438],[36.040487,52.946439],[36.040477,52.946439],[36.040476,52.94644],[36.040475,52.94644],[36.040466,52.946442],[36.040705,52.94632],[36.041965,52.945436],[36.042062,52.945379],[36.042068,52.945382]]]}},{"type":"Feature","id":"1061","properties":{"id":"1061","city":"orel","baseScore":41.41626785164215,"baseScoreNoCommerce":41.22036267995829,"baseRank":183,"population":726.4417177549805,"blocks":{"housing":0.7112144073234113,"infra":0.7696296296296296,"transport":0.44584,"work":0.13097409704487414,"green":0.00336,"commerce":0.423957937100614},"indicators":[{"label":"Жильё: плотность","value":90.392},{"label":"Жильё: обеспеченность","value":40.485},{"label":"Жильё: износ","value":14.587},{"label":"Жильё: этажность","value":10.333333},{"label":"Инфраструктура: разнообразие","value":0.38888888888888884},{"label":"Инфраструктура: полнота корзины","value":100},{"label":"Транспорт: доступность","value":44.584},{"label":"Рабочие места: обеспеченность","value":0.13097409704487414},{"label":"Рабочие места: плотность","value":0.0013623332384306746},{"label":"Зеленые зоны: доступность","value":0.336},{"label":"Коммерция: активность ФНС","value":8.068},{"label":"Коммерция: ККТ","value":32.363},{"label":"Коммерция: медианный чек","value":0}]},"geometry":{"type":"Polygon","coordinates":[[[36.053256,52.950096],[36.04966,52.947552],[36.050101,52.94722],[36.050946,52.946718],[36.050946,52.946718],[36.050946,52.946718],[36.051388,52.946455],[36.051447,52.946495],[36.051447,52.946495],[36.051447,52.946495],[36.052221,52.947023],[36.052629,52.947304],[36.052629,52.947304],[36.052629,52.947304],[36.053026,52.947575],[36.053723,52.948052],[36.053723,52.948052],[36.053723,52.948052],[36.05437,52.948495],[36.05437,52.948495],[36.05437,52.948495],[36.055764,52.949445],[36.055764,52.949445],[36.055764,52.949445],[36.056183,52.949731],[36.056236,52.949767],[36.055696,52.949854],[36.055448,52.949894],[36.054674,52.950018],[36.054608,52.950027],[36.054607,52.950027],[36.054605,52.950027],[36.053927,52.95014],[36.053925,52.950141],[36.053922,52.950141],[36.053603,52.95021],[36.053597,52.950211],[36.053473,52.950246],[36.053256,52.950096]]]}},{"type":"Feature","id":"1062","properties":{"id":"1062","city":"orel","baseScore":61.152240163536945,"baseScoreNoCommerce":57.88565851616874,"baseRank":63,"population":578.594657227539,"blocks":{"housing":0.23367922210473352,"infra":0.7037037037037037,"transport":1,"work":0,"green":0.9569,"commerce":0.7748514840037797},"indicators":[{"label":"Жильё: плотность","value":39.416},{"label":"Жильё: обеспеченность","value":35.569},{"label":"Жильё: износ","value":45.761},{"label":"Жильё: этажность","value":4.25},{"label":"Инфраструктура: разнообразие","value":0.1111111111111111},{"label":"Инфраструктура: полнота корзины","value":100},{"label":"Транспорт: доступность","value":100},{"label":"Зеленые зоны: доступность","value":95.69},{"label":"Коммерция: активность ФНС","value":8.61},{"label":"Коммерция: ККТ","value":31.19},{"label":"Коммерция: медианный чек","value":164.114}]},"geometry":{"type":"Polygon","coordinates":[[[36.057232,52.952252],[36.057228,52.952253],[36.057222,52.952255],[36.057215,52.952256],[36.057211,52.952258],[36.057207,52.952259],[36.056803,52.952451],[36.056798,52.952453],[36.056793,52.952456],[36.056696,52.952521],[36.056447,52.952687],[36.056447,52.952688],[36.056233,52.952834],[36.055579,52.953282],[36.05553,52.953315],[36.055528,52.953316],[36.05552,52.953322],[36.055502,52.953307],[36.053686,52.951701],[36.053686,52.951701],[36.053686,52.951701],[36.053617,52.951639],[36.05326,52.951315],[36.053259,52.951315],[36.053259,52.951315],[36.052775,52.950883],[36.052773,52.950882],[36.052772,52.95088],[36.05261,52.950754],[36.052605,52.950751],[36.052601,52.950748],[36.052587,52.95074],[36.052857,52.950588],[36.053103,52.950471],[36.053367,52.950374],[36.053656,52.950294],[36.05397,52.950227],[36.054643,52.950114],[36.054709,52.950105],[36.05471,52.950105],[36.054711,52.950105],[36.055486,52.949981],[36.055486,52.949981],[36.055486,52.949981],[36.055734,52.949941],[36.055734,52.949941],[36.055734,52.949941],[36.056391,52.949835],[36.056391,52.949835],[36.056391,52.949835],[36.056888,52.949754],[36.057756,52.949612],[36.057756,52.949612],[36.057756,52.949612],[36.058029,52.949567],[36.058029,52.949567],[36.058289,52.949524],[36.058289,52.949524],[36.05829,52.949524],[36.058714,52.949451],[36.058715,52.949451],[36.058716,52.949451],[36.060183,52.949164],[36.060187,52.949162],[36.060191,52.949162],[36.060413,52.949101],[36.0605,52.949209],[36.060774,52.949587],[36.061042,52.949976],[36.061148,52.950186],[36.061011,52.950213],[36.061011,52.950213],[36.06101,52.950213],[36.060831,52.95025],[36.060728,52.950271],[36.060723,52.950272],[36.06042,52.950352],[36.060402,52.950358],[36.060251,52.950433],[36.060237,52.950443],[36.060155,52.950515],[36.060155,52.950515],[36.060154,52.950515],[36.06015,52.950522],[36.060145,52.950528],[36.060145,52.950528],[36.060145,52.950528],[36.060089,52.950644],[36.060087,52.950654],[36.060067,52.950864],[36.060067,52.950868],[36.060075,52.95113],[36.060075,52.951131],[36.060094,52.951372],[36.060095,52.951375],[36.060178,52.951838],[36.060092,52.951851],[36.059387,52.951948],[36.059387,52.951948],[36.059387,52.951948],[36.059248,52.951967],[36.059248,52.951967],[36.059248,52.951967],[36.057839,52.952166],[36.057839,52.952166],[36.057839,52.952166],[36.057236,52.952251],[36.057232,52.952252]]]}},{"type":"Feature","id":"1063","properties":{"id":"1063","city":"orel","baseScore":41.41626785164215,"baseScoreNoCommerce":41.22036267995829,"baseRank":183,"population":801.1046634333984,"blocks":{"housing":0.7112144073234113,"infra":0.7696296296296296,"transport":0.44584,"work":0.13097409704487414,"green":0.00336,"commerce":0.423957937100614},"indicators":[{"label":"Жильё: плотность","value":90.392},{"label":"Жильё: обеспеченность","value":40.485},{"label":"Жильё: износ","value":14.587},{"label":"Жильё: этажность","value":10.333333},{"label":"Инфраструктура: разнообразие","value":0.38888888888888884},{"label":"Инфраструктура: полнота корзины","value":100},{"label":"Транспорт: доступность","value":44.584},{"label":"Рабочие места: обеспеченность","value":0.13097409704487414},{"label":"Рабочие места: плотность","value":0.0013623332384306746},{"label":"Зеленые зоны: доступность","value":0.336},{"label":"Коммерция: активность ФНС","value":8.068},{"label":"Коммерция: ККТ","value":32.363},{"label":"Коммерция: медианный чек","value":0}]},"geometry":{"type":"Polygon","coordinates":[[[36.052333,52.946964],[36.052333,52.946964],[36.052333,52.946964],[36.051559,52.946435],[36.051498,52.946394],[36.052436,52.94591],[36.052653,52.945804],[36.052654,52.945804],[36.052654,52.945804],[36.053314,52.945475],[36.053514,52.945378],[36.054543,52.944874],[36.054543,52.944874],[36.054543,52.944874],[36.054729,52.944782],[36.056547,52.946146],[36.056548,52.946146],[36.056548,52.946147],[36.057537,52.946887],[36.057437,52.946932],[36.057436,52.946933],[36.057434,52.946934],[36.057364,52.94697],[36.056989,52.947159],[36.056989,52.947159],[36.056989,52.947159],[36.056547,52.947383],[36.056018,52.947651],[36.05499,52.94814],[36.05499,52.94814],[36.05499,52.94814],[36.054435,52.948404],[36.053834,52.947993],[36.053137,52.947516],[36.053137,52.947516],[36.053137,52.947516],[36.052741,52.947245],[36.052333,52.946964]]]}},{"type":"Feature","id":"1064","properties":{"id":"1064","city":"orel","baseScore":37.41574575451714,"baseScoreNoCommerce":28.68890559253041,"baseRank":212,"population":543.5885463208131,"blocks":{"housing":0.28681522025417094,"infra":0.6805555555555557,"transport":0.43196,"work":0.035114503816793895,"green":0,"commerce":0.8104994656445079},"indicators":[{"label":"Жильё: плотность","value":78.653},{"label":"Жильё: обеспеченность","value":31.982},{"label":"Жильё: износ","value":28.907},{"label":"Жильё: этажность","value":8},{"label":"Инфраструктура: разнообразие","value":0.041666666666666664},{"label":"Инфраструктура: полнота корзины","value":100},{"label":"Транспорт: доступность","value":43.196},{"label":"Рабочие места: обеспеченность","value":0.035114503816793895},{"label":"Рабочие места: плотность","value":0.0002862381514926772},{"label":"Коммерция: активность ФНС","value":9.246},{"label":"Коммерция: ККТ","value":48.988},{"label":"Коммерция: медианный чек","value":322.524}]},"geometry":{"type":"Polygon","coordinates":[[[36.056849,52.949667],[36.056397,52.949741],[36.056295,52.949671],[36.056295,52.949671],[36.056295,52.949671],[36.055875,52.949385],[36.054534,52.948471],[36.055082,52.948211],[36.056111,52.947721],[36.056112,52.94772],[36.056113,52.94772],[36.056642,52.947452],[36.056642,52.947452],[36.056642,52.947452],[36.057085,52.947228],[36.057459,52.947039],[36.05746,52.947039],[36.05746,52.947039],[36.057529,52.947003],[36.057631,52.946957],[36.058286,52.947442],[36.060195,52.948878],[36.060341,52.949022],[36.060133,52.949079],[36.058672,52.949365],[36.058249,52.949438],[36.05799,52.949481],[36.057718,52.949525],[36.056849,52.949667]]]}},{"type":"Feature","id":"1065","properties":{"id":"1065","city":"orel","baseScore":41.41626785164215,"baseScoreNoCommerce":41.22036267995829,"baseRank":183,"population":1585.368553563086,"blocks":{"housing":0.7112144073234113,"infra":0.7696296296296296,"transport":0.44584,"work":0.13097409704487414,"green":0.00336,"commerce":0.423957937100614},"indicators":[{"label":"Жильё: плотность","value":90.392},{"label":"Жильё: обеспеченность","value":40.485},{"label":"Жильё: износ","value":14.587},{"label":"Жильё: этажность","value":10.333333},{"label":"Инфраструктура: разнообразие","value":0.38888888888888884},{"label":"Инфраструктура: полнота корзины","value":100},{"label":"Транспорт: доступность","value":44.584},{"label":"Рабочие места: обеспеченность","value":0.13097409704487414},{"label":"Рабочие места: плотность","value":0.0013623332384306746},{"label":"Зеленые зоны: доступность","value":0.336},{"label":"Коммерция: активность ФНС","value":8.068},{"label":"Коммерция: ККТ","value":32.363},{"label":"Коммерция: медианный чек","value":0}]},"geometry":{"type":"Polygon","coordinates":[[[36.052342,52.94584],[36.052341,52.94584],[36.05234,52.945841],[36.051396,52.946328],[36.051308,52.946273],[36.050653,52.945872],[36.050134,52.945544],[36.05013,52.945542],[36.050063,52.945505],[36.050063,52.945505],[36.050063,52.945505],[36.049104,52.944991],[36.049104,52.944991],[36.049104,52.944991],[36.048908,52.944886],[36.048732,52.944791],[36.048731,52.944791],[36.04873,52.944791],[36.047272,52.944055],[36.047272,52.944055],[36.047272,52.944054],[36.046036,52.943448],[36.046036,52.943448],[36.046036,52.943448],[36.045604,52.943236],[36.045604,52.943236],[36.045604,52.943236],[36.045511,52.94319],[36.046187,52.942775],[36.04676,52.942427],[36.04676,52.942427],[36.04676,52.942427],[36.047546,52.941947],[36.048073,52.941632],[36.048219,52.941546],[36.048427,52.941449],[36.048464,52.941432],[36.048589,52.941379],[36.048671,52.941356],[36.048829,52.94132],[36.048986,52.941291],[36.049099,52.941284],[36.049194,52.941284],[36.049317,52.941296],[36.049551,52.941336],[36.0505,52.941886],[36.052182,52.942913],[36.052297,52.942993],[36.054635,52.944712],[36.054449,52.944805],[36.05342,52.945308],[36.05342,52.945308],[36.05342,52.945308],[36.05322,52.945406],[36.05322,52.945406],[36.053219,52.945406],[36.05256,52.945734],[36.052342,52.94584]]]}},{"type":"Feature","id":"1066","properties":{"id":"1066","city":"orel","baseScore":19.383526004615074,"baseScoreNoCommerce":16.67617766080568,"baseRank":313,"population":1360.9767245926757,"blocks":{"housing":0.5804755497069507,"infra":0.25333333333333335,"transport":0,"work":0,"green":0,"commerce":0.3292026772366202},"indicators":[{"label":"Жильё: плотность","value":164.166},{"label":"Жильё: обеспеченность","value":34.1},{"label":"Жильё: износ","value":6.806},{"label":"Жильё: этажность","value":13.2},{"label":"Инфраструктура: разнообразие","value":0},{"label":"Инфраструктура: полнота корзины","value":0},{"label":"Коммерция: активность ФНС","value":6.834},{"label":"Коммерция: ККТ","value":9.852},{"label":"Коммерция: медианный чек","value":0}]},"geometry":{"type":"Polygon","coordinates":[[[36.03806,52.944413],[36.038886,52.944909],[36.040564,52.94591],[36.039715,52.946066],[36.039237,52.946154],[36.03872,52.946193],[36.035714,52.946322],[36.035711,52.946305],[36.03571,52.946305],[36.03571,52.946304],[36.035694,52.946238],[36.035591,52.945826],[36.035468,52.94524],[36.03531,52.944489],[36.035266,52.944435],[36.035145,52.944325],[36.035143,52.944327],[36.034564,52.94405],[36.034218,52.943743],[36.034073,52.943602],[36.033448,52.943282],[36.034052,52.942839],[36.034558,52.94247],[36.034965,52.942675],[36.034965,52.942675],[36.034965,52.942675],[36.035524,52.942956],[36.0356,52.942996],[36.036497,52.943474],[36.036518,52.943486],[36.03656,52.943511],[36.037256,52.94393],[36.03806,52.944413]]]}},{"type":"Feature","id":"1067","properties":{"id":"1067","city":"orel","baseScore":19.383526004615074,"baseScoreNoCommerce":16.67617766080568,"baseRank":313,"population":3219.6403232247803,"blocks":{"housing":0.5804755497069507,"infra":0.25333333333333335,"transport":0,"work":0,"green":0,"commerce":0.3292026772366202},"indicators":[{"label":"Жильё: плотность","value":164.166},{"label":"Жильё: обеспеченность","value":34.1},{"label":"Жильё: износ","value":6.806},{"label":"Жильё: этажность","value":13.2},{"label":"Инфраструктура: разнообразие","value":0},{"label":"Инфраструктура: полнота корзины","value":0},{"label":"Коммерция: активность ФНС","value":6.834},{"label":"Коммерция: ККТ","value":9.852},{"label":"Коммерция: медианный чек","value":0}]},"geometry":{"type":"Polygon","coordinates":[[[36.03577,52.942967],[36.036242,52.942616],[36.036937,52.942129],[36.0371,52.942015],[36.0371,52.942015],[36.03778,52.941535],[36.037911,52.941446],[36.037911,52.941445],[36.037912,52.941445],[36.037912,52.941445],[36.037913,52.941445],[36.038243,52.941205],[36.038663,52.9409],[36.038663,52.9409],[36.038663,52.9409],[36.039344,52.940406],[36.040229,52.94084],[36.040229,52.94084],[36.040229,52.94084],[36.040473,52.940959],[36.040983,52.94121],[36.041604,52.94153],[36.041604,52.94153],[36.041604,52.94153],[36.041792,52.941627],[36.041792,52.941627],[36.041793,52.941628],[36.043105,52.942277],[36.044256,52.942848],[36.044949,52.943191],[36.045064,52.943248],[36.045064,52.943248],[36.045123,52.943278],[36.045142,52.943287],[36.044037,52.943957],[36.043415,52.944332],[36.043415,52.944332],[36.043415,52.944332],[36.04299,52.944588],[36.042061,52.945144],[36.042059,52.945146],[36.041874,52.945265],[36.04177,52.945327],[36.041768,52.945328],[36.041766,52.945329],[36.041623,52.945427],[36.041304,52.945564],[36.040967,52.945745],[36.040681,52.945853],[36.040521,52.945755],[36.040521,52.945755],[36.040521,52.945754],[36.039816,52.945323],[36.03901,52.94483],[36.03901,52.94483],[36.03901,52.94483],[36.038188,52.944326],[36.038188,52.944326],[36.038188,52.944326],[36.037387,52.943841],[36.037385,52.94384],[36.037384,52.943839],[36.036596,52.943408],[36.036596,52.943408],[36.036595,52.943407],[36.03577,52.942967]]]}},{"type":"Feature","id":"1068","properties":{"id":"1068","city":"orel","baseScore":44.38710372919932,"baseScoreNoCommerce":39.98668043346058,"baseRank":160,"population":4303.032324375708,"blocks":{"housing":0.21788844662429632,"infra":0.7497855750487329,"transport":0.77837,"work":0,"green":0.25329,"commerce":0.6638922020789302},"indicators":[{"label":"Жильё: плотность","value":186.103},{"label":"Жильё: обеспеченность","value":32.81},{"label":"Жильё: износ","value":38.385},{"label":"Жильё: этажность","value":9.888889},{"label":"Инфраструктура: разнообразие","value":0.27777777777777773},{"label":"Инфраструктура: полнота корзины","value":100},{"label":"Транспорт: доступность","value":77.837},{"label":"Зеленые зоны: доступность","value":25.329},{"label":"Коммерция: активность ФНС","value":9.309},{"label":"Коммерция: ККТ","value":42.059},{"label":"Коммерция: медианный чек","value":268.349}]},"geometry":{"type":"Polygon","coordinates":[[[36.040956,52.936703],[36.041107,52.936613],[36.041222,52.936678],[36.041222,52.936679],[36.041223,52.936679],[36.041476,52.936816],[36.042688,52.937504],[36.042689,52.937504],[36.042689,52.937504],[36.045728,52.939196],[36.047306,52.940082],[36.047306,52.940082],[36.047307,52.940082],[36.0478,52.940356],[36.048324,52.940648],[36.048401,52.940764],[36.048421,52.940812],[36.048441,52.940883],[36.048441,52.940955],[36.048427,52.941036],[36.048392,52.941132],[36.048344,52.941217],[36.048274,52.941313],[36.048111,52.941485],[36.047969,52.941568],[36.047969,52.941568],[36.047969,52.941568],[36.047441,52.941883],[36.047441,52.941883],[36.046654,52.942363],[36.046082,52.942712],[36.046082,52.942712],[36.046082,52.942712],[36.0454,52.94313],[36.045347,52.943162],[36.045247,52.943223],[36.045218,52.943208],[36.045218,52.943208],[36.045159,52.943179],[36.045043,52.943122],[36.045043,52.943122],[36.045043,52.943122],[36.044351,52.942778],[36.044351,52.942778],[36.044351,52.942778],[36.043199,52.942207],[36.043199,52.942207],[36.043199,52.942207],[36.041888,52.941559],[36.041701,52.941462],[36.041079,52.941141],[36.041078,52.941141],[36.041078,52.94114],[36.040567,52.94089],[36.040567,52.94089],[36.040567,52.94089],[36.040322,52.94077],[36.039382,52.940309],[36.039154,52.940188],[36.04039,52.939334],[36.039957,52.939069],[36.039865,52.938869],[36.039886,52.938616],[36.040757,52.938051],[36.041195,52.93776],[36.04092,52.937623],[36.040755,52.937402],[36.040416,52.937215],[36.040365,52.937176],[36.040335,52.937125],[36.040349,52.937075],[36.040417,52.937023],[36.04081,52.936795],[36.040956,52.936703]]]}},{"type":"Feature","id":"1072","properties":{"id":"1072","city":"orel","baseScore":26.7538564883748,"baseScoreNoCommerce":28.9743875951545,"baseRank":279,"population":1050.2142969866454,"blocks":{"housing":0.8517221469517838,"infra":0.06105263157894736,"transport":0.02762,"work":0.07975460122699386,"green":0.42857,"commerce":0.15651200954476288},"indicators":[{"label":"Жильё: плотность","value":26.119},{"label":"Жильё: обеспеченность","value":43.966},{"label":"Жильё: износ","value":12.002},{"label":"Жильё: этажность","value":3.166667},{"label":"Инфраструктура: разнообразие","value":0},{"label":"Инфраструктура: полнота корзины","value":0},{"label":"Транспорт: доступность","value":2.762},{"label":"Рабочие места: обеспеченность","value":0.07975460122699386},{"label":"Рабочие места: плотность","value":0.00022636252099649668},{"label":"Зеленые зоны: доступность","value":42.857},{"label":"Коммерция: активность ФНС","value":3.883},{"label":"Коммерция: ККТ","value":4.348},{"label":"Коммерция: медианный чек","value":0}]},"geometry":{"type":"Polygon","coordinates":[[[36.010984,52.90961],[36.014027,52.9113],[36.013532,52.911593],[36.01258,52.912136],[36.011747,52.912567],[36.011232,52.912834],[36.011231,52.912834],[36.01123,52.912835],[36.010692,52.913136],[36.01064,52.913165],[36.01064,52.913165],[36.01064,52.913165],[36.010502,52.913242],[36.010262,52.913376],[36.010262,52.913376],[36.010262,52.913376],[36.008635,52.91428],[36.008627,52.914276],[36.008432,52.914168],[36.007682,52.913716],[36.007086,52.913351],[36.006742,52.91314],[36.006741,52.91314],[36.005841,52.912605],[36.00584,52.912604],[36.00584,52.912604],[36.00509,52.912182],[36.004213,52.911628],[36.004212,52.911627],[36.00421,52.911626],[36.003839,52.911418],[36.003102,52.910992],[36.0031,52.910991],[36.0031,52.910991],[36.002396,52.910613],[36.001945,52.910409],[36.00323,52.909212],[35.99996,52.907448],[36.000687,52.906433],[36.002495,52.905227],[36.006788,52.90777],[36.008728,52.908899],[36.010483,52.909941],[36.010984,52.90961]]]}},{"type":"Feature","id":"1073","properties":{"id":"1073","city":"orel","baseScore":31.828672709238276,"baseScoreNoCommerce":29.84618286870947,"baseRank":253,"population":2190.4666290843747,"blocks":{"housing":0.4789272211566581,"infra":0.6014211695906433,"transport":0,"work":0.011760752688172043,"green":0.4002,"commerce":0.41741121911882273},"indicators":[{"label":"Жильё: плотность","value":136.128},{"label":"Жильё: обеспеченность","value":31.161},{"label":"Жильё: износ","value":7.304},{"label":"Жильё: этажность","value":11.95},{"label":"Инфраструктура: разнообразие","value":0.2916666666666667},{"label":"Инфраструктура: полнота корзины","value":79.786},{"label":"Рабочие места: обеспеченность","value":0.011760752688172043},{"label":"Рабочие места: плотность","value":0.00016200216909781562},{"label":"Зеленые зоны: доступность","value":40.02},{"label":"Коммерция: активность ФНС","value":8.968},{"label":"Коммерция: ККТ","value":40.454},{"label":"Коммерция: медианный чек","value":0}]},"geometry":{"type":"Polygon","coordinates":[[[36.051552,52.933815],[36.052009,52.933521],[36.052847,52.932991],[36.054725,52.93196],[36.054799,52.932037],[36.055222,52.932322],[36.055734,52.932626],[36.055993,52.932662],[36.05636,52.932905],[36.0571,52.933432],[36.057336,52.933545],[36.057348,52.933618],[36.057481,52.933719],[36.057713,52.933944],[36.057799,52.934008],[36.058096,52.934133],[36.058525,52.93436],[36.05891,52.934748],[36.059331,52.935063],[36.05948,52.935301],[36.059551,52.935492],[36.059457,52.935527],[36.059138,52.935717],[36.059057,52.935777],[36.059004,52.935889],[36.058925,52.935926],[36.058923,52.935927],[36.058921,52.935928],[36.058518,52.936145],[36.058363,52.936227],[36.058361,52.936228],[36.0582,52.936319],[36.058199,52.936319],[36.058102,52.936376],[36.058026,52.93642],[36.057703,52.936603],[36.057452,52.936743],[36.057139,52.936887],[36.056761,52.937037],[36.056664,52.937076],[36.056578,52.936985],[36.055147,52.937542],[36.054723,52.937695],[36.054616,52.937572],[36.05386,52.936916],[36.054971,52.93647],[36.054162,52.935892],[36.055856,52.93484],[36.054302,52.933825],[36.05351,52.934284],[36.054097,52.934646],[36.053409,52.935032],[36.052349,52.93429],[36.052161,52.934308],[36.050496,52.935189],[36.04999,52.934886],[36.051276,52.933986],[36.051552,52.933815]]]}},{"type":"Feature","id":"1074","properties":{"id":"1074","city":"orel","baseScore":48.84687641110665,"baseScoreNoCommerce":44.699560178658245,"baseRank":138,"population":1550.2468206604738,"blocks":{"housing":0.1906567043040402,"infra":0.890214424951267,"transport":0.98,"work":0.10765687967760507,"green":0.06645,"commerce":0.6958345757334863},"indicators":[{"label":"Жильё: плотность","value":95.558},{"label":"Жильё: обеспеченность","value":34.158},{"label":"Жильё: износ","value":45.435},{"label":"Жильё: этажность","value":4.904762},{"label":"Инфраструктура: разнообразие","value":0.7222222222222222},{"label":"Инфраструктура: полнота корзины","value":100},{"label":"Транспорт: доступность","value":98},{"label":"Рабочие места: обеспеченность","value":0.10765687967760507},{"label":"Рабочие места: плотность","value":0.001152864609889386},{"label":"Зеленые зоны: доступность","value":6.645},{"label":"Коммерция: активность ФНС","value":9.494},{"label":"Коммерция: ККТ","value":55.262},{"label":"Коммерция: медианный чек","value":295.422}]},"geometry":{"type":"Polygon","coordinates":[[[36.049145,52.940176],[36.050266,52.939714],[36.050709,52.939519],[36.051912,52.93899],[36.051918,52.938987],[36.052106,52.939039],[36.053632,52.940292],[36.053702,52.940344],[36.056563,52.942494],[36.056563,52.942494],[36.057348,52.942073],[36.058394,52.942804],[36.0576,52.943208],[36.056115,52.943964],[36.055348,52.944354],[36.055014,52.944523],[36.055014,52.944523],[36.055014,52.944523],[36.054917,52.944572],[36.054917,52.944572],[36.054917,52.944573],[36.054865,52.944599],[36.05478,52.944538],[36.05245,52.942817],[36.051896,52.94249],[36.050679,52.941758],[36.050678,52.941758],[36.050678,52.941758],[36.049731,52.941208],[36.04973,52.941208],[36.04973,52.941207],[36.049388,52.941018],[36.048924,52.940755],[36.048859,52.94067],[36.04883,52.940614],[36.04885,52.940518],[36.04886,52.940468],[36.048901,52.940367],[36.04893,52.940324],[36.048963,52.940294],[36.049015,52.940253],[36.049052,52.940228],[36.049124,52.940187],[36.049145,52.940176]]]}},{"type":"Feature","id":"1075","properties":{"id":"1075","city":"orel","baseScore":50.456207735525425,"baseScoreNoCommerce":47.593420880217415,"baseRank":127,"population":1398.2225607306152,"blocks":{"housing":0.18826723164999834,"infra":0.8044639376218323,"transport":0.87411,"work":0.027139874739039668,"green":0.48569,"commerce":0.6477014201206548},"indicators":[{"label":"Жильё: плотность","value":91.473},{"label":"Жильё: обеспеченность","value":35.833},{"label":"Жильё: износ","value":51.094},{"label":"Жильё: этажность","value":4.714286},{"label":"Инфраструктура: разнообразие","value":0.4444444444444444},{"label":"Инфраструктура: полнота корзины","value":100},{"label":"Транспорт: доступность","value":87.411},{"label":"Рабочие места: обеспеченность","value":0.027139874739039668},{"label":"Рабочие места: плотность","value":0.0002551819409523132},{"label":"Зеленые зоны: доступность","value":48.569},{"label":"Коммерция: активность ФНС","value":8.627},{"label":"Коммерция: ККТ","value":46.686},{"label":"Коммерция: медианный чек","value":91.683}]},"geometry":{"type":"MultiPolygon","coordinates":[[[[36.054963,52.944669],[36.056215,52.944033],[36.0565,52.943894],[36.056501,52.943893],[36.056502,52.943893],[36.056885,52.943695],[36.057643,52.943311],[36.058492,52.943982],[36.059775,52.944998],[36.059776,52.944999],[36.059776,52.944999],[36.060029,52.945193],[36.060369,52.945453],[36.060229,52.945518],[36.060228,52.945519],[36.060228,52.945519],[36.059582,52.945827],[36.059382,52.945922],[36.059378,52.945924],[36.059342,52.945944],[36.058992,52.946135],[36.058992,52.946135],[36.058991,52.946135],[36.058491,52.946409],[36.058262,52.946526],[36.057913,52.946705],[36.057823,52.946748],[36.057822,52.946749],[36.05782,52.946749],[36.057772,52.946774],[36.056695,52.94596],[36.056695,52.94596],[36.056695,52.94596],[36.055992,52.945429],[36.055992,52.945429],[36.055992,52.945429],[36.055086,52.944762],[36.054963,52.944669]]],[[[36.060467,52.948799],[36.060435,52.948775],[36.060413,52.948756],[36.06041,52.948754],[36.058523,52.947328],[36.058523,52.947327],[36.058522,52.947327],[36.057865,52.946844],[36.057916,52.946818],[36.058006,52.946776],[36.058007,52.946775],[36.058008,52.946774],[36.058359,52.946595],[36.058359,52.946595],[36.058359,52.946595],[36.058588,52.946477],[36.058589,52.946476],[36.05859,52.946476],[36.059091,52.946202],[36.059442,52.94601],[36.059442,52.94601],[36.059442,52.94601],[36.059476,52.945992],[36.059674,52.945898],[36.059674,52.945897],[36.059674,52.945897],[36.06032,52.945589],[36.060461,52.945523],[36.063666,52.94795],[36.064306,52.948443],[36.064244,52.948451],[36.064244,52.948451],[36.064244,52.948451],[36.062616,52.94866],[36.062616,52.94866],[36.062616,52.94866],[36.062191,52.948717],[36.061483,52.94881],[36.060882,52.948885],[36.060467,52.948799]]]]}},{"type":"Feature","id":"1076","properties":{"id":"1076","city":"orel","baseScore":27.338286564360743,"baseScoreNoCommerce":28.363523239702754,"baseRank":276,"population":437.07121581689455,"blocks":{"housing":0.3175237058447868,"infra":0.6429824561403509,"transport":0.08467,"work":0,"green":0.373,"commerce":0.2221210318765067},"indicators":[{"label":"Жильё: плотность","value":32.165},{"label":"Жильё: обеспеченность","value":38.042},{"label":"Жильё: износ","value":45.5},{"label":"Жильё: этажность","value":3},{"label":"Инфраструктура: разнообразие","value":0},{"label":"Инфраструктура: полнота корзины","value":100},{"label":"Транспорт: доступность","value":8.467},{"label":"Зеленые зоны: доступность","value":37.3},{"label":"Коммерция: активность ФНС","value":7.806},{"label":"Коммерция: ККТ","value":2.151},{"label":"Коммерция: медианный чек","value":0}]},"geometry":{"type":"MultiPolygon","coordinates":[[[[36.064494,52.948417],[36.063212,52.947462],[36.060532,52.945433],[36.060146,52.945137],[36.060146,52.945137],[36.060146,52.945137],[36.059893,52.944943],[36.05861,52.943928],[36.05861,52.943928],[36.05861,52.943928],[36.057758,52.943253],[36.058221,52.943018],[36.058567,52.942843],[36.058567,52.942843],[36.058567,52.942843],[36.058848,52.9427],[36.058913,52.942705],[36.059143,52.942881],[36.059145,52.942881],[36.059146,52.942882],[36.059864,52.943377],[36.059864,52.943378],[36.059865,52.943378],[36.059943,52.94343],[36.060515,52.943828],[36.060521,52.943832],[36.062207,52.94475],[36.062211,52.944752],[36.064061,52.945648],[36.064062,52.945648],[36.064062,52.945648],[36.066531,52.946808],[36.066535,52.946809],[36.066537,52.94681],[36.06705,52.947006],[36.067072,52.947012],[36.067095,52.947013],[36.067117,52.94701],[36.067134,52.947004],[36.067214,52.947034],[36.067423,52.946998],[36.06903,52.947746],[36.068822,52.947866],[36.067057,52.948091],[36.065836,52.948246],[36.065798,52.94825],[36.065797,52.948251],[36.065796,52.948251],[36.065533,52.948284],[36.064494,52.948417]]],[[[36.064177,52.94558],[36.064402,52.945694],[36.064154,52.945577],[36.062305,52.944683],[36.062226,52.944639],[36.064154,52.945568],[36.064177,52.94558]]]]}},{"type":"Feature","id":"1077","properties":{"id":"1077","city":"orel","baseScore":25.582050409879848,"baseScoreNoCommerce":25.918151935612364,"baseRank":285,"population":526.0805074802978,"blocks":{"housing":0.599995202797758,"infra":0.6636452241715399,"transport":0.00951,"work":0.007547169811320755,"green":0.01521,"commerce":0.23901542781217233},"indicators":[{"label":"Жильё: плотность","value":92.063},{"label":"Жильё: обеспеченность","value":34.15},{"label":"Жильё: износ","value":5.043},{"label":"Жильё: этажность","value":8},{"label":"Инфраструктура: разнообразие","value":0.027777777777777776},{"label":"Инфраструктура: полнота корзины","value":100},{"label":"Транспорт: доступность","value":0.951},{"label":"Рабочие места: обеспеченность","value":0.007547169811320755},{"label":"Рабочие места: плотность","value":0.00007000983313350438},{"label":"Зеленые зоны: доступность","value":1.521},{"label":"Коммерция: активность ФНС","value":8.903},{"label":"Коммерция: ККТ","value":1.242},{"label":"Коммерция: медианный чек","value":0}]},"geometry":{"type":"Polygon","coordinates":[[[36.069469,52.951166],[36.067164,52.950889],[36.066986,52.95077],[36.06698,52.950762],[36.066668,52.950057],[36.066634,52.949979],[36.066431,52.949519],[36.066228,52.949057],[36.066228,52.949057],[36.066228,52.949057],[36.066083,52.948734],[36.065905,52.948331],[36.066347,52.948279],[36.066701,52.948238],[36.066959,52.94821],[36.067144,52.948206],[36.067246,52.948219],[36.067321,52.948235],[36.0674,52.948266],[36.067504,52.948324],[36.067689,52.948452],[36.068404,52.948985],[36.068988,52.949425],[36.068989,52.949425],[36.068989,52.949425],[36.069661,52.949929],[36.069743,52.949999],[36.069826,52.950069],[36.069892,52.95015],[36.069947,52.950239],[36.069991,52.950426],[36.069991,52.950426],[36.069991,52.950426],[36.069994,52.950441],[36.069988,52.950717],[36.069949,52.951221],[36.069469,52.951166]]]}},{"type":"Feature","id":"1078","properties":{"id":"1078","city":"orel","baseScore":44.39436039206504,"baseScoreNoCommerce":48.999225852460526,"baseRank":159,"population":319.51049377976074,"blocks":{"housing":0.2803192263462234,"infra":0.6583820662768031,"transport":0.51126,"work":0,"green":1,"commerce":0.2137003309008763},"indicators":[{"label":"Жильё: плотность","value":160.113},{"label":"Жильё: обеспеченность","value":34.393},{"label":"Жильё: износ","value":37.354},{"label":"Жильё: этажность","value":9.333333},{"label":"Инфраструктура: разнообразие","value":0.027777777777777776},{"label":"Инфраструктура: полнота корзины","value":100},{"label":"Транспорт: доступность","value":51.126},{"label":"Зеленые зоны: доступность","value":100},{"label":"Коммерция: активность ФНС","value":8},{"label":"Коммерция: ККТ","value":0.977},{"label":"Коммерция: медианный чек","value":0}]},"geometry":{"type":"Polygon","coordinates":[[[36.078214,52.953523],[36.077721,52.954423],[36.077625,52.954407],[36.07754,52.954393],[36.076324,52.954191],[36.076323,52.954191],[36.076323,52.954191],[36.075194,52.954016],[36.075191,52.954016],[36.074309,52.953899],[36.074307,52.953899],[36.074235,52.953891],[36.074159,52.953882],[36.074165,52.953868],[36.074165,52.953868],[36.074165,52.953868],[36.074378,52.953348],[36.074608,52.952785],[36.074608,52.952785],[36.074609,52.952785],[36.074809,52.952252],[36.074886,52.952075],[36.074952,52.951982],[36.075012,52.951924],[36.075091,52.951934],[36.075944,52.952049],[36.075944,52.952049],[36.075944,52.952049],[36.076109,52.952071],[36.076417,52.952112],[36.076417,52.952112],[36.076417,52.952112],[36.076579,52.952134],[36.076714,52.952157],[36.076714,52.952157],[36.076714,52.952157],[36.076855,52.95218],[36.077033,52.952228],[36.077041,52.952236],[36.077057,52.952277],[36.077059,52.95228],[36.07706,52.952283],[36.077064,52.952287],[36.077066,52.95229],[36.07707,52.952293],[36.077072,52.952295],[36.077524,52.952627],[36.077796,52.952851],[36.07837,52.953071],[36.078565,52.953153],[36.078586,52.953159],[36.078604,52.953161],[36.078486,52.953374],[36.078214,52.953523]]]}},{"type":"Feature","id":"1079","properties":{"id":"1079","city":"orel","baseScore":25.582050409879848,"baseScoreNoCommerce":25.918151935612364,"baseRank":285,"population":911.483158852588,"blocks":{"housing":0.599995202797758,"infra":0.6636452241715399,"transport":0.00951,"work":0.007547169811320755,"green":0.01521,"commerce":0.23901542781217233},"indicators":[{"label":"Жильё: плотность","value":92.063},{"label":"Жильё: обеспеченность","value":34.15},{"label":"Жильё: износ","value":5.043},{"label":"Жильё: этажность","value":8},{"label":"Инфраструктура: разнообразие","value":0.027777777777777776},{"label":"Инфраструктура: полнота корзины","value":100},{"label":"Транспорт: доступность","value":0.951},{"label":"Рабочие места: обеспеченность","value":0.007547169811320755},{"label":"Рабочие места: плотность","value":0.00007000983313350438},{"label":"Зеленые зоны: доступность","value":1.521},{"label":"Коммерция: активность ФНС","value":8.903},{"label":"Коммерция: ККТ","value":1.242},{"label":"Коммерция: медианный чек","value":0}]},"geometry":{"type":"Polygon","coordinates":[[[36.075641,52.951332],[36.074921,52.95182],[36.074855,52.951812],[36.073525,52.951652],[36.073525,52.951652],[36.073525,52.951652],[36.072644,52.951545],[36.072644,52.951545],[36.072644,52.951545],[36.071239,52.951376],[36.070097,52.951238],[36.070137,52.950721],[36.070137,52.950719],[36.070143,52.950439],[36.070142,52.950432],[36.070138,52.950413],[36.070093,52.950222],[36.070089,52.950212],[36.07003,52.950117],[36.070027,52.950112],[36.069956,52.950026],[36.06995,52.95002],[36.069864,52.949947],[36.069781,52.949876],[36.069778,52.949874],[36.069104,52.949369],[36.06852,52.948928],[36.06852,52.948928],[36.06852,52.948928],[36.067804,52.948395],[36.067802,52.948393],[36.067613,52.948263],[36.067608,52.94826],[36.067497,52.948197],[36.067486,52.948192],[36.067434,52.948172],[36.067469,52.948161],[36.067968,52.948088],[36.068609,52.947995],[36.06861,52.947995],[36.068611,52.947995],[36.069103,52.94792],[36.069125,52.947914],[36.069137,52.947907],[36.069358,52.948038],[36.069466,52.948049],[36.070185,52.948385],[36.070866,52.948778],[36.070994,52.948779],[36.072064,52.949332],[36.075868,52.951179],[36.075641,52.951332]]]}},{"type":"Feature","id":"1080","properties":{"id":"1080","city":"orel","baseScore":68.67094472098283,"baseScoreNoCommerce":65.39232985852833,"baseRank":29,"population":610.2281156976074,"blocks":{"housing":0.36471503183229514,"infra":0.8009259259259259,"transport":1,"work":0.10397553516819572,"green":1,"commerce":0.8506401903325529},"indicators":[{"label":"Жильё: плотность","value":57.407},{"label":"Жильё: обеспеченность","value":35.295},{"label":"Жильё: износ","value":31.952},{"label":"Жильё: этажность","value":4.625},{"label":"Инфраструктура: разнообразие","value":0.40277777777777773},{"label":"Инфраструктура: полнота корзины","value":100},{"label":"Транспорт: доступность","value":100},{"label":"Рабочие места: обеспеченность","value":0.10397553516819572},{"label":"Рабочие места: плотность","value":0.0006661608411283911},{"label":"Зеленые зоны: доступность","value":100},{"label":"Коммерция: активность ФНС","value":9.31},{"label":"Коммерция: ККТ","value":52.34},{"label":"Коммерция: медианный чек","value":123.623}]},"geometry":{"type":"Polygon","coordinates":[[[36.075123,52.973767],[36.074238,52.973379],[36.07424,52.973377],[36.07424,52.973377],[36.074241,52.973377],[36.074817,52.972842],[36.07519,52.972496],[36.075191,52.972495],[36.075192,52.972495],[36.075454,52.972227],[36.076189,52.971535],[36.0765,52.971253],[36.0765,52.971253],[36.0765,52.971253],[36.077026,52.970773],[36.077093,52.970712],[36.07715,52.970734],[36.077683,52.970939],[36.077683,52.970939],[36.077683,52.970939],[36.078181,52.97113],[36.078181,52.97113],[36.078181,52.97113],[36.078571,52.971279],[36.079267,52.971548],[36.080161,52.971893],[36.080161,52.971893],[36.080161,52.971893],[36.080417,52.971993],[36.080417,52.971993],[36.080417,52.971993],[36.080664,52.972088],[36.080664,52.972088],[36.080664,52.972088],[36.080746,52.97212],[36.080676,52.972185],[36.079955,52.972851],[36.079955,52.972851],[36.079955,52.972851],[36.079453,52.973315],[36.07941,52.973354],[36.07941,52.973355],[36.079409,52.973355],[36.078746,52.973988],[36.07863,52.974097],[36.07862,52.97411],[36.078618,52.974124],[36.078623,52.974138],[36.078635,52.97415],[36.078646,52.974156],[36.078091,52.97457],[36.076239,52.974155],[36.075558,52.973919],[36.075123,52.973767]]]}},{"type":"Feature","id":"1081","properties":{"id":"1081","city":"orel","baseScore":68.67094472098283,"baseScoreNoCommerce":65.39232985852833,"baseRank":29,"population":378.99407638647455,"blocks":{"housing":0.36471503183229514,"infra":0.8009259259259259,"transport":1,"work":0.10397553516819572,"green":1,"commerce":0.8506401903325529},"indicators":[{"label":"Жильё: плотность","value":57.407},{"label":"Жильё: обеспеченность","value":35.295},{"label":"Жильё: износ","value":31.952},{"label":"Жильё: этажность","value":4.625},{"label":"Инфраструктура: разнообразие","value":0.40277777777777773},{"label":"Инфраструктура: полнота корзины","value":100},{"label":"Транспорт: доступность","value":100},{"label":"Рабочие места: обеспеченность","value":0.10397553516819572},{"label":"Рабочие места: плотность","value":0.0006661608411283911},{"label":"Зеленые зоны: доступность","value":100},{"label":"Коммерция: активность ФНС","value":9.31},{"label":"Коммерция: ККТ","value":52.34},{"label":"Коммерция: медианный чек","value":123.623}]},"geometry":{"type":"Polygon","coordinates":[[[36.078091,52.97457],[36.078646,52.974156],[36.078652,52.974159],[36.078673,52.974165],[36.078697,52.974166],[36.078719,52.974163],[36.078739,52.974156],[36.078755,52.974146],[36.078871,52.974037],[36.078871,52.974037],[36.078871,52.974037],[36.079535,52.973403],[36.079578,52.973364],[36.079578,52.973364],[36.079578,52.973364],[36.080079,52.9729],[36.0808,52.972234],[36.0808,52.972234],[36.0808,52.972234],[36.080871,52.972168],[36.080966,52.972205],[36.080966,52.972205],[36.080966,52.972205],[36.081769,52.972516],[36.081928,52.972578],[36.081928,52.972578],[36.081928,52.972578],[36.083097,52.973031],[36.083376,52.973139],[36.083488,52.973184],[36.083392,52.973289],[36.083287,52.973325],[36.083278,52.973329],[36.083167,52.973382],[36.083157,52.973388],[36.08295,52.973533],[36.082948,52.973535],[36.082945,52.973537],[36.082706,52.973747],[36.082706,52.973747],[36.082706,52.973747],[36.082309,52.974098],[36.082308,52.974098],[36.082308,52.974098],[36.081916,52.974457],[36.081358,52.974925],[36.081355,52.974928],[36.081352,52.97493],[36.08135,52.974934],[36.081347,52.974938],[36.081346,52.974941],[36.081345,52.974944],[36.081332,52.974986],[36.081321,52.975024],[36.081321,52.975025],[36.08132,52.975025],[36.08132,52.975032],[36.08132,52.975038],[36.08132,52.975039],[36.08132,52.975039],[36.081328,52.975068],[36.081098,52.975194],[36.080724,52.975147],[36.078091,52.97457]]]}},{"type":"Feature","id":"1082","properties":{"id":"1082","city":"orel","baseScore":66.28843900504478,"baseScoreNoCommerce":62.47798977299539,"baseRank":39,"population":1843.7882764409426,"blocks":{"housing":0.37145605098675477,"infra":0.8425925925925926,"transport":1,"work":0.21014084507042252,"green":0.69971,"commerce":0.853406851652917},"indicators":[{"label":"Жильё: плотность","value":194.309},{"label":"Жильё: обеспеченность","value":32.809},{"label":"Жильё: износ","value":23.238},{"label":"Жильё: этажность","value":7.666667},{"label":"Инфраструктура: разнообразие","value":0.5277777777777778},{"label":"Инфраструктура: полнота корзины","value":100},{"label":"Транспорт: доступность","value":100},{"label":"Рабочие места: обеспеченность","value":0.21014084507042252},{"label":"Рабочие места: плотность","value":0.005169558516753304},{"label":"Зеленые зоны: доступность","value":69.971},{"label":"Коммерция: активность ФНС","value":9.384},{"label":"Коммерция: ККТ","value":71.325},{"label":"Коммерция: медианный чек","value":95.302}]},"geometry":{"type":"Polygon","coordinates":[[[36.071448,52.971491],[36.071448,52.971491],[36.071393,52.971404],[36.071326,52.971247],[36.071326,52.971247],[36.071326,52.971247],[36.071248,52.971063],[36.071209,52.970872],[36.071196,52.970792],[36.071432,52.970798],[36.071438,52.970799],[36.071891,52.970792],[36.071901,52.970791],[36.07191,52.97079],[36.071912,52.97079],[36.071914,52.970789],[36.071923,52.970787],[36.071931,52.970784],[36.072271,52.970642],[36.072291,52.970629],[36.072393,52.970532],[36.072393,52.970532],[36.072393,52.970532],[36.07253,52.9704],[36.07253,52.9704],[36.07253,52.9704],[36.072823,52.970119],[36.072823,52.970119],[36.072823,52.970119],[36.073051,52.9699],[36.073051,52.9699],[36.073051,52.9699],[36.073535,52.969435],[36.073592,52.96938],[36.073641,52.969398],[36.073641,52.969398],[36.073641,52.969398],[36.075187,52.969985],[36.076043,52.970309],[36.076129,52.970343],[36.076129,52.970343],[36.076129,52.970343],[36.076967,52.970664],[36.076902,52.970723],[36.076902,52.970723],[36.076902,52.970724],[36.076376,52.971203],[36.076064,52.971486],[36.076064,52.971486],[36.076064,52.971487],[36.075328,52.972179],[36.075328,52.97218],[36.075327,52.97218],[36.075064,52.972448],[36.074693,52.972793],[36.074693,52.972793],[36.074693,52.972793],[36.074157,52.97329],[36.073493,52.973022],[36.072926,52.972707],[36.072542,52.972473],[36.072237,52.972265],[36.071792,52.97187],[36.071633,52.971707],[36.071493,52.971563],[36.071448,52.971491],[36.071448,52.971491]]]}},{"type":"Feature","id":"1083","properties":{"id":"1083","city":"orel","baseScore":82.61951296374538,"baseScoreNoCommerce":79.87790719257004,"baseRank":1,"population":512.0236689407227,"blocks":{"housing":0.5622643184239582,"infra":0.8935185185185185,"transport":1,"work":0.5381125226860254,"green":1,"commerce":0.96327541819622},"indicators":[{"label":"Жильё: плотность","value":73.272},{"label":"Жильё: обеспеченность","value":39.533},{"label":"Жильё: износ","value":26.193},{"label":"Жильё: этажность","value":4.714286},{"label":"Инфраструктура: разнообразие","value":0.6805555555555555},{"label":"Инфраструктура: полнота корзины","value":100},{"label":"Транспорт: доступность","value":100},{"label":"Рабочие места: обеспеченность","value":0.5381125226860254},{"label":"Рабочие места: плотность","value":0.008536369611757903},{"label":"Зеленые зоны: доступность","value":100},{"label":"Коммерция: активность ФНС","value":9.514},{"label":"Коммерция: ККТ","value":121.038},{"label":"Коммерция: медианный чек","value":264.514}]},"geometry":{"type":"MultiPolygon","coordinates":[[[[36.071865,52.970703],[36.071437,52.970709],[36.071185,52.970702],[36.071163,52.970319],[36.071215,52.969741],[36.071245,52.969585],[36.071282,52.969428],[36.071308,52.96932],[36.071308,52.96932],[36.071308,52.96932],[36.071389,52.968989],[36.071551,52.968613],[36.071662,52.968655],[36.071662,52.968655],[36.071662,52.968655],[36.072218,52.968865],[36.072262,52.968882],[36.072262,52.968882],[36.072263,52.968882],[36.072504,52.968969],[36.072505,52.96897],[36.072506,52.96897],[36.07261,52.969006],[36.073467,52.969332],[36.073409,52.969387],[36.073409,52.969387],[36.073409,52.969387],[36.072925,52.969853],[36.072697,52.970071],[36.072404,52.970352],[36.072267,52.970484],[36.072174,52.970573],[36.071865,52.970703]]],[[[36.071741,52.968579],[36.071741,52.968579],[36.071602,52.968527],[36.072593,52.96737],[36.072775,52.96716],[36.073364,52.966583],[36.073385,52.966566],[36.073849,52.966744],[36.074636,52.967059],[36.074898,52.967172],[36.074899,52.967172],[36.074899,52.967173],[36.074899,52.967173],[36.074899,52.967173],[36.075532,52.967436],[36.075482,52.967476],[36.075481,52.967477],[36.075479,52.967478],[36.075437,52.967517],[36.075007,52.967913],[36.075007,52.967913],[36.075007,52.967913],[36.074708,52.968189],[36.074474,52.968404],[36.074474,52.968404],[36.074474,52.968404],[36.073916,52.96892],[36.073572,52.969233],[36.073572,52.969233],[36.073572,52.969233],[36.073547,52.969257],[36.072688,52.968929],[36.072687,52.968929],[36.072686,52.968928],[36.07258,52.968892],[36.07234,52.968805],[36.072297,52.968789],[36.072296,52.968789],[36.072296,52.968789],[36.071741,52.968579],[36.071741,52.968579]]]]}},{"type":"Feature","id":"1084","properties":{"id":"1084","city":"orel","baseScore":50.639789751016494,"baseScoreNoCommerce":55.084885258451564,"baseRank":124,"population":89.00886974052735,"blocks":{"housing":0.1640372334312872,"infra":0.547196276803119,"transport":1,"work":0.043010752688172046,"green":1,"commerce":0.2841431221384116},"indicators":[{"label":"Жильё: плотность","value":13.702},{"label":"Жильё: обеспеченность","value":33.47},{"label":"Инфраструктура: разнообразие","value":0.027777777777777776},{"label":"Инфраструктура: полнота корзины","value":68.539},{"label":"Транспорт: доступность","value":100},{"label":"Рабочие места: обеспеченность","value":0.043010752688172046},{"label":"Рабочие места: плотность","value":0.0000615840370613003},{"label":"Зеленые зоны: доступность","value":100},{"label":"Коммерция: активность ФНС","value":9.994},{"label":"Коммерция: ККТ","value":2.542},{"label":"Коммерция: медианный чек","value":0}]},"geometry":{"type":"Polygon","coordinates":[[[36.095936,52.975992],[36.096405,52.975664],[36.097384,52.976021],[36.098026,52.976261],[36.098026,52.976261],[36.098026,52.976261],[36.098152,52.976307],[36.099063,52.976651],[36.099708,52.976905],[36.098637,52.978199],[36.098244,52.978344],[36.097697,52.978546],[36.0966,52.97892],[36.095986,52.978103],[36.095535,52.977525],[36.094933,52.97705],[36.095936,52.975992]]]}},{"type":"Feature","id":"1085","properties":{"id":"1085","city":"orel","baseScore":53.933609484576806,"baseScoreNoCommerce":53.61741745893636,"baseRank":100,"population":24.519997731933593,"blocks":{"housing":0.03014134913729417,"infra":0.6666666666666666,"transport":1,"work":0.9071428571428571,"green":0.07692,"commerce":0.5551456961277907},"indicators":[{"label":"Жильё: плотность","value":4.025},{"label":"Жильё: обеспеченность","value":31.431},{"label":"Инфраструктура: разнообразие","value":0},{"label":"Инфраструктура: полнота корзины","value":100},{"label":"Транспорт: доступность","value":100},{"label":"Рабочие места: обеспеченность","value":0.9071428571428571},{"label":"Рабочие места: плотность","value":0.003931879814613266},{"label":"Зеленые зоны: доступность","value":7.692},{"label":"Коммерция: активность ФНС","value":8.864},{"label":"Коммерция: ККТ","value":5.738},{"label":"Коммерция: медианный чек","value":149.32}]},"geometry":{"type":"Polygon","coordinates":[[[36.08378,52.966966],[36.085244,52.964859],[36.085824,52.964985],[36.08618,52.965065],[36.087432,52.965343],[36.087514,52.965362],[36.087063,52.966045],[36.086186,52.967294],[36.085931,52.967556],[36.085908,52.967577],[36.085906,52.967579],[36.08589,52.967596],[36.085889,52.967598],[36.085528,52.968236],[36.083217,52.967957],[36.083542,52.967296],[36.08378,52.966966]]]}},{"type":"Feature","id":"1086","properties":{"id":"1086","city":"orel","baseScore":50.899844990913756,"baseScoreNoCommerce":47.86360505930453,"baseRank":122,"population":28.082400535546874,"blocks":{"housing":0.33078949273130864,"infra":0.3419407602339181,"transport":0.54545,"work":0.175,"green":1,"commerce":0.6608104464895985},"indicators":[{"label":"Жильё: плотность","value":6.624},{"label":"Жильё: обеспеченность","value":39.527},{"label":"Жильё: износ","value":49},{"label":"Жильё: этажность","value":2},{"label":"Инфраструктура: разнообразие","value":0.08333333333333333},{"label":"Инфраструктура: полнота корзины","value":9.091},{"label":"Транспорт: доступность","value":54.545},{"label":"Рабочие места: обеспеченность","value":0.175},{"label":"Рабочие места: плотность","value":0.0001405128035728131},{"label":"Зеленые зоны: доступность","value":100},{"label":"Коммерция: активность ФНС","value":8.974},{"label":"Коммерция: ККТ","value":18.184},{"label":"Коммерция: медианный чек","value":149.768}]},"geometry":{"type":"Polygon","coordinates":[[[36.108073,52.976465],[36.107942,52.976455],[36.107943,52.976454],[36.107944,52.97645],[36.107947,52.976338],[36.107946,52.976333],[36.107929,52.976221],[36.107929,52.976219],[36.107867,52.975936],[36.107859,52.975899],[36.108091,52.975877],[36.108096,52.975876],[36.108299,52.975849],[36.108304,52.975848],[36.109012,52.975717],[36.109638,52.975725],[36.110087,52.97574],[36.110089,52.97574],[36.11009,52.97574],[36.111155,52.975751],[36.111178,52.975749],[36.111199,52.975743],[36.111216,52.975733],[36.111227,52.975721],[36.111231,52.975707],[36.11123,52.975703],[36.111312,52.975699],[36.11194,52.97569],[36.112075,52.976078],[36.112043,52.976195],[36.111894,52.976377],[36.111757,52.976508],[36.111077,52.97719],[36.110472,52.97778],[36.110239,52.977726],[36.10973,52.97752],[36.109515,52.977428],[36.109435,52.977291],[36.109344,52.977264],[36.108758,52.976781],[36.108354,52.976576],[36.108142,52.97648],[36.108073,52.976465]]]}},{"type":"Feature","id":"1087","properties":{"id":"1087","city":"orel","baseScore":50.899844990913756,"baseScoreNoCommerce":47.86360505930453,"baseRank":122,"population":1477.7356810773804,"blocks":{"housing":0.33078949273130864,"infra":0.3419407602339181,"transport":0.54545,"work":0.175,"green":1,"commerce":0.6608104464895985},"indicators":[{"label":"Жильё: плотность","value":6.624},{"label":"Жильё: обеспеченность","value":39.527},{"label":"Жильё: износ","value":49},{"label":"Жильё: этажность","value":2},{"label":"Инфраструктура: разнообразие","value":0.08333333333333333},{"label":"Инфраструктура: полнота корзины","value":9.091},{"label":"Транспорт: доступность","value":54.545},{"label":"Рабочие места: обеспеченность","value":0.175},{"label":"Рабочие места: плотность","value":0.0001405128035728131},{"label":"Зеленые зоны: доступность","value":100},{"label":"Коммерция: активность ФНС","value":8.974},{"label":"Коммерция: ККТ","value":18.184},{"label":"Коммерция: медианный чек","value":149.768}]},"geometry":{"type":"Polygon","coordinates":[[[36.111312,52.975699],[36.11123,52.975703],[36.111228,52.975693],[36.111217,52.97568],[36.111201,52.97567],[36.111181,52.975664],[36.111158,52.975661],[36.110094,52.97565],[36.109645,52.975635],[36.109644,52.975635],[36.109642,52.975635],[36.109003,52.975627],[36.108979,52.975629],[36.108263,52.975762],[36.108065,52.975788],[36.107841,52.97581],[36.107769,52.975462],[36.107769,52.975462],[36.107769,52.975462],[36.107746,52.975349],[36.107507,52.974135],[36.107437,52.97371],[36.107418,52.97347],[36.10741,52.973203],[36.107411,52.973165],[36.108261,52.973173],[36.108261,52.973173],[36.108261,52.973173],[36.108952,52.973174],[36.108956,52.973174],[36.109068,52.97317],[36.109072,52.97317],[36.109173,52.973163],[36.109184,52.973162],[36.109274,52.973147],[36.109278,52.973146],[36.109367,52.973128],[36.109378,52.973125],[36.109588,52.97306],[36.109594,52.973058],[36.109691,52.97302],[36.109937,52.972924],[36.110163,52.972839],[36.110285,52.972799],[36.110331,52.972788],[36.110379,52.972787],[36.111933,52.972875],[36.111994,52.972882],[36.112064,52.97289],[36.112079,52.972891],[36.112137,52.97289],[36.11217,52.972885],[36.112187,52.97288],[36.112254,52.972901],[36.112324,52.972948],[36.112392,52.973061],[36.112385,52.973211],[36.112022,52.97453],[36.111882,52.975036],[36.111867,52.975212],[36.111865,52.975394],[36.11194,52.97569],[36.111312,52.975699]]]}},{"type":"Feature","id":"1088","properties":{"id":"1088","city":"orel","baseScore":44.12320238974014,"baseScoreNoCommerce":44.47580489881789,"baseRank":167,"population":1180.156462118262,"blocks":{"housing":0.26638982689909035,"infra":0.6877777777777778,"transport":1,"work":0.026402640264026403,"green":0.24322,"commerce":0.42360189844351426},"indicators":[{"label":"Жильё: плотность","value":175.473},{"label":"Жильё: обеспеченность","value":24.591},{"label":"Жильё: износ","value":27.651},{"label":"Жильё: этажность","value":6.6},{"label":"Инфраструктура: разнообразие","value":0.08333333333333333},{"label":"Инфраструктура: полнота корзины","value":100},{"label":"Транспорт: доступность","value":100},{"label":"Рабочие места: обеспеченность","value":0.026402640264026403},{"label":"Рабочие места: плотность","value":0.00047585938718310456},{"label":"Зеленые зоны: доступность","value":24.322},{"label":"Коммерция: активность ФНС","value":7.686},{"label":"Коммерция: ККТ","value":12.047},{"label":"Коммерция: медианный чек","value":0}]},"geometry":{"type":"Polygon","coordinates":[[[36.097013,52.975674],[36.096231,52.975375],[36.094987,52.974935],[36.094115,52.974626],[36.094034,52.9746],[36.092714,52.974184],[36.092615,52.974117],[36.09257,52.974032],[36.092571,52.973943],[36.092606,52.973905],[36.092644,52.973884],[36.092714,52.973858],[36.092714,52.973858],[36.092715,52.973858],[36.092955,52.973766],[36.092958,52.973764],[36.09397,52.973324],[36.094242,52.973212],[36.094462,52.973142],[36.094685,52.973086],[36.094884,52.973051],[36.095046,52.973034],[36.09525,52.973031],[36.096008,52.973034],[36.098044,52.973051],[36.098045,52.97305],[36.098046,52.973051],[36.098204,52.97305],[36.098185,52.97336],[36.098164,52.973485],[36.098141,52.97362],[36.09812,52.973741],[36.09812,52.973741],[36.09812,52.973741],[36.098057,52.973864],[36.097945,52.973977],[36.097868,52.974029],[36.097795,52.974168],[36.097688,52.974342],[36.09689,52.975049],[36.097449,52.975265],[36.097291,52.975409],[36.097018,52.975671],[36.097013,52.975674]]]}},{"type":"Feature","id":"1089","properties":{"id":"1089","city":"orel","baseScore":44.12320238974014,"baseScoreNoCommerce":44.47580489881789,"baseRank":167,"population":2010.5001859335205,"blocks":{"housing":0.26638982689909035,"infra":0.6877777777777778,"transport":1,"work":0.026402640264026403,"green":0.24322,"commerce":0.42360189844351426},"indicators":[{"label":"Жильё: плотность","value":175.473},{"label":"Жильё: обеспеченность","value":24.591},{"label":"Жильё: износ","value":27.651},{"label":"Жильё: этажность","value":6.6},{"label":"Инфраструктура: разнообразие","value":0.08333333333333333},{"label":"Инфраструктура: полнота корзины","value":100},{"label":"Транспорт: доступность","value":100},{"label":"Рабочие места: обеспеченность","value":0.026402640264026403},{"label":"Рабочие места: плотность","value":0.00047585938718310456},{"label":"Зеленые зоны: доступность","value":24.322},{"label":"Коммерция: активность ФНС","value":7.686},{"label":"Коммерция: ККТ","value":12.047},{"label":"Коммерция: медианный чек","value":0}]},"geometry":{"type":"Polygon","coordinates":[[[36.09774,52.975251],[36.097856,52.97515],[36.097857,52.97515],[36.097878,52.975156],[36.097901,52.975158],[36.097924,52.975155],[36.097944,52.975148],[36.09796,52.975138],[36.098507,52.974649],[36.098509,52.974647],[36.098511,52.974645],[36.098713,52.974426],[36.098763,52.97441],[36.098818,52.974402],[36.098856,52.974403],[36.099314,52.974536],[36.099397,52.974561],[36.099443,52.974576],[36.099697,52.974671],[36.100002,52.974825],[36.100004,52.974826],[36.100005,52.974827],[36.100598,52.9751],[36.1006,52.975101],[36.100602,52.975102],[36.101818,52.975583],[36.101819,52.975583],[36.101819,52.975583],[36.102959,52.976034],[36.103789,52.976382],[36.103791,52.976383],[36.103792,52.976383],[36.10464,52.976699],[36.104648,52.976701],[36.104655,52.976704],[36.104842,52.976743],[36.104966,52.976789],[36.105168,52.976986],[36.105177,52.976993],[36.105293,52.97707],[36.105308,52.977077],[36.105607,52.977189],[36.10628,52.977546],[36.106262,52.977558],[36.105868,52.977817],[36.105382,52.978137],[36.1052,52.978256],[36.105043,52.97833],[36.104869,52.97837],[36.103276,52.978213],[36.103057,52.978191],[36.102907,52.978163],[36.102904,52.978161],[36.102512,52.977945],[36.102511,52.977944],[36.10251,52.977944],[36.102024,52.977692],[36.102022,52.977691],[36.102021,52.97769],[36.101684,52.977532],[36.101684,52.977532],[36.101012,52.977225],[36.101008,52.977224],[36.10032,52.976943],[36.10032,52.976943],[36.10032,52.976943],[36.099281,52.976532],[36.09928,52.976532],[36.09928,52.976531],[36.09831,52.976164],[36.09831,52.976164],[36.098309,52.976164],[36.098173,52.976114],[36.098027,52.976061],[36.097013,52.975674],[36.097018,52.975671],[36.097291,52.975409],[36.097539,52.975183],[36.09774,52.975251]]]}},{"type":"Feature","id":"1090","properties":{"id":"1090","city":"orel","baseScore":59.648594374619115,"baseScoreNoCommerce":60.34039606984031,"baseRank":71,"population":488.77972565039056,"blocks":{"housing":0.42318255643897523,"infra":0.5774753606237817,"transport":1,"work":0.016361886429258902,"green":1,"commerce":0.5618958589851312},"indicators":[{"label":"Жильё: плотность","value":89.21},{"label":"Жильё: обеспеченность","value":35.508},{"label":"Жильё: износ","value":26.876},{"label":"Жильё: этажность","value":6},{"label":"Инфраструктура: разнообразие","value":0.05555555555555555},{"label":"Инфраструктура: полнота корзины","value":74.266},{"label":"Транспорт: доступность","value":100},{"label":"Рабочие места: обеспеченность","value":0.016361886429258902},{"label":"Рабочие места: плотность","value":0.0001483922986450056},{"label":"Зеленые зоны: доступность","value":100},{"label":"Коммерция: активность ФНС","value":6.623},{"label":"Коммерция: ККТ","value":18.99},{"label":"Коммерция: медианный чек","value":225.021}]},"geometry":{"type":"Polygon","coordinates":[[[36.10767,52.975953],[36.107727,52.976211],[36.107743,52.976448],[36.107677,52.976615],[36.107635,52.976655],[36.106964,52.977096],[36.106964,52.977096],[36.106964,52.977096],[36.106381,52.97748],[36.105729,52.977134],[36.105794,52.976652],[36.105794,52.976651],[36.105794,52.97665],[36.105815,52.97632],[36.105861,52.975925],[36.10586,52.975924],[36.105861,52.975922],[36.10586,52.975494],[36.105882,52.975167],[36.105882,52.97516],[36.105738,52.974377],[36.105737,52.974377],[36.105737,52.974377],[36.105493,52.973221],[36.105489,52.973163],[36.105489,52.973163],[36.105489,52.973163],[36.105487,52.973141],[36.106089,52.97315],[36.106089,52.97315],[36.106089,52.97315],[36.106572,52.973156],[36.106572,52.973156],[36.106572,52.973156],[36.107236,52.973163],[36.107264,52.973578],[36.107339,52.974096],[36.107349,52.974158],[36.107532,52.975326],[36.107563,52.975466],[36.10767,52.975953]]]}},{"type":"Feature","id":"1091","properties":{"id":"1091","city":"orel","baseScore":44.12320238974014,"baseScoreNoCommerce":44.47580489881789,"baseRank":167,"population":2597.8541965256472,"blocks":{"housing":0.26638982689909035,"infra":0.6877777777777778,"transport":1,"work":0.026402640264026403,"green":0.24322,"commerce":0.42360189844351426},"indicators":[{"label":"Жильё: плотность","value":175.473},{"label":"Жильё: обеспеченность","value":24.591},{"label":"Жильё: износ","value":27.651},{"label":"Жильё: этажность","value":6.6},{"label":"Инфраструктура: разнообразие","value":0.08333333333333333},{"label":"Инфраструктура: полнота корзины","value":100},{"label":"Транспорт: доступность","value":100},{"label":"Рабочие места: обеспеченность","value":0.026402640264026403},{"label":"Рабочие места: плотность","value":0.00047585938718310456},{"label":"Зеленые зоны: доступность","value":24.322},{"label":"Коммерция: активность ФНС","value":7.686},{"label":"Коммерция: ККТ","value":12.047},{"label":"Коммерция: медианный чек","value":0}]},"geometry":{"type":"Polygon","coordinates":[[[36.098057,52.973864],[36.09812,52.973741],[36.09812,52.973741],[36.09812,52.973741],[36.098141,52.97362],[36.098185,52.97336],[36.098204,52.97305],[36.098209,52.97305],[36.100614,52.973074],[36.100799,52.973076],[36.101247,52.973083],[36.101247,52.973083],[36.101247,52.973083],[36.102574,52.973101],[36.102575,52.973101],[36.102575,52.973101],[36.103286,52.973106],[36.104395,52.973127],[36.104396,52.973127],[36.104396,52.973127],[36.105338,52.973139],[36.10534,52.973167],[36.105344,52.973227],[36.105345,52.973231],[36.10559,52.974388],[36.105733,52.975167],[36.105711,52.975491],[36.105711,52.975492],[36.105711,52.975493],[36.105712,52.975921],[36.105666,52.976315],[36.105667,52.976315],[36.105666,52.976316],[36.105645,52.976646],[36.105587,52.977076],[36.105396,52.977004],[36.105291,52.976936],[36.105083,52.976732],[36.105079,52.97673],[36.105076,52.976727],[36.105071,52.976724],[36.105068,52.976722],[36.105063,52.97672],[36.105058,52.976718],[36.104913,52.976664],[36.104899,52.97666],[36.104712,52.97662],[36.103872,52.976308],[36.103043,52.97596],[36.103042,52.975959],[36.103041,52.975959],[36.1019,52.975508],[36.100686,52.975028],[36.100097,52.974756],[36.099789,52.9746],[36.09978,52.974596],[36.099519,52.974499],[36.099518,52.974499],[36.099517,52.974498],[36.099467,52.974482],[36.099464,52.974481],[36.09938,52.974455],[36.099379,52.974455],[36.098907,52.974318],[36.098904,52.974318],[36.098902,52.974317],[36.098893,52.974316],[36.098885,52.974314],[36.098882,52.974315],[36.098879,52.974314],[36.098815,52.974312],[36.098795,52.974313],[36.09872,52.974324],[36.098701,52.974328],[36.098623,52.974354],[36.098606,52.974361],[36.098593,52.974371],[36.098382,52.9746],[36.097837,52.975088],[36.097827,52.975101],[36.097824,52.975115],[36.097829,52.975128],[36.09784,52.975141],[36.097856,52.97515],[36.09774,52.975251],[36.097539,52.975183],[36.097449,52.975265],[36.09689,52.975049],[36.097688,52.974342],[36.097795,52.974168],[36.097868,52.974029],[36.097945,52.973977],[36.098057,52.973864]]]}},{"type":"Feature","id":"1092","properties":{"id":"1092","city":"orel","baseScore":28.937376105355018,"baseScoreNoCommerce":30.085802311521288,"baseRank":268,"population":779.0996755634766,"blocks":{"housing":0.2320609688117829,"infra":0.27487329434697855,"transport":0.98845,"work":0.008905852417302799,"green":0,"commerce":0.23195245074523663},"indicators":[{"label":"Жильё: плотность","value":75.954},{"label":"Жильё: обеспеченность","value":34.343},{"label":"Жильё: износ","value":41.951},{"label":"Жильё: этажность","value":4},{"label":"Инфраструктура: разнообразие","value":0.027777777777777776},{"label":"Инфраструктура: полнота корзины","value":0},{"label":"Транспорт: доступность","value":98.845},{"label":"Рабочие места: обеспеченность","value":0.008905852417302799},{"label":"Рабочие места: плотность","value":0.00006825110048062769},{"label":"Коммерция: активность ФНС","value":8.134},{"label":"Коммерция: ККТ","value":1.715},{"label":"Коммерция: медианный чек","value":0}]},"geometry":{"type":"MultiPolygon","coordinates":[[[[36.112721,52.969637],[36.11276,52.969647],[36.112738,52.969927],[36.11273,52.969993],[36.112599,52.970963],[36.112541,52.97129],[36.112456,52.971745],[36.112421,52.971883],[36.112196,52.972498],[36.112195,52.972503],[36.112194,52.972508],[36.112196,52.972721],[36.1121,52.972705],[36.112093,52.972704],[36.111904,52.972684],[36.1119,52.972684],[36.111898,52.972683],[36.111817,52.972678],[36.111817,52.972678],[36.111817,52.972678],[36.110709,52.972615],[36.110415,52.972598],[36.110407,52.972597],[36.110303,52.972598],[36.11,52.972576],[36.110157,52.970869],[36.110222,52.970275],[36.110222,52.970274],[36.110222,52.970273],[36.110225,52.970207],[36.110225,52.970207],[36.110225,52.970207],[36.110231,52.970095],[36.110257,52.970029],[36.110332,52.969995],[36.110367,52.969991],[36.110371,52.96999],[36.110648,52.969943],[36.111961,52.96974],[36.111962,52.969739],[36.111964,52.969739],[36.112323,52.969672],[36.112486,52.96965],[36.112721,52.969637]]],[[[36.107492,52.971855],[36.107518,52.971674],[36.107567,52.97151],[36.107575,52.971487],[36.107705,52.971117],[36.107717,52.970945],[36.107661,52.970457],[36.10768,52.970076],[36.108861,52.970052],[36.11002,52.970029],[36.109977,52.971161],[36.109946,52.971444],[36.109946,52.971445],[36.109946,52.971445],[36.109913,52.971811],[36.109913,52.971811],[36.109913,52.971811],[36.109885,52.972136],[36.109819,52.972724],[36.109362,52.972916],[36.109262,52.972951],[36.109129,52.972981],[36.109053,52.97299],[36.108919,52.972999],[36.108354,52.972994],[36.107506,52.97298],[36.107492,52.971855]]]]}},{"type":"Feature","id":"1093","properties":{"id":"1093","city":"orel","baseScore":34.33930688510836,"baseScoreNoCommerce":34.988020446763166,"baseRank":240,"population":207.03029437830813,"blocks":{"housing":0.46387470654868457,"infra":0.2855263157894737,"transport":1,"work":0,"green":0,"commerce":0.31095739076834306},"indicators":[{"label":"Жильё: плотность","value":21.161},{"label":"Жильё: обеспеченность","value":38.036},{"label":"Инфраструктура: разнообразие","value":0.125},{"label":"Инфраструктура: полнота корзины","value":0},{"label":"Транспорт: доступность","value":100},{"label":"Коммерция: активность ФНС","value":2.304},{"label":"Коммерция: ККТ","value":2.895},{"label":"Коммерция: медианный чек","value":265.251}]},"geometry":{"type":"Polygon","coordinates":[[[36.113619,52.968162],[36.113492,52.968753],[36.113497,52.969407],[36.112509,52.969558],[36.112469,52.96956],[36.112459,52.969561],[36.112288,52.969585],[36.112282,52.969586],[36.112061,52.969627],[36.111927,52.969648],[36.111843,52.96966],[36.110663,52.969838],[36.110611,52.969846],[36.110215,52.969906],[36.109854,52.969931],[36.10777,52.969985],[36.107673,52.969987],[36.107593,52.969605],[36.107549,52.969191],[36.107393,52.968108],[36.107413,52.968036],[36.107467,52.968005],[36.110229,52.967638],[36.110248,52.967636],[36.111666,52.967495],[36.11254,52.967408],[36.11292,52.967376],[36.112931,52.967375],[36.113081,52.967348],[36.113094,52.967345],[36.113102,52.967344],[36.113265,52.967303],[36.113373,52.967302],[36.113423,52.967314],[36.11349,52.967332],[36.113539,52.967354],[36.113574,52.967439],[36.113656,52.967613],[36.113692,52.967719],[36.1137,52.967866],[36.113698,52.967916],[36.113619,52.968162]]]}},{"type":"Feature","id":"1094","properties":{"id":"1094","city":"orel","baseScore":33.33922421683809,"baseScoreNoCommerce":37.15368922331274,"baseRank":243,"population":150.84520165627444,"blocks":{"housing":0.2685141102884443,"infra":0.286140350877193,"transport":1,"work":0,"green":0.30303,"commerce":0.14266899184464812},"indicators":[{"label":"Жильё: плотность","value":28.646},{"label":"Жильё: обеспеченность","value":35.061},{"label":"Инфраструктура: разнообразие","value":0},{"label":"Инфраструктура: полнота корзины","value":0},{"label":"Транспорт: доступность","value":100},{"label":"Зеленые зоны: доступность","value":30.303},{"label":"Коммерция: активность ФНС","value":5},{"label":"Коммерция: ККТ","value":0.999},{"label":"Коммерция: медианный чек","value":0}]},"geometry":{"type":"Polygon","coordinates":[[[36.095087,52.968662],[36.096601,52.968597],[36.096602,52.968609],[36.096692,52.969274],[36.096843,52.970409],[36.094664,52.970611],[36.093615,52.970702],[36.093155,52.969446],[36.092962,52.968758],[36.092961,52.968755],[36.095087,52.968662]]]}},{"type":"Feature","id":"1095","properties":{"id":"1095","city":"orel","baseScore":64.36965657951657,"baseScoreNoCommerce":63.28982310541906,"baseRank":46,"population":1504.8877243033446,"blocks":{"housing":0.4838297667694809,"infra":0.7870370370370371,"transport":1,"work":0.014644351464435146,"green":0.87898,"commerce":0.6976882395000416},"indicators":[{"label":"Жильё: плотность","value":92.13},{"label":"Жильё: обеспеченность","value":31.062},{"label":"Жильё: износ","value":6.5},{"label":"Жильё: этажность","value":17},{"label":"Инфраструктура: разнообразие","value":0.3611111111111111},{"label":"Инфраструктура: полнота корзины","value":100},{"label":"Транспорт: доступность","value":100},{"label":"Рабочие места: обеспеченность","value":0.014644351464435146},{"label":"Рабочие места: плотность","value":0.0001369230646755583},{"label":"Зеленые зоны: доступность","value":87.898},{"label":"Коммерция: активность ФНС","value":10},{"label":"Коммерция: ККТ","value":21.766},{"label":"Коммерция: медианный чек","value":287.552}]},"geometry":{"type":"Polygon","coordinates":[[[36.095231,52.972851],[36.095229,52.972851],[36.095025,52.972853],[36.09502,52.972854],[36.095014,52.972854],[36.094889,52.972866],[36.094882,52.972867],[36.094747,52.972888],[36.094742,52.972889],[36.094602,52.972917],[36.094599,52.972918],[36.094419,52.972958],[36.094418,52.972956],[36.09438,52.972886],[36.093646,52.97079],[36.094685,52.9707],[36.094686,52.9707],[36.094686,52.9707],[36.096933,52.970492],[36.100263,52.97026],[36.100264,52.97026],[36.100265,52.97026],[36.101792,52.97013],[36.101856,52.970449],[36.101858,52.970454],[36.102094,52.971022],[36.102095,52.971024],[36.102095,52.971025],[36.102482,52.971762],[36.102486,52.971769],[36.102526,52.971815],[36.102526,52.971815],[36.102527,52.971816],[36.102533,52.971821],[36.102539,52.971826],[36.10254,52.971827],[36.102541,52.971827],[36.102588,52.971854],[36.102607,52.971862],[36.102677,52.971883],[36.102691,52.971886],[36.103006,52.971936],[36.10302,52.971938],[36.103067,52.971939],[36.10307,52.971968],[36.10311,52.972387],[36.103111,52.972387],[36.103111,52.972388],[36.103196,52.972915],[36.100809,52.97289],[36.100809,52.97289],[36.100809,52.97289],[36.098047,52.972867],[36.098046,52.972867],[36.098046,52.972867],[36.096013,52.972858],[36.095231,52.972851]]]}},{"type":"Feature","id":"1096","properties":{"id":"1096","city":"orel","baseScore":24.237313807908,"baseScoreNoCommerce":26.421071553129703,"baseRank":291,"population":283.22305335859375,"blocks":{"housing":0.46334936713016944,"infra":0.35357421052631577,"transport":0.50413,"work":0,"green":0,"commerce":0.1331852508179946},"indicators":[{"label":"Жильё: плотность","value":25.204},{"label":"Жильё: обеспеченность","value":38.028},{"label":"Инфраструктура: разнообразие","value":0},{"label":"Инфраструктура: полнота корзины","value":23.967},{"label":"Транспорт: доступность","value":50.413},{"label":"Коммерция: активность ФНС","value":5.124},{"label":"Коммерция: ККТ","value":0.484},{"label":"Коммерция: медианный чек","value":0}]},"geometry":{"type":"Polygon","coordinates":[[[36.107284,52.971691],[36.107224,52.972975],[36.106464,52.972961],[36.10541,52.972943],[36.105409,52.972943],[36.105409,52.972943],[36.103346,52.972916],[36.103259,52.972381],[36.103219,52.971962],[36.103219,52.971962],[36.103211,52.971894],[36.103209,52.97189],[36.103209,52.971885],[36.103207,52.971883],[36.103205,52.97188],[36.103202,52.971876],[36.103199,52.971873],[36.103196,52.97187],[36.103193,52.971868],[36.103188,52.971865],[36.103184,52.971862],[36.103179,52.971861],[36.103176,52.971859],[36.10317,52.971857],[36.103164,52.971855],[36.103159,52.971854],[36.103154,52.971853],[36.103148,52.971853],[36.103141,52.971852],[36.103036,52.971848],[36.102736,52.9718],[36.102683,52.971784],[36.102652,52.971767],[36.102622,52.971731],[36.102238,52.970999],[36.102003,52.970435],[36.10194,52.970118],[36.103546,52.969992],[36.1055,52.96984],[36.107373,52.969701],[36.107537,52.970946],[36.107508,52.971106],[36.107429,52.971365],[36.10737,52.971498],[36.107284,52.971691]]]}},{"type":"Feature","id":"1097","properties":{"id":"1097","city":"orel","baseScore":45.25026840600865,"baseScoreNoCommerce":54.300322087210375,"baseRank":155,"population":103.67781478967285,"blocks":{"housing":0.40431434997455395,"infra":0.3107017543859649,"transport":1,"work":0,"green":1,"commerce":0},"indicators":[{"label":"Жильё: плотность","value":22.194},{"label":"Жильё: обеспеченность","value":37.129},{"label":"Инфраструктура: разнообразие","value":0},{"label":"Инфраструктура: полнота корзины","value":0},{"label":"Транспорт: доступность","value":100},{"label":"Зеленые зоны: доступность","value":100}]},"geometry":{"type":"Polygon","coordinates":[[[36.094171,52.966859],[36.096482,52.966751],[36.096522,52.967697],[36.096522,52.967697],[36.096522,52.967698],[36.096585,52.968412],[36.092937,52.968568],[36.092836,52.967132],[36.092823,52.966921],[36.094171,52.966859]]]}},{"type":"Feature","id":"1098","properties":{"id":"1098","city":"orel","baseScore":28.911889425652138,"baseScoreNoCommerce":29.104502810034766,"baseRank":269,"population":308.0354986483765,"blocks":{"housing":0.20356902467453583,"infra":0.31014450292397655,"transport":0.93506,"work":0.0064516129032258064,"green":0,"commerce":0.27948822503739007},"indicators":[{"label":"Жильё: плотность","value":30.155},{"label":"Жильё: обеспеченность","value":37.172},{"label":"Жильё: износ","value":64.5},{"label":"Жильё: этажность","value":2},{"label":"Инфраструктура: разнообразие","value":0.041666666666666664},{"label":"Инфраструктура: полнота корзины","value":22.403},{"label":"Транспорт: доступность","value":93.506},{"label":"Рабочие места: обеспеченность","value":0.0064516129032258064},{"label":"Рабочие места: плотность","value":0.00001958135238171483},{"label":"Коммерция: активность ФНС","value":3.491},{"label":"Коммерция: ККТ","value":1.543},{"label":"Коммерция: медианный чек","value":135.41}]},"geometry":{"type":"MultiPolygon","coordinates":[[[[36.113288,52.967138],[36.113201,52.967179],[36.113045,52.967221],[36.112884,52.967246],[36.112297,52.967333],[36.112021,52.967359],[36.11171,52.967383],[36.111707,52.967383],[36.111648,52.967389],[36.111494,52.967403],[36.111494,52.967403],[36.111494,52.967403],[36.111029,52.967448],[36.111028,52.967449],[36.111027,52.967449],[36.110544,52.967504],[36.11024,52.967535],[36.11024,52.967535],[36.10879,52.967704],[36.108118,52.967782],[36.107859,52.967776],[36.107739,52.967765],[36.107609,52.967747],[36.107486,52.967685],[36.107375,52.967594],[36.107236,52.966971],[36.106927,52.965583],[36.107647,52.965437],[36.108355,52.965296],[36.109774,52.96508],[36.110238,52.965045],[36.110733,52.965073],[36.111098,52.965101],[36.111295,52.965193],[36.111337,52.965215],[36.11142,52.965348],[36.11142,52.965348],[36.111581,52.965362],[36.111626,52.965421],[36.111629,52.965423],[36.11163,52.965426],[36.111635,52.965429],[36.111639,52.965433],[36.111643,52.965434],[36.111645,52.965437],[36.111652,52.965439],[36.111657,52.965442],[36.111662,52.965442],[36.111665,52.965444],[36.111672,52.965445],[36.111679,52.965446],[36.111684,52.965446],[36.111688,52.965447],[36.111913,52.965458],[36.112208,52.96551],[36.112253,52.965525],[36.112259,52.965533],[36.112285,52.965536],[36.112348,52.965558],[36.112516,52.965691],[36.112564,52.965762],[36.112631,52.965863],[36.112633,52.965865],[36.112634,52.965867],[36.112639,52.965871],[36.112643,52.965875],[36.112646,52.965876],[36.112648,52.965878],[36.11273,52.965927],[36.112756,52.965937],[36.11285,52.965959],[36.112878,52.965962],[36.112931,52.965962],[36.112931,52.965962],[36.113041,52.966097],[36.113171,52.966284],[36.113223,52.966359],[36.113321,52.966525],[36.113402,52.966739],[36.113445,52.966891],[36.113432,52.966964],[36.113427,52.967029],[36.113421,52.967039],[36.113349,52.967106],[36.113288,52.967138]]],[[[36.112728,52.965712],[36.112851,52.965863],[36.112824,52.965857],[36.112764,52.965821],[36.112701,52.965728],[36.112701,52.965728],[36.112701,52.965728],[36.11265,52.965651],[36.11264,52.965641],[36.112587,52.965599],[36.11267,52.965641],[36.112728,52.965712]]]]}},{"type":"Feature","id":"1099","properties":{"id":"1099","city":"orel","baseScore":28.911889425652138,"baseScoreNoCommerce":29.104502810034766,"baseRank":269,"population":133.92845317034912,"blocks":{"housing":0.20356902467453583,"infra":0.31014450292397655,"transport":0.93506,"work":0.0064516129032258064,"green":0,"commerce":0.27948822503739007},"indicators":[{"label":"Жильё: плотность","value":30.155},{"label":"Жильё: обеспеченность","value":37.172},{"label":"Жильё: износ","value":64.5},{"label":"Жильё: этажность","value":2},{"label":"Инфраструктура: разнообразие","value":0.041666666666666664},{"label":"Инфраструктура: полнота корзины","value":22.403},{"label":"Транспорт: доступность","value":93.506},{"label":"Рабочие места: обеспеченность","value":0.0064516129032258064},{"label":"Рабочие места: плотность","value":0.00001958135238171483},{"label":"Коммерция: активность ФНС","value":3.491},{"label":"Коммерция: ККТ","value":1.543},{"label":"Коммерция: медианный чек","value":135.41}]},"geometry":{"type":"Polygon","coordinates":[[[36.106816,52.964938],[36.106766,52.964713],[36.106742,52.964652],[36.106714,52.964622],[36.106531,52.964419],[36.106427,52.964284],[36.106229,52.963353],[36.10616,52.963148],[36.106448,52.963146],[36.107098,52.96318],[36.107583,52.963316],[36.107641,52.963452],[36.107749,52.963464],[36.108252,52.963516],[36.108631,52.963674],[36.108826,52.963979],[36.109063,52.964103],[36.109395,52.964134],[36.109421,52.964258],[36.109726,52.964233],[36.109779,52.964464],[36.109779,52.964464],[36.110453,52.964426],[36.110527,52.964772],[36.110901,52.964747],[36.110911,52.964991],[36.110938,52.964998],[36.11075,52.964984],[36.110748,52.964984],[36.110244,52.964955],[36.110227,52.964955],[36.109751,52.964992],[36.109747,52.964992],[36.109742,52.964993],[36.108316,52.965209],[36.108313,52.96521],[36.108311,52.96521],[36.1076,52.965351],[36.1076,52.965351],[36.1076,52.965351],[36.10691,52.965492],[36.106816,52.964938]],[[36.10884,52.964494],[36.10884,52.964494],[36.10884,52.964494],[36.10884,52.964494]]]}},{"type":"Feature","id":"1100","properties":{"id":"1100","city":"orel","baseScore":44.124314624849944,"baseScoreNoCommerce":47.750283743423545,"baseRank":164,"population":258.13092774719235,"blocks":{"housing":0.720437345065914,"infra":0.29473684210526313,"transport":0.37234,"work":0,"green":1,"commerce":0.2599446903198194},"indicators":[{"label":"Жильё: плотность","value":27.91},{"label":"Жильё: обеспеченность","value":41.943},{"label":"Инфраструктура: разнообразие","value":0},{"label":"Инфраструктура: полнота корзины","value":0},{"label":"Транспорт: доступность","value":37.234},{"label":"Зеленые зоны: доступность","value":100},{"label":"Коммерция: активность ФНС","value":5.357},{"label":"Коммерция: ККТ","value":2.794},{"label":"Коммерция: медианный чек","value":0}]},"geometry":{"type":"Polygon","coordinates":[[[36.106668,52.965499],[36.106832,52.966208],[36.102829,52.966385],[36.102714,52.965543],[36.102714,52.965543],[36.102714,52.965543],[36.102626,52.964899],[36.102626,52.964899],[36.102626,52.964898],[36.102479,52.964022],[36.102478,52.964021],[36.102288,52.963216],[36.10402,52.963104],[36.104072,52.963103],[36.104658,52.963095],[36.10523,52.963111],[36.105615,52.963133],[36.105745,52.963184],[36.105889,52.963278],[36.106008,52.963415],[36.106172,52.964254],[36.106243,52.964427],[36.106354,52.964531],[36.106455,52.964637],[36.106537,52.964723],[36.106668,52.965499]]]}},{"type":"Feature","id":"1101","properties":{"id":"1101","city":"orel","baseScore":55.0713822434298,"baseScoreNoCommerce":61.64899343966348,"baseRank":92,"population":189.0219342041626,"blocks":{"housing":0.6115607505786943,"infra":0.6572412865497076,"transport":0.80423,"work":0.2157676348547718,"green":0.79365,"commerce":0.2218332626226139},"indicators":[{"label":"Жильё: плотность","value":19.415},{"label":"Жильё: обеспеченность","value":40.285},{"label":"Инфраструктура: разнообразие","value":0.08333333333333333},{"label":"Инфраструктура: полнота корзины","value":89.418},{"label":"Транспорт: доступность","value":80.423},{"label":"Рабочие места: обеспеченность","value":0.2157676348547718},{"label":"Рабочие места: плотность","value":0.0005341796812790203},{"label":"Зеленые зоны: доступность","value":79.365},{"label":"Коммерция: активность ФНС","value":6.441},{"label":"Коммерция: ККТ","value":2.776},{"label":"Коммерция: медианный чек","value":0}]},"geometry":{"type":"Polygon","coordinates":[[[36.095274,52.964939],[36.096308,52.965053],[36.096336,52.965061],[36.096488,52.966649],[36.094166,52.966751],[36.094159,52.966751],[36.092737,52.966807],[36.092737,52.966807],[36.092737,52.966807],[36.090347,52.966908],[36.090338,52.966909],[36.089919,52.966957],[36.089674,52.966973],[36.089672,52.966973],[36.089717,52.966829],[36.089807,52.966686],[36.090426,52.96575],[36.091654,52.964085],[36.091675,52.964088],[36.094137,52.964681],[36.094137,52.964681],[36.094137,52.964681],[36.094137,52.964681],[36.095274,52.964939]]]}},{"type":"Feature","id":"1102","properties":{"id":"1102","city":"orel","baseScore":55.0713822434298,"baseScoreNoCommerce":61.64899343966348,"baseRank":92,"population":136.26199805249024,"blocks":{"housing":0.6115607505786943,"infra":0.6572412865497076,"transport":0.80423,"work":0.2157676348547718,"green":0.79365,"commerce":0.2218332626226139},"indicators":[{"label":"Жильё: плотность","value":19.415},{"label":"Жильё: обеспеченность","value":40.285},{"label":"Инфраструктура: разнообразие","value":0.08333333333333333},{"label":"Инфраструктура: полнота корзины","value":89.418},{"label":"Транспорт: доступность","value":80.423},{"label":"Рабочие места: обеспеченность","value":0.2157676348547718},{"label":"Рабочие места: плотность","value":0.0005341796812790203},{"label":"Зеленые зоны: доступность","value":79.365},{"label":"Коммерция: активность ФНС","value":6.441},{"label":"Коммерция: ККТ","value":2.776},{"label":"Коммерция: медианный чек","value":0}]},"geometry":{"type":"Polygon","coordinates":[[[36.091684,52.964044],[36.092219,52.963288],[36.092945,52.962264],[36.093026,52.96226],[36.096729,52.963109],[36.096834,52.963135],[36.09738,52.963268],[36.097244,52.963476],[36.097003,52.963756],[36.096894,52.96372],[36.09636,52.964356],[36.096399,52.964488],[36.096404,52.964688],[36.096331,52.965002],[36.096336,52.965061],[36.096308,52.965053],[36.095274,52.964939],[36.094137,52.964681],[36.094137,52.964681],[36.094137,52.964681],[36.091675,52.964088],[36.091654,52.964085],[36.091684,52.964044]]]}},{"type":"Feature","id":"1103","properties":{"id":"1103","city":"orel","baseScore":25.919370019557135,"baseScoreNoCommerce":27.53727389739925,"baseRank":283,"population":156.83649891103514,"blocks":{"housing":0.1417759755717171,"infra":0.2350877192982456,"transport":1,"work":0,"green":0,"commerce":0.1782985063034654},"indicators":[{"label":"Жильё: плотность","value":14.024},{"label":"Жильё: обеспеченность","value":33.131},{"label":"Инфраструктура: разнообразие","value":0},{"label":"Инфраструктура: полнота корзины","value":0},{"label":"Транспорт: доступность","value":100},{"label":"Коммерция: активность ФНС","value":5.723},{"label":"Коммерция: ККТ","value":1.355},{"label":"Коммерция: медианный чек","value":0}]},"geometry":{"type":"Polygon","coordinates":[[[36.090804,52.957297],[36.09083,52.957203],[36.091122,52.956825],[36.091122,52.956824],[36.091123,52.956823],[36.091312,52.956544],[36.091312,52.956544],[36.091312,52.956543],[36.091961,52.955557],[36.092317,52.955119],[36.092582,52.954937],[36.093326,52.955194],[36.093678,52.955333],[36.093687,52.955336],[36.093696,52.955338],[36.094174,52.955427],[36.094481,52.955503],[36.094481,52.955503],[36.094481,52.955503],[36.096853,52.956071],[36.096634,52.956367],[36.096633,52.956368],[36.096283,52.9569],[36.096109,52.957165],[36.096109,52.957165],[36.095891,52.957509],[36.09589,52.957511],[36.095744,52.957772],[36.095744,52.957772],[36.095743,52.957773],[36.095685,52.957884],[36.095683,52.957888],[36.095651,52.957982],[36.095506,52.958026],[36.095507,52.958027],[36.095495,52.95803],[36.095241,52.958395],[36.095205,52.958446],[36.09484,52.958785],[36.092781,52.958353],[36.09269,52.958327],[36.091829,52.958077],[36.090916,52.957732],[36.090618,52.957581],[36.090804,52.957297]]]}},{"type":"Feature","id":"1104","properties":{"id":"1104","city":"orel","baseScore":18.21345029239766,"baseScoreNoCommerce":21.85614035087719,"baseRank":317,"population":80.58818308779297,"blocks":{"housing":0,"infra":0.09280701754385966,"transport":0,"work":0,"green":1,"commerce":0},"indicators":[{"label":"Жильё: плотность","value":9.979},{"label":"Жильё: обеспеченность","value":6.031},{"label":"Инфраструктура: разнообразие","value":0},{"label":"Инфраструктура: полнота корзины","value":0},{"label":"Зеленые зоны: доступность","value":100}]},"geometry":{"type":"Polygon","coordinates":[[[36.090242,52.953998],[36.090253,52.95401],[36.090232,52.954046],[36.090232,52.954046],[36.090232,52.954046],[36.09023,52.954053],[36.090228,52.95406],[36.090228,52.95406],[36.090228,52.95406],[36.090225,52.954129],[36.090208,52.954207],[36.090208,52.954211],[36.090207,52.954216],[36.090208,52.954218],[36.090208,52.954221],[36.090211,52.954225],[36.090212,52.954229],[36.090214,52.954232],[36.090216,52.954235],[36.09022,52.954238],[36.090223,52.954241],[36.090227,52.954244],[36.09023,52.954246],[36.090236,52.954248],[36.090241,52.954251],[36.090338,52.954289],[36.090496,52.954353],[36.090507,52.954357],[36.090861,52.954451],[36.090861,52.954451],[36.090862,52.954452],[36.090945,52.954473],[36.092445,52.954895],[36.092199,52.955064],[36.092194,52.955069],[36.092188,52.955074],[36.091826,52.955519],[36.091823,52.955522],[36.091174,52.95651],[36.090986,52.956788],[36.090691,52.957171],[36.090685,52.957182],[36.090657,52.957282],[36.090657,52.957296],[36.090527,52.957535],[36.08924,52.956886],[36.088891,52.956732],[36.088567,52.95659],[36.087234,52.956004],[36.087373,52.955718],[36.087717,52.955338],[36.088618,52.954342],[36.089326,52.953515],[36.089326,52.953515],[36.089326,52.953515],[36.090242,52.953998]]]}},{"type":"Feature","id":"1105","properties":{"id":"1105","city":"orel","baseScore":22.992915055741552,"baseScoreNoCommerce":24.81992280701754,"baseRank":298,"population":142.18789264038085,"blocks":{"housing":0,"infra":0.37532614035087725,"transport":0.86567,"work":0,"green":0,"commerce":0.13857876299361602},"indicators":[{"label":"Жильё: плотность","value":17.975},{"label":"Жильё: обеспеченность","value":16.633},{"label":"Жильё: износ","value":54.5},{"label":"Жильё: этажность","value":2},{"label":"Инфраструктура: разнообразие","value":0},{"label":"Инфраструктура: полнота корзины","value":27.861},{"label":"Транспорт: доступность","value":86.567},{"label":"Коммерция: активность ФНС","value":6},{"label":"Коммерция: ККТ","value":0.39},{"label":"Коммерция: медианный чек","value":0}]},"geometry":{"type":"Polygon","coordinates":[[[36.094221,52.955342],[36.09375,52.955254],[36.09346,52.955139],[36.095221,52.952877],[36.095975,52.952981],[36.096788,52.953127],[36.096914,52.953151],[36.097452,52.953252],[36.097452,52.953253],[36.097452,52.953253],[36.098777,52.953499],[36.098653,52.953671],[36.098653,52.953671],[36.098653,52.953672],[36.097915,52.954704],[36.097915,52.954704],[36.097467,52.955333],[36.096917,52.95599],[36.094537,52.95542],[36.094227,52.955344],[36.094224,52.955343],[36.094221,52.955342]]]}},{"type":"Feature","id":"1106","properties":{"id":"1106","city":"orel","baseScore":18.21345029239766,"baseScoreNoCommerce":21.85614035087719,"baseRank":317,"population":67.1812044871704,"blocks":{"housing":0,"infra":0.09280701754385966,"transport":0,"work":0,"green":1,"commerce":0},"indicators":[{"label":"Жильё: плотность","value":9.979},{"label":"Жильё: обеспеченность","value":6.031},{"label":"Инфраструктура: разнообразие","value":0},{"label":"Инфраструктура: полнота корзины","value":0},{"label":"Зеленые зоны: доступность","value":100}]},"geometry":{"type":"Polygon","coordinates":[[[36.09042,52.954214],[36.090361,52.954191],[36.090373,52.954138],[36.090374,52.954133],[36.090376,52.954069],[36.090451,52.953941],[36.090779,52.953428],[36.090781,52.953425],[36.09113,52.952682],[36.091459,52.952065],[36.091678,52.952093],[36.092394,52.952273],[36.093418,52.95254],[36.093422,52.952541],[36.093425,52.952542],[36.094194,52.952687],[36.095075,52.952853],[36.093332,52.955092],[36.092604,52.95484],[36.092601,52.95484],[36.092598,52.954839],[36.091007,52.954391],[36.091005,52.954391],[36.090921,52.954369],[36.090573,52.954276],[36.09042,52.954215],[36.09042,52.954214]]]}},{"type":"Feature","id":"1107","properties":{"id":"1107","city":"orel","baseScore":18.21345029239766,"baseScoreNoCommerce":21.85614035087719,"baseRank":317,"population":211.2541614293701,"blocks":{"housing":0,"infra":0.09280701754385966,"transport":0,"work":0,"green":1,"commerce":0},"indicators":[{"label":"Жильё: плотность","value":9.979},{"label":"Жильё: обеспеченность","value":6.031},{"label":"Инфраструктура: разнообразие","value":0},{"label":"Инфраструктура: полнота корзины","value":0},{"label":"Зеленые зоны: доступность","value":100}]},"geometry":{"type":"Polygon","coordinates":[[[36.096089,52.95158],[36.09514,52.952771],[36.094238,52.952601],[36.094238,52.952601],[36.094238,52.952601],[36.093473,52.952457],[36.092453,52.952191],[36.092452,52.952191],[36.091729,52.952009],[36.091717,52.952006],[36.091512,52.95198],[36.091622,52.951815],[36.091626,52.951809],[36.091943,52.951046],[36.092181,52.950584],[36.092747,52.949532],[36.092747,52.949532],[36.092747,52.949531],[36.093386,52.948196],[36.093387,52.948192],[36.094145,52.946013],[36.094257,52.945849],[36.094323,52.945765],[36.094343,52.94578],[36.094362,52.945791],[36.094524,52.94585],[36.094543,52.945854],[36.094995,52.945931],[36.095372,52.946036],[36.095568,52.94613],[36.095811,52.946262],[36.096001,52.946404],[36.096003,52.946405],[36.096005,52.946407],[36.096338,52.946615],[36.096348,52.94662],[36.096693,52.946771],[36.096695,52.946772],[36.096696,52.946772],[36.098126,52.947331],[36.098246,52.947404],[36.098343,52.947489],[36.098415,52.947605],[36.098474,52.947791],[36.0985,52.947872],[36.0985,52.947873],[36.098532,52.947964],[36.098476,52.94799],[36.098463,52.947998],[36.09841,52.94804],[36.0984,52.94805],[36.097297,52.94966],[36.097297,52.94966],[36.097297,52.94966],[36.096719,52.950559],[36.096718,52.95056],[36.096089,52.95158]]]}},{"type":"Feature","id":"1108","properties":{"id":"1108","city":"orel","baseScore":18.169743940955772,"baseScoreNoCommerce":21.803692729146924,"baseRank":322,"population":420.930385991394,"blocks":{"housing":0.27304516277313573,"infra":0.17578947368421052,"transport":0.64135,"work":0,"green":0,"commerce":0},"indicators":[{"label":"Жильё: плотность","value":29.965},{"label":"Жильё: обеспеченность","value":35.13},{"label":"Инфраструктура: разнообразие","value":0},{"label":"Инфраструктура: полнота корзины","value":0},{"label":"Транспорт: доступность","value":64.135}]},"geometry":{"type":"Polygon","coordinates":[[[36.096832,52.953042],[36.096831,52.953042],[36.096831,52.953041],[36.096015,52.952894],[36.096013,52.952894],[36.09601,52.952894],[36.095287,52.952794],[36.096225,52.951617],[36.096228,52.951613],[36.096858,52.950592],[36.097435,52.949693],[36.098534,52.94809],[36.098575,52.948058],[36.098597,52.948047],[36.0986,52.948049],[36.098664,52.94809],[36.098673,52.948095],[36.098798,52.948153],[36.098803,52.948155],[36.100182,52.948687],[36.100336,52.948747],[36.100336,52.948747],[36.100336,52.948747],[36.100572,52.948839],[36.100573,52.948839],[36.100574,52.948839],[36.101819,52.949295],[36.101672,52.949496],[36.100321,52.951347],[36.100321,52.951347],[36.098837,52.953416],[36.097496,52.953167],[36.096959,52.953066],[36.096959,52.953066],[36.096959,52.953066],[36.096832,52.953042]]]}},{"type":"Feature","id":"1109","properties":{"id":"1109","city":"orel","baseScore":33.74871590091571,"baseScoreNoCommerce":35.273365592821385,"baseRank":241,"population":1062.8044509640135,"blocks":{"housing":0.25780963116803474,"infra":0.4888109941520467,"transport":0.98521,"work":0.008487654320987654,"green":0.02335,"commerce":0.2612546744138736},"indicators":[{"label":"Жильё: плотность","value":63.817},{"label":"Жильё: обеспеченность","value":34.125},{"label":"Жильё: износ","value":38.706},{"label":"Жильё: этажность","value":5.75},{"label":"Инфраструктура: разнообразие","value":0.2916666666666667},{"label":"Инфраструктура: полнота корзины","value":63.424},{"label":"Транспорт: доступность","value":98.521},{"label":"Рабочие места: обеспеченность","value":0.008487654320987654},{"label":"Рабочие места: плотность","value":0.00005462915591744867},{"label":"Зеленые зоны: доступность","value":2.335},{"label":"Коммерция: активность ФНС","value":6.337},{"label":"Коммерция: ККТ","value":7.407},{"label":"Коммерция: медианный чек","value":0}]},"geometry":{"type":"Polygon","coordinates":[[[36.101238,52.956746],[36.101049,52.956786],[36.100939,52.95674],[36.100925,52.956736],[36.100002,52.956509],[36.1,52.956509],[36.099999,52.956509],[36.099041,52.956299],[36.099039,52.956298],[36.099038,52.956298],[36.098047,52.956111],[36.097533,52.955975],[36.097529,52.955974],[36.097524,52.955973],[36.097517,52.955972],[36.097511,52.955971],[36.097506,52.955971],[36.097501,52.955971],[36.097195,52.955976],[36.09719,52.955977],[36.097185,52.955977],[36.097086,52.955987],[36.097601,52.955372],[36.097603,52.95537],[36.098052,52.95474],[36.098789,52.953707],[36.098947,52.953489],[36.098947,52.953489],[36.098947,52.953489],[36.100457,52.951383],[36.101808,52.949533],[36.101952,52.949336],[36.10198,52.949343],[36.102043,52.949374],[36.102093,52.949415],[36.102736,52.951641],[36.102737,52.951642],[36.102737,52.951643],[36.10294,52.952248],[36.102968,52.952677],[36.102936,52.953117],[36.102861,52.953437],[36.10211,52.954953],[36.10211,52.954953],[36.10211,52.954953],[36.101637,52.955909],[36.101637,52.955909],[36.101637,52.955909],[36.101257,52.956681],[36.101256,52.956683],[36.101244,52.956711],[36.101242,52.956718],[36.101238,52.956743],[36.101238,52.956746]]]}},{"type":"Feature","id":"1110","properties":{"id":"1110","city":"orel","baseScore":28.395874269005844,"baseScoreNoCommerce":34.075049122807016,"baseRank":271,"population":325.0396585412231,"blocks":{"housing":1,"infra":0.15298245614035086,"transport":0.55077,"work":0,"green":0,"commerce":0},"indicators":[{"label":"Жильё: плотность","value":32.641},{"label":"Жильё: обеспеченность","value":47.99},{"label":"Инфраструктура: разнообразие","value":0},{"label":"Инфраструктура: полнота корзины","value":0},{"label":"Транспорт: доступность","value":55.077}]},"geometry":{"type":"Polygon","coordinates":[[[36.101593,52.942055],[36.101979,52.942174],[36.10293,52.942374],[36.103477,52.942428],[36.103846,52.942593],[36.104011,52.942567],[36.104777,52.942757],[36.104966,52.942377],[36.105071,52.942449],[36.105234,52.942493],[36.105709,52.942604],[36.10587,52.942677],[36.105999,52.94276],[36.106251,52.943004],[36.106168,52.942992],[36.106208,52.943035],[36.106393,52.943093],[36.106519,52.943226],[36.105013,52.945197],[36.104977,52.945225],[36.104102,52.944989],[36.103215,52.944742],[36.103215,52.944742],[36.103214,52.944742],[36.102496,52.944549],[36.102324,52.944495],[36.101858,52.944328],[36.101853,52.944326],[36.101479,52.944215],[36.101472,52.944213],[36.101465,52.944211],[36.101464,52.944211],[36.101463,52.944211],[36.100866,52.944127],[36.10079,52.943864],[36.100789,52.943861],[36.100789,52.943859],[36.100353,52.942907],[36.100351,52.942905],[36.10035,52.942903],[36.100087,52.942493],[36.099853,52.941927],[36.099851,52.941923],[36.099849,52.941919],[36.099846,52.941916],[36.099844,52.941914],[36.09984,52.94191],[36.099836,52.941907],[36.099773,52.941867],[36.101051,52.941953],[36.101593,52.942055]]]}},{"type":"Feature","id":"1111","properties":{"id":"1111","city":"orel","baseScore":29.384484950355024,"baseScoreNoCommerce":28.273600455754988,"baseRank":263,"population":4.161185034082031,"blocks":{"housing":0.23824142629652145,"infra":0.17543859649122806,"transport":1,"work":0,"green":0,"commerce":0.3493890742335519},"indicators":[{"label":"Жильё: плотность","value":0.744},{"label":"Жильё: обеспеченность","value":34.6},{"label":"Инфраструктура: разнообразие","value":0},{"label":"Инфраструктура: полнота корзины","value":0},{"label":"Транспорт: доступность","value":100},{"label":"Коммерция: активность ФНС","value":7.826},{"label":"Коммерция: ККТ","value":2.999},{"label":"Коммерция: медианный чек","value":0}]},"geometry":{"type":"Polygon","coordinates":[[[36.103232,52.947376],[36.103191,52.947449],[36.103165,52.947442],[36.102121,52.94719],[36.101833,52.947103],[36.101811,52.947099],[36.101734,52.947091],[36.101721,52.947091],[36.101676,52.947091],[36.101661,52.947021],[36.101636,52.946786],[36.101635,52.946784],[36.101635,52.946782],[36.101411,52.945813],[36.101304,52.945259],[36.101303,52.945255],[36.101095,52.944657],[36.101137,52.944626],[36.101142,52.944622],[36.101472,52.944313],[36.101784,52.944406],[36.10225,52.944573],[36.102252,52.944574],[36.102254,52.944575],[36.10243,52.944629],[36.102433,52.94463],[36.103153,52.944824],[36.10404,52.945071],[36.104041,52.945071],[36.104041,52.945071],[36.104883,52.945298],[36.104865,52.945312],[36.10433,52.946077],[36.103651,52.94688],[36.103232,52.947376]]]}},{"type":"Feature","id":"1112","properties":{"id":"1112","city":"orel","baseScore":18.21345029239766,"baseScoreNoCommerce":21.85614035087719,"baseRank":317,"population":155.49669980059812,"blocks":{"housing":0,"infra":0.09280701754385966,"transport":0,"work":0,"green":1,"commerce":0},"indicators":[{"label":"Жильё: плотность","value":9.979},{"label":"Жильё: обеспеченность","value":6.031},{"label":"Инфраструктура: разнообразие","value":0},{"label":"Инфраструктура: полнота корзины","value":0},{"label":"Зеленые зоны: доступность","value":100}]},"geometry":{"type":"Polygon","coordinates":[[[36.095928,52.94332],[36.096114,52.943362],[36.09611,52.943369],[36.096108,52.943381],[36.096156,52.943897],[36.096161,52.94396],[36.096162,52.943965],[36.096295,52.944458],[36.096303,52.944472],[36.096318,52.944484],[36.096421,52.944542],[36.096436,52.944549],[36.096564,52.94459],[36.096587,52.944595],[36.096612,52.944595],[36.097169,52.944535],[36.097365,52.94453],[36.097384,52.944595],[36.097385,52.944596],[36.097385,52.944597],[36.097389,52.944602],[36.097392,52.944608],[36.097393,52.944609],[36.097394,52.94461],[36.0974,52.944615],[36.097406,52.944619],[36.097408,52.94462],[36.097409,52.944621],[36.097417,52.944624],[36.097425,52.944627],[36.097427,52.944627],[36.097429,52.944628],[36.097438,52.94463],[36.097447,52.944631],[36.09745,52.944631],[36.097452,52.944631],[36.097461,52.944631],[36.097471,52.944631],[36.097473,52.94463],[36.097475,52.94463],[36.098433,52.944492],[36.099452,52.944351],[36.099454,52.944351],[36.099455,52.944351],[36.100407,52.944196],[36.100551,52.944186],[36.100658,52.944187],[36.10074,52.944201],[36.100942,52.944655],[36.101157,52.945271],[36.101263,52.945823],[36.101263,52.945824],[36.101263,52.945825],[36.101487,52.946793],[36.101513,52.947028],[36.101513,52.94703],[36.101513,52.947031],[36.101537,52.947143],[36.101557,52.947238],[36.101558,52.947238],[36.101558,52.947239],[36.101665,52.947642],[36.1017,52.947788],[36.101701,52.947789],[36.101701,52.94779],[36.101737,52.947913],[36.101737,52.947914],[36.101792,52.948082],[36.101792,52.948083],[36.101919,52.948426],[36.101944,52.948601],[36.101978,52.948938],[36.101963,52.949025],[36.101912,52.949141],[36.101873,52.94921],[36.100652,52.948763],[36.100417,52.948671],[36.100263,52.948611],[36.100262,52.948611],[36.098886,52.94808],[36.098768,52.948026],[36.098713,52.94799],[36.098685,52.947964],[36.098645,52.947855],[36.09862,52.947774],[36.09862,52.947774],[36.09862,52.947774],[36.098559,52.947585],[36.098556,52.947578],[36.09848,52.947453],[36.098475,52.947448],[36.098471,52.947443],[36.098365,52.94735],[36.098357,52.947344],[36.098227,52.947264],[36.098214,52.947258],[36.096778,52.946698],[36.09644,52.94655],[36.096114,52.946346],[36.095923,52.946203],[36.095915,52.946198],[36.095666,52.946062],[36.095662,52.946061],[36.095458,52.945962],[36.095443,52.945956],[36.095051,52.945848],[36.095041,52.945846],[36.094593,52.94577],[36.094451,52.945718],[36.094366,52.945655],[36.094325,52.945619],[36.094353,52.945527],[36.094504,52.945384],[36.0947,52.94529],[36.094916,52.944949],[36.095193,52.94468],[36.095533,52.944914],[36.096058,52.945477],[36.097286,52.94629],[36.097286,52.94629],[36.097343,52.945972],[36.096658,52.945331],[36.095411,52.944277],[36.095308,52.943702],[36.095779,52.943418],[36.095928,52.94332]]]}},{"type":"Feature","id":"1113","properties":{"id":"1113","city":"orel","baseScore":28.395874269005844,"baseScoreNoCommerce":34.075049122807016,"baseRank":271,"population":210.46475277879637,"blocks":{"housing":1,"infra":0.15298245614035086,"transport":0.55077,"work":0,"green":0,"commerce":0},"indicators":[{"label":"Жильё: плотность","value":32.641},{"label":"Жильё: обеспеченность","value":47.99},{"label":"Инфраструктура: разнообразие","value":0},{"label":"Инфраструктура: полнота корзины","value":0},{"label":"Транспорт: доступность","value":55.077}]},"geometry":{"type":"Polygon","coordinates":[[[36.098016,52.942253],[36.098157,52.942144],[36.098682,52.941989],[36.099123,52.941932],[36.099127,52.941932],[36.09913,52.941931],[36.099138,52.941929],[36.099145,52.941927],[36.099148,52.941926],[36.099151,52.941925],[36.099242,52.941886],[36.099578,52.941899],[36.099651,52.941919],[36.099714,52.94196],[36.099944,52.942518],[36.099947,52.942523],[36.10021,52.942933],[36.100644,52.943881],[36.100708,52.944102],[36.100689,52.944099],[36.100679,52.944098],[36.10067,52.944097],[36.100549,52.944096],[36.10054,52.944096],[36.100385,52.944107],[36.100374,52.944108],[36.099418,52.944264],[36.0984,52.944404],[36.098399,52.944404],[36.098399,52.944404],[36.097517,52.944532],[36.097501,52.944476],[36.097498,52.944472],[36.097497,52.944468],[36.097495,52.944465],[36.097493,52.944462],[36.097489,52.944459],[36.097486,52.944456],[36.097482,52.944453],[36.097479,52.944451],[36.097473,52.944449],[36.097469,52.944446],[36.097464,52.944445],[36.09746,52.944443],[36.097453,52.944442],[36.097447,52.94444],[36.097442,52.94444],[36.097438,52.944439],[36.097431,52.944439],[36.097424,52.944439],[36.097158,52.944445],[36.097148,52.944446],[36.096611,52.944504],[36.096515,52.944472],[36.096438,52.944429],[36.09631,52.943953],[36.096304,52.943892],[36.096304,52.943892],[36.096304,52.943892],[36.096258,52.943395],[36.097034,52.942884],[36.098016,52.942253]]]}},{"type":"Feature","id":"1114","properties":{"id":"1114","city":"orel","baseScore":23.33752393306349,"baseScoreNoCommerce":24.270210966402768,"baseRank":296,"population":275.0409971492676,"blocks":{"housing":0.26240703954820843,"infra":0.2274635087719298,"transport":0.68364,"work":0,"green":0.04,"commerce":0.18674088766367108},"indicators":[{"label":"Жильё: плотность","value":27.284},{"label":"Жильё: обеспеченность","value":34.968},{"label":"Инфраструктура: разнообразие","value":0},{"label":"Инфраструктура: полнота корзины","value":5.818},{"label":"Транспорт: доступность","value":68.364},{"label":"Зеленые зоны: доступность","value":4},{"label":"Коммерция: активность ФНС","value":2.998},{"label":"Коммерция: ККТ","value":0.813},{"label":"Коммерция: медианный чек","value":17.417}]},"geometry":{"type":"MultiPolygon","coordinates":[[[[36.070845,52.947769],[36.070454,52.947582],[36.070617,52.947538],[36.070845,52.947769]]],[[[36.072877,52.948742],[36.072455,52.94854],[36.071162,52.947869],[36.070995,52.947746],[36.070753,52.9475],[36.072597,52.946993],[36.074365,52.946507],[36.074547,52.94646],[36.075559,52.946195],[36.075626,52.946179],[36.075626,52.946179],[36.075626,52.946179],[36.075791,52.94614],[36.07585,52.946243],[36.07587,52.946286],[36.076077,52.946764],[36.076103,52.946831],[36.076558,52.948591],[36.076597,52.948742],[36.076597,52.948742],[36.076597,52.948742],[36.076836,52.949664],[36.076855,52.949911],[36.07685,52.950073],[36.076848,52.950156],[36.076811,52.950396],[36.0768,52.950428],[36.076727,52.950548],[36.072886,52.948746],[36.072877,52.948742]]]]}},{"type":"Feature","id":"1115","properties":{"id":"1115","city":"orel","baseScore":21.407556378016686,"baseScoreNoCommerce":22.297172251986805,"baseRank":304,"population":312.0486224148926,"blocks":{"housing":0.4083200630407303,"infra":0.12964912280701754,"transport":0.52885,"work":0.006369426751592357,"green":0.04167,"commerce":0.16959477008166102},"indicators":[{"label":"Жильё: плотность","value":21.453},{"label":"Жильё: обеспеченность","value":37.19},{"label":"Инфраструктура: разнообразие","value":0},{"label":"Инфраструктура: полнота корзины","value":0},{"label":"Транспорт: доступность","value":52.885},{"label":"Рабочие места: обеспеченность","value":0.006369426751592357},{"label":"Рабочие места: плотность","value":0.000013751762407356053},{"label":"Зеленые зоны: доступность","value":4.167},{"label":"Коммерция: активность ФНС","value":6},{"label":"Коммерция: ККТ","value":1.392},{"label":"Коммерция: медианный чек","value":0}]},"geometry":{"type":"Polygon","coordinates":[[[36.076991,52.949664],[36.076829,52.949055],[36.076744,52.948729],[36.076718,52.948627],[36.076902,52.94862],[36.077749,52.948655],[36.078705,52.948709],[36.078707,52.948709],[36.078708,52.948709],[36.079224,52.948725],[36.08094,52.948785],[36.081081,52.94879],[36.081511,52.948807],[36.081903,52.948809],[36.083418,52.948771],[36.085203,52.948738],[36.085334,52.949118],[36.085341,52.94942],[36.085323,52.949564],[36.085323,52.949564],[36.085323,52.949564],[36.085277,52.949919],[36.085279,52.949933],[36.085262,52.949999],[36.083144,52.950047],[36.082862,52.950624],[36.082385,52.950575],[36.08232,52.951023],[36.082375,52.95137],[36.082167,52.952409],[36.081474,52.952341],[36.079398,52.9515],[36.079102,52.951381],[36.077843,52.95084],[36.07774,52.950755],[36.077686,52.950684],[36.077245,52.950504],[36.077201,52.950485],[36.077048,52.950418],[36.077048,52.950418],[36.077048,52.950418],[36.076963,52.950381],[36.076991,52.950199],[36.076997,52.950166],[36.076997,52.950151],[36.076999,52.950074],[36.076999,52.950074],[36.076999,52.950074],[36.077003,52.949911],[36.077003,52.949909],[36.076996,52.949818],[36.076991,52.949664]]]}},{"type":"Feature","id":"1116","properties":{"id":"1116","city":"orel","baseScore":21.407556378016686,"baseScoreNoCommerce":22.297172251986805,"baseRank":304,"population":520.4620180565918,"blocks":{"housing":0.4083200630407303,"infra":0.12964912280701754,"transport":0.52885,"work":0.006369426751592357,"green":0.04167,"commerce":0.16959477008166102},"indicators":[{"label":"Жильё: плотность","value":21.453},{"label":"Жильё: обеспеченность","value":37.19},{"label":"Инфраструктура: разнообразие","value":0},{"label":"Инфраструктура: полнота корзины","value":0},{"label":"Транспорт: доступность","value":52.885},{"label":"Рабочие места: обеспеченность","value":0.006369426751592357},{"label":"Рабочие места: плотность","value":0.000013751762407356053},{"label":"Зеленые зоны: доступность","value":4.167},{"label":"Коммерция: активность ФНС","value":6},{"label":"Коммерция: ККТ","value":1.392},{"label":"Коммерция: медианный чек","value":0}]},"geometry":{"type":"MultiPolygon","coordinates":[[[[36.082068,52.945085],[36.082148,52.945067],[36.082439,52.945021],[36.082737,52.944979],[36.083946,52.94486],[36.08459,52.944822],[36.084709,52.944816],[36.084717,52.944816],[36.084735,52.944814],[36.084804,52.94481],[36.084854,52.9448],[36.085151,52.944767],[36.085159,52.944766],[36.085525,52.944699],[36.085539,52.944696],[36.085701,52.944642],[36.086144,52.94456],[36.086279,52.945343],[36.085801,52.945392],[36.085614,52.945847],[36.085939,52.946677],[36.086262,52.947639],[36.085832,52.947711],[36.086123,52.948635],[36.085851,52.948663],[36.085267,52.948647],[36.085264,52.948647],[36.085261,52.948647],[36.081517,52.948716],[36.080949,52.948695],[36.080949,52.948695],[36.080949,52.948695],[36.079232,52.948635],[36.079232,52.948635],[36.079232,52.948635],[36.078718,52.94862],[36.077176,52.948532],[36.077173,52.948532],[36.07717,52.948531],[36.076932,52.948529],[36.076929,52.948529],[36.076926,52.948529],[36.076704,52.948537],[36.076308,52.946897],[36.07617,52.946525],[36.076094,52.946354],[36.076225,52.946216],[36.076305,52.9462],[36.076422,52.946181],[36.078707,52.94582],[36.078723,52.945818],[36.078742,52.945815],[36.078753,52.945813],[36.080061,52.945612],[36.080277,52.945582],[36.080281,52.94558],[36.080287,52.94558],[36.080448,52.945541],[36.080459,52.945538],[36.080882,52.945387],[36.082068,52.945085]]],[[[36.076726,52.94863],[36.076725,52.948626],[36.076932,52.948619],[36.077165,52.948621],[36.078668,52.948707],[36.076726,52.94863]]],[[[36.079214,52.948729],[36.078785,52.948712],[36.079224,52.948725],[36.08094,52.948785],[36.081511,52.948805],[36.081518,52.948806],[36.083418,52.948771],[36.081903,52.948809],[36.081576,52.948808],[36.080949,52.948787],[36.079214,52.948729]]]]}},{"type":"Feature","id":"1117","properties":{"id":"1117","city":"orel","baseScore":30.417126916271275,"baseScoreNoCommerce":28.063489475383506,"baseRank":261,"population":226.0379055048584,"blocks":{"housing":0.8209085088568947,"infra":0.10438596491228071,"transport":0.47788,"work":0,"green":0,"commerce":0.42185314120710105},"indicators":[{"label":"Жильё: плотность","value":18.886},{"label":"Жильё: обеспеченность","value":43.473},{"label":"Инфраструктура: разнообразие","value":0},{"label":"Инфраструктура: полнота корзины","value":0},{"label":"Транспорт: доступность","value":47.788},{"label":"Коммерция: активность ФНС","value":8.325},{"label":"Коммерция: ККТ","value":1.661},{"label":"Коммерция: медианный чек","value":543.477}]},"geometry":{"type":"Polygon","coordinates":[[[36.076222,52.946117],[36.07589,52.946038],[36.075796,52.945888],[36.075796,52.945888],[36.075796,52.945888],[36.07558,52.94554],[36.075241,52.944993],[36.07524,52.944993],[36.074919,52.944486],[36.074918,52.944484],[36.074737,52.94424],[36.074736,52.944238],[36.074637,52.944117],[36.074637,52.944117],[36.074637,52.944117],[36.074533,52.943989],[36.074528,52.943984],[36.074042,52.943558],[36.07401,52.943529],[36.074007,52.943527],[36.073573,52.943198],[36.073411,52.943076],[36.073464,52.943046],[36.073464,52.943046],[36.073464,52.943046],[36.074144,52.942663],[36.074407,52.942515],[36.07455,52.942435],[36.075773,52.941952],[36.076809,52.942523],[36.077613,52.942975],[36.077614,52.942976],[36.077615,52.942976],[36.077818,52.943083],[36.077818,52.943083],[36.077818,52.943083],[36.078801,52.943598],[36.079955,52.944364],[36.080023,52.944445],[36.080717,52.945276],[36.080734,52.9453],[36.077656,52.945857],[36.076222,52.946117]]]}},{"type":"Feature","id":"1118","properties":{"id":"1118","city":"orel","baseScore":23.392471864092336,"baseScoreNoCommerce":25.453161403508773,"baseRank":295,"population":350.04620581798093,"blocks":{"housing":1,"infra":0.061228070175438604,"transport":0,"work":0,"green":0.21143,"commerce":0.13089024167010138},"indicators":[{"label":"Жильё: плотность","value":20.349},{"label":"Жильё: обеспеченность","value":56.249},{"label":"Инфраструктура: разнообразие","value":0},{"label":"Инфраструктура: полнота корзины","value":0},{"label":"Зеленые зоны: доступность","value":21.143},{"label":"Коммерция: активность ФНС","value":6},{"label":"Коммерция: ККТ","value":0.203},{"label":"Коммерция: медианный чек","value":0}]},"geometry":{"type":"Polygon","coordinates":[[[36.084229,52.942466],[36.085597,52.94351],[36.08564,52.943597],[36.086002,52.944443],[36.085985,52.944446],[36.085475,52.944615],[36.08512,52.944679],[36.084693,52.944727],[36.083933,52.944765],[36.08393,52.944765],[36.083927,52.944765],[36.082852,52.944871],[36.082847,52.944872],[36.082405,52.944933],[36.082402,52.944933],[36.082083,52.944985],[36.082073,52.944987],[36.081374,52.945164],[36.080931,52.945247],[36.08034,52.944459],[36.0803,52.944416],[36.080096,52.944199],[36.080051,52.944174],[36.079072,52.943639],[36.07895,52.943557],[36.077916,52.943015],[36.077714,52.942909],[36.07691,52.942457],[36.07691,52.942457],[36.076909,52.942457],[36.075893,52.941896],[36.07648,52.941584],[36.077316,52.941175],[36.07748,52.941162],[36.077551,52.941167],[36.077968,52.941232],[36.077984,52.941234],[36.078109,52.941237],[36.078131,52.941235],[36.078407,52.941191],[36.078434,52.941195],[36.079032,52.941311],[36.079494,52.9414],[36.079807,52.941484],[36.080412,52.941742],[36.080547,52.941804],[36.080547,52.941804],[36.081325,52.941416],[36.08314,52.941733],[36.08397,52.942292],[36.084229,52.942466]]]}},{"type":"Feature","id":"1119","properties":{"id":"1119","city":"orel","baseScore":30.70503395250432,"baseScoreNoCommerce":31.85687368421053,"baseRank":260,"population":169.02264432539064,"blocks":{"housing":1,"infra":0.1194736842105263,"transport":0.47337,"work":0,"green":0,"commerce":0.24945835293973265},"indicators":[{"label":"Жильё: плотность","value":17.696},{"label":"Жильё: обеспеченность","value":51.122},{"label":"Инфраструктура: разнообразие","value":0},{"label":"Инфраструктура: полнота корзины","value":0},{"label":"Транспорт: доступность","value":47.337},{"label":"Коммерция: активность ФНС","value":9.319},{"label":"Коммерция: ККТ","value":1.684},{"label":"Коммерция: медианный чек","value":0}]},"geometry":{"type":"Polygon","coordinates":[[[36.070458,52.939631],[36.071082,52.939738],[36.072852,52.940043],[36.073523,52.940052],[36.073571,52.940053],[36.074796,52.94032],[36.075013,52.940545],[36.076656,52.940772],[36.077347,52.94105],[36.077273,52.941088],[36.0772,52.941094],[36.07719,52.941096],[36.07718,52.941097],[36.077179,52.941098],[36.077178,52.941098],[36.077169,52.941101],[36.077161,52.941105],[36.075736,52.941859],[36.074464,52.942362],[36.074454,52.942366],[36.074305,52.94245],[36.074305,52.94245],[36.074305,52.94245],[36.074042,52.942598],[36.074042,52.942598],[36.074042,52.942598],[36.073362,52.94298],[36.073362,52.94298],[36.073362,52.94298],[36.073318,52.943005],[36.073162,52.942886],[36.073162,52.942886],[36.073162,52.942886],[36.072793,52.942605],[36.07272,52.942547],[36.072718,52.942546],[36.072718,52.942545],[36.0726,52.942458],[36.0726,52.942458],[36.0726,52.942458],[36.07201,52.942026],[36.07201,52.942025],[36.071327,52.941536],[36.071327,52.941536],[36.071327,52.941536],[36.070625,52.941034],[36.070624,52.941033],[36.070624,52.941032],[36.070419,52.940895],[36.070345,52.94084],[36.070344,52.940839],[36.070343,52.940839],[36.069861,52.940502],[36.069703,52.940387],[36.069752,52.940011],[36.070458,52.939631]]]}},{"type":"Feature","id":"1120","properties":{"id":"1120","city":"orel","baseScore":14.245793478197713,"baseScoreNoCommerce":17.094952173837257,"baseRank":334,"population":191.02816246730958,"blocks":{"housing":0.49132369116608965,"infra":0.06,"transport":0,"work":0.015463917525773196,"green":0.28796,"commerce":0},"indicators":[{"label":"Жильё: плотность","value":19.634},{"label":"Жильё: обеспеченность","value":38.454},{"label":"Инфраструктура: разнообразие","value":0},{"label":"Инфраструктура: полнота корзины","value":0},{"label":"Рабочие места: обеспеченность","value":0.015463917525773196},{"label":"Рабочие места: плотность","value":0.00003083840480370044},{"label":"Зеленые зоны: доступность","value":28.796}]},"geometry":{"type":"Polygon","coordinates":[[[36.092142,52.944357],[36.091845,52.944065],[36.091578,52.943766],[36.091531,52.943697],[36.091531,52.943697],[36.091531,52.943697],[36.091373,52.943462],[36.090437,52.9419],[36.090388,52.941807],[36.090769,52.941661],[36.091048,52.941574],[36.091055,52.941572],[36.092098,52.941148],[36.092984,52.940919],[36.093911,52.940723],[36.093911,52.940723],[36.093911,52.940723],[36.094765,52.940543],[36.095438,52.941617],[36.095454,52.941632],[36.095573,52.941709],[36.095591,52.941718],[36.095611,52.941722],[36.095804,52.941948],[36.09537,52.942606],[36.095291,52.942681],[36.094594,52.943343],[36.094373,52.943553],[36.094038,52.943732],[36.093075,52.944243],[36.092142,52.944357]]]}},{"type":"Feature","id":"1121","properties":{"id":"1121","city":"orel","baseScore":14.245793478197713,"baseScoreNoCommerce":17.094952173837257,"baseRank":334,"population":242.6726101546631,"blocks":{"housing":0.49132369116608965,"infra":0.06,"transport":0,"work":0.015463917525773196,"green":0.28796,"commerce":0},"indicators":[{"label":"Жильё: плотность","value":19.634},{"label":"Жильё: обеспеченность","value":38.454},{"label":"Инфраструктура: разнообразие","value":0},{"label":"Инфраструктура: полнота корзины","value":0},{"label":"Рабочие места: обеспеченность","value":0.015463917525773196},{"label":"Рабочие места: плотность","value":0.00003083840480370044},{"label":"Зеленые зоны: доступность","value":28.796}]},"geometry":{"type":"MultiPolygon","coordinates":[[[[36.091805,52.938168],[36.092159,52.938358],[36.091991,52.938298],[36.091811,52.938174],[36.091787,52.938164],[36.091805,52.938168]]],[[[36.088722,52.936838],[36.089425,52.936889],[36.089479,52.936905],[36.090397,52.937398],[36.091434,52.938165],[36.091439,52.938168],[36.091443,52.938171],[36.091448,52.938172],[36.091452,52.938175],[36.091458,52.938176],[36.091463,52.938178],[36.091711,52.938241],[36.091887,52.938362],[36.091905,52.938371],[36.092118,52.938448],[36.092131,52.938452],[36.092495,52.93853],[36.093828,52.938817],[36.093873,52.939072],[36.093877,52.939083],[36.094713,52.940459],[36.093862,52.940638],[36.092932,52.940835],[36.09293,52.940836],[36.092928,52.940836],[36.092033,52.941067],[36.092027,52.941069],[36.092021,52.941071],[36.090976,52.941496],[36.090698,52.941582],[36.090692,52.941584],[36.090341,52.941719],[36.090277,52.9416],[36.090153,52.941295],[36.090122,52.941239],[36.089909,52.940738],[36.089907,52.940735],[36.088748,52.938626],[36.088747,52.938625],[36.088594,52.938369],[36.088646,52.937925],[36.088676,52.937664],[36.088691,52.937552],[36.08869,52.937544],[36.08869,52.937542],[36.088691,52.937537],[36.088688,52.937497],[36.088656,52.936839],[36.088722,52.936838]]]]}},{"type":"Feature","id":"1122","properties":{"id":"1122","city":"orel","baseScore":14.245793478197713,"baseScoreNoCommerce":17.094952173837257,"baseRank":334,"population":116.55383381074219,"blocks":{"housing":0.49132369116608965,"infra":0.06,"transport":0,"work":0.015463917525773196,"green":0.28796,"commerce":0},"indicators":[{"label":"Жильё: плотность","value":19.634},{"label":"Жильё: обеспеченность","value":38.454},{"label":"Инфраструктура: разнообразие","value":0},{"label":"Инфраструктура: полнота корзины","value":0},{"label":"Рабочие места: обеспеченность","value":0.015463917525773196},{"label":"Рабочие места: плотность","value":0.00003083840480370044},{"label":"Зеленые зоны: доступность","value":28.796}]},"geometry":{"type":"Polygon","coordinates":[[[36.097296,52.939556],[36.096309,52.94008],[36.097192,52.941311],[36.096364,52.941468],[36.096364,52.941468],[36.096276,52.941538],[36.096065,52.941622],[36.095777,52.94169],[36.095695,52.941659],[36.095682,52.941648],[36.095572,52.941577],[36.094878,52.94047],[36.09402,52.939057],[36.093971,52.938779],[36.093969,52.938775],[36.093968,52.938771],[36.093966,52.938769],[36.093964,52.938766],[36.093961,52.938762],[36.093958,52.938759],[36.093954,52.938756],[36.093952,52.938754],[36.093947,52.938751],[36.093942,52.938748],[36.093938,52.938747],[36.093934,52.938745],[36.093927,52.938744],[36.093922,52.938742],[36.093067,52.938558],[36.093586,52.937878],[36.093825,52.937918],[36.095242,52.93831],[36.096321,52.938467],[36.097296,52.939556]]]}},{"type":"Feature","id":"1123","properties":{"id":"1123","city":"orel","baseScore":21.84269483660084,"baseScoreNoCommerce":21.054895195605518,"baseRank":302,"population":289.035791053418,"blocks":{"housing":0.6872096268448445,"infra":0.11991228070175441,"transport":0,"work":0.006872852233676976,"green":0.23875,"commerce":0.2578169304157747},"indicators":[{"label":"Жильё: плотность","value":19.666},{"label":"Жильё: обеспеченность","value":41.437},{"label":"Инфраструктура: разнообразие","value":0.125},{"label":"Инфраструктура: полнота корзины","value":0},{"label":"Рабочие места: обеспеченность","value":0.006872852233676976},{"label":"Рабочие места: плотность","value":0.000013609906948905156},{"label":"Зеленые зоны: доступность","value":23.875},{"label":"Коммерция: активность ФНС","value":8},{"label":"Коммерция: ККТ","value":4},{"label":"Коммерция: медианный чек","value":0}]},"geometry":{"type":"Polygon","coordinates":[[[36.084227,52.939745],[36.084631,52.939475],[36.08465,52.939466],[36.08502,52.939243],[36.085029,52.939237],[36.085474,52.938841],[36.086258,52.938323],[36.086622,52.938215],[36.087511,52.938073],[36.087518,52.938071],[36.08826,52.937902],[36.088493,52.937953],[36.088445,52.938372],[36.088449,52.938391],[36.088602,52.938647],[36.089971,52.941284],[36.090067,52.941469],[36.090127,52.941611],[36.090129,52.941613],[36.090229,52.941801],[36.090295,52.941928],[36.090296,52.941929],[36.090296,52.94193],[36.091234,52.943493],[36.091235,52.943495],[36.091393,52.94373],[36.091441,52.943802],[36.091444,52.943805],[36.091445,52.943807],[36.091598,52.943978],[36.0918,52.944302],[36.09121,52.944418],[36.090005,52.944461],[36.089425,52.943902],[36.088818,52.943317],[36.087908,52.942152],[36.087012,52.941586],[36.087053,52.941428],[36.085261,52.940322],[36.084769,52.939845],[36.084227,52.939745]]]}},{"type":"Feature","id":"1124","properties":{"id":"1124","city":"orel","baseScore":21.84269483660084,"baseScoreNoCommerce":21.054895195605518,"baseRank":302,"population":550.7435623081788,"blocks":{"housing":0.6872096268448445,"infra":0.11991228070175441,"transport":0,"work":0.006872852233676976,"green":0.23875,"commerce":0.2578169304157747},"indicators":[{"label":"Жильё: плотность","value":19.666},{"label":"Жильё: обеспеченность","value":41.437},{"label":"Инфраструктура: разнообразие","value":0.125},{"label":"Инфраструктура: полнота корзины","value":0},{"label":"Рабочие места: обеспеченность","value":0.006872852233676976},{"label":"Рабочие места: плотность","value":0.000013609906948905156},{"label":"Зеленые зоны: доступность","value":23.875},{"label":"Коммерция: активность ФНС","value":8},{"label":"Коммерция: ККТ","value":4},{"label":"Коммерция: медианный чек","value":0}]},"geometry":{"type":"Polygon","coordinates":[[[36.086184,52.935468],[36.088488,52.935796],[36.088469,52.936057],[36.088469,52.936058],[36.088468,52.936059],[36.088492,52.936796],[36.088492,52.936796],[36.088492,52.936796],[36.088492,52.936797],[36.088492,52.936797],[36.088542,52.937538],[36.088504,52.93786],[36.088284,52.937812],[36.088281,52.937812],[36.088279,52.937811],[36.08827,52.937811],[36.088261,52.93781],[36.088258,52.93781],[36.088256,52.93781],[36.088247,52.937811],[36.088238,52.937811],[36.088236,52.937812],[36.088233,52.937812],[36.087469,52.937986],[36.086577,52.93813],[36.08657,52.938132],[36.086563,52.938133],[36.08618,52.938246],[36.086178,52.938247],[36.086176,52.938247],[36.086168,52.938251],[36.086161,52.938254],[36.086159,52.938255],[36.086157,52.938256],[36.085361,52.938783],[36.085358,52.938785],[36.085354,52.938788],[36.08491,52.939183],[36.084545,52.939403],[36.084531,52.939414],[36.084079,52.939718],[36.080536,52.939066],[36.080003,52.93897],[36.080282,52.938475],[36.080787,52.938533],[36.081004,52.938288],[36.079029,52.93787],[36.078839,52.938103],[36.077989,52.938023],[36.078071,52.937851],[36.077303,52.937464],[36.077203,52.937581],[36.075522,52.937211],[36.075786,52.936922],[36.076783,52.93633],[36.076783,52.93633],[36.076783,52.93633],[36.07687,52.93652],[36.077547,52.936019],[36.078147,52.935113],[36.078579,52.934755],[36.081236,52.935526],[36.081726,52.935136],[36.085557,52.935835],[36.086184,52.935468]]]}},{"type":"Feature","id":"1125","properties":{"id":"1125","city":"orel","baseScore":21.84269483660084,"baseScoreNoCommerce":21.054895195605518,"baseRank":302,"population":233.1302176798096,"blocks":{"housing":0.6872096268448445,"infra":0.11991228070175441,"transport":0,"work":0.006872852233676976,"green":0.23875,"commerce":0.2578169304157747},"indicators":[{"label":"Жильё: плотность","value":19.666},{"label":"Жильё: обеспеченность","value":41.437},{"label":"Инфраструктура: разнообразие","value":0.125},{"label":"Инфраструктура: полнота корзины","value":0},{"label":"Рабочие места: обеспеченность","value":0.006872852233676976},{"label":"Рабочие места: плотность","value":0.000013609906948905156},{"label":"Зеленые зоны: доступность","value":23.875},{"label":"Коммерция: активность ФНС","value":8},{"label":"Коммерция: ККТ","value":4},{"label":"Коммерция: медианный чек","value":0}]},"geometry":{"type":"Polygon","coordinates":[[[36.07336,52.936067],[36.070671,52.935793],[36.071019,52.935242],[36.071853,52.934319],[36.072165,52.933905],[36.072619,52.933303],[36.072987,52.932816],[36.073375,52.932772],[36.07634,52.933462],[36.077482,52.933762],[36.077485,52.933763],[36.07868,52.934037],[36.078187,52.934571],[36.078181,52.934655],[36.078147,52.935113],[36.077547,52.936019],[36.076686,52.936],[36.07665,52.936037],[36.076783,52.93633],[36.075786,52.936922],[36.07336,52.936067]]]}},{"type":"Feature","id":"1126","properties":{"id":"1126","city":"orel","baseScore":13.223257195150149,"baseScoreNoCommerce":11.274006574454672,"baseRank":338,"population":627.7949474919433,"blocks":{"housing":0.41304811780736483,"infra":0.14441520467836258,"transport":0,"work":0.006237006237006237,"green":0,"commerce":0.22969510298627535},"indicators":[{"label":"Жильё: плотность","value":32.37},{"label":"Жильё: обеспеченность","value":37.262},{"label":"Инфраструктура: разнообразие","value":0.041666666666666664},{"label":"Инфраструктура: полнота корзины","value":0},{"label":"Рабочие места: обеспеченность","value":0.006237006237006237},{"label":"Рабочие места: плотность","value":0.000020315702617558845},{"label":"Коммерция: активность ФНС","value":7.303},{"label":"Коммерция: ККТ","value":3.057},{"label":"Коммерция: медианный чек","value":0}]},"geometry":{"type":"Polygon","coordinates":[[[36.081577,52.932692],[36.079281,52.933951],[36.079139,52.93403],[36.078775,52.933934],[36.078753,52.933957],[36.077539,52.933679],[36.076398,52.93338],[36.076396,52.933379],[36.076395,52.933379],[36.073432,52.932689],[36.073229,52.932495],[36.073626,52.931969],[36.073737,52.931821],[36.074076,52.931356],[36.074536,52.930724],[36.075005,52.930081],[36.075367,52.930141],[36.076891,52.930526],[36.077342,52.929913],[36.077917,52.92906],[36.079525,52.929481],[36.078903,52.930222],[36.078896,52.930236],[36.078896,52.93025],[36.078903,52.930263],[36.078917,52.930275],[36.078935,52.930283],[36.078957,52.930287],[36.079044,52.930305],[36.082233,52.931161],[36.082128,52.931823],[36.08205,52.932317],[36.081577,52.932692]]]}},{"type":"Feature","id":"1127","properties":{"id":"1127","city":"orel","baseScore":16.553471992034993,"baseScoreNoCommerce":14.578325420456473,"baseRank":326,"population":311.0499065411865,"blocks":{"housing":0.38357237088787083,"infra":0.16850877192982452,"transport":0,"work":0.003205128205128205,"green":0.17363,"commerce":0.2642920484992759},"indicators":[{"label":"Жильё: плотность","value":15.661},{"label":"Жильё: обеспеченность","value":37.61},{"label":"Жильё: износ","value":37.588},{"label":"Жильё: этажность","value":2},{"label":"Инфраструктура: разнообразие","value":0.125},{"label":"Инфраструктура: полнота корзины","value":0},{"label":"Рабочие места: обеспеченность","value":0.003205128205128205},{"label":"Рабочие места: плотность","value":0.000005035653450719426},{"label":"Зеленые зоны: доступность","value":17.363},{"label":"Коммерция: активность ФНС","value":7.18},{"label":"Коммерция: ККТ","value":7.366},{"label":"Коммерция: медианный чек","value":0}]},"geometry":{"type":"Polygon","coordinates":[[[36.063771,52.933127],[36.063978,52.932843],[36.064196,52.932591],[36.064198,52.932589],[36.064356,52.932379],[36.064533,52.932149],[36.06508,52.931587],[36.065083,52.931582],[36.065086,52.931578],[36.065087,52.931576],[36.065088,52.931574],[36.065089,52.931569],[36.06509,52.931564],[36.065089,52.931322],[36.065387,52.930994],[36.066,52.930506],[36.066001,52.930506],[36.066001,52.930505],[36.066206,52.930334],[36.066331,52.930265],[36.066444,52.93022],[36.06668,52.930319],[36.069617,52.931585],[36.06962,52.931586],[36.069623,52.931588],[36.072217,52.932481],[36.072224,52.932483],[36.072706,52.932615],[36.072839,52.932651],[36.072749,52.932771],[36.072749,52.932771],[36.072749,52.932771],[36.072719,52.932809],[36.072392,52.933246],[36.071935,52.933846],[36.071935,52.933846],[36.071935,52.933846],[36.071617,52.934266],[36.071366,52.934575],[36.071273,52.934688],[36.070894,52.935148],[36.070893,52.935149],[36.070892,52.93515],[36.070723,52.935377],[36.070722,52.935378],[36.070548,52.935628],[36.070481,52.935719],[36.067291,52.934921],[36.066922,52.934402],[36.06478,52.93302],[36.064385,52.933418],[36.063771,52.933127]]]}},{"type":"Feature","id":"1128","properties":{"id":"1128","city":"orel","baseScore":11.346363290021849,"baseScoreNoCommerce":11.002889485118402,"baseRank":341,"population":382.06245624089354,"blocks":{"housing":0.10001149179977983,"infra":0.10719298245614034,"transport":0.05236,"work":0,"green":0.29058,"commerce":0.13063732314539067},"indicators":[{"label":"Жильё: плотность","value":25.782},{"label":"Жильё: обеспеченность","value":32.495},{"label":"Инфраструктура: разнообразие","value":0},{"label":"Инфраструктура: полнота корзины","value":0},{"label":"Транспорт: доступность","value":5.236},{"label":"Зеленые зоны: доступность","value":29.058},{"label":"Коммерция: активность ФНС","value":5.467},{"label":"Коммерция: ККТ","value":0.54},{"label":"Коммерция: медианный чек","value":0}]},"geometry":{"type":"Polygon","coordinates":[[[36.069667,52.927997],[36.070193,52.928095],[36.070202,52.9281],[36.070337,52.928155],[36.071426,52.928614],[36.072178,52.928936],[36.072149,52.928954],[36.072136,52.928965],[36.072053,52.929059],[36.072053,52.92906],[36.072052,52.929061],[36.072049,52.929067],[36.072046,52.929072],[36.072046,52.929074],[36.072045,52.929075],[36.072046,52.929081],[36.072045,52.929087],[36.072046,52.929088],[36.072046,52.929089],[36.072049,52.929094],[36.072052,52.9291],[36.072053,52.929101],[36.072054,52.929102],[36.07206,52.929107],[36.072066,52.929111],[36.072067,52.929112],[36.072068,52.929113],[36.072076,52.929116],[36.072084,52.92912],[36.072086,52.92912],[36.072088,52.929121],[36.072291,52.929178],[36.074799,52.930081],[36.074346,52.930676],[36.074346,52.930676],[36.074346,52.930676],[36.073866,52.931308],[36.073405,52.931913],[36.073016,52.93242],[36.073016,52.93242],[36.073016,52.93242],[36.072901,52.932569],[36.072768,52.932533],[36.072288,52.932402],[36.0697,52.931511],[36.066787,52.930254],[36.067479,52.929813],[36.06749,52.929804],[36.068139,52.929262],[36.068164,52.929241],[36.068772,52.928723],[36.068777,52.92871],[36.069021,52.928097],[36.069667,52.927997]]]}},{"type":"Feature","id":"1129","properties":{"id":"1129","city":"orel","baseScore":49.23930892363165,"baseScoreNoCommerce":55.86407179183915,"baseRank":135,"population":256.03946816296383,"blocks":{"housing":1,"infra":0.08403508771929824,"transport":0.76172,"work":0.04119850187265917,"green":0.90625,"commerce":0.16115494582594153},"indicators":[{"label":"Жильё: плотность","value":17.426},{"label":"Жильё: обеспеченность","value":47.167},{"label":"Инфраструктура: разнообразие","value":0},{"label":"Инфраструктура: полнота корзины","value":0},{"label":"Транспорт: доступность","value":76.172},{"label":"Рабочие места: обеспеченность","value":0.04119850187265917},{"label":"Рабочие места: плотность","value":0.00007487697034624428},{"label":"Зеленые зоны: доступность","value":90.625},{"label":"Коммерция: активность ФНС","value":5.97},{"label":"Коммерция: ККТ","value":1.188},{"label":"Коммерция: медианный чек","value":0}]},"geometry":{"type":"Polygon","coordinates":[[[36.077501,52.925959],[36.077282,52.926379],[36.077211,52.926508],[36.077131,52.92665],[36.077131,52.92665],[36.077131,52.92665],[36.076826,52.927194],[36.076152,52.928235],[36.076052,52.928377],[36.075829,52.928693],[36.075829,52.928693],[36.075829,52.928693],[36.075503,52.929154],[36.074861,52.929999],[36.072364,52.9291],[36.072358,52.929098],[36.072221,52.929059],[36.072262,52.929013],[36.072346,52.928963],[36.072349,52.928959],[36.072354,52.928957],[36.072356,52.928954],[36.072359,52.928951],[36.072361,52.928948],[36.072364,52.928944],[36.072365,52.928941],[36.072367,52.928938],[36.072367,52.928934],[36.072368,52.92893],[36.072367,52.928927],[36.072367,52.928924],[36.072365,52.92892],[36.072364,52.928916],[36.072361,52.928913],[36.07236,52.92891],[36.072356,52.928907],[36.072353,52.928904],[36.072349,52.928902],[36.072346,52.928899],[36.072341,52.928897],[36.072336,52.928894],[36.071512,52.928541],[36.071512,52.928541],[36.071511,52.928541],[36.070436,52.928088],[36.071851,52.927137],[36.072574,52.926652],[36.073283,52.926898],[36.07402,52.92522],[36.074803,52.925361],[36.075243,52.92472],[36.077892,52.925205],[36.077501,52.925959]]]}},{"type":"Feature","id":"1130","properties":{"id":"1130","city":"orel","baseScore":35.948621059578926,"baseScoreNoCommerce":30.460047315619924,"baseRank":230,"population":529.0472510369385,"blocks":{"housing":0.1837353201408252,"infra":0.31505847953216376,"transport":1,"work":0.024208566108007448,"green":0,"commerce":0.6339148977937394},"indicators":[{"label":"Жильё: плотность","value":55.374},{"label":"Жильё: обеспеченность","value":33.853},{"label":"Жильё: износ","value":45.13},{"label":"Жильё: этажность","value":5.4},{"label":"Инфраструктура: разнообразие","value":0.20833333333333334},{"label":"Инфраструктура: полнота корзины","value":0},{"label":"Транспорт: доступность","value":100},{"label":"Рабочие места: обеспеченность","value":0.024208566108007448},{"label":"Рабочие места: плотность","value":0.0001373778078950928},{"label":"Коммерция: активность ФНС","value":8.015},{"label":"Коммерция: ККТ","value":19.354},{"label":"Коммерция: медианный чек","value":189.587}]},"geometry":{"type":"Polygon","coordinates":[[[36.115779,52.985434],[36.11537,52.985861],[36.114364,52.985679],[36.114364,52.985679],[36.114364,52.985679],[36.112768,52.985394],[36.112768,52.985394],[36.112767,52.985394],[36.111688,52.985207],[36.111366,52.98515],[36.111072,52.985081],[36.111019,52.985041],[36.111001,52.985002],[36.110999,52.984952],[36.111037,52.984888],[36.111167,52.984744],[36.111901,52.984318],[36.112351,52.984056],[36.112774,52.983815],[36.113121,52.983622],[36.113122,52.983622],[36.113122,52.983621],[36.114155,52.983025],[36.114298,52.983088],[36.115232,52.983498],[36.115795,52.983747],[36.115815,52.983774],[36.115815,52.983774],[36.115815,52.983774],[36.115872,52.983853],[36.115887,52.983867],[36.116005,52.983939],[36.116027,52.983949],[36.116163,52.983987],[36.117,52.984462],[36.117369,52.984671],[36.117369,52.984671],[36.117369,52.984671],[36.118089,52.985074],[36.118207,52.98514],[36.118511,52.985332],[36.118513,52.985333],[36.118515,52.985334],[36.118845,52.985514],[36.117297,52.986072],[36.117296,52.986073],[36.117294,52.986073],[36.117206,52.986109],[36.117198,52.986113],[36.117114,52.986158],[36.117109,52.98616],[36.117108,52.986161],[36.116814,52.985981],[36.116746,52.985935],[36.1167,52.985907],[36.116641,52.985932],[36.116638,52.985935],[36.115779,52.985434]]]}},{"type":"Feature","id":"1131","properties":{"id":"1131","city":"orel","baseScore":59.59790152146313,"baseScoreNoCommerce":61.63846830190081,"baseRank":73,"population":636.0780616772583,"blocks":{"housing":0.5661270993055669,"infra":0.6085663157894737,"transport":0.97327,"work":0,"green":0.93396,"commerce":0.49395067619274735},"indicators":[{"label":"Жильё: плотность","value":77.027},{"label":"Жильё: обеспеченность","value":32.986},{"label":"Жильё: износ","value":3},{"label":"Жильё: этажность","value":20},{"label":"Инфраструктура: разнообразие","value":0.125},{"label":"Инфраструктура: полнота корзины","value":95.912},{"label":"Транспорт: доступность","value":97.327},{"label":"Зеленые зоны: доступность","value":93.396},{"label":"Коммерция: активность ФНС","value":8.133},{"label":"Коммерция: ККТ","value":8.268},{"label":"Коммерция: медианный чек","value":187.759}]},"geometry":{"type":"Polygon","coordinates":[[[36.125327,52.989483],[36.12325,52.989887],[36.121969,52.989011],[36.119805,52.98756],[36.117492,52.986218],[36.117423,52.986163],[36.118757,52.98565],[36.119007,52.98556],[36.119007,52.98556],[36.119008,52.98556],[36.119132,52.985514],[36.119144,52.985509],[36.119178,52.98549],[36.119191,52.985486],[36.12045,52.98624],[36.12045,52.98624],[36.120451,52.98624],[36.120788,52.986434],[36.121371,52.98681],[36.122134,52.987337],[36.122822,52.987819],[36.122825,52.987821],[36.122828,52.987823],[36.123156,52.988008],[36.123654,52.988299],[36.123673,52.988308],[36.125327,52.989483]]]}},{"type":"Feature","id":"1132","properties":{"id":"1132","city":"orel","baseScore":35.948621059578926,"baseScoreNoCommerce":30.460047315619924,"baseRank":230,"population":749.4387479302002,"blocks":{"housing":0.1837353201408252,"infra":0.31505847953216376,"transport":1,"work":0.024208566108007448,"green":0,"commerce":0.6339148977937394},"indicators":[{"label":"Жильё: плотность","value":55.374},{"label":"Жильё: обеспеченность","value":33.853},{"label":"Жильё: износ","value":45.13},{"label":"Жильё: этажность","value":5.4},{"label":"Инфраструктура: разнообразие","value":0.20833333333333334},{"label":"Инфраструктура: полнота корзины","value":0},{"label":"Транспорт: доступность","value":100},{"label":"Рабочие места: обеспеченность","value":0.024208566108007448},{"label":"Рабочие места: плотность","value":0.0001373778078950928},{"label":"Коммерция: активность ФНС","value":8.015},{"label":"Коммерция: ККТ","value":19.354},{"label":"Коммерция: медианный чек","value":189.587}]},"geometry":{"type":"Polygon","coordinates":[[[36.120134,52.984044],[36.119118,52.985401],[36.119114,52.985403],[36.117903,52.984848],[36.11747,52.984606],[36.117102,52.984396],[36.116256,52.983916],[36.116256,52.983916],[36.116256,52.983916],[36.116246,52.983912],[36.116237,52.983908],[36.116237,52.983908],[36.116237,52.983908],[36.116102,52.983871],[36.116003,52.98381],[36.115951,52.983738],[36.115923,52.983699],[36.115913,52.983689],[36.115899,52.983681],[36.115319,52.983426],[36.115319,52.983426],[36.115319,52.983426],[36.114386,52.983015],[36.114386,52.983015],[36.114386,52.983015],[36.11426,52.98296],[36.114485,52.982813],[36.114486,52.982812],[36.114488,52.982812],[36.114543,52.982771],[36.114545,52.98277],[36.116985,52.980836],[36.116987,52.980835],[36.117179,52.980671],[36.117262,52.980703],[36.117263,52.980704],[36.117263,52.980704],[36.118052,52.980995],[36.119085,52.981419],[36.119156,52.981479],[36.119225,52.981557],[36.119314,52.981665],[36.119325,52.981675],[36.119543,52.98182],[36.119549,52.981824],[36.119808,52.981962],[36.119884,52.982024],[36.120286,52.982181],[36.120908,52.982452],[36.120909,52.982453],[36.12091,52.982453],[36.121841,52.982828],[36.12151,52.983204],[36.121317,52.98338],[36.121228,52.983442],[36.121096,52.983507],[36.120992,52.983521],[36.120606,52.983574],[36.120485,52.983616],[36.120416,52.983667],[36.120393,52.983697],[36.120372,52.983714],[36.120364,52.983723],[36.120134,52.984044]]]}},{"type":"Feature","id":"1133","properties":{"id":"1133","city":"orel","baseScore":21.2379678926111,"baseScoreNoCommerce":23.856090096574317,"baseRank":307,"population":327.0379965859863,"blocks":{"housing":0.09810713640766344,"infra":0.2231373684210526,"transport":0.6422,"work":0,"green":0.22936,"commerce":0.08147356872795006},"indicators":[{"label":"Жильё: плотность","value":25.524},{"label":"Жильё: обеспеченность","value":32.466},{"label":"Инфраструктура: разнообразие","value":0},{"label":"Инфраструктура: полнота корзины","value":8.257},{"label":"Транспорт: доступность","value":64.22},{"label":"Зеленые зоны: доступность","value":22.936},{"label":"Коммерция: активность ФНС","value":3},{"label":"Коммерция: ККТ","value":0.545},{"label":"Коммерция: медианный чек","value":0}]},"geometry":{"type":"Polygon","coordinates":[[[36.123246,52.987932],[36.122487,52.987446],[36.122247,52.987278],[36.122247,52.987278],[36.122247,52.987278],[36.121482,52.98675],[36.121481,52.986749],[36.12148,52.986749],[36.120896,52.986372],[36.120894,52.986371],[36.120893,52.98637],[36.120554,52.986176],[36.119316,52.985434],[36.120573,52.983711],[36.120615,52.983693],[36.120724,52.983669],[36.121169,52.983613],[36.121429,52.983806],[36.121449,52.983816],[36.122026,52.984023],[36.122031,52.984024],[36.122035,52.984026],[36.123147,52.984308],[36.124062,52.984565],[36.124065,52.984565],[36.124067,52.984566],[36.124442,52.984651],[36.125251,52.984875],[36.125409,52.98492],[36.12541,52.98492],[36.12541,52.98492],[36.125504,52.984947],[36.126583,52.985255],[36.127564,52.985538],[36.128437,52.985796],[36.128256,52.985796],[36.128062,52.98602],[36.12795,52.986032],[36.127467,52.985967],[36.126406,52.985996],[36.126406,52.985996],[36.12604,52.986002],[36.125777,52.98598],[36.125311,52.986135],[36.125166,52.986358],[36.125136,52.98642],[36.12495,52.986569],[36.124596,52.986532],[36.12442,52.986916],[36.124316,52.987076],[36.123246,52.987932]]]}},{"type":"Feature","id":"1134","properties":{"id":"1134","city":"orel","baseScore":21.2379678926111,"baseScoreNoCommerce":23.856090096574317,"baseRank":307,"population":1349.6040126984863,"blocks":{"housing":0.09810713640766344,"infra":0.2231373684210526,"transport":0.6422,"work":0,"green":0.22936,"commerce":0.08147356872795006},"indicators":[{"label":"Жильё: плотность","value":25.524},{"label":"Жильё: обеспеченность","value":32.466},{"label":"Инфраструктура: разнообразие","value":0},{"label":"Инфраструктура: полнота корзины","value":8.257},{"label":"Транспорт: доступность","value":64.22},{"label":"Зеленые зоны: доступность","value":22.936},{"label":"Коммерция: активность ФНС","value":3},{"label":"Коммерция: ККТ","value":0.545},{"label":"Коммерция: медианный чек","value":0}]},"geometry":{"type":"MultiPolygon","coordinates":[[[[36.125344,52.984902],[36.124431,52.984648],[36.124973,52.984771],[36.125109,52.984833],[36.125123,52.984838],[36.125344,52.984902]]],[[[36.130728,52.985241],[36.128665,52.985771],[36.128656,52.985763],[36.128637,52.985755],[36.127629,52.985458],[36.127629,52.985457],[36.127629,52.985457],[36.126647,52.985174],[36.126647,52.985174],[36.126647,52.985174],[36.125568,52.984866],[36.125568,52.984866],[36.125568,52.984866],[36.125473,52.984839],[36.125194,52.984759],[36.125055,52.984695],[36.125045,52.984692],[36.125036,52.984689],[36.124122,52.984482],[36.123208,52.984227],[36.123207,52.984226],[36.123206,52.984226],[36.122098,52.983944],[36.121536,52.983743],[36.121284,52.983556],[36.121344,52.98353],[36.121358,52.983522],[36.121459,52.98345],[36.121468,52.983442],[36.122004,52.982835],[36.122071,52.982763],[36.123471,52.981246],[36.124743,52.979879],[36.124743,52.979879],[36.124743,52.979879],[36.124802,52.979814],[36.125952,52.978553],[36.126842,52.978843],[36.126927,52.97887],[36.126927,52.97887],[36.126927,52.978871],[36.127869,52.979173],[36.12787,52.979173],[36.12787,52.979173],[36.128695,52.979429],[36.129576,52.979733],[36.129576,52.979733],[36.129577,52.979734],[36.130401,52.98001],[36.130404,52.980011],[36.130407,52.980012],[36.131287,52.980245],[36.132081,52.980512],[36.132099,52.980516],[36.132332,52.980552],[36.132436,52.980569],[36.13254,52.980603],[36.133115,52.980829],[36.133212,52.980877],[36.133377,52.980968],[36.134368,52.982117],[36.134495,52.982382],[36.134316,52.98254],[36.133877,52.982692],[36.133407,52.982664],[36.133287,52.982638],[36.13297,52.982908],[36.132841,52.983125],[36.131675,52.983895],[36.131423,52.98404],[36.130728,52.985241]]]]}},{"type":"Feature","id":"1135","properties":{"id":"1135","city":"orel","baseScore":35.948621059578926,"baseScoreNoCommerce":30.460047315619924,"baseRank":230,"population":1243.8175671240967,"blocks":{"housing":0.1837353201408252,"infra":0.31505847953216376,"transport":1,"work":0.024208566108007448,"green":0,"commerce":0.6339148977937394},"indicators":[{"label":"Жильё: плотность","value":55.374},{"label":"Жильё: обеспеченность","value":33.853},{"label":"Жильё: износ","value":45.13},{"label":"Жильё: этажность","value":5.4},{"label":"Инфраструктура: разнообразие","value":0.20833333333333334},{"label":"Инфраструктура: полнота корзины","value":0},{"label":"Транспорт: доступность","value":100},{"label":"Рабочие места: обеспеченность","value":0.024208566108007448},{"label":"Рабочие места: плотность","value":0.0001373778078950928},{"label":"Коммерция: активность ФНС","value":8.015},{"label":"Коммерция: ККТ","value":19.354},{"label":"Коммерция: медианный чек","value":189.587}]},"geometry":{"type":"MultiPolygon","coordinates":[[[[36.119884,52.982024],[36.119808,52.981962],[36.119916,52.98202],[36.11992,52.982021],[36.119922,52.982023],[36.120286,52.982181],[36.119884,52.982024]]],[[[36.12194,52.982719],[36.121913,52.982749],[36.120994,52.982379],[36.120012,52.981951],[36.119651,52.981758],[36.119443,52.981619],[36.119357,52.981516],[36.119357,52.981515],[36.119356,52.981515],[36.119285,52.981434],[36.11928,52.981429],[36.119199,52.98136],[36.11918,52.981349],[36.118135,52.98092],[36.118133,52.980919],[36.118131,52.980919],[36.117342,52.980628],[36.117256,52.980594],[36.117339,52.980495],[36.11734,52.980493],[36.117342,52.980492],[36.117626,52.980057],[36.117627,52.980054],[36.118223,52.97894],[36.118223,52.97894],[36.118223,52.97894],[36.118424,52.978566],[36.118528,52.978394],[36.118862,52.977891],[36.119664,52.976758],[36.119725,52.976675],[36.121212,52.977094],[36.121212,52.977094],[36.121213,52.977095],[36.122586,52.977464],[36.123786,52.977827],[36.124863,52.978214],[36.124865,52.978215],[36.124867,52.978216],[36.12582,52.978511],[36.124671,52.979771],[36.124671,52.979771],[36.124613,52.979836],[36.123342,52.981202],[36.123342,52.981202],[36.123341,52.981202],[36.12194,52.982719]]]]}},{"type":"Feature","id":"1136","properties":{"id":"1136","city":"orel","baseScore":17.326383088488285,"baseScoreNoCommerce":17.695963698945256,"baseRank":323,"population":403.571583951416,"blocks":{"housing":0.37699032919677544,"infra":0.11469785575048734,"transport":0.39311,"work":0,"green":0,"commerce":0.15478480036203413},"indicators":[{"label":"Жильё: плотность","value":23.835},{"label":"Жильё: обеспеченность","value":35.911},{"label":"Жильё: износ","value":32.736},{"label":"Жильё: этажность","value":2},{"label":"Инфраструктура: разнообразие","value":0.027777777777777776},{"label":"Инфраструктура: полнота корзины","value":0},{"label":"Транспорт: доступность","value":39.311},{"label":"Коммерция: активность ФНС","value":4.32},{"label":"Коммерция: ККТ","value":2.976},{"label":"Коммерция: медианный чек","value":0}]},"geometry":{"type":"Polygon","coordinates":[[[36.122651,52.977383],[36.122649,52.977383],[36.122648,52.977382],[36.121274,52.977013],[36.119787,52.976593],[36.120934,52.97512],[36.121583,52.974325],[36.122066,52.973757],[36.122169,52.973635],[36.122208,52.973657],[36.122225,52.973665],[36.123508,52.97408],[36.124746,52.974585],[36.124749,52.974585],[36.124751,52.974587],[36.126284,52.975115],[36.127313,52.975493],[36.127315,52.975493],[36.127315,52.975494],[36.12828,52.975824],[36.12731,52.976891],[36.125892,52.978432],[36.124937,52.978136],[36.12386,52.977749],[36.123858,52.977749],[36.123855,52.977748],[36.122651,52.977383]]]}},{"type":"Feature","id":"1137","properties":{"id":"1137","city":"orel","baseScore":17.326383088488285,"baseScoreNoCommerce":17.695963698945256,"baseRank":323,"population":434.6844280834351,"blocks":{"housing":0.37699032919677544,"infra":0.11469785575048734,"transport":0.39311,"work":0,"green":0,"commerce":0.15478480036203413},"indicators":[{"label":"Жильё: плотность","value":23.835},{"label":"Жильё: обеспеченность","value":35.911},{"label":"Жильё: износ","value":32.736},{"label":"Жильё: этажность","value":2},{"label":"Инфраструктура: разнообразие","value":0.027777777777777776},{"label":"Инфраструктура: полнота корзины","value":0},{"label":"Транспорт: доступность","value":39.311},{"label":"Коммерция: активность ФНС","value":4.32},{"label":"Коммерция: ККТ","value":2.976},{"label":"Коммерция: медианный чек","value":0}]},"geometry":{"type":"Polygon","coordinates":[[[36.134287,52.979424],[36.133701,52.979331],[36.133315,52.980043],[36.132728,52.980215],[36.132451,52.980347],[36.132358,52.980463],[36.132145,52.98043],[36.131356,52.980165],[36.131353,52.980165],[36.13135,52.980163],[36.13047,52.979931],[36.129649,52.979655],[36.128767,52.97935],[36.128766,52.97935],[36.128764,52.979349],[36.127939,52.979094],[36.126997,52.978791],[36.126912,52.978764],[36.126912,52.978764],[36.126912,52.978764],[36.126024,52.978474],[36.12744,52.976935],[36.12744,52.976935],[36.12744,52.976934],[36.12841,52.975868],[36.129365,52.976179],[36.130252,52.976472],[36.130253,52.976472],[36.130253,52.976472],[36.131086,52.976746],[36.131944,52.977044],[36.131944,52.977044],[36.131945,52.977044],[36.132789,52.977325],[36.132789,52.977326],[36.13279,52.977326],[36.133653,52.977604],[36.134501,52.977889],[36.134501,52.977889],[36.134501,52.977889],[36.135385,52.978183],[36.136047,52.978411],[36.136105,52.97843],[36.135033,52.979382],[36.134432,52.979231],[36.134287,52.979424]]]}},{"type":"Feature","id":"1138","properties":{"id":"1138","city":"orel","baseScore":31.49136152345335,"baseScoreNoCommerce":32.45420166509294,"baseRank":257,"population":533.6248918939453,"blocks":{"housing":0.5273751087616768,"infra":0.15473684210526314,"transport":0.93587,"work":0.004728132387706856,"green":0,"commerce":0.2667716081525541},"indicators":[{"label":"Жильё: плотность","value":24.867},{"label":"Жильё: обеспеченность","value":39.003},{"label":"Инфраструктура: разнообразие","value":0},{"label":"Инфраструктура: полнота корзины","value":0},{"label":"Транспорт: доступность","value":93.587},{"label":"Рабочие места: обеспеченность","value":0.004728132387706856},{"label":"Рабочие места: плотность","value":0.000011813392740827466},{"label":"Коммерция: активность ФНС","value":7.171},{"label":"Коммерция: ККТ","value":5.832},{"label":"Коммерция: медианный чек","value":0}]},"geometry":{"type":"Polygon","coordinates":[[[36.13158,52.972022],[36.131692,52.972051],[36.130495,52.973409],[36.129385,52.974626],[36.128352,52.975746],[36.12739,52.975416],[36.126361,52.975037],[36.12636,52.975037],[36.126359,52.975037],[36.124827,52.974509],[36.123588,52.974004],[36.123585,52.974003],[36.123582,52.974002],[36.122304,52.973588],[36.122241,52.973551],[36.12292,52.972773],[36.122921,52.972771],[36.122971,52.972708],[36.123141,52.972501],[36.12326,52.972363],[36.124125,52.971364],[36.124125,52.971364],[36.124125,52.971364],[36.124179,52.9713],[36.124396,52.971069],[36.124396,52.971069],[36.124396,52.971069],[36.124857,52.970578],[36.124903,52.970542],[36.124974,52.970503],[36.125088,52.97046],[36.125161,52.970441],[36.126301,52.970756],[36.126416,52.970788],[36.127791,52.971112],[36.127865,52.97113],[36.129563,52.971538],[36.130668,52.971803],[36.13158,52.972022]]]}},{"type":"Feature","id":"1139","properties":{"id":"1139","city":"orel","baseScore":31.49136152345335,"baseScoreNoCommerce":32.45420166509294,"baseRank":257,"population":882.8035527739746,"blocks":{"housing":0.5273751087616768,"infra":0.15473684210526314,"transport":0.93587,"work":0.004728132387706856,"green":0,"commerce":0.2667716081525541},"indicators":[{"label":"Жильё: плотность","value":24.867},{"label":"Жильё: обеспеченность","value":39.003},{"label":"Инфраструктура: разнообразие","value":0},{"label":"Инфраструктура: полнота корзины","value":0},{"label":"Транспорт: доступность","value":93.587},{"label":"Рабочие места: обеспеченность","value":0.004728132387706856},{"label":"Рабочие места: плотность","value":0.000011813392740827466},{"label":"Коммерция: активность ФНС","value":7.171},{"label":"Коммерция: ККТ","value":5.832},{"label":"Коммерция: медианный чек","value":0}]},"geometry":{"type":"Polygon","coordinates":[[[36.135592,52.97307],[36.136459,52.973297],[36.137181,52.973485],[36.137349,52.973533],[36.137351,52.973529],[36.138234,52.97376],[36.139129,52.973994],[36.139983,52.974217],[36.140904,52.974458],[36.141868,52.974709],[36.143091,52.975029],[36.142863,52.975273],[36.142597,52.9755],[36.141684,52.97611],[36.141045,52.976364],[36.140245,52.976611],[36.139471,52.97685],[36.138613,52.977089],[36.138219,52.976969],[36.13775,52.976827],[36.137593,52.97678],[36.136902,52.976568],[36.136858,52.976547],[36.136762,52.97666],[36.136472,52.976997],[36.136417,52.977057],[36.136464,52.977071],[36.136464,52.977071],[36.137323,52.97735],[36.136183,52.978362],[36.136121,52.978333],[36.135458,52.978105],[36.135458,52.978104],[36.135457,52.978104],[36.134573,52.97781],[36.133725,52.977526],[36.133724,52.977526],[36.133724,52.977525],[36.132861,52.977247],[36.132017,52.976966],[36.131159,52.976668],[36.131159,52.976668],[36.131158,52.976667],[36.130324,52.976393],[36.129437,52.9761],[36.129436,52.9761],[36.129436,52.9761],[36.128482,52.975789],[36.129515,52.97467],[36.129515,52.97467],[36.129515,52.97467],[36.130625,52.973452],[36.130625,52.973452],[36.130626,52.973452],[36.131829,52.972087],[36.132852,52.972355],[36.133789,52.972599],[36.134679,52.972832],[36.135592,52.97307]]]}},{"type":"Feature","id":"1140","properties":{"id":"1140","city":"orel","baseScore":20.290557268191524,"baseScoreNoCommerce":14.432728516023403,"baseRank":308,"population":1208.141044766992,"blocks":{"housing":0.258006305822036,"infra":0.18203703703703702,"transport":0.22682,"work":0.054773082942097026,"green":0,"commerce":0.49579701029032136},"indicators":[{"label":"Жильё: плотность","value":29.249},{"label":"Жильё: обеспеченность","value":35.695},{"label":"Жильё: износ","value":43.77},{"label":"Жильё: этажность","value":3.285714},{"label":"Инфраструктура: разнообразие","value":0.23611111111111113},{"label":"Инфраструктура: полнота корзины","value":0},{"label":"Транспорт: доступность","value":22.682},{"label":"Рабочие места: обеспеченность","value":0.054773082942097026},{"label":"Рабочие места: плотность","value":0.00016948755086114306},{"label":"Коммерция: активность ФНС","value":8.463},{"label":"Коммерция: ККТ","value":14.442},{"label":"Коммерция: медианный чек","value":214.623}]},"geometry":{"type":"Polygon","coordinates":[[[36.143469,52.970812],[36.143708,52.970879],[36.144375,52.971113],[36.144801,52.971276],[36.146161,52.971864],[36.145454,52.972097],[36.145184,52.972138],[36.145164,52.972143],[36.144149,52.97251],[36.14414,52.972514],[36.143363,52.972895],[36.143126,52.972976],[36.143121,52.972979],[36.143115,52.972981],[36.143112,52.972983],[36.143107,52.972985],[36.143104,52.972988],[36.1431,52.972991],[36.143097,52.972994],[36.143094,52.972997],[36.143093,52.973001],[36.14309,52.973004],[36.14309,52.973007],[36.143088,52.97301],[36.143089,52.973014],[36.143088,52.973018],[36.143089,52.973021],[36.143089,52.973024],[36.143091,52.973028],[36.143093,52.973032],[36.143403,52.973515],[36.143406,52.973518],[36.143409,52.973522],[36.144158,52.974249],[36.144192,52.974274],[36.143995,52.974349],[36.144215,52.975193],[36.144213,52.975196],[36.143375,52.974961],[36.143374,52.974961],[36.143372,52.97496],[36.143214,52.974921],[36.141948,52.974604],[36.140987,52.974353],[36.140987,52.974353],[36.140987,52.974353],[36.140491,52.974227],[36.140062,52.974116],[36.1392,52.973892],[36.139096,52.973865],[36.138948,52.973828],[36.138255,52.973648],[36.137418,52.973419],[36.137417,52.973419],[36.137417,52.973419],[36.136512,52.973175],[36.136511,52.973175],[36.13651,52.973175],[36.135679,52.972965],[36.135583,52.972941],[36.135583,52.972941],[36.135583,52.972941],[36.134846,52.972757],[36.134763,52.972735],[36.134763,52.972735],[36.134762,52.972735],[36.133868,52.972505],[36.133105,52.972299],[36.133105,52.972299],[36.133104,52.972299],[36.132935,52.972254],[36.131842,52.971969],[36.131842,52.971969],[36.131842,52.971969],[36.131283,52.971825],[36.130574,52.971622],[36.1263,52.970635],[36.126396,52.970346],[36.128149,52.970599],[36.128888,52.97064],[36.128865,52.970474],[36.131509,52.970156],[36.131908,52.969795],[36.133457,52.969105],[36.134867,52.968477],[36.134877,52.968482],[36.135707,52.968734],[36.13571,52.968735],[36.135713,52.968736],[36.137238,52.969105],[36.137238,52.969105],[36.137239,52.969105],[36.138168,52.969317],[36.139039,52.969572],[36.13904,52.969572],[36.13904,52.969572],[36.139936,52.969822],[36.139937,52.969822],[36.139938,52.969823],[36.140823,52.970053],[36.141133,52.970135],[36.141691,52.970291],[36.141724,52.970301],[36.142571,52.970549],[36.143413,52.970796],[36.143469,52.970812]]]}},{"type":"Feature","id":"1142","properties":{"id":"1142","city":"orel","baseScore":41.05261039794608,"baseScoreNoCommerce":49.2631324775353,"baseRank":186,"population":203.0274733012207,"blocks":{"housing":1,"infra":0.3450305263157895,"transport":0.26108,"work":0.00975609756097561,"green":0.84729,"commerce":0},"indicators":[{"label":"Жильё: плотность","value":15.471},{"label":"Жильё: обеспеченность","value":47.099},{"label":"Инфраструктура: разнообразие","value":0},{"label":"Инфраструктура: полнота корзины","value":50.246},{"label":"Транспорт: доступность","value":26.108},{"label":"Рабочие места: обеспеченность","value":0.00975609756097561},{"label":"Рабочие места: плотность","value":0.000015241957335916714},{"label":"Зеленые зоны: доступность","value":84.729}]},"geometry":{"type":"Polygon","coordinates":[[[36.13735,52.994669],[36.137267,52.994984],[36.137264,52.994984],[36.137255,52.994984],[36.137246,52.994985],[36.136324,52.995112],[36.135493,52.995167],[36.135172,52.995137],[36.135042,52.995053],[36.134928,52.99511],[36.132585,52.996195],[36.12833,52.99332],[36.128431,52.993273],[36.128675,52.993163],[36.129379,52.993002],[36.129386,52.993001],[36.129922,52.992844],[36.129926,52.992842],[36.129931,52.99284],[36.129972,52.992824],[36.130225,52.992855],[36.130808,52.993012],[36.131101,52.993159],[36.131815,52.993409],[36.132411,52.993032],[36.133154,52.992866],[36.133215,52.992883],[36.133224,52.992884],[36.133232,52.992886],[36.133235,52.992886],[36.133238,52.992887],[36.133246,52.992887],[36.133255,52.992887],[36.134799,52.992782],[36.134882,52.99278],[36.137308,52.994283],[36.13735,52.994669]]]}},{"type":"Feature","id":"1143","properties":{"id":"1143","city":"orel","baseScore":41.05261039794608,"baseScoreNoCommerce":49.2631324775353,"baseRank":186,"population":105.28688468988038,"blocks":{"housing":1,"infra":0.3450305263157895,"transport":0.26108,"work":0.00975609756097561,"green":0.84729,"commerce":0},"indicators":[{"label":"Жильё: плотность","value":15.471},{"label":"Жильё: обеспеченность","value":47.099},{"label":"Инфраструктура: разнообразие","value":0},{"label":"Инфраструктура: полнота корзины","value":50.246},{"label":"Транспорт: доступность","value":26.108},{"label":"Рабочие места: обеспеченность","value":0.00975609756097561},{"label":"Рабочие места: плотность","value":0.000015241957335916714},{"label":"Зеленые зоны: доступность","value":84.729}]},"geometry":{"type":"Polygon","coordinates":[[[36.135201,52.997961],[36.132585,52.996195],[36.134928,52.99511],[36.134933,52.995114],[36.135081,52.99521],[36.135082,52.99521],[36.135083,52.995211],[36.135091,52.995214],[36.135099,52.995218],[36.1351,52.995219],[36.135101,52.995219],[36.135111,52.995221],[36.135121,52.995223],[36.135122,52.995223],[36.135124,52.995223],[36.135479,52.995257],[36.135499,52.995257],[36.136344,52.995201],[36.136349,52.9952],[36.136353,52.9952],[36.13727,52.995074],[36.138725,52.995095],[36.13887,52.995814],[36.13887,52.995815],[36.13887,52.995815],[36.138873,52.995821],[36.138876,52.995828],[36.138876,52.995828],[36.138876,52.995828],[36.138883,52.995834],[36.138889,52.995839],[36.138889,52.99584],[36.13889,52.99584],[36.139896,52.996474],[36.13959,52.996594],[36.13897,52.9967],[36.138954,52.996704],[36.138371,52.996898],[36.138367,52.9969],[36.137599,52.997193],[36.137206,52.997342],[36.137204,52.997343],[36.137202,52.997344],[36.136828,52.997506],[36.136469,52.997637],[36.136309,52.997685],[36.135436,52.997872],[36.135362,52.9979],[36.135328,52.997911],[36.135322,52.997913],[36.135317,52.997915],[36.135279,52.997932],[36.135201,52.997961]]]}},{"type":"Feature","id":"1145","properties":{"id":"1145","city":"orel","baseScore":44.294998358772816,"baseScoreNoCommerce":47.057974208196285,"baseRank":163,"population":245.03063754384763,"blocks":{"housing":0.2506525700589367,"infra":0.6124561403508771,"transport":0.73061,"work":0,"green":0.75918,"commerce":0.3048011911165543},"indicators":[{"label":"Жильё: плотность","value":17.026},{"label":"Жильё: обеспеченность","value":34.789},{"label":"Инфраструктура: разнообразие","value":0},{"label":"Инфраструктура: полнота корзины","value":100},{"label":"Транспорт: доступность","value":73.061},{"label":"Зеленые зоны: доступность","value":75.918},{"label":"Коммерция: активность ФНС","value":6.404},{"label":"Коммерция: ККТ","value":1.471},{"label":"Коммерция: медианный чек","value":44.217}]},"geometry":{"type":"Polygon","coordinates":[[[36.084028,52.989602],[36.084129,52.989845],[36.083694,52.990193],[36.082438,52.991137],[36.081031,52.992426],[36.081493,52.992634],[36.081355,52.992861],[36.081183,52.993045],[36.081,52.993119],[36.080884,52.993001],[36.080713,52.993026],[36.080548,52.993168],[36.07965,52.992819],[36.079521,52.992664],[36.079064,52.992478],[36.078875,52.992326],[36.07851,52.992185],[36.078074,52.992066],[36.077657,52.991503],[36.076984,52.990563],[36.076241,52.989677],[36.076212,52.989631],[36.076244,52.989592],[36.076371,52.989548],[36.076795,52.989417],[36.077206,52.989383],[36.077282,52.989378],[36.077656,52.989382],[36.081337,52.989147],[36.081605,52.988941],[36.08162,52.988918],[36.081759,52.988743],[36.081783,52.988745],[36.081814,52.988743],[36.081953,52.988716],[36.081956,52.988715],[36.082025,52.988681],[36.08207,52.988638],[36.082096,52.988604],[36.082121,52.988607],[36.082522,52.988723],[36.083079,52.989052],[36.083079,52.989052],[36.083079,52.989052],[36.084028,52.989602]]]}},{"type":"Feature","id":"1146","properties":{"id":"1146","city":"orel","baseScore":40.83673625950752,"baseScoreNoCommerce":40.240301285376,"baseRank":190,"population":1004.3002762990235,"blocks":{"housing":0.3346485035608985,"infra":0.6441715399610136,"transport":1,"work":0.03319502074688797,"green":0,"commerce":0.43818911130165084},"indicators":[{"label":"Жильё: плотность","value":104.996},{"label":"Жильё: обеспеченность","value":34.387},{"label":"Жильё: износ","value":31.977},{"label":"Жильё: этажность","value":5.428571},{"label":"Инфраструктура: разнообразие","value":0.27777777777777773},{"label":"Инфраструктура: полнота корзины","value":100},{"label":"Транспорт: доступность","value":100},{"label":"Рабочие места: обеспеченность","value":0.03319502074688797},{"label":"Рабочие места: плотность","value":0.0003605009858679185},{"label":"Коммерция: активность ФНС","value":8.45},{"label":"Коммерция: ККТ","value":22.358},{"label":"Коммерция: медианный чек","value":0}]},"geometry":{"type":"Polygon","coordinates":[[[36.086216,52.991328],[36.086482,52.991286],[36.087113,52.991482],[36.08713,52.991491],[36.087528,52.991663],[36.087528,52.991664],[36.087915,52.991826],[36.088723,52.992246],[36.088683,52.992289],[36.088654,52.992315],[36.088576,52.992306],[36.088545,52.992307],[36.08845,52.992321],[36.088421,52.992329],[36.088337,52.992369],[36.088318,52.992382],[36.086593,52.99414],[36.086591,52.994142],[36.086588,52.994145],[36.086479,52.994299],[36.086479,52.994299],[36.086479,52.994299],[36.086447,52.994343],[36.086446,52.994345],[36.085148,52.996426],[36.085147,52.996428],[36.085146,52.996429],[36.084935,52.996884],[36.08452,52.99747],[36.084461,52.997512],[36.084351,52.99752],[36.083967,52.997464],[36.083905,52.997543],[36.083478,52.99788],[36.083349,52.99794],[36.083017,52.998094],[36.082758,52.998133],[36.082518,52.998272],[36.081695,52.998967],[36.080848,52.999285],[36.080434,52.999256],[36.07998,52.999123],[36.081483,52.995768],[36.081906,52.995328],[36.082003,52.994968],[36.082869,52.993729],[36.083295,52.992882],[36.083468,52.992713],[36.083582,52.992755],[36.083851,52.992785],[36.084105,52.99276],[36.084237,52.992684],[36.084752,52.99201],[36.084881,52.991901],[36.08519,52.991746],[36.085677,52.991549],[36.085879,52.991511],[36.086216,52.991328]]]}},{"type":"Feature","id":"1147","properties":{"id":"1147","city":"orel","baseScore":37.06689016529466,"baseScoreNoCommerce":38.33737629371792,"baseRank":220,"population":1072.8210956999023,"blocks":{"housing":0.33761254589367207,"infra":0.5455394346978557,"transport":0.80916,"work":0.009436834094368341,"green":0.21512,"commerce":0.3071445952317837},"indicators":[{"label":"Жильё: плотность","value":141.256},{"label":"Жильё: обеспеченность","value":31.836},{"label":"Жильё: износ","value":23.425},{"label":"Жильё: этажность","value":9.333333},{"label":"Инфраструктура: разнообразие","value":0.15277777777777776},{"label":"Инфраструктура: полнота корзины","value":92.963},{"label":"Транспорт: доступность","value":80.916},{"label":"Рабочие места: обеспеченность","value":0.009436834094368341},{"label":"Рабочие места: плотность","value":0.0001345705058915816},{"label":"Зеленые зоны: доступность","value":21.512},{"label":"Коммерция: активность ФНС","value":7.267},{"label":"Коммерция: ККТ","value":11.357},{"label":"Коммерция: медианный чек","value":0}]},"geometry":{"type":"Polygon","coordinates":[[[36.103026,53.002533],[36.103644,53.002504],[36.10556,53.005068],[36.10582,53.005416],[36.106835,53.007079],[36.106664,53.007076],[36.106651,53.007076],[36.106351,53.007101],[36.106345,53.007102],[36.106339,53.007102],[36.105851,53.007192],[36.105851,53.007192],[36.10585,53.007192],[36.105044,53.007348],[36.105044,53.007348],[36.105044,53.007348],[36.104963,53.007364],[36.104852,53.007012],[36.104849,53.007005],[36.10461,53.006604],[36.104608,53.006602],[36.104517,53.00647],[36.104413,53.006315],[36.104412,53.006314],[36.104179,53.005983],[36.103849,53.005514],[36.103849,53.005514],[36.103849,53.005514],[36.103234,53.004652],[36.103234,53.004652],[36.103234,53.004652],[36.102628,53.003813],[36.102628,53.003813],[36.102628,53.003813],[36.102486,53.003617],[36.102486,53.003617],[36.102486,53.003617],[36.102112,53.003101],[36.101658,53.002475],[36.101623,53.00242],[36.101602,53.002354],[36.1016,53.002314],[36.101783,53.002151],[36.101917,53.002062],[36.102012,53.002109],[36.102013,53.002109],[36.102014,53.00211],[36.102082,53.002141],[36.102766,53.002457],[36.102835,53.002505],[36.102889,53.00256],[36.102904,53.00257],[36.103026,53.002533]]]}},{"type":"Feature","id":"1148","properties":{"id":"1148","city":"orel","baseScore":43.02977330760025,"baseScoreNoCommerce":40.00148798349977,"baseRank":178,"population":40.83359710141602,"blocks":{"housing":0.4465385057376916,"infra":0.22190058479532163,"transport":0.68966,"work":0.6419753086419753,"green":0,"commerce":0.5817119992810262},"indicators":[{"label":"Жильё: плотность","value":4.156},{"label":"Жильё: обеспеченность","value":37.772},{"label":"Инфраструктура: разнообразие","value":0.20833333333333334},{"label":"Инфраструктура: полнота корзины","value":0},{"label":"Транспорт: доступность","value":68.966},{"label":"Рабочие места: обеспеченность","value":0.6419753086419753},{"label":"Рабочие места: плотность","value":0.0007452636255282387},{"label":"Коммерция: активность ФНС","value":9.637},{"label":"Коммерция: ККТ","value":11.1},{"label":"Коммерция: медианный чек","value":381.964}]},"geometry":{"type":"Polygon","coordinates":[[[36.110109,52.996449],[36.111786,52.995527],[36.111786,52.995527],[36.111786,52.995527],[36.112595,52.995079],[36.112715,52.995169],[36.112717,52.99517],[36.112719,52.995172],[36.113138,52.995444],[36.113518,52.995805],[36.113519,52.995806],[36.11352,52.995807],[36.114532,52.996662],[36.114597,52.996779],[36.114555,52.996845],[36.112966,52.997301],[36.112734,52.997327],[36.112728,52.997328],[36.112721,52.997329],[36.111902,52.997526],[36.111901,52.997526],[36.111901,52.997526],[36.111205,52.997698],[36.111198,52.997701],[36.111191,52.997703],[36.110182,52.99812],[36.110176,52.998123],[36.109307,52.998571],[36.107756,52.999292],[36.106748,52.999051],[36.106725,52.999048],[36.106682,52.999046],[36.106681,52.999046],[36.106679,52.999046],[36.106328,52.99904],[36.106282,52.999037],[36.106244,52.999028],[36.106203,52.99901],[36.107909,52.997782],[36.108832,52.997173],[36.10938,52.99685],[36.109417,52.99683],[36.109417,52.99683],[36.109417,52.99683],[36.110003,52.996507],[36.110109,52.996449]]]}},{"type":"Feature","id":"1149","properties":{"id":"1149","city":"orel","baseScore":47.11705340840271,"baseScoreNoCommerce":44.67028548530945,"baseRank":149,"population":6893.63630088827,"blocks":{"housing":0.11351993454019026,"infra":0.8009064327485379,"transport":0.67638,"work":0.011627906976744186,"green":0.63108,"commerce":0.5935089302386902},"indicators":[{"label":"Жильё: плотность","value":136.491},{"label":"Жильё: обеспеченность","value":34.42},{"label":"Жильё: износ","value":53.89},{"label":"Жильё: этажность","value":6.130435},{"label":"Инфраструктура: разнообразие","value":0.5416666666666666},{"label":"Инфраструктура: полнота корзины","value":100},{"label":"Транспорт: доступность","value":67.638},{"label":"Рабочие места: обеспеченность","value":0.011627906976744186},{"label":"Рабочие места: плотность","value":0.00016057763649026204},{"label":"Зеленые зоны: доступность","value":63.108},{"label":"Коммерция: активность ФНС","value":8.687},{"label":"Коммерция: ККТ","value":61.488},{"label":"Коммерция: медианный чек","value":67.867}]},"geometry":{"type":"Polygon","coordinates":[[[36.007206,52.92302],[36.009856,52.923485],[36.009857,52.923485],[36.009858,52.923485],[36.010098,52.923521],[36.010622,52.923609],[36.010622,52.923609],[36.010623,52.92361],[36.010685,52.923619],[36.011574,52.923774],[36.011576,52.923774],[36.011577,52.923774],[36.012483,52.923905],[36.01415,52.924245],[36.014152,52.924245],[36.014154,52.924245],[36.014906,52.924366],[36.015887,52.924533],[36.015887,52.924533],[36.015887,52.924533],[36.016623,52.924658],[36.016987,52.92473],[36.016988,52.92473],[36.016988,52.924731],[36.017152,52.92476],[36.018845,52.92508],[36.018966,52.925103],[36.019419,52.925189],[36.019419,52.925189],[36.01942,52.925189],[36.019619,52.925225],[36.019911,52.925293],[36.020115,52.92534],[36.020225,52.925366],[36.02034,52.925411],[36.020434,52.925448],[36.020761,52.925585],[36.021143,52.925792],[36.021016,52.925876],[36.021016,52.925876],[36.021016,52.925876],[36.020365,52.926307],[36.020365,52.926307],[36.020365,52.926307],[36.020142,52.926454],[36.01985,52.926647],[36.019593,52.926817],[36.019593,52.926817],[36.019593,52.926817],[36.019259,52.927038],[36.018966,52.927217],[36.018965,52.927218],[36.018964,52.927218],[36.018482,52.927528],[36.018482,52.927528],[36.018482,52.927528],[36.017704,52.928037],[36.017703,52.928038],[36.017701,52.928039],[36.017283,52.928353],[36.017205,52.928403],[36.017205,52.928403],[36.017204,52.928403],[36.017154,52.928436],[36.016645,52.928767],[36.016218,52.929038],[36.01568,52.929379],[36.015331,52.929596],[36.015331,52.929596],[36.01533,52.929597],[36.015167,52.929703],[36.015166,52.929704],[36.015164,52.929706],[36.014826,52.929964],[36.014815,52.929975],[36.014741,52.930086],[36.01474,52.930089],[36.014739,52.930091],[36.014738,52.930096],[36.014736,52.9301],[36.014737,52.930103],[36.014736,52.930105],[36.014738,52.93011],[36.014738,52.930111],[36.014543,52.930134],[36.013914,52.930172],[36.012647,52.930035],[36.012411,52.93],[36.012276,52.929958],[36.011478,52.929897],[36.009658,52.928961],[36.00903,52.928618],[36.007778,52.928399],[36.007328,52.928291],[36.007239,52.928288],[36.006184,52.928117],[36.006034,52.928097],[36.00578,52.928063],[36.0057,52.928035],[36.005561,52.927978],[36.005288,52.927949],[36.005267,52.927891],[36.005323,52.927761],[36.005354,52.927728],[36.00537,52.927709],[36.005432,52.927553],[36.005505,52.927365],[36.005562,52.927198],[36.005793,52.926701],[36.005814,52.926707],[36.005837,52.92671],[36.00586,52.926708],[36.005881,52.926702],[36.005898,52.926692],[36.005909,52.92668],[36.006675,52.925366],[36.006675,52.925366],[36.006675,52.925366],[36.007034,52.924749],[36.007098,52.923851],[36.007172,52.92328],[36.007206,52.92302]]]}},{"type":"Feature","id":"1150","properties":{"id":"1150","city":"orel","baseScore":61.33390220114027,"baseScoreNoCommerce":60.460790606500424,"baseRank":60,"population":9291.716536323229,"blocks":{"housing":0.4938643179177995,"infra":0.7341715399610136,"transport":0.85361,"work":0.029663672446208482,"green":0.91173,"commerce":0.6569946017433941},"indicators":[{"label":"Жильё: плотность","value":225.027},{"label":"Жильё: обеспеченность","value":31.552},{"label":"Жильё: износ","value":7.097},{"label":"Жильё: этажность","value":10.69697},{"label":"Инфраструктура: разнообразие","value":0.5277777777777778},{"label":"Инфраструктура: полнота корзины","value":100},{"label":"Транспорт: доступность","value":85.361},{"label":"Рабочие места: обеспеченность","value":0.029663672446208482},{"label":"Рабочие места: плотность","value":0.0006879190830548553},{"label":"Зеленые зоны: доступность","value":91.173},{"label":"Коммерция: активность ФНС","value":8.34},{"label":"Коммерция: ККТ","value":67.129},{"label":"Коммерция: медианный чек","value":210.801}]},"geometry":{"type":"Polygon","coordinates":[[[36.013359,52.953509],[36.013295,52.953488],[36.013263,52.953453],[36.013258,52.953432],[36.013262,52.953379],[36.013261,52.953371],[36.012924,52.951846],[36.012923,52.951846],[36.012924,52.951845],[36.012901,52.951752],[36.012721,52.950975],[36.012721,52.950975],[36.012721,52.950975],[36.012498,52.950054],[36.012498,52.950054],[36.012498,52.950054],[36.012486,52.950006],[36.012453,52.94987],[36.012429,52.949754],[36.012337,52.949325],[36.012267,52.948974],[36.012262,52.948935],[36.012259,52.948887],[36.012257,52.948851],[36.012281,52.948768],[36.012436,52.948445],[36.012556,52.948208],[36.012571,52.948188],[36.012606,52.94817],[36.012655,52.948153],[36.012699,52.948149],[36.013005,52.948138],[36.013005,52.948138],[36.013005,52.948138],[36.014509,52.948081],[36.014509,52.948081],[36.01451,52.948081],[36.015124,52.948055],[36.016011,52.948016],[36.017451,52.94796],[36.017451,52.947959],[36.017452,52.94796],[36.018468,52.947914],[36.018616,52.949594],[36.018616,52.949594],[36.018616,52.949594],[36.018625,52.949689],[36.018627,52.949696],[36.01863,52.949703],[36.01863,52.949703],[36.01863,52.949703],[36.018635,52.949709],[36.018641,52.949715],[36.018641,52.949715],[36.018641,52.949715],[36.01865,52.94972],[36.018658,52.949724],[36.018659,52.949724],[36.018659,52.949724],[36.018669,52.949727],[36.01868,52.94973],[36.01868,52.94973],[36.01868,52.94973],[36.018691,52.949731],[36.018703,52.949731],[36.020129,52.949686],[36.020129,52.949686],[36.020129,52.949686],[36.02192,52.949629],[36.023189,52.949589],[36.023329,52.949586],[36.02333,52.949586],[36.02333,52.949586],[36.023679,52.949577],[36.023679,52.949577],[36.02368,52.949577],[36.024464,52.949547],[36.024464,52.949547],[36.024604,52.949542],[36.024685,52.94954],[36.024683,52.949541],[36.024638,52.949593],[36.024635,52.949598],[36.024632,52.949603],[36.024631,52.949605],[36.02463,52.949607],[36.02463,52.949612],[36.024629,52.949617],[36.024678,52.950163],[36.024678,52.950163],[36.024678,52.950163],[36.024691,52.950313],[36.024723,52.950662],[36.024723,52.950662],[36.024723,52.950662],[36.024796,52.951471],[36.024804,52.951573],[36.02485,52.952133],[36.02485,52.952133],[36.02485,52.952134],[36.024935,52.953106],[36.024921,52.953137],[36.024896,52.953155],[36.024867,52.953161],[36.02481,52.953163],[36.023906,52.953178],[36.023905,52.953178],[36.023905,52.953178],[36.023068,52.953196],[36.023067,52.953196],[36.023067,52.953196],[36.021717,52.953232],[36.021031,52.95325],[36.021031,52.95325],[36.021031,52.95325],[36.020883,52.953254],[36.020055,52.953277],[36.020054,52.953277],[36.020054,52.953277],[36.019025,52.953308],[36.018131,52.953336],[36.018131,52.953336],[36.01813,52.953336],[36.017355,52.953364],[36.017305,52.953365],[36.017304,52.953365],[36.017303,52.953365],[36.017126,52.953373],[36.016806,52.953384],[36.016806,52.953384],[36.016384,52.9534],[36.016384,52.9534],[36.016384,52.9534],[36.016023,52.953414],[36.015227,52.953443],[36.015227,52.953443],[36.015227,52.953443],[36.014831,52.953458],[36.014746,52.95346],[36.014746,52.95346],[36.014745,52.95346],[36.014358,52.953474],[36.014358,52.953474],[36.014358,52.953474],[36.01346,52.953507],[36.013375,52.95351],[36.013359,52.953509]]]}},{"type":"Feature","id":"1151","properties":{"id":"1151","city":"orel","baseScore":29.063906220099284,"baseScoreNoCommerce":27.27272558244457,"baseRank":267,"population":6896.285479874048,"blocks":{"housing":0.5324068753796398,"infra":0.33072048732943465,"transport":0.49935,"work":0.0011589164131537012,"green":0,"commerce":0.3801980940837285},"indicators":[{"label":"Жильё: плотность","value":190.974},{"label":"Жильё: обеспеченность","value":31.959},{"label":"Жильё: износ","value":3.752},{"label":"Жильё: этажность","value":16.588235},{"label":"Инфраструктура: разнообразие","value":0.15277777777777776},{"label":"Инфраструктура: полнота корзины","value":27.991},{"label":"Транспорт: доступность","value":49.935},{"label":"Рабочие места: обеспеченность","value":0.0011589164131537012},{"label":"Рабочие места: плотность","value":0.000022157932386690504},{"label":"Коммерция: активность ФНС","value":9.042},{"label":"Коммерция: ККТ","value":19.83},{"label":"Коммерция: медианный чек","value":0}]},"geometry":{"type":"Polygon","coordinates":[[[36.014059,52.958768],[36.013822,52.957241],[36.013591,52.955981],[36.013449,52.95507],[36.013212,52.953664],[36.013216,52.953635],[36.01324,52.95361],[36.013257,52.953605],[36.013468,52.953597],[36.013468,52.953597],[36.013469,52.953597],[36.014367,52.953564],[36.014367,52.953564],[36.014754,52.95355],[36.014839,52.953547],[36.01484,52.953547],[36.01484,52.953547],[36.015236,52.953532],[36.016032,52.953504],[36.016032,52.953504],[36.016032,52.953504],[36.016393,52.95349],[36.016576,52.953483],[36.017187,52.953462],[36.017284,52.953456],[36.017313,52.953455],[36.017362,52.953453],[36.017363,52.953453],[36.018139,52.953426],[36.019032,52.953398],[36.019032,52.953398],[36.019032,52.953398],[36.020062,52.953366],[36.020889,52.953344],[36.020889,52.953344],[36.020889,52.953344],[36.021037,52.95334],[36.021723,52.953322],[36.021723,52.953322],[36.021723,52.953322],[36.022998,52.953288],[36.023017,52.953722],[36.023011,52.954328],[36.023008,52.954532],[36.022982,52.956254],[36.022953,52.956372],[36.02291,52.956653],[36.022913,52.956963],[36.022884,52.957779],[36.022841,52.957884],[36.022782,52.957931],[36.022699,52.957972],[36.022496,52.958015],[36.022289,52.958057],[36.0217,52.958178],[36.019907,52.95851],[36.019328,52.95854],[36.018396,52.958915],[36.018218,52.958851],[36.018028,52.958821],[36.017764,52.958818],[36.014059,52.958768]]]}},{"type":"Feature","id":"1152","properties":{"id":"1152","city":"orel","baseScore":24.156038313968562,"baseScoreNoCommerce":23.969288536108877,"baseRank":294,"population":1086.121703619104,"blocks":{"housing":0.6519544268054439,"infra":0.54651,"transport":0,"work":0,"green":0,"commerce":0.2508978720326699},"indicators":[{"label":"Жильё: плотность","value":176.439},{"label":"Жильё: обеспеченность","value":35.6},{"label":"Жильё: износ","value":3.952},{"label":"Жильё: этажность","value":11.6},{"label":"Инфраструктура: разнообразие","value":0.125},{"label":"Инфраструктура: полнота корзины","value":78.453},{"label":"Коммерция: активность ФНС","value":8},{"label":"Коммерция: ККТ","value":1.856},{"label":"Коммерция: медианный чек","value":0}]},"geometry":{"type":"Polygon","coordinates":[[[36.129339,53.018571],[36.126313,53.020023],[36.125441,53.0196],[36.124404,53.018406],[36.126673,53.016817],[36.129339,53.018571]]]}},{"type":"Feature","id":"1153","properties":{"id":"1153","city":"orel","baseScore":14.976014827621894,"baseScoreNoCommerce":17.069310990279217,"baseRank":331,"population":100.22721561430663,"blocks":{"housing":0.8138164267069433,"infra":0.03964912280701754,"transport":0,"work":0,"green":0,"commerce":0.045095340143352855},"indicators":[{"label":"Жильё: плотность","value":7.806},{"label":"Жильё: обеспеченность","value":43.365},{"label":"Инфраструктура: разнообразие","value":0},{"label":"Инфраструктура: полнота корзины","value":0},{"label":"Коммерция: активность ФНС","value":1},{"label":"Коммерция: ККТ","value":0.744},{"label":"Коммерция: медианный чек","value":0}]},"geometry":{"type":"MultiPolygon","coordinates":[[[[36.151534,52.985413],[36.151848,52.985566],[36.152986,52.986093],[36.153431,52.98649],[36.153533,52.986677],[36.153549,52.987724],[36.153806,52.988828],[36.153549,52.989196],[36.153753,52.989545],[36.153769,52.989994],[36.153237,52.990136],[36.153072,52.99018],[36.152262,52.990397],[36.151193,52.990778],[36.151132,52.990694],[36.151128,52.990691],[36.151126,52.990688],[36.149752,52.989383],[36.14975,52.989382],[36.149749,52.98938],[36.149075,52.988843],[36.148921,52.988698],[36.148887,52.988643],[36.148893,52.988604],[36.149558,52.987839],[36.150162,52.987145],[36.150162,52.987145],[36.150162,52.987145],[36.150507,52.986748],[36.150508,52.986747],[36.151019,52.986122],[36.150942,52.986096],[36.151534,52.985413]]],[[[36.150102,52.989883],[36.149368,52.989225],[36.149628,52.989433],[36.150102,52.989883]]]]}},{"type":"Feature","id":"1154","properties":{"id":"1154","city":"orel","baseScore":14.976014827621894,"baseScoreNoCommerce":17.069310990279217,"baseRank":331,"population":130.4753697544922,"blocks":{"housing":0.8138164267069433,"infra":0.03964912280701754,"transport":0,"work":0,"green":0,"commerce":0.045095340143352855},"indicators":[{"label":"Жильё: плотность","value":7.806},{"label":"Жильё: обеспеченность","value":43.365},{"label":"Инфраструктура: разнообразие","value":0},{"label":"Инфраструктура: полнота корзины","value":0},{"label":"Коммерция: активность ФНС","value":1},{"label":"Коммерция: ККТ","value":0.744},{"label":"Коммерция: медианный чек","value":0}]},"geometry":{"type":"Polygon","coordinates":[[[36.145915,52.991604],[36.146368,52.991411],[36.146438,52.991443],[36.146469,52.991417],[36.146485,52.991406],[36.14662,52.991287],[36.146625,52.991281],[36.147058,52.990747],[36.147058,52.990747],[36.147058,52.990747],[36.147615,52.990061],[36.148692,52.988735],[36.148753,52.988703],[36.148764,52.988701],[36.148785,52.988734],[36.148792,52.988742],[36.148951,52.988893],[36.148954,52.988896],[36.149368,52.989225],[36.150102,52.989883],[36.150998,52.990733],[36.151062,52.990821],[36.151071,52.99083],[36.150336,52.991159],[36.149563,52.991502],[36.14922,52.991951],[36.148807,52.992529],[36.148707,52.992808],[36.148973,52.993294],[36.149062,52.99347],[36.149118,52.993685],[36.148828,52.994104],[36.148504,52.994451],[36.148297,52.994657],[36.146756,52.996029],[36.146643,52.996007],[36.14502,52.995075],[36.14494,52.995029],[36.143498,52.994195],[36.143498,52.994194],[36.14408,52.993982],[36.14499,52.993432],[36.145303,52.993296],[36.145585,52.992732],[36.145639,52.991624],[36.145915,52.991604]]]}},{"type":"Feature","id":"1155","properties":{"id":"1155","city":"orel","baseScore":35.948621059578926,"baseScoreNoCommerce":30.460047315619924,"baseRank":230,"population":782.6795992535889,"blocks":{"housing":0.1837353201408252,"infra":0.31505847953216376,"transport":1,"work":0.024208566108007448,"green":0,"commerce":0.6339148977937394},"indicators":[{"label":"Жильё: плотность","value":55.374},{"label":"Жильё: обеспеченность","value":33.853},{"label":"Жильё: износ","value":45.13},{"label":"Жильё: этажность","value":5.4},{"label":"Инфраструктура: разнообразие","value":0.20833333333333334},{"label":"Инфраструктура: полнота корзины","value":0},{"label":"Транспорт: доступность","value":100},{"label":"Рабочие места: обеспеченность","value":0.024208566108007448},{"label":"Рабочие места: плотность","value":0.0001373778078950928},{"label":"Коммерция: активность ФНС","value":8.015},{"label":"Коммерция: ККТ","value":19.354},{"label":"Коммерция: медианный чек","value":189.587}]},"geometry":{"type":"Polygon","coordinates":[[[36.117689,52.978059],[36.117652,52.978005],[36.118571,52.976329],[36.119244,52.974964],[36.119328,52.974663],[36.11937,52.973701],[36.119437,52.973212],[36.119536,52.973035],[36.11966,52.972813],[36.119952,52.972901],[36.119941,52.972884],[36.119941,52.972839],[36.119997,52.97275],[36.120378,52.972312],[36.120598,52.971981],[36.120724,52.971791],[36.120823,52.971537],[36.120968,52.971374],[36.121175,52.970731],[36.121558,52.969868],[36.121658,52.969825],[36.121743,52.969696],[36.121397,52.969451],[36.121419,52.96938],[36.123056,52.969858],[36.123061,52.96986],[36.124986,52.970393],[36.12489,52.970429],[36.124885,52.970431],[36.124879,52.970433],[36.124798,52.970478],[36.124788,52.970484],[36.124736,52.970526],[36.12473,52.970531],[36.124266,52.971025],[36.124049,52.971257],[36.124048,52.971257],[36.124047,52.971258],[36.123993,52.971323],[36.123128,52.972321],[36.123128,52.972321],[36.123128,52.972321],[36.123008,52.97246],[36.123008,52.972461],[36.123007,52.972461],[36.122838,52.972668],[36.122838,52.972669],[36.122837,52.972669],[36.122788,52.972732],[36.122083,52.973539],[36.122083,52.973539],[36.122083,52.97354],[36.121933,52.973716],[36.121451,52.974285],[36.12145,52.974285],[36.12145,52.974285],[36.1208,52.975081],[36.1208,52.975081],[36.120799,52.975082],[36.11962,52.976596],[36.11962,52.976596],[36.11962,52.976596],[36.11962,52.976596],[36.11962,52.976597],[36.119527,52.976721],[36.119527,52.976722],[36.118724,52.977857],[36.118724,52.977858],[36.118389,52.978361],[36.118389,52.978361],[36.118388,52.978362],[36.118385,52.978367],[36.117892,52.978295],[36.11777,52.978264],[36.117711,52.978205],[36.117689,52.978059]]]}},{"type":"Feature","id":"1156","properties":{"id":"1156","city":"orel","baseScore":22.48557908318183,"baseScoreNoCommerce":23.934430883660763,"baseRank":299,"population":646.1012925856934,"blocks":{"housing":1,"infra":0.08842105263157894,"transport":0,"work":0.007680491551459293,"green":0.10062,"commerce":0.15241320080787166},"indicators":[{"label":"Жильё: плотность","value":19.836},{"label":"Жильё: обеспеченность","value":54.039},{"label":"Инфраструктура: разнообразие","value":0},{"label":"Инфраструктура: полнота корзины","value":0},{"label":"Рабочие места: обеспеченность","value":0.007680491551459293},{"label":"Рабочие места: плотность","value":0.000015353256379715845},{"label":"Зеленые зоны: доступность","value":10.062},{"label":"Коммерция: активность ФНС","value":7},{"label":"Коммерция: ККТ","value":0.3},{"label":"Коммерция: медианный чек","value":0}]},"geometry":{"type":"Polygon","coordinates":[[[36.029798,52.985832],[36.027489,52.987205],[36.026999,52.986919],[36.026997,52.986918],[36.026996,52.986917],[36.026145,52.986471],[36.026144,52.986471],[36.026144,52.986471],[36.025614,52.986208],[36.025095,52.985887],[36.025955,52.985248],[36.024481,52.984549],[36.024948,52.984179],[36.024237,52.983617],[36.023578,52.982765],[36.023222,52.981888],[36.023235,52.980974],[36.024272,52.98051],[36.024034,52.980301],[36.023649,52.979963],[36.02338,52.979734],[36.023494,52.979635],[36.023707,52.97945],[36.02465,52.979551],[36.024781,52.979221],[36.02518,52.979288],[36.025035,52.979595],[36.025256,52.979626],[36.02556,52.979738],[36.025996,52.980031],[36.026018,52.980046],[36.026359,52.980279],[36.026659,52.979958],[36.026868,52.980044],[36.027492,52.980038],[36.02764,52.980182],[36.028188,52.98045],[36.02903,52.981127],[36.029144,52.981278],[36.02951,52.981182],[36.030055,52.98185],[36.029643,52.982055],[36.031083,52.983764],[36.031333,52.983992],[36.031283,52.984078],[36.032083,52.984826],[36.032867,52.985451],[36.033715,52.985961],[36.034006,52.985831],[36.034497,52.986094],[36.034149,52.986153],[36.033758,52.986177],[36.033604,52.986175],[36.033381,52.986171],[36.033358,52.986173],[36.033337,52.986179],[36.03332,52.986189],[36.033309,52.986201],[36.033305,52.986215],[36.033308,52.986229],[36.03331,52.986232],[36.03193,52.986931],[36.0311,52.986271],[36.029798,52.985832]]]}},{"type":"Feature","id":"1157","properties":{"id":"1157","city":"orel","baseScore":38.07942621275709,"baseScoreNoCommerce":33.04406775554301,"baseRank":208,"population":24.00378366474609,"blocks":{"housing":0.4148349667245189,"infra":0.19736842105263155,"transport":1,"work":0.04,"green":0,"commerce":0.6325621849882751},"indicators":[{"label":"Жильё: плотность","value":29.208},{"label":"Жильё: обеспеченность","value":37.454},{"label":"Жильё: износ","value":34},{"label":"Жильё: этажность","value":2},{"label":"Инфраструктура: разнообразие","value":0},{"label":"Инфраструктура: полнота корзины","value":0},{"label":"Транспорт: доступность","value":100},{"label":"Рабочие места: обеспеченность","value":0.04},{"label":"Рабочие места: плотность","value":0.00012169887430892127},{"label":"Коммерция: активность ФНС","value":8.781},{"label":"Коммерция: ККТ","value":2.628},{"label":"Коммерция: медианный чек","value":315.205}]},"geometry":{"type":"Polygon","coordinates":[[[36.075317,52.945837],[36.075574,52.945786],[36.075657,52.94592],[36.075741,52.946055],[36.075572,52.946095],[36.074491,52.94635],[36.07449,52.94635],[36.074489,52.94635],[36.073548,52.946596],[36.073548,52.946596],[36.073548,52.946596],[36.073053,52.946725],[36.072878,52.946358],[36.075317,52.945837]]]}},{"type":"Feature","id":"1158","properties":{"id":"1158","city":"orel","baseScore":36.29407714422233,"baseScoreNoCommerce":32.417871483524806,"baseRank":227,"population":51.007760696228026,"blocks":{"housing":0.4270173742424439,"infra":0.15614035087719294,"transport":1,"work":0.03773584905660377,"green":0,"commerce":0.5567510544770993},"indicators":[{"label":"Жильё: плотность","value":34.305},{"label":"Жильё: обеспеченность","value":37.775},{"label":"Жильё: износ","value":33.838},{"label":"Жильё: этажность","value":2},{"label":"Инфраструктура: разнообразие","value":0},{"label":"Инфраструктура: полнота корзины","value":0},{"label":"Транспорт: доступность","value":100},{"label":"Рабочие места: обеспеченность","value":0.03773584905660377},{"label":"Рабочие места: плотность","value":0.00013452895038224021},{"label":"Коммерция: активность ФНС","value":8.119},{"label":"Коммерция: ККТ","value":2.699},{"label":"Коммерция: медианный чек","value":554.122}]},"geometry":{"type":"Polygon","coordinates":[[[36.072664,52.943269],[36.073145,52.943038],[36.074414,52.944047],[36.074421,52.944055],[36.074619,52.944301],[36.074781,52.944519],[36.07509,52.945007],[36.075246,52.94527],[36.074214,52.94545],[36.073594,52.944549],[36.074124,52.944338],[36.073628,52.943869],[36.073461,52.943939],[36.072664,52.943269]]]}},{"type":"Feature","id":"1159","properties":{"id":"1159","city":"orel","baseScore":42.2721074575231,"baseScoreNoCommerce":42.140621037339514,"baseRank":182,"population":51.00563349934082,"blocks":{"housing":0.32449452037430937,"infra":0.2068421052631579,"transport":0.96078,"work":0.16393442622950818,"green":0.45098,"commerce":0.42929539558441016},"indicators":[{"label":"Жильё: плотность","value":15.794},{"label":"Жильё: обеспеченность","value":33.776},{"label":"Жильё: износ","value":31},{"label":"Жильё: этажность","value":2},{"label":"Инфраструктура: разнообразие","value":0},{"label":"Инфраструктура: полнота корзины","value":0},{"label":"Транспорт: доступность","value":96.078},{"label":"Рабочие места: обеспеченность","value":0.16393442622950818},{"label":"Рабочие места: плотность","value":0.00030969244003679983},{"label":"Зеленые зоны: доступность","value":45.098},{"label":"Коммерция: активность ФНС","value":4.635},{"label":"Коммерция: ККТ","value":2.761},{"label":"Коммерция: медианный чек","value":1639.183}]},"geometry":{"type":"Polygon","coordinates":[[[36.101283,52.958066],[36.101276,52.957994],[36.101472,52.95797],[36.101493,52.957965],[36.101511,52.957956],[36.101524,52.957945],[36.10153,52.957931],[36.101529,52.957917],[36.101244,52.957122],[36.101211,52.957015],[36.101209,52.95701],[36.101191,52.956975],[36.101186,52.956965],[36.101295,52.956929],[36.102216,52.95674],[36.102303,52.956833],[36.10305,52.958497],[36.101712,52.958618],[36.101954,52.959289],[36.101904,52.959478],[36.102027,52.960005],[36.101965,52.960188],[36.100278,52.959885],[36.100519,52.9594],[36.101079,52.959334],[36.100896,52.95853],[36.100993,52.958298],[36.100928,52.958169],[36.101283,52.958066]]]}}]}