{"type":"FeatureCollection","name":"road_auto_lable","xy_coordinate_resolution":0.000001,"features":[{"type":"Feature","properties":{"name_ru":null,"name":"Итальянская улица","ref":"М-2","highway":"trunk","q":1,"lenght":153.20187025132168},"geometry":{"type":"LineString","coordinates":[[36.151947,52.941309],[36.151141,52.940765],[36.150458,52.940263],[36.149585,52.93972],[36.148853,52.939297],[36.147931,52.938825],[36.146801,52.93833],[36.145904,52.937921],[36.144885,52.937564],[36.143588,52.937127],[36.142388,52.936801],[36.141094,52.936536],[36.139801,52.936262],[36.138517,52.936087],[36.13714,52.935946],[36.135286,52.93582],[36.133357,52.935711],[36.130863,52.935583],[36.127018,52.935337],[36.125535,52.935242],[36.12399,52.935142],[36.122418,52.935003],[36.120797,52.934814],[36.119373,52.934621],[36.118085,52.934441],[36.116846,52.934237],[36.115754,52.934037],[36.114897,52.933851],[36.113596,52.933554],[36.111742,52.933081],[36.105875,52.931556],[36.099252,52.929874],[36.098691,52.929732],[36.09816,52.929591],[36.093744,52.928413],[36.09277,52.928162],[36.091161,52.927746],[36.089797,52.927408],[36.088699,52.927124],[36.085793,52.926371],[36.08186,52.92535],[36.079389,52.924717],[36.078997,52.924616],[36.078927,52.924598],[36.078478,52.924481],[36.078093,52.924382],[36.077564,52.924255],[36.075428,52.923697],[36.075017,52.923586],[36.07199,52.922794],[36.071531,52.922674],[36.069695,52.9222],[36.068454,52.92188],[36.067323,52.92159],[36.065847,52.921213],[36.06393,52.920668],[36.062278,52.92014],[36.06053,52.919505],[36.058523,52.918644],[36.057646,52.918251],[36.056699,52.917811],[36.055643,52.917279],[36.054663,52.916756],[36.052679,52.915673],[36.051326,52.914934],[36.051107,52.914814],[36.048383,52.913312],[36.047494,52.912822],[36.044411,52.911146],[36.042299,52.910094],[36.040626,52.909355],[36.039253,52.90879],[36.03787,52.908276],[36.037087,52.908018],[36.035356,52.907447],[36.029591,52.905668],[36.027987,52.905181],[36.027762,52.905113],[36.025726,52.904497]]}},{"type":"Feature","properties":{"name_ru":null,"name":"улица 60-летия Октября","ref":null,"highway":"primary","q":1,"lenght":201.9707775733071},"geometry":{"type":"LineString","coordinates":[[36.080196,52.976322],[36.078545,52.977839],[36.078134,52.9782],[36.077869,52.978428],[36.077716,52.978551],[36.077553,52.978668],[36.077387,52.978748],[36.077012,52.97891],[36.076097,52.97926],[36.07581,52.979364],[36.075576,52.979446],[36.074311,52.979838],[36.073759,52.980011],[36.072811,52.980308],[36.071267,52.980782],[36.07092,52.980891],[36.070408,52.98105],[36.07008,52.981154],[36.06983,52.981284]]}},{"type":"Feature","properties":{"name_ru":null,"name":null,"ref":"Р-119","highway":"primary","q":1,"lenght":40.903749854330805},"geometry":{"type":"MultiLineString","coordinates":[[[35.982419,52.918485],[35.982471,52.920206],[35.982399,52.920365],[35.982244,52.920473],[35.979048,52.921774],[35.978898,52.921827]],[[35.986657,52.918477],[35.98654,52.918035],[35.985616,52.915489],[35.985661,52.915271],[35.985718,52.915207]],[[36.001339,52.918426],[36.001413,52.918548],[36.001419,52.918619],[36.001396,52.9187],[36.001287,52.918844],[36.00039,52.919668],[35.999959,52.920092],[35.999607,52.920367],[35.999006,52.920809],[35.998363,52.921186],[35.997692,52.921502],[35.997295,52.921614],[35.996691,52.921713],[35.995642,52.921789],[35.994295,52.921886]],[[36.001991,52.926495],[36.001024,52.926417],[36.000128,52.926356],[35.999125,52.926289],[35.998206,52.926227],[35.99727,52.926155],[35.996348,52.926085],[35.996041,52.926061],[35.995936,52.926044],[35.995877,52.926005],[35.995793,52.925826],[35.995884,52.925798],[35.995958,52.925754],[35.996021,52.925052],[35.996074,52.924974],[35.996149,52.924931],[35.996251,52.924914],[35.996335,52.9249],[35.997219,52.924846],[35.998158,52.92479],[35.999152,52.924729],[36.000078,52.924673],[36.000972,52.924619],[36.001125,52.92461],[36.001862,52.92456],[36.004278,52.924316],[36.004619,52.92429],[36.007029,52.92413],[36.007024,52.924255],[36.007019,52.92438],[36.007124,52.924593],[36.007131,52.924637],[36.007101,52.924714],[36.006988,52.924693]],[[36.017398,52.909405],[36.017738,52.909206],[36.017944,52.909084],[36.018172,52.908921],[36.018338,52.90877],[36.01843,52.908667],[36.018511,52.908563],[36.018643,52.90833],[36.018761,52.908035],[36.018859,52.907641],[36.019007,52.907066],[36.019127,52.906666],[36.019186,52.906466],[36.019238,52.906361],[36.0193,52.906282],[36.019386,52.906198],[36.019474,52.906129],[36.01959,52.906051],[36.01971,52.905978],[36.019799,52.905907],[36.019848,52.905836]],[[36.019848,52.905836],[36.019859,52.905747],[36.019837,52.905649],[36.019518,52.904726],[36.019066,52.90336],[36.019028,52.903244],[36.018984,52.903101],[36.018966,52.903038]],[[36.019848,52.905836],[36.019993,52.905838],[36.02003,52.905839]],[[36.02003,52.905839],[36.020137,52.9059],[36.020222,52.905976],[36.020288,52.906071],[36.020341,52.906167],[36.021312,52.908852],[36.021357,52.909082],[36.021407,52.909389],[36.021469,52.909701],[36.021703,52.910601],[36.021778,52.910938],[36.021787,52.910977],[36.021793,52.910999],[36.021802,52.911062],[36.02189,52.911339],[36.021954,52.91154],[36.022213,52.912413],[36.022264,52.912587],[36.022387,52.913001],[36.022542,52.913522],[36.022432,52.913651],[36.023007,52.91406],[36.023438,52.914643],[36.023866,52.915314],[36.024869,52.916884],[36.024457,52.917153],[36.026645,52.918383],[36.027649,52.918959],[36.030333,52.920426],[36.030315,52.920485],[36.03016,52.920615],[36.030174,52.920668],[36.031262,52.921245],[36.032052,52.921542],[36.033623,52.922181],[36.034535,52.922638],[36.034873,52.922766],[36.03519,52.922819],[36.035694,52.923016],[36.03633,52.923383],[36.036834,52.923651],[36.037255,52.923806],[36.03754,52.923963],[36.038511,52.92472],[36.038712,52.924934]],[[36.02003,52.905839],[36.02022,52.905795],[36.020371,52.905764],[36.020944,52.905718],[36.023457,52.90559],[36.024266,52.905535],[36.024799,52.905462],[36.024996,52.90539],[36.025487,52.905281],[36.02615,52.905159],[36.026452,52.905131],[36.026753,52.905129],[36.027157,52.905167],[36.027377,52.905228],[36.027517,52.905279],[36.027616,52.905309],[36.027738,52.90531],[36.027892,52.905262],[36.027987,52.905181]],[[36.024947,52.94947],[36.0246,52.949497],[36.02446,52.949502],[36.023675,52.949532],[36.023327,52.949542],[36.023186,52.949545],[36.021916,52.949584],[36.020125,52.949641],[36.018699,52.949687]],[[36.020681,52.924521],[36.020997,52.924877],[36.021494,52.925388],[36.021544,52.925432]],[[36.020807,52.925549],[36.02124,52.92547],[36.021281,52.925464],[36.021463,52.925438],[36.021544,52.925432]],[[36.021544,52.925432],[36.021544,52.925432]],[[36.021544,52.925432],[36.021734,52.925597],[36.02205,52.92581],[36.022493,52.926059]],[[36.022337,52.925508],[36.022435,52.925542],[36.022499,52.925578],[36.022517,52.925609],[36.022518,52.925642],[36.022449,52.925751],[36.022404,52.925818],[36.022385,52.925872],[36.0224,52.925915],[36.022428,52.92596],[36.022493,52.926059]],[[36.022493,52.926059],[36.022493,52.926059]],[[36.022493,52.926059],[36.02869,52.929545]],[[36.030517,52.994964],[36.030344,52.99505],[36.029452,52.995497],[36.029328,52.995559],[36.028936,52.995753],[36.027782,52.996352],[36.026171,52.997192],[36.023932,52.99834],[36.023084,52.998803],[36.02106,52.999994],[36.020705,53.000222],[36.018063,53.001905]],[[36.0363,52.926795],[36.03549,52.927341],[36.035355,52.92742],[36.035124,52.927383],[36.034886,52.92732],[36.034171,52.927029],[36.034018,52.927049],[36.033866,52.927027],[36.033794,52.927016],[36.033014,52.926674],[36.032479,52.92642],[36.032315,52.926386],[36.031201,52.926171],[36.030755,52.926075],[36.030348,52.925966],[36.030128,52.925867],[36.029671,52.925617],[36.029014,52.925186],[36.028108,52.924495],[36.027204,52.923809],[36.026632,52.92327],[36.026064,52.922727],[36.02582,52.922468],[36.025744,52.922371]],[[36.02501,52.953111],[36.024988,52.953158],[36.024939,52.953193],[36.024882,52.953205],[36.024814,52.953208]],[[36.025941,52.966164],[36.026209,52.967024],[36.026273,52.967226],[36.026348,52.967501],[36.026378,52.967607],[36.0266,52.968419]],[[36.02869,52.929545],[36.02869,52.929545]],[[36.02869,52.929545],[36.030928,52.930804]],[[36.02869,52.929545],[36.028819,52.929461],[36.028915,52.9294],[36.029258,52.929151],[36.029352,52.929083],[36.029987,52.928657],[36.030943,52.928017],[36.03164,52.927549],[36.031686,52.927501]],[[36.025285,52.986103],[36.025249,52.98612]],[[36.03023,52.931245],[36.030292,52.931207],[36.030669,52.930965],[36.030763,52.930907],[36.030804,52.930881],[36.030928,52.930804]],[[36.026849,52.986998],[36.026947,52.986951]],[[36.030928,52.930804],[36.031558,52.931158],[36.035548,52.93339],[36.03833,52.934929],[36.042645,52.937362],[36.048448,52.940599],[36.048464,52.940608]],[[36.029659,52.968223],[36.029703,52.968176],[36.029733,52.968111],[36.02966,52.967568],[36.02954,52.967105],[36.02931,52.966333],[36.029193,52.965929]],[[36.034138,52.912218],[36.035913,52.912806],[36.036588,52.913132],[36.036773,52.913222],[36.03737,52.913514],[36.038074,52.913927],[36.038251,52.914031],[36.038784,52.914302],[36.039542,52.914663],[36.039649,52.914718],[36.04,52.914899],[36.04093,52.914935],[36.041313,52.915107],[36.041966,52.915392],[36.043227,52.916003],[36.043599,52.916194],[36.044605,52.916303],[36.045602,52.916163],[36.045945,52.91601],[36.046551,52.91595],[36.046878,52.915946],[36.047149,52.915967],[36.047708,52.916237],[36.048113,52.916648],[36.048277,52.916748],[36.048474,52.916843]],[[36.043564,52.920838],[36.043002,52.920874],[36.041953,52.920751],[36.041213,52.920483],[36.040218,52.920058],[36.040167,52.91998],[36.040165,52.919827],[36.040058,52.919759],[36.039896,52.919734],[36.039552,52.919682],[36.038738,52.919498],[36.038389,52.91943],[36.038229,52.91942],[36.037946,52.91945],[36.037683,52.919448],[36.037496,52.919374],[36.038005,52.918749],[36.037313,52.918322],[36.036839,52.918028],[36.036628,52.917898],[36.035947,52.917477],[36.035261,52.917058],[36.034632,52.916664],[36.033929,52.916238],[36.033248,52.915811],[36.032941,52.915618],[36.033048,52.914984],[36.033133,52.914112],[36.033236,52.913587],[36.033423,52.913078],[36.033893,52.912516],[36.034138,52.912218]],[[36.042299,52.910094],[36.042074,52.910186],[36.041794,52.910274],[36.040859,52.910519],[36.039256,52.910938],[36.039045,52.910978],[36.038865,52.911011],[36.038367,52.911061],[36.037587,52.911086],[36.037399,52.911107],[36.037038,52.911147],[36.035857,52.911279],[36.034844,52.911413],[36.034418,52.911854],[36.034138,52.912218]],[[36.033787,52.962045],[36.033763,52.961524],[36.033724,52.961104],[36.033663,52.960773],[36.033543,52.960382],[36.03338,52.96003],[36.033225,52.959758],[36.032904,52.959273],[36.032793,52.959122],[36.03252,52.958757],[36.032168,52.958287],[36.031983,52.958132]],[[36.031005,52.975498],[36.031326,52.976697],[36.031745,52.977918],[36.032007,52.978519],[36.032351,52.978907],[36.033042,52.979689]],[[36.029918,52.994768],[36.030007,52.99481],[36.030517,52.994964]],[[36.033985,52.946523],[36.033704,52.946654],[36.033647,52.946706],[36.033613,52.946755],[36.033598,52.94682],[36.033596,52.946876],[36.033653,52.947037]],[[36.03292,52.993552],[36.032366,52.993959],[36.032031,52.99417],[36.031602,52.994407],[36.03101,52.994712],[36.030517,52.994964]],[[36.033448,52.96203],[36.033667,52.962046],[36.033787,52.962045]],[[36.033792,52.962423],[36.033787,52.962045]],[[36.033792,52.962423],[36.033866,52.962507],[36.033993,52.96258],[36.034086,52.962609],[36.034219,52.962629],[36.034405,52.962642]],[[36.033794,52.96312],[36.033792,52.962423]],[[36.0402,52.923599],[36.040684,52.92319],[36.041288,52.922683],[36.041921,52.922153],[36.042203,52.921921],[36.042514,52.921658],[36.043564,52.920838]],[[36.039753,52.931191],[36.040333,52.93081]],[[36.048474,52.916843],[36.048174,52.917233],[36.047707,52.917928],[36.047252,52.918878],[36.047045,52.919148],[36.046804,52.919379],[36.046341,52.91966],[36.045395,52.920255],[36.044553,52.920561],[36.043564,52.920838]],[[36.041092,52.9876],[36.041265,52.987723],[36.041493,52.987884]],[[36.051107,52.914814],[36.050697,52.915045],[36.050549,52.915129],[36.050504,52.915161],[36.04956,52.915833],[36.04892,52.916373],[36.048723,52.91654],[36.048474,52.916843]],[[36.045507,52.972876],[36.045582,52.972957],[36.045646,52.972999],[36.04572,52.973026],[36.045887,52.973051],[36.045739,52.973099],[36.045622,52.973178],[36.045467,52.973301]],[[36.047814,52.940246],[36.048022,52.940276],[36.048107,52.940283],[36.048201,52.940279],[36.048283,52.940265],[36.048358,52.940249],[36.048304,52.940295],[36.048278,52.940335],[36.048263,52.940381],[36.048264,52.940421],[36.048274,52.940453]],[[36.048179,52.939594],[36.048531,52.939848],[36.048721,52.939991],[36.048855,52.940079],[36.04902,52.940182]],[[36.04817,52.941513],[36.04834,52.941333],[36.048414,52.941233],[36.048464,52.941144],[36.048501,52.941043],[36.048515,52.940958],[36.048515,52.940879],[36.048494,52.940803],[36.048472,52.94075],[36.048387,52.940621],[36.048464,52.940608]],[[36.04872,52.940754],[36.048702,52.940802],[36.048617,52.941073],[36.048576,52.94115],[36.048519,52.941221],[36.048454,52.941284],[36.04817,52.941513]],[[36.04817,52.941513],[36.048599,52.941249],[36.048759,52.94117],[36.04891,52.941113],[36.049039,52.941079],[36.049156,52.941057],[36.049237,52.941049]],[[36.0497,52.941313],[36.049333,52.941252],[36.0492,52.94124],[36.049096,52.941239],[36.048971,52.941247],[36.048805,52.941278],[36.048642,52.941314],[36.048552,52.94134],[36.04842,52.941396],[36.048381,52.941414],[36.04817,52.941513]],[[36.048474,52.940193],[36.048597,52.940195],[36.04868,52.940207],[36.048753,52.940233],[36.048798,52.940261],[36.048827,52.940301],[36.048831,52.940353],[36.048787,52.94046]],[[36.048464,52.940608],[36.04872,52.940754]],[[36.048787,52.94046],[36.048746,52.940497],[36.048711,52.940528],[36.048654,52.94056],[36.048604,52.940578],[36.048532,52.940596],[36.048464,52.940608]],[[36.04872,52.940754],[36.049237,52.941049]],[[36.048787,52.94046],[36.048776,52.940513],[36.048736,52.940711],[36.04872,52.940754]],[[36.049237,52.941049],[36.049237,52.941049]],[[36.049237,52.941049],[36.0497,52.941313]],[[36.0497,52.941313],[36.0497,52.941313]],[[36.0497,52.941313],[36.050629,52.941843],[36.05225,52.942827],[36.052925,52.94331],[36.055832,52.945457],[36.060327,52.948833],[36.06056,52.94906],[36.060838,52.949423],[36.061158,52.949914],[36.061296,52.950187],[36.061413,52.950486],[36.062175,52.952755],[36.062215,52.952864]],[[36.052377,52.9715],[36.052326,52.971408],[36.052033,52.970996],[36.051382,52.970219],[36.051337,52.970148],[36.051028,52.969655],[36.050748,52.969204]],[[36.055589,52.966549],[36.055592,52.96658],[36.0556,52.966607],[36.055619,52.966633],[36.055915,52.966847],[36.055976,52.966891],[36.056092,52.966973],[36.056687,52.967397],[36.05675,52.967442]],[[36.062377,52.953252],[36.062275,52.953184],[36.062243,52.95316],[36.062158,52.953125],[36.062051,52.953104],[36.061707,52.953052],[36.061247,52.952986]],[[36.06236,52.961237],[36.06244,52.96129],[36.062469,52.961326],[36.062483,52.961368],[36.062469,52.961596],[36.062464,52.961669],[36.062435,52.961902],[36.062407,52.962194],[36.062394,52.962215],[36.062357,52.962272],[36.062303,52.962329],[36.062266,52.962325],[36.062235,52.962321],[36.06212,52.962309],[36.061994,52.962295],[36.061961,52.962291],[36.061824,52.962269],[36.061679,52.962217],[36.0616,52.962117],[36.06155,52.961919],[36.06153,52.961729],[36.061512,52.961377],[36.061495,52.961305],[36.061457,52.961255]],[[36.062162,52.95287],[36.062215,52.952864]],[[36.062215,52.952864],[36.062316,52.953138],[36.062418,52.953332],[36.062755,52.953882],[36.063281,52.954801],[36.063634,52.95545],[36.063667,52.955487],[36.063677,52.955527],[36.065632,52.958973],[36.067249,52.961919],[36.067383,52.962157]],[[36.062215,52.952864],[36.062271,52.952857]],[[36.066445,52.930166],[36.066286,52.930229],[36.06615,52.930304],[36.065941,52.930479],[36.065324,52.93097],[36.065015,52.93131],[36.065016,52.931564],[36.064467,52.932128],[36.064288,52.93236],[36.06413,52.93257],[36.063817,52.932932],[36.063635,52.933144],[36.064435,52.93355],[36.06478,52.933725],[36.064919,52.933812],[36.065236,52.934011],[36.065349,52.934167],[36.065378,52.934206],[36.06572,52.934388],[36.065726,52.934481],[36.06458,52.935595],[36.064213,52.935909],[36.063829,52.936166]],[[36.06328,52.970097],[36.063302,52.970132],[36.063307,52.97017],[36.063287,52.970216],[36.063255,52.970256],[36.063179,52.97031],[36.062784,52.970504],[36.062298,52.970735],[36.061722,52.971008],[36.061616,52.971058]],[[36.062917,52.966533],[36.062815,52.966631],[36.062719,52.966722],[36.062626,52.966771],[36.06256,52.966788],[36.06249,52.9668],[36.062437,52.966808],[36.062385,52.966809],[36.062306,52.966794]],[[36.062661,52.966097],[36.062739,52.96605],[36.062796,52.966038],[36.062846,52.966037],[36.062889,52.966044],[36.062947,52.966063],[36.063,52.966115]],[[36.06516,52.971504],[36.064969,52.971604],[36.064566,52.971815],[36.063953,52.972125],[36.063533,52.972338],[36.063438,52.972386]],[[36.068199,52.939544],[36.068293,52.939549],[36.068378,52.939544],[36.06845,52.939535],[36.068511,52.93951],[36.068547,52.939483]],[[36.068199,52.939544],[36.06829,52.939575],[36.068411,52.939602],[36.068495,52.939628]],[[36.068385,52.939994],[36.067931,52.939674],[36.067847,52.939624],[36.067749,52.939584],[36.067621,52.93954],[36.067441,52.939491],[36.067133,52.93941],[36.067702,52.939486],[36.068026,52.939528],[36.068199,52.939544]],[[36.068809,52.940154],[36.068722,52.940162],[36.068682,52.940161],[36.068611,52.940149],[36.068551,52.940128],[36.068495,52.940096],[36.068426,52.94005],[36.068385,52.939994]],[[36.068385,52.939994],[36.06837,52.939945],[36.068375,52.939891],[36.068421,52.939837]],[[36.068421,52.939837],[36.068399,52.93982],[36.068428,52.939758],[36.068495,52.939628]],[[36.068421,52.939837],[36.068485,52.939803],[36.06856,52.939778],[36.068642,52.939775],[36.068727,52.939782],[36.068812,52.93981]],[[36.068495,52.939628],[36.068596,52.939668],[36.068672,52.939701]],[[36.068495,52.939628],[36.068547,52.939483]],[[36.068547,52.939483],[36.068574,52.93945],[36.068604,52.939554],[36.068635,52.939614],[36.068669,52.939665],[36.068672,52.939701]],[[36.068588,52.939408],[36.068934,52.938405],[36.068998,52.938218]],[[36.068672,52.939701],[36.068745,52.939743],[36.068812,52.93981]],[[36.068812,52.93981],[36.068891,52.939853],[36.068941,52.939913],[36.068962,52.939951],[36.068971,52.939998],[36.068965,52.940039],[36.068948,52.940079],[36.068914,52.940112],[36.068868,52.940135],[36.068809,52.940154]],[[36.069598,52.940382],[36.069213,52.940205],[36.069129,52.940183],[36.069041,52.940171],[36.068943,52.940167],[36.068809,52.940154]],[[36.067383,52.962157],[36.067323,52.962173]],[[36.067383,52.962157],[36.06823,52.963662],[36.06837,52.963861],[36.068514,52.963988],[36.069841,52.964757],[36.071184,52.965559],[36.071327,52.965636],[36.071742,52.965823],[36.074331,52.966817],[36.075685,52.967386]],[[36.067444,52.96214],[36.067383,52.962157]],[[36.07266,52.942574],[36.072433,52.942664],[36.072143,52.942781],[36.071833,52.942853],[36.071346,52.942875],[36.071145,52.942881],[36.070815,52.942892],[36.070432,52.942948],[36.0702,52.943011],[36.06986,52.943118],[36.0698,52.943186],[36.069788,52.943212],[36.069767,52.943259],[36.069731,52.943342],[36.069712,52.94348],[36.069711,52.943527],[36.069732,52.943638],[36.069812,52.943783],[36.069939,52.943984],[36.070484,52.944633]],[[36.068254,52.984976],[36.068165,52.98488],[36.067905,52.9846]],[[36.072119,52.92908],[36.072202,52.928986],[36.072293,52.928931]],[[36.073382,52.932725],[36.073083,52.932439]],[[36.079389,52.924717],[36.07911,52.924698],[36.078941,52.924675],[36.078777,52.924642],[36.078666,52.924633],[36.078575,52.92464],[36.078485,52.92466],[36.078392,52.924705],[36.078251,52.924814],[36.07823,52.92465],[36.078199,52.924585],[36.07815,52.924529],[36.078081,52.924478],[36.078016,52.924437],[36.077907,52.92438],[36.077767,52.924327],[36.077564,52.924255]],[[36.075685,52.967386],[36.075683,52.967388],[36.075638,52.967425]],[[36.075685,52.967386],[36.075991,52.967515],[36.078427,52.968499],[36.079588,52.968982],[36.083281,52.970466],[36.08549,52.971366]],[[36.075685,52.967386],[36.075731,52.967349],[36.075832,52.967265],[36.075957,52.967169]],[[36.079823,52.929225],[36.078969,52.930243]],[[36.079152,52.977501],[36.079354,52.977273],[36.079697,52.977095],[36.080057,52.976765],[36.080192,52.976636],[36.080428,52.976441],[36.080565,52.976401],[36.080724,52.976405]],[[36.0819,52.98649],[36.082031,52.986485],[36.08232,52.986481],[36.082625,52.986522],[36.084406,52.986761],[36.085213,52.986839],[36.085309,52.986851],[36.086187,52.986944]],[[36.083821,52.970339],[36.083585,52.970323],[36.083495,52.970329],[36.083413,52.970347],[36.083269,52.970408],[36.083218,52.970441]],[[36.083427,52.973716],[36.083411,52.973669],[36.083385,52.973636],[36.083352,52.973611],[36.083314,52.9736],[36.08325,52.973603],[36.083188,52.973613]],[[36.083427,52.973716],[36.083411,52.973736],[36.083326,52.973819],[36.082561,52.974529],[36.081955,52.975021],[36.08184,52.975106],[36.081778,52.97514],[36.081709,52.975163],[36.081614,52.975167],[36.081571,52.975164],[36.081497,52.975142],[36.081441,52.975112],[36.081407,52.97508],[36.081394,52.975032],[36.081405,52.974994],[36.081418,52.974952],[36.081977,52.974482],[36.08237,52.974123],[36.082767,52.973773],[36.083006,52.973562],[36.083213,52.973417],[36.083324,52.973364],[36.083447,52.973321],[36.083455,52.97343],[36.083483,52.973519],[36.083477,52.973618],[36.083427,52.973716]],[[36.085459,52.971408],[36.08549,52.971366]],[[36.08549,52.971366],[36.091364,52.973759],[36.092703,52.974286],[36.093891,52.974672],[36.094952,52.975041],[36.096983,52.975773],[36.099153,52.976581],[36.100191,52.976993],[36.100921,52.9773],[36.101887,52.977742],[36.102996,52.978332],[36.103424,52.978594],[36.104286,52.979057],[36.105664,52.97984],[36.106093,52.980138],[36.106596,52.980528],[36.106828,52.980748],[36.106963,52.980944],[36.107028,52.981141],[36.107094,52.982189],[36.107132,52.983305],[36.107162,52.983528],[36.107181,52.983616],[36.107243,52.983753],[36.107287,52.983806],[36.107402,52.983889],[36.107646,52.98399],[36.110154,52.98489],[36.110643,52.985054],[36.111046,52.985169],[36.111143,52.98519]],[[36.08549,52.971366],[36.085516,52.971332]],[[36.08813,52.957064],[36.087007,52.956679]],[[36.087964,52.957313],[36.089043,52.957662],[36.089321,52.957751],[36.089932,52.957886],[36.090087,52.957985],[36.092355,52.958793]],[[36.088688,52.992364],[36.088792,52.992375],[36.089126,52.99242]],[[36.090093,52.993308],[36.09008,52.993241],[36.090056,52.993181],[36.090026,52.993126],[36.089943,52.992978],[36.08993,52.992917],[36.089934,52.992858],[36.089949,52.992818],[36.089982,52.992782],[36.090078,52.992759],[36.090142,52.992753],[36.090206,52.992755],[36.090253,52.992769],[36.090293,52.99279],[36.090353,52.992842]],[[36.09242,52.973797],[36.092197,52.974087]],[[36.09271,53.003242],[36.092478,53.003382],[36.092303,53.003487],[36.091733,53.003828],[36.091635,53.003886]],[[36.095698,52.958063],[36.095553,52.957991]],[[36.097427,52.944483],[36.097161,52.94449],[36.096599,52.94455],[36.096471,52.944509],[36.096368,52.944451],[36.096235,52.943957],[36.09623,52.943895],[36.096182,52.943378],[36.097011,52.942832],[36.097127,52.942854]],[[36.099781,52.941938],[36.099696,52.941882],[36.099596,52.941854],[36.099221,52.94184],[36.099108,52.941889],[36.098658,52.941947],[36.098108,52.942108],[36.097957,52.942226]],[[36.10678,52.965566],[36.107624,52.965394],[36.108334,52.965253],[36.10976,52.965036],[36.110237,52.965],[36.110741,52.965029],[36.111127,52.965058],[36.111342,52.965158],[36.111615,52.9653],[36.111694,52.965402],[36.111926,52.965413],[36.112238,52.965468],[36.112398,52.965523],[36.112581,52.965668],[36.112632,52.965745],[36.1127,52.965846],[36.112783,52.965895],[36.112877,52.965918],[36.11293,52.965917],[36.112989,52.965907]],[[36.107804,52.954018],[36.107984,52.954129],[36.108389,52.954271],[36.109114,52.954622],[36.109687,52.955051],[36.110046,52.955362],[36.110377,52.955705],[36.11061,52.955946],[36.110798,52.956154],[36.111058,52.956352],[36.111484,52.956641]],[[36.107292,52.96762],[36.107387,52.967722],[36.107452,52.967756],[36.107505,52.967778],[36.107605,52.967811],[36.10776,52.967832],[36.108021,52.967853]],[[36.110013,52.98484],[36.110192,52.984851],[36.11036,52.984876],[36.110479,52.984879],[36.110646,52.984865],[36.110843,52.984809],[36.111107,52.984717],[36.110969,52.984869],[36.110924,52.984945],[36.110927,52.985009],[36.110951,52.985062],[36.111027,52.985118],[36.111143,52.98519]],[[36.111143,52.98519],[36.111143,52.98519]],[[36.111143,52.98519],[36.111686,52.985309],[36.114634,52.985826],[36.115502,52.985989],[36.116647,52.986263],[36.116919,52.986342],[36.117471,52.986561],[36.11803,52.986809],[36.118811,52.98721],[36.119683,52.987692],[36.120346,52.988096],[36.122232,52.989444],[36.12298,52.98996],[36.125248,52.991478],[36.127644,52.993128],[36.135648,52.998563],[36.140745,53.002065]],[[36.112271,52.97278],[36.112609,52.97289],[36.113672,52.973152],[36.113858,52.973218]],[[36.117711,52.949163],[36.117007,52.948854]],[[36.117711,52.949163],[36.117908,52.949201],[36.117995,52.949211],[36.118083,52.94921],[36.118179,52.949202],[36.118279,52.949186]],[[36.118211,52.949373],[36.117711,52.949163]],[[36.118901,52.949669],[36.118211,52.949373]],[[36.118211,52.949373],[36.118189,52.949296],[36.11819,52.949268],[36.118206,52.949245],[36.118279,52.949186]],[[36.118279,52.949186],[36.118788,52.948981]],[[36.118788,52.948981],[36.119221,52.948814],[36.11962,52.948665]],[[36.118788,52.948981],[36.11897,52.948961],[36.119083,52.948982],[36.11918,52.949043],[36.119232,52.949125]],[[36.119218,52.949573],[36.119188,52.949623],[36.119135,52.949654],[36.119064,52.949672],[36.118992,52.949677],[36.118901,52.949669]],[[36.119218,52.949573],[36.119242,52.949652],[36.119267,52.949711],[36.119304,52.949779],[36.11936,52.949841],[36.119165,52.949767],[36.119043,52.949722],[36.118901,52.949669]],[[36.119232,52.949125],[36.119235,52.949216],[36.119218,52.949573]],[[36.11962,52.948665],[36.11947,52.948772],[36.119356,52.948885],[36.119281,52.948999],[36.119232,52.949125]],[[36.11962,52.948665],[36.120379,52.948358],[36.1217,52.947818],[36.123824,52.946903],[36.124926,52.94647],[36.125849,52.946043],[36.126692,52.945685],[36.127926,52.945058],[36.128785,52.944673],[36.129586,52.944288],[36.13002,52.944037],[36.130409,52.943786],[36.130986,52.943394],[36.131427,52.943036],[36.131919,52.942589],[36.132554,52.941767],[36.133251,52.94092],[36.1339,52.940107],[36.134712,52.939101],[36.135854,52.937598],[36.136604,52.936626],[36.13714,52.935946]],[[36.123096,53.01424],[36.123052,53.014217],[36.123004,53.014208],[36.122955,53.014204],[36.122906,53.014209],[36.12285,53.014227],[36.122802,53.014255],[36.12278,53.014279],[36.122766,53.014307],[36.122761,53.014376],[36.12273,53.014635],[36.122713,53.014749],[36.122632,53.01487],[36.122395,53.015133],[36.122054,53.015412],[36.1217,53.015659],[36.121367,53.015818],[36.120928,53.01595],[36.120418,53.016054],[36.120006,53.016114],[36.119386,53.016184],[36.118887,53.016246],[36.118401,53.016302]],[[36.122944,52.993642],[36.122634,52.993996],[36.122293,52.994154],[36.122049,52.994258],[36.121934,52.994308],[36.121672,52.99442],[36.121379,52.994544],[36.121158,52.994638]],[[36.125788,52.970102],[36.125703,52.970225],[36.125664,52.970286],[36.125641,52.970344],[36.125649,52.97041],[36.125684,52.970479],[36.12572,52.970516],[36.125769,52.970554]],[[36.125776,53.010359],[36.125607,53.010446],[36.125135,53.010695],[36.124899,53.010824],[36.124751,53.010923],[36.124594,53.011032],[36.124433,53.011165],[36.124093,53.011514],[36.12349,53.01222],[36.123244,53.012523],[36.123124,53.012669]],[[36.128749,53.004048],[36.128631,53.00417],[36.128562,53.00437],[36.128556,53.004416]],[[36.129889,52.992803],[36.131217,52.99226],[36.131678,52.992073],[36.131673,52.991919],[36.131494,52.991477],[36.131479,52.991367],[36.13149,52.990978],[36.131528,52.990827],[36.131639,52.990644],[36.131807,52.990532],[36.132007,52.990454],[36.132573,52.990376],[36.133033,52.990332],[36.133398,52.990292],[36.133667,52.990256]],[[36.133779,53.007867],[36.133683,53.007802],[36.133478,53.007662],[36.133346,53.007547],[36.133078,53.007312],[36.13292,53.007187],[36.13242,53.006863],[36.132083,53.006645],[36.131936,53.00658],[36.131764,53.006544]],[[36.133246,52.992842],[36.134793,52.992738],[36.136294,52.992694],[36.136452,52.992673],[36.136603,52.992611],[36.13707,52.99257],[36.137452,52.992565],[36.138358,52.992538],[36.139202,52.992517],[36.13948,52.992429]],[[36.138791,52.995051],[36.138944,52.995809]],[[36.140745,53.002065],[36.140745,53.002065]],[[36.140745,53.002065],[36.140845,53.002134],[36.142616,53.003315],[36.143926,53.004228],[36.150522,53.008703],[36.155699,53.012263],[36.157902,53.013734],[36.160097,53.015238],[36.161554,53.016215]],[[36.14144,53.002975],[36.141198,53.002629],[36.140969,53.002335],[36.140745,53.002065]],[[36.141518,53.003134],[36.14144,53.002975]],[[36.14144,53.002975],[36.141456,53.00291],[36.141481,53.002861],[36.14153,53.002817],[36.141599,53.002785],[36.14171,53.002758],[36.141773,53.002753]],[[36.142088,53.003498],[36.14185,53.003377],[36.141689,53.003272],[36.141518,53.003134]],[[36.142088,53.003498],[36.141802,53.003484],[36.141661,53.003493],[36.141504,53.003512],[36.141417,53.003531],[36.141277,53.003572],[36.14137,53.003498],[36.141418,53.003438],[36.14146,53.003364],[36.141485,53.003288],[36.141518,53.003134]],[[36.147333,53.017542],[36.147228,53.017476],[36.147054,53.017368],[36.14678,53.017196],[36.146335,53.016919],[36.14578,53.016576],[36.14513,53.016173],[36.144777,53.015954],[36.144732,53.015926],[36.143777,53.015365],[36.143426,53.015159],[36.14331,53.01509],[36.143233,53.015045],[36.143029,53.014925],[36.14288,53.014838],[36.142254,53.014469],[36.142043,53.014333],[36.141937,53.014265],[36.141728,53.01413],[36.141535,53.014006],[36.141388,53.013911]],[[36.142301,53.00355],[36.142088,53.003498]],[[36.143836,53.004165],[36.142427,53.003595],[36.142301,53.00355]],[[36.142608,53.00331],[36.142599,53.003357],[36.142576,53.003433],[36.142519,53.003492],[36.142454,53.003526],[36.142393,53.003545],[36.142301,53.00355]],[[36.142484,53.021928],[36.142526,53.02198],[36.142566,53.022015],[36.142599,53.022039],[36.142628,53.022059],[36.142669,53.022078],[36.142718,53.022093],[36.14285,53.02213]],[[36.14264,53.022257],[36.14265,53.022226],[36.142668,53.022199],[36.142724,53.022156],[36.142787,53.022137],[36.14285,53.02213]],[[36.142898,53.022138],[36.142944,53.02215],[36.142974,53.022165],[36.142997,53.022182],[36.143016,53.022202],[36.143031,53.022222],[36.143038,53.022252],[36.143037,53.022283],[36.142998,53.022327],[36.142967,53.02235],[36.142925,53.022368],[36.142866,53.022383],[36.142825,53.022383],[36.142784,53.02238],[36.142729,53.022364],[36.142704,53.02235],[36.142678,53.02233]],[[36.14285,53.02213],[36.142898,53.022138]],[[36.142898,53.022138],[36.142928,53.022125],[36.14296,53.022121],[36.14302,53.022115],[36.143091,53.022099],[36.143139,53.022083],[36.143192,53.022059],[36.143236,53.022032],[36.143281,53.021996]],[[36.162064,52.952082],[36.161596,52.952145],[36.161288,52.952197],[36.160951,52.952274]],[[36.161815,52.95178],[36.161753,52.951913],[36.161752,52.951959],[36.16177,52.951996],[36.161801,52.952025],[36.161871,52.952058],[36.162064,52.952082]],[[36.167458,52.951353],[36.167259,52.951401],[36.166995,52.951462],[36.166727,52.951516],[36.166347,52.95158],[36.165802,52.951649],[36.165276,52.951707],[36.164322,52.951811],[36.162064,52.952082]],[[36.163321,52.948058],[36.162672,52.94772],[36.162419,52.947589]],[[36.15925,53.014658],[36.159451,53.014583]],[[36.159451,53.014583],[36.159977,53.014449],[36.160097,53.01442]],[[36.159451,53.014583],[36.159905,53.014588],[36.16004,53.014621],[36.160151,53.014655],[36.160306,53.014667],[36.160367,53.014667]],[[36.161554,53.016215],[36.161554,53.016215]],[[36.161554,53.016215],[36.161595,53.016242],[36.162896,53.017148],[36.168244,53.020757],[36.168267,53.020783],[36.169287,53.021463],[36.172818,53.023869],[36.186197,53.032838],[36.186329,53.032921]],[[36.161554,53.016215],[36.161674,53.01614],[36.161798,53.016062],[36.161997,53.015936]],[[36.166899,52.950234],[36.166666,52.950076],[36.166371,52.949876]],[[36.167392,52.94986],[36.167729,52.949795],[36.168082,52.949731],[36.168501,52.9497],[36.168865,52.94969],[36.170943,52.949682]],[[36.167458,52.951353],[36.16768,52.951236],[36.167738,52.951181],[36.167777,52.951119],[36.16778,52.951046],[36.167742,52.950969],[36.167594,52.95083],[36.167442,52.950635],[36.167717,52.95077],[36.168025,52.950972],[36.168104,52.951008],[36.168193,52.951033],[36.1683,52.95104],[36.168433,52.951031],[36.168845,52.950946]],[[36.168845,52.950946],[36.16851,52.951102],[36.168451,52.951176],[36.168449,52.951259],[36.168481,52.951342],[36.168648,52.951515],[36.16869,52.951559],[36.168808,52.951728],[36.168568,52.951596],[36.168525,52.951565],[36.168225,52.951346],[36.168124,52.951302],[36.16801,52.951283],[36.167876,52.951282],[36.167766,52.951299],[36.167458,52.951353]],[[36.168845,52.950946],[36.170679,52.950435],[36.171366,52.950247],[36.171478,52.950212],[36.171572,52.950166],[36.171641,52.950114],[36.171673,52.95005]],[[36.165733,53.019062],[36.16611,53.018885]],[[36.171645,52.949946],[36.171623,52.949911],[36.171576,52.949858],[36.171499,52.949813],[36.171406,52.949768],[36.171297,52.949733],[36.170943,52.949682]],[[36.170943,52.949682],[36.171655,52.94968]],[[36.171645,52.949946],[36.171674,52.94994],[36.171655,52.94968]],[[36.171655,52.94968],[36.173688,52.949657]],[[36.171673,52.95005],[36.171663,52.949998],[36.171645,52.949946]],[[36.173688,52.949657],[36.172997,52.949703],[36.172423,52.949715],[36.172064,52.949735],[36.17197,52.949752],[36.171851,52.949784],[36.171812,52.94981],[36.171766,52.949861],[36.171737,52.949904],[36.171673,52.95005]],[[36.173688,52.949657],[36.173784,52.949657],[36.175941,52.949642],[36.178951,52.949629],[36.181575,52.949606],[36.182705,52.949618]],[[36.173878,53.02458],[36.174062,53.024506],[36.174245,53.024474],[36.174468,53.024467],[36.174667,53.024476],[36.174852,53.024496],[36.175522,53.024641],[36.176109,53.02476],[36.176541,53.024825],[36.176895,53.024867],[36.177217,53.024879],[36.177662,53.024884],[36.178068,53.024864],[36.178497,53.024845],[36.178825,53.024874]],[[36.016345,52.931301],[36.016501,52.931244],[36.016714,52.931238],[36.016898,52.931301],[36.016969,52.931415],[36.016926,52.931518],[36.016799,52.931612],[36.016633,52.93168],[36.016468,52.931714],[36.016303,52.931686],[36.016199,52.931614],[36.016161,52.931526],[36.016208,52.931415],[36.016345,52.931301]],[[36.054797,52.990256],[36.054789,52.990215],[36.054801,52.990185],[36.054818,52.990164],[36.054866,52.990141],[36.054956,52.990127],[36.054999,52.990134],[36.055034,52.990144],[36.055113,52.99019],[36.05525,52.990276],[36.055268,52.990305],[36.055271,52.990336],[36.055259,52.990365],[36.055239,52.990384],[36.055208,52.9904],[36.055171,52.990408],[36.055102,52.990413],[36.055057,52.9904],[36.055011,52.990383],[36.054909,52.990323],[36.054797,52.990256]],[[36.081574,52.988607],[36.081559,52.988579],[36.08156,52.988533],[36.081589,52.988489],[36.081639,52.988454],[36.081674,52.98844],[36.081712,52.98843],[36.081777,52.988423],[36.081843,52.988428],[36.081903,52.988445],[36.081953,52.988471],[36.081989,52.988505],[36.082006,52.988543],[36.082002,52.988589],[36.081973,52.988631],[36.081924,52.988665],[36.081858,52.988687],[36.081789,52.988695],[36.081719,52.988689],[36.081664,52.988675],[36.081618,52.988653],[36.081583,52.988624],[36.081574,52.988607]],[[36.102868,53.000607],[36.102891,53.000578],[36.102917,53.00055],[36.102947,53.000523],[36.102979,53.000497],[36.103015,53.000473],[36.103053,53.000451],[36.103093,53.00043],[36.103136,53.00041],[36.103181,53.000393],[36.103228,53.000377],[36.103276,53.000364],[36.103326,53.000353],[36.103378,53.000343],[36.10343,53.000336],[36.103482,53.000331],[36.103536,53.000329],[36.103589,53.000328],[36.103643,53.00033],[36.103696,53.000334],[36.103748,53.00034],[36.1038,53.000348],[36.10385,53.000359],[36.103899,53.000371],[36.104042,53.000423],[36.104163,53.000492],[36.104256,53.000575],[36.104301,53.000637],[36.104341,53.000745],[36.104337,53.000855],[36.104291,53.000961],[36.104204,53.001058],[36.104082,53.00114],[36.103931,53.001202],[36.103755,53.001244],[36.10368,53.00125],[36.103501,53.001254],[36.103383,53.00124],[36.103262,53.001215],[36.103149,53.001178],[36.103004,53.001104],[36.102968,53.001078],[36.102896,53.00101],[36.102835,53.000921],[36.102807,53.000827],[36.102811,53.00073],[36.102846,53.000637],[36.102868,53.000607]]]}},{"type":"Feature","properties":{"name_ru":null,"name":"Брестская улица","ref":null,"highway":"primary","q":1,"lenght":13.880252092781484},"geometry":{"type":"LineString","coordinates":[[36.062725,52.964931],[36.062753,52.965055],[36.062821,52.965228],[36.062883,52.965417],[36.06297,52.965745],[36.062995,52.965948],[36.063,52.966115],[36.062991,52.966251],[36.062917,52.966533],[36.062779,52.96691],[36.06269,52.967144],[36.062602,52.967388],[36.062526,52.967605],[36.062382,52.968128],[36.06225,52.968552],[36.062188,52.968712],[36.062036,52.968975],[36.062018,52.969034],[36.061983,52.969152]]}},{"type":"Feature","properties":{"name_ru":null,"name":"1-я Посадская улица","ref":null,"highway":"primary","q":1,"lenght":16.05995671305038},"geometry":{"type":"LineString","coordinates":[[36.061816,52.960938],[36.061778,52.961026],[36.061783,52.961116],[36.061822,52.961278],[36.06188,52.961493],[36.062,52.962026],[36.062086,52.962161],[36.062104,52.962016],[36.062074,52.961741],[36.062077,52.961654],[36.062096,52.96157],[36.062129,52.961487],[36.062175,52.961413],[36.062255,52.961316],[36.06236,52.961237],[36.062578,52.961136],[36.063139,52.960942],[36.063653,52.960796],[36.063733,52.960771],[36.06378,52.960758],[36.06383,52.960743],[36.064006,52.960686],[36.065165,52.960325],[36.065549,52.960205],[36.066039,52.960052],[36.066142,52.960016],[36.066193,52.959995],[36.066255,52.959981],[36.066403,52.959957],[36.066914,52.96002],[36.067416,52.960081],[36.067662,52.960117],[36.068243,52.960209],[36.06957,52.960421],[36.06972,52.960445],[36.07068,52.960598],[36.070875,52.960629],[36.07101,52.960648],[36.072538,52.96087],[36.07338,52.961],[36.073558,52.961028],[36.073945,52.961082],[36.074063,52.961098],[36.074821,52.961217],[36.074994,52.961243],[36.075105,52.961261],[36.075584,52.961342]]}},{"type":"Feature","properties":{"name_ru":null,"name":"«Крым»","ref":"М-2","highway":"trunk","q":1,"lenght":250.57392282135982},"geometry":{"type":"MultiLineString","coordinates":[[[36.162419,52.947589],[36.15966,52.946113],[36.15856,52.945524],[36.157271,52.94479],[36.156927,52.944582],[36.156644,52.944411],[36.156018,52.944033],[36.154157,52.942841],[36.152134,52.941437],[36.151947,52.941309]],[[36.166371,52.949876],[36.165746,52.949458],[36.165351,52.949202],[36.164943,52.948957],[36.163321,52.948058]],[[36.178435,52.964812],[36.177225,52.963068],[36.174768,52.959443],[36.173376,52.957406],[36.171908,52.955302],[36.171444,52.954631],[36.170956,52.953975],[36.170755,52.953714],[36.170456,52.953362],[36.170102,52.95298],[36.16965,52.952497],[36.16935,52.952217],[36.168808,52.951728],[36.168582,52.951542],[36.1682,52.951227],[36.167442,52.950635],[36.166899,52.950234]]]}},{"type":"Feature","properties":{"name_ru":null,"name":"Кромское шоссе","ref":null,"highway":"primary","q":1,"lenght":59.74971674004509},"geometry":{"type":"LineString","coordinates":[[36.020681,52.924521],[36.020538,52.924365],[36.020386,52.924227],[36.020176,52.924073],[36.019971,52.923954],[36.019424,52.923708],[36.018161,52.923241],[36.017493,52.922998],[36.016839,52.922753],[36.016116,52.922432],[36.015601,52.922174],[36.015503,52.922122],[36.014209,52.92143],[36.014057,52.921347],[36.013861,52.92124],[36.013413,52.920989],[36.011386,52.919841],[36.010619,52.919407],[36.00827,52.918081],[36.008144,52.91801],[36.008041,52.917947],[36.007034,52.917371],[36.006851,52.917265],[36.005948,52.916773],[36.005302,52.916404],[36.005273,52.916388],[36.005099,52.916284],[36.004876,52.916153],[36.004644,52.916022]]}},{"type":"Feature","properties":{"name_ru":null,"name":"улица Ленина","ref":null,"highway":"residential","q":1,"lenght":37.91246499335821},"geometry":{"type":"LineString","coordinates":[[36.065911,52.96256],[36.065739,52.962884]]}},{"type":"Feature","properties":{"name_ru":null,"name":"улица Розы Люксембург","ref":null,"highway":"primary","q":1,"lenght":7.177650438375724},"geometry":{"type":"LineString","coordinates":[[36.064138,52.956429],[36.064242,52.956417],[36.064457,52.956458],[36.065504,52.956661],[36.066227,52.956801],[36.068286,52.9572],[36.068433,52.957228],[36.069174,52.957372],[36.07026,52.957584],[36.072065,52.957934],[36.072265,52.957973],[36.072469,52.958013],[36.073135,52.958143],[36.073707,52.958255],[36.073812,52.958275],[36.075083,52.958523],[36.075285,52.958564],[36.07708,52.958907],[36.077737,52.959037]]}},{"type":"Feature","properties":{"name_ru":null,"name":"улица Панчука","ref":null,"highway":"residential","q":1,"lenght":6.851376494828652},"geometry":{"type":"LineString","coordinates":[[36.051328,52.962468],[36.053404,52.961097],[36.053997,52.960718],[36.055666,52.959661],[36.057131,52.958626],[36.059432,52.957032],[36.059534,52.956962],[36.059574,52.956938],[36.059651,52.956893],[36.060781,52.956229],[36.060834,52.956196],[36.06106,52.956062],[36.062098,52.955436],[36.062151,52.955405],[36.062204,52.955372],[36.063041,52.95487],[36.063138,52.954844],[36.063237,52.95483]]}},{"type":"Feature","properties":{"name_ru":null,"name":"Комсомольская площадь","ref":null,"highway":"tertiary","q":1,"lenght":12.70110261787839},"geometry":{"type":"LineString","coordinates":[[36.062162,52.95287],[36.061977,52.952893],[36.061247,52.952986],[36.061037,52.952958],[36.060948,52.952932],[36.060867,52.95289],[36.060702,52.952727],[36.060475,52.952432],[36.060414,52.952322],[36.060293,52.952006],[36.060259,52.951872],[36.060169,52.95137],[36.060149,52.951129],[36.060141,52.950867],[36.060161,52.950657],[36.060216,52.95054],[36.060298,52.950468],[36.060449,52.950393],[36.060752,52.950313],[36.060855,52.950292],[36.061034,52.950255],[36.06124,52.950215],[36.061303,52.950205],[36.061367,52.950192],[36.061593,52.950154],[36.061734,52.950141],[36.061884,52.950142],[36.062045,52.950173],[36.06219,52.95022],[36.06235,52.950295],[36.062524,52.950394],[36.062649,52.950474],[36.062782,52.950568],[36.062895,52.950683],[36.062995,52.950863],[36.063178,52.951391],[36.06341,52.952125],[36.063436,52.952243],[36.063438,52.952327],[36.063418,52.952459],[36.06335,52.952741],[36.063135,52.952758],[36.062396,52.952843],[36.062271,52.952857]]}},{"type":"Feature","properties":{"name_ru":null,"name":"Васильевская улица","ref":null,"highway":"secondary","q":1,"lenght":49.39426063321264},"geometry":{"type":"LineString","coordinates":[[36.06236,52.961237],[36.061816,52.960938],[36.061701,52.960863],[36.061001,52.960517],[36.059617,52.959831],[36.059349,52.95969],[36.059042,52.959534],[36.057131,52.958626],[36.05592,52.958031],[36.054853,52.957462],[36.053151,52.956612],[36.052078,52.956079],[36.051972,52.956026],[36.05096,52.955523],[36.049438,52.954779],[36.048188,52.954156],[36.046664,52.953419],[36.04656,52.953368],[36.046381,52.953282],[36.045403,52.952806],[36.044782,52.952501],[36.042947,52.951613],[36.042797,52.951541],[36.041973,52.951143],[36.041708,52.95101],[36.04165,52.950981],[36.041291,52.9508],[36.040487,52.950396],[36.040368,52.950336],[36.040168,52.950237],[36.03965,52.949979],[36.039089,52.9497],[36.038946,52.949629],[36.038863,52.949589],[36.038046,52.949182],[36.037359,52.948841],[36.037242,52.948782],[36.035814,52.948088],[36.035016,52.9477],[36.033653,52.947037],[36.033261,52.946831],[36.033065,52.946725],[36.032835,52.946571]]}},{"type":"Feature","properties":{"name_ru":null,"name":"улица Красина","ref":null,"highway":"residential","q":1,"lenght":7.399654680972406},"geometry":{"type":"LineString","coordinates":[[36.063237,52.95483],[36.063347,52.95483],[36.063447,52.954837],[36.064588,52.954992],[36.064798,52.955021],[36.065531,52.95512],[36.065587,52.955128],[36.067065,52.955328],[36.068726,52.955553],[36.068868,52.955573],[36.068999,52.955591],[36.070755,52.955833],[36.071853,52.955984],[36.072484,52.956058],[36.073179,52.956139],[36.073427,52.956172],[36.073992,52.956246],[36.07414,52.956269],[36.076417,52.956579],[36.076536,52.956595]]}},{"type":"Feature","properties":{"name_ru":null,"name":"Колхозная улица","ref":null,"highway":"secondary","q":1,"lenght":54.280425546766054},"geometry":{"type":"LineString","coordinates":[[36.034514,52.962575],[36.035129,52.962258],[36.035331,52.962136],[36.035503,52.962008],[36.035681,52.961876],[36.036146,52.961511],[36.036656,52.961046],[36.03717,52.960626],[36.037689,52.960195],[36.038218,52.95975],[36.038875,52.959196],[36.039466,52.958689],[36.039863,52.958411],[36.0407,52.957793],[36.041177,52.957435],[36.041276,52.957361],[36.041385,52.957279],[36.042696,52.956268],[36.042935,52.956089],[36.043026,52.956019],[36.043147,52.955923],[36.043763,52.955452],[36.045636,52.954032],[36.046487,52.95342],[36.04656,52.953368],[36.049662,52.951013],[36.049851,52.950846],[36.050005,52.950709]]}},{"type":"Feature","properties":{"name_ru":null,"name":"Городская улица","ref":null,"highway":"trunk","q":1,"lenght":79.86195798142322},"geometry":{"type":"MultiLineString","coordinates":[[[36.028433,52.987816],[36.028329,52.98786]],[[36.058971,52.935961],[36.059058,52.935921],[36.059192,52.935876],[36.059385,52.935827],[36.059556,52.935815],[36.059685,52.93583],[36.059803,52.935868],[36.059906,52.935921],[36.060009,52.93598],[36.060251,52.936162],[36.060631,52.936424],[36.060866,52.936583],[36.061637,52.937107],[36.061938,52.937321],[36.062194,52.9375],[36.062528,52.937717],[36.062781,52.93786],[36.063069,52.938011],[36.063347,52.938137],[36.064646,52.938621],[36.065362,52.938862],[36.065952,52.939061],[36.066464,52.939239],[36.066821,52.939341],[36.067133,52.93941]],[[36.07691,52.94966],[36.076671,52.948736],[36.076632,52.948584],[36.076176,52.946822],[36.076028,52.946451],[36.075921,52.946229],[36.075837,52.946081],[36.075727,52.945904],[36.07551,52.945555],[36.075171,52.945009],[36.07485,52.944502],[36.074669,52.944258],[36.074571,52.944137],[36.074466,52.944009],[36.073981,52.943583],[36.073949,52.943555],[36.073515,52.943226],[36.07331,52.943071],[36.073104,52.942914],[36.072734,52.942633],[36.07266,52.942574],[36.072542,52.942487],[36.071953,52.942054],[36.07127,52.941565],[36.070568,52.941063],[36.070363,52.940924],[36.070287,52.940868],[36.069805,52.940531],[36.069598,52.940382],[36.069359,52.940188],[36.069108,52.940009],[36.068941,52.939913],[36.068891,52.939853]]]}},{"type":"Feature","properties":{"name_ru":null,"name":"Маслозаводской переулок","ref":null,"highway":"trunk","q":1,"lenght":59.56569010319055},"geometry":{"type":"MultiLineString","coordinates":[[[36.048358,52.940249],[36.048474,52.940193],[36.048855,52.940079],[36.049242,52.939963],[36.049711,52.939847]],[[36.049711,52.939847],[36.049368,52.940011],[36.049124,52.940128],[36.04902,52.940182],[36.048958,52.940224],[36.048903,52.940268],[36.048864,52.940303],[36.048831,52.940353]],[[36.049711,52.939847],[36.0501,52.93969],[36.050348,52.93959],[36.05058,52.939498],[36.050653,52.939469],[36.051192,52.93924],[36.051816,52.938975],[36.051997,52.938901],[36.052928,52.938502],[36.05321,52.938396],[36.053534,52.93829],[36.053853,52.938202],[36.054041,52.938144],[36.054353,52.938034],[36.054506,52.937973],[36.055288,52.937671],[36.056016,52.937387],[36.056073,52.937364],[36.056704,52.937113],[36.056802,52.937075],[36.057182,52.936923],[36.0575,52.936778],[36.057753,52.936636],[36.058077,52.936453],[36.058153,52.936408],[36.058251,52.936351],[36.058412,52.936261],[36.058567,52.936178],[36.058971,52.935961]]]}},{"type":"Feature","properties":{"name_ru":null,"name":"Авиационная улица","ref":null,"highway":"secondary","q":1,"lenght":15.56245486849506},"geometry":{"type":"MultiLineString","coordinates":[[[36.033084,52.938421],[36.032876,52.938318],[36.032745,52.938277],[36.032626,52.938287],[36.032101,52.938608],[36.031889,52.938749],[36.030809,52.939432],[36.030624,52.939549],[36.030496,52.939618],[36.030053,52.939855],[36.029774,52.939967],[36.029679,52.940004],[36.028753,52.940619],[36.028387,52.9409],[36.028123,52.940996],[36.027502,52.941271],[36.027206,52.941469],[36.027114,52.94153],[36.027012,52.941747],[36.026803,52.941875],[36.026498,52.942062],[36.026449,52.942079],[36.02618,52.942169],[36.025699,52.942264],[36.025634,52.942276],[36.025021,52.94262],[36.024606,52.942853],[36.024583,52.943045],[36.024569,52.943163],[36.024051,52.943447],[36.023915,52.943565],[36.023789,52.943948],[36.023724,52.9449],[36.023695,52.945323],[36.023668,52.945711],[36.023663,52.945784],[36.023601,52.946425],[36.023541,52.946857],[36.023533,52.946949],[36.023533,52.947021]],[[36.033084,52.938421],[36.032853,52.938601],[36.032735,52.938714],[36.032676,52.938846],[36.032622,52.939087]],[[36.036299,52.935901],[36.036158,52.936012],[36.035773,52.936315],[36.035744,52.936337],[36.035708,52.936366],[36.034764,52.937108],[36.034193,52.937557],[36.034114,52.93762],[36.03371,52.937934],[36.03319,52.938338],[36.033084,52.938421]],[[36.036299,52.935901],[36.037286,52.935172],[36.037661,52.934901],[36.037724,52.934854],[36.037786,52.934808],[36.037819,52.934785],[36.037924,52.934705]],[[36.038313,52.93492],[36.038293,52.934962],[36.038227,52.935008],[36.03819,52.935031],[36.038103,52.935081],[36.038023,52.935117],[36.037612,52.935304],[36.036299,52.935901]]]}},{"type":"Feature","properties":{"name_ru":null,"name":"улица Ляшко","ref":null,"highway":"secondary","q":1,"lenght":80.08014247774135},"geometry":{"type":"LineString","coordinates":[[36.105895,52.963176],[36.106014,52.963263],[36.106081,52.963345],[36.10612,52.963429],[36.106274,52.964214],[36.106318,52.964317],[36.106385,52.964416],[36.106573,52.96463],[36.10664,52.96475],[36.10678,52.965566],[36.10694,52.966248],[36.107129,52.966984],[36.107292,52.96762],[36.107297,52.967772],[36.107302,52.967923],[36.107299,52.967958],[36.107297,52.967988],[36.107291,52.968022],[36.10731,52.968375],[36.107474,52.969649],[36.107529,52.970034],[36.107548,52.970192],[36.107612,52.970784],[36.107615,52.970955],[36.107598,52.971129],[36.107473,52.971488],[36.107408,52.971661],[36.107385,52.971808],[36.107346,52.972952],[36.107344,52.973022],[36.107339,52.973059],[36.107339,52.973082],[36.107339,52.973119],[36.107336,52.973203],[36.107344,52.973472],[36.107363,52.973713],[36.107433,52.97414],[36.107672,52.975355],[36.107695,52.975467],[36.107776,52.975862],[36.107793,52.975941],[36.107855,52.976225],[36.107872,52.976337],[36.107869,52.976449],[36.107852,52.976505],[36.107798,52.976584],[36.107694,52.976682],[36.107019,52.977127],[36.106386,52.977543],[36.105927,52.97785],[36.105269,52.97829],[36.105163,52.978361],[36.104957,52.978447],[36.104676,52.978522],[36.104561,52.978565],[36.104456,52.978622],[36.104357,52.978695],[36.104253,52.978793],[36.104205,52.978863],[36.104208,52.978944],[36.104222,52.979023]]}},{"type":"Feature","properties":{"name_ru":null,"name":"Приборостроительная улица","ref":null,"highway":"secondary","q":1,"lenght":26.19123097410046},"geometry":{"type":"MultiLineString","coordinates":[[[36.041454,52.994704],[36.042455,52.994156],[36.044651,52.992948],[36.044636,52.992999],[36.044654,52.993037],[36.04474,52.993104],[36.045508,52.993695],[36.046213,52.993331],[36.047046,52.992933],[36.047323,52.992768],[36.047451,52.992618],[36.0478,52.992197],[36.047021,52.991725],[36.046926,52.991663],[36.047079,52.991563],[36.048578,52.99058],[36.049083,52.990249],[36.04924,52.990155],[36.04938,52.990072],[36.051882,52.988633],[36.052041,52.988591],[36.052161,52.988596]],[[36.060814,52.984032],[36.060662,52.984066],[36.060411,52.984188],[36.060014,52.984381],[36.059498,52.984631],[36.059287,52.984734],[36.058704,52.985029],[36.058189,52.98529],[36.058117,52.985326],[36.058012,52.985379],[36.056809,52.985979],[36.056729,52.986019],[36.056194,52.986295],[36.056141,52.986323],[36.056055,52.986367]],[[36.061059,52.985036],[36.061406,52.985014],[36.061615,52.985002],[36.06531,52.984777],[36.066954,52.984684],[36.067449,52.98465],[36.067712,52.984626],[36.067905,52.9846],[36.068129,52.984557],[36.068233,52.984527],[36.07077,52.983796],[36.070844,52.983775],[36.071123,52.983695],[36.071542,52.983577]],[[36.080775,52.983572],[36.080532,52.983603],[36.07906,52.983795],[36.078696,52.983841],[36.07846,52.983873],[36.078317,52.983888],[36.077824,52.983943],[36.077708,52.983955],[36.077089,52.984013],[36.076498,52.98406],[36.075956,52.984103],[36.074485,52.984217],[36.074017,52.98426],[36.07396,52.984265],[36.073856,52.984276],[36.073356,52.984331],[36.072785,52.984389],[36.072522,52.984416],[36.07223,52.984461],[36.071873,52.984556],[36.071531,52.984648],[36.070909,52.984817],[36.070759,52.984844],[36.070013,52.98489],[36.069272,52.984928],[36.068254,52.984976],[36.067012,52.985046],[36.066853,52.985056],[36.06619,52.985092],[36.064855,52.985161],[36.063824,52.985216],[36.063082,52.985257],[36.061665,52.985328],[36.061457,52.985336],[36.061123,52.985357]]]}},{"type":"Feature","properties":{"name_ru":null,"name":"Часовая улица","ref":null,"highway":"residential","q":1,"lenght":150.09544114508105},"geometry":{"type":"LineString","coordinates":[[36.04036,52.967801],[36.038138,52.967942],[36.037128,52.968014],[36.035892,52.968079],[36.035361,52.968097],[36.035053,52.968113],[36.034889,52.968125],[36.034702,52.968134],[36.033449,52.968215],[36.032323,52.96829],[36.032214,52.968297],[36.031105,52.968363],[36.029944,52.968437],[36.029659,52.968223],[36.029561,52.968209],[36.028974,52.968244],[36.028484,52.968276],[36.028303,52.968289],[36.027817,52.968318],[36.027436,52.968349],[36.0266,52.968419]]}},{"type":"Feature","properties":{"name_ru":null,"name":"Новая улица","ref":null,"highway":"residential","q":1,"lenght":47.413958288787306},"geometry":{"type":"MultiLineString","coordinates":[[[36.045252,52.971925],[36.045338,52.97195],[36.045408,52.971982],[36.045471,52.972026],[36.045517,52.972091],[36.045515,52.972286],[36.045502,52.972707],[36.045507,52.972876],[36.045503,52.973109],[36.045467,52.973301],[36.045431,52.973377],[36.045451,52.973841],[36.045465,52.974158],[36.045663,52.974379],[36.045708,52.974416],[36.045792,52.974477],[36.046444,52.97495],[36.047016,52.975415],[36.047921,52.97614]],[[36.131173,53.02004],[36.131142,53.02002]]]}},{"type":"Feature","properties":{"name_ru":null,"name":"улица 5 Августа","ref":null,"highway":"primary","q":1,"lenght":90.23563428117642},"geometry":{"type":"LineString","coordinates":[[36.081201,52.959543],[36.082498,52.959752],[36.082675,52.959789],[36.084921,52.960263],[36.085053,52.960298],[36.085534,52.960424],[36.08634,52.96063],[36.086858,52.96076],[36.087726,52.960956],[36.08793,52.961002],[36.088077,52.961036],[36.090361,52.961556],[36.092025,52.961953],[36.092662,52.962093],[36.092866,52.962139],[36.093097,52.962197],[36.093744,52.962349],[36.093923,52.962391],[36.094385,52.962501],[36.096225,52.96293],[36.096308,52.962949],[36.097232,52.963164],[36.097646,52.963244],[36.097721,52.963259],[36.09819,52.963339],[36.098662,52.963373],[36.098883,52.963375],[36.099178,52.963371],[36.099508,52.963348],[36.099687,52.963331],[36.100156,52.963278],[36.1022,52.963159],[36.104059,52.963043],[36.104676,52.963032],[36.105238,52.963046],[36.105452,52.96306],[36.105628,52.963085],[36.105769,52.963122],[36.105895,52.963176]]}},{"type":"Feature","properties":{"name_ru":null,"name":"улица Орловских Партизан","ref":null,"highway":"residential","q":1,"lenght":302.9606638179851},"geometry":{"type":"LineString","coordinates":[[36.1371,52.999561],[36.13693,52.999656],[36.136675,52.999793],[36.136194,53.000052],[36.135506,53.000426],[36.134895,53.000758],[36.134439,53.001007],[36.133477,53.001537],[36.132287,53.002183],[36.132149,53.002257],[36.128749,53.004048]]}},{"type":"Feature","properties":{"name_ru":null,"name":"Поселковая улица","ref":null,"highway":"trunk","q":1,"lenght":4.737772960435098},"geometry":{"type":"MultiLineString","coordinates":[[[36.068574,52.93945],[36.068588,52.939408]],[[36.068998,52.938218],[36.069059,52.938056],[36.069128,52.937915],[36.069206,52.937782],[36.069394,52.9375],[36.069904,52.936721],[36.070238,52.936229],[36.070542,52.935753],[36.070791,52.935396],[36.07096,52.935168],[36.071339,52.934708],[36.071432,52.934595],[36.071684,52.934285],[36.072003,52.933865],[36.072459,52.933264],[36.072787,52.932828],[36.072816,52.932789],[36.072937,52.932628],[36.073083,52.932439],[36.073473,52.931932],[36.073933,52.931326],[36.074413,52.930695],[36.074894,52.930063],[36.075571,52.929173],[36.075897,52.928711],[36.07612,52.928394],[36.076221,52.928252],[36.076895,52.92721],[36.077202,52.926664],[36.077281,52.926523],[36.077584,52.925977],[36.07768,52.925818],[36.078159,52.924976],[36.078251,52.924814],[36.078478,52.924481]]]}},{"type":"Feature","properties":{"name_ru":null,"name":"Автовокзальная улица","ref":null,"highway":"tertiary","q":1,"lenght":113.75906708778153},"geometry":{"type":"MultiLineString","coordinates":[[[36.021544,52.925432],[36.021634,52.925437],[36.022337,52.925508],[36.023046,52.925551],[36.024023,52.925589]],[[36.024023,52.925589],[36.023896,52.92564],[36.023784,52.925706],[36.023708,52.925751],[36.023624,52.925778],[36.023503,52.925797],[36.023359,52.925794],[36.02286,52.925701],[36.022696,52.925701],[36.022449,52.925751],[36.022386,52.92576],[36.02232,52.925763],[36.022258,52.925754],[36.022206,52.925738],[36.021952,52.92563],[36.021813,52.925588],[36.021762,52.925578],[36.021715,52.925581]],[[36.024023,52.925589],[36.024108,52.925596],[36.025408,52.925835],[36.025693,52.925919],[36.025965,52.926038],[36.026281,52.926199],[36.026511,52.926315],[36.026658,52.926372],[36.026815,52.926407],[36.026926,52.92643],[36.027616,52.926562],[36.028486,52.926724],[36.029183,52.926851],[36.02969,52.926942],[36.030615,52.927186],[36.031227,52.927359],[36.03162,52.92748],[36.031686,52.927501],[36.032134,52.927682],[36.032444,52.927854],[36.032745,52.928077],[36.032947,52.928227],[36.033369,52.928531],[36.034492,52.929356],[36.03474,52.929541],[36.036209,52.930608],[36.036954,52.93113],[36.037958,52.931839],[36.038202,52.932002],[36.038338,52.932097],[36.038441,52.932164],[36.038631,52.932305],[36.039448,52.932914],[36.039746,52.93313],[36.039923,52.933258],[36.040076,52.933378],[36.040211,52.933482],[36.040429,52.93365],[36.04067,52.933836],[36.041409,52.934391],[36.042486,52.935205],[36.042954,52.935567],[36.043881,52.936264],[36.044068,52.9364],[36.045739,52.937646],[36.045871,52.937745],[36.045977,52.937826],[36.047146,52.938699]],[[36.047146,52.938699],[36.047288,52.938808],[36.047913,52.939288],[36.047988,52.939345],[36.048063,52.939438],[36.048179,52.939594]],[[36.047146,52.938699],[36.047264,52.938639],[36.048149,52.938175],[36.048282,52.938137],[36.048413,52.938124],[36.048547,52.938122],[36.048713,52.938147],[36.048834,52.938176],[36.048955,52.938213],[36.049091,52.938273],[36.049213,52.93834],[36.049454,52.938501],[36.049668,52.938662],[36.050373,52.939308],[36.05058,52.939498]]]}},{"type":"Feature","properties":{"name_ru":null,"name":"Комсомольский переулок","ref":null,"highway":"residential","q":1,"lenght":13.550929813503874},"geometry":{"type":"LineString","coordinates":[[36.060474,52.94546],[36.060274,52.945554],[36.059628,52.945862],[36.059428,52.945957],[36.059392,52.945977],[36.059041,52.946168],[36.05854,52.946443],[36.05831,52.94656],[36.05796,52.94674],[36.057869,52.946783],[36.057707,52.946865],[36.057482,52.946968],[36.057412,52.947005],[36.057037,52.947194],[36.056594,52.947418],[36.056065,52.947686],[36.055036,52.948175],[36.054426,52.948465]]}},{"type":"Feature","properties":{"name_ru":null,"name":"Пушкарный переулок","ref":null,"highway":"residential","q":1,"lenght":365.8295820600818},"geometry":{"type":"LineString","coordinates":[[36.035674,52.957435],[36.03617,52.957741],[36.035679,52.958241]]}},{"type":"Feature","properties":{"name_ru":null,"name":"Почтовый переулок","ref":null,"highway":"residential","q":1,"lenght":30.276529860379593},"geometry":{"type":"MultiLineString","coordinates":[[[36.067717,52.965807],[36.067685,52.965844],[36.067641,52.965874],[36.067402,52.965998],[36.06713,52.966141],[36.066846,52.966287],[36.066719,52.966372],[36.066637,52.966437],[36.066545,52.966526],[36.06626,52.966911],[36.066167,52.96701],[36.06608,52.967071]],[[36.066013,52.968693],[36.066034,52.968811],[36.066065,52.968972],[36.066111,52.969168]]]}},{"type":"Feature","properties":{"name_ru":null,"name":"Карачевская улица","ref":null,"highway":"tertiary","q":1,"lenght":15.372683415068893},"geometry":{"type":"LineString","coordinates":[[36.065911,52.96256],[36.065758,52.962457],[36.065639,52.962367],[36.065235,52.962028],[36.06502,52.961848],[36.063959,52.96101],[36.063782,52.960841],[36.063733,52.960771],[36.063616,52.960678],[36.063286,52.960386],[36.063223,52.960326],[36.062658,52.95981],[36.061972,52.95919],[36.061678,52.958923],[36.061635,52.958884],[36.061457,52.958721],[36.061121,52.958414],[36.061036,52.958336],[36.060904,52.958217],[36.060178,52.957566],[36.060046,52.957448],[36.059639,52.957061],[36.059534,52.956962],[36.059476,52.956911],[36.058457,52.956007],[36.057211,52.954881],[36.05694,52.954636],[36.056872,52.954575],[36.055516,52.953395],[36.055441,52.953333],[36.053625,52.951726],[36.053555,52.951665],[36.053198,52.95134],[36.052713,52.950908],[36.052551,52.950781],[36.052467,52.950735],[36.052402,52.950753],[36.052332,52.950769],[36.052241,52.950778],[36.052143,52.950782],[36.050919,52.950687],[36.050266,52.950646],[36.050111,52.95066],[36.050005,52.950709]]}},{"type":"Feature","properties":{"name_ru":null,"name":"Покровская улица","ref":null,"highway":"tertiary","q":1,"lenght":10.847349599477644},"geometry":{"type":"LineString","coordinates":[[36.075638,52.967425],[36.075541,52.967503],[36.0755,52.967542],[36.075069,52.967938],[36.07477,52.968213],[36.074536,52.968428],[36.073978,52.968945],[36.073634,52.969258],[36.073569,52.969318],[36.073472,52.969411],[36.072988,52.969876],[36.07276,52.970095],[36.072467,52.970376],[36.07233,52.970508],[36.072229,52.970605],[36.071889,52.970747],[36.071436,52.970754],[36.071113,52.970745]]}},{"type":"Feature","properties":{"name_ru":"Комсомольская улица","name":"Комсомольская улица","ref":null,"highway":"trunk","q":1,"lenght":20.235226188708182},"geometry":{"type":"LineString","coordinates":[[36.048387,52.940621],[36.048319,52.94053],[36.048297,52.940495],[36.048274,52.940453]]}},{"type":"Feature","properties":{"name_ru":null,"name":"1-я Курская улица","ref":null,"highway":"primary","q":1,"lenght":50.00474041530821},"geometry":{"type":"MultiLineString","coordinates":[[[36.075032,52.967112],[36.075887,52.967223],[36.079564,52.967643],[36.082998,52.968031],[36.085553,52.968338],[36.086904,52.968526],[36.088108,52.968685],[36.089205,52.968823],[36.089235,52.968751],[36.089248,52.968683],[36.089505,52.967084],[36.089519,52.967015],[36.089542,52.966908],[36.089594,52.966764],[36.089671,52.966626],[36.090066,52.966066],[36.090135,52.965968],[36.091143,52.964538],[36.09138,52.964199],[36.091481,52.964056],[36.091524,52.963995],[36.091579,52.963915],[36.091688,52.963766],[36.092077,52.963231],[36.092779,52.962264],[36.092866,52.962139],[36.092967,52.961995],[36.093993,52.960511],[36.094108,52.960346],[36.094148,52.960288],[36.094369,52.960023],[36.094791,52.959404],[36.094874,52.959268],[36.095109,52.958841],[36.095176,52.958736],[36.095412,52.958431],[36.095596,52.958194],[36.095698,52.958063],[36.095756,52.957898],[36.095814,52.957786],[36.095961,52.957525],[36.096178,52.957181],[36.096352,52.956916],[36.096702,52.956385],[36.096953,52.956047],[36.097535,52.955352],[36.097983,52.954722],[36.098721,52.953689],[36.098879,52.953471],[36.100389,52.951365],[36.10174,52.949514],[36.101914,52.949277]],[[36.10716,52.943331],[36.106747,52.943835],[36.106726,52.943863],[36.105538,52.945375],[36.105474,52.945455],[36.105414,52.945444],[36.105349,52.945451],[36.105271,52.945479],[36.105224,52.945512],[36.105184,52.945554],[36.104123,52.946963],[36.10369,52.947454],[36.103622,52.947494],[36.10353,52.947519]]]}},{"type":"Feature","properties":{"name_ru":null,"name":"Залегощенское шоссе","ref":"54А-1","highway":"secondary","q":1,"lenght":80.00513440201495},"geometry":{"type":"LineString","coordinates":[[36.11936,52.949841],[36.119687,52.949943],[36.120187,52.950052],[36.120596,52.950128],[36.120919,52.950177],[36.122083,52.950358],[36.123148,52.950516],[36.123893,52.950615],[36.124593,52.950685],[36.125207,52.950739],[36.125814,52.950794],[36.125871,52.950799],[36.127278,52.950914],[36.128624,52.951027],[36.129517,52.951105],[36.130069,52.951144],[36.130608,52.951176],[36.131191,52.951202],[36.131835,52.951219],[36.133345,52.951249],[36.136017,52.951314],[36.13873,52.95137],[36.141202,52.951412],[36.144669,52.951482],[36.146726,52.951497],[36.147264,52.951512],[36.147667,52.951529],[36.148159,52.951562],[36.148579,52.951594],[36.149153,52.951655],[36.153725,52.952178],[36.156221,52.952467],[36.156934,52.952549],[36.157393,52.952605],[36.157879,52.952676],[36.158258,52.952746],[36.15862,52.952822],[36.158797,52.952861],[36.158983,52.952901],[36.159106,52.952915],[36.159208,52.952922],[36.159327,52.952917],[36.159479,52.952896],[36.159607,52.952865],[36.159796,52.9528],[36.160034,52.952691],[36.160951,52.952274],[36.161815,52.95178],[36.162901,52.951221],[36.163649,52.950976],[36.164378,52.950759],[36.166666,52.950076],[36.167392,52.94986]]}},{"type":"Feature","properties":{"name_ru":null,"name":"Ливенская улица","ref":null,"highway":"primary","q":1,"lenght":30.250238128798095},"geometry":{"type":"LineString","coordinates":[[36.117007,52.948854],[36.116749,52.948741],[36.116548,52.948684],[36.116374,52.948648],[36.116225,52.948632],[36.116007,52.94864],[36.115876,52.948667],[36.11564,52.94873],[36.115458,52.948795],[36.115275,52.948878],[36.115119,52.948974],[36.114948,52.949077],[36.114807,52.949174],[36.114654,52.949283],[36.114322,52.949523],[36.114176,52.949626],[36.114077,52.949695],[36.11336,52.950207],[36.112675,52.950655],[36.112509,52.95077],[36.111165,52.951718],[36.110214,52.952373],[36.109842,52.952634],[36.109774,52.95268],[36.109107,52.953161],[36.108756,52.953413],[36.108109,52.953838],[36.107804,52.954018],[36.107451,52.954237],[36.107051,52.954464],[36.106931,52.954535],[36.10666,52.954677],[36.106108,52.954989],[36.105447,52.95532],[36.104742,52.955655],[36.104456,52.955776],[36.104131,52.955913],[36.102628,52.956461],[36.102095,52.956646],[36.1017,52.956754],[36.101336,52.956833],[36.101069,52.956885],[36.100506,52.956984],[36.098807,52.957338],[36.097633,52.957584],[36.096653,52.957816],[36.09593,52.958007],[36.095698,52.958063]]}},{"type":"Feature","properties":{"name_ru":"Наугорское шоссе","name":"Наугорское шоссе","ref":null,"highway":"secondary","q":1,"lenght":81.61935886202752},"geometry":{"type":"LineString","coordinates":[[36.054978,52.977578],[36.054813,52.977675],[36.054652,52.977767],[36.053643,52.978348],[36.053393,52.978496],[36.053056,52.978696],[36.051828,52.979438],[36.051126,52.979868],[36.051083,52.979894],[36.050503,52.980234],[36.050243,52.980401],[36.049912,52.980621],[36.04942,52.981009],[36.048515,52.981813],[36.048414,52.981907],[36.047873,52.982408],[36.047244,52.982992],[36.047121,52.983104],[36.046873,52.98333],[36.046397,52.983765],[36.045851,52.984257],[36.045358,52.984704],[36.045041,52.985005],[36.044718,52.985311],[36.044232,52.985751],[36.04398,52.985965],[36.043853,52.986069],[36.043625,52.986241],[36.043441,52.986367],[36.043323,52.986445],[36.04279,52.986781],[36.042561,52.986913],[36.042118,52.987129],[36.041943,52.987214],[36.041454,52.987436],[36.041092,52.9876],[36.041027,52.98763],[36.040767,52.987746],[36.039867,52.988151],[36.039617,52.988263],[36.039307,52.988398],[36.038284,52.988862],[36.03793,52.98903],[36.037816,52.989091],[36.037608,52.989222],[36.0374,52.989384],[36.037235,52.989535],[36.036665,52.99011],[36.03641,52.99037],[36.035803,52.990983],[36.035427,52.991378],[36.03481,52.99201],[36.034729,52.992085],[36.034424,52.992372],[36.034131,52.992626],[36.033697,52.992972],[36.033325,52.993254],[36.03292,52.993552]]}},{"type":"Feature","properties":{"name_ru":null,"name":"Кромская улица","ref":null,"highway":"tertiary","q":1,"lenght":34.335116834694276},"geometry":{"type":"LineString","coordinates":[[36.021715,52.925581],[36.021646,52.925597],[36.021493,52.925655],[36.021456,52.925672],[36.021249,52.925789],[36.021071,52.925906],[36.020419,52.926337],[36.020197,52.926484],[36.019905,52.926677],[36.019648,52.926848],[36.019313,52.927069],[36.019019,52.927249],[36.018536,52.927559],[36.017759,52.928067],[36.017339,52.928382],[36.017259,52.928434],[36.017208,52.928467],[36.0167,52.928797],[36.016272,52.929069],[36.015734,52.92941],[36.015385,52.929627],[36.015222,52.929733],[36.014884,52.929991],[36.014811,52.930103],[36.014892,52.930227],[36.016345,52.931301]]}},{"type":"Feature","properties":{"name_ru":"улица Лескова","name":"улица Лескова","ref":null,"highway":"secondary","q":1,"lenght":115.62982949283044},"geometry":{"type":"LineString","coordinates":[[36.060814,52.984032],[36.060496,52.982731],[36.060464,52.982591],[36.060196,52.981488],[36.060168,52.981405],[36.060126,52.981327],[36.05997,52.981095],[36.059801,52.980874],[36.059612,52.980682],[36.059497,52.980588],[36.059368,52.980482],[36.058569,52.979935],[36.056302,52.978368],[36.056167,52.978276],[36.056113,52.97824],[36.055792,52.978023],[36.055508,52.977828],[36.054978,52.977578],[36.054622,52.977415],[36.053427,52.976526],[36.053293,52.976428],[36.053172,52.976339],[36.052506,52.975848],[36.052369,52.975746],[36.051794,52.975317],[36.050917,52.974667],[36.049847,52.973854],[36.049606,52.973671],[36.048873,52.973114],[36.048772,52.973038],[36.048671,52.972957],[36.048229,52.972501]]}},{"type":"Feature","properties":{"name_ru":null,"name":"Новосильская улица","ref":null,"highway":"residential","q":1,"lenght":96.1729739763426},"geometry":{"type":"MultiLineString","coordinates":[[[36.085928,52.967653],[36.085544,52.967575],[36.083901,52.967393],[36.083798,52.967381],[36.083512,52.967338],[36.083358,52.967313],[36.083078,52.96724],[36.082161,52.966784],[36.081967,52.966687],[36.081474,52.966442],[36.080804,52.966108],[36.080612,52.966071],[36.080457,52.96605],[36.080153,52.96596],[36.078959,52.965607],[36.078778,52.965554],[36.078042,52.965337],[36.077967,52.965323],[36.077784,52.965303],[36.077651,52.965293],[36.07728,52.965178],[36.076507,52.964922],[36.075889,52.964716],[36.075781,52.96468],[36.075279,52.964505]],[[36.086253,52.967314],[36.086565,52.96737],[36.087267,52.967423],[36.087453,52.967426],[36.087558,52.967412],[36.087655,52.967388]],[[36.10694,52.966248],[36.102761,52.966433],[36.101743,52.966479],[36.099743,52.966568],[36.099596,52.966573],[36.096555,52.966699],[36.094164,52.966796],[36.092742,52.966852],[36.090352,52.966953],[36.08993,52.967001],[36.089677,52.967018],[36.089519,52.967015]]]}},{"type":"Feature","properties":{"name_ru":null,"name":"Полесская улица","ref":null,"highway":"tertiary","q":1,"lenght":20.110871604846235},"geometry":{"type":"LineString","coordinates":[[36.061983,52.969152],[36.061948,52.969248],[36.061906,52.969304],[36.061837,52.969355],[36.061756,52.969398],[36.06153,52.969506],[36.060866,52.969824],[36.060433,52.970031],[36.060311,52.970088],[36.060197,52.970146],[36.05934,52.970583],[36.059173,52.970668],[36.058483,52.971009],[36.058361,52.971072],[36.057765,52.971376],[36.057608,52.971456],[36.057453,52.971529],[36.056884,52.971797],[36.056365,52.972041],[36.056303,52.97207],[36.056141,52.972146],[36.054705,52.972817],[36.054235,52.973037],[36.054014,52.973132],[36.053298,52.973472],[36.053245,52.973498],[36.053199,52.973522],[36.052257,52.973995],[36.051873,52.974188],[36.051557,52.974346],[36.051133,52.974559],[36.050917,52.974667],[36.050792,52.974729],[36.05002,52.975108],[36.047921,52.97614],[36.047457,52.976363],[36.046541,52.976788],[36.046265,52.976857],[36.045392,52.977288],[36.045145,52.977407],[36.045014,52.977467],[36.044461,52.977739],[36.044277,52.977826],[36.044013,52.97795],[36.043053,52.978423],[36.042871,52.978509],[36.042214,52.978831],[36.04195,52.978953],[36.041909,52.978972],[36.04084,52.979476],[36.040748,52.97952],[36.040373,52.979694],[36.04006,52.979836],[36.039497,52.980087]]}},{"type":"Feature","properties":{"name_ru":null,"name":"улица Михалицына","ref":null,"highway":"primary","q":1,"lenght":60.19590158290309},"geometry":{"type":"MultiLineString","coordinates":[[[36.102292,53.001691],[36.102012,53.001878],[36.101951,53.001921],[36.101862,53.001978],[36.101733,53.00206],[36.101654,53.002117],[36.101589,53.002176],[36.101546,53.002234],[36.101525,53.002295],[36.101528,53.002359]],[[36.102292,53.001691],[36.102382,53.001604],[36.102435,53.001555],[36.102513,53.001494],[36.102565,53.001452],[36.102623,53.001391],[36.102636,53.001362],[36.102641,53.001327],[36.102616,53.001277],[36.102585,53.001249],[36.102521,53.00121],[36.102449,53.001188],[36.102371,53.001177],[36.102289,53.001181],[36.102134,53.001216]],[[36.102292,53.001691],[36.102694,53.001436],[36.102793,53.001367],[36.102897,53.001285],[36.102945,53.001236],[36.10298,53.001186],[36.102996,53.001142],[36.103004,53.001104]],[[36.10368,53.00125],[36.103442,53.001307],[36.103288,53.001343],[36.10313,53.001381],[36.103059,53.001398],[36.102956,53.00143],[36.102792,53.001485],[36.102661,53.001534],[36.102553,53.001582],[36.102292,53.001691]],[[36.103643,53.00033],[36.103696,53.000334],[36.103865,53.000295],[36.103939,53.00028],[36.104025,53.000263],[36.104125,53.000233],[36.104224,53.000202],[36.104399,53.00014],[36.104564,53.000076]],[[36.104564,53.000076],[36.104385,53.000276],[36.104317,53.000359],[36.104272,53.000448],[36.104256,53.000575]],[[36.120507,52.988212],[36.120312,52.988337],[36.119934,52.988622],[36.119738,52.988792],[36.119247,52.989215],[36.119185,52.989269],[36.118208,52.990121],[36.116902,52.991295],[36.115391,52.992676],[36.115344,52.992708],[36.115266,52.992777],[36.11503,52.992986],[36.11472,52.99326],[36.113416,52.994418],[36.113325,52.994499],[36.113062,52.994713],[36.112603,52.995013],[36.111736,52.995494],[36.110059,52.996416],[36.109953,52.996474],[36.109367,52.996796],[36.109329,52.996817],[36.108778,52.997142],[36.107852,52.997752],[36.106094,52.999019],[36.105979,52.999103],[36.105937,52.999134],[36.104984,52.999789],[36.104896,52.999847],[36.104564,53.000076]]]}},{"type":"Feature","properties":{"name_ru":null,"name":"улица Машкарина","ref":null,"highway":"tertiary","q":1,"lenght":39.92725150212802},"geometry":{"type":"LineString","coordinates":[[36.008415,52.923579],[36.008458,52.92349],[36.008499,52.923415],[36.008515,52.923385],[36.008542,52.923351],[36.008587,52.923313],[36.008645,52.923289],[36.008702,52.923272],[36.008753,52.923268],[36.008861,52.923272],[36.009876,52.923441],[36.010117,52.923478],[36.010642,52.923566],[36.010705,52.923576],[36.011594,52.923731],[36.012503,52.923862],[36.014173,52.924202],[36.014926,52.924323],[36.015907,52.92449],[36.016645,52.924615],[36.01701,52.924688],[36.017174,52.924717],[36.018867,52.925037],[36.018989,52.92506],[36.019441,52.925146],[36.019643,52.925182],[36.019938,52.925251],[36.020142,52.925298],[36.020259,52.925325],[36.02038,52.925373],[36.020476,52.925411],[36.020807,52.925549],[36.021249,52.925789]]}},{"type":"Feature","properties":{"name_ru":"улица Матвеева","name":"улица Матвеева","ref":null,"highway":"secondary","q":1,"lenght":35.91416924823379},"geometry":{"type":"LineString","coordinates":[[36.061947,52.990018],[36.061927,52.989912],[36.061884,52.989613],[36.061872,52.98953],[36.061862,52.989464],[36.06182,52.989229],[36.061801,52.989114],[36.061757,52.988816],[36.061712,52.988572],[36.061674,52.988367],[36.06159,52.987907],[36.061584,52.987861],[36.061579,52.987833],[36.061574,52.987805],[36.061507,52.987436],[36.061433,52.987058],[36.061361,52.986621],[36.061291,52.986253],[36.061132,52.985421],[36.061123,52.985357],[36.061059,52.985036],[36.06103,52.984899],[36.06097,52.984664],[36.060814,52.984032]]}},{"type":"Feature","properties":{"name_ru":null,"name":"2-я Пушкарная улица","ref":null,"highway":"residential","q":1,"lenght":55.56797829901045},"geometry":{"type":"MultiLineString","coordinates":[[[36.039466,52.958689],[36.039242,52.95863],[36.038432,52.958512],[36.03758,52.958449],[36.036916,52.958395],[36.036172,52.95832],[36.035679,52.958241],[36.034988,52.95811],[36.034676,52.958058],[36.034399,52.958031],[36.034155,52.958016]],[[36.039863,52.958411],[36.043253,52.959404],[36.043571,52.9595],[36.04633,52.960261],[36.051328,52.962468],[36.054882,52.964103],[36.055275,52.964235],[36.05542,52.964301],[36.055453,52.964355],[36.05544,52.964415]]]}},{"type":"Feature","properties":{"name_ru":"улица Герцена","name":"улица Герцена","ref":null,"highway":"primary","q":1,"lenght":19.25024466594832},"geometry":{"type":"LineString","coordinates":[[36.085459,52.971408],[36.085319,52.971538],[36.084786,52.972031],[36.084657,52.97215],[36.084398,52.9724],[36.083992,52.972776],[36.083672,52.973086],[36.083586,52.97317],[36.083447,52.973321],[36.083188,52.973613]]}},{"type":"Feature","properties":{"name_ru":null,"name":"улица Максима Горького","ref":null,"highway":"residential","q":1,"lenght":51.306174454156036},"geometry":{"type":"MultiLineString","coordinates":[[[36.06328,52.970097],[36.062788,52.969744],[36.062303,52.969387],[36.061983,52.969152],[36.061837,52.96905],[36.061692,52.968949],[36.06137,52.968714],[36.060682,52.968212],[36.060278,52.967917],[36.060204,52.967863],[36.059833,52.967588],[36.058782,52.966808],[36.058483,52.966585],[36.058408,52.966527],[36.057666,52.965963],[36.056939,52.965321]],[[36.081712,52.98843],[36.081708,52.988389],[36.081697,52.988265],[36.081707,52.98803],[36.081782,52.987587],[36.081835,52.987288],[36.081863,52.98712],[36.081905,52.986882],[36.081919,52.986653],[36.081913,52.986567],[36.0819,52.98649],[36.081883,52.986398],[36.081751,52.985873],[36.081705,52.985709],[36.081642,52.985522],[36.081459,52.984996],[36.081345,52.984721],[36.081166,52.984296],[36.08115,52.984258],[36.081081,52.984095],[36.080928,52.983777],[36.080862,52.983673],[36.080775,52.983572],[36.080003,52.982878],[36.079977,52.982854],[36.0798,52.982685],[36.079557,52.982469],[36.079512,52.982426],[36.079354,52.982286],[36.078581,52.981645],[36.077771,52.980967],[36.077076,52.98041],[36.076786,52.980171],[36.076274,52.979741],[36.076092,52.979588],[36.07581,52.979364],[36.075583,52.979191],[36.075297,52.97898],[36.075138,52.978857],[36.074661,52.978488],[36.074275,52.978193],[36.073946,52.977954],[36.073923,52.977938],[36.073531,52.977664],[36.073242,52.977467],[36.072952,52.977257],[36.07272,52.977097],[36.072091,52.976649],[36.071357,52.976104],[36.071224,52.976011],[36.070639,52.975558],[36.068436,52.973929],[36.068324,52.973842],[36.067078,52.972904],[36.066936,52.972803],[36.066098,52.972187],[36.065604,52.971828],[36.065417,52.971691],[36.06516,52.971504]]]}},{"type":"Feature","properties":{"name_ru":null,"name":"Паровозная улица","ref":null,"highway":"secondary","q":1,"lenght":69.16712633759322},"geometry":{"type":"LineString","coordinates":[[36.110599,52.985039],[36.111107,52.984717],[36.111849,52.984285],[36.112299,52.984024],[36.112723,52.983782],[36.113071,52.983589],[36.114149,52.982967],[36.114431,52.982783],[36.114486,52.982743],[36.116926,52.980809],[36.117159,52.98061],[36.117272,52.980475],[36.117556,52.98004],[36.118153,52.978926],[36.118353,52.978551],[36.118458,52.978378],[36.118793,52.977874],[36.119595,52.97674],[36.119688,52.976615],[36.120867,52.975101],[36.121517,52.974305],[36.122,52.973736],[36.122149,52.97356],[36.122854,52.972752],[36.122904,52.972688],[36.123074,52.972481],[36.123194,52.972342],[36.124059,52.971343],[36.124114,52.971279],[36.124331,52.971047],[36.124795,52.970553],[36.124848,52.970511],[36.124929,52.970467],[36.125054,52.97042],[36.125191,52.970384]]}},{"type":"Feature","properties":{"name_ru":null,"name":"Южный переулок","ref":null,"highway":"secondary","q":1,"lenght":29.52156373554106},"geometry":{"type":"LineString","coordinates":[[36.116538,52.965472],[36.116787,52.965732],[36.117124,52.966192],[36.11755,52.966674],[36.117813,52.96691],[36.117966,52.967008],[36.118171,52.967138],[36.118543,52.967403],[36.118683,52.967549],[36.118749,52.967662],[36.118805,52.96777],[36.118927,52.968003],[36.119006,52.968098],[36.119322,52.96834],[36.119591,52.968496],[36.119668,52.968541],[36.120029,52.968724],[36.120358,52.968866],[36.121316,52.969194],[36.121848,52.969376],[36.122457,52.969572],[36.123121,52.969765],[36.123734,52.969942],[36.124467,52.970165],[36.124736,52.970245],[36.124813,52.970269],[36.125191,52.970384],[36.125584,52.970502],[36.12565,52.97052],[36.125769,52.970554],[36.126337,52.970712],[36.12783,52.971062],[36.129166,52.971365],[36.129389,52.971415],[36.129616,52.971467],[36.129755,52.971497],[36.129897,52.971531],[36.130554,52.971689],[36.130721,52.97173],[36.131812,52.97201],[36.132905,52.972296],[36.133075,52.97234],[36.133839,52.972546],[36.134733,52.972776],[36.134816,52.972798],[36.135554,52.972982],[36.13565,52.973007],[36.136481,52.973216],[36.137387,52.97346],[36.138225,52.973689],[36.139171,52.973934],[36.140031,52.97416],[36.140958,52.974394],[36.141919,52.974645],[36.143186,52.974962],[36.143344,52.975002],[36.144527,52.975333]]}},{"type":"Feature","properties":{"name_ru":null,"name":"улица Металлургов","ref":null,"highway":"secondary","q":1,"lenght":16.41638940357735},"geometry":{"type":"LineString","coordinates":[[36.15032,53.008566],[36.150133,53.008668],[36.149832,53.008847],[36.149594,53.008989],[36.148565,53.009612],[36.148043,53.009916],[36.147464,53.010256],[36.146527,53.010819],[36.146476,53.010849],[36.146312,53.010948],[36.146186,53.011023],[36.146098,53.011076],[36.145111,53.011667],[36.144187,53.012222],[36.143658,53.01254],[36.142396,53.013313],[36.142136,53.013466],[36.142004,53.013543],[36.141563,53.013808],[36.141388,53.013911],[36.141227,53.014007],[36.139282,53.015167],[36.13881,53.015456],[36.137961,53.015964],[36.13792,53.015988],[36.13594,53.017135],[36.135729,53.017272],[36.134735,53.017877],[36.134169,53.018218],[36.133649,53.018521],[36.133517,53.0186],[36.132884,53.018968],[36.131393,53.019864],[36.131142,53.02002],[36.12918,53.021184],[36.129032,53.021272],[36.128325,53.021696],[36.128059,53.021853],[36.127724,53.02205]]}},{"type":"Feature","properties":{"name_ru":null,"name":"Раздольная улица","ref":null,"highway":"primary","q":1,"lenght":60.852761777551805},"geometry":{"type":"MultiLineString","coordinates":[[[36.102134,53.001216],[36.101764,53.001332],[36.101637,53.001373],[36.101425,53.001421],[36.101196,53.001455],[36.100866,53.00147],[36.095953,53.001544],[36.093867,53.001564],[36.093041,53.001543],[36.091063,53.001415],[36.090412,53.001349],[36.08827,53.001088],[36.086802,53.000899],[36.086687,53.000875],[36.085618,53.000736],[36.078729,52.999664],[36.078678,52.999626],[36.07867,52.999555]],[[36.102846,53.000637],[36.102591,53.000857],[36.102394,53.000992],[36.102134,53.001216]],[[36.102968,53.001078],[36.102866,53.001065],[36.102727,53.001061],[36.102593,53.001068],[36.10248,53.001083],[36.102361,53.001113],[36.102134,53.001216]],[[36.105516,53.001412],[36.105384,53.001393],[36.105303,53.001381],[36.105219,53.001361],[36.105134,53.001341],[36.104945,53.001307],[36.104745,53.001274],[36.104552,53.001252],[36.104381,53.001245],[36.104219,53.001245],[36.104094,53.001249],[36.103999,53.001249],[36.103755,53.001244]],[[36.104301,53.000637],[36.104443,53.000808],[36.104507,53.00087],[36.104592,53.000948],[36.104663,53.001009],[36.104748,53.00107],[36.10482,53.001116],[36.104919,53.001168],[36.105049,53.001226],[36.105181,53.001277],[36.105263,53.001302],[36.105335,53.001325],[36.105399,53.001354],[36.105516,53.001412]],[[36.105516,53.001412],[36.106331,53.001677],[36.107227,53.001964],[36.109562,53.002838],[36.109873,53.002955],[36.110778,53.003301],[36.112182,53.003859],[36.112288,53.0039],[36.112488,53.003977],[36.112722,53.00406],[36.113585,53.0044],[36.114707,53.004843],[36.115703,53.005246],[36.116474,53.005558],[36.116709,53.005657],[36.117318,53.005913],[36.117842,53.006141],[36.118018,53.006221],[36.118738,53.006529],[36.119396,53.006832],[36.120044,53.007134],[36.121001,53.007603],[36.121877,53.008057],[36.122859,53.00859],[36.12325,53.008802],[36.123679,53.009046],[36.124086,53.009286],[36.125166,53.009957],[36.125639,53.010267],[36.125776,53.010359],[36.125937,53.010464],[36.130444,53.013387],[36.130649,53.013521],[36.130824,53.013636],[36.130902,53.013688],[36.131862,53.014303],[36.132684,53.014833],[36.133404,53.015315],[36.133947,53.01568],[36.13422,53.015875],[36.134864,53.016336],[36.135798,53.017019],[36.13594,53.017135],[36.136241,53.017401],[36.136642,53.017665],[36.137525,53.018206],[36.138378,53.018717],[36.138576,53.01884],[36.138708,53.018921],[36.139069,53.019134],[36.139142,53.019177],[36.139447,53.019357],[36.139658,53.019481],[36.139817,53.019581],[36.140867,53.020239],[36.141025,53.020355],[36.141531,53.020713],[36.141842,53.021018],[36.14229,53.021605],[36.142384,53.021746],[36.142484,53.021928],[36.142526,53.02198],[36.14265,53.022226],[36.14264,53.022257],[36.142678,53.02233],[36.142704,53.02235],[36.14273,53.022452],[36.142874,53.022759],[36.143305,53.023711],[36.143382,53.023884],[36.143422,53.023972],[36.143497,53.024134],[36.143718,53.024629],[36.143778,53.024763],[36.143815,53.024844],[36.144148,53.025583],[36.144198,53.025685],[36.144388,53.026084]]]}},{"type":"Feature","properties":{"name_ru":null,"name":"улица Генерала Родина","ref":null,"highway":"secondary","q":1,"lenght":67.619810782305},"geometry":{"type":"LineString","coordinates":[[36.039497,52.980087],[36.03933,52.980018],[36.038791,52.979796],[36.038403,52.979651],[36.03783,52.979426],[36.037562,52.979303],[36.037296,52.979161],[36.037084,52.979005],[36.036905,52.978845],[36.036611,52.978489],[36.036494,52.978291],[36.036385,52.977967],[36.036279,52.977272],[36.036217,52.976779],[36.036213,52.976737],[36.036137,52.976117],[36.036065,52.975599],[36.036057,52.975548],[36.03592,52.974727],[36.035854,52.974393],[36.03582,52.974209],[36.035767,52.973918],[36.035751,52.973822],[36.035733,52.973713],[36.035664,52.973348],[36.035594,52.972907],[36.035556,52.972696],[36.035553,52.972369],[36.035486,52.972095],[36.035428,52.97173],[36.035375,52.971365],[36.035386,52.971243],[36.035394,52.971158],[36.035286,52.970472],[36.03516,52.96972],[36.035032,52.968962],[36.034889,52.968125],[36.034866,52.967933],[36.034526,52.966137],[36.034432,52.965815],[36.034307,52.96555],[36.03414,52.965189],[36.034053,52.964756],[36.033804,52.963372],[36.033797,52.963284],[36.033794,52.96312],[36.033858,52.963036],[36.033946,52.962952],[36.0341,52.962835],[36.034405,52.962642],[36.034482,52.96259],[36.034514,52.962575]]}},{"type":"Feature","properties":{"name_ru":null,"name":"Октябрьская улица","ref":null,"highway":"primary","q":1,"lenght":55.601347225946064},"geometry":{"type":"LineString","coordinates":[[36.077999,52.992451],[36.077937,52.992262],[36.077884,52.992123],[36.077696,52.991763],[36.077623,52.991643],[36.077562,52.991539],[36.077509,52.991461],[36.077198,52.991043],[36.076872,52.990615],[36.076512,52.990165],[36.076192,52.9898],[36.076083,52.989684],[36.075964,52.989542],[36.075851,52.989394],[36.075628,52.989074],[36.075294,52.988594],[36.074886,52.988009],[36.074618,52.987628],[36.074464,52.987411],[36.074153,52.986984],[36.073999,52.98678],[36.073452,52.986062],[36.073377,52.985964],[36.073193,52.985723],[36.072722,52.985103],[36.072344,52.984607],[36.07223,52.984461],[36.072074,52.984272],[36.071542,52.983577],[36.07142,52.983419],[36.071332,52.983297],[36.070187,52.98184],[36.070065,52.981677],[36.069897,52.981451],[36.06983,52.981284],[36.069673,52.981014],[36.0694,52.980661],[36.069118,52.980359],[36.068947,52.98019],[36.068572,52.979859],[36.068425,52.979727],[36.068244,52.97957],[36.067724,52.979111],[36.067554,52.978961],[36.067453,52.978873],[36.066816,52.978312],[36.066689,52.978199],[36.066579,52.978117],[36.066138,52.977785],[36.066033,52.977703],[36.065553,52.977345],[36.065096,52.977001],[36.064816,52.976787],[36.06471,52.97671],[36.064075,52.976233],[36.063953,52.976141],[36.062749,52.975255],[36.062567,52.975121],[36.062473,52.975052],[36.061948,52.974666],[36.061635,52.974435],[36.06147,52.974314],[36.060867,52.973869],[36.060377,52.973507],[36.060024,52.973247],[36.059799,52.973079],[36.059446,52.97282],[36.059106,52.972566],[36.059013,52.972497],[36.058894,52.972409],[36.057696,52.971521],[36.057608,52.971456],[36.057493,52.971372],[36.056743,52.970821],[36.056589,52.970709],[36.056509,52.97065],[36.055982,52.970263],[36.055821,52.970145],[36.055717,52.970069],[36.055639,52.97001],[36.054495,52.969149],[36.054308,52.969009],[36.054024,52.968795],[36.053975,52.968758]]}},{"type":"Feature","properties":{"name_ru":null,"name":"улица Зеленина","ref":null,"highway":"residential","q":1,"lenght":60.14922653585763},"geometry":{"type":"LineString","coordinates":[[36.024814,52.953208],[36.023908,52.953223],[36.02307,52.953241],[36.02172,52.953277],[36.021034,52.953295],[36.020886,52.953299],[36.020058,52.953321],[36.019028,52.953353],[36.018135,52.953381],[36.017359,52.953408],[36.017309,52.95341],[36.017131,52.953418],[36.01681,52.953429],[36.016389,52.953445],[36.016027,52.953459],[36.015231,52.953487],[36.014835,52.953502],[36.01475,52.953505],[36.014362,52.953519],[36.013464,52.953552],[36.013174,52.953563]]}},{"type":"Feature","properties":{"name_ru":null,"name":"улица Емлютина","ref":null,"highway":"residential","q":1,"lenght":191.91836985849102},"geometry":{"type":"LineString","coordinates":[[36.012788,52.947527],[36.012763,52.947607],[36.012719,52.947699],[36.012528,52.94811],[36.012365,52.948432],[36.012208,52.948757],[36.012183,52.948848],[36.012185,52.948888],[36.012187,52.948938],[36.012192,52.948979],[36.012263,52.94933],[36.012355,52.94976],[36.01238,52.949876],[36.012413,52.950013],[36.012424,52.95006],[36.012648,52.950981],[36.012827,52.951759],[36.01285,52.951852],[36.013188,52.953377],[36.013174,52.953563]]}},{"type":"Feature","properties":{"name_ru":null,"name":"улица Пушкина","ref":null,"highway":"tertiary","q":1,"lenght":48.9978256691522},"geometry":{"type":"LineString","coordinates":[[36.107302,52.967923],[36.107626,52.967896],[36.108021,52.967853],[36.108784,52.967757],[36.110235,52.967586],[36.111041,52.967493],[36.111505,52.967448],[36.111659,52.967433],[36.111719,52.967427],[36.112308,52.967381],[36.11291,52.967331],[36.11306,52.967305],[36.113139,52.96728],[36.113211,52.967253],[36.113319,52.967213],[36.113417,52.967151],[36.113476,52.967078],[36.113531,52.966988],[36.113553,52.966888],[36.113497,52.966731],[36.11343,52.966574],[36.113256,52.966281],[36.112989,52.965907],[36.112936,52.965824],[36.112892,52.965716],[36.112889,52.965664],[36.112924,52.965601],[36.112983,52.96555],[36.113101,52.965502],[36.113657,52.96534],[36.113761,52.965319],[36.113875,52.965321],[36.114331,52.965359],[36.114725,52.96543],[36.11483,52.965449],[36.114999,52.965461],[36.115125,52.965455],[36.115679,52.965341],[36.115755,52.965334],[36.115868,52.965323],[36.116007,52.965321],[36.116135,52.965332],[36.116299,52.965363],[36.116439,52.965413],[36.116538,52.965472]]}},{"type":"Feature","properties":{"name_ru":null,"name":"улица Цветаева","ref":null,"highway":"secondary","q":1,"lenght":26.125191975902062},"geometry":{"type":"MultiLineString","coordinates":[[[36.047749,52.985365],[36.046646,52.984721],[36.046426,52.984595],[36.046122,52.984388],[36.045851,52.984257],[36.045465,52.984066],[36.045141,52.98388],[36.044342,52.983423],[36.043912,52.983177],[36.043735,52.983075],[36.043536,52.982923],[36.043312,52.982752],[36.042391,52.98201],[36.042356,52.981983],[36.04226,52.981909],[36.041255,52.981183],[36.040914,52.980936],[36.040411,52.980581],[36.040299,52.980502],[36.040213,52.980444],[36.039497,52.980087]],[[36.054577,52.990075],[36.054545,52.990056],[36.05443,52.989983],[36.052616,52.988812],[36.052405,52.988676],[36.052314,52.988621],[36.052161,52.988596]],[[36.054577,52.990075],[36.054679,52.990094],[36.054802,52.990111],[36.054956,52.990127]],[[36.054797,52.990256],[36.054724,52.990197],[36.054577,52.990075]]]}},{"type":"Feature","properties":{"name_ru":null,"name":"улица Игнатова","ref":null,"highway":"secondary","q":1,"lenght":41.113726755974845},"geometry":{"type":"MultiLineString","coordinates":[[[36.055701,52.990417],[36.055322,52.990448],[36.055229,52.990444],[36.055162,52.990431],[36.055102,52.990413]],[[36.05525,52.990276],[36.055268,52.990305],[36.055354,52.990338],[36.055458,52.99037],[36.055572,52.990396],[36.055701,52.990417]],[[36.055701,52.990417],[36.056054,52.990398],[36.056596,52.990362],[36.057145,52.990329],[36.05726,52.990323],[36.058759,52.990232],[36.058942,52.990222],[36.06038,52.990128],[36.061947,52.990018],[36.062151,52.990006],[36.063478,52.989909],[36.06355,52.989904],[36.063919,52.989907],[36.064049,52.989915],[36.064312,52.989943],[36.064617,52.989977],[36.064943,52.990023],[36.065478,52.990096],[36.066483,52.990226],[36.066617,52.990241],[36.066942,52.990274],[36.067264,52.990299],[36.067814,52.990323],[36.068443,52.990332],[36.069022,52.990303],[36.069896,52.990238],[36.069986,52.990233],[36.070153,52.99022],[36.070435,52.9902],[36.070688,52.990181],[36.071264,52.990135],[36.073091,52.989998],[36.073535,52.989965],[36.07358,52.989962],[36.073715,52.989953],[36.073934,52.989939],[36.074113,52.989926],[36.074976,52.98986],[36.075602,52.989816],[36.075696,52.989805],[36.075777,52.989789],[36.076083,52.989684]]]}},{"type":"Feature","properties":{"name_ru":null,"name":"Привокзальная улица","ref":null,"highway":"residential","q":1,"lenght":30.314599828295602},"geometry":{"type":"MultiLineString","coordinates":[[[36.10597,52.980053],[36.106547,52.980294],[36.10717,52.980558],[36.107294,52.980582],[36.107458,52.980579],[36.107634,52.980552],[36.107821,52.980509],[36.107934,52.980475],[36.108011,52.980434],[36.108371,52.980116],[36.108505,52.979987],[36.108747,52.979756],[36.109252,52.979275],[36.109401,52.979148],[36.109266,52.979091],[36.109186,52.979029],[36.109125,52.978958],[36.109098,52.978864],[36.109131,52.978781],[36.109524,52.978389],[36.109854,52.978063],[36.109967,52.977981],[36.11008,52.977933],[36.110211,52.977918],[36.110314,52.977925],[36.110526,52.977971],[36.11067,52.977827],[36.111194,52.977308],[36.111252,52.97729],[36.111318,52.977278],[36.111396,52.977279],[36.111454,52.977289]],[[36.112271,52.97278],[36.112268,52.972508],[36.112494,52.971892],[36.11253,52.971751],[36.112615,52.971295],[36.112673,52.970967],[36.112804,52.969996],[36.112812,52.96993],[36.11284,52.969586]]]}},{"type":"Feature","properties":{"name_ru":null,"name":"Межевой переулок","ref":null,"highway":"residential","q":1,"lenght":112.63422430967397},"geometry":{"type":"MultiLineString","coordinates":[[[36.121158,52.994638],[36.119651,52.994193]],[[36.125225,52.991463],[36.125115,52.991586],[36.124903,52.991788],[36.124452,52.992244],[36.124371,52.992312],[36.124291,52.992366],[36.124069,52.992495],[36.123956,52.992568],[36.123572,52.992975],[36.123176,52.993395],[36.122944,52.993642]]]}},{"type":"Feature","properties":{"name_ru":null,"name":"Карачевское шоссе","ref":null,"highway":"trunk","q":1,"lenght":54.662196232762874},"geometry":{"type":"LineString","coordinates":[[36.003667,52.947929],[36.00633,52.947808],[36.007436,52.94776],[36.009359,52.947676],[36.010173,52.947641],[36.01125,52.947596],[36.011648,52.947576],[36.012788,52.947527],[36.01339,52.947494],[36.013689,52.947481],[36.01461,52.947441],[36.015456,52.947402],[36.016461,52.947354],[36.017501,52.947306],[36.018397,52.947264],[36.019431,52.947215],[36.020025,52.947187],[36.020388,52.94717],[36.021182,52.947133],[36.021377,52.947124],[36.021683,52.947111],[36.02238,52.947076],[36.023207,52.947037],[36.023252,52.947035],[36.023533,52.947021],[36.023661,52.947016],[36.023973,52.947001],[36.024189,52.946991],[36.025261,52.94694],[36.025563,52.946925],[36.026251,52.94689],[36.026808,52.946862],[36.027768,52.946814],[36.028183,52.946793],[36.028956,52.946756],[36.030895,52.946662],[36.031016,52.946658],[36.032835,52.946571],[36.033361,52.946548],[36.033695,52.946535],[36.033985,52.946523],[36.035668,52.946454],[36.037914,52.946364],[36.038508,52.946333],[36.039037,52.946299],[36.03952,52.946247],[36.039958,52.946172],[36.040269,52.946108],[36.040505,52.946049],[36.040748,52.945959],[36.040981,52.945856],[36.041204,52.94574],[36.0416,52.94551],[36.041822,52.945359],[36.041927,52.945296],[36.042113,52.945176],[36.043043,52.94462],[36.043468,52.944363],[36.044089,52.943989],[36.045253,52.943284],[36.0454,52.943194],[36.045453,52.943161],[36.046135,52.942744],[36.046707,52.942395],[36.047494,52.941915],[36.048021,52.9416],[36.04817,52.941513]]}},{"type":"Feature","properties":{"name_ru":null,"name":"Санько","ref":null,"highway":"residential","q":1,"lenght":305.93782617231557},"geometry":{"type":"LineString","coordinates":[[36.047046,52.992933],[36.047151,52.993281],[36.047478,52.99372],[36.04794,52.994179],[36.048659,52.994592],[36.049511,52.99505],[36.049613,52.995115]]}},{"type":"Feature","properties":{"name_ru":null,"name":"улица Антонова","ref":null,"highway":"residential","q":1,"lenght":123.35185328628717},"geometry":{"type":"LineString","coordinates":[[36.043912,52.983177],[36.043207,52.983588],[36.042963,52.98373],[36.042914,52.983753],[36.042877,52.983767],[36.042848,52.983771],[36.042818,52.983772],[36.042758,52.983769],[36.042694,52.983761],[36.042635,52.983753],[36.042575,52.983744],[36.042478,52.983722]]}},{"type":"Feature","properties":{"name_ru":null,"name":"набережная Дубровинского","ref":null,"highway":"residential","q":1,"lenght":183.0906864443934},"geometry":{"type":"MultiLineString","coordinates":[[[36.074178,52.973353],[36.073447,52.973057],[36.072874,52.972739],[36.072488,52.972504],[36.072178,52.972292],[36.071729,52.971894],[36.071569,52.97173],[36.071425,52.971582],[36.071378,52.971507],[36.071322,52.971417],[36.071254,52.971258],[36.071174,52.971072],[36.071135,52.970877],[36.071113,52.970745],[36.071088,52.970318],[36.071141,52.969737],[36.071171,52.969579],[36.071208,52.969421],[36.071235,52.969314],[36.071316,52.96898],[36.071504,52.968543],[36.072527,52.967349],[36.072711,52.967138],[36.073303,52.966558],[36.073342,52.966526],[36.073367,52.966506],[36.073471,52.966421],[36.073495,52.966401],[36.073525,52.966378],[36.073771,52.966177],[36.073881,52.96604],[36.073951,52.965891],[36.074084,52.965688],[36.074752,52.964906],[36.075079,52.964633],[36.075279,52.964505]],[[36.078428,52.9611],[36.078747,52.960883],[36.07959,52.960418],[36.080384,52.959956]]]}},{"type":"Feature","properties":{"name_ru":null,"name":"улица Корчагина","ref":null,"highway":"residential","q":1,"lenght":58.23968041207505},"geometry":{"type":"LineString","coordinates":[[36.03534,52.950218],[36.033916,52.949508],[36.033817,52.948907],[36.03379,52.948737],[36.033649,52.94777],[36.033642,52.947686],[36.033606,52.947247],[36.033614,52.947203],[36.033631,52.94713],[36.033653,52.947037]]}},{"type":"Feature","properties":{"name_ru":null,"name":"Садово-Пушкарная улица","ref":null,"highway":"residential","q":1,"lenght":34.544634015361105},"geometry":{"type":"LineString","coordinates":[[36.045029,52.961342],[36.045177,52.961177],[36.04633,52.960261],[36.04678,52.959876],[36.047558,52.959245],[36.049359,52.957905],[36.050537,52.9571],[36.05189,52.956087],[36.051972,52.956026],[36.054836,52.95388],[36.055433,52.953454],[36.055516,52.953395],[36.055585,52.953345],[36.055635,52.953311],[36.056289,52.952863],[36.056503,52.952717],[36.056751,52.952551],[36.056848,52.952486],[36.057253,52.952295],[36.057856,52.95221],[36.059265,52.952011],[36.059403,52.951992],[36.060109,52.951895],[36.060259,52.951872]]}},{"type":"Feature","properties":{"name_ru":null,"name":"улица Гагарина","ref":null,"highway":"tertiary","q":1,"lenght":9.94156614304735},"geometry":{"type":"LineString","coordinates":[[36.062303,52.962329],[36.062504,52.962362],[36.06297,52.962462],[36.063099,52.962493],[36.063471,52.962584],[36.064183,52.962797],[36.064265,52.962822],[36.064905,52.963101],[36.065115,52.963193],[36.065343,52.963302],[36.065374,52.963318],[36.065501,52.963385],[36.065616,52.963446],[36.066547,52.963939],[36.067487,52.964499],[36.067523,52.964516],[36.067576,52.964512],[36.068095,52.964209],[36.068363,52.964058],[36.068446,52.96401],[36.068552,52.963948],[36.068647,52.963896],[36.068912,52.96375],[36.069402,52.963483],[36.069476,52.963435],[36.069514,52.963382],[36.069545,52.963327],[36.069754,52.962881],[36.069921,52.962524],[36.069989,52.962395],[36.070033,52.962307],[36.070663,52.961052],[36.070825,52.960728],[36.070875,52.960629],[36.070927,52.960529],[36.071588,52.959267],[36.071671,52.959107],[36.071756,52.958944],[36.071793,52.958875],[36.071989,52.9585],[36.072188,52.958119],[36.072265,52.957973],[36.072363,52.957773],[36.07242,52.957654],[36.072682,52.957112],[36.073179,52.956139],[36.073218,52.956044],[36.073782,52.954671],[36.073904,52.954348],[36.073992,52.954115],[36.074046,52.953971],[36.074068,52.953917],[36.074092,52.953858],[36.074306,52.953337],[36.074536,52.952775],[36.074737,52.952241],[36.074815,52.95206],[36.074886,52.951961],[36.074977,52.951873],[36.075134,52.951778],[36.075485,52.951557],[36.075686,52.951442],[36.07603,52.95125],[36.0764,52.951008],[36.076648,52.950799],[36.076758,52.950659],[36.07684,52.950535],[36.076885,52.950403],[36.076923,52.950158],[36.076925,52.950073],[36.076929,52.949911],[36.07691,52.94966]]}},{"type":"Feature","properties":{"name_ru":null,"name":"Новосильский переулок","ref":null,"highway":"secondary","q":1,"lenght":80.17047582063184},"geometry":{"type":"LineString","coordinates":[[36.083004,52.96798],[36.082993,52.968079],[36.082987,52.968176],[36.08298,52.968428],[36.082977,52.969148],[36.082985,52.970041],[36.082974,52.970147],[36.082894,52.970256],[36.082801,52.970335]]}},{"type":"Feature","properties":{"name_ru":null,"name":"Запрудная улица","ref":null,"highway":"residential","q":1,"lenght":18.22731294652796},"geometry":{"type":"LineString","coordinates":[[36.107768,52.999343],[36.109354,52.998606],[36.110224,52.998157],[36.111233,52.99774],[36.111929,52.997567],[36.112748,52.997371],[36.112989,52.997344],[36.114614,52.996877],[36.114676,52.99678],[36.114599,52.996641],[36.11358,52.995781],[36.113197,52.995417],[36.112773,52.995141],[36.112603,52.995013]]}},{"type":"Feature","properties":{"name_ru":null,"name":"Черкасская улица","ref":null,"highway":"residential","q":1,"lenght":10.216942677347847},"geometry":{"type":"LineString","coordinates":[[36.072347,52.962736],[36.0724,52.962662],[36.073124,52.961646],[36.073558,52.961028],[36.0736,52.960964],[36.073885,52.960559],[36.07433,52.959909],[36.074743,52.959305],[36.07503,52.95892],[36.075173,52.958728],[36.075285,52.958564],[36.075346,52.95848],[36.075428,52.958358],[36.07577,52.957838],[36.075934,52.957592],[36.076536,52.956595],[36.076614,52.956457],[36.07695,52.955862],[36.077176,52.955463],[36.077635,52.954651],[36.077736,52.954472]]}},{"type":"Feature","properties":{"name_ru":null,"name":"3-я Курская улица","ref":null,"highway":"secondary","q":1,"lenght":42.621371834976976},"geometry":{"type":"LineString","coordinates":[[36.090087,52.957985],[36.089562,52.958767],[36.08926,52.959146],[36.089231,52.959182],[36.088664,52.959975],[36.08813,52.960723],[36.087975,52.96094],[36.08793,52.961002],[36.0878,52.96119],[36.08766,52.961393],[36.087417,52.961739],[36.087273,52.961941],[36.087231,52.961999],[36.086554,52.962933],[36.08647,52.963048],[36.086223,52.963384],[36.085829,52.963921],[36.085194,52.9648],[36.084747,52.965401],[36.084512,52.965701],[36.084465,52.965767],[36.084019,52.966392],[36.083438,52.967206],[36.083358,52.967313],[36.083152,52.967676],[36.083035,52.967896],[36.083004,52.96798]]}},{"type":"Feature","properties":{"name_ru":null,"name":"Карачевский переулок","ref":null,"highway":"residential","q":1,"lenght":40.999660429114286},"geometry":{"type":"LineString","coordinates":[[36.046852,52.949645],[36.047205,52.949344],[36.047446,52.949135],[36.047815,52.948815],[36.047867,52.948741],[36.0479,52.948651],[36.047898,52.948591],[36.047967,52.948582],[36.04801,52.948577],[36.048062,52.948571],[36.048259,52.948544],[36.048595,52.948301],[36.04913,52.94788],[36.050045,52.94719],[36.050894,52.946685],[36.051392,52.946389],[36.052388,52.945875],[36.052607,52.945769],[36.053267,52.945441],[36.053467,52.945343],[36.054496,52.944839],[36.054739,52.944718],[36.054855,52.944663],[36.054965,52.944607],[36.055062,52.944558],[36.055862,52.944153],[36.056166,52.944],[36.056453,52.943859],[36.056837,52.94366],[36.057655,52.943246],[36.058173,52.942984],[36.058519,52.942809],[36.058825,52.942653]]}},{"type":"Feature","properties":{"name_ru":null,"name":"улица Салтыкова-Щедрина","ref":null,"highway":"tertiary","q":1,"lenght":4.915799752795977},"geometry":{"type":"LineString","coordinates":[[36.05675,52.967442],[36.05684,52.967504],[36.057557,52.968035],[36.057872,52.968268],[36.057946,52.968324],[36.058412,52.968667],[36.058487,52.968722],[36.058591,52.968801],[36.059128,52.969202],[36.059174,52.969237],[36.059562,52.969528],[36.059649,52.969593],[36.060228,52.970026],[36.060311,52.970088],[36.060425,52.970173],[36.060969,52.970574],[36.061523,52.970989],[36.061616,52.971058],[36.062534,52.971737],[36.063438,52.972386],[36.063557,52.972483],[36.064109,52.972894],[36.065248,52.97371],[36.065325,52.973763],[36.065469,52.973882],[36.066005,52.974298],[36.066583,52.974752],[36.06667,52.974809]]}},{"type":"Feature","properties":{"name_ru":null,"name":"улица Пролетарская Гора","ref":null,"highway":"residential","q":1,"lenght":28.99361357884594},"geometry":{"type":"LineString","coordinates":[[36.064302,52.970134],[36.064405,52.970082],[36.065377,52.969589],[36.065596,52.96943],[36.065662,52.969397],[36.066111,52.969168],[36.066306,52.969296],[36.066584,52.969291],[36.066755,52.9693],[36.066905,52.969329],[36.067054,52.969372],[36.067224,52.969435],[36.0674,52.969515],[36.067516,52.969583],[36.067623,52.969655],[36.067816,52.969812],[36.067909,52.969908],[36.067943,52.96996],[36.067957,52.969991],[36.068125,52.970324],[36.068455,52.97094],[36.068434,52.971007],[36.068387,52.971067],[36.068287,52.971129],[36.06811,52.971189],[36.067905,52.971242],[36.067169,52.971324],[36.066368,52.971417],[36.066155,52.971433],[36.066031,52.971443],[36.065589,52.971475],[36.06516,52.971504]]}},{"type":"Feature","properties":{"name_ru":null,"name":"улица Тургенева","ref":null,"highway":"tertiary","q":1,"lenght":26.335567945711148},"geometry":{"type":"LineString","coordinates":[[36.045887,52.973051],[36.046117,52.973007],[36.046542,52.972903],[36.046794,52.972842],[36.047158,52.972755],[36.048001,52.972554],[36.048229,52.972501],[36.048551,52.972421],[36.050126,52.97204],[36.050371,52.971983],[36.052073,52.971573],[36.052377,52.9715],[36.052539,52.971447],[36.052925,52.971324],[36.053189,52.971239],[36.053664,52.971083],[36.054174,52.97082],[36.055323,52.970261],[36.055609,52.970121],[36.055717,52.970069],[36.055888,52.969986],[36.056471,52.969702],[36.057424,52.969239],[36.057935,52.968991],[36.058381,52.968774],[36.058487,52.968722],[36.05859,52.968671],[36.059233,52.968349],[36.059403,52.968264],[36.060204,52.967863],[36.060351,52.967792],[36.061128,52.967409],[36.062179,52.966891],[36.062306,52.966794],[36.062425,52.966633],[36.062561,52.966387],[36.062614,52.966252],[36.062661,52.966097],[36.062732,52.965655],[36.062753,52.965055]]}},{"type":"Feature","properties":{"name_ru":null,"name":"Воскресенский переулок","ref":null,"highway":"residential","q":1,"lenght":29.783749853778346},"geometry":{"type":"MultiLineString","coordinates":[[[36.065758,52.962457],[36.065839,52.962433],[36.065891,52.962419],[36.066162,52.962346],[36.066928,52.962141],[36.067091,52.962098],[36.067258,52.962053],[36.067316,52.962038]],[[36.067323,52.962173],[36.067163,52.962215],[36.067007,52.962258],[36.066256,52.962467],[36.066055,52.962523],[36.065996,52.962538],[36.065911,52.96256]],[[36.074033,52.962989],[36.073937,52.962975],[36.07384,52.96296],[36.073575,52.962921],[36.072347,52.962736],[36.071573,52.962624],[36.071253,52.962578],[36.070966,52.962536],[36.070271,52.962436],[36.069989,52.962395],[36.069841,52.962376],[36.067636,52.962097],[36.067444,52.96214]]]}},{"type":"Feature","properties":{"name_ru":null,"name":"улица Орджоникидзе","ref":null,"highway":"secondary","q":1,"lenght":11.501573509584953},"geometry":{"type":"LineString","coordinates":[[36.102979,52.978323],[36.103086,52.978317],[36.103257,52.978311],[36.103662,52.978345],[36.104179,52.97839],[36.104957,52.978447],[36.105196,52.978473],[36.107799,52.978728],[36.108162,52.978764],[36.109098,52.978864]]}},{"type":"Feature","properties":{"name_ru":null,"name":"Герценский мост","ref":null,"highway":"primary","q":1,"lenght":4.939628050593882},"geometry":{"type":"LineString","coordinates":[[36.083188,52.973613],[36.083148,52.97365],[36.081497,52.975142],[36.081423,52.975208],[36.081234,52.975379],[36.08117,52.975437],[36.080196,52.976322]]}},{"type":"Feature","properties":{"name_ru":null,"name":"Ростовская улица","ref":null,"highway":"tertiary","q":1,"lenght":135.0306316927981},"geometry":{"type":"MultiLineString","coordinates":[[[36.105349,52.945451],[36.105277,52.945394],[36.1052,52.945357],[36.105075,52.945309],[36.104997,52.94528],[36.104071,52.94503],[36.103184,52.944783],[36.102464,52.944589],[36.102288,52.944535],[36.10182,52.944366],[36.101446,52.944255],[36.100801,52.944164],[36.100669,52.944142],[36.100548,52.944141],[36.100393,52.944151],[36.099436,52.944307],[36.098416,52.944448],[36.097458,52.944587]],[[36.114948,52.949077],[36.113258,52.948421],[36.111885,52.947906],[36.111448,52.947745],[36.111416,52.947734],[36.110943,52.947547],[36.110792,52.947487],[36.108714,52.9467],[36.107451,52.946184],[36.106102,52.945677],[36.105621,52.945506],[36.10551,52.945467],[36.105474,52.945455]]]}},{"type":"Feature","properties":{"name_ru":null,"name":"Георгиевский переулок","ref":null,"highway":"residential","q":1,"lenght":93.19794310870965},"geometry":{"type":"MultiLineString","coordinates":[[[36.062306,52.966794],[36.06223,52.966757],[36.062191,52.966735],[36.061526,52.966235],[36.06143,52.966162],[36.061028,52.96586],[36.060735,52.965639],[36.060604,52.965541]],[[36.06608,52.967071],[36.065975,52.967106],[36.06584,52.967123],[36.065553,52.967107],[36.064813,52.967065],[36.064573,52.967048],[36.06435,52.967029],[36.063068,52.966939],[36.062972,52.966931],[36.062882,52.966922],[36.062779,52.96691]]]}},{"type":"Feature","properties":{"name_ru":null,"name":"Силикатная улица","ref":null,"highway":"tertiary","q":1,"lenght":60.13602959844864},"geometry":{"type":"LineString","coordinates":[[36.101528,53.002359],[36.101552,53.002432],[36.101589,53.002492],[36.102044,53.003119],[36.102418,53.003635],[36.102559,53.003831],[36.103166,53.00467],[36.10378,53.005532],[36.10411,53.006],[36.104344,53.006332],[36.104448,53.006487],[36.10454,53.006619],[36.104779,53.007021],[36.104906,53.007422],[36.10494,53.007669],[36.104964,53.007882],[36.104991,53.008097],[36.105027,53.008389],[36.105126,53.008996],[36.105213,53.009534],[36.10527,53.009708]]}},{"type":"Feature","properties":{"name_ru":null,"name":"улица Кузнецова","ref":null,"highway":"residential","q":1,"lenght":57.84048188865565},"geometry":{"type":"LineString","coordinates":[[36.109021,53.007447],[36.109078,53.007431],[36.109125,53.007405],[36.109491,53.007021],[36.110071,53.006411],[36.110525,53.005989],[36.110881,53.005638],[36.11094,53.00558],[36.111403,53.005142],[36.111472,53.005074],[36.111777,53.004738],[36.112142,53.004339],[36.112361,53.004099],[36.112488,53.003977]]}},{"type":"Feature","properties":{"name_ru":null,"name":"Складской переулок","ref":null,"highway":"residential","q":1,"lenght":278.00017022581335},"geometry":{"type":"LineString","coordinates":[[36.090302,52.997947],[36.094016,52.997893],[36.094441,52.997885]]}},{"type":"Feature","properties":{"name_ru":null,"name":"улица Зелёный Ров","ref":null,"highway":"residential","q":1,"lenght":64.37932604106575},"geometry":{"type":"LineString","coordinates":[[36.057308,52.962535],[36.057363,52.962455],[36.057357,52.962375],[36.057308,52.962301],[36.057221,52.962208],[36.056992,52.96203]]}},{"type":"Feature","properties":{"name_ru":null,"name":"улица Гайдара","ref":null,"highway":"tertiary","q":1,"lenght":54.72964965188224},"geometry":{"type":"LineString","coordinates":[[36.085543,53.000724],[36.085582,53.000641],[36.085661,53.000519],[36.086235,52.999629],[36.0868,52.998669],[36.08709,52.998165],[36.087423,52.997585],[36.087448,52.99742],[36.087759,52.996958],[36.087888,52.996749],[36.087932,52.996677],[36.088048,52.996487],[36.088448,52.995902],[36.08851,52.99581],[36.088805,52.995379],[36.089247,52.994732],[36.089759,52.993969],[36.089887,52.993712],[36.090093,52.993308],[36.090183,52.993148],[36.090291,52.992958],[36.090353,52.992842],[36.09038,52.992715],[36.090458,52.992612],[36.09099,52.992104],[36.091776,52.991346]]}},{"type":"Feature","properties":{"name_ru":null,"name":"улица Абрамова и Соколова","ref":null,"highway":"tertiary","q":1,"lenght":12.502576063878287},"geometry":{"type":"MultiLineString","coordinates":[[[36.099781,52.941938],[36.100016,52.942507],[36.100281,52.942919],[36.100717,52.943871],[36.100801,52.944164],[36.101015,52.944645],[36.101231,52.945264],[36.101337,52.945818],[36.101561,52.946789],[36.101587,52.947026],[36.101611,52.947137],[36.101631,52.947232],[36.101738,52.947635],[36.101774,52.947782],[36.10181,52.947905],[36.101865,52.948073],[36.101993,52.948419],[36.102018,52.948598],[36.102053,52.948939],[36.102037,52.949034],[36.101983,52.949154],[36.101914,52.949277]],[[36.102163,52.949397],[36.10281,52.951634],[36.103014,52.952243],[36.103043,52.952678],[36.10301,52.953121],[36.102934,52.953447],[36.102182,52.954966],[36.101709,52.955922],[36.101328,52.956694],[36.101316,52.956723],[36.101312,52.956748],[36.101312,52.956773],[36.101336,52.956833]]]}},{"type":"Feature","properties":{"name_ru":null,"name":"улица Грановского","ref":null,"highway":"residential","q":1,"lenght":123.37784040832852},"geometry":{"type":"LineString","coordinates":[[36.058569,52.979935],[36.058426,52.98001],[36.057628,52.980395],[36.056725,52.980865],[36.055972,52.98123],[36.055585,52.981381],[36.055402,52.981527],[36.055184,52.981613],[36.054601,52.981955]]}},{"type":"Feature","properties":{"name_ru":null,"name":"улица Пархоменко","ref":null,"highway":"residential","q":1,"lenght":37.578180960392416},"geometry":{"type":"MultiLineString","coordinates":[[[36.029944,52.968437],[36.030296,52.970573],[36.030285,52.970838],[36.030218,52.971199],[36.030218,52.971258],[36.030295,52.971592],[36.030321,52.971704],[36.030457,52.972611],[36.030539,52.97307],[36.030624,52.97359],[36.030759,52.974348],[36.03077,52.974412],[36.03087,52.974805],[36.031005,52.975498]],[[36.033042,52.979689],[36.033314,52.97997],[36.033525,52.98018],[36.033814,52.980467],[36.033976,52.980628],[36.034218,52.980862],[36.034453,52.98109],[36.034633,52.981341],[36.034662,52.981381],[36.03483,52.981558]]]}},{"type":"Feature","properties":{"name_ru":null,"name":"улица Ермолова","ref":null,"highway":"residential","q":1,"lenght":9.848602875000857},"geometry":{"type":"LineString","coordinates":[[36.072952,52.977257],[36.073066,52.977202],[36.074011,52.976747],[36.074438,52.976542],[36.075686,52.975903],[36.07606,52.975664]]}},{"type":"Feature","properties":{"name_ru":null,"name":"улица Сурена Шаумяна","ref":null,"highway":"residential","q":1,"lenght":5.309255275749149},"geometry":{"type":"LineString","coordinates":[[36.059833,52.976467],[36.059782,52.97643],[36.059477,52.976207],[36.05841,52.975427],[36.058222,52.97529],[36.057489,52.974754],[36.057282,52.974602],[36.056974,52.974459],[36.056753,52.974322],[36.05643,52.974089],[36.056096,52.973858],[36.055577,52.973472],[36.054825,52.972907],[36.054705,52.972817]]}},{"type":"Feature","properties":{"name_ru":null,"name":"улица Ломоносова","ref":null,"highway":"tertiary","q":1,"lenght":118.54037627472573},"geometry":{"type":"LineString","coordinates":[[36.06983,52.981284],[36.069621,52.981396],[36.069159,52.981532],[36.068919,52.981606],[36.068535,52.981724],[36.067752,52.981964],[36.067703,52.981979],[36.066801,52.982246],[36.066166,52.982401],[36.065768,52.982483],[36.065593,52.982504],[36.065414,52.982517],[36.065224,52.982513],[36.065003,52.982497],[36.064666,52.982444],[36.06391,52.982327],[36.063651,52.982283],[36.062381,52.982075],[36.062088,52.982036],[36.061954,52.982028],[36.061834,52.98203],[36.061738,52.982042],[36.061639,52.982065],[36.061524,52.982108],[36.060677,52.982543],[36.060628,52.982563],[36.060553,52.982579],[36.060464,52.982591]]}},{"type":"Feature","properties":{"name_ru":null,"name":"улица Спивака","ref":null,"highway":"secondary","q":1,"lenght":25.71878201748867},"geometry":{"type":"MultiLineString","coordinates":[[[36.043763,52.955452],[36.042405,52.955018],[36.042112,52.954933],[36.041803,52.954832],[36.041295,52.954681],[36.039853,52.954303],[36.039491,52.954201],[36.039118,52.954047],[36.038155,52.953574],[36.037733,52.953367],[36.037475,52.953242],[36.03727,52.953142],[36.036918,52.952971],[36.036053,52.95254],[36.035299,52.952156],[36.034543,52.951788],[36.033728,52.951388],[36.032728,52.950896],[36.031466,52.950312],[36.031362,52.950003],[36.031275,52.949153],[36.031241,52.948815],[36.031229,52.948766],[36.031171,52.947851],[36.031091,52.947154],[36.03108,52.947053],[36.03106,52.946931],[36.03104,52.946825],[36.031016,52.946658]],[[36.032622,52.939087],[36.032579,52.939373],[36.032434,52.940347],[36.03231,52.941175],[36.032295,52.941271],[36.03214,52.942289],[36.03208,52.942687],[36.031984,52.943315],[36.031885,52.943968],[36.031829,52.944337],[36.03176,52.944798],[36.031722,52.945028],[36.031689,52.945262],[36.031671,52.945438],[36.031676,52.945576],[36.031702,52.945686],[36.031756,52.945789],[36.031868,52.945911],[36.032141,52.946109],[36.032275,52.946202],[36.032593,52.946412],[36.032835,52.946571]]]}},{"type":"Feature","properties":{"name_ru":null,"name":"Севастопольская улица","ref":null,"highway":"residential","q":1,"lenght":125.7952131056165},"geometry":{"type":"MultiLineString","coordinates":[[[36.087173,52.991455],[36.087571,52.991627],[36.087961,52.991791],[36.088818,52.992236],[36.089126,52.99242],[36.089982,52.992782]],[[36.090353,52.992842],[36.091553,52.993121],[36.09264,52.993398],[36.092848,52.99377],[36.093232,52.994153],[36.093358,52.994299],[36.093428,52.994353],[36.093514,52.994377]]]}},{"type":"Feature","properties":{"name_ru":null,"name":"2-я Курская улица","ref":null,"highway":"residential","q":1,"lenght":19.737166765563963},"geometry":{"type":"LineString","coordinates":[[36.085578,52.968288],[36.085595,52.968257],[36.085911,52.967684],[36.085928,52.967653],[36.085955,52.967618],[36.085971,52.967601],[36.085994,52.967579],[36.086253,52.967314],[36.087132,52.966062],[36.087611,52.965335],[36.087798,52.965094],[36.088326,52.964412],[36.088466,52.964231],[36.089044,52.963485],[36.089978,52.96212],[36.090053,52.96201],[36.090229,52.96175],[36.090361,52.961556],[36.090489,52.961396],[36.090575,52.961288],[36.09102,52.960686],[36.091099,52.96058],[36.091519,52.96002],[36.09172,52.959753],[36.091743,52.959717],[36.091872,52.959524],[36.092355,52.958793]]}},{"type":"Feature","properties":{"name_ru":null,"name":"Пионерская улица","ref":null,"highway":"secondary","q":1,"lenght":16.177188412825274},"geometry":{"type":"LineString","coordinates":[[36.067078,52.972904],[36.066892,52.972997],[36.066679,52.973101],[36.065841,52.973511],[36.065433,52.97371],[36.065325,52.973763],[36.065186,52.973832],[36.062741,52.975035],[36.062567,52.975121],[36.062437,52.975184],[36.061926,52.975436],[36.060898,52.975942],[36.060809,52.975986],[36.060744,52.976018],[36.059954,52.976407],[36.059833,52.976467],[36.059243,52.976758],[36.058584,52.977083],[36.056297,52.978212],[36.056167,52.978276]]}},{"type":"Feature","properties":{"name_ru":null,"name":"Контактная улица","ref":null,"highway":"residential","q":1,"lenght":75.3020041840796},"geometry":{"type":"LineString","coordinates":[[36.121176,52.983547],[36.121487,52.983778],[36.122064,52.983985],[36.123177,52.984267],[36.124093,52.984524],[36.12501,52.984731],[36.125155,52.984798],[36.125441,52.98488],[36.125536,52.984907],[36.126615,52.985214],[36.127597,52.985498],[36.128604,52.985795]]}},{"type":"Feature","properties":{"name_ru":null,"name":"Тургеневский мост","ref":null,"highway":"primary","q":1,"lenght":8.247754393624428},"geometry":{"type":"LineString","coordinates":[[36.062725,52.964931],[36.062657,52.964635],[36.062643,52.964572],[36.062342,52.963269],[36.062306,52.963115],[36.062279,52.962997],[36.062174,52.962541],[36.062152,52.962446],[36.06212,52.962309],[36.062103,52.962234],[36.062086,52.962161]]}},{"type":"Feature","properties":{"name_ru":null,"name":"улица Гуртьева","ref":null,"highway":"residential","q":1,"lenght":7.920713304588716},"geometry":{"type":"LineString","coordinates":[[36.068436,52.973929],[36.068276,52.974008],[36.067706,52.974293],[36.066784,52.974751],[36.06667,52.974809],[36.06662,52.974835],[36.066579,52.974855],[36.06461,52.975819],[36.064065,52.976086],[36.063953,52.976141]]}},{"type":"Feature","properties":{"name_ru":null,"name":"Холодная улица","ref":null,"highway":"residential","q":1,"lenght":81.6343168456257},"geometry":{"type":"LineString","coordinates":[[36.065812,52.948294],[36.066011,52.948745],[36.066156,52.949068],[36.066359,52.94953],[36.066562,52.949991],[36.066596,52.950068],[36.06691,52.950777]]}},{"type":"Feature","properties":{"name_ru":null,"name":"Гостинная улица","ref":null,"highway":"tertiary","q":1,"lenght":45.057716042611176},"geometry":{"type":"LineString","coordinates":[[36.068446,52.96401],[36.068314,52.963927],[36.066392,52.962842],[36.065911,52.96256]]}},{"type":"Feature","properties":{"name_ru":null,"name":"1-я Пушкарная улица","ref":null,"highway":"residential","q":1,"lenght":246.0735532557826},"geometry":{"type":"LineString","coordinates":[[36.06153,52.961729],[36.060164,52.961804],[36.059102,52.961862],[36.058904,52.961878],[36.058534,52.961907],[36.057903,52.961957],[36.05727,52.962007],[36.056992,52.96203],[36.056685,52.962076],[36.0566,52.96207],[36.056507,52.962046],[36.053404,52.961097],[36.049149,52.959749],[36.047558,52.959245],[36.046517,52.95891],[36.044636,52.958297],[36.041385,52.957279]]}},{"type":"Feature","properties":{"name_ru":null,"name":"улица Энгельса","ref":null,"highway":"residential","q":1,"lenght":166.46264503982707},"geometry":{"type":"LineString","coordinates":[[36.061457,52.961255],[36.059192,52.96065],[36.056759,52.959969],[36.055666,52.959661],[36.053505,52.95906],[36.049359,52.957905],[36.048389,52.957621],[36.048002,52.957513],[36.046302,52.957072],[36.042935,52.956089]]}},{"type":"Feature","properties":{"name_ru":null,"name":"набережная Есенина","ref":null,"highway":"residential","q":1,"lenght":147.9353736255091},"geometry":{"type":"LineString","coordinates":[[36.054882,52.964103],[36.056386,52.963131],[36.057308,52.962535]]}},{"type":"Feature","properties":{"name_ru":null,"name":"улица Генерала Жадова","ref":null,"highway":"residential","q":1,"lenght":12.593752780759207},"geometry":{"type":"LineString","coordinates":[[36.037973,52.972562],[36.03773,52.972583],[36.036565,52.972639],[36.035708,52.972687],[36.035556,52.972696],[36.035411,52.972705],[36.035378,52.972707],[36.034446,52.972777],[36.034345,52.972785],[36.032929,52.972892],[36.032544,52.972921],[36.032212,52.972946],[36.03185,52.972973],[36.030726,52.973057],[36.030539,52.97307]]}},{"type":"Feature","properties":{"name_ru":null,"name":"улица Циолковского","ref":null,"highway":"tertiary","q":1,"lenght":67.99707686587959},"geometry":{"type":"LineString","coordinates":[[36.035834,52.956888],[36.037457,52.95566],[36.038381,52.954997],[36.039381,52.95428],[36.039491,52.954201],[36.040106,52.953715],[36.041052,52.952994],[36.041991,52.952308],[36.04287,52.951669],[36.042947,52.951613],[36.043295,52.951324],[36.043473,52.951188],[36.04429,52.950589],[36.045655,52.949583],[36.046052,52.949253],[36.046199,52.949143]]}},{"type":"Feature","properties":{"name_ru":null,"name":"улица Калинина","ref":null,"highway":"residential","q":1,"lenght":84.0099427088946},"geometry":{"type":"LineString","coordinates":[[36.033728,52.951388],[36.03451,52.950799],[36.03534,52.950218],[36.035963,52.949758],[36.036584,52.949299],[36.036806,52.949125],[36.036963,52.949001],[36.037103,52.948891],[36.037242,52.948782],[36.037378,52.948703],[36.037416,52.948676],[36.037921,52.948317],[36.038647,52.947801],[36.039132,52.947456],[36.039283,52.947349],[36.039818,52.946959],[36.040495,52.946483]]}},{"type":"Feature","properties":{"name_ru":null,"name":"Ватная улица","ref":null,"highway":"residential","q":1,"lenght":82.56681960435517},"geometry":{"type":"LineString","coordinates":[[36.031241,52.948815],[36.032562,52.948771],[36.03379,52.948737]]}},{"type":"Feature","properties":{"name_ru":null,"name":"Загородный переулок","ref":null,"highway":"residential","q":1,"lenght":11.006045388301951},"geometry":{"type":"LineString","coordinates":[[36.031466,52.950312],[36.031452,52.95041],[36.031406,52.950717],[36.030325,52.951599]]}},{"type":"Feature","properties":{"name_ru":null,"name":"улица МОПРа","ref":null,"highway":"tertiary","q":1,"lenght":47.248769569727415},"geometry":{"type":"LineString","coordinates":[[36.052467,52.950735],[36.052494,52.950724],[36.052533,52.950709],[36.052808,52.950554],[36.05306,52.950434],[36.053332,52.950334],[36.053628,52.950252],[36.053947,52.950184],[36.054625,52.950071],[36.054692,52.950061],[36.055467,52.949937],[36.055715,52.949897],[36.056372,52.949792],[36.056869,52.94971],[36.057737,52.949569],[36.058009,52.949524],[36.058269,52.949481],[36.058693,52.949408],[36.06016,52.949121],[36.060448,52.949041],[36.060603,52.949],[36.060878,52.948932],[36.061499,52.948854],[36.062207,52.94876],[36.062632,52.948704],[36.064259,52.948495],[36.064449,52.94847],[36.065812,52.948294],[36.066688,52.948194],[36.066952,52.948165],[36.067151,52.948161],[36.067265,52.948176],[36.067442,52.948119],[36.067951,52.948044],[36.068592,52.947952],[36.069085,52.947876]]}},{"type":"Feature","properties":{"name_ru":null,"name":"Тамбовская улица","ref":null,"highway":"residential","q":1,"lenght":16.047040088065266},"geometry":{"type":"LineString","coordinates":[[36.035668,52.946454],[36.035637,52.946311],[36.03562,52.946245],[36.035403,52.945376],[36.035189,52.944456],[36.035201,52.944354]]}},{"type":"Feature","properties":{"name_ru":null,"name":"Щекотихинский переулок","ref":null,"highway":"residential","q":1,"lenght":106.23645366085621},"geometry":{"type":"LineString","coordinates":[[36.086657,52.994162],[36.088172,52.994438],[36.088835,52.994585],[36.089016,52.994629],[36.089247,52.994732]]}},{"type":"Feature","properties":{"name_ru":null,"name":"Курганный переулок","ref":null,"highway":"residential","q":1,"lenght":29.915511763157674},"geometry":{"type":"LineString","coordinates":[[36.08813,52.957064],[36.087964,52.957313]]}},{"type":"Feature","properties":{"name_ru":null,"name":"4-я Курская улица","ref":null,"highway":"residential","q":1,"lenght":203.19666920020197},"geometry":{"type":"MultiLineString","coordinates":[[[36.08339,52.962251],[36.083336,52.962324],[36.082457,52.963532],[36.082026,52.964104],[36.080937,52.965617],[36.080612,52.966071],[36.080557,52.966151],[36.080268,52.966589],[36.08021,52.966672],[36.079812,52.967268],[36.079666,52.967494],[36.079594,52.967592]],[[36.087007,52.956679],[36.085972,52.958395],[36.084921,52.960263],[36.08488,52.960338],[36.083768,52.962338]]]}},{"type":"Feature","properties":{"name_ru":null,"name":"Семинарская улица","ref":null,"highway":"residential","q":1,"lenght":214.50814556730057},"geometry":{"type":"LineString","coordinates":[[36.114725,52.96543],[36.114751,52.965375],[36.114763,52.965323],[36.114761,52.965279],[36.114492,52.964709],[36.114412,52.96436],[36.114342,52.964253],[36.114286,52.964213],[36.114174,52.964128],[36.114043,52.964002],[36.11383,52.963619],[36.11356,52.963211],[36.113406,52.962949],[36.113179,52.962573]]}},{"type":"Feature","properties":{"name_ru":null,"name":"Прядильная улица","ref":null,"highway":"residential","q":1,"lenght":61.83718181316118},"geometry":{"type":"MultiLineString","coordinates":[[[36.090424,52.97104],[36.090578,52.971024],[36.093557,52.970753],[36.094675,52.970655],[36.096923,52.970447],[36.100254,52.970215],[36.101857,52.97008],[36.103536,52.969947],[36.105491,52.969795],[36.107474,52.969649]],[[36.107529,52.970034],[36.109953,52.969984],[36.110163,52.969971],[36.110351,52.969947],[36.110628,52.9699],[36.111942,52.969696],[36.112304,52.969628],[36.112475,52.969605],[36.11284,52.969586],[36.113522,52.969521],[36.113607,52.969468],[36.113641,52.969409],[36.113571,52.968756],[36.113737,52.968205],[36.113779,52.967944],[36.113766,52.967713],[36.113663,52.967411],[36.113577,52.967278],[36.113417,52.967151]]]}},{"type":"Feature","properties":{"name_ru":null,"name":"Ремонтный переулок","ref":null,"highway":"secondary","q":1,"lenght":108.46760626337107},"geometry":{"type":"LineString","coordinates":[[36.122149,52.97356],[36.12226,52.973625],[36.123547,52.974042],[36.124788,52.974547],[36.126322,52.975076],[36.127352,52.975454],[36.12838,52.975807],[36.129401,52.97614],[36.130288,52.976433],[36.131122,52.976707],[36.131981,52.977005],[36.132825,52.977286],[36.133689,52.977565],[36.134537,52.97785],[36.135421,52.978144],[36.136084,52.978372]]}},{"type":"Feature","properties":{"name_ru":null,"name":"Электровозная улица","ref":null,"highway":"residential","q":1,"lenght":111.9770379220196},"geometry":{"type":"MultiLineString","coordinates":[[[36.114149,52.982967],[36.114342,52.983051],[36.115275,52.983462],[36.115855,52.983717],[36.115883,52.983756],[36.11594,52.983835],[36.116058,52.983908],[36.116205,52.983949],[36.117051,52.984429],[36.11742,52.984638],[36.11814,52.985041],[36.11826,52.985108],[36.118565,52.985301],[36.118969,52.985521]],[[36.11919,52.985422],[36.120502,52.986208],[36.120841,52.986403],[36.121426,52.986779],[36.122191,52.987308],[36.122879,52.98779],[36.123207,52.987975],[36.123705,52.988267]]]}},{"type":"Feature","properties":{"name_ru":null,"name":"Деповская улица","ref":null,"highway":"residential","q":1,"lenght":104.51607713701426},"geometry":{"type":"LineString","coordinates":[[36.117159,52.98061],[36.117302,52.980666],[36.118093,52.980957],[36.119138,52.981386],[36.119219,52.981455],[36.119291,52.981536],[36.119381,52.981645],[36.119598,52.98179],[36.119966,52.981986],[36.120951,52.982416],[36.121939,52.982813]]}},{"type":"Feature","properties":{"name_ru":null,"name":"Краснозоренская улица","ref":null,"highway":"residential","q":1,"lenght":66.91438514046864},"geometry":{"type":"LineString","coordinates":[[36.134911,52.968441],[36.13574,52.968694],[36.137265,52.969063],[36.138197,52.969276],[36.139072,52.969532],[36.139967,52.969781],[36.140853,52.970011],[36.14176,52.970251],[36.142622,52.970477],[36.143507,52.970757],[36.144413,52.971074],[36.144843,52.971239],[36.146301,52.971869]]}},{"type":"Feature","properties":{"name_ru":null,"name":"Леженская улица","ref":null,"highway":"residential","q":1,"lenght":57.63639058052738},"geometry":{"type":"LineString","coordinates":[[36.146301,52.971869],[36.145481,52.972139],[36.145202,52.972181],[36.144187,52.972548],[36.143405,52.972933],[36.143162,52.973016],[36.143472,52.973498],[36.144221,52.974226]]}},{"type":"Feature","properties":{"name_ru":null,"name":"улица Благининой","ref":null,"highway":"residential","q":1,"lenght":14.485409614993467},"geometry":{"type":"MultiLineString","coordinates":[[[36.128038,52.993396],[36.128241,52.993304],[36.128386,52.993237],[36.128639,52.993123],[36.129353,52.99296],[36.129889,52.992803]],[[36.134988,52.995084],[36.135135,52.995179]],[[36.138944,52.995809],[36.140012,52.996482],[36.141596,52.997539],[36.142778,52.99824],[36.143777,52.998675],[36.14582,53.000171],[36.146558,53.000626]]]}},{"type":"Feature","properties":{"name_ru":null,"name":"улица Калинникова","ref":null,"highway":"residential","q":1,"lenght":85.37322911789623},"geometry":{"type":"MultiLineString","coordinates":[[[36.135135,52.995179],[36.135491,52.995212],[36.136336,52.995156],[36.137262,52.995028],[36.138791,52.995051],[36.139391,52.995051],[36.140062,52.995072],[36.141083,52.99482],[36.142636,52.994436],[36.143425,52.994188]],[[36.148811,52.988649],[36.148719,52.988661],[36.148632,52.988707],[36.147548,52.990041],[36.146991,52.990727],[36.146558,52.991262],[36.146423,52.991381]],[[36.150953,52.986102],[36.150441,52.986727],[36.150096,52.987124],[36.149492,52.987818],[36.14882,52.988591]]]}},{"type":"Feature","properties":{"name_ru":null,"name":"улица Надежды","ref":null,"highway":"residential","q":1,"lenght":137.81593475528635},"geometry":{"type":"LineString","coordinates":[[36.131678,52.992073],[36.131936,52.992186],[36.132281,52.992456],[36.132414,52.992542],[36.13293,52.992755],[36.133246,52.992842]]}},{"type":"Feature","properties":{"name_ru":null,"name":"Черемховский переулок","ref":null,"highway":"residential","q":1,"lenght":4.7481791315470305},"geometry":{"type":"LineString","coordinates":[[36.140012,52.996482],[36.139621,52.996636],[36.13899,52.996743],[36.138407,52.996938],[36.137639,52.997231],[36.137246,52.99738],[36.136869,52.997544],[36.136505,52.997676],[36.136262,52.99775],[36.136086,52.997796],[36.135493,52.997911],[36.135361,52.997951],[36.135096,52.99807],[36.134988,52.998115]]}},{"type":"Feature","properties":{"name_ru":null,"name":"Новосильское шоссе","ref":null,"highway":"tertiary","q":1,"lenght":22.763953587942517},"geometry":{"type":"LineString","coordinates":[[36.125191,52.970384],[36.125354,52.97034],[36.125488,52.970294],[36.125563,52.970254],[36.125663,52.970192],[36.125788,52.970102],[36.125879,52.970018],[36.125945,52.969948],[36.125982,52.969884],[36.126004,52.969776],[36.126002,52.969608],[36.125973,52.969426],[36.125997,52.969331],[36.126111,52.969166],[36.126545,52.968878],[36.127852,52.968141],[36.12848,52.967785],[36.128529,52.967758],[36.128802,52.967603],[36.129024,52.967477],[36.129776,52.967062],[36.130271,52.966789],[36.130302,52.966772],[36.130386,52.966726],[36.131278,52.966237],[36.131431,52.966153],[36.131975,52.965855],[36.133143,52.965211],[36.134462,52.964487],[36.134618,52.964401],[36.134786,52.964308],[36.135442,52.963935],[36.137648,52.962735],[36.137861,52.962622],[36.138985,52.962026],[36.139356,52.961802],[36.140085,52.961362],[36.140482,52.961142],[36.140637,52.961056],[36.140758,52.960987],[36.140995,52.960854],[36.141946,52.960327],[36.143445,52.959508],[36.144003,52.959203],[36.144229,52.959076],[36.144366,52.958985],[36.144601,52.958829],[36.144881,52.95861],[36.14569,52.957976],[36.145735,52.95794],[36.1466,52.95698],[36.147211,52.956109],[36.14753,52.955565],[36.147655,52.955353],[36.148018,52.954449],[36.148138,52.953547],[36.148139,52.953501],[36.148159,52.951562]]}},{"type":"Feature","properties":{"name_ru":null,"name":"Костомаровский переулок","ref":null,"highway":"residential","q":1,"lenght":90.09650812709206},"geometry":{"type":"LineString","coordinates":[[36.082006,52.988543],[36.082077,52.988554],[36.082146,52.988565],[36.082565,52.988686],[36.083131,52.98902],[36.084098,52.989581]]}},{"type":"Feature","properties":{"name_ru":null,"name":"Окраинная улица","ref":null,"highway":"residential","q":1,"lenght":16.759280154918955},"geometry":{"type":"LineString","coordinates":[[36.08395,52.997508],[36.084346,52.997566],[36.084499,52.997554],[36.084584,52.997494],[36.085006,52.996899],[36.085218,52.996441],[36.086516,52.994361],[36.086547,52.994317],[36.086657,52.994162],[36.088383,52.992404],[36.088467,52.992365],[36.088563,52.992351],[36.088688,52.992364],[36.088746,52.992313],[36.088818,52.992236]]}},{"type":"Feature","properties":{"name_ru":null,"name":"Привокзальная площадь","ref":null,"highway":"tertiary","q":1,"lenght":7.135255259229686},"geometry":{"type":"LineString","coordinates":[[36.110526,52.977971],[36.110614,52.978007],[36.110684,52.978036],[36.110838,52.978113],[36.110902,52.978164],[36.11095,52.97822],[36.110971,52.978277],[36.110976,52.978333],[36.110959,52.978383],[36.110923,52.97843],[36.110573,52.978774],[36.110209,52.979127],[36.110101,52.979186],[36.109982,52.97921],[36.109877,52.979222],[36.109772,52.979222],[36.109677,52.979217],[36.109583,52.979199],[36.109485,52.979171],[36.109401,52.979148]]}},{"type":"Feature","properties":{"name_ru":null,"name":"улица Космодемьянской","ref":null,"highway":"tertiary","q":1,"lenght":64.73599026761937},"geometry":{"type":"LineString","coordinates":[[36.041245,52.971838],[36.041338,52.971855],[36.042927,52.971872],[36.044289,52.971906],[36.045252,52.971925]]}},{"type":"Feature","properties":{"name_ru":null,"name":"улица Матросова","ref":null,"highway":"residential","q":1,"lenght":133.16414594444726},"geometry":{"type":"MultiLineString","coordinates":[[[36.042933,52.974245],[36.044158,52.975186],[36.044619,52.97552],[36.045481,52.976184],[36.046218,52.976756],[36.046255,52.976801],[36.046265,52.976857]],[[36.046541,52.976788],[36.046614,52.976818],[36.047571,52.977301],[36.048009,52.977523],[36.048675,52.977863],[36.048838,52.977951],[36.04978,52.978455],[36.050506,52.978829],[36.051087,52.979095],[36.05157,52.979314],[36.051828,52.979438]]]}},{"type":"Feature","properties":{"name_ru":null,"name":"Весёлая улица","ref":null,"highway":"residential","q":1,"lenght":91.72040163249575},"geometry":{"type":"LineString","coordinates":[[36.030295,52.971592],[36.031652,52.971501],[36.032231,52.97147],[36.032825,52.971431],[36.03337,52.971394],[36.034025,52.971344],[36.034489,52.971304],[36.035222,52.971253],[36.035386,52.971243],[36.03551,52.971235],[36.03655,52.97117],[36.037663,52.9711],[36.038236,52.971061],[36.038362,52.971053],[36.038629,52.971035],[36.038734,52.97103],[36.038946,52.971021],[36.039113,52.971043],[36.03952,52.971183],[36.039802,52.971298],[36.040975,52.971744],[36.041168,52.971814],[36.041245,52.971838]]}},{"type":"Feature","properties":{"name_ru":null,"name":"переулок Восход","ref":null,"highway":"residential","q":1,"lenght":61.53959841842128},"geometry":{"type":"LineString","coordinates":[[36.038138,52.967942],[36.038248,52.968491],[36.038351,52.969013],[36.038451,52.969507],[36.038612,52.970266],[36.038734,52.97103]]}},{"type":"Feature","properties":{"name_ru":null,"name":"Спортивный переулок","ref":null,"highway":"residential","q":1,"lenght":83.10413214925823},"geometry":{"type":"LineString","coordinates":[[36.035565,52.966092],[36.035671,52.96674],[36.035773,52.967336],[36.035892,52.968079]]}},{"type":"Feature","properties":{"name_ru":null,"name":"Инженерная улица","ref":null,"highway":"residential","q":1,"lenght":8.173378675596357},"geometry":{"type":"LineString","coordinates":[[36.035565,52.966092],[36.034647,52.966133],[36.034526,52.966137]]}},{"type":"Feature","properties":{"name_ru":null,"name":"улица Трудовых Резервов","ref":null,"highway":"residential","q":1,"lenght":220.05187002914207},"geometry":{"type":"MultiLineString","coordinates":[[[36.021878,52.966547],[36.021456,52.96655],[36.021111,52.966456]],[[36.04018,52.965092],[36.03769,52.965301],[36.034307,52.96555],[36.034171,52.965564],[36.032801,52.965674],[36.029193,52.965929],[36.027621,52.966039],[36.025941,52.966164]]]}},{"type":"Feature","properties":{"name_ru":null,"name":"Стрелецкая улица","ref":null,"highway":"residential","q":1,"lenght":186.83985724367807},"geometry":{"type":"LineString","coordinates":[[36.034053,52.964756],[36.033899,52.964771],[36.032652,52.964919],[36.030541,52.965098],[36.027095,52.965355],[36.025919,52.965432],[36.02517,52.965493],[36.023436,52.965612],[36.022838,52.965692],[36.022234,52.965855],[36.021686,52.966092],[36.021111,52.966456]]}},{"type":"Feature","properties":{"name_ru":null,"name":"Крымский переулок","ref":null,"highway":"residential","q":1,"lenght":68.4539590196765},"geometry":{"type":"LineString","coordinates":[[36.027095,52.965355],[36.026989,52.964744],[36.026855,52.964172],[36.026892,52.964044]]}},{"type":"Feature","properties":{"name_ru":null,"name":"Автогенный переулок","ref":null,"highway":"residential","q":1,"lenght":57.32204294420094},"geometry":{"type":"LineString","coordinates":[[36.025919,52.965432],[36.025746,52.964928],[36.025556,52.964317],[36.025318,52.96378],[36.025141,52.963515]]}},{"type":"Feature","properties":{"name_ru":null,"name":"улица Кукушкина","ref":null,"highway":"residential","q":1,"lenght":63.343987904707845},"geometry":{"type":"LineString","coordinates":[[36.104906,53.007422],[36.105066,53.007391],[36.105873,53.007235],[36.106361,53.007145],[36.106661,53.007121],[36.107005,53.007127],[36.107295,53.007165],[36.108869,53.007446],[36.108945,53.007456],[36.109021,53.007447]]}},{"type":"Feature","properties":{"name_ru":null,"name":"Силикатный переулок","ref":null,"highway":"unclassified","q":1,"lenght":365.58135942346024},"geometry":{"type":"LineString","coordinates":[[36.10527,53.009708],[36.105444,53.009817],[36.105627,53.009889],[36.106069,53.010011],[36.107566,53.010431],[36.108906,53.010818],[36.108997,53.010845],[36.109435,53.010971],[36.109918,53.011118],[36.110231,53.011191]]}},{"type":"Feature","properties":{"name_ru":null,"name":"Артельный переулок","ref":null,"highway":"residential","q":1,"lenght":78.02779737087018},"geometry":{"type":"LineString","coordinates":[[36.115344,52.992708],[36.11521,52.992661],[36.113935,52.992211],[36.112698,52.991773],[36.112373,52.991658],[36.111542,52.991359],[36.111399,52.991307],[36.111224,52.991244],[36.110947,52.99099],[36.110675,52.99075],[36.10979,52.989947],[36.109448,52.989659],[36.108805,52.989075]]}},{"type":"Feature","properties":{"name_ru":null,"name":"Машиностроительная улица","ref":null,"highway":"unclassified","q":1,"lenght":19.749247340468205},"geometry":{"type":"LineString","coordinates":[[36.004876,52.916153],[36.004671,52.91628],[36.003774,52.916868],[36.002306,52.917827],[36.002104,52.917956],[36.001508,52.918339],[36.001469,52.918359],[36.00139,52.918399],[36.001339,52.918426],[36.001232,52.918466],[36.001118,52.918492],[36.000996,52.91851],[36.000874,52.918519],[36.000479,52.918528],[35.998949,52.918511],[35.99761,52.918497],[35.996728,52.918483],[35.996523,52.918479],[35.994109,52.91845],[35.993627,52.918452],[35.99337,52.918452],[35.992457,52.918459],[35.991332,52.918478],[35.989814,52.918477],[35.989555,52.918477],[35.989324,52.918477],[35.98843,52.918477],[35.986657,52.918477],[35.982419,52.918485]]}},{"type":"Feature","properties":{"name_ru":null,"name":"улица Чечневой","ref":null,"highway":"residential","q":1,"lenght":77.62216278647948},"geometry":{"type":"LineString","coordinates":[[36.006988,52.924693],[36.006605,52.925351],[36.005839,52.926665]]}},{"type":"Feature","properties":{"name_ru":null,"name":"Яблочная улица","ref":null,"highway":"residential","q":1,"lenght":145.37708415715161},"geometry":{"type":"MultiLineString","coordinates":[[[36.072937,52.932628],[36.072737,52.932574],[36.072254,52.932442],[36.06966,52.931549],[36.066723,52.930282],[36.066445,52.930166]],[[36.088627,52.934946],[36.088451,52.934948],[36.087998,52.935005],[36.086462,52.934852],[36.082521,52.934458],[36.082266,52.934433],[36.080553,52.934262],[36.080302,52.934216],[36.080155,52.934172],[36.079656,52.934171],[36.079468,52.934171],[36.079174,52.934101],[36.078797,52.934015],[36.077511,52.933721],[36.076368,52.933421],[36.073382,52.932725],[36.072816,52.932789]]]}},{"type":"Feature","properties":{"name_ru":null,"name":"улица Дениса Давыдова","ref":null,"highway":"secondary","q":1,"lenght":6.5160676728904905},"geometry":{"type":"MultiLineString","coordinates":[[[36.14882,52.988591],[36.148811,52.988649],[36.148854,52.988718],[36.149013,52.988869],[36.149689,52.989407],[36.151063,52.990712],[36.15113,52.990803]],[[36.150479,53.008674],[36.150582,53.008618],[36.150926,53.008437],[36.151017,53.008389],[36.151154,53.008317],[36.151601,53.008081],[36.151849,53.007942],[36.152776,53.007355]]]}},{"type":"Feature","properties":{"name_ru":null,"name":"площадь Поликарпова","ref":null,"highway":"residential","q":1,"lenght":48.402459405937826},"geometry":{"type":"LineString","coordinates":[[36.09066,52.971379],[36.090525,52.971435],[36.090112,52.971773],[36.090007,52.971808],[36.089883,52.971816],[36.089615,52.971798],[36.08938,52.971752],[36.088636,52.971454],[36.088145,52.971263],[36.087598,52.971052],[36.086486,52.970621],[36.086181,52.970512],[36.086086,52.970495],[36.085976,52.970479],[36.085945,52.970477],[36.085392,52.970443],[36.085205,52.970429],[36.084537,52.970386],[36.083821,52.970339]]}},{"type":"Feature","properties":{"name_ru":null,"name":"проезд Чехова","ref":null,"highway":"tertiary","q":1,"lenght":41.13334975961688},"geometry":{"type":"LineString","coordinates":[[36.043605,52.947875],[36.044079,52.948108],[36.045745,52.94893],[36.046001,52.949056],[36.046199,52.949143]]}},{"type":"Feature","properties":{"name_ru":null,"name":"улица Маяковского","ref":null,"highway":"tertiary","q":1,"lenght":116.04992219414878},"geometry":{"type":"LineString","coordinates":[[36.067662,52.960117],[36.067702,52.959967],[36.068433,52.957228],[36.068768,52.955953],[36.068843,52.955667],[36.068868,52.955573],[36.069144,52.954477],[36.069268,52.953982],[36.069372,52.953568],[36.069408,52.953426],[36.069677,52.952396],[36.069785,52.952043],[36.069914,52.951619],[36.070019,52.951275],[36.070062,52.950719],[36.070069,52.950438],[36.070064,52.95042],[36.07002,52.950228],[36.06996,52.950132],[36.06989,52.950046],[36.069803,52.949973],[36.06972,52.949902],[36.069046,52.949397],[36.068462,52.948957],[36.067746,52.948423],[36.067557,52.948293],[36.067446,52.94823],[36.067353,52.948194],[36.067265,52.948176]]}},{"type":"Feature","properties":{"name_ru":null,"name":"улица Фомина","ref":null,"highway":"residential","q":1,"lenght":41.76301060807636},"geometry":{"type":"LineString","coordinates":[[36.075957,52.967169],[36.07605,52.967072],[36.076734,52.966362],[36.077714,52.965374],[36.077784,52.965303],[36.077933,52.965159],[36.07795,52.965144],[36.078104,52.965],[36.078272,52.964814],[36.078487,52.964577],[36.078582,52.964471],[36.079115,52.963826],[36.079282,52.963625],[36.079357,52.963525],[36.080906,52.961685],[36.082409,52.959862],[36.082498,52.959752],[36.082547,52.959694],[36.083726,52.958323],[36.083881,52.958141],[36.083967,52.958068],[36.084061,52.958011]]}},{"type":"Feature","properties":{"name_ru":null,"name":"улица Бурова","ref":null,"highway":"secondary","q":1,"lenght":75.57119927954746},"geometry":{"type":"LineString","coordinates":[[36.125776,53.010359],[36.125923,53.010281],[36.126075,53.010201],[36.12618,53.010145],[36.12646,53.010001],[36.127237,53.009591],[36.12733,53.009542],[36.127577,53.009412],[36.127759,53.009316],[36.128831,53.008755],[36.128937,53.008726],[36.129543,53.008566],[36.131177,53.008386],[36.132206,53.00826],[36.132715,53.008198],[36.132877,53.008178],[36.132981,53.00816],[36.13319,53.008123],[36.13336,53.008078],[36.133517,53.008029],[36.133666,53.007979],[36.133779,53.007867],[36.134285,53.007356],[36.134363,53.007293],[36.134452,53.007235],[36.134739,53.007078],[36.135552,53.006633],[36.135706,53.006549],[36.136307,53.00622],[36.136611,53.00606],[36.137012,53.00585],[36.137153,53.005776],[36.139113,53.004733],[36.13937,53.004598],[36.139701,53.004424],[36.139823,53.00436],[36.140445,53.004029],[36.141277,53.003572]]}},{"type":"Feature","properties":{"name_ru":null,"name":"улица Космонавтов","ref":null,"highway":"secondary","q":1,"lenght":108.6251357035357},"geometry":{"type":"MultiLineString","coordinates":[[[36.119651,52.994193],[36.119311,52.994054],[36.117702,52.993482],[36.117299,52.993338],[36.116639,52.99312],[36.116369,52.993041],[36.115908,52.992893],[36.11549,52.992725],[36.115391,52.992676]],[[36.130321,53.006571],[36.130343,53.006289],[36.130372,53.00613],[36.13044,53.005934],[36.130441,53.005814],[36.130383,53.005697],[36.13022,53.005561],[36.128653,53.004483],[36.128556,53.004416]],[[36.133666,53.007979],[36.133845,53.008107],[36.13427,53.008413],[36.134651,53.008687],[36.135354,53.009193],[36.135432,53.009249],[36.136295,53.009869],[36.137034,53.0104],[36.137822,53.010969],[36.138035,53.011166],[36.138148,53.011296],[36.138825,53.012069],[36.138867,53.012101],[36.138997,53.012202],[36.139145,53.012304],[36.139795,53.012726],[36.140092,53.012901],[36.141399,53.013706],[36.141563,53.013808]]]}},{"type":"Feature","properties":{"name_ru":null,"name":"улица Маринченко","ref":null,"highway":"residential","q":1,"lenght":18.043526141887707},"geometry":{"type":"MultiLineString","coordinates":[[[36.137034,53.0104],[36.13693,53.010452],[36.135162,53.011322],[36.133744,53.012066],[36.132731,53.012597],[36.13125,53.013266],[36.130868,53.013427],[36.130649,53.013521]],[[36.138035,53.011166],[36.138387,53.010947],[36.138714,53.010743],[36.138939,53.010598],[36.139035,53.010536],[36.140427,53.009627],[36.141658,53.008822],[36.141809,53.008724],[36.142323,53.008388],[36.14242,53.008321],[36.142589,53.008202],[36.143639,53.007496],[36.144012,53.007244],[36.14432,53.007037],[36.144701,53.006771]]]}},{"type":"Feature","properties":{"name_ru":null,"name":"улица Менделеева","ref":null,"highway":"residential","q":1,"lenght":11.026902008775389},"geometry":{"type":"MultiLineString","coordinates":[[[36.070243,52.928063],[36.070379,52.928118],[36.071469,52.928578],[36.072293,52.928931]],[[36.072119,52.92908],[36.072326,52.929139],[36.074894,52.930063]]]}},{"type":"Feature","properties":{"name_ru":null,"name":"Молдавская улица","ref":null,"highway":"tertiary","q":1,"lenght":144.50082296822393},"geometry":{"type":"LineString","coordinates":[[36.109842,52.952634],[36.109766,52.952595],[36.108853,52.952131],[36.107722,52.951565],[36.106933,52.951228],[36.106708,52.95115],[36.106011,52.950922],[36.105455,52.950683],[36.104722,52.950408],[36.104653,52.95038],[36.104067,52.950145],[36.102163,52.949397],[36.102097,52.949342],[36.102018,52.949304],[36.101914,52.949277],[36.100612,52.948801],[36.100376,52.948709],[36.100222,52.948649],[36.098843,52.948117],[36.098718,52.94806],[36.098654,52.948018],[36.098615,52.947982],[36.098573,52.947864],[36.098547,52.947782],[36.098486,52.947593],[36.09841,52.947468],[36.098304,52.947376],[36.098174,52.947296],[36.096736,52.946735],[36.096391,52.946584],[36.096058,52.946376],[36.095865,52.946231],[36.095616,52.946096],[36.095412,52.945997],[36.09502,52.945889],[36.094563,52.945811],[36.094401,52.945752],[36.094307,52.945681],[36.09409,52.945491],[36.093811,52.945324],[36.093398,52.945142],[36.093076,52.945031],[36.092841,52.944944]]}},{"type":"Feature","properties":{"name_ru":null,"name":"Средняя Пятницкая улица","ref":null,"highway":"residential","q":1,"lenght":207.6206157836283},"geometry":{"type":"LineString","coordinates":[[36.093365,52.955155],[36.095179,52.952825],[36.096158,52.951598],[36.096788,52.950576],[36.097366,52.949677],[36.098469,52.948067],[36.098521,52.948026],[36.098615,52.947982]]}},{"type":"Feature","properties":{"name_ru":null,"name":"Пятницкая улица","ref":null,"highway":"residential","q":1,"lenght":76.83062810424998},"geometry":{"type":"LineString","coordinates":[[36.090282,52.954213],[36.0903,52.954132],[36.090302,52.954061],[36.090381,52.953926],[36.090709,52.953412],[36.091059,52.952669],[36.091409,52.952012],[36.091554,52.951798],[36.091871,52.951034],[36.09211,52.950571],[36.092676,52.949518],[36.093314,52.948183],[36.094073,52.946],[36.094189,52.945831],[36.094307,52.945681]]}},{"type":"Feature","properties":{"name_ru":null,"name":"Пятницкий проезд","ref":null,"highway":"residential","q":1,"lenght":147.60720982641314},"geometry":{"type":"LineString","coordinates":[[36.091409,52.952012],[36.091701,52.95205],[36.092423,52.952232],[36.093447,52.952499],[36.094216,52.952644],[36.095179,52.952825],[36.095994,52.952938],[36.09681,52.953085],[36.096936,52.953108],[36.097474,52.95321],[36.098879,52.953471]]}},{"type":"Feature","properties":{"name_ru":null,"name":"Мостовой переулок","ref":null,"highway":"residential","q":1,"lenght":31.75580637254888},"geometry":{"type":"LineString","coordinates":[[36.09073,52.957289],[36.090758,52.957189],[36.091054,52.956806],[36.091243,52.956527],[36.091893,52.955539],[36.092255,52.955094],[36.092567,52.954879]]}},{"type":"Feature","properties":{"name_ru":null,"name":"Элеваторная улица","ref":null,"highway":"residential","q":1,"lenght":33.822783481633444},"geometry":{"type":"LineString","coordinates":[[36.090282,52.954213],[36.090379,52.954252],[36.090537,52.954316],[36.090891,52.95441],[36.090975,52.954432],[36.092567,52.954879],[36.093365,52.955155],[36.093718,52.955295],[36.094199,52.955385],[36.094509,52.955461],[36.096953,52.956047],[36.097197,52.956021],[36.097503,52.956016],[36.098021,52.956153],[36.099016,52.956341],[36.099974,52.956551],[36.100897,52.956777],[36.101012,52.956825],[36.101069,52.956885]]}},{"type":"Feature","properties":{"name_ru":null,"name":"Летний переулок","ref":null,"highway":"residential","q":1,"lenght":52.218422420620854},"geometry":{"type":"LineString","coordinates":[[36.101015,52.944645],[36.10108,52.944597],[36.101446,52.944255]]}},{"type":"Feature","properties":{"name_ru":null,"name":"Янтарный переулок","ref":null,"highway":"tertiary","q":1,"lenght":34.66464321022135},"geometry":{"type":"LineString","coordinates":[[36.101611,52.947137],[36.101722,52.947136],[36.1018,52.947143],[36.102091,52.947231],[36.103137,52.947484],[36.103304,52.947523],[36.1034,52.947534],[36.103467,52.947533],[36.10353,52.947519]]}},{"type":"Feature","properties":{"name_ru":null,"name":"Черниговская улица","ref":null,"highway":"residential","q":1,"lenght":11.675993705073866},"geometry":{"type":"LineString","coordinates":[[36.097458,52.944587],[36.097427,52.944483]]}},{"type":"Feature","properties":{"name_ru":null,"name":"Половецкая улица","ref":null,"highway":"tertiary","q":1,"lenght":213.3172518228616},"geometry":{"type":"LineString","coordinates":[[36.092841,52.944944],[36.092473,52.94475],[36.092015,52.94435],[36.09151,52.943785],[36.091462,52.943713],[36.091304,52.943478],[36.090366,52.941915],[36.090299,52.941788],[36.090199,52.9416],[36.090065,52.941284],[36.089837,52.94075],[36.088677,52.93864],[36.088519,52.938375],[36.088572,52.937922],[36.088616,52.937538],[36.088566,52.936795],[36.088543,52.936059]]}},{"type":"Feature","properties":{"name_ru":null,"name":"Симбирский переулок","ref":null,"highway":"residential","q":1,"lenght":140.7377889760984},"geometry":{"type":"LineString","coordinates":[[36.090299,52.941788],[36.090732,52.941622],[36.091014,52.941534],[36.092063,52.941108],[36.092957,52.940877],[36.093887,52.940681],[36.094809,52.940486]]}},{"type":"Feature","properties":{"name_ru":null,"name":"Уральская улица","ref":null,"highway":"residential","q":1,"lenght":22.31551148148941},"geometry":{"type":"LineString","coordinates":[[36.084597,52.939435],[36.084967,52.939211],[36.085416,52.938813],[36.086212,52.938286],[36.086596,52.938173],[36.087491,52.938029],[36.088259,52.937854],[36.088572,52.937922]]}},{"type":"Feature","properties":{"name_ru":null,"name":"улица Челюскинцев","ref":null,"highway":"residential","q":1,"lenght":199.87635645647933},"geometry":{"type":"LineString","coordinates":[[36.093897,52.938784],[36.093947,52.939068],[36.094809,52.940486],[36.095508,52.941601],[36.095627,52.941678]]}},{"type":"Feature","properties":{"name_ru":null,"name":"улица Свердлова","ref":null,"highway":"residential","q":1,"lenght":260.5963240985609},"geometry":{"type":"LineString","coordinates":[[36.088566,52.936795],[36.089245,52.936786],[36.089521,52.936868],[36.090451,52.937366],[36.091492,52.938137]]}},{"type":"Feature","properties":{"name_ru":null,"name":"Любановская улица","ref":null,"highway":"residential","q":1,"lenght":80.95796867306291},"geometry":{"type":"LineString","coordinates":[[36.091492,52.938137],[36.091756,52.938204],[36.091943,52.938332],[36.092156,52.93841],[36.09252,52.938488],[36.093897,52.938784]]}},{"type":"Feature","properties":{"name_ru":null,"name":"улица Германо","ref":null,"highway":"secondary","q":1,"lenght":72.3853394002953},"geometry":{"type":"LineString","coordinates":[[36.146657,52.996065],[36.146576,52.996139],[36.146011,52.996659],[36.145215,52.997399],[36.144306,52.998206],[36.143777,52.998675],[36.142275,52.999927],[36.141803,53.000353],[36.141536,53.000493],[36.141238,53.00054],[36.140775,53.000561],[36.140141,53.000565],[36.139959,53.000577],[36.139777,53.000606],[36.139714,53.000629],[36.139572,53.00068],[36.139353,53.000794],[36.139286,53.000835],[36.139112,53.000943]]}},{"type":"Feature","properties":{"name_ru":null,"name":"Солнцевская улица","ref":null,"highway":"tertiary","q":1,"lenght":26.952874813428117},"geometry":{"type":"LineString","coordinates":[[36.032295,52.941271],[36.032477,52.941363],[36.03273,52.94149],[36.032971,52.941612],[36.033353,52.941793],[36.034605,52.942435],[36.035012,52.94264],[36.035572,52.942922],[36.035649,52.942963],[36.036546,52.943441],[36.037334,52.943872],[36.038135,52.944358],[36.038957,52.944861],[36.039763,52.945355],[36.040468,52.945786],[36.040748,52.945959]]}},{"type":"Feature","properties":{"name_ru":null,"name":"улица Латышских Стрелков","ref":null,"highway":"tertiary","q":1,"lenght":113.98046305478888},"geometry":{"type":"MultiLineString","coordinates":[[[36.034114,52.93762],[36.034234,52.937681],[36.034381,52.937757],[36.034645,52.937894],[36.034936,52.938044],[36.036332,52.938771],[36.037383,52.939307],[36.037951,52.939608],[36.03865,52.93998],[36.039334,52.940343],[36.040275,52.940805],[36.04052,52.940924],[36.041031,52.941175],[36.041652,52.941496],[36.04184,52.941593],[36.043152,52.942242],[36.044304,52.942813],[36.044996,52.943156],[36.045111,52.943214],[36.04517,52.943243],[36.045253,52.943284]],[[36.056372,52.949792],[36.056239,52.949701],[36.055819,52.949415],[36.054426,52.948465],[36.053778,52.948022],[36.053082,52.947546],[36.052685,52.947274],[36.052277,52.946993],[36.051503,52.946465],[36.051392,52.946389],[36.051255,52.946305],[36.0506,52.945903],[36.05008,52.945575],[36.050013,52.945539],[36.049055,52.945025],[36.048859,52.944919],[36.048683,52.944825],[36.047225,52.944089],[36.045989,52.943483],[36.045558,52.943271],[36.0454,52.943194]]]}},{"type":"Feature","properties":{"name_ru":null,"name":"Плещеевская улица","ref":null,"highway":"residential","q":1,"lenght":74.74795227081036},"geometry":{"type":"LineString","coordinates":[[36.047795,52.988456],[36.046498,52.987657],[36.045301,52.986848],[36.044814,52.986522],[36.044555,52.986349],[36.044198,52.986111],[36.044086,52.986036],[36.04398,52.985965]]}},{"type":"Feature","properties":{"name_ru":null,"name":"улица Толстого","ref":null,"highway":"tertiary","q":1,"lenght":12.686947986864618},"geometry":{"type":"LineString","coordinates":[[36.089247,52.994732],[36.089414,52.994785],[36.090049,52.994987],[36.090127,52.995033],[36.09017,52.995091],[36.09019,52.995158],[36.090197,52.995325],[36.0902,52.995394],[36.090209,52.995615],[36.090238,52.996296],[36.090282,52.997332],[36.090302,52.997947],[36.090305,52.998128],[36.090312,52.998606],[36.090325,52.999195],[36.090329,52.999348],[36.090359,52.999891],[36.090378,53.000399],[36.090394,53.000845],[36.090407,53.001193],[36.090384,53.001346]]}},{"type":"Feature","properties":{"name_ru":null,"name":"Северная улица","ref":null,"highway":"unclassified","q":1,"lenght":2.322989763508998},"geometry":{"type":"LineString","coordinates":[[36.091096,53.001418],[36.091106,53.001545],[36.091143,53.001634],[36.0912,53.001713],[36.092176,53.002411],[36.092313,53.002508],[36.092382,53.002599],[36.092449,53.002709],[36.09249,53.002816],[36.09252,53.002929],[36.092575,53.003114],[36.092635,53.003187],[36.09271,53.003242],[36.092805,53.003273],[36.092921,53.003292],[36.093037,53.003299],[36.093097,53.003303],[36.094143,53.003298],[36.094696,53.003289],[36.095071,53.003247],[36.095433,53.0032],[36.096631,53.002993],[36.096894,53.002953],[36.097205,53.002919],[36.098639,53.002783],[36.098799,53.002792],[36.098945,53.002831],[36.099039,53.002885],[36.099098,53.002954],[36.099119,53.003008],[36.099157,53.003309],[36.099139,53.003947],[36.099121,53.004566],[36.099411,53.00719],[36.099438,53.007428],[36.099802,53.010963],[36.099621,53.011688],[36.099557,53.011772],[36.099446,53.011842],[36.099269,53.011886],[36.098628,53.012018],[36.098377,53.01206],[36.098344,53.012067]]}},{"type":"Feature","properties":{"name_ru":null,"name":"улица Новикова","ref":null,"highway":"residential","q":1,"lenght":17.40942912037711},"geometry":{"type":"LineString","coordinates":[[36.052377,52.9715],[36.05242,52.971573],[36.052463,52.971647],[36.052662,52.971993],[36.052703,52.972064],[36.05277,52.972179],[36.052802,52.972258],[36.052815,52.972289],[36.053062,52.972893],[36.053298,52.973472]]}},{"type":"Feature","properties":{"name_ru":null,"name":"Трамвайный переулок","ref":null,"highway":"tertiary","q":1,"lenght":23.533172348090854},"geometry":{"type":"LineString","coordinates":[[36.085516,52.971332],[36.085432,52.971127],[36.085397,52.970539],[36.085392,52.970443],[36.0854,52.970198],[36.085409,52.96992],[36.085409,52.969791],[36.085431,52.969282],[36.085527,52.968452],[36.085535,52.968384],[36.085548,52.968354],[36.085558,52.968325],[36.085578,52.968288]]}},{"type":"Feature","properties":{"name_ru":null,"name":"Рижский переулок","ref":null,"highway":"residential","q":1,"lenght":12.079745235773485},"geometry":{"type":"LineString","coordinates":[[36.03474,52.929541],[36.0346,52.929617],[36.03361,52.930234],[36.033098,52.930552],[36.032938,52.930647],[36.032126,52.931127],[36.031989,52.931199],[36.031813,52.931301]]}},{"type":"Feature","properties":{"name_ru":null,"name":"мост Дружбы","ref":null,"highway":"primary","q":1,"lenght":41.258999124868836},"geometry":{"type":"LineString","coordinates":[[36.077737,52.959037],[36.078268,52.959115],[36.080604,52.959456],[36.081201,52.959543]]}},{"type":"Feature","properties":{"name_ru":null,"name":"Автогрейдерная улица","ref":null,"highway":"residential","q":1,"lenght":46.407816210288956},"geometry":{"type":"LineString","coordinates":[[36.020681,52.924521],[36.020989,52.924464],[36.021163,52.924455],[36.02132,52.92447],[36.021992,52.924564],[36.022266,52.924612],[36.022499,52.924563],[36.022809,52.924438],[36.022988,52.924362],[36.023136,52.924327],[36.02335,52.924312],[36.023546,52.92434],[36.024755,52.924533],[36.024811,52.924542],[36.025573,52.924683],[36.026346,52.924827],[36.027009,52.92495],[36.027166,52.924975],[36.028437,52.92518],[36.028619,52.925188],[36.028844,52.925181],[36.029014,52.925186]]}},{"type":"Feature","properties":{"name_ru":"улица Левый Берег реки Оки","name":"улица Левый Берег реки Оки","ref":null,"highway":"residential","q":1,"lenght":98.67753564570958},"geometry":{"type":"MultiLineString","coordinates":[[[36.075584,52.961342],[36.074858,52.962112],[36.074662,52.96232],[36.074105,52.962912],[36.074033,52.962989]],[[36.080724,52.976405],[36.080943,52.976404],[36.081266,52.976452],[36.083616,52.976801],[36.085865,52.977219],[36.085832,52.977308],[36.085703,52.977653]]]}},{"type":"Feature","properties":{"name_ru":null,"name":"Железнодорожная улица","ref":null,"highway":"residential","q":1,"lenght":65.67152177067933},"geometry":{"type":"LineString","coordinates":[[36.098875,52.974359],[36.099347,52.974496],[36.099431,52.974521],[36.09948,52.974537],[36.099741,52.974635],[36.10005,52.974791],[36.100643,52.975064],[36.101859,52.975546],[36.103001,52.975996],[36.103831,52.976345],[36.104679,52.976661],[36.104874,52.976702],[36.105019,52.976756],[36.105232,52.976963],[36.105348,52.977039],[36.105652,52.977153],[36.106386,52.977543]]}},{"type":"Feature","properties":{"name_ru":null,"name":"Кавказский переулок","ref":null,"highway":"residential","q":1,"lenght":27.726487403480675},"geometry":{"type":"LineString","coordinates":[[36.033342,52.961796],[36.033431,52.961889],[36.033447,52.961958],[36.033448,52.96203]]}},{"type":"Feature","properties":{"name_ru":null,"name":"Брянская улица","ref":null,"highway":"residential","q":1,"lenght":210.233882175288},"geometry":{"type":"LineString","coordinates":[[36.058825,52.942653],[36.058953,52.942663],[36.059202,52.942853],[36.059919,52.943348],[36.059999,52.9434],[36.060571,52.943798],[36.062257,52.944717],[36.064108,52.945613],[36.066577,52.946772],[36.06709,52.946968]]}},{"type":"Feature","properties":{"name_ru":null,"name":"Городской переулок","ref":null,"highway":"residential","q":1,"lenght":41.96108323195483},"geometry":{"type":"LineString","coordinates":[[36.076632,52.948584],[36.076931,52.948574],[36.077169,52.948576],[36.078712,52.948664],[36.079228,52.94868],[36.080945,52.94874],[36.081516,52.948761],[36.085263,52.948692],[36.085887,52.948709]]}},{"type":"Feature","properties":{"name_ru":null,"name":"улица Преображенского","ref":null,"highway":"residential","q":1,"lenght":132.7507718519856},"geometry":{"type":"MultiLineString","coordinates":[[[36.07721,52.941138],[36.07748,52.941116],[36.077565,52.941123],[36.077987,52.941189],[36.078112,52.941192],[36.078406,52.941145],[36.079134,52.941255],[36.079845,52.941445],[36.080388,52.9417]],[[36.085263,52.948692],[36.085408,52.949113],[36.085416,52.949422],[36.085397,52.949567],[36.085351,52.949923]]]}},{"type":"Feature","properties":{"name_ru":null,"name":"Отрадная улица","ref":null,"highway":"residential","q":1,"lenght":98.16741504775058},"geometry":{"type":"MultiLineString","coordinates":[[[36.075781,52.941895],[36.076859,52.94249],[36.077664,52.942943],[36.077867,52.943049],[36.078901,52.943591]],[[36.080848,52.945347],[36.080199,52.944439],[36.079922,52.944239]]]}},{"type":"Feature","properties":{"name_ru":null,"name":"Линейная улица","ref":null,"highway":"residential","q":1,"lenght":9.899589343927591},"geometry":{"type":"MultiLineString","coordinates":[[[36.070135,52.947634],[36.06998,52.94765],[36.069815,52.947618],[36.069683,52.947563],[36.068105,52.946783],[36.067493,52.94648],[36.067159,52.946315],[36.066927,52.9462],[36.066232,52.945856],[36.066017,52.945752],[36.065853,52.945672],[36.065654,52.945575],[36.06439,52.944981],[36.063843,52.944724],[36.061303,52.943531],[36.061101,52.943434],[36.060585,52.943186],[36.059789,52.942736],[36.059437,52.942441],[36.059387,52.942402]],[[36.076758,52.950659],[36.076658,52.950621],[36.076454,52.950545],[36.074327,52.949559],[36.072816,52.948787],[36.071109,52.947901],[36.070934,52.947772],[36.070624,52.947458]],[[36.080989,52.952245],[36.077791,52.950873],[36.077595,52.950712],[36.077158,52.950521],[36.077004,52.950455],[36.076885,52.950403]]]}},{"type":"Feature","properties":{"name_ru":null,"name":"Приокская улица","ref":null,"highway":"residential","q":1,"lenght":127.74132658650149},"geometry":{"type":"LineString","coordinates":[[36.07331,52.943071],[36.073413,52.943013],[36.074093,52.94263],[36.074356,52.942483],[36.074504,52.942399],[36.075781,52.941895],[36.07721,52.941138]]}},{"type":"Feature","properties":{"name_ru":null,"name":"улица Чапаева","ref":null,"highway":"residential","q":1,"lenght":59.443128375475226},"geometry":{"type":"LineString","coordinates":[[36.039335,52.96286],[36.039406,52.962829],[36.039959,52.962483],[36.040198,52.96245],[36.040306,52.962419],[36.040681,52.96214]]}},{"type":"Feature","properties":{"name_ru":null,"name":"Культурный переулок","ref":null,"highway":"residential","q":1,"lenght":110.90911943585652},"geometry":{"type":"LineString","coordinates":[[36.096555,52.966699],[36.096596,52.967696],[36.09666,52.968413],[36.096661,52.968453],[36.096669,52.968547],[36.096677,52.968605],[36.096766,52.96927],[36.096923,52.970447]]}},{"type":"Feature","properties":{"name_ru":null,"name":"Прядильный переулок","ref":null,"highway":"residential","q":1,"lenght":105.94936361318756},"geometry":{"type":"LineString","coordinates":[[36.101857,52.97008],[36.10193,52.970443],[36.102166,52.971011],[36.102553,52.971748],[36.102592,52.971795]]}},{"type":"Feature","properties":{"name_ru":null,"name":"2-я Посадская улица","ref":null,"highway":"tertiary","q":1,"lenght":6.100918192950876},"geometry":{"type":"LineString","coordinates":[[36.059349,52.95969],[36.059404,52.959647],[36.059907,52.959243],[36.060023,52.959149],[36.060451,52.958806],[36.060552,52.958725],[36.060949,52.958407],[36.061036,52.958336],[36.061065,52.958317],[36.061097,52.958296],[36.061157,52.958255],[36.061616,52.957964],[36.062569,52.957374],[36.063998,52.956513],[36.064138,52.956429]]}},{"type":"Feature","properties":{"name_ru":null,"name":"улица Коммуны","ref":null,"highway":"residential","q":1,"lenght":38.89828075827728},"geometry":{"type":"LineString","coordinates":[[36.072091,52.976649],[36.072212,52.976589],[36.072355,52.976515],[36.073447,52.975908],[36.074156,52.975513],[36.074589,52.975282]]}},{"type":"Feature","properties":{"name_ru":null,"name":"Конёвская улица","ref":null,"highway":"residential","q":1,"lenght":208.68543480979636},"geometry":{"type":"LineString","coordinates":[[36.118401,53.016302],[36.118662,53.016631],[36.119646,53.01802],[36.119774,53.018152],[36.120139,53.018467],[36.120508,53.018783],[36.120693,53.018876],[36.120952,53.019073],[36.121451,53.019704],[36.121523,53.019775],[36.12214,53.020385],[36.122984,53.021119]]}},{"type":"Feature","properties":{"name_ru":null,"name":"улица Революции","ref":null,"highway":"residential","q":1,"lenght":14.389443098324676},"geometry":{"type":"LineString","coordinates":[[36.082801,52.970335],[36.082716,52.97041],[36.082426,52.970664],[36.082118,52.970935],[36.082035,52.971011],[36.081975,52.971067],[36.081613,52.971402],[36.081562,52.971448],[36.080922,52.972039],[36.08085,52.972106],[36.080738,52.972209],[36.080017,52.972875],[36.079515,52.973339],[36.079472,52.973379],[36.078808,52.974013],[36.078692,52.974121]]}},{"type":"Feature","properties":{"name_ru":null,"name":"Карьерная улица","ref":null,"highway":"residential","q":1,"lenght":166.92330906101785},"geometry":{"type":"LineString","coordinates":[[36.086698,52.982495],[36.086331,52.982495],[36.086016,52.982495],[36.085711,52.982495],[36.085287,52.982499],[36.083229,52.982575],[36.082445,52.982589],[36.082401,52.98259],[36.082368,52.98259],[36.081613,52.982601],[36.08126,52.982606],[36.080405,52.982618],[36.080054,52.982628],[36.079916,52.982653],[36.0798,52.982685]]}},{"type":"Feature","properties":{"name_ru":null,"name":"Песковская улица","ref":null,"highway":"residential","q":1,"lenght":138.4048473232681},"geometry":{"type":"LineString","coordinates":[[36.06691,52.950777],[36.06702,52.950921],[36.068443,52.951095],[36.070019,52.951275],[36.071224,52.95142],[36.07263,52.951589],[36.073511,52.951696],[36.074841,52.951856],[36.074977,52.951873],[36.075107,52.95189],[36.075961,52.952005],[36.076125,52.952027],[36.076433,52.952068],[36.076597,52.95209],[36.076734,52.952113],[36.07688,52.952138],[36.077084,52.952192],[36.077111,52.952218],[36.07713,52.952267],[36.077853,52.952797],[36.078608,52.953116]]}},{"type":"Feature","properties":{"name_ru":null,"name":"переулок Дарвина","ref":null,"highway":"residential","q":1,"lenght":10.666948767195308},"geometry":{"type":"LineString","coordinates":[[36.03591,52.933591],[36.036092,52.933464],[36.036465,52.933228],[36.036605,52.933135],[36.037424,52.932646],[36.038232,52.932163],[36.038338,52.932097],[36.03845,52.932029],[36.03902,52.931663],[36.039753,52.931191]]}},{"type":"Feature","properties":{"name_ru":null,"name":"улица Зелёный Берег","ref":null,"highway":"residential","q":1,"lenght":24.104988028911347},"geometry":{"type":"LineString","coordinates":[[36.038875,52.959196],[36.040117,52.959745],[36.04265,52.960448],[36.043728,52.960847],[36.044706,52.961247],[36.045029,52.961342]]}},{"type":"Feature","properties":{"name_ru":null,"name":"улица Родзевича-Белевича","ref":null,"highway":"residential","q":1,"lenght":45.390747651117735},"geometry":{"type":"LineString","coordinates":[[36.123096,53.01424],[36.123387,53.014433],[36.125055,53.015572],[36.127023,53.016908],[36.127761,53.017434],[36.129041,53.018275],[36.129162,53.018354],[36.129486,53.018573],[36.129719,53.018729],[36.130931,53.019566],[36.131393,53.019864]]}},{"type":"Feature","properties":{"name_ru":null,"name":"улица Энергетиков","ref":null,"highway":"residential","q":1,"lenght":146.32435545429982},"geometry":{"type":"LineString","coordinates":[[36.107378,52.983871],[36.107295,52.983942],[36.106825,52.984358],[36.10672,52.98445],[36.106234,52.98492],[36.10557,52.985715],[36.105329,52.985899],[36.105136,52.985994],[36.105017,52.986021],[36.104858,52.986034],[36.104664,52.986028],[36.104446,52.985998],[36.104,52.985866],[36.102994,52.98559],[36.102747,52.985517],[36.102265,52.98538],[36.1004,52.984851],[36.099012,52.984441],[36.0989,52.984429],[36.098784,52.98443],[36.098689,52.984444],[36.098609,52.984475],[36.098507,52.984586]]}},{"type":"Feature","properties":{"name_ru":null,"name":"Раздольный переулок","ref":null,"highway":"residential","q":1,"lenght":10.930269429969382},"geometry":{"type":"LineString","coordinates":[[36.11068,53.001212],[36.109524,53.000917],[36.108425,53.000569],[36.107885,53.000385],[36.107424,53.00028],[36.106811,53.000135],[36.106608,53.000091],[36.106487,53.000068],[36.105782,52.999967],[36.105311,52.999909],[36.105206,52.999886],[36.105109,52.999852],[36.104984,52.999789]]}},{"type":"Feature","properties":{"name_ru":null,"name":"Суворовский переулок","ref":null,"highway":"residential","q":1,"lenght":36.86260971615878},"geometry":{"type":"LineString","coordinates":[[36.105412,52.973043],[36.105409,52.973095],[36.105414,52.973165],[36.105418,52.973225],[36.105664,52.974382],[36.105808,52.975165],[36.105785,52.975493],[36.105786,52.975922],[36.105741,52.976318],[36.10572,52.976649],[36.105652,52.977153]]}},{"type":"Feature","properties":{"name_ru":null,"name":"Товарный переулок","ref":null,"highway":"residential","q":1,"lenght":71.57228927062309},"geometry":{"type":"LineString","coordinates":[[36.107776,52.975862],[36.10808,52.975832],[36.108282,52.975805],[36.109001,52.975672],[36.109641,52.97568],[36.110091,52.975695],[36.111156,52.975706]]}},{"type":"Feature","properties":{"name_ru":null,"name":"Речной переулок","ref":null,"highway":"residential","q":1,"lenght":77.14971011899264},"geometry":{"type":"LineString","coordinates":[[36.076726,52.962947],[36.077471,52.963118],[36.077644,52.963158],[36.079277,52.963508],[36.079357,52.963525],[36.079487,52.963555],[36.080543,52.96379],[36.081014,52.963892],[36.082026,52.964104],[36.083105,52.964342],[36.084588,52.964669],[36.085194,52.9648],[36.08585,52.964943],[36.086206,52.965022],[36.087458,52.965301],[36.087611,52.965335],[36.089982,52.965932],[36.090135,52.965968]]}},{"type":"Feature","properties":{"name_ru":null,"name":"Никольская улица","ref":null,"highway":"residential","q":1,"lenght":7.613650508909296},"geometry":{"type":"LineString","coordinates":[[36.142185,53.003028],[36.142225,53.003003],[36.142389,53.002923],[36.143038,53.002598],[36.143951,53.00215]]}},{"type":"Feature","properties":{"name_ru":null,"name":"Базовая улица","ref":null,"highway":"residential","q":1,"lenght":21.617990757676164},"geometry":{"type":"LineString","coordinates":[[36.038284,52.988862],[36.038082,52.988711],[36.037254,52.988103],[36.036704,52.9877],[36.035505,52.98682],[36.034793,52.986297],[36.034563,52.986129],[36.034163,52.986197],[36.033761,52.986222],[36.033602,52.98622],[36.033379,52.986216]]}},{"type":"Feature","properties":{"name_ru":null,"name":"улица Скворцова","ref":null,"highway":"residential","q":1,"lenght":40.597483653689245},"geometry":{"type":"LineString","coordinates":[[36.02941,52.988435],[36.029807,52.98871],[36.030475,52.989196],[36.031605,52.989963],[36.032407,52.990498],[36.032999,52.990908],[36.033771,52.991451],[36.034128,52.991686],[36.034184,52.991723],[36.034499,52.991931],[36.034729,52.992085]]}},{"type":"Feature","properties":{"name_ru":null,"name":"бульвар Молодёжи","ref":null,"highway":"residential","q":1,"lenght":192.30659143137393},"geometry":{"type":"LineString","coordinates":[[36.018538,52.947866],[36.01869,52.949591],[36.018699,52.949687]]}},{"type":"Feature","properties":{"name_ru":null,"name":"Карачевское шоссе (дублёр)","ref":null,"highway":"residential","q":1,"lenght":31.81469259742337},"geometry":{"type":"LineString","coordinates":[[36.012528,52.94811],[36.013001,52.948093],[36.014505,52.948036],[36.015119,52.94801],[36.016006,52.947971],[36.017446,52.947915],[36.018538,52.947866]]}},{"type":"Feature","properties":{"name_ru":null,"name":"улица Алроса","ref":null,"highway":"residential","q":1,"lenght":11.365138424311954},"geometry":{"type":"LineString","coordinates":[[36.024947,52.94947],[36.024749,52.949562],[36.024703,52.949614],[36.024752,52.950161],[36.024765,52.95031],[36.024797,52.950659],[36.02487,52.951469],[36.024878,52.951571],[36.024924,52.952131],[36.02501,52.953111]]}},{"type":"Feature","properties":{"name_ru":null,"name":"Соляной переулок","ref":null,"highway":"residential","q":1,"lenght":11.44174621081299},"geometry":{"type":"LineString","coordinates":[[36.061037,52.952958],[36.060832,52.953033],[36.059761,52.953432],[36.059618,52.953488],[36.059073,52.9537],[36.058548,52.953903],[36.057951,52.954138],[36.057765,52.954212],[36.057618,52.954271],[36.057519,52.954311],[36.05696,52.954539],[36.056916,52.954557],[36.056872,52.954575]]}},{"type":"Feature","properties":{"name_ru":null,"name":"улица 7 Ноября","ref":null,"highway":"residential","q":1,"lenght":67.95927350601029},"geometry":{"type":"MultiLineString","coordinates":[[[36.053975,52.968758],[36.054068,52.968715],[36.0553,52.96814],[36.055589,52.967997],[36.05617,52.967719],[36.056259,52.967677],[36.056584,52.96752],[36.05675,52.967442],[36.05686,52.967386],[36.058483,52.966585],[36.058617,52.966515],[36.058898,52.966378],[36.059894,52.965889],[36.060162,52.965758],[36.060604,52.965541],[36.060825,52.965435],[36.061164,52.965276],[36.06164,52.965049],[36.061751,52.964995],[36.062207,52.964777],[36.06237,52.964699],[36.062511,52.964632],[36.062542,52.964618],[36.062643,52.964572]],[[36.065285,52.96425],[36.06539,52.964259],[36.06549,52.964283],[36.065587,52.964316],[36.066883,52.964971],[36.067324,52.965265],[36.067419,52.965337],[36.067563,52.96547],[36.067679,52.965604],[36.067712,52.965658],[36.067725,52.965709],[36.067733,52.965756],[36.067717,52.965807]]]}},{"type":"Feature","properties":{"name_ru":null,"name":"улица Степана Разина","ref":null,"highway":"tertiary","q":1,"lenght":82.56680739910855},"geometry":{"type":"LineString","coordinates":[[36.079108,52.968834],[36.079021,52.968911],[36.078737,52.969167],[36.078575,52.969312],[36.078222,52.969628],[36.07817,52.969674],[36.077982,52.969845],[36.077768,52.97004],[36.077071,52.970651],[36.076964,52.970748],[36.076438,52.971228],[36.076126,52.971511],[36.075391,52.972203],[36.075128,52.972472],[36.074755,52.972817],[36.074178,52.973353]]}},{"type":"Feature","properties":{"name_ru":null,"name":"улица Достоевского","ref":null,"highway":"residential","q":1,"lenght":35.59062960927072},"geometry":{"type":"LineString","coordinates":[[36.043605,52.947875],[36.043369,52.948049],[36.04317,52.948205],[36.042893,52.948425],[36.042237,52.948915],[36.042125,52.949003],[36.04192,52.949164],[36.041668,52.949362],[36.041568,52.949439],[36.04136,52.949599],[36.041146,52.94976],[36.040906,52.94994],[36.040848,52.949984],[36.04075,52.950057],[36.040533,52.950215],[36.040368,52.950336],[36.0403,52.95039],[36.040266,52.950416],[36.04004,52.950594],[36.039711,52.950844],[36.03943,52.951053],[36.039095,52.951297],[36.03845,52.951789],[36.036918,52.952971]]}},{"type":"Feature","properties":{"name_ru":null,"name":"Приборостроительная","ref":null,"highway":"residential","q":1,"lenght":98.30070553335734},"geometry":{"type":"LineString","coordinates":[[36.041454,52.994704],[36.042425,52.995366],[36.043042,52.995864],[36.043138,52.995957]]}},{"type":"Feature","properties":{"name_ru":null,"name":"Выставочная улица","ref":null,"highway":"residential","q":1,"lenght":68.63961913268301},"geometry":{"type":"LineString","coordinates":[[36.008635,52.914341],[36.008577,52.914309],[36.008381,52.9142],[36.007629,52.913748],[36.007033,52.913383],[36.006689,52.913172],[36.005789,52.912637],[36.005038,52.912214],[36.00416,52.911659],[36.003788,52.91145],[36.00305,52.911024],[36.002346,52.910646]]}},{"type":"Feature","properties":{"name_ru":null,"name":"Высоковольтная улица","ref":null,"highway":"residential","q":1,"lenght":7.198234693034993},"geometry":{"type":"MultiLineString","coordinates":[[[36.005099,52.916284],[36.005326,52.916159],[36.005623,52.915996],[36.006575,52.915473],[36.008635,52.914341],[36.010312,52.913409],[36.010552,52.913275],[36.01069,52.913198],[36.010742,52.913169],[36.01128,52.912868],[36.011795,52.912602],[36.01263,52.91217],[36.013583,52.911626],[36.01513,52.910708],[36.015239,52.910647],[36.017398,52.909405]],[[36.007034,52.917371],[36.007109,52.917325],[36.007551,52.917041],[36.008001,52.916751],[36.008285,52.916568],[36.008602,52.916364],[36.009955,52.915494],[36.010438,52.915183],[36.011526,52.91444],[36.012019,52.914142],[36.012582,52.913802],[36.013394,52.913346],[36.01413,52.912904],[36.014395,52.912742],[36.015361,52.912152],[36.015623,52.911999]]]}},{"type":"Feature","properties":{"name_ru":null,"name":"Узловая улица","ref":null,"highway":"tertiary","q":1,"lenght":89.61559306052686},"geometry":{"type":"LineString","coordinates":[[36.088725,52.930928],[36.08868,52.930981],[36.088664,52.931027],[36.088662,52.931084],[36.088691,52.931327],[36.088755,52.931866],[36.088806,52.932286],[36.088849,52.932649],[36.088863,52.932753],[36.088841,52.932953],[36.088808,52.933267],[36.088763,52.933626],[36.088696,52.934168],[36.088664,52.934426],[36.088657,52.934605],[36.088654,52.934668],[36.088627,52.934946],[36.088615,52.935071],[36.088565,52.93575],[36.088543,52.936059]]}},{"type":"Feature","properties":{"name_ru":null,"name":"Гаражный переулок","ref":null,"highway":"residential","q":1,"lenght":65.70736960561419},"geometry":{"type":"LineString","coordinates":[[36.097898,52.975113],[36.098446,52.974624],[36.098658,52.974393],[36.098736,52.974367],[36.098812,52.974357],[36.098875,52.974359]]}},{"type":"Feature","properties":{"name_ru":null,"name":"улица Добролюбова","ref":null,"highway":"residential","q":1,"lenght":54.31575986805393},"geometry":{"type":"LineString","coordinates":[[36.103136,52.971897],[36.103145,52.971965],[36.103185,52.972384],[36.103278,52.97296],[36.103287,52.973011]]}},{"type":"Feature","properties":{"name_ru":null,"name":"улица Короленко","ref":null,"highway":"residential","q":1,"lenght":224.55480187603663},"geometry":{"type":"LineString","coordinates":[[36.033804,52.963372],[36.033704,52.963382],[36.032567,52.963493],[36.029264,52.963801],[36.027169,52.964012],[36.026892,52.964044]]}},{"type":"Feature","properties":{"name_ru":null,"name":"Слободская улица","ref":null,"highway":"residential","q":1,"lenght":145.11639123880275},"geometry":{"type":"LineString","coordinates":[[36.029056,52.962676],[36.02853,52.962826],[36.027014,52.96309],[36.0263,52.963171],[36.025141,52.963515]]}},{"type":"Feature","properties":{"name_ru":null,"name":"Старо-Привокзальная улица","ref":null,"highway":"residential","q":1,"lenght":12.307519411946776},"geometry":{"type":"LineString","coordinates":[[36.113858,52.973218],[36.113947,52.973315],[36.113979,52.973416],[36.113999,52.973562],[36.114002,52.973748],[36.113812,52.974736],[36.113744,52.975053],[36.113563,52.975942],[36.11355,52.976033],[36.113551,52.976108],[36.113562,52.976312],[36.113565,52.976472],[36.113549,52.976541],[36.113516,52.97661],[36.113468,52.97668],[36.113403,52.976747],[36.112552,52.977406],[36.11245,52.977444],[36.112341,52.977464],[36.1122,52.977476],[36.112053,52.977468],[36.111927,52.97745],[36.111812,52.977422],[36.111454,52.977289]]}},{"type":"Feature","properties":{"name_ru":null,"name":"Рощинская улица","ref":null,"highway":"secondary","q":1,"lenght":39.33475676829622},"geometry":{"type":"LineString","coordinates":[[36.155493,53.012122],[36.155224,53.012264],[36.155007,53.012388],[36.154725,53.01255],[36.154006,53.012961],[36.153544,53.013226],[36.15262,53.013745],[36.152342,53.013903],[36.151295,53.014492],[36.15099,53.014676],[36.150407,53.015027],[36.150097,53.01523],[36.149814,53.015445],[36.149675,53.015563],[36.149298,53.015884],[36.148764,53.016338],[36.147333,53.017542],[36.147041,53.017796],[36.14672,53.018074],[36.146294,53.018444],[36.146137,53.018581],[36.145916,53.018804],[36.145847,53.018883],[36.145781,53.018957],[36.145236,53.019637],[36.144484,53.020557],[36.144296,53.020793],[36.1436,53.02161],[36.143544,53.02168],[36.143281,53.021996],[36.143236,53.022032],[36.143038,53.022252],[36.143037,53.022283],[36.142998,53.022327],[36.142955,53.02245],[36.142907,53.022557],[36.142882,53.022654],[36.142874,53.022759]]}},{"type":"Feature","properties":{"name_ru":null,"name":"Скульптурная улица","ref":null,"highway":"residential","q":1,"lenght":17.173522823110396},"geometry":{"type":"MultiLineString","coordinates":[[[36.070135,52.947634],[36.070347,52.947562],[36.070422,52.947533],[36.070518,52.947496],[36.070624,52.947458],[36.07096,52.947337],[36.071036,52.947317],[36.072503,52.946917],[36.073578,52.946637],[36.074518,52.946392],[36.075599,52.946137],[36.075837,52.946081]],[[36.075921,52.946229],[36.076284,52.946157],[36.076403,52.946138],[36.078707,52.945774],[36.080043,52.945569],[36.080259,52.945538],[36.080421,52.945499],[36.080848,52.945347],[36.082102,52.945028],[36.082421,52.944977],[36.082864,52.944915],[36.083939,52.944809],[36.084703,52.944772],[36.085138,52.944723],[36.085504,52.944656],[36.08602,52.944486]]]}},{"type":"Feature","properties":{"name_ru":null,"name":"Пожарная улица","ref":null,"highway":"residential","q":1,"lenght":22.04367303438833},"geometry":{"type":"LineString","coordinates":[[36.085703,52.977653],[36.085015,52.978664],[36.084994,52.978695],[36.084928,52.978789],[36.084839,52.978916],[36.084369,52.979591],[36.084272,52.979727],[36.084206,52.979823],[36.084141,52.979919],[36.084102,52.979975],[36.084014,52.980101],[36.08398,52.98015],[36.083848,52.980331],[36.083791,52.980421],[36.083179,52.98143],[36.083077,52.981591],[36.08247,52.98255],[36.082445,52.982589]]}},{"type":"Feature","properties":{"name_ru":null,"name":"Рыночный переулок","ref":null,"highway":"unclassified","q":1,"lenght":7.624041657474331},"geometry":{"type":"LineString","coordinates":[[36.069476,52.963435],[36.069659,52.963491],[36.070558,52.96377],[36.070705,52.963815],[36.071327,52.964008],[36.071428,52.964039],[36.071582,52.964085],[36.072703,52.964421]]}},{"type":"Feature","properties":{"name_ru":null,"name":"улица Федотовой","ref":null,"highway":"residential","q":1,"lenght":166.82918391657591},"geometry":{"type":"LineString","coordinates":[[36.035016,52.9477],[36.034705,52.947716],[36.033649,52.94777],[36.031171,52.947851]]}},{"type":"Feature","properties":{"name_ru":null,"name":"улица 8 Марта","ref":null,"highway":"tertiary","q":1,"lenght":25.431847315888604},"geometry":{"type":"LineString","coordinates":[[36.084014,52.980101],[36.083091,52.979896],[36.0824,52.97975],[36.081311,52.979519],[36.081091,52.979469],[36.080539,52.979344],[36.079654,52.979145],[36.078904,52.978972],[36.07817,52.978806],[36.07791,52.978743],[36.077553,52.978668]]}},{"type":"Feature","properties":{"name_ru":null,"name":"Красноармейская улица","ref":null,"highway":"tertiary","q":1,"lenght":13.394955791072679},"geometry":{"type":"LineString","coordinates":[[36.060168,52.981405],[36.060302,52.981362],[36.060522,52.981262],[36.060811,52.981133],[36.0612,52.98096],[36.061319,52.980906],[36.061545,52.980803],[36.062141,52.980529],[36.062258,52.980473],[36.062868,52.980154],[36.063175,52.979996],[36.064048,52.979547],[36.064327,52.979404],[36.06439,52.979372],[36.066109,52.978495],[36.066537,52.978277],[36.066689,52.978199],[36.066866,52.978112],[36.06743,52.977836],[36.06809,52.977512],[36.069464,52.976864],[36.070583,52.976312],[36.071079,52.976079],[36.071224,52.976011]]}},{"type":"Feature","properties":{"name_ru":null,"name":"бульвар Победы","ref":null,"highway":"residential","q":1,"lenght":15.379368648350292},"geometry":{"type":"LineString","coordinates":[[36.060024,52.973247],[36.059945,52.973286],[36.059638,52.973437],[36.059348,52.973581],[36.059115,52.973696],[36.058588,52.973954],[36.058184,52.974156],[36.057934,52.97428],[36.057282,52.974602],[36.056656,52.974915],[36.056359,52.975063],[36.05585,52.975317],[36.055552,52.975469],[36.055392,52.975545],[36.053601,52.976436],[36.053427,52.976526]]}},{"type":"Feature","properties":{"name_ru":null,"name":"Прокуровская улица","ref":null,"highway":"residential","q":1,"lenght":359.48352398494274},"geometry":{"type":"LineString","coordinates":[[36.140775,53.000561],[36.140517,53.000062],[36.13954,52.999129],[36.139219,52.998635],[36.138352,52.997898],[36.138149,52.99778],[36.13808,52.997733],[36.138027,52.997682],[36.137639,52.997231]]}},{"type":"Feature","properties":{"name_ru":null,"name":"улица 6-й Орловской Дивизии","ref":null,"highway":"tertiary","q":1,"lenght":54.8712579685731},"geometry":{"type":"LineString","coordinates":[[36.076221,52.928252],[36.07697,52.928447],[36.079823,52.929225],[36.080202,52.929328],[36.081473,52.929671],[36.081707,52.929734],[36.082794,52.930028],[36.082858,52.930045],[36.083077,52.930096],[36.083458,52.930184],[36.083809,52.930243],[36.083886,52.930252],[36.084236,52.930297],[36.085058,52.930374],[36.086837,52.930539],[36.087099,52.930572],[36.087703,52.930648],[36.088011,52.930704],[36.08831,52.930779],[36.088529,52.930852],[36.088725,52.930928],[36.090394,52.931651],[36.090687,52.931755],[36.090937,52.931826],[36.092071,52.932146],[36.09298,52.932367],[36.093748,52.932566],[36.093938,52.932616],[36.094119,52.932661],[36.094291,52.932704],[36.095147,52.932931],[36.095507,52.933027],[36.096828,52.93338],[36.097636,52.933596]]}},{"type":"Feature","properties":{"name_ru":null,"name":"Ореховый переулок","ref":null,"highway":"residential","q":1,"lenght":140.0076857132351},"geometry":{"type":"LineString","coordinates":[[36.031461,52.954401],[36.032567,52.953335],[36.033662,52.952458],[36.034453,52.951856],[36.034543,52.951788]]}},{"type":"Feature","properties":{"name_ru":null,"name":"улица Кустова","ref":null,"highway":"residential","q":1,"lenght":195.0677667272746},"geometry":{"type":"LineString","coordinates":[[36.101862,53.001978],[36.102059,53.002074],[36.102127,53.002105],[36.102818,53.002424],[36.102895,53.002479],[36.102953,53.002536]]}},{"type":"Feature","properties":{"name_ru":null,"name":"Магазинная улица","ref":null,"highway":"residential","q":1,"lenght":6.982210402037486},"geometry":{"type":"LineString","coordinates":[[36.084061,52.958011],[36.084158,52.957988],[36.084258,52.957995],[36.085972,52.958395],[36.089231,52.959182],[36.091306,52.959658],[36.09172,52.959753],[36.092376,52.95992],[36.093161,52.960108],[36.093529,52.960201],[36.093975,52.960314],[36.094108,52.960346]]}},{"type":"Feature","properties":{"name_ru":null,"name":"площадь Мира","ref":null,"highway":"tertiary","q":1,"lenght":97.42932255428258},"geometry":{"type":"LineString","coordinates":[[36.079594,52.967592],[36.079536,52.967691],[36.079482,52.967784],[36.079253,52.968596],[36.079233,52.968646],[36.079162,52.968753],[36.079108,52.968834]]}},{"type":"Feature","properties":{"name_ru":null,"name":"Советская улица","ref":null,"highway":"residential","q":1,"lenght":18.900051405069487},"geometry":{"type":"LineString","coordinates":[[36.071504,52.968543],[36.071702,52.968617],[36.072257,52.968827],[36.072301,52.968844],[36.072542,52.968931],[36.072649,52.968967],[36.073569,52.969318],[36.07368,52.96936],[36.075226,52.969947],[36.076083,52.970271],[36.076169,52.970305],[36.077071,52.970651],[36.07719,52.970696],[36.077723,52.970901],[36.078221,52.971092],[36.078611,52.971241],[36.079307,52.97151],[36.080201,52.971855],[36.080458,52.971955],[36.080704,52.97205],[36.08085,52.972106],[36.081007,52.972167],[36.081809,52.972478],[36.081968,52.97254],[36.083137,52.972993],[36.083417,52.973101],[36.083586,52.97317]]}},{"type":"Feature","properties":{"name_ru":null,"name":"улица Нормандия-Неман","ref":null,"highway":"tertiary","q":1,"lenght":12.964747631245753},"geometry":{"type":"MultiLineString","coordinates":[[[36.06335,52.952741],[36.06352,52.952746],[36.064975,52.952902],[36.066148,52.953041],[36.066676,52.953103],[36.066865,52.953125],[36.067808,52.953237],[36.067862,52.953243],[36.068492,52.953313],[36.069091,52.953387],[36.069408,52.953426],[36.069587,52.953447],[36.073873,52.953951],[36.074046,52.953971]],[[36.074068,52.953917],[36.074221,52.953935],[36.074293,52.953943],[36.075175,52.954059],[36.076304,52.954234],[36.07752,52.954436],[36.077605,52.954451],[36.077736,52.954472]]]}},{"type":"Feature","properties":{"name_ru":null,"name":"Прожекторная улица","ref":null,"highway":"residential","q":1,"lenght":76.46773382938692},"geometry":{"type":"LineString","coordinates":[[36.035649,52.942963],[36.035834,52.942833],[36.03688,52.942099],[36.037043,52.941985],[36.037724,52.941506],[36.037855,52.941416],[36.038186,52.941176],[36.038606,52.940871],[36.039334,52.940343]]}},{"type":"Feature","properties":{"name_ru":null,"name":"Черепичная улица","ref":null,"highway":"residential","q":1,"lenght":28.779974780141256},"geometry":{"type":"LineString","coordinates":[[36.032622,52.939087],[36.032788,52.939134],[36.033088,52.939238],[36.03366,52.939435],[36.034086,52.939578],[36.034127,52.939597],[36.034653,52.939842],[36.036355,52.940635],[36.036471,52.940689],[36.036683,52.940801],[36.036922,52.940926],[36.037728,52.941349],[36.037855,52.941416]]}},{"type":"Feature","properties":{"name_ru":null,"name":"Героев Пожарных","ref":null,"highway":"secondary","q":1,"lenght":12.4460992460652},"geometry":{"type":"LineString","coordinates":[[36.041493,52.987884],[36.041977,52.988192],[36.042004,52.988217],[36.042189,52.988337],[36.042511,52.988555],[36.043532,52.989249],[36.044388,52.989829],[36.044657,52.990028],[36.045757,52.990815],[36.0466,52.991442],[36.046804,52.991579],[36.046926,52.991663]]}},{"type":"Feature","properties":{"name_ru":null,"name":"улица Садовского","ref":null,"highway":"residential","q":1,"lenght":24.21193086186406},"geometry":{"type":"LineString","coordinates":[[36.040495,52.946483],[36.040777,52.946618],[36.041248,52.946844],[36.042501,52.947418],[36.042764,52.947539],[36.04279,52.947632],[36.042727,52.947734],[36.043126,52.947934],[36.043369,52.948049]]}},{"type":"Feature","properties":{"name_ru":null,"name":"Старомосковское шоссе","ref":null,"highway":"residential","q":1,"lenght":6.913283142521587},"geometry":{"type":"LineString","coordinates":[[36.116691,52.985966],[36.11676,52.986012],[36.117109,52.986225]]}},{"type":"Feature","properties":{"name_ru":null,"name":"Элеваторный переулок","ref":null,"highway":"residential","q":1,"lenght":90.6135846147594},"geometry":{"type":"LineString","coordinates":[[36.101456,52.957926],[36.101171,52.957131],[36.101138,52.957023],[36.10112,52.956988],[36.101069,52.956885]]}},{"type":"Feature","properties":{"name_ru":null,"name":"улица Колпакчи","ref":null,"highway":"residential","q":1,"lenght":33.00285752880908},"geometry":{"type":"LineString","coordinates":[[36.079152,52.977501],[36.080385,52.977741],[36.080736,52.977815],[36.081826,52.978018],[36.082295,52.978106],[36.082825,52.978205],[36.083178,52.978284],[36.083459,52.978348],[36.084023,52.978476],[36.084377,52.978556],[36.084994,52.978695]]}},{"type":"Feature","properties":{"name_ru":null,"name":"улица Андрианова","ref":null,"highway":"tertiary","q":1,"lenght":19.1373130790426},"geometry":{"type":"LineString","coordinates":[[36.074464,52.987411],[36.074759,52.987335],[36.074926,52.9873],[36.075121,52.98727],[36.077132,52.987092],[36.077595,52.98705],[36.077704,52.98704],[36.077783,52.987032],[36.077972,52.987014],[36.078173,52.986996],[36.07828,52.986986],[36.078415,52.986973],[36.079047,52.986907],[36.079703,52.986842],[36.081125,52.986711],[36.081635,52.986669],[36.081919,52.986653]]}},{"type":"Feature","properties":{"name_ru":null,"name":"Костомаровская улица","ref":null,"highway":"residential","q":1,"lenght":4.5833444954293245},"geometry":{"type":"MultiLineString","coordinates":[[[36.081719,52.988689],[36.081694,52.98872],[36.081531,52.988925],[36.081432,52.988972],[36.081317,52.989007],[36.08118,52.989031],[36.078645,52.98924],[36.078053,52.989287],[36.077197,52.989338],[36.076773,52.989374],[36.076335,52.989508],[36.076179,52.989563],[36.076127,52.989611],[36.076083,52.989684]],[[36.081858,52.988687],[36.081882,52.988726]]]}},{"type":"Feature","properties":{"name_ru":null,"name":"улица Царёв Брод","ref":"54К-273","highway":"tertiary","q":1,"lenght":17.663233549554423},"geometry":{"type":"LineString","coordinates":[[36.034155,52.958016],[36.033807,52.958007],[36.033453,52.958007],[36.03289,52.958004],[36.032619,52.958019],[36.032243,52.958065],[36.031983,52.958132],[36.031749,52.958205],[36.031224,52.958382],[36.031168,52.958399]]}},{"type":"Feature","properties":{"name_ru":null,"name":"Еловая улица","ref":null,"highway":"residential","q":1,"lenght":null},"geometry":{"type":"MultiLineString","coordinates":[]}},{"type":"Feature","properties":{"name_ru":null,"name":"Украинская улица","ref":null,"highway":"residential","q":1,"lenght":82.9227035122369},"geometry":{"type":"LineString","coordinates":[[36.033448,52.96203],[36.032254,52.962176],[36.030608,52.962307],[36.030504,52.962278],[36.030416,52.96222],[36.029935,52.962108],[36.02985,52.962118],[36.029789,52.962157],[36.029264,52.962599],[36.029056,52.962676]]}},{"type":"Feature","properties":{"name_ru":"Интернатная улица","name":"Интернатная улица","ref":null,"highway":"residential","q":1,"lenght":77.14995464054739},"geometry":{"type":"LineString","coordinates":[[36.024586,52.985756],[36.024879,52.985897],[36.025285,52.986103],[36.026096,52.986505],[36.026947,52.986951],[36.028433,52.987816],[36.02862,52.987932],[36.02941,52.988435]]}},{"type":"Feature","properties":{"name_ru":null,"name":"Лесная улица","ref":null,"highway":"residential","q":1,"lenght":131.1076095943121},"geometry":{"type":"LineString","coordinates":[[36.110163,52.969971],[36.110151,52.970206],[36.110148,52.970272],[36.11002,52.971447],[36.109988,52.971814],[36.109919,52.972594],[36.109929,52.972639],[36.109947,52.972677],[36.110026,52.972771]]}},{"type":"Feature","properties":{"name_ru":null,"name":"улица Чайкиной","ref":null,"highway":"residential","q":1,"lenght":257.4990309089282},"geometry":{"type":"LineString","coordinates":[[36.036146,52.961511],[36.039162,52.962848],[36.039245,52.962869],[36.039335,52.96286]]}},{"type":"Feature","properties":{"name_ru":null,"name":"улица Дмитрия Блынского","ref":null,"highway":"residential","q":1,"lenght":42.943470136681704},"geometry":{"type":"LineString","coordinates":[[36.135224,52.998275],[36.135053,52.99833],[36.134885,52.998367],[36.134694,52.998389],[36.134502,52.998407],[36.134107,52.99844],[36.133934,52.998482],[36.133894,52.998505]]}},{"type":"Feature","properties":{"name_ru":null,"name":"улица Писарева","ref":null,"highway":"residential","q":1,"lenght":52.89381989002532},"geometry":{"type":"LineString","coordinates":[[36.035834,52.956888],[36.036188,52.957092]]}},{"type":"Feature","properties":{"name_ru":null,"name":"улица Радищева","ref":null,"highway":"residential","q":1,"lenght":72.89932291504834},"geometry":{"type":"LineString","coordinates":[[36.119688,52.976615],[36.121243,52.977054],[36.122617,52.977423],[36.123822,52.977788],[36.124901,52.978176],[36.125922,52.978492],[36.126877,52.978803],[36.126962,52.978831],[36.127904,52.979133],[36.12873,52.979389],[36.129613,52.979694],[36.130437,52.979971],[36.13132,52.980205],[36.132117,52.980472],[36.132351,52.980508],[36.132494,52.980531],[36.133159,52.980793],[36.133277,52.980851],[36.133319,52.980939]]}},{"type":"Feature","properties":{"name_ru":null,"name":"улица Емельяна Пугачёва","ref":null,"highway":"residential","q":1,"lenght":5.489067563936881},"geometry":{"type":"LineString","coordinates":[[36.092742,52.966852],[36.092863,52.968579],[36.092864,52.968616],[36.092874,52.968714],[36.092889,52.968765],[36.093082,52.969454],[36.093557,52.970753],[36.094308,52.972898],[36.094347,52.97297],[36.094373,52.973017],[36.094387,52.973063]]}},{"type":"Feature","properties":{"name_ru":null,"name":"Медведевский переулок","ref":null,"highway":"residential","q":1,"lenght":195.56144939465298},"geometry":{"type":"LineString","coordinates":[[36.1022,52.963159],[36.102405,52.964027],[36.102552,52.964903],[36.10264,52.965547],[36.102761,52.966433],[36.103137,52.968098],[36.103151,52.968133],[36.10317,52.968227],[36.103536,52.969947]]}},{"type":"Feature","properties":{"name_ru":null,"name":"улица Медведева","ref":null,"highway":"residential","q":1,"lenght":39.07438343060255},"geometry":{"type":"LineString","coordinates":[[36.102592,52.971795],[36.10264,52.971822],[36.10271,52.971843],[36.103024,52.971893],[36.103136,52.971897]]}},{"type":"Feature","properties":{"name_ru":null,"name":"улица Белинского","ref":null,"highway":"residential","q":1,"lenght":177.25220999930139},"geometry":{"type":"LineString","coordinates":[[36.09955,52.96498],[36.099743,52.966568],[36.099848,52.967315],[36.100038,52.968283],[36.100041,52.968313],[36.100047,52.968371],[36.100254,52.970215]]}},{"type":"Feature","properties":{"name_ru":null,"name":"Тульская улица","ref":null,"highway":"secondary","q":1,"lenght":173.42244411839846},"geometry":{"type":"LineString","coordinates":[[36.131812,52.97201],[36.13056,52.973431],[36.12945,52.974648],[36.12838,52.975807],[36.127375,52.976913],[36.125922,52.978492],[36.124737,52.979793],[36.124678,52.979858],[36.123407,52.981224],[36.122006,52.982741],[36.121939,52.982813],[36.121402,52.983421],[36.121301,52.983493],[36.121176,52.983547],[36.12108,52.983568],[36.12074,52.983617],[36.120579,52.983653],[36.120493,52.983691],[36.120432,52.983741],[36.119273,52.985356],[36.11919,52.985422],[36.119093,52.985476],[36.118969,52.985521],[36.117335,52.986111],[36.117248,52.986147],[36.117163,52.986192],[36.117109,52.986225],[36.117052,52.986269],[36.116953,52.986355]]}},{"type":"Feature","properties":{"name_ru":null,"name":"Ипподромный переулок","ref":null,"highway":"residential","q":1,"lenght":14.67698059478479},"geometry":{"type":"LineString","coordinates":[[36.057769,52.987661],[36.056408,52.986649],[36.056291,52.986559],[36.056055,52.986367],[36.054699,52.985256],[36.054114,52.984778],[36.052937,52.983814],[36.052384,52.983353],[36.052205,52.98323],[36.051917,52.983105],[36.051873,52.98309],[36.051242,52.982856],[36.050833,52.982696],[36.050525,52.982575],[36.049467,52.982172],[36.049127,52.982045],[36.0487,52.981883],[36.048515,52.981813]]}},{"type":"Feature","properties":{"name_ru":null,"name":"Верхнещекотихинский переулок","ref":null,"highway":"residential","q":1,"lenght":9.400532893682902},"geometry":{"type":"LineString","coordinates":[[36.106094,52.999019],[36.106209,52.999067],[36.106263,52.99908],[36.106323,52.999085],[36.106677,52.999091],[36.10672,52.999093],[36.107768,52.999343],[36.109862,52.999825],[36.111048,53.000265],[36.11188,53.000553]]}},{"type":"Feature","properties":{"name_ru":null,"name":"Шпагатный переулок","ref":null,"highway":"residential","q":1,"lenght":142.2133422605054},"geometry":{"type":"LineString","coordinates":[[36.057655,52.943246],[36.058551,52.943955],[36.059834,52.944971],[36.060087,52.945165],[36.060474,52.94546],[36.064449,52.94847]]}},{"type":"Feature","properties":{"name_ru":null,"name":"Пригородный переулок","ref":null,"highway":"residential","q":1,"lenght":7.650605710338734},"geometry":{"type":"LineString","coordinates":[[36.029308,52.953973],[36.029129,52.954003],[36.029052,52.954013]]}},{"type":"Feature","properties":{"name_ru":null,"name":"Садовая улица","ref":null,"highway":"residential","q":1,"lenght":3.308544583529659},"geometry":{"type":"LineString","coordinates":[[36.146657,52.996065],[36.146695,52.996084]]}},{"type":"Feature","properties":{"name_ru":null,"name":"Лесная аллея","ref":null,"highway":"residential","q":1,"lenght":10.115638833093815},"geometry":{"type":"LineString","coordinates":[[36.143778,53.024763],[36.143633,53.024788],[36.143376,53.024833]]}},{"type":"Feature","properties":{"name_ru":null,"name":"Зареченская улица","ref":null,"highway":"residential","q":1,"lenght":null},"geometry":{"type":"MultiLineString","coordinates":[]}},{"type":"Feature","properties":{"name_ru":null,"name":"Старо-Московская улица","ref":null,"highway":"secondary","q":1,"lenght":8.49729588584992},"geometry":{"type":"LineString","coordinates":[[36.107302,52.967923],[36.105352,52.968063],[36.102248,52.968226],[36.100006,52.968328],[36.09766,52.968452],[36.096699,52.968499],[36.092905,52.968664],[36.08949,52.968802],[36.089322,52.968804],[36.089264,52.968812],[36.089205,52.968823],[36.089222,52.969006],[36.089292,52.969228],[36.08937,52.969426],[36.089442,52.969593],[36.089536,52.969769],[36.090888,52.971705],[36.092147,52.973537],[36.092209,52.973621],[36.092248,52.973658],[36.09235,52.973747],[36.09242,52.973797],[36.0926,52.97377],[36.092723,52.973746],[36.092904,52.973682],[36.093146,52.973581],[36.093873,52.973257],[36.094184,52.973128],[36.094387,52.973063],[36.094618,52.973006],[36.094886,52.972959],[36.095054,52.972943],[36.095264,52.97294],[36.098157,52.972958],[36.10062,52.97298],[36.102541,52.973005],[36.103313,52.973011],[36.106749,52.973063],[36.108296,52.973084],[36.108918,52.973088],[36.10908,52.973079],[36.109166,52.97307],[36.109334,52.973035],[36.109581,52.972949],[36.110059,52.972757],[36.110205,52.97271],[36.11028,52.972696],[36.110404,52.972693],[36.111765,52.97277],[36.111972,52.972784],[36.112119,52.972801],[36.112271,52.97278]]}},{"type":"Feature","properties":{"name_ru":null,"name":"Мостовая улица","ref":null,"highway":"secondary","q":1,"lenght":55.401022227443},"geometry":{"type":"LineString","coordinates":[[36.031983,52.958132],[36.030705,52.956528],[36.03043,52.956135],[36.030223,52.955795],[36.029774,52.954956],[36.028425,52.952112],[36.028207,52.951685],[36.028091,52.951508],[36.027816,52.951193],[36.027548,52.950955],[36.027283,52.950767],[36.026853,52.950513],[36.025546,52.949825],[36.024947,52.94947],[36.024762,52.94933],[36.024449,52.949018],[36.024333,52.948896],[36.024124,52.948631],[36.023945,52.948339],[36.023834,52.948106],[36.023724,52.947789],[36.023656,52.947479],[36.023533,52.947021]]}}]}