{"type":"FeatureCollection","name":"green","xy_coordinate_resolution":0.000001,"features":[{"type":"Feature","properties":{"full_id":"w1103497027","osm_id":"1103497027","osm_type":"way","natural":"scrub","grassland":null,"wetland":null,"water":null,"leisure":null,"religion":null,"name":null,"landuse":null,"description":null,"wood:density":null,"leaf_cycle":null,"leaf_type":null,"type":null,"full_id_2":"r2621608","osm_id_2":"2621608","osm_type_2":"relation","boundary":"administrative","source:url":"http://www.dumadgrad.ru/files/o_gorode/genplan/prilozh/1.rar","old_name":"Мелекес","wikipedia":"ru:Городской округ Димитровград","wikidata":"Q4145659","website":null,"type_2":"boundary","population":null,"official_status":"ru:городской округ","name:tt":null,"name:ru":"городской округ Димитровград","name:ja":"ディミトロフグラード管区","name:en":null,"name_2":"городской округ Димитровград","admin_level":"6","addr:region":null,"addr:country":null},"geometry":{"type":"Polygon","coordinates":[[[49.554039,54.193533],[49.553813,54.193525],[49.553785,54.193428],[49.553754,54.193338],[49.55381,54.193274],[49.553892,54.193247],[49.554009,54.19316],[49.553927,54.193103],[49.553945,54.193057],[49.55403,54.193032],[49.554108,54.192949],[49.554171,54.192941],[49.554233,54.192945],[49.554242,54.193049],[49.554424,54.193159],[49.554503,54.193212],[49.554376,54.193388],[49.554309,54.193468],[49.554392,54.193671],[49.55434,54.193772],[49.554039,54.193533]]]}},{"type":"Feature","properties":{"full_id":"w1103497026","osm_id":"1103497026","osm_type":"way","natural":"scrub","grassland":null,"wetland":null,"water":null,"leisure":null,"religion":null,"name":null,"landuse":null,"description":null,"wood:density":null,"leaf_cycle":null,"leaf_type":null,"type":null,"full_id_2":"r2621608","osm_id_2":"2621608","osm_type_2":"relation","boundary":"administrative","source:url":"http://www.dumadgrad.ru/files/o_gorode/genplan/prilozh/1.rar","old_name":"Мелекес","wikipedia":"ru:Городской округ Димитровград","wikidata":"Q4145659","website":null,"type_2":"boundary","population":null,"official_status":"ru:городской округ","name:tt":null,"name:ru":"городской округ Димитровград","name:ja":"ディミトロフグラード管区","name:en":null,"name_2":"городской округ Димитровград","admin_level":"6","addr:region":null,"addr:country":null},"geometry":{"type":"Polygon","coordinates":[[[49.554292,54.19209],[49.554377,54.192032],[49.554334,54.191957],[49.55433,54.191875],[49.554405,54.191821],[49.55444,54.191755],[49.554377,54.191665],[49.554284,54.191539],[49.554433,54.191338],[49.554826,54.191249],[49.55482,54.191347],[49.554995,54.191478],[49.555055,54.191596],[49.555118,54.191833],[49.554977,54.191989],[49.555159,54.192127],[49.555256,54.192341],[49.555309,54.192736],[49.555334,54.192943],[49.554839,54.192974],[49.554619,54.192698],[49.554617,54.192603],[49.554564,54.192568],[49.554412,54.192572],[49.554302,54.1925],[49.554196,54.192378],[49.554231,54.19216],[49.554292,54.19209]]]}},{"type":"Feature","properties":{"full_id":"w1103504317","osm_id":"1103504317","osm_type":"way","natural":"scrub","grassland":null,"wetland":null,"water":null,"leisure":null,"religion":null,"name":null,"landuse":null,"description":null,"wood:density":null,"leaf_cycle":null,"leaf_type":null,"type":null,"full_id_2":"r2621608","osm_id_2":"2621608","osm_type_2":"relation","boundary":"administrative","source:url":"http://www.dumadgrad.ru/files/o_gorode/genplan/prilozh/1.rar","old_name":"Мелекес","wikipedia":"ru:Городской округ Димитровград","wikidata":"Q4145659","website":null,"type_2":"boundary","population":null,"official_status":"ru:городской округ","name:tt":null,"name:ru":"городской округ Димитровград","name:ja":"ディミトロフグラード管区","name:en":null,"name_2":"городской округ Димитровград","admin_level":"6","addr:region":null,"addr:country":null},"geometry":{"type":"Polygon","coordinates":[[[49.558378,54.192636],[49.558131,54.192529],[49.558537,54.192605],[49.559163,54.192681],[49.55968,54.19274],[49.559708,54.192804],[49.559826,54.192814],[49.559993,54.192771],[49.560123,54.192802],[49.560172,54.192902],[49.560212,54.192995],[49.560273,54.19313],[49.56024,54.193242],[49.560142,54.193195],[49.559995,54.19322],[49.559921,54.193255],[49.559886,54.19313],[49.559733,54.192955],[49.559307,54.192919],[49.559059,54.192939],[49.558833,54.192971],[49.558481,54.192918],[49.558388,54.192837],[49.558378,54.192636]]]}},{"type":"Feature","properties":{"full_id":"w1096886828","osm_id":"1096886828","osm_type":"way","natural":"scrub","grassland":null,"wetland":null,"water":null,"leisure":null,"religion":null,"name":null,"landuse":null,"description":null,"wood:density":null,"leaf_cycle":null,"leaf_type":null,"type":null,"full_id_2":"r2621608","osm_id_2":"2621608","osm_type_2":"relation","boundary":"administrative","source:url":"http://www.dumadgrad.ru/files/o_gorode/genplan/prilozh/1.rar","old_name":"Мелекес","wikipedia":"ru:Городской округ Димитровград","wikidata":"Q4145659","website":null,"type_2":"boundary","population":null,"official_status":"ru:городской округ","name:tt":null,"name:ru":"городской округ Димитровград","name:ja":"ディミトロフグラード管区","name:en":null,"name_2":"городской округ Димитровград","admin_level":"6","addr:region":null,"addr:country":null},"geometry":{"type":"Polygon","coordinates":[[[49.572905,54.276047],[49.572912,54.276092],[49.572806,54.276237],[49.5727,54.276241],[49.571213,54.27756],[49.571149,54.27758],[49.570909,54.277498],[49.570746,54.277452],[49.570555,54.277332],[49.570555,54.277175],[49.570668,54.276882],[49.570753,54.276659],[49.570881,54.27651],[49.571525,54.276208],[49.571935,54.276154],[49.572332,54.276084],[49.57287,54.276014],[49.572905,54.276047]]]}},{"type":"Feature","properties":{"full_id":"w1096886831","osm_id":"1096886831","osm_type":"way","natural":"scrub","grassland":null,"wetland":null,"water":null,"leisure":null,"religion":null,"name":null,"landuse":null,"description":null,"wood:density":null,"leaf_cycle":null,"leaf_type":null,"type":null,"full_id_2":"r2621608","osm_id_2":"2621608","osm_type_2":"relation","boundary":"administrative","source:url":"http://www.dumadgrad.ru/files/o_gorode/genplan/prilozh/1.rar","old_name":"Мелекес","wikipedia":"ru:Городской округ Димитровград","wikidata":"Q4145659","website":null,"type_2":"boundary","population":null,"official_status":"ru:городской округ","name:tt":null,"name:ru":"городской округ Димитровград","name:ja":"ディミトロフグラード管区","name:en":null,"name_2":"городской округ Димитровград","admin_level":"6","addr:region":null,"addr:country":null},"geometry":{"type":"Polygon","coordinates":[[[49.571697,54.277668],[49.571624,54.277584],[49.571702,54.277522],[49.571822,54.277539],[49.572204,54.277312],[49.572678,54.276865],[49.573011,54.276452],[49.573079,54.276447],[49.573183,54.276845],[49.573059,54.277293],[49.572969,54.277618],[49.572717,54.278003],[49.572511,54.278171],[49.572312,54.278136],[49.572097,54.27799],[49.571893,54.277773],[49.571697,54.277668]]]}},{"type":"Feature","properties":{"full_id":"w1096886830","osm_id":"1096886830","osm_type":"way","natural":"scrub","grassland":null,"wetland":null,"water":null,"leisure":null,"religion":null,"name":null,"landuse":null,"description":null,"wood:density":null,"leaf_cycle":null,"leaf_type":null,"type":null,"full_id_2":"r2621608","osm_id_2":"2621608","osm_type_2":"relation","boundary":"administrative","source:url":"http://www.dumadgrad.ru/files/o_gorode/genplan/prilozh/1.rar","old_name":"Мелекес","wikipedia":"ru:Городской округ Димитровград","wikidata":"Q4145659","website":null,"type_2":"boundary","population":null,"official_status":"ru:городской округ","name:tt":null,"name:ru":"городской округ Димитровград","name:ja":"ディミトロフグラード管区","name:en":null,"name_2":"городской округ Димитровград","admin_level":"6","addr:region":null,"addr:country":null},"geometry":{"type":"Polygon","coordinates":[[[49.56984,54.278688],[49.569578,54.278531],[49.570258,54.278184],[49.570314,54.277853],[49.570463,54.277456],[49.570654,54.277481],[49.57064,54.277539],[49.570541,54.277655],[49.570619,54.277746],[49.570654,54.27789],[49.570725,54.277932],[49.570824,54.27787],[49.570873,54.27775],[49.571213,54.27756],[49.571149,54.27763],[49.570965,54.277816],[49.570718,54.277985],[49.570711,54.278056],[49.570824,54.278089],[49.570675,54.278192],[49.57059,54.278208],[49.570498,54.278192],[49.570413,54.278237],[49.570364,54.278324],[49.570286,54.278419],[49.570137,54.278547],[49.570088,54.278638],[49.570067,54.278713],[49.569946,54.278725],[49.56984,54.278688]]]}},{"type":"Feature","properties":{"full_id":"w1090887816","osm_id":"1090887816","osm_type":"way","natural":"scrub","grassland":null,"wetland":null,"water":null,"leisure":null,"religion":null,"name":null,"landuse":null,"description":null,"wood:density":null,"leaf_cycle":null,"leaf_type":null,"type":null,"full_id_2":"r2621608","osm_id_2":"2621608","osm_type_2":"relation","boundary":"administrative","source:url":"http://www.dumadgrad.ru/files/o_gorode/genplan/prilozh/1.rar","old_name":"Мелекес","wikipedia":"ru:Городской округ Димитровград","wikidata":"Q4145659","website":null,"type_2":"boundary","population":null,"official_status":"ru:городской округ","name:tt":null,"name:ru":"городской округ Димитровград","name:ja":"ディミトロフグラード管区","name:en":null,"name_2":"городской округ Димитровград","admin_level":"6","addr:region":null,"addr:country":null},"geometry":{"type":"Polygon","coordinates":[[[49.561083,54.254477],[49.560646,54.253991],[49.563713,54.251953],[49.563857,54.252145],[49.563635,54.252333],[49.563887,54.252426],[49.56435,54.252059],[49.56498,54.252034],[49.565707,54.252433],[49.566013,54.253352],[49.567191,54.254758],[49.5661,54.255217],[49.564965,54.255447],[49.563526,54.255524],[49.562959,54.255268],[49.561781,54.25486],[49.561083,54.254477]]]}},{"type":"Feature","properties":{"full_id":"w1090439130","osm_id":"1090439130","osm_type":"way","natural":"scrub","grassland":null,"wetland":null,"water":null,"leisure":null,"religion":null,"name":null,"landuse":null,"description":null,"wood:density":null,"leaf_cycle":null,"leaf_type":null,"type":null,"full_id_2":"r2621608","osm_id_2":"2621608","osm_type_2":"relation","boundary":"administrative","source:url":"http://www.dumadgrad.ru/files/o_gorode/genplan/prilozh/1.rar","old_name":"Мелекес","wikipedia":"ru:Городской округ Димитровград","wikidata":"Q4145659","website":null,"type_2":"boundary","population":null,"official_status":"ru:городской округ","name:tt":null,"name:ru":"городской округ Димитровград","name:ja":"ディミトロフグラード管区","name:en":null,"name_2":"городской округ Димитровград","admin_level":"6","addr:region":null,"addr:country":null},"geometry":{"type":"Polygon","coordinates":[[[49.532098,54.180912],[49.531985,54.18096],[49.531684,54.180864],[49.531472,54.180803],[49.531066,54.180717],[49.530732,54.180622],[49.53044,54.180608],[49.530432,54.180536],[49.530667,54.180479],[49.530952,54.180493],[49.531269,54.180598],[49.53157,54.180674],[49.531968,54.180807],[49.532098,54.180912]]]}},{"type":"Feature","properties":{"full_id":"w1090438208","osm_id":"1090438208","osm_type":"way","natural":"scrub","grassland":null,"wetland":null,"water":null,"leisure":null,"religion":null,"name":null,"landuse":null,"description":null,"wood:density":null,"leaf_cycle":null,"leaf_type":null,"type":null,"full_id_2":"r2621608","osm_id_2":"2621608","osm_type_2":"relation","boundary":"administrative","source:url":"http://www.dumadgrad.ru/files/o_gorode/genplan/prilozh/1.rar","old_name":"Мелекес","wikipedia":"ru:Городской округ Димитровград","wikidata":"Q4145659","website":null,"type_2":"boundary","population":null,"official_status":"ru:городской округ","name:tt":null,"name:ru":"городской округ Димитровград","name:ja":"ディミトロフグラード管区","name:en":null,"name_2":"городской округ Димитровград","admin_level":"6","addr:region":null,"addr:country":null},"geometry":{"type":"Polygon","coordinates":[[[49.525985,54.175442],[49.525883,54.175379],[49.525813,54.175351],[49.525776,54.175304],[49.525883,54.175244],[49.525995,54.175204],[49.526038,54.17526],[49.52614,54.175383],[49.526269,54.175379],[49.526392,54.175345],[49.526425,54.175395],[49.52636,54.175458],[49.526382,54.175524],[49.526414,54.17558],[49.526328,54.175643],[49.526237,54.175668],[49.526146,54.175615],[49.526135,54.175499],[49.526017,54.175527],[49.525969,54.175486],[49.525985,54.175442]]]}},{"type":"Feature","properties":{"full_id":"w1088977403","osm_id":"1088977403","osm_type":"way","natural":"scrub","grassland":null,"wetland":null,"water":null,"leisure":null,"religion":null,"name":null,"landuse":null,"description":null,"wood:density":null,"leaf_cycle":null,"leaf_type":null,"type":null,"full_id_2":"r2621608","osm_id_2":"2621608","osm_type_2":"relation","boundary":"administrative","source:url":"http://www.dumadgrad.ru/files/o_gorode/genplan/prilozh/1.rar","old_name":"Мелекес","wikipedia":"ru:Городской округ Димитровград","wikidata":"Q4145659","website":null,"type_2":"boundary","population":null,"official_status":"ru:городской округ","name:tt":null,"name:ru":"городской округ Димитровград","name:ja":"ディミトロフグラード管区","name:en":null,"name_2":"городской округ Димитровград","admin_level":"6","addr:region":null,"addr:country":null},"geometry":{"type":"Polygon","coordinates":[[[49.619682,54.216299],[49.619724,54.216359],[49.619513,54.2165],[49.619374,54.216548],[49.619316,54.216568],[49.61946,54.21676],[49.6196,54.216841],[49.619677,54.216829],[49.619785,54.216812],[49.620187,54.216991],[49.620177,54.217099],[49.620332,54.217342],[49.62038,54.217559],[49.620415,54.217669],[49.620512,54.217827],[49.620539,54.218002],[49.620618,54.218156],[49.620749,54.218161],[49.620821,54.218224],[49.620861,54.218317],[49.620767,54.218451],[49.620793,54.218538],[49.620725,54.218627],[49.620702,54.2189],[49.620702,54.219031],[49.620718,54.219106],[49.620692,54.21924],[49.620704,54.219327],[49.620707,54.219386],[49.620702,54.219439],[49.620662,54.219502],[49.62056,54.219502],[49.620403,54.219471],[49.62038,54.219416],[49.620331,54.219372],[49.620385,54.219237],[49.620478,54.219065],[49.620494,54.218859],[49.620156,54.218703],[49.62002,54.218625],[49.619978,54.218573],[49.620006,54.218485],[49.620011,54.218309],[49.619936,54.218163],[49.619941,54.218133],[49.61999,54.218],[49.619999,54.217931],[49.620068,54.217808],[49.620054,54.217614],[49.619994,54.217377],[49.619969,54.217277],[49.619789,54.217116],[49.619408,54.216898],[49.619117,54.216706],[49.619037,54.216566],[49.619134,54.216389],[49.619247,54.216201],[49.619272,54.216171],[49.619345,54.216236],[49.619549,54.216236],[49.619628,54.216251],[49.619682,54.216299]]]}},{"type":"Feature","properties":{"full_id":"w653708007","osm_id":"653708007","osm_type":"way","natural":"scrub","grassland":null,"wetland":null,"water":null,"leisure":null,"religion":null,"name":null,"landuse":null,"description":null,"wood:density":null,"leaf_cycle":null,"leaf_type":null,"type":null,"full_id_2":"r2621608","osm_id_2":"2621608","osm_type_2":"relation","boundary":"administrative","source:url":"http://www.dumadgrad.ru/files/o_gorode/genplan/prilozh/1.rar","old_name":"Мелекес","wikipedia":"ru:Городской округ Димитровград","wikidata":"Q4145659","website":null,"type_2":"boundary","population":null,"official_status":"ru:городской округ","name:tt":null,"name:ru":"городской округ Димитровград","name:ja":"ディミトロフグラード管区","name:en":null,"name_2":"городской округ Димитровград","admin_level":"6","addr:region":null,"addr:country":null},"geometry":{"type":"Polygon","coordinates":[[[49.628822,54.206671],[49.62864,54.206634],[49.628846,54.206503],[49.628873,54.206354],[49.629214,54.205787],[49.62938,54.205547],[49.629455,54.20555],[49.629302,54.205801],[49.628946,54.206626],[49.628822,54.206671]]]}},{"type":"Feature","properties":{"full_id":"w494163799","osm_id":"494163799","osm_type":"way","natural":"scrub","grassland":null,"wetland":null,"water":null,"leisure":null,"religion":null,"name":null,"landuse":null,"description":null,"wood:density":null,"leaf_cycle":"mixed","leaf_type":"mixed","type":null,"full_id_2":"r2621608","osm_id_2":"2621608","osm_type_2":"relation","boundary":"administrative","source:url":"http://www.dumadgrad.ru/files/o_gorode/genplan/prilozh/1.rar","old_name":"Мелекес","wikipedia":"ru:Городской округ Димитровград","wikidata":"Q4145659","website":null,"type_2":"boundary","population":null,"official_status":"ru:городской округ","name:tt":null,"name:ru":"городской округ Димитровград","name:ja":"ディミトロフグラード管区","name:en":null,"name_2":"городской округ Димитровград","admin_level":"6","addr:region":null,"addr:country":null},"geometry":{"type":"Polygon","coordinates":[[[49.624603,54.221516],[49.6249,54.221113],[49.625171,54.221182],[49.624116,54.222662],[49.623836,54.222597],[49.624511,54.221667],[49.624636,54.221648],[49.624679,54.22159],[49.624603,54.221516]]]}},{"type":"Feature","properties":{"full_id":"w451872247","osm_id":"451872247","osm_type":"way","natural":"scrub","grassland":null,"wetland":null,"water":null,"leisure":null,"religion":null,"name":null,"landuse":null,"description":null,"wood:density":null,"leaf_cycle":null,"leaf_type":null,"type":null,"full_id_2":"r2621608","osm_id_2":"2621608","osm_type_2":"relation","boundary":"administrative","source:url":"http://www.dumadgrad.ru/files/o_gorode/genplan/prilozh/1.rar","old_name":"Мелекес","wikipedia":"ru:Городской округ Димитровград","wikidata":"Q4145659","website":null,"type_2":"boundary","population":null,"official_status":"ru:городской округ","name:tt":null,"name:ru":"городской округ Димитровград","name:ja":"ディミトロフグラード管区","name:en":null,"name_2":"городской округ Димитровград","admin_level":"6","addr:region":null,"addr:country":null},"geometry":{"type":"Polygon","coordinates":[[[49.611139,54.2178],[49.609706,54.21776],[49.609826,54.217061],[49.61125,54.216973],[49.611139,54.2178]]]}},{"type":"Feature","properties":{"full_id":"w653708004","osm_id":"653708004","osm_type":"way","natural":"scrub","grassland":null,"wetland":null,"water":null,"leisure":null,"religion":null,"name":null,"landuse":null,"description":null,"wood:density":null,"leaf_cycle":null,"leaf_type":null,"type":null,"full_id_2":"r2621608","osm_id_2":"2621608","osm_type_2":"relation","boundary":"administrative","source:url":"http://www.dumadgrad.ru/files/o_gorode/genplan/prilozh/1.rar","old_name":"Мелекес","wikipedia":"ru:Городской округ Димитровград","wikidata":"Q4145659","website":null,"type_2":"boundary","population":null,"official_status":"ru:городской округ","name:tt":null,"name:ru":"городской округ Димитровград","name:ja":"ディミトロフグラード管区","name:en":null,"name_2":"городской округ Димитровград","admin_level":"6","addr:region":null,"addr:country":null},"geometry":{"type":"Polygon","coordinates":[[[49.629208,54.205215],[49.629144,54.205205],[49.62934,54.204924],[49.629391,54.204926],[49.629393,54.204959],[49.629241,54.2052],[49.629208,54.205215]]]}},{"type":"Feature","properties":{"full_id":"w653708003","osm_id":"653708003","osm_type":"way","natural":"scrub","grassland":null,"wetland":null,"water":null,"leisure":null,"religion":null,"name":null,"landuse":null,"description":null,"wood:density":null,"leaf_cycle":null,"leaf_type":null,"type":null,"full_id_2":"r2621608","osm_id_2":"2621608","osm_type_2":"relation","boundary":"administrative","source:url":"http://www.dumadgrad.ru/files/o_gorode/genplan/prilozh/1.rar","old_name":"Мелекес","wikipedia":"ru:Городской округ Димитровград","wikidata":"Q4145659","website":null,"type_2":"boundary","population":null,"official_status":"ru:городской округ","name:tt":null,"name:ru":"городской округ Димитровград","name:ja":"ディミトロフグラード管区","name:en":null,"name_2":"городской округ Димитровград","admin_level":"6","addr:region":null,"addr:country":null},"geometry":{"type":"Polygon","coordinates":[[[49.628103,54.206647],[49.628009,54.206623],[49.628334,54.206175],[49.628453,54.206105],[49.628626,54.206002],[49.628661,54.206016],[49.628329,54.206532],[49.628178,54.206564],[49.628103,54.206647]]]}},{"type":"Feature","properties":{"full_id":"w106995960","osm_id":"106995960","osm_type":"way","natural":"scrub","grassland":null,"wetland":null,"water":null,"leisure":null,"religion":null,"name":null,"landuse":null,"description":null,"wood:density":null,"leaf_cycle":null,"leaf_type":null,"type":null,"full_id_2":"r2621608","osm_id_2":"2621608","osm_type_2":"relation","boundary":"administrative","source:url":"http://www.dumadgrad.ru/files/o_gorode/genplan/prilozh/1.rar","old_name":"Мелекес","wikipedia":"ru:Городской округ Димитровград","wikidata":"Q4145659","website":null,"type_2":"boundary","population":null,"official_status":"ru:городской округ","name:tt":null,"name:ru":"городской округ Димитровград","name:ja":"ディミトロフグラード管区","name:en":null,"name_2":"городской округ Димитровград","admin_level":"6","addr:region":null,"addr:country":null},"geometry":{"type":"Polygon","coordinates":[[[49.629257,54.187734],[49.629357,54.187706],[49.62945,54.187707],[49.629536,54.187743],[49.629607,54.187789],[49.62963,54.187813],[49.62964,54.187834],[49.629616,54.18787],[49.629575,54.187926],[49.629541,54.187964],[49.629513,54.188005],[49.62948,54.18805],[49.629422,54.18813],[49.629371,54.188206],[49.629304,54.188282],[49.629247,54.188325],[49.629186,54.188334],[49.629066,54.188311],[49.628929,54.188279],[49.628856,54.188252],[49.628805,54.18821],[49.628818,54.188153],[49.628847,54.18808],[49.62891,54.187995],[49.628988,54.187917],[49.62905,54.187867],[49.629161,54.187793],[49.629257,54.187734]]]}},{"type":"Feature","properties":{"full_id":"w106995959","osm_id":"106995959","osm_type":"way","natural":"scrub","grassland":null,"wetland":null,"water":null,"leisure":null,"religion":null,"name":null,"landuse":null,"description":null,"wood:density":null,"leaf_cycle":null,"leaf_type":null,"type":null,"full_id_2":"r2621608","osm_id_2":"2621608","osm_type_2":"relation","boundary":"administrative","source:url":"http://www.dumadgrad.ru/files/o_gorode/genplan/prilozh/1.rar","old_name":"Мелекес","wikipedia":"ru:Городской округ Димитровград","wikidata":"Q4145659","website":null,"type_2":"boundary","population":null,"official_status":"ru:городской округ","name:tt":null,"name:ru":"городской округ Димитровград","name:ja":"ディミトロフグラード管区","name:en":null,"name_2":"городской округ Димитровград","admin_level":"6","addr:region":null,"addr:country":null},"geometry":{"type":"Polygon","coordinates":[[[49.627615,54.191005],[49.627706,54.190845],[49.627728,54.190767],[49.627771,54.190648],[49.627814,54.190475],[49.627862,54.190362],[49.62791,54.190252],[49.627953,54.190205],[49.628023,54.190186],[49.628146,54.190199],[49.628254,54.190227],[49.62835,54.190268],[49.628452,54.190309],[49.628575,54.190356],[49.628645,54.190384],[49.628677,54.190431],[49.628688,54.190538],[49.628667,54.190657],[49.628597,54.190805],[49.62849,54.19099],[49.628372,54.191162],[49.628243,54.191335],[49.628173,54.191423],[49.628098,54.19153],[49.628066,54.191599],[49.628018,54.191724],[49.62798,54.191843],[49.627932,54.191947],[49.627905,54.192],[49.62784,54.192032],[49.627755,54.192035],[49.627653,54.192007],[49.627556,54.19196],[49.627492,54.191922],[49.627411,54.19184],[49.627363,54.191756],[49.627331,54.191705],[49.627304,54.191627],[49.627315,54.191533],[49.627352,54.191451],[49.627428,54.191288],[49.627551,54.191109],[49.627615,54.191005]]]}},{"type":"Feature","properties":{"full_id":"w244921644","osm_id":"244921644","osm_type":"way","natural":"scrub","grassland":null,"wetland":null,"water":null,"leisure":null,"religion":null,"name":null,"landuse":null,"description":null,"wood:density":null,"leaf_cycle":null,"leaf_type":null,"type":null,"full_id_2":"r2621608","osm_id_2":"2621608","osm_type_2":"relation","boundary":"administrative","source:url":"http://www.dumadgrad.ru/files/o_gorode/genplan/prilozh/1.rar","old_name":"Мелекес","wikipedia":"ru:Городской округ Димитровград","wikidata":"Q4145659","website":null,"type_2":"boundary","population":null,"official_status":"ru:городской округ","name:tt":null,"name:ru":"городской округ Димитровград","name:ja":"ディミトロフグラード管区","name:en":null,"name_2":"городской округ Димитровград","admin_level":"6","addr:region":null,"addr:country":null},"geometry":{"type":"Polygon","coordinates":[[[49.596108,54.240448],[49.596067,54.240874],[49.594891,54.240606],[49.595137,54.240122],[49.595373,54.239656],[49.595115,54.238975],[49.595589,54.238798],[49.596341,54.238051],[49.596235,54.23794],[49.596019,54.237536],[49.596316,54.236891],[49.596531,54.236751],[49.596399,54.236554],[49.596192,54.236446],[49.596273,54.236175],[49.596635,54.235799],[49.596537,54.235467],[49.596757,54.234754],[49.597208,54.234909],[49.597396,54.235346],[49.597188,54.235493],[49.597122,54.235909],[49.59698,54.236212],[49.596904,54.236418],[49.597142,54.236694],[49.597104,54.236837],[49.596724,54.237018],[49.596511,54.237132],[49.596468,54.237252],[49.596525,54.237436],[49.59665,54.237654],[49.596826,54.237774],[49.597128,54.237847],[49.596927,54.238],[49.596957,54.238179],[49.597088,54.238288],[49.597398,54.238491],[49.597716,54.238499],[49.598124,54.238635],[49.598171,54.238466],[49.598031,54.238215],[49.598163,54.237878],[49.598186,54.23786],[49.598424,54.237685],[49.598286,54.237357],[49.598229,54.237221],[49.598175,54.237089],[49.598355,54.236775],[49.598585,54.236618],[49.598602,54.238311],[49.598396,54.238867],[49.598289,54.239105],[49.598513,54.239354],[49.598709,54.239763],[49.598534,54.23992],[49.598199,54.240223],[49.598039,54.240098],[49.596108,54.240448]]]}},{"type":"Feature","properties":{"full_id":"w159619266","osm_id":"159619266","osm_type":"way","natural":"scrub","grassland":null,"wetland":null,"water":null,"leisure":null,"religion":null,"name":null,"landuse":null,"description":null,"wood:density":null,"leaf_cycle":null,"leaf_type":null,"type":null,"full_id_2":"r2621608","osm_id_2":"2621608","osm_type_2":"relation","boundary":"administrative","source:url":"http://www.dumadgrad.ru/files/o_gorode/genplan/prilozh/1.rar","old_name":"Мелекес","wikipedia":"ru:Городской округ Димитровград","wikidata":"Q4145659","website":null,"type_2":"boundary","population":null,"official_status":"ru:городской округ","name:tt":null,"name:ru":"городской округ Димитровград","name:ja":"ディミトロフグラード管区","name:en":null,"name_2":"городской округ Димитровград","admin_level":"6","addr:region":null,"addr:country":null},"geometry":{"type":"Polygon","coordinates":[[[49.642842,54.187513],[49.64276,54.187345],[49.642904,54.187384],[49.643012,54.187435],[49.643114,54.187501],[49.643279,54.187552],[49.643345,54.187573],[49.643479,54.18754],[49.643561,54.187579],[49.643766,54.187624],[49.643982,54.187633],[49.644218,54.187633],[49.64429,54.1876],[49.644449,54.187531],[49.644459,54.187603],[49.644474,54.18772],[49.644418,54.18778],[49.644372,54.187897],[49.644326,54.188008],[49.644202,54.188072],[49.644033,54.188141],[49.644018,54.18809],[49.644197,54.187951],[49.644243,54.187861],[49.644295,54.187792],[49.644084,54.187882],[49.643966,54.187978],[49.643746,54.188102],[49.643607,54.188111],[49.643494,54.188096],[49.643345,54.18799],[49.64332,54.187927],[49.643202,54.187915],[49.64315,54.187819],[49.643022,54.187711],[49.642971,54.187585],[49.642842,54.187513]]]}},{"type":"Feature","properties":{"full_id":"w106995958","osm_id":"106995958","osm_type":"way","natural":"scrub","grassland":null,"wetland":null,"water":null,"leisure":null,"religion":null,"name":null,"landuse":null,"description":null,"wood:density":null,"leaf_cycle":null,"leaf_type":null,"type":null,"full_id_2":"r2621608","osm_id_2":"2621608","osm_type_2":"relation","boundary":"administrative","source:url":"http://www.dumadgrad.ru/files/o_gorode/genplan/prilozh/1.rar","old_name":"Мелекес","wikipedia":"ru:Городской округ Димитровград","wikidata":"Q4145659","website":null,"type_2":"boundary","population":null,"official_status":"ru:городской округ","name:tt":null,"name:ru":"городской округ Димитровград","name:ja":"ディミトロフグラード管区","name:en":null,"name_2":"городской округ Димитровград","admin_level":"6","addr:region":null,"addr:country":null},"geometry":{"type":"Polygon","coordinates":[[[49.62826,54.189138],[49.628282,54.189134],[49.628314,54.189138],[49.628371,54.189156],[49.628419,54.189175],[49.62848,54.189193],[49.628533,54.189209],[49.628579,54.189226],[49.628645,54.189254],[49.628711,54.189277],[49.62875,54.189288],[49.628798,54.189303],[49.628848,54.189317],[49.628892,54.189329],[49.628932,54.189347],[49.628978,54.189359],[49.629016,54.189369],[49.629038,54.189376],[49.629068,54.189383],[49.629094,54.189391],[49.629124,54.189396],[49.629151,54.1894],[49.629177,54.189405],[49.629196,54.189411],[49.629204,54.189414],[49.629219,54.189421],[49.629226,54.189426],[49.629239,54.189431],[49.629254,54.189439],[49.629266,54.189442],[49.629301,54.189446],[49.629329,54.189448],[49.629357,54.189452],[49.629375,54.189454],[49.629413,54.18946],[49.629433,54.189465],[49.62948,54.189477],[49.629536,54.189491],[49.629586,54.189506],[49.629618,54.189526],[49.629632,54.18955],[49.62964,54.189609],[49.629648,54.189668],[49.629651,54.189727],[49.629641,54.189781],[49.629617,54.189829],[49.62957,54.189882],[49.629531,54.189942],[49.629494,54.18999],[49.629477,54.19003],[49.62946,54.190065],[49.629432,54.190088],[49.629395,54.190104],[49.629344,54.190116],[49.629284,54.190138],[49.629248,54.190151],[49.629179,54.19017],[49.629102,54.1902],[49.628989,54.19026],[49.628914,54.190287],[49.628859,54.190296],[49.628795,54.190294],[49.628712,54.190269],[49.628605,54.190227],[49.628525,54.190193],[49.628434,54.190163],[49.628342,54.190128],[49.628214,54.190092],[49.628154,54.19007],[49.628112,54.190028],[49.628114,54.189975],[49.628141,54.189923],[49.628175,54.189854],[49.628209,54.189747],[49.628247,54.189663],[49.628268,54.189583],[49.628258,54.189502],[49.628232,54.189433],[49.62819,54.18935],[49.628187,54.18931],[49.628188,54.189271],[49.628198,54.189228],[49.628216,54.189197],[49.628237,54.189153],[49.62826,54.189138]]]}},{"type":"Feature","properties":{"full_id":"w51328448","osm_id":"51328448","osm_type":"way","natural":"scrub","grassland":null,"wetland":null,"water":null,"leisure":null,"religion":null,"name":null,"landuse":null,"description":null,"wood:density":null,"leaf_cycle":null,"leaf_type":null,"type":null,"full_id_2":"r2621608","osm_id_2":"2621608","osm_type_2":"relation","boundary":"administrative","source:url":"http://www.dumadgrad.ru/files/o_gorode/genplan/prilozh/1.rar","old_name":"Мелекес","wikipedia":"ru:Городской округ Димитровград","wikidata":"Q4145659","website":null,"type_2":"boundary","population":null,"official_status":"ru:городской округ","name:tt":null,"name:ru":"городской округ Димитровград","name:ja":"ディミトロフグラード管区","name:en":null,"name_2":"городской округ Димитровград","admin_level":"6","addr:region":null,"addr:country":null},"geometry":{"type":"Polygon","coordinates":[[[49.551931,54.187308],[49.551966,54.187299],[49.552039,54.187303],[49.55209,54.187314],[49.552151,54.187344],[49.552189,54.187372],[49.55224,54.187423],[49.552283,54.187451],[49.552347,54.18749],[49.552425,54.187557],[49.552454,54.187592],[49.552475,54.187612],[49.552511,54.187658],[49.55257,54.187696],[49.552605,54.187721],[49.552626,54.187732],[49.552637,54.187752],[49.552631,54.187768],[49.552613,54.187785],[49.552543,54.187845],[49.552489,54.187884],[49.552417,54.187928],[49.552363,54.187953],[49.55232,54.187962],[49.552272,54.187959],[49.552213,54.187944],[49.552138,54.187933],[49.552076,54.187929],[49.552012,54.187934],[49.551937,54.187948],[49.551864,54.187973],[49.5518,54.187994],[49.551738,54.188019],[49.551668,54.188065],[49.551609,54.188105],[49.551553,54.188141],[49.551497,54.188166],[49.551422,54.188214],[49.551339,54.188287],[49.551274,54.188342],[49.551212,54.188414],[49.551178,54.188477],[49.551162,54.18854],[49.55117,54.188604],[49.551191,54.188662],[49.551223,54.188714],[49.55125,54.188752],[49.551301,54.188808],[49.551381,54.188865],[49.551457,54.18891],[49.55154,54.188961],[49.551575,54.188987],[49.551644,54.189028],[49.551709,54.189066],[49.55173,54.189083],[49.551754,54.189099],[49.551765,54.189114],[49.551762,54.189133],[49.551749,54.189143],[49.551725,54.189144],[49.551679,54.189136],[49.551642,54.189121],[49.551596,54.189103],[49.551564,54.189091],[49.551532,54.189067],[49.551513,54.189045],[49.551475,54.18903],[49.551435,54.189036],[49.551387,54.189048],[49.551347,54.189064],[49.551271,54.189092],[49.55122,54.189103],[49.551151,54.189105],[49.551065,54.189099],[49.550987,54.189083],[49.550893,54.189052],[49.550813,54.188998],[49.550743,54.188957],[49.550695,54.188934],[49.550636,54.188903],[49.550577,54.188871],[49.550545,54.188838],[49.550528,54.188813],[49.550528,54.188777],[49.550555,54.188702],[49.550612,54.188618],[49.550673,54.188532],[49.55073,54.188447],[49.550775,54.188389],[49.550818,54.188361],[49.550901,54.188327],[49.550971,54.1883],[49.551057,54.188281],[49.551105,54.188265],[49.551148,54.188232],[49.551188,54.188192],[49.551234,54.188132],[49.551301,54.188057],[49.551365,54.187986],[49.551457,54.187912],[49.551569,54.187829],[49.551639,54.187779],[49.551701,54.187716],[49.551744,54.187655],[49.551784,54.187564],[49.551845,54.187433],[49.551867,54.187379],[49.551897,54.18733],[49.551931,54.187308]]]}},{"type":"Feature","properties":{"full_id":"r16850006","osm_id":"16850006","osm_type":"relation","natural":"scrub","grassland":null,"wetland":null,"water":null,"leisure":null,"religion":null,"name":null,"landuse":null,"description":null,"wood:density":null,"leaf_cycle":null,"leaf_type":null,"type":"multipolygon","full_id_2":"r2621608","osm_id_2":"2621608","osm_type_2":"relation","boundary":"administrative","source:url":"http://www.dumadgrad.ru/files/o_gorode/genplan/prilozh/1.rar","old_name":"Мелекес","wikipedia":"ru:Городской округ Димитровград","wikidata":"Q4145659","website":null,"type_2":"boundary","population":null,"official_status":"ru:городской округ","name:tt":null,"name:ru":"городской округ Димитровград","name:ja":"ディミトロフグラード管区","name:en":null,"name_2":"городской округ Димитровград","admin_level":"6","addr:region":null,"addr:country":null},"geometry":{"type":"Polygon","coordinates":[[[49.531575,54.2284],[49.531839,54.227949],[49.535024,54.229572],[49.534472,54.229887],[49.533635,54.230138],[49.53312,54.230112],[49.532541,54.229749],[49.531865,54.228977],[49.531575,54.2284]]]}},{"type":"Feature","properties":{"full_id":"r15772314","osm_id":"15772314","osm_type":"relation","natural":"scrub","grassland":null,"wetland":null,"water":null,"leisure":null,"religion":null,"name":null,"landuse":null,"description":null,"wood:density":null,"leaf_cycle":null,"leaf_type":null,"type":"multipolygon","full_id_2":"r2621608","osm_id_2":"2621608","osm_type_2":"relation","boundary":"administrative","source:url":"http://www.dumadgrad.ru/files/o_gorode/genplan/prilozh/1.rar","old_name":"Мелекес","wikipedia":"ru:Городской округ Димитровград","wikidata":"Q4145659","website":null,"type_2":"boundary","population":null,"official_status":"ru:городской округ","name:tt":null,"name:ru":"городской округ Димитровград","name:ja":"ディミトロフグラード管区","name:en":null,"name_2":"городской округ Димитровград","admin_level":"6","addr:region":null,"addr:country":null},"geometry":{"type":"Polygon","coordinates":[[[49.605406,54.227669],[49.606224,54.227342],[49.606392,54.227415],[49.606486,54.227403],[49.606555,54.227395],[49.606674,54.22738],[49.607058,54.227245],[49.607183,54.227236],[49.607417,54.22722],[49.607479,54.227162],[49.607488,54.226975],[49.607612,54.226923],[49.607944,54.227048],[49.607746,54.22717],[49.607272,54.227397],[49.607019,54.227469],[49.60674,54.22791],[49.606622,54.227991],[49.606385,54.228185],[49.60627,54.228235],[49.606122,54.228239],[49.605911,54.228207],[49.605256,54.228069],[49.605174,54.228049],[49.605008,54.228112],[49.604082,54.228733],[49.603327,54.229168],[49.603194,54.229272],[49.603044,54.22941],[49.603131,54.229566],[49.603149,54.22972],[49.603087,54.229823],[49.602897,54.229917],[49.602595,54.230023],[49.602367,54.230134],[49.602126,54.230188],[49.601954,54.230246],[49.601917,54.230426],[49.601776,54.230548],[49.601528,54.230681],[49.601461,54.230768],[49.601307,54.23088],[49.601091,54.230973],[49.601079,54.231049],[49.601079,54.231143],[49.601014,54.231185],[49.600419,54.231052],[49.600244,54.230924],[49.600307,54.230836],[49.600519,54.230754],[49.600688,54.230729],[49.600799,54.230738],[49.600913,54.230759],[49.601049,54.230741],[49.601173,54.23069],[49.601289,54.230586],[49.601406,54.230498],[49.601653,54.230273],[49.601628,54.230179],[49.601499,54.229904],[49.601428,54.229794],[49.60162,54.229507],[49.601915,54.229312],[49.602125,54.229159],[49.602247,54.228982],[49.602651,54.22883],[49.60327,54.228706],[49.603557,54.228652],[49.603766,54.228648],[49.603986,54.22855],[49.604162,54.228441],[49.604277,54.228276],[49.604419,54.228038],[49.604664,54.227965],[49.604887,54.227948],[49.605207,54.227883],[49.605287,54.227782],[49.605406,54.227669]]]}},{"type":"Feature","properties":{"full_id":"r15413067","osm_id":"15413067","osm_type":"relation","natural":"scrub","grassland":null,"wetland":null,"water":null,"leisure":null,"religion":null,"name":null,"landuse":null,"description":null,"wood:density":null,"leaf_cycle":null,"leaf_type":null,"type":"multipolygon","full_id_2":"r2621608","osm_id_2":"2621608","osm_type_2":"relation","boundary":"administrative","source:url":"http://www.dumadgrad.ru/files/o_gorode/genplan/prilozh/1.rar","old_name":"Мелекес","wikipedia":"ru:Городской округ Димитровград","wikidata":"Q4145659","website":null,"type_2":"boundary","population":null,"official_status":"ru:городской округ","name:tt":null,"name:ru":"городской округ Димитровград","name:ja":"ディミトロフグラード管区","name:en":null,"name_2":"городской округ Димитровград","admin_level":"6","addr:region":null,"addr:country":null},"geometry":{"type":"Polygon","coordinates":[[[49.628527,54.188586],[49.628575,54.188457],[49.628618,54.18841],[49.628667,54.188378],[49.628752,54.188366],[49.628887,54.188385],[49.629053,54.188425],[49.62916,54.188457],[49.629224,54.188491],[49.629246,54.188523],[49.629235,54.188582],[49.629208,54.188717],[49.629176,54.188871],[49.629149,54.189003],[49.629133,54.189091],[49.629101,54.189166],[49.629053,54.189204],[49.628988,54.189207],[49.628881,54.189191],[49.62872,54.189144],[49.628624,54.189119],[49.628495,54.189069],[49.628436,54.189022],[49.628425,54.18895],[49.628484,54.188749],[49.628527,54.188586]]]}},{"type":"Feature","properties":{"full_id":"r15902863","osm_id":"15902863","osm_type":"relation","natural":"scrub","grassland":null,"wetland":null,"water":null,"leisure":null,"religion":null,"name":null,"landuse":null,"description":null,"wood:density":null,"leaf_cycle":null,"leaf_type":null,"type":"multipolygon","full_id_2":"r2621608","osm_id_2":"2621608","osm_type_2":"relation","boundary":"administrative","source:url":"http://www.dumadgrad.ru/files/o_gorode/genplan/prilozh/1.rar","old_name":"Мелекес","wikipedia":"ru:Городской округ Димитровград","wikidata":"Q4145659","website":null,"type_2":"boundary","population":null,"official_status":"ru:городской округ","name:tt":null,"name:ru":"городской округ Димитровград","name:ja":"ディミトロフグラード管区","name:en":null,"name_2":"городской округ Димитровград","admin_level":"6","addr:region":null,"addr:country":null},"geometry":{"type":"Polygon","coordinates":[[[49.570918,54.248667],[49.570958,54.248994],[49.566603,54.24919],[49.567076,54.248864],[49.570918,54.248667]]]}},{"type":"Feature","properties":{"full_id":"r15410743","osm_id":"15410743","osm_type":"relation","natural":"scrub","grassland":null,"wetland":null,"water":null,"leisure":null,"religion":null,"name":null,"landuse":null,"description":null,"wood:density":null,"leaf_cycle":null,"leaf_type":null,"type":"multipolygon","full_id_2":"r2621608","osm_id_2":"2621608","osm_type_2":"relation","boundary":"administrative","source:url":"http://www.dumadgrad.ru/files/o_gorode/genplan/prilozh/1.rar","old_name":"Мелекес","wikipedia":"ru:Городской округ Димитровград","wikidata":"Q4145659","website":null,"type_2":"boundary","population":null,"official_status":"ru:городской округ","name:tt":null,"name:ru":"городской округ Димитровград","name:ja":"ディミトロフグラード管区","name:en":null,"name_2":"городской округ Димитровград","admin_level":"6","addr:region":null,"addr:country":null},"geometry":{"type":"Polygon","coordinates":[[[49.536943,54.183996],[49.536713,54.183709],[49.537066,54.183642],[49.53725,54.18389],[49.537703,54.184189],[49.538163,54.184329],[49.538397,54.184373],[49.538195,54.184453],[49.537805,54.184453],[49.537284,54.184301],[49.536943,54.183996]]]}},{"type":"Feature","properties":{"full_id":"r14924821","osm_id":"14924821","osm_type":"relation","natural":"scrub","grassland":null,"wetland":null,"water":null,"leisure":null,"religion":null,"name":null,"landuse":null,"description":null,"wood:density":null,"leaf_cycle":null,"leaf_type":null,"type":"multipolygon","full_id_2":"r2621608","osm_id_2":"2621608","osm_type_2":"relation","boundary":"administrative","source:url":"http://www.dumadgrad.ru/files/o_gorode/genplan/prilozh/1.rar","old_name":"Мелекес","wikipedia":"ru:Городской округ Димитровград","wikidata":"Q4145659","website":null,"type_2":"boundary","population":null,"official_status":"ru:городской округ","name:tt":null,"name:ru":"городской округ Димитровград","name:ja":"ディミトロフグラード管区","name:en":null,"name_2":"городской округ Димитровград","admin_level":"6","addr:region":null,"addr:country":null},"geometry":{"type":"Polygon","coordinates":[[[49.571448,54.251184],[49.571542,54.25163],[49.569447,54.251785],[49.569329,54.25134],[49.571448,54.251184]]]}},{"type":"Feature","properties":{"full_id":"w269148150","osm_id":"269148150","osm_type":"way","natural":null,"grassland":null,"wetland":null,"water":null,"leisure":"park","religion":null,"name":null,"landuse":null,"description":null,"wood:density":null,"leaf_cycle":null,"leaf_type":null,"type":null,"full_id_2":"r2621608","osm_id_2":"2621608","osm_type_2":"relation","boundary":"administrative","source:url":"http://www.dumadgrad.ru/files/o_gorode/genplan/prilozh/1.rar","old_name":"Мелекес","wikipedia":"ru:Городской округ Димитровград","wikidata":"Q4145659","website":null,"type_2":"boundary","population":null,"official_status":"ru:городской округ","name:tt":null,"name:ru":"городской округ Димитровград","name:ja":"ディミトロフグラード管区","name:en":null,"name_2":"городской округ Димитровград","admin_level":"6","addr:region":null,"addr:country":null},"geometry":{"type":"Polygon","coordinates":[[[49.553166,54.232743],[49.553284,54.23268],[49.553379,54.232668],[49.553488,54.232655],[49.553627,54.23268],[49.553686,54.232639],[49.55389,54.232736],[49.553836,54.232783],[49.554051,54.232909],[49.554131,54.232899],[49.554341,54.233003],[49.554426,54.233109],[49.554362,54.233225],[49.554206,54.233313],[49.553976,54.233388],[49.553842,54.233448],[49.553676,54.233476],[49.553568,54.233476],[49.552833,54.233047],[49.552978,54.232975],[49.552994,54.232931],[49.552989,54.232865],[49.553144,54.232824],[49.553166,54.232743]]]}},{"type":"Feature","properties":{"full_id":"w1166019151","osm_id":"1166019151","osm_type":"way","natural":null,"grassland":null,"wetland":null,"water":null,"leisure":"park","religion":null,"name":"Парк Духовности","landuse":null,"description":null,"wood:density":null,"leaf_cycle":null,"leaf_type":null,"type":null,"full_id_2":"r2621608","osm_id_2":"2621608","osm_type_2":"relation","boundary":"administrative","source:url":"http://www.dumadgrad.ru/files/o_gorode/genplan/prilozh/1.rar","old_name":"Мелекес","wikipedia":"ru:Городской округ Димитровград","wikidata":"Q4145659","website":null,"type_2":"boundary","population":null,"official_status":"ru:городской округ","name:tt":null,"name:ru":"городской округ Димитровград","name:ja":"ディミトロフグラード管区","name:en":null,"name_2":"городской округ Димитровград","admin_level":"6","addr:region":null,"addr:country":null},"geometry":{"type":"Polygon","coordinates":[[[49.621755,54.219714],[49.621474,54.219616],[49.621679,54.218848],[49.622815,54.219019],[49.622691,54.219191],[49.622255,54.219908],[49.621755,54.219714]]]}},{"type":"Feature","properties":{"full_id":"r15772318","osm_id":"15772318","osm_type":"relation","natural":null,"grassland":null,"wetland":null,"water":null,"leisure":"park","religion":null,"name":null,"landuse":null,"description":null,"wood:density":null,"leaf_cycle":null,"leaf_type":null,"type":"multipolygon","full_id_2":"r2621608","osm_id_2":"2621608","osm_type_2":"relation","boundary":"administrative","source:url":"http://www.dumadgrad.ru/files/o_gorode/genplan/prilozh/1.rar","old_name":"Мелекес","wikipedia":"ru:Городской округ Димитровград","wikidata":"Q4145659","website":null,"type_2":"boundary","population":null,"official_status":"ru:городской округ","name:tt":null,"name:ru":"городской округ Димитровград","name:ja":"ディミトロフグラード管区","name:en":null,"name_2":"городской округ Димитровград","admin_level":"6","addr:region":null,"addr:country":null},"geometry":{"type":"Polygon","coordinates":[[[49.618218,54.221301],[49.618251,54.221181],[49.618304,54.221202],[49.618426,54.221249],[49.618691,54.221362],[49.619211,54.221644],[49.617627,54.223122],[49.617551,54.223123],[49.617292,54.223166],[49.617151,54.223207],[49.616957,54.223376],[49.616787,54.223545],[49.616035,54.22363],[49.616048,54.223573],[49.616443,54.223423],[49.616777,54.223147],[49.616921,54.222838],[49.616748,54.222521],[49.616762,54.222404],[49.617215,54.222208],[49.61759,54.221984],[49.618014,54.221719],[49.618264,54.221561],[49.618218,54.221301]]]}},{"type":"Feature","properties":{"full_id":"r397767","osm_id":"397767","osm_type":"relation","natural":"wood","grassland":null,"wetland":null,"water":null,"leisure":null,"religion":null,"name":null,"landuse":null,"description":null,"wood:density":null,"leaf_cycle":null,"leaf_type":null,"type":"multipolygon","full_id_2":"r2621608","osm_id_2":"2621608","osm_type_2":"relation","boundary":"administrative","source:url":"http://www.dumadgrad.ru/files/o_gorode/genplan/prilozh/1.rar","old_name":"Мелекес","wikipedia":"ru:Городской округ Димитровград","wikidata":"Q4145659","website":null,"type_2":"boundary","population":null,"official_status":"ru:городской округ","name:tt":null,"name:ru":"городской округ Димитровград","name:ja":"ディミトロフグラード管区","name:en":null,"name_2":"городской округ Димитровград","admin_level":"6","addr:region":null,"addr:country":null},"geometry":{"type":"Polygon","coordinates":[[[49.580655,54.236899],[49.577483,54.239205],[49.57675,54.239532],[49.575312,54.239639],[49.575197,54.238305],[49.575107,54.237831],[49.575112,54.237803],[49.575152,54.23766],[49.57527,54.237652],[49.575383,54.238338],[49.57546,54.238357],[49.575866,54.23834],[49.576207,54.238289],[49.576154,54.237498],[49.576154,54.237408],[49.576109,54.237263],[49.576101,54.237183],[49.580655,54.236899]],[[49.577562,54.238188],[49.577544,54.238322],[49.577675,54.238368],[49.577951,54.238445],[49.578155,54.238355],[49.578258,54.238173],[49.578197,54.238136],[49.578099,54.238006],[49.577783,54.238034],[49.577562,54.238188]]]}},{"type":"Feature","properties":{"full_id":"r407641","osm_id":"407641","osm_type":"relation","natural":"wood","grassland":null,"wetland":null,"water":null,"leisure":null,"religion":null,"name":null,"landuse":null,"description":null,"wood:density":null,"leaf_cycle":null,"leaf_type":null,"type":"multipolygon","full_id_2":"r2621608","osm_id_2":"2621608","osm_type_2":"relation","boundary":"administrative","source:url":"http://www.dumadgrad.ru/files/o_gorode/genplan/prilozh/1.rar","old_name":"Мелекес","wikipedia":"ru:Городской округ Димитровград","wikidata":"Q4145659","website":null,"type_2":"boundary","population":null,"official_status":"ru:городской округ","name:tt":null,"name:ru":"городской округ Димитровград","name:ja":"ディミトロフグラード管区","name:en":null,"name_2":"городской округ Димитровград","admin_level":"6","addr:region":null,"addr:country":null},"geometry":{"type":"Polygon","coordinates":[[[49.577872,54.239189],[49.580777,54.23702],[49.580798,54.237107],[49.581296,54.239187],[49.579128,54.239345],[49.577196,54.239502],[49.577872,54.239189]],[[49.57956,54.238326],[49.579202,54.238547],[49.579245,54.238839],[49.579497,54.23894],[49.579795,54.238918],[49.580298,54.2388],[49.58059,54.23861],[49.580478,54.2384],[49.580107,54.238356],[49.57956,54.238326]]]}},{"type":"Feature","properties":{"full_id":"r413946","osm_id":"413946","osm_type":"relation","natural":"wood","grassland":null,"wetland":null,"water":null,"leisure":null,"religion":null,"name":null,"landuse":null,"description":null,"wood:density":null,"leaf_cycle":null,"leaf_type":null,"type":"multipolygon","full_id_2":"r2621608","osm_id_2":"2621608","osm_type_2":"relation","boundary":"administrative","source:url":"http://www.dumadgrad.ru/files/o_gorode/genplan/prilozh/1.rar","old_name":"Мелекес","wikipedia":"ru:Городской округ Димитровград","wikidata":"Q4145659","website":null,"type_2":"boundary","population":null,"official_status":"ru:городской округ","name:tt":null,"name:ru":"городской округ Димитровград","name:ja":"ディミトロフグラード管区","name:en":null,"name_2":"городской округ Димитровград","admin_level":"6","addr:region":null,"addr:country":null},"geometry":{"type":"Polygon","coordinates":[[[49.570116,54.271493],[49.571884,54.270169],[49.578337,54.264939],[49.583406,54.260937],[49.589857,54.260555],[49.588721,54.264615],[49.585424,54.269334],[49.584576,54.270079],[49.580332,54.272353],[49.578831,54.272849],[49.576187,54.273423],[49.574751,54.274435],[49.57464,54.274511],[49.574342,54.274729],[49.571125,54.274131],[49.571221,54.273946],[49.571428,54.273659],[49.571195,54.273272],[49.571014,54.273226],[49.570527,54.273101],[49.570543,54.272945],[49.571844,54.272794],[49.572807,54.272699],[49.572716,54.272338],[49.571206,54.272644],[49.570583,54.272739],[49.570071,54.272692],[49.569462,54.27293],[49.569039,54.272467],[49.570116,54.271493]],[[49.582885,54.26504],[49.58283,54.265013],[49.582762,54.26498],[49.581874,54.264544],[49.581279,54.26435],[49.581018,54.264341],[49.5807,54.264527],[49.580126,54.264679],[49.579709,54.265161],[49.579026,54.265539],[49.57874,54.26558],[49.578799,54.265831],[49.578622,54.265959],[49.577341,54.265976],[49.576921,54.266191],[49.577089,54.266372],[49.57718,54.266523],[49.57718,54.266728],[49.57708,54.266992],[49.576957,54.267223],[49.577,54.267453],[49.577196,54.267582],[49.576385,54.2681],[49.575806,54.268247],[49.57557,54.268673],[49.574277,54.269056],[49.57396,54.269463],[49.573885,54.270099],[49.573976,54.270522],[49.574052,54.271226],[49.574545,54.270885],[49.574352,54.270074],[49.575151,54.269829],[49.575698,54.26935],[49.576219,54.2693],[49.576423,54.268955],[49.577318,54.268811],[49.577651,54.268952],[49.577115,54.269519],[49.576675,54.269829],[49.576541,54.27014],[49.576374,54.270424],[49.576809,54.270406],[49.577828,54.269739],[49.578112,54.269469],[49.578633,54.269215],[49.579786,54.268764],[49.58053,54.268264],[49.580704,54.267876],[49.580518,54.26775],[49.580668,54.267654],[49.580524,54.267595],[49.580546,54.267521],[49.580661,54.267445],[49.580778,54.267302],[49.580789,54.26701],[49.580905,54.266731],[49.580973,54.266475],[49.580875,54.26633],[49.581012,54.266277],[49.58123,54.266274],[49.581402,54.266179],[49.581694,54.266022],[49.582233,54.265862],[49.582442,54.265725],[49.582455,54.265717],[49.582541,54.265661],[49.582827,54.26555],[49.58298,54.26541],[49.582978,54.26536],[49.582977,54.265335],[49.582972,54.265205],[49.582885,54.26504]]]}},{"type":"Feature","properties":{"full_id":"r942594","osm_id":"942594","osm_type":"relation","natural":"wood","grassland":null,"wetland":null,"water":null,"leisure":null,"religion":null,"name":null,"landuse":null,"description":null,"wood:density":null,"leaf_cycle":null,"leaf_type":"mixed","type":"multipolygon","full_id_2":"r2621608","osm_id_2":"2621608","osm_type_2":"relation","boundary":"administrative","source:url":"http://www.dumadgrad.ru/files/o_gorode/genplan/prilozh/1.rar","old_name":"Мелекес","wikipedia":"ru:Городской округ Димитровград","wikidata":"Q4145659","website":null,"type_2":"boundary","population":null,"official_status":"ru:городской округ","name:tt":null,"name:ru":"городской округ Димитровград","name:ja":"ディミトロフグラード管区","name:en":null,"name_2":"городской округ Димитровград","admin_level":"6","addr:region":null,"addr:country":null},"geometry":{"type":"MultiPolygon","coordinates":[[[[49.691891,54.235831],[49.692058,54.235906],[49.691661,54.235833],[49.691891,54.235831]]],[[[49.694226,54.236788],[49.692695,54.236493],[49.692153,54.236309],[49.692162,54.235954],[49.692932,54.236304],[49.6943,54.236624],[49.694226,54.236788]]],[[[49.695418,54.23802],[49.695383,54.23794],[49.695402,54.237504],[49.695453,54.237395],[49.695523,54.237856],[49.695418,54.23802]]]]}},{"type":"Feature","properties":{"full_id":"r943768","osm_id":"943768","osm_type":"relation","natural":"wood","grassland":null,"wetland":null,"water":null,"leisure":null,"religion":null,"name":null,"landuse":null,"description":null,"wood:density":null,"leaf_cycle":null,"leaf_type":null,"type":"multipolygon","full_id_2":"r2621608","osm_id_2":"2621608","osm_type_2":"relation","boundary":"administrative","source:url":"http://www.dumadgrad.ru/files/o_gorode/genplan/prilozh/1.rar","old_name":"Мелекес","wikipedia":"ru:Городской округ Димитровград","wikidata":"Q4145659","website":null,"type_2":"boundary","population":null,"official_status":"ru:городской округ","name:tt":null,"name:ru":"городской округ Димитровград","name:ja":"ディミトロフグラード管区","name:en":null,"name_2":"городской округ Димитровград","admin_level":"6","addr:region":null,"addr:country":null},"geometry":{"type":"MultiPolygon","coordinates":[[[[49.65057,54.222032],[49.65148,54.221889],[49.651983,54.221697],[49.652439,54.221698],[49.651602,54.221902],[49.65057,54.222032]]],[[[49.649416,54.222177],[49.647736,54.222388],[49.647687,54.22228],[49.649416,54.222177]]],[[[49.65572,54.222106],[49.657145,54.222373],[49.657887,54.222682],[49.658225,54.222882],[49.65572,54.222106]]],[[[49.646002,54.222551],[49.645633,54.222556],[49.644926,54.222563],[49.645633,54.222556],[49.646002,54.222551]]],[[[49.642269,54.223047],[49.64113,54.22338],[49.638574,54.224327],[49.64113,54.22338],[49.642269,54.223047]]]]}},{"type":"Feature","properties":{"full_id":"r1288744","osm_id":"1288744","osm_type":"relation","natural":"wood","grassland":null,"wetland":null,"water":null,"leisure":null,"religion":null,"name":null,"landuse":null,"description":null,"wood:density":null,"leaf_cycle":null,"leaf_type":null,"type":"multipolygon","full_id_2":"r2621608","osm_id_2":"2621608","osm_type_2":"relation","boundary":"administrative","source:url":"http://www.dumadgrad.ru/files/o_gorode/genplan/prilozh/1.rar","old_name":"Мелекес","wikipedia":"ru:Городской округ Димитровград","wikidata":"Q4145659","website":null,"type_2":"boundary","population":null,"official_status":"ru:городской округ","name:tt":null,"name:ru":"городской округ Димитровград","name:ja":"ディミトロフグラード管区","name:en":null,"name_2":"городской округ Димитровград","admin_level":"6","addr:region":null,"addr:country":null},"geometry":{"type":"MultiPolygon","coordinates":[[[[49.541719,54.220462],[49.541595,54.220669],[49.541466,54.220647],[49.541378,54.220564],[49.541356,54.220479],[49.541262,54.219281],[49.541241,54.219196],[49.541176,54.219096],[49.541181,54.219047],[49.541294,54.219007],[49.541815,54.218838],[49.542243,54.218703],[49.542558,54.218519],[49.542861,54.21842],[49.543026,54.218158],[49.543201,54.217958],[49.543414,54.217681],[49.543585,54.217422],[49.543886,54.217077],[49.544128,54.216934],[49.544211,54.216787],[49.54451,54.216522],[49.544687,54.216386],[49.545067,54.21616],[49.545376,54.215967],[49.545402,54.215789],[49.545538,54.215711],[49.545774,54.215658],[49.545986,54.215687],[49.546287,54.215779],[49.546506,54.215738],[49.54686,54.215674],[49.547089,54.215789],[49.547476,54.216012],[49.546104,54.216894],[49.54596,54.21716],[49.545874,54.218295],[49.545811,54.219132],[49.545774,54.220043],[49.545686,54.220042],[49.545727,54.219206],[49.545315,54.219201],[49.54531,54.219477],[49.543609,54.21948],[49.543585,54.219264],[49.541708,54.219218],[49.541719,54.220462]]],[[[49.51262,54.2255],[49.512666,54.225592],[49.512588,54.225681],[49.512543,54.22577],[49.512509,54.22579],[49.511263,54.225387],[49.510517,54.224061],[49.511488,54.223338],[49.511288,54.223525],[49.510941,54.223853],[49.510823,54.224059],[49.510711,54.224287],[49.510709,54.22436],[49.510781,54.224466],[49.510941,54.224745],[49.511167,54.225167],[49.511252,54.225186],[49.511291,54.225193],[49.511381,54.225188],[49.511624,54.225244],[49.511922,54.225311],[49.512196,54.225408],[49.512362,54.22538],[49.512511,54.225429],[49.51262,54.2255]]],[[[49.511976,54.227038],[49.511788,54.226987],[49.511572,54.226939],[49.511382,54.226918],[49.511296,54.226931],[49.51263,54.225929],[49.512691,54.225971],[49.512732,54.226011],[49.512746,54.226065],[49.512782,54.226158],[49.512774,54.226259],[49.512714,54.226409],[49.512687,54.226467],[49.512628,54.22651],[49.512461,54.226484],[49.512317,54.226473],[49.512224,54.226507],[49.512125,54.226492],[49.511977,54.2265],[49.511901,54.22658],[49.511856,54.226658],[49.511859,54.226698],[49.511877,54.226742],[49.511943,54.226757],[49.512015,54.226733],[49.512047,54.226666],[49.512138,54.226614],[49.512203,54.226621],[49.512237,54.226651],[49.512418,54.226605],[49.51259,54.226636],[49.512705,54.226695],[49.512793,54.226765],[49.512731,54.226848],[49.512727,54.226896],[49.512745,54.226947],[49.512761,54.226993],[49.512748,54.227049],[49.512712,54.227092],[49.512592,54.227118],[49.512477,54.22713],[49.512376,54.227112],[49.512164,54.22707],[49.511976,54.227038]]],[[[49.509472,54.227318],[49.509461,54.227327],[49.509345,54.227344],[49.509198,54.22731],[49.509211,54.227295],[49.509472,54.227318]]],[[[49.544753,54.233031],[49.544912,54.23348],[49.544452,54.23367],[49.540167,54.231521],[49.539236,54.231101],[49.539494,54.230822],[49.540249,54.230361],[49.540644,54.230049],[49.540935,54.230338],[49.540801,54.23088],[49.540579,54.231393],[49.541075,54.231653],[49.545017,54.229251],[49.545517,54.229381],[49.545905,54.229546],[49.545286,54.229822],[49.544895,54.229619],[49.544606,54.229715],[49.544478,54.229899],[49.544854,54.230111],[49.544892,54.230132],[49.545059,54.230151],[49.546039,54.229603],[49.546096,54.229627],[49.546607,54.229706],[49.546556,54.229812],[49.546152,54.231732],[49.545859,54.232641],[49.545839,54.233108],[49.545638,54.233122],[49.545597,54.23308],[49.544753,54.233031]]],[[[49.564771,54.249797],[49.564547,54.250049],[49.56395,54.250929],[49.563447,54.251507],[49.562815,54.251931],[49.561597,54.252747],[49.560238,54.253657],[49.559268,54.254213],[49.558095,54.254662],[49.55756,54.254792],[49.556376,54.255124],[49.556119,54.255146],[49.554643,54.255306],[49.553186,54.255438],[49.552885,54.25542],[49.549426,54.255862],[49.549209,54.255921],[49.548722,54.252733],[49.548481,54.251155],[49.547332,54.243635],[49.523445,54.245025],[49.522538,54.236557],[49.522419,54.235446],[49.521472,54.235501],[49.51851,54.235672],[49.51736,54.235739],[49.517338,54.23574],[49.517061,54.235756],[49.511901,54.236055],[49.51161,54.236072],[49.509354,54.236203],[49.508418,54.236275],[49.503266,54.236671],[49.50208,54.23021],[49.505948,54.229747],[49.507772,54.228824],[49.50803,54.228693],[49.508674,54.227931],[49.508776,54.227896],[49.509101,54.227826],[49.509183,54.227868],[49.509298,54.227952],[49.509467,54.227981],[49.509754,54.227972],[49.510073,54.227911],[49.510164,54.22793],[49.510208,54.2279],[49.510197,54.227862],[49.510143,54.227813],[49.510071,54.22775],[49.510033,54.227701],[49.510015,54.227644],[49.51004,54.227609],[49.510103,54.227608],[49.510241,54.227635],[49.510314,54.227607],[49.510356,54.227566],[49.510412,54.227549],[49.510484,54.227568],[49.510554,54.227639],[49.510584,54.227683],[49.510678,54.227695],[49.510745,54.227674],[49.510797,54.227652],[49.510801,54.227605],[49.510848,54.227545],[49.510879,54.227517],[49.510974,54.2275],[49.511089,54.227514],[49.511224,54.22757],[49.51135,54.227626],[49.511411,54.227654],[49.51146,54.22769],[49.51139,54.227735],[49.511234,54.227795],[49.51111,54.227847],[49.511079,54.227888],[49.511112,54.227912],[49.511133,54.227921],[49.511201,54.227927],[49.511251,54.227931],[49.511395,54.227877],[49.511458,54.227849],[49.51154,54.227808],[49.511575,54.22778],[49.511592,54.22775],[49.511666,54.227722],[49.511744,54.227651],[49.51185,54.227644],[49.511982,54.227649],[49.512124,54.227659],[49.512242,54.227652],[49.512316,54.227687],[49.512424,54.227684],[49.512478,54.227669],[49.512565,54.227618],[49.512728,54.227567],[49.512871,54.227519],[49.513218,54.227305],[49.513407,54.227176],[49.513534,54.227072],[49.513683,54.226991],[49.513942,54.226922],[49.514147,54.2268],[49.514243,54.22675],[49.514397,54.226712],[49.514544,54.226684],[49.514674,54.226623],[49.514851,54.226443],[49.515008,54.226295],[49.515025,54.226216],[49.515028,54.226127],[49.515084,54.22602],[49.515173,54.225921],[49.515355,54.225771],[49.515528,54.225746],[49.515659,54.225749],[49.515781,54.22579],[49.515878,54.225818],[49.515937,54.225873],[49.516097,54.225864],[49.516155,54.22582],[49.516158,54.22577],[49.516131,54.22572],[49.516218,54.225557],[49.516395,54.225416],[49.516734,54.225181],[49.516858,54.225075],[49.516977,54.225023],[49.51714,54.225005],[49.517339,54.225008],[49.517559,54.224992],[49.517604,54.224988],[49.517904,54.224954],[49.517942,54.224942],[49.518035,54.224934],[49.518207,54.224898],[49.518307,54.224883],[49.518479,54.224843],[49.518886,54.224722],[49.518996,54.224672],[49.519034,54.224654],[49.519289,54.22459],[49.51944,54.224569],[49.519685,54.224557],[49.519799,54.224543],[49.520005,54.224501],[49.520209,54.224469],[49.52036,54.224412],[49.520602,54.224298],[49.520744,54.224195],[49.521201,54.224058],[49.521625,54.223944],[49.521815,54.22389],[49.521851,54.223956],[49.521771,54.224043],[49.521666,54.224129],[49.521543,54.224223],[49.521472,54.22433],[49.52137,54.224371],[49.521043,54.224511],[49.52084,54.22454],[49.520544,54.224623],[49.52035,54.22475],[49.52007,54.224742],[49.519706,54.224832],[49.5193,54.2249],[49.519269,54.22477],[49.51893,54.224835],[49.518825,54.224933],[49.51846,54.225146],[49.518102,54.225333],[49.517802,54.225505],[49.51758,54.225595],[49.51742,54.225682],[49.517093,54.225707],[49.516964,54.225801],[49.516822,54.226042],[49.517753,54.225848],[49.518018,54.225736],[49.51827,54.225653],[49.518523,54.225549],[49.51872,54.22548],[49.518954,54.225372],[49.519133,54.225318],[49.519293,54.225264],[49.519386,54.225145],[49.519577,54.225023],[49.519805,54.224954],[49.520224,54.224857],[49.5206,54.224763],[49.521216,54.224594],[49.521561,54.224554],[49.521734,54.224543],[49.521869,54.224529],[49.521863,54.224464],[49.521931,54.224396],[49.522011,54.224302],[49.522245,54.22419],[49.522436,54.224104],[49.522596,54.223996],[49.52251,54.223909],[49.522399,54.223812],[49.522066,54.223956],[49.521889,54.223869],[49.521933,54.223821],[49.521955,54.223734],[49.521982,54.223611],[49.522083,54.223401],[49.522187,54.223302],[49.522305,54.223245],[49.522354,54.223171],[49.522358,54.223073],[49.522263,54.222997],[49.517503,54.219751],[49.516959,54.219466],[49.516902,54.219427],[49.516856,54.219439],[49.516822,54.219468],[49.516807,54.219513],[49.516839,54.219545],[49.516878,54.219565],[49.516888,54.219628],[49.516826,54.21972],[49.516771,54.219749],[49.516655,54.219778],[49.516487,54.219806],[49.516413,54.219804],[49.516192,54.219684],[49.515986,54.219651],[49.515891,54.219693],[49.51579,54.219756],[49.515617,54.219953],[49.515378,54.220229],[49.514926,54.220503],[49.514036,54.221135],[49.51397,54.221188],[49.513984,54.221253],[49.514057,54.221296],[49.514153,54.221327],[49.513279,54.222005],[49.512945,54.222288],[49.512085,54.222894],[49.512085,54.222894],[49.512085,54.222894],[49.513279,54.222005],[49.511865,54.217256],[49.51224,54.217201],[49.525737,54.215197],[49.535109,54.213822],[49.539057,54.213219],[49.540551,54.213072],[49.541393,54.213046],[49.54226,54.213161],[49.542924,54.213371],[49.543581,54.213718],[49.543419,54.213797],[49.542788,54.213824],[49.542119,54.21402],[49.542197,54.214515],[49.542274,54.214639],[49.542844,54.214688],[49.543189,54.214613],[49.543541,54.214477],[49.543628,54.214291],[49.543573,54.213923],[49.543703,54.213782],[49.546284,54.215146],[49.545978,54.215361],[49.545596,54.215321],[49.545393,54.215527],[49.545056,54.215814],[49.544587,54.21616],[49.5437,54.217021],[49.543293,54.217428],[49.542763,54.218005],[49.542554,54.218192],[49.542209,54.218412],[49.541587,54.218729],[49.541075,54.218956],[49.540796,54.21902],[49.540537,54.218935],[49.536914,54.216965],[49.53369,54.218941],[49.531226,54.217527],[49.524019,54.221866],[49.525163,54.222578],[49.524757,54.222911],[49.526042,54.223551],[49.52664,54.223133],[49.526406,54.222991],[49.526827,54.222712],[49.526918,54.222652],[49.529628,54.224257],[49.527001,54.224497],[49.526212,54.224542],[49.526265,54.224622],[49.52906,54.226081],[49.52898,54.226491],[49.531839,54.227949],[49.531575,54.2284],[49.531865,54.228977],[49.532541,54.229749],[49.53312,54.230112],[49.533635,54.230138],[49.534472,54.229887],[49.535024,54.229572],[49.539333,54.231768],[49.54161,54.232844],[49.543922,54.234027],[49.544385,54.234263],[49.544639,54.234392],[49.545402,54.23478],[49.546081,54.235126],[49.546256,54.235216],[49.546673,54.235428],[49.54724,54.235751],[49.546768,54.236094],[49.543367,54.238212],[49.544961,54.238995],[49.545567,54.238622],[49.547228,54.239507],[49.547589,54.239429],[49.551465,54.241551],[49.554295,54.239926],[49.55453,54.239812],[49.557494,54.241445],[49.558244,54.241936],[49.559851,54.241049],[49.560634,54.240639],[49.561975,54.241397],[49.562933,54.241364],[49.563037,54.241992],[49.564133,54.241955],[49.563855,54.240172],[49.563732,54.239836],[49.563721,54.239725],[49.563564,54.239425],[49.563513,54.239286],[49.563431,54.239163],[49.563335,54.23907],[49.563283,54.238995],[49.5633,54.238937],[49.563385,54.23894],[49.563421,54.238981],[49.563644,54.239156],[49.564161,54.23944],[49.564573,54.239728],[49.564425,54.239881],[49.564541,54.239972],[49.565382,54.24039],[49.566674,54.239914],[49.566128,54.23991],[49.565837,54.23988],[49.565826,54.239641],[49.566429,54.239598],[49.56712,54.239551],[49.567522,54.239553],[49.567748,54.239504],[49.567713,54.239627],[49.567769,54.239762],[49.567849,54.239736],[49.567845,54.239631],[49.56793,54.239426],[49.56821,54.239252],[49.568369,54.239178],[49.568447,54.23918],[49.568613,54.239151],[49.568613,54.239116],[49.568511,54.239093],[49.568553,54.238996],[49.568659,54.238839],[49.568688,54.238766],[49.568649,54.238717],[49.568578,54.238677],[49.568465,54.238694],[49.568309,54.238727],[49.568164,54.238779],[49.568093,54.238764],[49.567997,54.238719],[49.567962,54.238651],[49.56805,54.238547],[49.56827,54.238442],[49.568429,54.238419],[49.568447,54.238506],[49.568496,54.238485],[49.568539,54.238409],[49.568498,54.238238],[49.56855,54.238198],[49.56861,54.238212],[49.568638,54.238313],[49.568691,54.238404],[49.568734,54.238446],[49.568723,54.238479],[49.568645,54.238615],[49.568734,54.238653],[49.568797,54.238789],[49.568836,54.239079],[49.569013,54.239102],[49.569385,54.239137],[49.569594,54.23919],[49.569696,54.239403],[49.56977,54.239749],[49.569346,54.239772],[49.569119,54.239776],[49.569041,54.239832],[49.56896,54.239908],[49.568818,54.239933],[49.568649,54.239951],[49.568617,54.239987],[49.56862,54.240055],[49.56862,54.240396],[49.568578,54.240489],[49.568532,54.240582],[49.568461,54.240766],[49.568319,54.240888],[49.568263,54.241004],[49.56816,54.24113],[49.56842,54.242041],[49.568762,54.242094],[49.568857,54.242224],[49.569768,54.242207],[49.569797,54.24237],[49.569756,54.2425],[49.569179,54.242536],[49.569027,54.242585],[49.569032,54.242682],[49.568995,54.242804],[49.568862,54.242889],[49.568603,54.242909],[49.567642,54.242978],[49.565962,54.243273],[49.566365,54.245264],[49.567409,54.245468],[49.570757,54.245359],[49.570993,54.246607],[49.569798,54.246796],[49.56892,54.247077],[49.568745,54.247133],[49.566845,54.248024],[49.566106,54.248499],[49.565774,54.248769],[49.565573,54.24896],[49.564771,54.249797]],[[49.538478,54.216173],[49.538386,54.21621],[49.537228,54.216675],[49.538837,54.217076],[49.540201,54.216665],[49.541242,54.216653],[49.541942,54.216309],[49.541947,54.215986],[49.541977,54.215483],[49.541984,54.215264],[49.545152,54.215498],[49.545381,54.215046],[49.541729,54.214657],[49.541739,54.214576],[49.541163,54.214561],[49.541157,54.21471],[49.539029,54.214781],[49.538624,54.216],[49.538478,54.216173]],[[49.536,54.214808],[49.535853,54.214427],[49.534949,54.214219],[49.532664,54.214505],[49.533158,54.216217],[49.529869,54.216784],[49.529177,54.215059],[49.519564,54.216534],[49.520408,54.219907],[49.522747,54.219759],[49.522598,54.219236],[49.530031,54.217469],[49.530216,54.217336],[49.530376,54.217243],[49.530573,54.21708],[49.530859,54.21698],[49.531149,54.216981],[49.531606,54.216851],[49.531911,54.216802],[49.534081,54.216273],[49.534944,54.215837],[49.536247,54.215423],[49.536231,54.215113],[49.536,54.214808]],[[49.518485,54.227376],[49.519298,54.227233],[49.51954,54.227325],[49.520002,54.22731],[49.521333,54.227076],[49.521333,54.226899],[49.52124,54.226705],[49.521068,54.226467],[49.521068,54.226165],[49.521185,54.225948],[49.521059,54.225878],[49.520939,54.225977],[49.520219,54.22604],[49.519762,54.226161],[49.51885,54.22637],[49.518566,54.226539],[49.518609,54.226928],[49.518485,54.227376]],[[49.533665,54.234746],[49.533657,54.234964],[49.533714,54.235061],[49.534027,54.235023],[49.534181,54.234943],[49.534409,54.234807],[49.534474,54.234729],[49.534104,54.234722],[49.533906,54.234706],[49.533665,54.234746]]]]}},{"type":"Feature","properties":{"full_id":"r3311440","osm_id":"3311440","osm_type":"relation","natural":"wood","grassland":null,"wetland":null,"water":null,"leisure":null,"religion":null,"name":null,"landuse":null,"description":null,"wood:density":null,"leaf_cycle":null,"leaf_type":null,"type":"multipolygon","full_id_2":"r2621608","osm_id_2":"2621608","osm_type_2":"relation","boundary":"administrative","source:url":"http://www.dumadgrad.ru/files/o_gorode/genplan/prilozh/1.rar","old_name":"Мелекес","wikipedia":"ru:Городской округ Димитровград","wikidata":"Q4145659","website":null,"type_2":"boundary","population":null,"official_status":"ru:городской округ","name:tt":null,"name:ru":"городской округ Димитровград","name:ja":"ディミトロフグラード管区","name:en":null,"name_2":"городской округ Димитровград","admin_level":"6","addr:region":null,"addr:country":null},"geometry":{"type":"Polygon","coordinates":[[[49.573079,54.276447],[49.575036,54.274689],[49.576571,54.273685],[49.57908,54.273176],[49.580885,54.282671],[49.580884,54.282671],[49.580244,54.280209],[49.574484,54.280549],[49.575143,54.28463],[49.573312,54.284756],[49.57345,54.286148],[49.581441,54.285596],[49.58398,54.298942],[49.561706,54.30018],[49.561113,54.299297],[49.560567,54.299237],[49.560123,54.299057],[49.559475,54.298553],[49.559472,54.298102],[49.559184,54.297493],[49.55838,54.296714],[49.558218,54.296141],[49.558019,54.295393],[49.558122,54.295046],[49.558098,54.294602],[49.558068,54.294206],[49.558459,54.294034],[49.558681,54.293576],[49.558659,54.294344],[49.558773,54.294809],[49.558684,54.294999],[49.558493,54.295494],[49.558442,54.295845],[49.559645,54.296043],[49.559884,54.296462],[49.560313,54.296692],[49.560607,54.296912],[49.560645,54.29692],[49.560942,54.296981],[49.561338,54.29668],[49.562135,54.295374],[49.5638,54.292645],[49.565284,54.289201],[49.567537,54.289201],[49.568049,54.287539],[49.567921,54.287],[49.567281,54.286505],[49.566283,54.286446],[49.565592,54.28655],[49.56531,54.285233],[49.565208,54.284798],[49.565284,54.284244],[49.565745,54.28363],[49.566129,54.283346],[49.566922,54.282612],[49.567562,54.281669],[49.569124,54.280261],[49.570557,54.278808],[49.571094,54.278254],[49.571697,54.277668],[49.571893,54.277773],[49.572097,54.27799],[49.572312,54.278136],[49.572511,54.278171],[49.572717,54.278003],[49.572969,54.277618],[49.573059,54.277293],[49.573183,54.276845],[49.573079,54.276447]],[[49.572171,54.282375],[49.572415,54.282623],[49.572502,54.282864],[49.573733,54.282849],[49.573739,54.28173],[49.573333,54.281719],[49.573158,54.280884],[49.572371,54.280938],[49.572502,54.281755],[49.572034,54.281773],[49.572171,54.282375]]]}},{"type":"Feature","properties":{"full_id":"r3311488","osm_id":"3311488","osm_type":"relation","natural":"wood","grassland":null,"wetland":null,"water":null,"leisure":null,"religion":null,"name":null,"landuse":null,"description":null,"wood:density":null,"leaf_cycle":null,"leaf_type":null,"type":"multipolygon","full_id_2":"r2621608","osm_id_2":"2621608","osm_type_2":"relation","boundary":"administrative","source:url":"http://www.dumadgrad.ru/files/o_gorode/genplan/prilozh/1.rar","old_name":"Мелекес","wikipedia":"ru:Городской округ Димитровград","wikidata":"Q4145659","website":null,"type_2":"boundary","population":null,"official_status":"ru:городской округ","name:tt":null,"name:ru":"городской округ Димитровград","name:ja":"ディミトロフグラード管区","name:en":null,"name_2":"городской округ Димитровград","admin_level":"6","addr:region":null,"addr:country":null},"geometry":{"type":"Polygon","coordinates":[[[49.595935,54.250575],[49.597354,54.248322],[49.598374,54.248585],[49.59857,54.249874],[49.604652,54.249517],[49.609247,54.249247],[49.60923,54.248977],[49.621801,54.248171],[49.622785,54.257831],[49.593061,54.259883],[49.592571,54.259697],[49.592591,54.259471],[49.592858,54.259392],[49.592083,54.258146],[49.592248,54.257981],[49.592192,54.257863],[49.591937,54.257884],[49.591724,54.257746],[49.592256,54.256906],[49.592816,54.256037],[49.593133,54.255986],[49.593305,54.255612],[49.594353,54.253327],[49.595935,54.250575]]]}},{"type":"Feature","properties":{"full_id":"r3311489","osm_id":"3311489","osm_type":"relation","natural":"wood","grassland":null,"wetland":null,"water":null,"leisure":null,"religion":null,"name":null,"landuse":null,"description":null,"wood:density":null,"leaf_cycle":null,"leaf_type":null,"type":"multipolygon","full_id_2":"r2621608","osm_id_2":"2621608","osm_type_2":"relation","boundary":"administrative","source:url":"http://www.dumadgrad.ru/files/o_gorode/genplan/prilozh/1.rar","old_name":"Мелекес","wikipedia":"ru:Городской округ Димитровград","wikidata":"Q4145659","website":null,"type_2":"boundary","population":null,"official_status":"ru:городской округ","name:tt":null,"name:ru":"городской округ Димитровград","name:ja":"ディミトロフグラード管区","name:en":null,"name_2":"городской округ Димитровград","admin_level":"6","addr:region":null,"addr:country":null},"geometry":{"type":"Polygon","coordinates":[[[49.614755,54.234274],[49.620758,54.233977],[49.620748,54.23425],[49.620584,54.234878],[49.620464,54.235644],[49.62176,54.247949],[49.611297,54.248678],[49.609181,54.248794],[49.608978,54.248736],[49.599269,54.249308],[49.598502,54.24648],[49.601265,54.240592],[49.601984,54.239061],[49.603039,54.239198],[49.603725,54.237697],[49.603863,54.237633],[49.604067,54.237255],[49.603676,54.237116],[49.602934,54.237018],[49.603079,54.236718],[49.603495,54.236767],[49.603847,54.236547],[49.604022,54.236358],[49.603851,54.236233],[49.603877,54.236083],[49.604126,54.235979],[49.604487,54.236],[49.604474,54.236241],[49.604702,54.236318],[49.6056,54.236503],[49.606642,54.23631],[49.607312,54.23554],[49.6101,54.234492],[49.611745,54.234418],[49.612094,54.234565],[49.613065,54.234558],[49.613075,54.234531],[49.613135,54.234353],[49.614755,54.234274]]]}},{"type":"Feature","properties":{"full_id":"r3311490","osm_id":"3311490","osm_type":"relation","natural":"wood","grassland":null,"wetland":null,"water":null,"leisure":null,"religion":null,"name":null,"landuse":null,"description":null,"wood:density":null,"leaf_cycle":null,"leaf_type":null,"type":"multipolygon","full_id_2":"r2621608","osm_id_2":"2621608","osm_type_2":"relation","boundary":"administrative","source:url":"http://www.dumadgrad.ru/files/o_gorode/genplan/prilozh/1.rar","old_name":"Мелекес","wikipedia":"ru:Городской округ Димитровград","wikidata":"Q4145659","website":null,"type_2":"boundary","population":null,"official_status":"ru:городской округ","name:tt":null,"name:ru":"городской округ Димитровград","name:ja":"ディミトロフグラード管区","name:en":null,"name_2":"городской округ Димитровград","admin_level":"6","addr:region":null,"addr:country":null},"geometry":{"type":"Polygon","coordinates":[[[49.571448,54.251184],[49.569329,54.25134],[49.569447,54.251785],[49.571542,54.25163],[49.573611,54.260945],[49.573552,54.260996],[49.57347,54.261001],[49.573413,54.260989],[49.573348,54.260939],[49.573137,54.260928],[49.572783,54.260939],[49.571897,54.260939],[49.571592,54.260996],[49.571385,54.261125],[49.571267,54.261286],[49.571133,54.261445],[49.570929,54.261545],[49.570994,54.261576],[49.571608,54.261528],[49.572527,54.261476],[49.57323,54.261419],[49.573397,54.261327],[49.573564,54.261257],[49.5738,54.261278],[49.573698,54.261454],[49.573758,54.261646],[49.573522,54.261689],[49.573148,54.261718],[49.573026,54.261803],[49.572758,54.261936],[49.572018,54.261936],[49.571335,54.262007],[49.570083,54.262169],[49.569286,54.262245],[49.568538,54.262254],[49.567741,54.26233],[49.567286,54.262582],[49.566847,54.262639],[49.566554,54.262672],[49.566196,54.262696],[49.566058,54.262824],[49.566091,54.262919],[49.566017,54.263066],[49.566001,54.263232],[49.566099,54.263342],[49.566082,54.263432],[49.565863,54.263513],[49.565912,54.263593],[49.566245,54.263693],[49.566326,54.263836],[49.566465,54.263902],[49.566465,54.264097],[49.566294,54.26412],[49.566147,54.264025],[49.566042,54.263935],[49.565977,54.264006],[49.566115,54.264154],[49.566351,54.26423],[49.566546,54.264244],[49.566603,54.264149],[49.566546,54.263869],[49.566554,54.263679],[49.566481,54.263479],[49.56631,54.263332],[49.566277,54.263185],[49.566261,54.263014],[49.566294,54.262924],[49.566554,54.262829],[49.566822,54.262853],[49.566993,54.262981],[49.567042,54.263171],[49.566977,54.263351],[49.567001,54.263608],[49.567025,54.263949],[49.567017,54.264092],[49.566879,54.264168],[49.566822,54.264306],[49.565635,54.264486],[49.564838,54.264524],[49.564798,54.264686],[49.565123,54.2647],[49.565643,54.264643],[49.566034,54.264595],[49.566619,54.264538],[49.56683,54.264529],[49.567091,54.264481],[49.567351,54.264382],[49.567692,54.264453],[49.567871,54.264458],[49.568237,54.264439],[49.568774,54.264424],[49.569156,54.264401],[49.569611,54.264382],[49.569839,54.264439],[49.570091,54.264524],[49.569928,54.264676],[49.569481,54.264904],[49.568424,54.264994],[49.567912,54.264994],[49.567814,54.265037],[49.567814,54.265104],[49.567928,54.26517],[49.5684,54.265194],[49.568538,54.265331],[49.568627,54.265498],[49.568782,54.265531],[49.568879,54.265417],[49.568904,54.265265],[49.569213,54.265156],[49.569497,54.265141],[49.569831,54.265075],[49.570034,54.264913],[49.570189,54.264728],[49.570302,54.264714],[49.570319,54.264847],[49.570229,54.264989],[49.570245,54.265146],[49.570359,54.265222],[49.570343,54.265327],[49.57014,54.265279],[49.569985,54.26526],[49.569863,54.265355],[49.569831,54.265398],[49.569522,54.26555],[49.569457,54.265702],[49.569188,54.265702],[49.569083,54.26574],[49.569091,54.265811],[49.569335,54.265801],[49.569611,54.265854],[49.57001,54.265792],[49.570481,54.265678],[49.57101,54.265702],[49.571229,54.265721],[49.571839,54.265635],[49.572335,54.265564],[49.573156,54.265559],[49.573392,54.265512],[49.573693,54.265507],[49.573961,54.26546],[49.574197,54.265469],[49.574311,54.265436],[49.57414,54.265265],[49.57414,54.265051],[49.574083,54.264899],[49.573969,54.2648],[49.57388,54.264724],[49.573831,54.264619],[49.573791,54.26441],[49.573685,54.264163],[49.573587,54.263992],[49.573481,54.263916],[49.573376,54.264002],[49.573441,54.264149],[49.573612,54.264334],[49.573546,54.264467],[49.573262,54.2645],[49.573116,54.264415],[49.572961,54.264296],[49.572823,54.264244],[49.572595,54.264225],[49.572579,54.264353],[49.572863,54.264496],[49.573132,54.264638],[49.573197,54.264714],[49.57314,54.264766],[49.572807,54.264766],[49.572555,54.264681],[49.572254,54.264538],[49.571896,54.264396],[49.571766,54.264306],[49.571717,54.264234],[49.571546,54.264182],[49.571424,54.264116],[49.571546,54.264097],[49.571733,54.264149],[49.571904,54.26423],[49.572164,54.264239],[49.572319,54.264182],[49.572449,54.264092],[49.572603,54.264097],[49.572888,54.264111],[49.573051,54.264177],[49.57314,54.264158],[49.573172,54.264097],[49.573083,54.264006],[49.573181,54.263878],[49.573286,54.263826],[49.573286,54.263717],[49.57353,54.263674],[49.573587,54.263593],[49.573579,54.263479],[49.573644,54.26337],[49.573725,54.263356],[49.573839,54.26337],[49.573831,54.263242],[49.573563,54.263175],[49.573392,54.262971],[49.573343,54.262933],[49.573286,54.262852],[49.573303,54.262705],[49.573303,54.26253],[49.573335,54.262245],[49.573392,54.262121],[49.573449,54.262055],[49.573408,54.261997],[49.573425,54.261874],[49.573425,54.261817],[49.573563,54.261812],[49.573717,54.26177],[49.573831,54.261808],[49.57375,54.261907],[49.573799,54.262002],[49.573856,54.262145],[49.573856,54.262249],[49.573872,54.262416],[49.573969,54.262454],[49.574099,54.262449],[49.574216,54.262345],[49.574286,54.262183],[49.57433,54.262053],[49.574588,54.262198],[49.575094,54.262119],[49.57555,54.262003],[49.57587,54.261831],[49.575599,54.261809],[49.575118,54.261867],[49.574551,54.261946],[49.574354,54.261939],[49.574416,54.261845],[49.574872,54.261672],[49.575513,54.261629],[49.576055,54.261586],[49.576535,54.261528],[49.576757,54.261629],[49.577016,54.261579],[49.577189,54.261492],[49.577571,54.261428],[49.579271,54.26137],[49.5808,54.261183],[49.581958,54.261017],[49.582759,54.26096],[49.583203,54.260924],[49.577678,54.265254],[49.576632,54.266039],[49.5758,54.266677],[49.570572,54.270766],[49.570114,54.271232],[49.567322,54.271512],[49.561351,54.274703],[49.561483,54.274206],[49.561212,54.273778],[49.560675,54.273482],[49.559996,54.27341],[49.559544,54.273353],[49.559589,54.274011],[49.558547,54.274286],[49.558055,54.274353],[49.557715,54.274304],[49.557293,54.274182],[49.556961,54.274137],[49.556542,54.274219],[49.556455,54.274336],[49.556479,54.274529],[49.55966,54.274347],[49.559821,54.27552],[49.563774,54.277748],[49.56466,54.277309],[49.565969,54.276594],[49.569459,54.278786],[49.569035,54.278919],[49.568376,54.279172],[49.567568,54.279282],[49.566888,54.279213],[49.566139,54.279466],[49.565035,54.279868],[49.564385,54.279753],[49.562956,54.280173],[49.562124,54.279402],[49.561744,54.279052],[49.563351,54.278381],[49.562042,54.278509],[49.561083,54.278355],[49.560035,54.278075],[49.559686,54.278023],[49.556545,54.279121],[49.552924,54.280219],[49.549826,54.281751],[49.547601,54.283104],[49.54548,54.283877],[49.545428,54.283895],[49.543936,54.285121],[49.543107,54.285631],[49.542453,54.285733],[49.54164,54.285662],[49.54158,54.285657],[49.540838,54.28535],[49.540184,54.285146],[49.537043,54.285861],[49.536301,54.286193],[49.535647,54.286193],[49.53473,54.286448],[49.533334,54.286933],[49.532505,54.287469],[49.531065,54.288541],[49.530237,54.289179],[49.529582,54.289715],[49.529626,54.289996],[49.530673,54.290328],[49.531676,54.290838],[49.532462,54.290966],[49.531982,54.29117],[49.530935,54.291196],[49.530237,54.291119],[49.530175,54.291119],[49.529055,54.290246],[49.52642,54.283905],[49.52932,54.283206],[49.530866,54.282714],[49.534076,54.281342],[49.536825,54.279657],[49.539183,54.276025],[49.540577,54.275215],[49.543424,54.273854],[49.545548,54.272599],[49.545931,54.272276],[49.546699,54.271629],[49.547461,54.270102],[49.547693,54.268901],[49.547436,54.267664],[49.546869,54.266602],[49.546586,54.266259],[49.546404,54.266039],[49.546223,54.265819],[49.545482,54.265195],[49.544742,54.264572],[49.543694,54.263532],[49.543317,54.2623],[49.543215,54.261851],[49.543114,54.261403],[49.543264,54.26055],[49.543805,54.259866],[49.544198,54.259049],[49.545769,54.257721],[49.547438,54.25685],[49.549258,54.256244],[49.550452,54.256057],[49.55288,54.255728],[49.556501,54.255473],[49.557821,54.25528],[49.560646,54.253991],[49.561083,54.254477],[49.561781,54.25486],[49.562959,54.255268],[49.563526,54.255524],[49.564965,54.255447],[49.5661,54.255217],[49.567191,54.254758],[49.566013,54.253352],[49.565707,54.252433],[49.56498,54.252034],[49.56435,54.252059],[49.563887,54.252426],[49.563635,54.252333],[49.563857,54.252145],[49.563713,54.251953],[49.565267,54.250177],[49.566699,54.248699],[49.568325,54.247859],[49.569241,54.247527],[49.569665,54.247464],[49.570685,54.247563],[49.570918,54.248667],[49.567076,54.248864],[49.566603,54.24919],[49.570958,54.248994],[49.571448,54.251184]],[[49.551715,54.25724],[49.551276,54.257249],[49.550172,54.257373],[49.549365,54.257468],[49.549365,54.257584],[49.549492,54.257724],[49.549683,54.257737],[49.550165,54.257716],[49.55078,54.257633],[49.551205,54.257592],[49.551389,54.257559],[49.55175,54.257522],[49.551842,54.257447],[49.551814,54.257348],[49.551715,54.25724]],[[49.558149,54.259494],[49.557944,54.259394],[49.557561,54.259345],[49.557073,54.259436],[49.556188,54.259568],[49.553746,54.259911],[49.553053,54.260019],[49.552819,54.260114],[49.552819,54.260217],[49.552734,54.260325],[49.552791,54.260379],[49.554808,54.260089],[49.55725,54.259754],[49.558014,54.25968],[49.558149,54.25963],[49.558149,54.259494]],[[49.554481,54.272765],[49.554599,54.272662],[49.554626,54.27259],[49.554562,54.272533],[49.553972,54.272527],[49.553344,54.272596],[49.553199,54.272696],[49.553135,54.27285],[49.553194,54.273028],[49.553221,54.273157],[49.553875,54.273122],[49.554127,54.273103],[49.554245,54.27305],[49.554417,54.272887],[49.554481,54.272765]],[[49.55665,54.275237],[49.557406,54.27521],[49.557556,54.275014],[49.55749,54.274872],[49.557173,54.274817],[49.556248,54.274894],[49.555221,54.275003],[49.554614,54.275046],[49.553932,54.275106],[49.553465,54.275226],[49.553455,54.275303],[49.553381,54.275384],[49.553203,54.275477],[49.553362,54.275554],[49.554464,54.275466],[49.555165,54.275412],[49.55552,54.275265],[49.556164,54.275259],[49.55665,54.275237]],[[49.544134,54.278062],[49.544078,54.277948],[49.543508,54.278057],[49.542453,54.278128],[49.541678,54.278144],[49.540968,54.278171],[49.540576,54.278237],[49.540473,54.278329],[49.540622,54.278482],[49.540613,54.278553],[49.540632,54.278667],[49.541743,54.278558],[49.543396,54.278487],[49.544087,54.278373],[49.544316,54.27832],[49.544134,54.278062]],[[49.549271,54.278913],[49.548991,54.278744],[49.54857,54.278607],[49.547674,54.278662],[49.546693,54.278744],[49.546562,54.278836],[49.546572,54.278995],[49.546422,54.279087],[49.546002,54.279093],[49.545806,54.27918],[49.545806,54.279365],[49.546039,54.279474],[49.546161,54.279584],[49.546432,54.279545],[49.546787,54.279529],[49.546665,54.279262],[49.549037,54.279082],[49.54929,54.278984],[49.549271,54.278913]],[[49.565831,54.250431],[49.565906,54.250632],[49.567912,54.250431],[49.56787,54.250149],[49.566174,54.250274],[49.565831,54.250431]],[[49.56641,54.251979],[49.566078,54.25082],[49.565627,54.250864],[49.565906,54.251992],[49.56641,54.251979]],[[49.55587,54.258712],[49.55495,54.258787],[49.554581,54.258853],[49.554447,54.258931],[49.554631,54.259088],[49.554893,54.259113],[49.55541,54.259039],[49.555926,54.258948],[49.556415,54.258832],[49.556974,54.258762],[49.55742,54.258712],[49.557887,54.258712],[49.558064,54.25872],[49.558133,54.258914],[49.560556,54.258832],[49.560733,54.258762],[49.560747,54.258547],[49.560697,54.258402],[49.560258,54.258419],[49.559204,54.258419],[49.55839,54.258501],[49.558262,54.258501],[49.558029,54.258468],[49.557986,54.258266],[49.558049,54.258149],[49.558609,54.258137],[49.560166,54.2581],[49.560782,54.258067],[49.561221,54.258051],[49.561292,54.257947],[49.561172,54.257856],[49.560775,54.257716],[49.560209,54.257654],[49.55914,54.257691],[49.558503,54.257683],[49.558078,54.257712],[49.557923,54.257728],[49.557923,54.257625],[49.557852,54.257311],[49.557859,54.256996],[49.557845,54.256756],[49.557724,54.256471],[49.557774,54.25638],[49.557731,54.256161],[49.557243,54.256136],[49.555834,54.256244],[49.555091,54.256384],[49.554206,54.256479],[49.553817,54.256533],[49.553767,54.25662],[49.553548,54.256777],[49.553527,54.256881],[49.553569,54.256922],[49.554192,54.256893],[49.555841,54.256707],[49.556294,54.256591],[49.55639,54.256583],[49.556415,54.256682],[49.556408,54.256876],[49.55616,54.257],[49.556004,54.257017],[49.555806,54.257021],[49.555013,54.257108],[49.553095,54.257302],[49.552161,54.257451],[49.551941,54.257509],[49.551899,54.257583],[49.551828,54.257737],[49.551927,54.257836],[49.552295,54.257803],[49.552876,54.257741],[49.55582,54.25734],[49.556245,54.257265],[49.55633,54.257414],[49.556273,54.257716],[49.55628,54.258137],[49.556316,54.25851],[49.556238,54.258609],[49.55587,54.258712]],[[49.561193,54.259589],[49.5612,54.259423],[49.561037,54.259204],[49.560917,54.259167],[49.560719,54.259217],[49.560195,54.259357],[49.559784,54.25951],[49.55948,54.259643],[49.559536,54.259742],[49.559791,54.260019],[49.559869,54.259957],[49.560131,54.259866],[49.560719,54.25975],[49.561136,54.259651],[49.561193,54.259589]],[[49.55862,54.264603],[49.557986,54.264729],[49.557369,54.264739],[49.556174,54.264876],[49.555878,54.26493],[49.555687,54.265053],[49.555551,54.265132],[49.555588,54.2652],[49.556433,54.265117],[49.558429,54.264952],[49.558694,54.26493],[49.558713,54.264826],[49.558682,54.264653],[49.55862,54.264603]],[[49.559631,54.272126],[49.559505,54.272024],[49.559379,54.272013],[49.559143,54.272016],[49.558537,54.272073],[49.557791,54.272101],[49.557432,54.272088],[49.557351,54.271979],[49.557179,54.271963],[49.556756,54.271963],[49.556702,54.27206],[49.556686,54.272179],[49.556686,54.27227],[49.556691,54.272458],[49.556858,54.272533],[49.557078,54.272546],[49.557485,54.272461],[49.558676,54.272295],[49.559218,54.272292],[49.559465,54.272358],[49.559454,54.27243],[49.559384,54.272496],[49.559282,54.272499],[49.558794,54.272527],[49.558472,54.27263],[49.558413,54.272681],[49.558209,54.272734],[49.557888,54.272756],[49.55777,54.272822],[49.557807,54.27284],[49.559196,54.272765],[49.559534,54.272768],[49.559518,54.272934],[49.559427,54.273],[49.559143,54.273041],[49.557807,54.273103],[49.557238,54.273091],[49.557019,54.272972],[49.556852,54.272806],[49.556386,54.272796],[49.555989,54.27279],[49.555163,54.272862],[49.55469,54.272906],[49.554492,54.273044],[49.554336,54.273138],[49.554347,54.27321],[49.554567,54.273207],[49.555179,54.273191],[49.555576,54.273157],[49.555892,54.273182],[49.555903,54.273313],[49.555983,54.273429],[49.556659,54.273426],[49.558558,54.273294],[49.559331,54.273254],[49.559486,54.273316],[49.559599,54.273335],[49.559685,54.273235],[49.559631,54.27312],[49.559685,54.272765],[49.559636,54.272449],[49.559631,54.272126]]]}},{"type":"Feature","properties":{"full_id":"r3311491","osm_id":"3311491","osm_type":"relation","natural":"wood","grassland":null,"wetland":null,"water":null,"leisure":null,"religion":null,"name":null,"landuse":null,"description":null,"wood:density":null,"leaf_cycle":null,"leaf_type":null,"type":"multipolygon","full_id_2":"r2621608","osm_id_2":"2621608","osm_type_2":"relation","boundary":"administrative","source:url":"http://www.dumadgrad.ru/files/o_gorode/genplan/prilozh/1.rar","old_name":"Мелекес","wikipedia":"ru:Городской округ Димитровград","wikidata":"Q4145659","website":null,"type_2":"boundary","population":null,"official_status":"ru:городской округ","name:tt":null,"name:ru":"городской округ Димитровград","name:ja":"ディミトロフグラード管区","name:en":null,"name_2":"городской округ Димитровград","admin_level":"6","addr:region":null,"addr:country":null},"geometry":{"type":"Polygon","coordinates":[[[49.589407,54.254505],[49.587084,54.242178],[49.588021,54.240992],[49.588899,54.240813],[49.588958,54.240214],[49.58856,54.240078],[49.588635,54.23975],[49.592279,54.240328],[49.594398,54.240676],[49.595867,54.241031],[49.596067,54.241079],[49.59624,54.241524],[49.596316,54.241954],[49.596364,54.242432],[49.595976,54.242802],[49.595549,54.243399],[49.595359,54.244261],[49.594928,54.244961],[49.59515,54.245336],[49.594367,54.24601],[49.593726,54.247083],[49.592973,54.247721],[49.592742,54.248043],[49.591997,54.249176],[49.591477,54.250337],[49.590997,54.25028],[49.590874,54.250501],[49.590428,54.251264],[49.590647,54.251416],[49.59106,54.251703],[49.591229,54.25229],[49.591855,54.252635],[49.591632,54.253085],[49.59192,54.253625],[49.592058,54.253885],[49.592215,54.254104],[49.592406,54.254371],[49.592302,54.254668],[49.592273,54.254751],[49.592259,54.254791],[49.592002,54.255376],[49.591374,54.255596],[49.590375,54.256486],[49.590199,54.256799],[49.590173,54.256847],[49.589795,54.257003],[49.589394,54.257103],[49.589171,54.257457],[49.58909,54.257606],[49.58912,54.257825],[49.588636,54.258377],[49.58777,54.258546],[49.588183,54.258662],[49.588,54.258887],[49.587923,54.259013],[49.587572,54.259238],[49.587627,54.259399],[49.587699,54.259625],[49.587278,54.260355],[49.583948,54.260515],[49.584543,54.260043],[49.585071,54.259343],[49.585489,54.258622],[49.586087,54.257785],[49.586959,54.257148],[49.588046,54.256515],[49.588887,54.255979],[49.589232,54.255587],[49.589405,54.255093],[49.589407,54.254505]]]}},{"type":"Feature","properties":{"full_id":"r3311492","osm_id":"3311492","osm_type":"relation","natural":"wood","grassland":null,"wetland":null,"water":null,"leisure":null,"religion":null,"name":null,"landuse":null,"description":null,"wood:density":null,"leaf_cycle":null,"leaf_type":null,"type":"multipolygon","full_id_2":"r2621608","osm_id_2":"2621608","osm_type_2":"relation","boundary":"administrative","source:url":"http://www.dumadgrad.ru/files/o_gorode/genplan/prilozh/1.rar","old_name":"Мелекес","wikipedia":"ru:Городской округ Димитровград","wikidata":"Q4145659","website":null,"type_2":"boundary","population":null,"official_status":"ru:городской округ","name:tt":null,"name:ru":"городской округ Димитровград","name:ja":"ディミトロフグラード管区","name:en":null,"name_2":"городской округ Димитровград","admin_level":"6","addr:region":null,"addr:country":null},"geometry":{"type":"Polygon","coordinates":[[[49.585522,54.243345],[49.586787,54.242385],[49.588763,54.252392],[49.588905,54.253502],[49.589105,54.254903],[49.588796,54.255537],[49.588352,54.255964],[49.587743,54.256366],[49.586941,54.256936],[49.585975,54.257625],[49.585387,54.258415],[49.585,54.25907],[49.584493,54.259766],[49.583988,54.260276],[49.583443,54.26074],[49.583175,54.260797],[49.57973,54.261084],[49.576883,54.261286],[49.575059,54.261423],[49.574542,54.261495],[49.574209,54.261542],[49.573919,54.261534],[49.573888,54.261423],[49.573975,54.261239],[49.573932,54.260883],[49.573716,54.259922],[49.573352,54.258237],[49.573155,54.257244],[49.572976,54.256384],[49.572859,54.255642],[49.572625,54.254598],[49.572114,54.251898],[49.571923,54.250599],[49.571608,54.249259],[49.571504,54.248424],[49.571448,54.247875],[49.573087,54.247455],[49.57376,54.247138],[49.574334,54.246735],[49.577256,54.246467],[49.57909,54.246333],[49.581038,54.245964],[49.582622,54.245397],[49.584098,54.244625],[49.585522,54.243345]]]}},{"type":"Feature","properties":{"full_id":"r3311493","osm_id":"3311493","osm_type":"relation","natural":"wood","grassland":null,"wetland":null,"water":null,"leisure":null,"religion":null,"name":null,"landuse":null,"description":null,"wood:density":null,"leaf_cycle":null,"leaf_type":null,"type":"multipolygon","full_id_2":"r2621608","osm_id_2":"2621608","osm_type_2":"relation","boundary":"administrative","source:url":"http://www.dumadgrad.ru/files/o_gorode/genplan/prilozh/1.rar","old_name":"Мелекес","wikipedia":"ru:Городской округ Димитровград","wikidata":"Q4145659","website":null,"type_2":"boundary","population":null,"official_status":"ru:городской округ","name:tt":null,"name:ru":"городской округ Димитровград","name:ja":"ディミトロフグラード管区","name:en":null,"name_2":"городской округ Димитровград","admin_level":"6","addr:region":null,"addr:country":null},"geometry":{"type":"MultiPolygon","coordinates":[[[[49.629426,54.233472],[49.621147,54.233966],[49.621111,54.234253],[49.621147,54.233966],[49.629426,54.233472]]],[[[49.620985,54.237335],[49.621879,54.237337],[49.620985,54.237335],[49.620808,54.235722],[49.620985,54.237335]]],[[[49.621879,54.237337],[49.621879,54.237337],[49.621987,54.23771],[49.621879,54.237337]]],[[[49.62202,54.244806],[49.62202,54.244806],[49.62202,54.244806],[49.6218,54.244774],[49.621057,54.237992],[49.6218,54.244774],[49.62202,54.244806]]],[[[49.622701,54.249172],[49.622701,54.249172],[49.623095,54.251694],[49.622701,54.249172]]]]}},{"type":"Feature","properties":{"full_id":"r3588695","osm_id":"3588695","osm_type":"relation","natural":"wood","grassland":null,"wetland":null,"water":null,"leisure":null,"religion":null,"name":null,"landuse":null,"description":null,"wood:density":null,"leaf_cycle":null,"leaf_type":null,"type":"multipolygon","full_id_2":"r2621608","osm_id_2":"2621608","osm_type_2":"relation","boundary":"administrative","source:url":"http://www.dumadgrad.ru/files/o_gorode/genplan/prilozh/1.rar","old_name":"Мелекес","wikipedia":"ru:Городской округ Димитровград","wikidata":"Q4145659","website":null,"type_2":"boundary","population":null,"official_status":"ru:городской округ","name:tt":null,"name:ru":"городской округ Димитровград","name:ja":"ディミトロフグラード管区","name:en":null,"name_2":"городской округ Димитровград","admin_level":"6","addr:region":null,"addr:country":null},"geometry":{"type":"Polygon","coordinates":[[[49.54493,54.184887],[49.546125,54.184608],[49.546826,54.184477],[49.546975,54.184329],[49.547005,54.184264],[49.547065,54.184252],[49.547113,54.184242],[49.54717,54.184298],[49.547559,54.184247],[49.547673,54.184208],[49.547919,54.18421],[49.548133,54.184235],[49.548163,54.184257],[49.548152,54.184316],[49.548072,54.184357],[49.54798,54.184392],[49.547905,54.184414],[49.547744,54.184492],[49.547653,54.18458],[49.547589,54.184652],[49.547567,54.18474],[49.547589,54.184828],[49.547653,54.184951],[49.547718,54.18506],[49.547728,54.18516],[49.54735,54.185324],[49.546309,54.185557],[49.546172,54.186144],[49.546088,54.186507],[49.546,54.186884],[49.546519,54.187164],[49.546948,54.18717],[49.547243,54.187082],[49.547852,54.187112],[49.548004,54.187119],[49.548322,54.187202],[49.548382,54.18704],[49.548348,54.186885],[49.548123,54.186863],[49.548014,54.186703],[49.548309,54.186566],[49.548715,54.18664],[49.54907,54.186705],[49.549351,54.186767],[49.549406,54.18698],[49.549056,54.187203],[49.549358,54.187337],[49.549431,54.18742],[49.549294,54.18758],[49.549447,54.187637],[49.549489,54.187597],[49.549573,54.187568],[49.54965,54.18762],[49.549751,54.18799],[49.548962,54.189133],[49.546549,54.191433],[49.54469,54.191223],[49.540902,54.192997],[49.523213,54.194348],[49.522644,54.192531],[49.519046,54.192752],[49.519387,54.194016],[49.519122,54.194237],[49.517001,54.193151],[49.515296,54.191799],[49.514955,54.190669],[49.514993,54.189827],[49.515372,54.18965],[49.515031,54.189007],[49.514273,54.18863],[49.513591,54.188785],[49.51325,54.18761],[49.512531,54.187256],[49.511735,54.187477],[49.511622,54.188009],[49.512266,54.188652],[49.512417,54.189539],[49.512493,54.190048],[49.511546,54.190713],[49.510788,54.191423],[49.511811,54.192331],[49.513894,54.192708],[49.514993,54.193129],[49.516714,54.194611],[49.517001,54.194858],[49.506569,54.195451],[49.504484,54.187023],[49.503645,54.187114],[49.505622,54.19558],[49.501936,54.195918],[49.495603,54.193714],[49.494234,54.192685],[49.494457,54.192398],[49.493887,54.192088],[49.493937,54.191764],[49.488969,54.189894],[49.486945,54.18907],[49.485891,54.188636],[49.485798,54.18851],[49.485733,54.188392],[49.485814,54.188239],[49.489291,54.184942],[49.487746,54.184485],[49.487668,54.184376],[49.487904,54.184076],[49.481971,54.181983],[49.48043,54.18146],[49.48032,54.181358],[49.480381,54.181301],[49.480617,54.181267],[49.480967,54.181201],[49.481353,54.181039],[49.482109,54.180608],[49.483065,54.180104],[49.483382,54.179756],[49.483703,54.1793],[49.483955,54.179057],[49.484898,54.17895],[49.486654,54.178893],[49.486833,54.17884],[49.486805,54.178776],[49.486719,54.178702],[49.486707,54.178396],[49.486675,54.178012],[49.486581,54.177782],[49.486415,54.177689],[49.486195,54.177691],[49.486041,54.177767],[49.485898,54.177872],[49.485967,54.177981],[49.485951,54.178174],[49.486049,54.178705],[49.485923,54.1788],[49.485317,54.178821],[49.483939,54.178909],[49.483739,54.178938],[49.483569,54.179081],[49.483406,54.179347],[49.483105,54.179802],[49.4828,54.180054],[49.481723,54.180694],[49.481007,54.181055],[49.480512,54.181136],[49.479796,54.181128],[49.47781,54.180469],[49.477751,54.180283],[49.477912,54.180238],[49.478114,54.180093],[49.478326,54.179945],[49.480574,54.180255],[49.482045,54.179528],[49.482768,54.177772],[49.48458,54.177269],[49.484951,54.176997],[49.487122,54.174117],[49.490164,54.172134],[49.490571,54.172066],[49.490981,54.172214],[49.49126,54.172527],[49.492283,54.173414],[49.49232,54.173546],[49.492103,54.173683],[49.49164,54.173931],[49.491312,54.174098],[49.491261,54.174178],[49.491409,54.174266],[49.491712,54.174335],[49.492007,54.174206],[49.492413,54.174262],[49.492651,54.174506],[49.492689,54.174646],[49.492464,54.174718],[49.492603,54.17494],[49.492667,54.175194],[49.492891,54.17525],[49.493069,54.175282],[49.4933,54.175259],[49.493495,54.175188],[49.49371,54.174859],[49.49449,54.175101],[49.495891,54.175634],[49.497206,54.176337],[49.498309,54.177047],[49.499689,54.177596],[49.500377,54.177822],[49.500778,54.177827],[49.500875,54.177846],[49.500988,54.177836],[49.501046,54.177784],[49.501057,54.17772],[49.501185,54.177671],[49.502018,54.17756],[49.504064,54.178469],[49.506,54.178755],[49.507965,54.179045],[49.509745,54.180531],[49.511374,54.180796],[49.5127,54.180929],[49.512738,54.18155],[49.512056,54.182171],[49.512511,54.18288],[49.512965,54.183412],[49.513874,54.183412],[49.514177,54.182902],[49.513799,54.18237],[49.51323,54.181927],[49.51395,54.181484],[49.513647,54.180686],[49.513609,54.180131],[49.514215,54.179644],[49.515162,54.179378],[49.516147,54.179067],[49.516677,54.178624],[49.516412,54.178158],[49.514594,54.177405],[49.514215,54.177094],[49.514102,54.176518],[49.514367,54.176141],[49.515465,54.17603],[49.514783,54.17572],[49.513912,54.175565],[49.513003,54.174633],[49.512776,54.174256],[49.513268,54.174079],[49.512927,54.173591],[49.51217,54.173392],[49.511791,54.173769],[49.511185,54.17368],[49.511109,54.173081],[49.510965,54.172889],[49.510844,54.172726],[49.511867,54.172505],[49.512442,54.172701],[49.512776,54.172815],[49.513066,54.172743],[49.513761,54.172571],[49.515455,54.173464],[49.516061,54.173542],[49.516552,54.173622],[49.51708,54.173573],[49.51763,54.173966],[49.517696,54.174094],[49.51755,54.174179],[49.51717,54.174339],[49.517074,54.174448],[49.51678,54.174587],[49.516582,54.174802],[49.516721,54.175147],[49.516827,54.175334],[49.516999,54.175468],[49.517057,54.175592],[49.517343,54.175667],[49.517458,54.175754],[49.517949,54.175861],[49.518244,54.175918],[49.518634,54.17598],[49.519005,54.17601],[49.519424,54.176199],[49.519837,54.176274],[49.520332,54.176261],[49.520651,54.17617],[49.520994,54.176017],[49.521535,54.176277],[49.522055,54.176519],[49.52234,54.176687],[49.522705,54.176913],[49.523173,54.176917],[49.523702,54.17715],[49.52388,54.177217],[49.523941,54.177424],[49.523999,54.177624],[49.524159,54.178176],[49.524515,54.178636],[49.52496,54.179212],[49.525832,54.180063],[49.526753,54.180943],[49.527434,54.181401],[49.527697,54.181578],[49.528038,54.181808],[49.529129,54.182744],[49.53056,54.183695],[49.532135,54.184503],[49.532605,54.18465],[49.533311,54.18487],[49.534002,54.185085],[49.535166,54.185511],[49.535351,54.185514],[49.53599,54.185525],[49.5369,54.18547],[49.538123,54.185397],[49.538939,54.185561],[49.539528,54.185705],[49.539967,54.185777],[49.540714,54.185787],[49.541503,54.185643],[49.541587,54.185454],[49.541578,54.185285],[49.541755,54.184981],[49.541956,54.184841],[49.542434,54.184913],[49.542836,54.18496],[49.54312,54.184979],[49.543394,54.185004],[49.543582,54.185023],[49.543732,54.185026],[49.543866,54.185001],[49.54493,54.184887]],[[49.521606,54.190317],[49.52137,54.190789],[49.528476,54.189948],[49.52971,54.192781],[49.530369,54.192571],[49.529163,54.189856],[49.535111,54.189009],[49.534888,54.188618],[49.529014,54.189438],[49.527956,54.186837],[49.52513,54.182983],[49.524553,54.183064],[49.52433,54.183256],[49.52723,54.18698],[49.528299,54.18956],[49.521606,54.190317]]]}},{"type":"Feature","properties":{"full_id":"r7238095","osm_id":"7238095","osm_type":"relation","natural":"wood","grassland":null,"wetland":null,"water":null,"leisure":null,"religion":null,"name":null,"landuse":null,"description":null,"wood:density":null,"leaf_cycle":null,"leaf_type":null,"type":"multipolygon","full_id_2":"r2621608","osm_id_2":"2621608","osm_type_2":"relation","boundary":"administrative","source:url":"http://www.dumadgrad.ru/files/o_gorode/genplan/prilozh/1.rar","old_name":"Мелекес","wikipedia":"ru:Городской округ Димитровград","wikidata":"Q4145659","website":null,"type_2":"boundary","population":null,"official_status":"ru:городской округ","name:tt":null,"name:ru":"городской округ Димитровград","name:ja":"ディミトロフグラード管区","name:en":null,"name_2":"городской округ Димитровград","admin_level":"6","addr:region":null,"addr:country":null},"geometry":{"type":"MultiPolygon","coordinates":[[[[49.552604,54.190105],[49.552676,54.190192],[49.552769,54.190256],[49.552979,54.190256],[49.552849,54.190533],[49.552348,54.190615],[49.552296,54.1904],[49.552356,54.190405],[49.552416,54.190194],[49.552516,54.190124],[49.552532,54.190102],[49.552604,54.190105]]],[[[49.551939,54.19007],[49.552086,54.190097],[49.552053,54.190272],[49.551835,54.190359],[49.552186,54.190393],[49.55249,54.191778],[49.552267,54.191758],[49.552156,54.191477],[49.551817,54.191717],[49.548634,54.191356],[49.548077,54.19128],[49.548058,54.191109],[49.548614,54.191078],[49.548583,54.191028],[49.548187,54.191007],[49.547968,54.191071],[49.547851,54.191171],[49.547693,54.191233],[49.547342,54.191144],[49.54733,54.190985],[49.549262,54.189145],[49.549848,54.189263],[49.550175,54.189412],[49.550175,54.189641],[49.550028,54.18986],[49.549998,54.190027],[49.550506,54.190166],[49.551126,54.190299],[49.551413,54.190244],[49.551739,54.19001],[49.551909,54.190024],[49.551939,54.19007]]],[[[49.554284,54.191539],[49.554249,54.191586],[49.554054,54.191854],[49.553804,54.191873],[49.553164,54.191838],[49.552739,54.191788],[49.552706,54.191688],[49.552648,54.191666],[49.552382,54.190673],[49.552938,54.19058],[49.553166,54.190584],[49.553114,54.190393],[49.553197,54.190204],[49.553397,54.190059],[49.554141,54.18984],[49.554792,54.189691],[49.554969,54.18967],[49.554989,54.189742],[49.554891,54.189823],[49.554762,54.19005],[49.554537,54.190257],[49.554597,54.190346],[49.554724,54.190448],[49.554502,54.19056],[49.554415,54.190637],[49.554515,54.190698],[49.554955,54.190802],[49.555008,54.190948],[49.554833,54.191119],[49.554826,54.191249],[49.554433,54.191338],[49.554284,54.191539]]]]}},{"type":"Feature","properties":{"full_id":"r9645503","osm_id":"9645503","osm_type":"relation","natural":"wood","grassland":null,"wetland":null,"water":null,"leisure":null,"religion":null,"name":null,"landuse":null,"description":null,"wood:density":null,"leaf_cycle":null,"leaf_type":null,"type":"multipolygon","full_id_2":"r2621608","osm_id_2":"2621608","osm_type_2":"relation","boundary":"administrative","source:url":"http://www.dumadgrad.ru/files/o_gorode/genplan/prilozh/1.rar","old_name":"Мелекес","wikipedia":"ru:Городской округ Димитровград","wikidata":"Q4145659","website":null,"type_2":"boundary","population":null,"official_status":"ru:городской округ","name:tt":null,"name:ru":"городской округ Димитровград","name:ja":"ディミトロフグラード管区","name:en":null,"name_2":"городской округ Димитровград","admin_level":"6","addr:region":null,"addr:country":null},"geometry":{"type":"MultiPolygon","coordinates":[[[[49.637545,54.227389],[49.637545,54.227389],[49.637298,54.227207],[49.637298,54.227207],[49.637545,54.227389]]],[[[49.633917,54.228349],[49.633917,54.228349],[49.634006,54.228374],[49.633917,54.228349]]],[[[49.634062,54.228473],[49.634062,54.228473],[49.634065,54.22842],[49.634062,54.228473]]],[[[49.63553,54.228688],[49.636194,54.228691],[49.63553,54.228688],[49.635304,54.228296],[49.63553,54.228688]]],[[[49.634206,54.229571],[49.634498,54.230596],[49.634708,54.232141],[49.634498,54.230596],[49.634206,54.229571]]],[[[49.634966,54.232572],[49.634708,54.232141],[49.634966,54.232572],[49.634966,54.232572]]]]}},{"type":"Feature","properties":{"full_id":"r11362172","osm_id":"11362172","osm_type":"relation","natural":"wood","grassland":null,"wetland":null,"water":null,"leisure":null,"religion":null,"name":null,"landuse":null,"description":null,"wood:density":null,"leaf_cycle":null,"leaf_type":null,"type":"multipolygon","full_id_2":"r2621608","osm_id_2":"2621608","osm_type_2":"relation","boundary":"administrative","source:url":"http://www.dumadgrad.ru/files/o_gorode/genplan/prilozh/1.rar","old_name":"Мелекес","wikipedia":"ru:Городской округ Димитровград","wikidata":"Q4145659","website":null,"type_2":"boundary","population":null,"official_status":"ru:городской округ","name:tt":null,"name:ru":"городской округ Димитровград","name:ja":"ディミトロフグラード管区","name:en":null,"name_2":"городской округ Димитровград","admin_level":"6","addr:region":null,"addr:country":null},"geometry":{"type":"Polygon","coordinates":[[[49.573928,54.21974],[49.573805,54.219616],[49.573751,54.219455],[49.573779,54.219222],[49.573656,54.218951],[49.574359,54.2188],[49.574747,54.218043],[49.574299,54.216694],[49.574807,54.216585],[49.574531,54.216185],[49.573881,54.216267],[49.573031,54.214818],[49.573121,54.214779],[49.573569,54.214585],[49.574287,54.214274],[49.574126,54.213833],[49.574537,54.213137],[49.575151,54.212772],[49.575817,54.214185],[49.576134,54.214167],[49.576369,54.215429],[49.581432,54.21514],[49.581494,54.216724],[49.581535,54.217861],[49.581277,54.221015],[49.578893,54.221652],[49.578155,54.221755],[49.57743,54.221743],[49.576741,54.219958],[49.574449,54.220111],[49.574419,54.220113],[49.574128,54.220179],[49.574002,54.220284],[49.573928,54.21974]]]}},{"type":"Feature","properties":{"full_id":"r14693901","osm_id":"14693901","osm_type":"relation","natural":"wood","grassland":null,"wetland":null,"water":null,"leisure":null,"religion":null,"name":null,"landuse":null,"description":null,"wood:density":null,"leaf_cycle":null,"leaf_type":null,"type":"multipolygon","full_id_2":"r2621608","osm_id_2":"2621608","osm_type_2":"relation","boundary":"administrative","source:url":"http://www.dumadgrad.ru/files/o_gorode/genplan/prilozh/1.rar","old_name":"Мелекес","wikipedia":"ru:Городской округ Димитровград","wikidata":"Q4145659","website":null,"type_2":"boundary","population":null,"official_status":"ru:городской округ","name:tt":null,"name:ru":"городской округ Димитровград","name:ja":"ディミトロフグラード管区","name:en":null,"name_2":"городской округ Димитровград","admin_level":"6","addr:region":null,"addr:country":null},"geometry":{"type":"MultiPolygon","coordinates":[[[[49.565678,54.230579],[49.565522,54.230693],[49.565324,54.230825],[49.564591,54.230336],[49.564602,54.230316],[49.564694,54.230277],[49.564779,54.230258],[49.564927,54.230304],[49.564927,54.230374],[49.564846,54.230461],[49.564899,54.230513],[49.564995,54.230527],[49.565034,54.230469],[49.56497,54.230436],[49.564991,54.230347],[49.565133,54.230331],[49.565292,54.230349],[49.565249,54.230434],[49.565303,54.230523],[49.565373,54.230515],[49.565405,54.230461],[49.565405,54.230335],[49.565497,54.230331],[49.565515,54.230426],[49.5656,54.230438],[49.565688,54.230354],[49.565819,54.230341],[49.565851,54.230411],[49.565678,54.230579]]],[[[49.564535,54.230536],[49.564612,54.230616],[49.564701,54.230558],[49.565226,54.230882],[49.565179,54.23091],[49.564917,54.231073],[49.564853,54.231047],[49.564864,54.230949],[49.564736,54.23091],[49.564726,54.230848],[49.564637,54.230823],[49.56452,54.2309],[49.564404,54.230815],[49.56452,54.230759],[49.564591,54.230726],[49.564552,54.230693],[49.5644,54.230716],[49.564188,54.230757],[49.563947,54.230778],[49.563816,54.230724],[49.563611,54.230614],[49.563455,54.230521],[49.563476,54.230457],[49.563685,54.230488],[49.563777,54.230486],[49.563876,54.230411],[49.563883,54.230354],[49.563898,54.2303],[49.563997,54.230269],[49.564142,54.230323],[49.564124,54.230385],[49.564053,54.230451],[49.564184,54.230496],[49.564315,54.2305],[49.564379,54.230438],[49.56451,54.230472],[49.564535,54.230536]]]]}},{"type":"Feature","properties":{"full_id":"r15412028","osm_id":"15412028","osm_type":"relation","natural":"wood","grassland":null,"wetland":null,"water":null,"leisure":null,"religion":null,"name":null,"landuse":null,"description":null,"wood:density":null,"leaf_cycle":null,"leaf_type":null,"type":"multipolygon","full_id_2":"r2621608","osm_id_2":"2621608","osm_type_2":"relation","boundary":"administrative","source:url":"http://www.dumadgrad.ru/files/o_gorode/genplan/prilozh/1.rar","old_name":"Мелекес","wikipedia":"ru:Городской округ Димитровград","wikidata":"Q4145659","website":null,"type_2":"boundary","population":null,"official_status":"ru:городской округ","name:tt":null,"name:ru":"городской округ Димитровград","name:ja":"ディミトロフグラード管区","name:en":null,"name_2":"городской округ Димитровград","admin_level":"6","addr:region":null,"addr:country":null},"geometry":{"type":"Polygon","coordinates":[[[49.50615,54.167493],[49.506916,54.167422],[49.507203,54.167356],[49.507385,54.167458],[49.508476,54.168389],[49.508,54.168641],[49.507346,54.168805],[49.506944,54.168991],[49.506589,54.169067],[49.506188,54.169259],[49.505876,54.169512],[49.505777,54.168854],[49.505599,54.16846],[49.505581,54.168253],[49.50573,54.168067],[49.505571,54.167946],[49.505459,54.167892],[49.505506,54.167793],[49.505618,54.167815],[49.505805,54.167815],[49.505609,54.167575],[49.505693,54.167493],[49.50615,54.167493]]]}},{"type":"Feature","properties":{"full_id":"r15412029","osm_id":"15412029","osm_type":"relation","natural":"wood","grassland":null,"wetland":null,"water":null,"leisure":null,"religion":null,"name":null,"landuse":null,"description":null,"wood:density":null,"leaf_cycle":null,"leaf_type":null,"type":"multipolygon","full_id_2":"r2621608","osm_id_2":"2621608","osm_type_2":"relation","boundary":"administrative","source:url":"http://www.dumadgrad.ru/files/o_gorode/genplan/prilozh/1.rar","old_name":"Мелекес","wikipedia":"ru:Городской округ Димитровград","wikidata":"Q4145659","website":null,"type_2":"boundary","population":null,"official_status":"ru:городской округ","name:tt":null,"name:ru":"городской округ Димитровград","name:ja":"ディミトロフグラード管区","name:en":null,"name_2":"городской округ Димитровград","admin_level":"6","addr:region":null,"addr:country":null},"geometry":{"type":"Polygon","coordinates":[[[49.509297,54.168986],[49.509415,54.168956],[49.509492,54.169002],[49.509773,54.169221],[49.509694,54.169253],[49.509595,54.169315],[49.509227,54.169483],[49.509067,54.169593],[49.508781,54.169705],[49.508526,54.16979],[49.508264,54.169796],[49.508034,54.169782],[49.507906,54.169734],[49.507878,54.169678],[49.507906,54.169603],[49.508352,54.169409],[49.508568,54.169295],[49.508859,54.169197],[49.509092,54.169094],[49.509297,54.168986]]]}},{"type":"Feature","properties":{"full_id":"r15412031","osm_id":"15412031","osm_type":"relation","natural":"wood","grassland":null,"wetland":null,"water":null,"leisure":null,"religion":null,"name":null,"landuse":null,"description":null,"wood:density":null,"leaf_cycle":null,"leaf_type":null,"type":"multipolygon","full_id_2":"r2621608","osm_id_2":"2621608","osm_type_2":"relation","boundary":"administrative","source:url":"http://www.dumadgrad.ru/files/o_gorode/genplan/prilozh/1.rar","old_name":"Мелекес","wikipedia":"ru:Городской округ Димитровград","wikidata":"Q4145659","website":null,"type_2":"boundary","population":null,"official_status":"ru:городской округ","name:tt":null,"name:ru":"городской округ Димитровград","name:ja":"ディミトロフグラード管区","name:en":null,"name_2":"городской округ Димитровград","admin_level":"6","addr:region":null,"addr:country":null},"geometry":{"type":"Polygon","coordinates":[[[49.511198,54.170857],[49.511056,54.171118],[49.510886,54.171226],[49.510763,54.171309],[49.510614,54.171304],[49.510564,54.171234],[49.510561,54.171172],[49.510653,54.171064],[49.510731,54.170919],[49.510798,54.170832],[49.510975,54.170677],[49.511155,54.170606],[49.511219,54.17061],[49.511262,54.170631],[49.51123,54.170749],[49.511198,54.170857]]]}},{"type":"Feature","properties":{"full_id":"r15412034","osm_id":"15412034","osm_type":"relation","natural":"wood","grassland":null,"wetland":null,"water":null,"leisure":null,"religion":null,"name":null,"landuse":null,"description":null,"wood:density":null,"leaf_cycle":null,"leaf_type":null,"type":"multipolygon","full_id_2":"r2621608","osm_id_2":"2621608","osm_type_2":"relation","boundary":"administrative","source:url":"http://www.dumadgrad.ru/files/o_gorode/genplan/prilozh/1.rar","old_name":"Мелекес","wikipedia":"ru:Городской округ Димитровград","wikidata":"Q4145659","website":null,"type_2":"boundary","population":null,"official_status":"ru:городской округ","name:tt":null,"name:ru":"городской округ Димитровград","name:ja":"ディミトロフグラード管区","name:en":null,"name_2":"городской округ Димитровград","admin_level":"6","addr:region":null,"addr:country":null},"geometry":{"type":"Polygon","coordinates":[[[49.506302,54.170899],[49.506726,54.171204],[49.507041,54.171354],[49.507155,54.171408],[49.507627,54.171624],[49.508196,54.171785],[49.508556,54.171913],[49.508899,54.172027],[49.509092,54.172199],[49.509237,54.172347],[49.509387,54.172526],[49.509746,54.172651],[49.510111,54.172717],[49.510337,54.172789],[49.510669,54.172865],[49.510965,54.172889],[49.511109,54.173081],[49.511185,54.17368],[49.510267,54.173642],[49.509795,54.17358],[49.509301,54.173567],[49.508615,54.173956],[49.507907,54.17412],[49.50707,54.174245],[49.506211,54.174094],[49.504388,54.172663],[49.504602,54.172399],[49.505246,54.172185],[49.505203,54.171557],[49.505423,54.171392],[49.505552,54.171223],[49.505283,54.171241],[49.504897,54.171336],[49.504747,54.171197],[49.504747,54.171015],[49.504972,54.170795],[49.505047,54.170588],[49.504886,54.170368],[49.504897,54.17013],[49.50509,54.170029],[49.505487,54.170174],[49.505747,54.17018],[49.505884,54.170186],[49.506034,54.170519],[49.506302,54.170899]]]}},{"type":"Feature","properties":{"full_id":"r15436762","osm_id":"15436762","osm_type":"relation","natural":"wood","grassland":null,"wetland":null,"water":null,"leisure":null,"religion":null,"name":null,"landuse":null,"description":null,"wood:density":null,"leaf_cycle":null,"leaf_type":null,"type":"multipolygon","full_id_2":"r2621608","osm_id_2":"2621608","osm_type_2":"relation","boundary":"administrative","source:url":"http://www.dumadgrad.ru/files/o_gorode/genplan/prilozh/1.rar","old_name":"Мелекес","wikipedia":"ru:Городской округ Димитровград","wikidata":"Q4145659","website":null,"type_2":"boundary","population":null,"official_status":"ru:городской округ","name:tt":null,"name:ru":"городской округ Димитровград","name:ja":"ディミトロフグラード管区","name:en":null,"name_2":"городской округ Димитровград","admin_level":"6","addr:region":null,"addr:country":null},"geometry":{"type":"MultiPolygon","coordinates":[[[[49.490464,54.16214],[49.490634,54.162139],[49.490644,54.16213],[49.499438,54.163766],[49.500768,54.164507],[49.502039,54.164754],[49.501924,54.164795],[49.501747,54.164737],[49.501681,54.164702],[49.501499,54.164672],[49.501448,54.164751],[49.501527,54.164836],[49.501564,54.164926],[49.501499,54.164983],[49.501233,54.165019],[49.501116,54.165057],[49.501051,54.16515],[49.501046,54.16524],[49.501116,54.165306],[49.501294,54.165311],[49.501345,54.165399],[49.501499,54.165396],[49.501592,54.165366],[49.501714,54.165382],[49.501784,54.165421],[49.501891,54.165459],[49.502101,54.165456],[49.50219,54.165424],[49.502279,54.165424],[49.502419,54.165459],[49.502517,54.1655],[49.50262,54.1655],[49.502713,54.165533],[49.50276,54.16559],[49.502736,54.165659],[49.502629,54.165697],[49.502485,54.165729],[49.502298,54.165738],[49.50213,54.165677],[49.502022,54.165653],[49.501756,54.165691],[49.50156,54.16574],[49.501438,54.165768],[49.501252,54.165817],[49.501135,54.165844],[49.500911,54.165863],[49.500743,54.165839],[49.500551,54.165792],[49.500448,54.165748],[49.500201,54.165748],[49.499939,54.165748],[49.499692,54.165748],[49.4995,54.165748],[49.499262,54.165765],[49.499197,54.165776],[49.499057,54.165836],[49.498898,54.165874],[49.498767,54.165885],[49.498562,54.165844],[49.498375,54.165789],[49.498328,54.165713],[49.49831,54.165631],[49.497628,54.165453],[49.495547,54.165126],[49.494324,54.164762],[49.493358,54.16446],[49.491899,54.164674],[49.491599,54.1649],[49.491191,54.164774],[49.490161,54.164535],[49.489689,54.164272],[49.489389,54.164272],[49.48911,54.163895],[49.488681,54.164121],[49.488123,54.164146],[49.487737,54.164259],[49.487157,54.16392],[49.486106,54.163706],[49.485741,54.163574],[49.485355,54.163474],[49.485462,54.163417],[49.485682,54.16343],[49.485878,54.163493],[49.486051,54.163502],[49.48603,54.1634],[49.485848,54.163298],[49.485862,54.163193],[49.485886,54.163044],[49.486055,54.162973],[49.48617,54.16289],[49.486173,54.162777],[49.486122,54.16267],[49.486001,54.162544],[49.485821,54.162431],[49.485282,54.162228],[49.484943,54.162111],[49.484797,54.162038],[49.484641,54.161949],[49.484582,54.161867],[49.484591,54.161856],[49.485641,54.162158],[49.489846,54.161982],[49.490379,54.162081],[49.490381,54.162092],[49.490464,54.16214]]],[[[49.502428,54.164882],[49.502354,54.164847],[49.502354,54.164815],[49.504029,54.16514],[49.504019,54.165265],[49.504124,54.165322],[49.504247,54.165346],[49.504361,54.165436],[49.504385,54.165538],[49.504402,54.165598],[49.504504,54.16566],[49.504611,54.165754],[49.50466,54.165883],[49.504656,54.165948],[49.504559,54.166018],[49.504384,54.166083],[49.504289,54.166096],[49.504208,54.166047],[49.504214,54.165959],[49.504134,54.165912],[49.504128,54.165844],[49.504113,54.165723],[49.504204,54.165647],[49.504109,54.16557],[49.504014,54.165598],[49.503818,54.165542],[49.503585,54.165498],[49.503501,54.165441],[49.503393,54.165383],[49.503212,54.16539],[49.503209,54.165493],[49.503343,54.165591],[49.503275,54.165667],[49.503189,54.165656],[49.502913,54.165486],[49.502783,54.165399],[49.502666,54.165361],[49.502554,54.165311],[49.50255,54.165265],[49.502601,54.165232],[49.502694,54.165221],[49.502821,54.165213],[49.502905,54.165158],[49.502877,54.165134],[49.502732,54.165087],[49.502676,54.165033],[49.502596,54.164959],[49.50255,54.164885],[49.502428,54.164882]]]]}},{"type":"Feature","properties":{"full_id":"r15436826","osm_id":"15436826","osm_type":"relation","natural":"wood","grassland":null,"wetland":null,"water":null,"leisure":null,"religion":null,"name":null,"landuse":null,"description":null,"wood:density":null,"leaf_cycle":null,"leaf_type":null,"type":"multipolygon","full_id_2":"r2621608","osm_id_2":"2621608","osm_type_2":"relation","boundary":"administrative","source:url":"http://www.dumadgrad.ru/files/o_gorode/genplan/prilozh/1.rar","old_name":"Мелекес","wikipedia":"ru:Городской округ Димитровград","wikidata":"Q4145659","website":null,"type_2":"boundary","population":null,"official_status":"ru:городской округ","name:tt":null,"name:ru":"городской округ Димитровград","name:ja":"ディミトロフグラード管区","name:en":null,"name_2":"городской округ Димитровград","admin_level":"6","addr:region":null,"addr:country":null},"geometry":{"type":"Polygon","coordinates":[[[49.505132,54.166831],[49.505527,54.166894],[49.505814,54.16694],[49.506253,54.16694],[49.506297,54.166848],[49.506994,54.167239],[49.507,54.167252],[49.50644,54.167263],[49.505795,54.167312],[49.50559,54.167307],[49.505282,54.167055],[49.505132,54.166831]]]}},{"type":"Feature","properties":{"full_id":"r15436883","osm_id":"15436883","osm_type":"relation","natural":"wood","grassland":null,"wetland":null,"water":null,"leisure":null,"religion":null,"name":null,"landuse":null,"description":null,"wood:density":null,"leaf_cycle":null,"leaf_type":null,"type":"multipolygon","full_id_2":"r2621608","osm_id_2":"2621608","osm_type_2":"relation","boundary":"administrative","source:url":"http://www.dumadgrad.ru/files/o_gorode/genplan/prilozh/1.rar","old_name":"Мелекес","wikipedia":"ru:Городской округ Димитровград","wikidata":"Q4145659","website":null,"type_2":"boundary","population":null,"official_status":"ru:городской округ","name:tt":null,"name:ru":"городской округ Димитровград","name:ja":"ディミトロフグラード管区","name:en":null,"name_2":"городской округ Димитровград","admin_level":"6","addr:region":null,"addr:country":null},"geometry":{"type":"Polygon","coordinates":[[[49.484614,54.162461],[49.484472,54.162454],[49.484455,54.162549],[49.484175,54.162902],[49.483617,54.163267],[49.482823,54.163367],[49.481875,54.163448],[49.481235,54.163229],[49.48072,54.16294],[49.479819,54.162551],[49.478609,54.162596],[49.477995,54.162337],[49.477566,54.162224],[49.476772,54.162048],[49.476278,54.161784],[49.475484,54.161859],[49.474862,54.161395],[49.47454,54.160754],[49.473982,54.160515],[49.473725,54.160038],[49.474204,54.159949],[49.475034,54.159837],[49.475205,54.159384],[49.474776,54.15892],[49.475313,54.158417],[49.475613,54.158254],[49.475956,54.158304],[49.476514,54.158605],[49.476536,54.159083],[49.476624,54.159361],[49.476607,54.159645],[49.476787,54.159872],[49.476836,54.160025],[49.477049,54.160201],[49.47739,54.160631],[49.479604,54.161178],[49.482177,54.161161],[49.482623,54.161289],[49.48292,54.161479],[49.483248,54.161616],[49.483651,54.161716],[49.483992,54.161785],[49.484362,54.161897],[49.484653,54.162129],[49.484664,54.162219],[49.484772,54.162316],[49.485187,54.162287],[49.48537,54.162348],[49.485376,54.162411],[49.485314,54.162444],[49.485323,54.162564],[49.485214,54.162608],[49.485153,54.162575],[49.485138,54.162535],[49.485173,54.162488],[49.485184,54.162434],[49.485121,54.162418],[49.485112,54.162377],[49.485122,54.162339],[49.484991,54.162359],[49.484887,54.162398],[49.48483,54.162446],[49.484714,54.162476],[49.484614,54.162461]]]}},{"type":"Feature","properties":{"full_id":"r15437086","osm_id":"15437086","osm_type":"relation","natural":"wood","grassland":null,"wetland":null,"water":null,"leisure":null,"religion":null,"name":null,"landuse":null,"description":null,"wood:density":null,"leaf_cycle":null,"leaf_type":null,"type":"multipolygon","full_id_2":"r2621608","osm_id_2":"2621608","osm_type_2":"relation","boundary":"administrative","source:url":"http://www.dumadgrad.ru/files/o_gorode/genplan/prilozh/1.rar","old_name":"Мелекес","wikipedia":"ru:Городской округ Димитровград","wikidata":"Q4145659","website":null,"type_2":"boundary","population":null,"official_status":"ru:городской округ","name:tt":null,"name:ru":"городской округ Димитровград","name:ja":"ディミトロフグラード管区","name:en":null,"name_2":"городской округ Димитровград","admin_level":"6","addr:region":null,"addr:country":null},"geometry":{"type":"Polygon","coordinates":[[[49.45877,54.189942],[49.448306,54.190636],[49.448132,54.190648],[49.444647,54.177365],[49.442981,54.161381],[49.443155,54.161347],[49.444164,54.160932],[49.445515,54.160857],[49.448532,54.160552],[49.450085,54.160707],[49.451087,54.160756],[49.451904,54.160796],[49.453476,54.160525],[49.454479,54.160352],[49.456033,54.160402],[49.456683,54.160526],[49.45719,54.160566],[49.457714,54.160606],[49.457948,54.16076],[49.458096,54.161072],[49.458053,54.161365],[49.458235,54.161536],[49.458591,54.161626],[49.458775,54.161635],[49.458953,54.161527],[49.4589,54.161249],[49.458883,54.161164],[49.458946,54.161102],[49.459026,54.161106],[49.459106,54.161142],[49.459405,54.161363],[49.459732,54.161639],[49.460048,54.161971],[49.461411,54.163435],[49.462035,54.164116],[49.463078,54.165254],[49.463557,54.165914],[49.463747,54.166209],[49.464049,54.166478],[49.464763,54.166966],[49.465416,54.167385],[49.465931,54.16777],[49.466367,54.168009],[49.466876,54.168227],[49.467692,54.168601],[49.468365,54.168835],[49.469056,54.169037],[49.470204,54.169357],[49.471161,54.169553],[49.471731,54.169677],[49.472111,54.169724],[49.473502,54.16986],[49.4748,54.170024],[49.47595,54.170223],[49.476617,54.170321],[49.477359,54.170337],[49.478325,54.170357],[49.479203,54.170319],[49.480007,54.170242],[49.481217,54.170104],[49.4822,54.170038],[49.483069,54.169983],[49.483609,54.169951],[49.48386,54.170105],[49.483825,54.170323],[49.483752,54.170529],[49.4835,54.170632],[49.483384,54.170663],[49.483531,54.170894],[49.483604,54.171035],[49.483863,54.171133],[49.484009,54.17119],[49.484495,54.171301],[49.484901,54.171388],[49.485265,54.17153],[49.48568,54.171569],[49.485981,54.171592],[49.486094,54.171611],[49.486306,54.171557],[49.486654,54.171526],[49.48702,54.171337],[49.487098,54.171014],[49.486871,54.170715],[49.487011,54.17049],[49.486957,54.170233],[49.486842,54.170103],[49.486558,54.169945],[49.486551,54.169798],[49.486837,54.169673],[49.48711,54.169748],[49.487321,54.169888],[49.487697,54.170052],[49.488488,54.170131],[49.489049,54.170184],[49.48921,54.170294],[49.48929,54.170558],[49.48946,54.170762],[49.489902,54.170818],[49.490437,54.170945],[49.49048,54.171183],[49.49048,54.171483],[49.49027,54.171663],[49.490023,54.171724],[49.489764,54.171727],[49.489656,54.171931],[49.48641,54.173994],[49.484036,54.176977],[49.482071,54.177483],[49.481347,54.179236],[49.481121,54.179457],[49.480687,54.179654],[49.480532,54.179579],[49.480482,54.179267],[49.480062,54.179113],[49.480036,54.179564],[49.478043,54.179536],[49.477758,54.17957],[49.477543,54.179725],[49.477218,54.180126],[49.477048,54.180171],[49.476723,54.180088],[49.474695,54.179411],[49.471775,54.178304],[49.471554,54.178364],[49.471382,54.178473],[49.470913,54.178938],[49.470131,54.179597],[49.469897,54.179782],[49.469687,54.179814],[49.469373,54.179817],[49.469627,54.179933],[49.469754,54.179991],[49.464264,54.185088],[49.461461,54.187679],[49.460839,54.188272],[49.46075,54.188497],[49.461223,54.188688],[49.461751,54.188887],[49.468763,54.191594],[49.467103,54.193097],[49.45877,54.189942]],[[49.450869,54.169927],[49.451112,54.170339],[49.451304,54.170908],[49.453219,54.180955],[49.45339,54.180988],[49.453595,54.180988],[49.453748,54.180944],[49.453825,54.180779],[49.453825,54.180487],[49.453659,54.179768],[49.453454,54.178959],[49.453249,54.177888],[49.452993,54.176637],[49.45284,54.175739],[49.45275,54.175821],[49.452801,54.176465],[49.45362,54.180569],[49.453582,54.180816],[49.45339,54.180839],[49.453364,54.180666],[49.453159,54.179648],[49.452673,54.177132],[49.451522,54.170855],[49.451343,54.170181],[49.451074,54.169709],[49.450498,54.166631],[49.450204,54.165402],[49.45028,54.165275],[49.450639,54.165237],[49.451304,54.168444],[49.451803,54.170818],[49.452494,54.174526],[49.452686,54.175087],[49.451893,54.170354],[49.450869,54.165417],[49.45078,54.165132],[49.450447,54.165148],[49.450025,54.16517],[49.449897,54.165267],[49.449999,54.165694],[49.450869,54.169927]]]}},{"type":"Feature","properties":{"full_id":"r15446618","osm_id":"15446618","osm_type":"relation","natural":"wood","grassland":null,"wetland":null,"water":null,"leisure":null,"religion":null,"name":null,"landuse":null,"description":null,"wood:density":null,"leaf_cycle":null,"leaf_type":null,"type":"multipolygon","full_id_2":"r2621608","osm_id_2":"2621608","osm_type_2":"relation","boundary":"administrative","source:url":"http://www.dumadgrad.ru/files/o_gorode/genplan/prilozh/1.rar","old_name":"Мелекес","wikipedia":"ru:Городской округ Димитровград","wikidata":"Q4145659","website":null,"type_2":"boundary","population":null,"official_status":"ru:городской округ","name:tt":null,"name:ru":"городской округ Димитровград","name:ja":"ディミトロフグラード管区","name:en":null,"name_2":"городской округ Димитровград","admin_level":"6","addr:region":null,"addr:country":null},"geometry":{"type":"Polygon","coordinates":[[[49.51146,54.215896],[49.511463,54.215908],[49.511394,54.215673],[49.493568,54.216853],[49.492825,54.213],[49.492746,54.212592],[49.491748,54.207415],[49.475542,54.20843],[49.473749,54.199031],[49.48999,54.197973],[49.527135,54.211146],[49.511817,54.21544],[49.511699,54.215477],[49.511515,54.215703],[49.51146,54.215896]]]}},{"type":"Feature","properties":{"full_id":"r15480028","osm_id":"15480028","osm_type":"relation","natural":"wood","grassland":null,"wetland":null,"water":null,"leisure":null,"religion":null,"name":null,"landuse":null,"description":null,"wood:density":null,"leaf_cycle":null,"leaf_type":null,"type":"multipolygon","full_id_2":"r2621608","osm_id_2":"2621608","osm_type_2":"relation","boundary":"administrative","source:url":"http://www.dumadgrad.ru/files/o_gorode/genplan/prilozh/1.rar","old_name":"Мелекес","wikipedia":"ru:Городской округ Димитровград","wikidata":"Q4145659","website":null,"type_2":"boundary","population":null,"official_status":"ru:городской округ","name:tt":null,"name:ru":"городской округ Димитровград","name:ja":"ディミトロフグラード管区","name:en":null,"name_2":"городской округ Димитровград","admin_level":"6","addr:region":null,"addr:country":null},"geometry":{"type":"Polygon","coordinates":[[[49.619559,54.206336],[49.619649,54.206272],[49.619746,54.206247],[49.619917,54.206238],[49.620099,54.206229],[49.620365,54.206247],[49.620475,54.206281],[49.620545,54.206322],[49.620641,54.206426],[49.620706,54.206523],[49.620733,54.206639],[49.620792,54.206802],[49.620902,54.206976],[49.621052,54.207135],[49.621054,54.207191],[49.620967,54.207198],[49.620782,54.20721],[49.620503,54.207232],[49.620382,54.207218],[49.620382,54.207176],[49.620517,54.207107],[49.620517,54.207086],[49.620517,54.207047],[49.620643,54.206973],[49.620659,54.206947],[49.620637,54.206932],[49.620519,54.206904],[49.620444,54.206889],[49.620289,54.206551],[49.620282,54.20654],[49.620259,54.206498],[49.620221,54.206484],[49.620157,54.206503],[49.62005,54.206498],[49.62005,54.206448],[49.620093,54.206388],[49.620074,54.206343],[49.620028,54.206346],[49.619937,54.206394],[49.619833,54.206459],[49.619701,54.206556],[49.619666,54.206628],[49.619709,54.206738],[49.619658,54.206788],[49.619567,54.206785],[49.619492,54.206747],[49.619409,54.206689],[49.619334,54.206611],[49.61935,54.206553],[49.619438,54.206485],[49.619543,54.206396],[49.619559,54.206336]]]}},{"type":"Feature","properties":{"full_id":"r15654766","osm_id":"15654766","osm_type":"relation","natural":"wood","grassland":null,"wetland":null,"water":null,"leisure":null,"religion":null,"name":null,"landuse":null,"description":null,"wood:density":null,"leaf_cycle":null,"leaf_type":null,"type":"multipolygon","full_id_2":"r2621608","osm_id_2":"2621608","osm_type_2":"relation","boundary":"administrative","source:url":"http://www.dumadgrad.ru/files/o_gorode/genplan/prilozh/1.rar","old_name":"Мелекес","wikipedia":"ru:Городской округ Димитровград","wikidata":"Q4145659","website":null,"type_2":"boundary","population":null,"official_status":"ru:городской округ","name:tt":null,"name:ru":"городской округ Димитровград","name:ja":"ディミトロフグラード管区","name:en":null,"name_2":"городской округ Димитровград","admin_level":"6","addr:region":null,"addr:country":null},"geometry":{"type":"Polygon","coordinates":[[[49.594296,54.197415],[49.594534,54.197433],[49.594522,54.197511],[49.594549,54.197665],[49.594608,54.197803],[49.594678,54.197973],[49.594687,54.197987],[49.59473,54.19805],[49.594758,54.198092],[49.594812,54.198191],[49.594855,54.19824],[49.594978,54.198381],[49.595043,54.198456],[49.595075,54.198494],[49.595065,54.198569],[49.595215,54.198758],[49.595383,54.198971],[49.595683,54.199137],[49.596048,54.199341],[49.596155,54.199487],[49.596223,54.199486],[49.596403,54.199484],[49.596712,54.199479],[49.59737,54.199389],[49.597503,54.199433],[49.597525,54.199414],[49.597557,54.199302],[49.597695,54.199232],[49.597918,54.199188],[49.597962,54.199171],[49.598073,54.199182],[49.598209,54.19922],[49.598114,54.199348],[49.598011,54.19941],[49.5979,54.199419],[49.597809,54.199485],[49.597845,54.199535],[49.597918,54.199569],[49.598302,54.199671],[49.598619,54.199664],[49.598833,54.199861],[49.598964,54.199776],[49.599071,54.199856],[49.599361,54.199848],[49.599361,54.200005],[49.5994,54.200085],[49.599425,54.200138],[49.600217,54.200125],[49.600307,54.200124],[49.600392,54.199923],[49.600425,54.199848],[49.600118,54.19931],[49.600867,54.19964],[49.601516,54.200003],[49.601684,54.200472],[49.600859,54.200937],[49.600511,54.201135],[49.600513,54.20169],[49.600511,54.202044],[49.600232,54.202153],[49.599599,54.202083],[49.599319,54.201965],[49.599213,54.20192],[49.597147,54.201458],[49.595449,54.201055],[49.59396,54.200656],[49.592773,54.200483],[49.590614,54.20018],[49.588696,54.199965],[49.585968,54.199339],[49.584943,54.19925],[49.584235,54.199188],[49.584072,54.199136],[49.584058,54.199174],[49.583952,54.199305],[49.583948,54.199398],[49.584001,54.19949],[49.584091,54.199621],[49.583883,54.200354],[49.583265,54.200292],[49.58311,54.20087],[49.583753,54.201288],[49.584647,54.201459],[49.584582,54.201554],[49.584851,54.201663],[49.584843,54.201892],[49.585314,54.202006],[49.585298,54.202172],[49.585607,54.202287],[49.585591,54.202372],[49.586152,54.202624],[49.586143,54.20271],[49.585517,54.202596],[49.585461,54.202515],[49.585127,54.202415],[49.584786,54.202458],[49.584355,54.202277],[49.582546,54.202091],[49.582525,54.201136],[49.582432,54.200584],[49.582261,54.200522],[49.582021,54.200518],[49.581842,54.200532],[49.581667,54.200532],[49.581562,54.20058],[49.581367,54.200549],[49.581257,54.200439],[49.581216,54.200304],[49.581236,54.200173],[49.581261,54.200092],[49.581216,54.200042],[49.581122,54.200063],[49.580758,54.200314],[49.580597,54.20032],[49.58021,54.200157],[49.580361,54.199981],[49.580092,54.199918],[49.57991,54.200012],[49.579695,54.199968],[49.579878,54.199711],[49.579577,54.199052],[49.579674,54.198971],[49.579805,54.198955],[49.579887,54.198965],[49.580009,54.199024],[49.580102,54.199081],[49.58024,54.199017],[49.580257,54.198917],[49.580338,54.198889],[49.58048,54.198958],[49.580643,54.199034],[49.580858,54.199112],[49.581061,54.199186],[49.58107,54.199281],[49.581192,54.199314],[49.581505,54.19939],[49.581826,54.199524],[49.582025,54.199619],[49.582261,54.199681],[49.582488,54.199733],[49.582562,54.199783],[49.582578,54.199859],[49.582464,54.199902],[49.582212,54.199857],[49.581948,54.199771],[49.581692,54.199757],[49.581614,54.199849],[49.581675,54.199928],[49.582151,54.200328],[49.582224,54.200392],[49.582497,54.200435],[49.582615,54.200444],[49.582781,54.200396],[49.582867,54.200325],[49.583058,54.200318],[49.583021,54.200235],[49.583123,54.20014],[49.583375,54.20018],[49.583594,54.20018],[49.583676,54.200056],[49.583688,54.199942],[49.583554,54.199928],[49.583375,54.199987],[49.583192,54.200002],[49.582936,54.19988],[49.582822,54.199811],[49.582797,54.199697],[49.582989,54.199605],[49.583147,54.199467],[49.583415,54.199291],[49.583261,54.199062],[49.583228,54.198986],[49.583358,54.198904],[49.58228,54.198477],[49.581359,54.197786],[49.580548,54.197225],[49.580131,54.196793],[49.580425,54.19631],[49.581399,54.195741],[49.582195,54.195844],[49.58311,54.196759],[49.58429,54.19738],[49.585306,54.197957],[49.587977,54.197777],[49.589307,54.197648],[49.589776,54.197602],[49.590083,54.197283],[49.589939,54.197077],[49.589805,54.197056],[49.589727,54.196961],[49.589535,54.196851],[49.589422,54.196768],[49.589394,54.1967],[49.589479,54.19664],[49.589627,54.196642],[49.589787,54.19671],[49.590321,54.196952],[49.590268,54.19705],[49.590275,54.197164],[49.590378,54.197176],[49.590441,54.197077],[49.590514,54.197036],[49.590764,54.196957],[49.591122,54.196925],[49.592188,54.197043],[49.592839,54.197061],[49.592994,54.197284],[49.593288,54.197381],[49.593856,54.197394],[49.594296,54.197415]]]}},{"type":"Feature","properties":{"full_id":"r15654829","osm_id":"15654829","osm_type":"relation","natural":"wood","grassland":null,"wetland":null,"water":null,"leisure":null,"religion":null,"name":null,"landuse":null,"description":null,"wood:density":null,"leaf_cycle":null,"leaf_type":null,"type":"multipolygon","full_id_2":"r2621608","osm_id_2":"2621608","osm_type_2":"relation","boundary":"administrative","source:url":"http://www.dumadgrad.ru/files/o_gorode/genplan/prilozh/1.rar","old_name":"Мелекес","wikipedia":"ru:Городской округ Димитровград","wikidata":"Q4145659","website":null,"type_2":"boundary","population":null,"official_status":"ru:городской округ","name:tt":null,"name:ru":"городской округ Димитровград","name:ja":"ディミトロフグラード管区","name:en":null,"name_2":"городской округ Димитровград","admin_level":"6","addr:region":null,"addr:country":null},"geometry":{"type":"Polygon","coordinates":[[[49.675446,54.217948],[49.675658,54.21799],[49.675069,54.218349],[49.675006,54.218224],[49.675134,54.218043],[49.675446,54.217948]]]}},{"type":"Feature","properties":{"full_id":"r15772312","osm_id":"15772312","osm_type":"relation","natural":"wood","grassland":null,"wetland":null,"water":null,"leisure":null,"religion":null,"name":null,"landuse":null,"description":null,"wood:density":null,"leaf_cycle":null,"leaf_type":null,"type":"multipolygon","full_id_2":"r2621608","osm_id_2":"2621608","osm_type_2":"relation","boundary":"administrative","source:url":"http://www.dumadgrad.ru/files/o_gorode/genplan/prilozh/1.rar","old_name":"Мелекес","wikipedia":"ru:Городской округ Димитровград","wikidata":"Q4145659","website":null,"type_2":"boundary","population":null,"official_status":"ru:городской округ","name:tt":null,"name:ru":"городской округ Димитровград","name:ja":"ディミトロフグラード管区","name:en":null,"name_2":"городской округ Димитровград","admin_level":"6","addr:region":null,"addr:country":null},"geometry":{"type":"Polygon","coordinates":[[[49.612584,54.224864],[49.612503,54.224846],[49.612883,54.224632],[49.612998,54.22461],[49.613495,54.224515],[49.613949,54.224548],[49.61445,54.224499],[49.615112,54.224239],[49.615643,54.223895],[49.615731,54.223838],[49.615925,54.223675],[49.616042,54.223693],[49.616243,54.223726],[49.616427,54.223645],[49.616523,54.22366],[49.616565,54.223724],[49.616534,54.223767],[49.616342,54.223863],[49.61624,54.22391],[49.616172,54.223991],[49.616296,54.224092],[49.616424,54.224181],[49.616413,54.224245],[49.616343,54.224273],[49.615988,54.224179],[49.615829,54.224109],[49.615634,54.224119],[49.615458,54.224202],[49.61533,54.224307],[49.615288,54.224367],[49.615486,54.224465],[49.615426,54.224545],[49.615291,54.224659],[49.615249,54.224719],[49.615295,54.224808],[49.615196,54.224912],[49.615086,54.224967],[49.614913,54.224928],[49.614668,54.224812],[49.614488,54.2248],[49.614148,54.224738],[49.613879,54.224732],[49.613649,54.224719],[49.613384,54.224703],[49.613069,54.224765],[49.612743,54.224794],[49.612584,54.224864]]]}},{"type":"Feature","properties":{"full_id":"r15772313","osm_id":"15772313","osm_type":"relation","natural":"wood","grassland":null,"wetland":null,"water":null,"leisure":null,"religion":null,"name":null,"landuse":null,"description":null,"wood:density":null,"leaf_cycle":null,"leaf_type":null,"type":"multipolygon","full_id_2":"r2621608","osm_id_2":"2621608","osm_type_2":"relation","boundary":"administrative","source:url":"http://www.dumadgrad.ru/files/o_gorode/genplan/prilozh/1.rar","old_name":"Мелекес","wikipedia":"ru:Городской округ Димитровград","wikidata":"Q4145659","website":null,"type_2":"boundary","population":null,"official_status":"ru:городской округ","name:tt":null,"name:ru":"городской округ Димитровград","name:ja":"ディミトロフグラード管区","name:en":null,"name_2":"городской округ Димитровград","admin_level":"6","addr:region":null,"addr:country":null},"geometry":{"type":"Polygon","coordinates":[[[49.610153,54.226052],[49.610222,54.225963],[49.610312,54.225991],[49.610475,54.225972],[49.610638,54.225863],[49.61133,54.225733],[49.611685,54.22555],[49.612317,54.22514],[49.612385,54.224973],[49.612458,54.224973],[49.612499,54.224999],[49.612552,54.225035],[49.61256,54.225083],[49.612552,54.225133],[49.612519,54.225178],[49.61245,54.225204],[49.612361,54.225266],[49.612328,54.225324],[49.612077,54.225487],[49.612137,54.225513],[49.612161,54.225563],[49.612251,54.225606],[49.61223,54.225641],[49.612153,54.225634],[49.612011,54.225551],[49.611917,54.225596],[49.611804,54.225665],[49.611572,54.225819],[49.611287,54.225979],[49.611129,54.225924],[49.610925,54.225981],[49.61069,54.226093],[49.610649,54.226145],[49.610743,54.226247],[49.610824,54.226352],[49.610783,54.226444],[49.610653,54.226471],[49.610568,54.226528],[49.61049,54.226592],[49.610368,54.22657],[49.610385,54.226487],[49.610425,54.226402],[49.61034,54.226309],[49.610194,54.226257],[49.610121,54.226133],[49.610153,54.226052]]]}},{"type":"Feature","properties":{"full_id":"r15772316","osm_id":"15772316","osm_type":"relation","natural":"wood","grassland":null,"wetland":null,"water":null,"leisure":null,"religion":null,"name":null,"landuse":null,"description":null,"wood:density":null,"leaf_cycle":null,"leaf_type":null,"type":"multipolygon","full_id_2":"r2621608","osm_id_2":"2621608","osm_type_2":"relation","boundary":"administrative","source:url":"http://www.dumadgrad.ru/files/o_gorode/genplan/prilozh/1.rar","old_name":"Мелекес","wikipedia":"ru:Городской округ Димитровград","wikidata":"Q4145659","website":null,"type_2":"boundary","population":null,"official_status":"ru:городской округ","name:tt":null,"name:ru":"городской округ Димитровград","name:ja":"ディミトロフグラード管区","name:en":null,"name_2":"городской округ Димитровград","admin_level":"6","addr:region":null,"addr:country":null},"geometry":{"type":"Polygon","coordinates":[[[49.617393,54.221007],[49.618158,54.221152],[49.618035,54.221193],[49.617753,54.221238],[49.617559,54.221163],[49.617242,54.221105],[49.616729,54.221374],[49.616144,54.221419],[49.615731,54.221539],[49.615493,54.221874],[49.615677,54.222217],[49.61553,54.22245],[49.615485,54.222756],[49.615299,54.223135],[49.615082,54.223404],[49.614688,54.223564],[49.614313,54.2239],[49.61383,54.224023],[49.612159,54.224125],[49.612117,54.224081],[49.61213,54.223914],[49.611959,54.223807],[49.612111,54.2237],[49.612317,54.223555],[49.612714,54.223578],[49.612568,54.223697],[49.612817,54.223761],[49.613437,54.223833],[49.613864,54.223685],[49.61419,54.22346],[49.614208,54.223386],[49.614281,54.223253],[49.614142,54.223263],[49.614045,54.223239],[49.614002,54.223228],[49.613858,54.22326],[49.613667,54.223297],[49.613684,54.223394],[49.613517,54.223405],[49.613273,54.223347],[49.613083,54.223292],[49.61298,54.223267],[49.612729,54.223458],[49.612638,54.223467],[49.612561,54.223468],[49.612511,54.22347],[49.612493,54.223458],[49.612461,54.223444],[49.612561,54.223383],[49.613101,54.223003],[49.613242,54.223004],[49.613346,54.22289],[49.614056,54.223059],[49.614417,54.222609],[49.61435,54.222554],[49.614428,54.222478],[49.614596,54.222536],[49.614881,54.222489],[49.615146,54.222419],[49.615346,54.222206],[49.615296,54.222062],[49.61477,54.221958],[49.615126,54.221498],[49.615611,54.22147],[49.616133,54.221322],[49.616608,54.221293],[49.616811,54.221205],[49.616978,54.221039],[49.616955,54.220924],[49.617393,54.221007]]]}},{"type":"Feature","properties":{"full_id":"r15980558","osm_id":"15980558","osm_type":"relation","natural":"wood","grassland":null,"wetland":null,"water":null,"leisure":null,"religion":null,"name":null,"landuse":null,"description":null,"wood:density":null,"leaf_cycle":null,"leaf_type":null,"type":"multipolygon","full_id_2":"r2621608","osm_id_2":"2621608","osm_type_2":"relation","boundary":"administrative","source:url":"http://www.dumadgrad.ru/files/o_gorode/genplan/prilozh/1.rar","old_name":"Мелекес","wikipedia":"ru:Городской округ Димитровград","wikidata":"Q4145659","website":null,"type_2":"boundary","population":null,"official_status":"ru:городской округ","name:tt":null,"name:ru":"городской округ Димитровград","name:ja":"ディミトロフグラード管区","name:en":null,"name_2":"городской округ Димитровград","admin_level":"6","addr:region":null,"addr:country":null},"geometry":{"type":"Polygon","coordinates":[[[49.656142,54.183566],[49.656319,54.183599],[49.656141,54.183823],[49.655926,54.183889],[49.65588,54.184028],[49.655625,54.184171],[49.655603,54.184295],[49.655777,54.184304],[49.655745,54.184409],[49.655572,54.184666],[49.655444,54.184859],[49.655232,54.185157],[49.65508,54.185354],[49.65503,54.185422],[49.654903,54.185372],[49.654715,54.185372],[49.65457,54.185407],[49.654411,54.185455],[49.654213,54.185507],[49.654128,54.185521],[49.65406,54.185488],[49.65406,54.185447],[49.654099,54.185409],[49.654039,54.18524],[49.654092,54.185117],[49.654195,54.184939],[49.654213,54.184782],[49.654248,54.184612],[49.654255,54.184527],[49.654305,54.18443],[49.654333,54.184349],[49.654354,54.184246],[49.654404,54.184179],[49.654457,54.184109],[49.654467,54.184051],[49.654429,54.183889],[49.654379,54.183693],[49.654291,54.183579],[49.654106,54.183409],[49.653781,54.183301],[49.653561,54.183258],[49.653452,54.183206],[49.653402,54.183127],[49.653413,54.183042],[49.653568,54.18305],[49.653678,54.183158],[49.653806,54.183208],[49.654021,54.183227],[49.654216,54.18326],[49.654298,54.183175],[49.654404,54.183142],[49.655794,54.183483],[49.656142,54.183566]]]}},{"type":"Feature","properties":{"full_id":"r16249386","osm_id":"16249386","osm_type":"relation","natural":"wood","grassland":null,"wetland":null,"water":null,"leisure":null,"religion":null,"name":null,"landuse":null,"description":null,"wood:density":null,"leaf_cycle":null,"leaf_type":null,"type":"multipolygon","full_id_2":"r2621608","osm_id_2":"2621608","osm_type_2":"relation","boundary":"administrative","source:url":"http://www.dumadgrad.ru/files/o_gorode/genplan/prilozh/1.rar","old_name":"Мелекес","wikipedia":"ru:Городской округ Димитровград","wikidata":"Q4145659","website":null,"type_2":"boundary","population":null,"official_status":"ru:городской округ","name:tt":null,"name:ru":"городской округ Димитровград","name:ja":"ディミトロフグラード管区","name:en":null,"name_2":"городской округ Димитровград","admin_level":"6","addr:region":null,"addr:country":null},"geometry":{"type":"Polygon","coordinates":[[[49.58799,54.201771],[49.587877,54.201793],[49.587633,54.20122],[49.587657,54.200896],[49.588462,54.200982],[49.588462,54.201084],[49.588775,54.201129],[49.589844,54.201227],[49.589726,54.202005],[49.589804,54.202128],[49.589751,54.202704],[49.589417,54.202765],[49.588417,54.202734],[49.588336,54.20268],[49.588458,54.202561],[49.588877,54.202523],[49.589368,54.20257],[49.589434,54.202444],[49.589661,54.202409],[49.589661,54.202257],[49.589393,54.202209],[49.589377,54.202128],[49.589547,54.202107],[49.589405,54.202014],[49.589572,54.201924],[49.58956,54.201857],[49.588718,54.20165],[49.588356,54.201648],[49.588007,54.201576],[49.587942,54.201591],[49.58799,54.201771]]]}},{"type":"Feature","properties":{"full_id":"r16551251","osm_id":"16551251","osm_type":"relation","natural":"wood","grassland":null,"wetland":null,"water":null,"leisure":null,"religion":null,"name":null,"landuse":null,"description":null,"wood:density":null,"leaf_cycle":null,"leaf_type":null,"type":"multipolygon","full_id_2":"r2621608","osm_id_2":"2621608","osm_type_2":"relation","boundary":"administrative","source:url":"http://www.dumadgrad.ru/files/o_gorode/genplan/prilozh/1.rar","old_name":"Мелекес","wikipedia":"ru:Городской округ Димитровград","wikidata":"Q4145659","website":null,"type_2":"boundary","population":null,"official_status":"ru:городской округ","name:tt":null,"name:ru":"городской округ Димитровград","name:ja":"ディミトロフグラード管区","name:en":null,"name_2":"городской округ Димитровград","admin_level":"6","addr:region":null,"addr:country":null},"geometry":{"type":"Polygon","coordinates":[[[49.63902,54.184615],[49.638756,54.184612],[49.640078,54.184305],[49.640147,54.184389],[49.640254,54.184552],[49.640329,54.184684],[49.64034,54.18474],[49.64034,54.184816],[49.640286,54.18486],[49.640147,54.184891],[49.639975,54.184885],[49.639857,54.184828],[49.63976,54.184746],[49.639589,54.184659],[49.639288,54.184621],[49.63902,54.184615]]]}},{"type":"Feature","properties":{"full_id":"r16662169","osm_id":"16662169","osm_type":"relation","natural":"wood","grassland":null,"wetland":null,"water":null,"leisure":null,"religion":null,"name":null,"landuse":null,"description":null,"wood:density":null,"leaf_cycle":"deciduous","leaf_type":"broadleaved","type":"multipolygon","full_id_2":"r2621608","osm_id_2":"2621608","osm_type_2":"relation","boundary":"administrative","source:url":"http://www.dumadgrad.ru/files/o_gorode/genplan/prilozh/1.rar","old_name":"Мелекес","wikipedia":"ru:Городской округ Димитровград","wikidata":"Q4145659","website":null,"type_2":"boundary","population":null,"official_status":"ru:городской округ","name:tt":null,"name:ru":"городской округ Димитровград","name:ja":"ディミトロフグラード管区","name:en":null,"name_2":"городской округ Димитровград","admin_level":"6","addr:region":null,"addr:country":null},"geometry":{"type":"Polygon","coordinates":[[[49.615254,54.21576],[49.616585,54.215781],[49.616425,54.217498],[49.614974,54.217512],[49.613506,54.217423],[49.613361,54.217397],[49.613273,54.217284],[49.613307,54.217071],[49.613369,54.216899],[49.613459,54.216761],[49.613465,54.216586],[49.613448,54.216345],[49.613498,54.216193],[49.615254,54.21576]]]}},{"type":"Feature","properties":{"full_id":"r16837932","osm_id":"16837932","osm_type":"relation","natural":"wood","grassland":null,"wetland":null,"water":null,"leisure":null,"religion":null,"name":null,"landuse":null,"description":null,"wood:density":null,"leaf_cycle":null,"leaf_type":null,"type":"multipolygon","full_id_2":"r2621608","osm_id_2":"2621608","osm_type_2":"relation","boundary":"administrative","source:url":"http://www.dumadgrad.ru/files/o_gorode/genplan/prilozh/1.rar","old_name":"Мелекес","wikipedia":"ru:Городской округ Димитровград","wikidata":"Q4145659","website":null,"type_2":"boundary","population":null,"official_status":"ru:городской округ","name:tt":null,"name:ru":"городской округ Димитровград","name:ja":"ディミトロフグラード管区","name:en":null,"name_2":"городской округ Димитровград","admin_level":"6","addr:region":null,"addr:country":null},"geometry":{"type":"Polygon","coordinates":[[[49.612449,54.211558],[49.61248,54.211517],[49.612367,54.211518],[49.612188,54.211596],[49.61201,54.211684],[49.611872,54.211755],[49.61177,54.211787],[49.61162,54.211789],[49.611396,54.211766],[49.611209,54.211693],[49.611139,54.21167],[49.611109,54.211643],[49.611109,54.211606],[49.61117,54.211475],[49.611209,54.211385],[49.611254,54.211367],[49.611286,54.211377],[49.611721,54.211437],[49.612083,54.211473],[49.612251,54.211476],[49.61237,54.211449],[49.612426,54.211416],[49.612407,54.211383],[49.612391,54.21134],[49.612398,54.211273],[49.612456,54.21124],[49.612529,54.211219],[49.612722,54.211232],[49.612825,54.211232],[49.612834,54.211207],[49.612804,54.211174],[49.612713,54.211146],[49.612739,54.21109],[49.612786,54.211042],[49.612949,54.211087],[49.613038,54.211087],[49.61311,54.211088],[49.61329,54.211131],[49.613213,54.211234],[49.613063,54.211348],[49.613066,54.211396],[49.612996,54.211467],[49.612916,54.211435],[49.612764,54.211397],[49.612702,54.211418],[49.612624,54.211501],[49.612461,54.211635],[49.612316,54.211837],[49.612206,54.211912],[49.612146,54.211943],[49.612162,54.211909],[49.612242,54.211839],[49.612302,54.21176],[49.612405,54.21165],[49.612449,54.211558]]]}},{"type":"Feature","properties":{"full_id":"r17806020","osm_id":"17806020","osm_type":"relation","natural":"wood","grassland":null,"wetland":null,"water":null,"leisure":null,"religion":null,"name":null,"landuse":null,"description":null,"wood:density":null,"leaf_cycle":null,"leaf_type":null,"type":"multipolygon","full_id_2":"r2621608","osm_id_2":"2621608","osm_type_2":"relation","boundary":"administrative","source:url":"http://www.dumadgrad.ru/files/o_gorode/genplan/prilozh/1.rar","old_name":"Мелекес","wikipedia":"ru:Городской округ Димитровград","wikidata":"Q4145659","website":null,"type_2":"boundary","population":null,"official_status":"ru:городской округ","name:tt":null,"name:ru":"городской округ Димитровград","name:ja":"ディミトロフグラード管区","name:en":null,"name_2":"городской округ Димитровград","admin_level":"6","addr:region":null,"addr:country":null},"geometry":{"type":"Polygon","coordinates":[[[49.645936,54.189429],[49.64579,54.189405],[49.645952,54.189336],[49.64607,54.189286],[49.646188,54.189273],[49.646317,54.189183],[49.646436,54.189151],[49.646497,54.189122],[49.646602,54.18914],[49.646688,54.189191],[49.646818,54.189266],[49.64691,54.189277],[49.646984,54.189252],[49.64707,54.189274],[49.647157,54.18936],[49.647157,54.189461],[49.6472,54.189512],[49.647267,54.189559],[49.647366,54.18954],[49.647372,54.189501],[49.647329,54.189411],[49.647298,54.189321],[49.647274,54.189227],[49.6472,54.189169],[49.647157,54.189111],[49.647154,54.189081],[49.647231,54.188972],[49.647397,54.188953],[49.647588,54.188956],[49.647773,54.188967],[49.647877,54.189],[49.647964,54.189039],[49.648038,54.188992],[49.648167,54.188989],[49.648346,54.189036],[49.648407,54.189025],[49.64842,54.188985],[49.648358,54.188949],[49.648266,54.188902],[49.648395,54.188859],[49.648574,54.188866],[49.64866,54.18892],[49.648679,54.189007],[49.648746,54.189007],[49.648944,54.188956],[49.64911,54.188917],[49.649387,54.188837],[49.649671,54.188704],[49.649923,54.188592],[49.650016,54.188473],[49.650151,54.188412],[49.650342,54.188412],[49.650392,54.188437],[49.648646,54.189224],[49.646742,54.190058],[49.64654,54.190121],[49.646343,54.190132],[49.646245,54.19007],[49.64622,54.189966],[49.646355,54.189887],[49.646528,54.189789],[49.646744,54.189677],[49.646842,54.189602],[49.646799,54.189494],[49.646725,54.189389],[49.646349,54.189389],[49.646134,54.189411],[49.645936,54.189429]]]}},{"type":"Feature","properties":{"full_id":"r17806021","osm_id":"17806021","osm_type":"relation","natural":"wood","grassland":null,"wetland":null,"water":null,"leisure":null,"religion":null,"name":null,"landuse":null,"description":null,"wood:density":null,"leaf_cycle":null,"leaf_type":null,"type":"multipolygon","full_id_2":"r2621608","osm_id_2":"2621608","osm_type_2":"relation","boundary":"administrative","source:url":"http://www.dumadgrad.ru/files/o_gorode/genplan/prilozh/1.rar","old_name":"Мелекес","wikipedia":"ru:Городской округ Димитровград","wikidata":"Q4145659","website":null,"type_2":"boundary","population":null,"official_status":"ru:городской округ","name:tt":null,"name:ru":"городской округ Димитровград","name:ja":"ディミトロフグラード管区","name:en":null,"name_2":"городской округ Димитровград","admin_level":"6","addr:region":null,"addr:country":null},"geometry":{"type":"Polygon","coordinates":[[[49.645865,54.188572],[49.645896,54.18859],[49.645617,54.188908],[49.645319,54.189091],[49.645127,54.189217],[49.644969,54.189307],[49.644777,54.189309],[49.644392,54.189354],[49.644156,54.189366],[49.643941,54.189381],[49.643885,54.189335],[49.643759,54.189122],[49.643777,54.188922],[49.643904,54.188691],[49.643955,54.188652],[49.644198,54.188608],[49.644431,54.188493],[49.644515,54.188253],[49.644922,54.188168],[49.645319,54.188203],[49.645487,54.188305],[49.645772,54.188455],[49.645797,54.188483],[49.645865,54.188572]]]}},{"type":"Feature","properties":{"full_id":"r17806024","osm_id":"17806024","osm_type":"relation","natural":"wood","grassland":null,"wetland":null,"water":null,"leisure":null,"religion":null,"name":null,"landuse":null,"description":null,"wood:density":null,"leaf_cycle":null,"leaf_type":null,"type":"multipolygon","full_id_2":"r2621608","osm_id_2":"2621608","osm_type_2":"relation","boundary":"administrative","source:url":"http://www.dumadgrad.ru/files/o_gorode/genplan/prilozh/1.rar","old_name":"Мелекес","wikipedia":"ru:Городской округ Димитровград","wikidata":"Q4145659","website":null,"type_2":"boundary","population":null,"official_status":"ru:городской округ","name:tt":null,"name:ru":"городской округ Димитровград","name:ja":"ディミトロフグラード管区","name:en":null,"name_2":"городской округ Димитровград","admin_level":"6","addr:region":null,"addr:country":null},"geometry":{"type":"Polygon","coordinates":[[[49.64522,54.188009],[49.645113,54.187947],[49.6452,54.187929],[49.645295,54.187929],[49.645437,54.18793],[49.645529,54.187913],[49.645573,54.187846],[49.645542,54.187819],[49.645465,54.187759],[49.645421,54.187743],[49.645378,54.187718],[49.645357,54.187683],[49.645397,54.187657],[49.645487,54.187633],[49.64556,54.187658],[49.645612,54.1877],[49.645628,54.187772],[49.645702,54.187838],[49.645837,54.187896],[49.646028,54.187974],[49.64605,54.188066],[49.646047,54.188172],[49.646019,54.188235],[49.645918,54.188268],[49.645739,54.188235],[49.645668,54.188199],[49.645594,54.188114],[49.645474,54.188046],[49.645337,54.188051],[49.64522,54.188009]]]}},{"type":"Feature","properties":{"full_id":"r17806025","osm_id":"17806025","osm_type":"relation","natural":"wood","grassland":null,"wetland":null,"water":null,"leisure":null,"religion":null,"name":null,"landuse":null,"description":null,"wood:density":null,"leaf_cycle":null,"leaf_type":null,"type":"multipolygon","full_id_2":"r2621608","osm_id_2":"2621608","osm_type_2":"relation","boundary":"administrative","source:url":"http://www.dumadgrad.ru/files/o_gorode/genplan/prilozh/1.rar","old_name":"Мелекес","wikipedia":"ru:Городской округ Димитровград","wikidata":"Q4145659","website":null,"type_2":"boundary","population":null,"official_status":"ru:городской округ","name:tt":null,"name:ru":"городской округ Димитровград","name:ja":"ディミトロフグラード管区","name:en":null,"name_2":"городской округ Димитровград","admin_level":"6","addr:region":null,"addr:country":null},"geometry":{"type":"Polygon","coordinates":[[[49.646617,54.188129],[49.646605,54.188104],[49.646537,54.187994],[49.64646,54.187914],[49.64634,54.187867],[49.646192,54.187846],[49.646072,54.187813],[49.646072,54.187775],[49.646121,54.18772],[49.646186,54.187685],[49.646327,54.187683],[49.646463,54.187671],[49.646598,54.187658],[49.646697,54.187624],[49.646768,54.187608],[49.646904,54.187604],[49.647076,54.187599],[49.647171,54.187572],[49.647233,54.187525],[49.64727,54.187482],[49.647341,54.187458],[49.647403,54.187442],[49.647433,54.18744],[49.647449,54.187489],[49.647483,54.187541],[49.647467,54.187588],[49.647421,54.187624],[49.647517,54.187647],[49.647627,54.187651],[49.647711,54.18762],[49.647708,54.187566],[49.647652,54.187512],[49.647631,54.187451],[49.647683,54.187377],[49.647745,54.187336],[49.647945,54.187305],[49.647976,54.187274],[49.648025,54.187263],[49.648142,54.187267],[49.648204,54.187267],[49.648253,54.187265],[49.648296,54.187265],[49.64833,54.187301],[49.648321,54.187364],[49.648244,54.187368],[49.648099,54.187361],[49.64796,54.187391],[49.647892,54.187413],[49.647902,54.187436],[49.647948,54.187435],[49.648053,54.187406],[49.648111,54.187404],[49.648194,54.187433],[49.648244,54.187483],[49.648228,54.18757],[49.648198,54.187698],[49.648111,54.187756],[49.648003,54.18779],[49.647982,54.187821],[49.647982,54.187869],[49.647954,54.187891],[49.64788,54.187866],[49.647834,54.187821],[49.647738,54.187804],[49.647649,54.187811],[49.647572,54.187842],[49.647436,54.187838],[49.647443,54.187777],[49.647504,54.187732],[49.647507,54.187694],[49.64743,54.187671],[49.647372,54.187633],[49.647301,54.187601],[49.647218,54.187597],[49.647141,54.18762],[49.647144,54.187658],[49.647202,54.187669],[49.647298,54.187678],[49.647313,54.187702],[49.647298,54.187768],[49.647289,54.187808],[49.647289,54.187862],[49.647245,54.187918],[49.647159,54.187932],[49.64694,54.187959],[49.646774,54.18797],[49.646737,54.188019],[49.646811,54.188049],[49.646848,54.188102],[49.646808,54.188156],[49.646808,54.188222],[49.646749,54.18823],[49.646703,54.188195],[49.646722,54.188136],[49.646762,54.188109],[49.64674,54.188055],[49.646697,54.188051],[49.646682,54.188091],[49.646654,54.188129],[49.646617,54.188129]]]}},{"type":"Feature","properties":{"full_id":"r18333453","osm_id":"18333453","osm_type":"relation","natural":"wood","grassland":null,"wetland":null,"water":null,"leisure":null,"religion":null,"name":null,"landuse":null,"description":null,"wood:density":null,"leaf_cycle":null,"leaf_type":null,"type":"multipolygon","full_id_2":"r2621608","osm_id_2":"2621608","osm_type_2":"relation","boundary":"administrative","source:url":"http://www.dumadgrad.ru/files/o_gorode/genplan/prilozh/1.rar","old_name":"Мелекес","wikipedia":"ru:Городской округ Димитровград","wikidata":"Q4145659","website":null,"type_2":"boundary","population":null,"official_status":"ru:городской округ","name:tt":null,"name:ru":"городской округ Димитровград","name:ja":"ディミトロフグラード管区","name:en":null,"name_2":"городской округ Димитровград","admin_level":"6","addr:region":null,"addr:country":null},"geometry":{"type":"Polygon","coordinates":[[[49.557258,54.22448],[49.557136,54.224347],[49.556446,54.224011],[49.55624,54.223998],[49.555964,54.224023],[49.555749,54.224179],[49.55562,54.224213],[49.555546,54.224177],[49.555523,54.224117],[49.55567,54.224018],[49.555862,54.223894],[49.556028,54.22379],[49.558222,54.222418],[49.558504,54.222256],[49.558747,54.222238],[49.559056,54.222392],[49.559807,54.222808],[49.559863,54.222873],[49.559655,54.223061],[49.559409,54.223235],[49.559216,54.223439],[49.559239,54.223636],[49.559416,54.223701],[49.5597,54.2237],[49.559973,54.223702],[49.56035,54.223587],[49.560653,54.223459],[49.560834,54.223331],[49.562395,54.224279],[49.562136,54.22444],[49.561984,54.224534],[49.561732,54.22464],[49.561426,54.224729],[49.561174,54.224766],[49.560842,54.224808],[49.560428,54.224766],[49.560122,54.224724],[49.559879,54.224776],[49.559538,54.224808],[49.559277,54.22485],[49.559063,54.224929],[49.558878,54.225063],[49.558708,54.225287],[49.55863,54.225505],[49.558597,54.225653],[49.55863,54.225817],[49.558623,54.225961],[49.55784,54.225526],[49.557679,54.225423],[49.557472,54.225177],[49.557148,54.224997],[49.556913,54.224926],[49.556779,54.224906],[49.556778,54.224838],[49.557104,54.224682],[49.557258,54.22448]]]}},{"type":"Feature","properties":{"full_id":"r18435302","osm_id":"18435302","osm_type":"relation","natural":"wood","grassland":null,"wetland":null,"water":null,"leisure":null,"religion":null,"name":null,"landuse":null,"description":null,"wood:density":null,"leaf_cycle":null,"leaf_type":null,"type":"multipolygon","full_id_2":"r2621608","osm_id_2":"2621608","osm_type_2":"relation","boundary":"administrative","source:url":"http://www.dumadgrad.ru/files/o_gorode/genplan/prilozh/1.rar","old_name":"Мелекес","wikipedia":"ru:Городской округ Димитровград","wikidata":"Q4145659","website":null,"type_2":"boundary","population":null,"official_status":"ru:городской округ","name:tt":null,"name:ru":"городской округ Димитровград","name:ja":"ディミトロフグラード管区","name:en":null,"name_2":"городской округ Димитровград","admin_level":"6","addr:region":null,"addr:country":null},"geometry":{"type":"Polygon","coordinates":[[[49.646268,54.185593],[49.645986,54.185876],[49.645864,54.185936],[49.645667,54.185925],[49.645495,54.185853],[49.645291,54.185771],[49.64523,54.185749],[49.645162,54.185756],[49.645114,54.185783],[49.645109,54.185765],[49.645106,54.185734],[49.645115,54.185709],[49.645109,54.185684],[49.645077,54.185665],[49.644997,54.185643],[49.644747,54.185472],[49.644665,54.185376],[49.644621,54.185203],[49.644434,54.185146],[49.644301,54.185065],[49.644422,54.184984],[49.644309,54.184951],[49.64416,54.18489],[49.644014,54.184888],[49.643986,54.184838],[49.644052,54.184785],[49.644219,54.184743],[49.644376,54.184675],[49.644839,54.184628],[49.644881,54.184694],[49.645084,54.184608],[49.645192,54.18461],[49.645436,54.184411],[49.645459,54.18424],[49.64554,54.18403],[49.645478,54.18388],[49.645511,54.183754],[49.645275,54.183414],[49.644991,54.183162],[49.645382,54.183071],[49.645609,54.18319],[49.645783,54.183269],[49.645873,54.18338],[49.645999,54.183414],[49.646125,54.183447],[49.646255,54.183621],[49.646231,54.183714],[49.646287,54.183745],[49.646499,54.18374],[49.646747,54.183645],[49.647031,54.183604],[49.647113,54.18363],[49.647198,54.183709],[49.647282,54.183795],[49.647281,54.183964],[49.64697,54.184015],[49.646374,54.185153],[49.646268,54.185593]]]}},{"type":"Feature","properties":{"full_id":"r18435305","osm_id":"18435305","osm_type":"relation","natural":"wood","grassland":null,"wetland":null,"water":null,"leisure":null,"religion":null,"name":null,"landuse":null,"description":null,"wood:density":null,"leaf_cycle":null,"leaf_type":null,"type":"multipolygon","full_id_2":"r2621608","osm_id_2":"2621608","osm_type_2":"relation","boundary":"administrative","source:url":"http://www.dumadgrad.ru/files/o_gorode/genplan/prilozh/1.rar","old_name":"Мелекес","wikipedia":"ru:Городской округ Димитровград","wikidata":"Q4145659","website":null,"type_2":"boundary","population":null,"official_status":"ru:городской округ","name:tt":null,"name:ru":"городской округ Димитровград","name:ja":"ディミトロフグラード管区","name:en":null,"name_2":"городской округ Димитровград","admin_level":"6","addr:region":null,"addr:country":null},"geometry":{"type":"Polygon","coordinates":[[[49.6427,54.183833],[49.642466,54.183749],[49.643357,54.183542],[49.64348,54.183585],[49.643574,54.183661],[49.643651,54.183742],[49.64359,54.183837],[49.643545,54.183949],[49.643513,54.184101],[49.643582,54.184182],[49.643651,54.184282],[49.643586,54.184363],[49.643601,54.184472],[49.643367,54.184391],[49.643202,54.184304],[49.642976,54.184185],[49.642838,54.184116],[49.642749,54.183992],[49.642757,54.183894],[49.6427,54.183833]]]}},{"type":"Feature","properties":{"full_id":"r19604430","osm_id":"19604430","osm_type":"relation","natural":"wood","grassland":null,"wetland":null,"water":null,"leisure":null,"religion":null,"name":null,"landuse":null,"description":null,"wood:density":null,"leaf_cycle":null,"leaf_type":null,"type":"multipolygon","full_id_2":"r2621608","osm_id_2":"2621608","osm_type_2":"relation","boundary":"administrative","source:url":"http://www.dumadgrad.ru/files/o_gorode/genplan/prilozh/1.rar","old_name":"Мелекес","wikipedia":"ru:Городской округ Димитровград","wikidata":"Q4145659","website":null,"type_2":"boundary","population":null,"official_status":"ru:городской округ","name:tt":null,"name:ru":"городской округ Димитровград","name:ja":"ディミトロフグラード管区","name:en":null,"name_2":"городской округ Димитровград","admin_level":"6","addr:region":null,"addr:country":null},"geometry":{"type":"Polygon","coordinates":[[[49.485803,54.189786],[49.485678,54.189901],[49.485203,54.189981],[49.484654,54.189797],[49.484755,54.189719],[49.484864,54.189641],[49.485023,54.189593],[49.485153,54.189605],[49.485157,54.189546],[49.485352,54.189534],[49.485515,54.189629],[49.485686,54.1897],[49.485803,54.189741],[49.485803,54.189786]]]}},{"type":"Feature","properties":{"full_id":"w49117021","osm_id":"49117021","osm_type":"way","natural":"wood","grassland":null,"wetland":null,"water":null,"leisure":null,"religion":null,"name":null,"landuse":null,"description":null,"wood:density":null,"leaf_cycle":null,"leaf_type":null,"type":null,"full_id_2":"r2621608","osm_id_2":"2621608","osm_type_2":"relation","boundary":"administrative","source:url":"http://www.dumadgrad.ru/files/o_gorode/genplan/prilozh/1.rar","old_name":"Мелекес","wikipedia":"ru:Городской округ Димитровград","wikidata":"Q4145659","website":null,"type_2":"boundary","population":null,"official_status":"ru:городской округ","name:tt":null,"name:ru":"городской округ Димитровград","name:ja":"ディミトロフグラード管区","name:en":null,"name_2":"городской округ Димитровград","admin_level":"6","addr:region":null,"addr:country":null},"geometry":{"type":"Polygon","coordinates":[[[49.580264,54.241682],[49.579596,54.241762],[49.579133,54.239423],[49.581344,54.239272],[49.581593,54.241045],[49.581694,54.241552],[49.581354,54.241616],[49.580976,54.241664],[49.580264,54.241682]]]}},{"type":"Feature","properties":{"full_id":"w49177750","osm_id":"49177750","osm_type":"way","natural":"wood","grassland":null,"wetland":null,"water":null,"leisure":null,"religion":null,"name":null,"landuse":null,"description":null,"wood:density":null,"leaf_cycle":null,"leaf_type":null,"type":null,"full_id_2":"r2621608","osm_id_2":"2621608","osm_type_2":"relation","boundary":"administrative","source:url":"http://www.dumadgrad.ru/files/o_gorode/genplan/prilozh/1.rar","old_name":"Мелекес","wikipedia":"ru:Городской округ Димитровград","wikidata":"Q4145659","website":null,"type_2":"boundary","population":null,"official_status":"ru:городской округ","name:tt":null,"name:ru":"городской округ Димитровград","name:ja":"ディミトロフグラード管区","name:en":null,"name_2":"городской округ Димитровград","admin_level":"6","addr:region":null,"addr:country":null},"geometry":{"type":"Polygon","coordinates":[[[49.550169,54.222029],[49.550329,54.222102],[49.549974,54.222324],[49.547654,54.22108],[49.547333,54.22121],[49.546637,54.22079],[49.546171,54.220452],[49.546301,54.217338],[49.54651,54.21698],[49.547956,54.216097],[49.553951,54.219478],[49.558439,54.22202],[49.55463,54.224374],[49.55431,54.224191],[49.553983,54.224359],[49.553565,54.224294],[49.553135,54.22404],[49.553066,54.224073],[49.552702,54.224246],[49.549871,54.222702],[49.550531,54.222153],[49.550643,54.22213],[49.550761,54.222088],[49.550817,54.222023],[49.55095,54.22193],[49.550991,54.221846],[49.551011,54.221718],[49.55094,54.221658],[49.550853,54.221607],[49.55071,54.22156],[49.550557,54.221536],[49.55046,54.221539],[49.550312,54.221599],[49.550128,54.221718],[49.550031,54.221793],[49.550026,54.221864],[49.550077,54.221966],[49.550169,54.222029]]]}},{"type":"Feature","properties":{"full_id":"w49359277","osm_id":"49359277","osm_type":"way","natural":null,"grassland":null,"wetland":null,"water":null,"leisure":null,"religion":null,"name":"Ерыклинский","landuse":"allotments","description":"Дачи","wood:density":null,"leaf_cycle":null,"leaf_type":null,"type":null,"full_id_2":"r2621608","osm_id_2":"2621608","osm_type_2":"relation","boundary":"administrative","source:url":"http://www.dumadgrad.ru/files/o_gorode/genplan/prilozh/1.rar","old_name":"Мелекес","wikipedia":"ru:Городской округ Димитровград","wikidata":"Q4145659","website":null,"type_2":"boundary","population":null,"official_status":"ru:городской округ","name:tt":null,"name:ru":"городской округ Димитровград","name:ja":"ディミトロフグラード管区","name:en":null,"name_2":"городской округ Димитровград","admin_level":"6","addr:region":null,"addr:country":null},"geometry":{"type":"Polygon","coordinates":[[[49.520408,54.219907],[49.519564,54.216534],[49.529177,54.215059],[49.529869,54.216784],[49.533158,54.216217],[49.532664,54.214505],[49.534949,54.214219],[49.535853,54.214427],[49.536,54.214808],[49.536231,54.215113],[49.536247,54.215423],[49.534944,54.215837],[49.534081,54.216273],[49.531911,54.216802],[49.531606,54.216851],[49.531149,54.216981],[49.530859,54.21698],[49.530573,54.21708],[49.530376,54.217243],[49.530216,54.217336],[49.530031,54.217469],[49.522598,54.219236],[49.522747,54.219759],[49.520408,54.219907]]]}},{"type":"Feature","properties":{"full_id":"w49368565","osm_id":"49368565","osm_type":"way","natural":"wood","grassland":null,"wetland":null,"water":null,"leisure":null,"religion":null,"name":null,"landuse":null,"description":null,"wood:density":null,"leaf_cycle":null,"leaf_type":null,"type":null,"full_id_2":"r2621608","osm_id_2":"2621608","osm_type_2":"relation","boundary":"administrative","source:url":"http://www.dumadgrad.ru/files/o_gorode/genplan/prilozh/1.rar","old_name":"Мелекес","wikipedia":"ru:Городской округ Димитровград","wikidata":"Q4145659","website":null,"type_2":"boundary","population":null,"official_status":"ru:городской округ","name:tt":null,"name:ru":"городской округ Димитровград","name:ja":"ディミトロフグラード管区","name:en":null,"name_2":"городской округ Димитровград","admin_level":"6","addr:region":null,"addr:country":null},"geometry":{"type":"Polygon","coordinates":[[[49.632442,54.228217],[49.620692,54.228753],[49.620531,54.227912],[49.620515,54.227652],[49.620519,54.227361],[49.620669,54.226795],[49.620914,54.226367],[49.621268,54.225861],[49.62147,54.225756],[49.621624,54.225871],[49.6218,54.225963],[49.621996,54.226018],[49.622211,54.225944],[49.622429,54.225935],[49.622568,54.22603],[49.622565,54.2259],[49.622607,54.225788],[49.62272,54.225739],[49.62314,54.2256],[49.623206,54.225499],[49.623346,54.225388],[49.623305,54.225357],[49.623168,54.225417],[49.623018,54.225433],[49.622946,54.225347],[49.623043,54.225291],[49.623305,54.225198],[49.623588,54.225288],[49.623863,54.225386],[49.624087,54.225384],[49.624196,54.225304],[49.624197,54.225114],[49.624396,54.225084],[49.624514,54.225067],[49.624598,54.22504],[49.624659,54.225017],[49.624767,54.225009],[49.624873,54.225106],[49.625169,54.225138],[49.6253,54.225065],[49.625687,54.225153],[49.625743,54.225099],[49.625846,54.225103],[49.625837,54.225161],[49.625768,54.225289],[49.626472,54.225441],[49.626931,54.225535],[49.627018,54.225746],[49.627222,54.225627],[49.627878,54.225503],[49.62806,54.22539],[49.628468,54.225453],[49.630957,54.226024],[49.631447,54.226167],[49.631453,54.226256],[49.632124,54.226414],[49.632383,54.226512],[49.632635,54.22661],[49.632597,54.226676],[49.632448,54.226697],[49.631453,54.226483],[49.631392,54.226542],[49.63103,54.226465],[49.630855,54.226476],[49.630762,54.226629],[49.63066,54.226881],[49.632195,54.227187],[49.632909,54.227231],[49.632923,54.22779],[49.632445,54.227857],[49.632215,54.227837],[49.632177,54.22766],[49.632489,54.227587],[49.632683,54.227493],[49.632599,54.22738],[49.631804,54.227265],[49.631847,54.227576],[49.631682,54.227822],[49.631731,54.228019],[49.632086,54.228058],[49.632243,54.228159],[49.632428,54.228166],[49.632442,54.228217]]]}},{"type":"Feature","properties":{"full_id":"w49493640","osm_id":"49493640","osm_type":"way","natural":null,"grassland":null,"wetland":null,"water":null,"leisure":null,"religion":null,"name":null,"landuse":"cemetery","description":null,"wood:density":null,"leaf_cycle":null,"leaf_type":null,"type":null,"full_id_2":"r2621608","osm_id_2":"2621608","osm_type_2":"relation","boundary":"administrative","source:url":"http://www.dumadgrad.ru/files/o_gorode/genplan/prilozh/1.rar","old_name":"Мелекес","wikipedia":"ru:Городской округ Димитровград","wikidata":"Q4145659","website":null,"type_2":"boundary","population":null,"official_status":"ru:городской округ","name:tt":null,"name:ru":"городской округ Димитровград","name:ja":"ディミトロフグラード管区","name:en":null,"name_2":"городской округ Димитровград","admin_level":"6","addr:region":null,"addr:country":null},"geometry":{"type":"Polygon","coordinates":[[[49.574484,54.280549],[49.580244,54.280209],[49.580884,54.282671],[49.580885,54.282671],[49.581113,54.283871],[49.581441,54.285596],[49.57345,54.286148],[49.573312,54.284756],[49.575143,54.28463],[49.574484,54.280549]]]}},{"type":"Feature","properties":{"full_id":"w50801851","osm_id":"50801851","osm_type":"way","natural":"wood","grassland":null,"wetland":null,"water":null,"leisure":null,"religion":null,"name":null,"landuse":null,"description":null,"wood:density":null,"leaf_cycle":null,"leaf_type":null,"type":null,"full_id_2":"r2621608","osm_id_2":"2621608","osm_type_2":"relation","boundary":"administrative","source:url":"http://www.dumadgrad.ru/files/o_gorode/genplan/prilozh/1.rar","old_name":"Мелекес","wikipedia":"ru:Городской округ Димитровград","wikidata":"Q4145659","website":null,"type_2":"boundary","population":null,"official_status":"ru:городской округ","name:tt":null,"name:ru":"городской округ Димитровград","name:ja":"ディミトロフグラード管区","name:en":null,"name_2":"городской округ Димитровград","admin_level":"6","addr:region":null,"addr:country":null},"geometry":{"type":"Polygon","coordinates":[[[49.591185,54.25757],[49.59061,54.258388],[49.590293,54.258357],[49.58997,54.258283],[49.589893,54.258148],[49.589879,54.257959],[49.589962,54.257725],[49.590642,54.256624],[49.591193,54.256056],[49.592211,54.255546],[49.59245,54.255554],[49.59255,54.255615],[49.59197,54.256662],[49.591185,54.25757]]]}},{"type":"Feature","properties":{"full_id":"w50801854","osm_id":"50801854","osm_type":"way","natural":"wood","grassland":null,"wetland":null,"water":null,"leisure":null,"religion":null,"name":null,"landuse":null,"description":null,"wood:density":null,"leaf_cycle":null,"leaf_type":null,"type":null,"full_id_2":"r2621608","osm_id_2":"2621608","osm_type_2":"relation","boundary":"administrative","source:url":"http://www.dumadgrad.ru/files/o_gorode/genplan/prilozh/1.rar","old_name":"Мелекес","wikipedia":"ru:Городской округ Димитровград","wikidata":"Q4145659","website":null,"type_2":"boundary","population":null,"official_status":"ru:городской округ","name:tt":null,"name:ru":"городской округ Димитровград","name:ja":"ディミトロフグラード管区","name:en":null,"name_2":"городской округ Димитровград","admin_level":"6","addr:region":null,"addr:country":null},"geometry":{"type":"Polygon","coordinates":[[[49.590091,54.260058],[49.587809,54.260334],[49.587994,54.260068],[49.587909,54.25992],[49.588896,54.258659],[49.58953,54.258844],[49.589736,54.25905],[49.590184,54.259015],[49.590091,54.260058]]]}},{"type":"Feature","properties":{"full_id":"w50801993","osm_id":"50801993","osm_type":"way","natural":"water","grassland":null,"wetland":null,"water":null,"leisure":null,"religion":null,"name":null,"landuse":null,"description":null,"wood:density":null,"leaf_cycle":null,"leaf_type":null,"type":null,"full_id_2":"r2621608","osm_id_2":"2621608","osm_type_2":"relation","boundary":"administrative","source:url":"http://www.dumadgrad.ru/files/o_gorode/genplan/prilozh/1.rar","old_name":"Мелекес","wikipedia":"ru:Городской округ Димитровград","wikidata":"Q4145659","website":null,"type_2":"boundary","population":null,"official_status":"ru:городской округ","name:tt":null,"name:ru":"городской округ Димитровград","name:ja":"ディミトロフグラード管区","name:en":null,"name_2":"городской округ Димитровград","admin_level":"6","addr:region":null,"addr:country":null},"geometry":{"type":"Polygon","coordinates":[[[49.581279,54.26435],[49.581874,54.264544],[49.582762,54.26498],[49.58283,54.265013],[49.582885,54.26504],[49.582972,54.265205],[49.582977,54.265335],[49.582978,54.26536],[49.58298,54.26541],[49.582827,54.26555],[49.582541,54.265661],[49.582455,54.265717],[49.582442,54.265725],[49.582233,54.265862],[49.581694,54.266022],[49.581402,54.266179],[49.58123,54.266274],[49.581012,54.266277],[49.580875,54.26633],[49.580973,54.266475],[49.580905,54.266731],[49.580789,54.26701],[49.580778,54.267302],[49.580661,54.267445],[49.580546,54.267521],[49.580524,54.267595],[49.580668,54.267654],[49.580518,54.26775],[49.580704,54.267876],[49.58053,54.268264],[49.579786,54.268764],[49.578633,54.269215],[49.578112,54.269469],[49.577828,54.269739],[49.576809,54.270406],[49.576374,54.270424],[49.576541,54.27014],[49.576675,54.269829],[49.577115,54.269519],[49.577651,54.268952],[49.577318,54.268811],[49.576423,54.268955],[49.576219,54.2693],[49.575698,54.26935],[49.575151,54.269829],[49.574352,54.270074],[49.574545,54.270885],[49.574052,54.271226],[49.573976,54.270522],[49.573885,54.270099],[49.57396,54.269463],[49.574277,54.269056],[49.57557,54.268673],[49.575806,54.268247],[49.576385,54.2681],[49.577196,54.267582],[49.577,54.267453],[49.576957,54.267223],[49.57708,54.266992],[49.57718,54.266728],[49.57718,54.266523],[49.577089,54.266372],[49.576921,54.266191],[49.577341,54.265976],[49.578622,54.265959],[49.578799,54.265831],[49.57874,54.26558],[49.579026,54.265539],[49.579709,54.265161],[49.580126,54.264679],[49.5807,54.264527],[49.581018,54.264341],[49.581279,54.26435]]]}},{"type":"Feature","properties":{"full_id":"w60616685","osm_id":"60616685","osm_type":"way","natural":"wood","grassland":null,"wetland":null,"water":null,"leisure":null,"religion":null,"name":null,"landuse":null,"description":null,"wood:density":null,"leaf_cycle":null,"leaf_type":"mixed","type":null,"full_id_2":"r2621608","osm_id_2":"2621608","osm_type_2":"relation","boundary":"administrative","source:url":"http://www.dumadgrad.ru/files/o_gorode/genplan/prilozh/1.rar","old_name":"Мелекес","wikipedia":"ru:Городской округ Димитровград","wikidata":"Q4145659","website":null,"type_2":"boundary","population":null,"official_status":"ru:городской округ","name:tt":null,"name:ru":"городской округ Димитровград","name:ja":"ディミトロフグラード管区","name:en":null,"name_2":"городской округ Димитровград","admin_level":"6","addr:region":null,"addr:country":null},"geometry":{"type":"MultiPolygon","coordinates":[[[[49.661494,54.222373],[49.66144,54.222609],[49.661615,54.222611],[49.658555,54.222879],[49.657979,54.222545],[49.658523,54.222047],[49.659865,54.222031],[49.660428,54.222178],[49.661136,54.222216],[49.661179,54.222166],[49.661204,54.222137],[49.661574,54.221926],[49.661575,54.222165],[49.661494,54.222373]]],[[[49.661691,54.222605],[49.661981,54.222483],[49.662414,54.222466],[49.662629,54.222522],[49.661691,54.222605]]],[[[49.668007,54.22458],[49.668379,54.224843],[49.668744,54.225116],[49.668834,54.225173],[49.668199,54.225527],[49.663817,54.222996],[49.664961,54.223526],[49.665947,54.224077],[49.666471,54.224125],[49.666884,54.224162],[49.667233,54.224212],[49.667609,54.224358],[49.668007,54.22458]]]]}},{"type":"Feature","properties":{"full_id":"w72553059","osm_id":"72553059","osm_type":"way","natural":"wood","grassland":null,"wetland":null,"water":null,"leisure":null,"religion":null,"name":null,"landuse":null,"description":null,"wood:density":null,"leaf_cycle":null,"leaf_type":null,"type":null,"full_id_2":"r2621608","osm_id_2":"2621608","osm_type_2":"relation","boundary":"administrative","source:url":"http://www.dumadgrad.ru/files/o_gorode/genplan/prilozh/1.rar","old_name":"Мелекес","wikipedia":"ru:Городской округ Димитровград","wikidata":"Q4145659","website":null,"type_2":"boundary","population":null,"official_status":"ru:городской округ","name:tt":null,"name:ru":"городской округ Димитровград","name:ja":"ディミトロフグラード管区","name:en":null,"name_2":"городской округ Димитровград","admin_level":"6","addr:region":null,"addr:country":null},"geometry":{"type":"Polygon","coordinates":[[[49.567322,54.202773],[49.564914,54.205178],[49.56473,54.205263],[49.564574,54.205282],[49.564472,54.205244],[49.563625,54.203639],[49.563229,54.203355],[49.562358,54.202946],[49.557489,54.201073],[49.557878,54.200795],[49.56023,54.20006],[49.5637,54.199249],[49.566502,54.19869],[49.570865,54.195565],[49.57258,54.196293],[49.573009,54.196515],[49.573342,54.196806],[49.573202,54.197307],[49.572646,54.197913],[49.569043,54.201297],[49.568838,54.20137],[49.566808,54.200683],[49.565335,54.202127],[49.567279,54.202684],[49.567322,54.202773]]]}},{"type":"Feature","properties":{"full_id":"w72553065","osm_id":"72553065","osm_type":"way","natural":"wood","grassland":null,"wetland":null,"water":null,"leisure":null,"religion":null,"name":null,"landuse":null,"description":null,"wood:density":null,"leaf_cycle":null,"leaf_type":null,"type":null,"full_id_2":"r2621608","osm_id_2":"2621608","osm_type_2":"relation","boundary":"administrative","source:url":"http://www.dumadgrad.ru/files/o_gorode/genplan/prilozh/1.rar","old_name":"Мелекес","wikipedia":"ru:Городской округ Димитровград","wikidata":"Q4145659","website":null,"type_2":"boundary","population":null,"official_status":"ru:городской округ","name:tt":null,"name:ru":"городской округ Димитровград","name:ja":"ディミトロフグラード管区","name:en":null,"name_2":"городской округ Димитровград","admin_level":"6","addr:region":null,"addr:country":null},"geometry":{"type":"Polygon","coordinates":[[[49.563494,54.203697],[49.564199,54.205144],[49.563741,54.205202],[49.563418,54.205317],[49.563319,54.205459],[49.563301,54.205659],[49.563436,54.2059],[49.563661,54.206047],[49.563923,54.206092],[49.563957,54.20628],[49.564172,54.206452],[49.564337,54.206475],[49.56448,54.206558],[49.562914,54.206873],[49.562093,54.207004],[49.561613,54.207045],[49.560978,54.207038],[49.560487,54.207007],[49.560013,54.20689],[49.559585,54.206776],[49.559201,54.20654],[49.558768,54.206193],[49.557078,54.203318],[49.556772,54.202594],[49.556737,54.202108],[49.556928,54.20161],[49.557258,54.201246],[49.562269,54.203024],[49.563104,54.203417],[49.563494,54.203697]]]}},{"type":"Feature","properties":{"full_id":"w72554645","osm_id":"72554645","osm_type":"way","natural":"wood","grassland":null,"wetland":null,"water":null,"leisure":null,"religion":null,"name":null,"landuse":null,"description":null,"wood:density":null,"leaf_cycle":null,"leaf_type":null,"type":null,"full_id_2":"r2621608","osm_id_2":"2621608","osm_type_2":"relation","boundary":"administrative","source:url":"http://www.dumadgrad.ru/files/o_gorode/genplan/prilozh/1.rar","old_name":"Мелекес","wikipedia":"ru:Городской округ Димитровград","wikidata":"Q4145659","website":null,"type_2":"boundary","population":null,"official_status":"ru:городской округ","name:tt":null,"name:ru":"городской округ Димитровград","name:ja":"ディミトロフグラード管区","name:en":null,"name_2":"городской округ Димитровград","admin_level":"6","addr:region":null,"addr:country":null},"geometry":{"type":"Polygon","coordinates":[[[49.531528,54.208573],[49.522129,54.205193],[49.522439,54.204948],[49.525762,54.206157],[49.527245,54.204716],[49.525589,54.203979],[49.524842,54.203304],[49.525008,54.202717],[49.524891,54.202568],[49.526574,54.201173],[49.527561,54.201496],[49.528653,54.200133],[49.527978,54.199915],[49.527323,54.200512],[49.526843,54.200344],[49.528703,54.198619],[49.538312,54.202144],[49.531528,54.208573]]]}},{"type":"Feature","properties":{"full_id":"w72554649","osm_id":"72554649","osm_type":"way","natural":"wood","grassland":null,"wetland":null,"water":null,"leisure":null,"religion":null,"name":null,"landuse":null,"description":null,"wood:density":null,"leaf_cycle":null,"leaf_type":null,"type":null,"full_id_2":"r2621608","osm_id_2":"2621608","osm_type_2":"relation","boundary":"administrative","source:url":"http://www.dumadgrad.ru/files/o_gorode/genplan/prilozh/1.rar","old_name":"Мелекес","wikipedia":"ru:Городской округ Димитровград","wikidata":"Q4145659","website":null,"type_2":"boundary","population":null,"official_status":"ru:городской округ","name:tt":null,"name:ru":"городской округ Димитровград","name:ja":"ディミトロフグラード管区","name:en":null,"name_2":"городской округ Димитровград","admin_level":"6","addr:region":null,"addr:country":null},"geometry":{"type":"Polygon","coordinates":[[[49.535198,54.209961],[49.53192,54.208726],[49.540399,54.204313],[49.548769,54.20427],[49.551624,54.199737],[49.553537,54.200446],[49.554875,54.201072],[49.555441,54.20146],[49.555872,54.201854],[49.556869,54.203372],[49.559012,54.207821],[49.559968,54.209572],[49.560072,54.209835],[49.560088,54.20999],[49.559815,54.20993],[49.559622,54.209925],[49.55935,54.209915],[49.559351,54.210089],[49.559606,54.210143],[49.55972,54.210458],[49.559658,54.210647],[49.560088,54.210894],[49.560677,54.211293],[49.560786,54.211525],[49.560198,54.211284],[49.559999,54.211203],[49.559353,54.211009],[49.558827,54.210889],[49.558684,54.21121],[49.558764,54.211448],[49.558431,54.211492],[49.558024,54.211164],[49.557645,54.210738],[49.557224,54.210598],[49.556565,54.210666],[49.555918,54.210713],[49.554049,54.211061],[49.553595,54.211462],[49.55419,54.212568],[49.553265,54.212738],[49.553037,54.212315],[49.552411,54.21242],[49.552125,54.212633],[49.550245,54.212947],[49.549564,54.213046],[49.549377,54.212678],[49.547455,54.212963],[49.546899,54.211605],[49.546354,54.211657],[49.545901,54.210959],[49.545494,54.211041],[49.542878,54.212909],[49.541931,54.212538],[49.538515,54.211203],[49.535198,54.209961]]]}},{"type":"Feature","properties":{"full_id":"w72554660","osm_id":"72554660","osm_type":"way","natural":"wood","grassland":null,"wetland":null,"water":null,"leisure":null,"religion":null,"name":null,"landuse":null,"description":null,"wood:density":null,"leaf_cycle":null,"leaf_type":null,"type":null,"full_id_2":"r2621608","osm_id_2":"2621608","osm_type_2":"relation","boundary":"administrative","source:url":"http://www.dumadgrad.ru/files/o_gorode/genplan/prilozh/1.rar","old_name":"Мелекес","wikipedia":"ru:Городской округ Димитровград","wikidata":"Q4145659","website":null,"type_2":"boundary","population":null,"official_status":"ru:городской округ","name:tt":null,"name:ru":"городской округ Димитровград","name:ja":"ディミトロフグラード管区","name:en":null,"name_2":"городской округ Димитровград","admin_level":"6","addr:region":null,"addr:country":null},"geometry":{"type":"Polygon","coordinates":[[[49.540315,54.204069],[49.531779,54.208519],[49.538616,54.202338],[49.547802,54.20405],[49.540315,54.204069]]]}},{"type":"Feature","properties":{"full_id":"w72554663","osm_id":"72554663","osm_type":"way","natural":"wood","grassland":null,"wetland":null,"water":null,"leisure":null,"religion":null,"name":null,"landuse":null,"description":null,"wood:density":null,"leaf_cycle":null,"leaf_type":null,"type":null,"full_id_2":"r2621608","osm_id_2":"2621608","osm_type_2":"relation","boundary":"administrative","source:url":"http://www.dumadgrad.ru/files/o_gorode/genplan/prilozh/1.rar","old_name":"Мелекес","wikipedia":"ru:Городской округ Димитровград","wikidata":"Q4145659","website":null,"type_2":"boundary","population":null,"official_status":"ru:городской округ","name:tt":null,"name:ru":"городской округ Димитровград","name:ja":"ディミトロフグラード管区","name:en":null,"name_2":"городской округ Димитровград","admin_level":"6","addr:region":null,"addr:country":null},"geometry":{"type":"Polygon","coordinates":[[[49.548513,54.204027],[49.538736,54.202181],[49.538437,54.198719],[49.538568,54.1982],[49.539269,54.197788],[49.540487,54.197427],[49.541733,54.197558],[49.542956,54.196428],[49.551332,54.199646],[49.548513,54.204027]]]}},{"type":"Feature","properties":{"full_id":"w72554668","osm_id":"72554668","osm_type":"way","natural":"wood","grassland":null,"wetland":null,"water":null,"leisure":null,"religion":null,"name":null,"landuse":null,"description":null,"wood:density":null,"leaf_cycle":null,"leaf_type":null,"type":null,"full_id_2":"r2621608","osm_id_2":"2621608","osm_type_2":"relation","boundary":"administrative","source:url":"http://www.dumadgrad.ru/files/o_gorode/genplan/prilozh/1.rar","old_name":"Мелекес","wikipedia":"ru:Городской округ Димитровград","wikidata":"Q4145659","website":null,"type_2":"boundary","population":null,"official_status":"ru:городской округ","name:tt":null,"name:ru":"городской округ Димитровград","name:ja":"ディミトロフグラード管区","name:en":null,"name_2":"городской округ Димитровград","admin_level":"6","addr:region":null,"addr:country":null},"geometry":{"type":"Polygon","coordinates":[[[49.538388,54.202013],[49.528821,54.198554],[49.530519,54.196941],[49.530758,54.196787],[49.531117,54.196632],[49.531653,54.196538],[49.532334,54.196568],[49.540172,54.197358],[49.538231,54.19791],[49.53818,54.199861],[49.538388,54.202013]]]}},{"type":"Feature","properties":{"full_id":"w72555250","osm_id":"72555250","osm_type":"way","natural":"wood","grassland":null,"wetland":null,"water":null,"leisure":null,"religion":null,"name":null,"landuse":null,"description":null,"wood:density":null,"leaf_cycle":null,"leaf_type":null,"type":null,"full_id_2":"r2621608","osm_id_2":"2621608","osm_type_2":"relation","boundary":"administrative","source:url":"http://www.dumadgrad.ru/files/o_gorode/genplan/prilozh/1.rar","old_name":"Мелекес","wikipedia":"ru:Городской округ Димитровград","wikidata":"Q4145659","website":null,"type_2":"boundary","population":null,"official_status":"ru:городской округ","name:tt":null,"name:ru":"городской округ Димитровград","name:ja":"ディミトロフグラード管区","name:en":null,"name_2":"городской округ Димитровград","admin_level":"6","addr:region":null,"addr:country":null},"geometry":{"type":"Polygon","coordinates":[[[49.558193,54.215238],[49.556642,54.216197],[49.555429,54.21547],[49.555891,54.21521],[49.555952,54.215091],[49.55514,54.214453],[49.554953,54.214182],[49.555152,54.214032],[49.556498,54.213838],[49.556785,54.214005],[49.558104,54.214773],[49.558297,54.214922],[49.558353,54.215047],[49.558193,54.215238]]]}},{"type":"Feature","properties":{"full_id":"w72555251","osm_id":"72555251","osm_type":"way","natural":"wood","grassland":null,"wetland":null,"water":null,"leisure":null,"religion":null,"name":null,"landuse":null,"description":null,"wood:density":null,"leaf_cycle":null,"leaf_type":null,"type":null,"full_id_2":"r2621608","osm_id_2":"2621608","osm_type_2":"relation","boundary":"administrative","source:url":"http://www.dumadgrad.ru/files/o_gorode/genplan/prilozh/1.rar","old_name":"Мелекес","wikipedia":"ru:Городской округ Димитровград","wikidata":"Q4145659","website":null,"type_2":"boundary","population":null,"official_status":"ru:городской округ","name:tt":null,"name:ru":"городской округ Димитровград","name:ja":"ディミトロフグラード管区","name:en":null,"name_2":"городской округ Димитровград","admin_level":"6","addr:region":null,"addr:country":null},"geometry":{"type":"Polygon","coordinates":[[[49.547995,54.215407],[49.546341,54.214381],[49.546186,54.213999],[49.546232,54.213933],[49.547058,54.214403],[49.546916,54.214506],[49.547114,54.214573],[49.547318,54.214432],[49.550846,54.214786],[49.552178,54.215124],[49.552237,54.215202],[49.551425,54.215602],[49.553536,54.216961],[49.552574,54.217605],[49.548728,54.215377],[49.547995,54.215407]]]}},{"type":"Feature","properties":{"full_id":"w72561990","osm_id":"72561990","osm_type":"way","natural":"wood","grassland":null,"wetland":null,"water":null,"leisure":null,"religion":null,"name":null,"landuse":null,"description":null,"wood:density":null,"leaf_cycle":null,"leaf_type":null,"type":null,"full_id_2":"r2621608","osm_id_2":"2621608","osm_type_2":"relation","boundary":"administrative","source:url":"http://www.dumadgrad.ru/files/o_gorode/genplan/prilozh/1.rar","old_name":"Мелекес","wikipedia":"ru:Городской округ Димитровград","wikidata":"Q4145659","website":null,"type_2":"boundary","population":null,"official_status":"ru:городской округ","name:tt":null,"name:ru":"городской округ Димитровград","name:ja":"ディミトロフグラード管区","name:en":null,"name_2":"городской округ Димитровград","admin_level":"6","addr:region":null,"addr:country":null},"geometry":{"type":"Polygon","coordinates":[[[49.56157,54.224789],[49.561869,54.224709],[49.562356,54.224479],[49.562573,54.224625],[49.562851,54.224783],[49.563076,54.224902],[49.563175,54.225019],[49.563938,54.225325],[49.564669,54.225682],[49.564697,54.225746],[49.564512,54.225824],[49.564144,54.225978],[49.563482,54.226],[49.563433,54.226041],[49.563524,54.226124],[49.562746,54.226638],[49.562742,54.226785],[49.562444,54.226883],[49.561955,54.227219],[49.561777,54.227209],[49.561553,54.227192],[49.561156,54.227343],[49.559076,54.226194],[49.55934,54.226026],[49.560524,54.226681],[49.5608,54.226537],[49.561064,54.226311],[49.561306,54.226039],[49.561352,54.225855],[49.561334,54.225623],[49.561139,54.225085],[49.560863,54.224897],[49.561162,54.22486],[49.56157,54.224789]]]}},{"type":"Feature","properties":{"full_id":"w83889017","osm_id":"83889017","osm_type":"way","natural":"wood","grassland":null,"wetland":null,"water":null,"leisure":null,"religion":null,"name":null,"landuse":null,"description":null,"wood:density":null,"leaf_cycle":null,"leaf_type":null,"type":null,"full_id_2":"r2621608","osm_id_2":"2621608","osm_type_2":"relation","boundary":"administrative","source:url":"http://www.dumadgrad.ru/files/o_gorode/genplan/prilozh/1.rar","old_name":"Мелекес","wikipedia":"ru:Городской округ Димитровград","wikidata":"Q4145659","website":null,"type_2":"boundary","population":null,"official_status":"ru:городской округ","name:tt":null,"name:ru":"городской округ Димитровград","name:ja":"ディミトロフグラード管区","name:en":null,"name_2":"городской округ Димитровград","admin_level":"6","addr:region":null,"addr:country":null},"geometry":{"type":"Polygon","coordinates":[[[49.577567,54.242701],[49.577841,54.242686],[49.578265,54.242529],[49.578888,54.242426],[49.578728,54.242593],[49.578133,54.243042],[49.577981,54.243148],[49.577621,54.243166],[49.577337,54.243348],[49.577206,54.243303],[49.577026,54.24319],[49.576955,54.243046],[49.576985,54.24289],[49.577081,54.24268],[49.577355,54.242836],[49.577567,54.242701]]]}},{"type":"Feature","properties":{"full_id":"w83889950","osm_id":"83889950","osm_type":"way","natural":"wood","grassland":null,"wetland":null,"water":null,"leisure":null,"religion":null,"name":null,"landuse":null,"description":null,"wood:density":null,"leaf_cycle":null,"leaf_type":null,"type":null,"full_id_2":"r2621608","osm_id_2":"2621608","osm_type_2":"relation","boundary":"administrative","source:url":"http://www.dumadgrad.ru/files/o_gorode/genplan/prilozh/1.rar","old_name":"Мелекес","wikipedia":"ru:Городской округ Димитровград","wikidata":"Q4145659","website":null,"type_2":"boundary","population":null,"official_status":"ru:городской округ","name:tt":null,"name:ru":"городской округ Димитровград","name:ja":"ディミトロフグラード管区","name:en":null,"name_2":"городской округ Димитровград","admin_level":"6","addr:region":null,"addr:country":null},"geometry":{"type":"Polygon","coordinates":[[[49.470599,54.193969],[49.481501,54.198063],[49.457431,54.199624],[49.455656,54.190544],[49.450643,54.190949],[49.448974,54.190905],[49.458351,54.190294],[49.467368,54.193628],[49.468999,54.192016],[49.469142,54.191986],[49.46926,54.192044],[49.470599,54.193969]]]}},{"type":"Feature","properties":{"full_id":"w83889951","osm_id":"83889951","osm_type":"way","natural":"wood","grassland":null,"wetland":null,"water":null,"leisure":null,"religion":null,"name":null,"landuse":null,"description":null,"wood:density":null,"leaf_cycle":null,"leaf_type":null,"type":null,"full_id_2":"r2621608","osm_id_2":"2621608","osm_type_2":"relation","boundary":"administrative","source:url":"http://www.dumadgrad.ru/files/o_gorode/genplan/prilozh/1.rar","old_name":"Мелекес","wikipedia":"ru:Городской округ Димитровград","wikidata":"Q4145659","website":null,"type_2":"boundary","population":null,"official_status":"ru:городской округ","name:tt":null,"name:ru":"городской округ Димитровград","name:ja":"ディミトロフグラード管区","name:en":null,"name_2":"городской округ Димитровград","admin_level":"6","addr:region":null,"addr:country":null},"geometry":{"type":"Polygon","coordinates":[[[49.487136,54.192913],[49.496182,54.196312],[49.482981,54.197224],[49.472079,54.19326],[49.471002,54.191869],[49.478988,54.194809],[49.481356,54.192548],[49.483615,54.193294],[49.484028,54.193321],[49.485892,54.193837],[49.486024,54.193825],[49.487,54.192927],[49.487136,54.192913]]]}},{"type":"Feature","properties":{"full_id":"w83889954","osm_id":"83889954","osm_type":"way","natural":"wood","grassland":null,"wetland":null,"water":null,"leisure":null,"religion":null,"name":null,"landuse":null,"description":null,"wood:density":null,"leaf_cycle":null,"leaf_type":null,"type":null,"full_id_2":"r2621608","osm_id_2":"2621608","osm_type_2":"relation","boundary":"administrative","source:url":"http://www.dumadgrad.ru/files/o_gorode/genplan/prilozh/1.rar","old_name":"Мелекес","wikipedia":"ru:Городской округ Димитровград","wikidata":"Q4145659","website":null,"type_2":"boundary","population":null,"official_status":"ru:городской округ","name:tt":null,"name:ru":"городской округ Димитровград","name:ja":"ディミトロフグラード管区","name:en":null,"name_2":"городской округ Димитровград","admin_level":"6","addr:region":null,"addr:country":null},"geometry":{"type":"Polygon","coordinates":[[[49.52062,54.205177],[49.520896,54.205361],[49.531008,54.208922],[49.527735,54.210954],[49.518633,54.207663],[49.518523,54.207469],[49.518631,54.207276],[49.518765,54.207102],[49.51919,54.206808],[49.51982,54.206112],[49.519976,54.20579],[49.519969,54.205612],[49.51994,54.205375],[49.519962,54.205239],[49.518737,54.204771],[49.517841,54.204514],[49.517498,54.204382],[49.517067,54.204299],[49.516826,54.204196],[49.516748,54.204113],[49.516288,54.204055],[49.515977,54.203927],[49.515807,54.203811],[49.515771,54.20367],[49.515849,54.203562],[49.516217,54.203691],[49.516932,54.203902],[49.517456,54.204026],[49.517675,54.204117],[49.517951,54.204254],[49.51827,54.204365],[49.518772,54.204514],[49.519254,54.204721],[49.519905,54.20497],[49.520195,54.205057],[49.52062,54.205177]]]}},{"type":"Feature","properties":{"full_id":"w83889955","osm_id":"83889955","osm_type":"way","natural":"wood","grassland":null,"wetland":null,"water":null,"leisure":null,"religion":null,"name":null,"landuse":null,"description":null,"wood:density":null,"leaf_cycle":null,"leaf_type":null,"type":null,"full_id_2":"r2621608","osm_id_2":"2621608","osm_type_2":"relation","boundary":"administrative","source:url":"http://www.dumadgrad.ru/files/o_gorode/genplan/prilozh/1.rar","old_name":"Мелекес","wikipedia":"ru:Городской округ Димитровград","wikidata":"Q4145659","website":null,"type_2":"boundary","population":null,"official_status":"ru:городской округ","name:tt":null,"name:ru":"городской округ Димитровград","name:ja":"ディミトロフグラード管区","name:en":null,"name_2":"городской округ Димитровград","admin_level":"6","addr:region":null,"addr:country":null},"geometry":{"type":"Polygon","coordinates":[[[49.490902,54.197184],[49.492913,54.197146],[49.497293,54.196751],[49.511245,54.201764],[49.511878,54.20201],[49.512451,54.202262],[49.512968,54.202477],[49.513598,54.202718],[49.514419,54.202974],[49.515361,54.203314],[49.515623,54.203454],[49.515608,54.203521],[49.515439,54.203624],[49.514632,54.203587],[49.514193,54.203512],[49.513761,54.203368],[49.51323,54.203181],[49.512515,54.203024],[49.512076,54.203074],[49.510993,54.204138],[49.510965,54.204316],[49.511071,54.204461],[49.511977,54.204746],[49.513959,54.205433],[49.51587,54.206079],[49.516005,54.206146],[49.515955,54.206228],[49.51575,54.206253],[49.515679,54.206344],[49.515679,54.206464],[49.516458,54.206882],[49.516798,54.206994],[49.517456,54.207234],[49.51735,54.207272],[49.516663,54.207048],[49.515389,54.206506],[49.514844,54.206266],[49.511581,54.205156],[49.509663,54.204374],[49.509146,54.204237],[49.509089,54.204133],[49.508868,54.204073],[49.49093,54.197473],[49.490258,54.197375],[49.48528,54.197741],[49.483225,54.197878],[49.482907,54.197883],[49.482711,54.197862],[49.482664,54.197769],[49.482767,54.197703],[49.48343,54.19767],[49.490902,54.197184]]]}},{"type":"Feature","properties":{"full_id":"w83890048","osm_id":"83890048","osm_type":"way","natural":"wood","grassland":null,"wetland":null,"water":null,"leisure":null,"religion":null,"name":null,"landuse":null,"description":null,"wood:density":null,"leaf_cycle":null,"leaf_type":null,"type":null,"full_id_2":"r2621608","osm_id_2":"2621608","osm_type_2":"relation","boundary":"administrative","source:url":"http://www.dumadgrad.ru/files/o_gorode/genplan/prilozh/1.rar","old_name":"Мелекес","wikipedia":"ru:Городской округ Димитровград","wikidata":"Q4145659","website":null,"type_2":"boundary","population":null,"official_status":"ru:городской округ","name:tt":null,"name:ru":"городской округ Димитровград","name:ja":"ディミトロフグラード管区","name:en":null,"name_2":"городской округ Димитровград","admin_level":"6","addr:region":null,"addr:country":null},"geometry":{"type":"Polygon","coordinates":[[[49.50985,54.20071],[49.498703,54.196569],[49.501425,54.196457],[49.503631,54.197278],[49.503873,54.19722],[49.505184,54.197743],[49.50622,54.19795],[49.507498,54.198045],[49.508915,54.198025],[49.516459,54.197463],[49.538091,54.195276],[49.540858,54.195754],[49.541985,54.1961],[49.542327,54.196465],[49.541762,54.197009],[49.541121,54.197198],[49.532444,54.196371],[49.531574,54.196327],[49.530903,54.19651],[49.53034,54.196861],[49.527709,54.199295],[49.522521,54.197569],[49.520439,54.199722],[49.51868,54.199703],[49.518471,54.20016],[49.518557,54.200346],[49.520469,54.200585],[49.522133,54.201216],[49.521939,54.201453],[49.522127,54.201748],[49.522344,54.20186],[49.522276,54.201935],[49.52212,54.201886],[49.521933,54.201695],[49.521489,54.201607],[49.52108,54.201362],[49.520389,54.201236],[49.520082,54.201308],[49.520177,54.201517],[49.519715,54.201439],[49.518792,54.201151],[49.517681,54.200715],[49.516581,54.200362],[49.514793,54.202005],[49.520968,54.204237],[49.520872,54.204678],[49.512649,54.201698],[49.514412,54.200127],[49.512887,54.199634],[49.511232,54.199417],[49.50985,54.20071]]]}},{"type":"Feature","properties":{"full_id":"w83890055","osm_id":"83890055","osm_type":"way","natural":"wood","grassland":null,"wetland":null,"water":null,"leisure":null,"religion":null,"name":null,"landuse":null,"description":null,"wood:density":null,"leaf_cycle":null,"leaf_type":null,"type":null,"full_id_2":"r2621608","osm_id_2":"2621608","osm_type_2":"relation","boundary":"administrative","source:url":"http://www.dumadgrad.ru/files/o_gorode/genplan/prilozh/1.rar","old_name":"Мелекес","wikipedia":"ru:Городской округ Димитровград","wikidata":"Q4145659","website":null,"type_2":"boundary","population":null,"official_status":"ru:городской округ","name:tt":null,"name:ru":"городской округ Димитровград","name:ja":"ディミトロフグラード管区","name:en":null,"name_2":"городской округ Димитровград","admin_level":"6","addr:region":null,"addr:country":null},"geometry":{"type":"Polygon","coordinates":[[[49.491675,54.194319],[49.486079,54.192274],[49.485985,54.192219],[49.486217,54.192253],[49.486307,54.192179],[49.486246,54.192131],[49.485867,54.192029],[49.485725,54.191953],[49.485705,54.191903],[49.485778,54.191808],[49.485965,54.191591],[49.486132,54.191434],[49.486408,54.191137],[49.486522,54.190975],[49.486672,54.190842],[49.48677,54.190823],[49.486798,54.190864],[49.48677,54.190964],[49.48668,54.191063],[49.486571,54.191194],[49.486494,54.191311],[49.486465,54.19142],[49.486534,54.191489],[49.486672,54.19138],[49.486904,54.191182],[49.487168,54.190918],[49.487274,54.190821],[49.48725,54.190764],[49.487087,54.19073],[49.486843,54.190668],[49.486843,54.190604],[49.486916,54.190514],[49.487136,54.190531],[49.487286,54.1906],[49.487437,54.190676],[49.487705,54.190692],[49.487868,54.190773],[49.487998,54.190842],[49.488299,54.190883],[49.488433,54.190787],[49.48836,54.190692],[49.488486,54.190697],[49.488721,54.190797],[49.489815,54.191168],[49.490368,54.191292],[49.490364,54.191227],[49.490201,54.191168],[49.490067,54.191092],[49.489941,54.190966],[49.489998,54.190897],[49.490129,54.190912],[49.492984,54.192017],[49.49495,54.193922],[49.500056,54.195804],[49.49801,54.196067],[49.497203,54.196116],[49.496498,54.196086],[49.494746,54.195441],[49.49204,54.194427],[49.492253,54.19436],[49.491928,54.19425],[49.491675,54.194319]]]}},{"type":"Feature","properties":{"full_id":"w83890231","osm_id":"83890231","osm_type":"way","natural":"wood","grassland":null,"wetland":null,"water":null,"leisure":null,"religion":null,"name":null,"landuse":null,"description":null,"wood:density":null,"leaf_cycle":null,"leaf_type":null,"type":null,"full_id_2":"r2621608","osm_id_2":"2621608","osm_type_2":"relation","boundary":"administrative","source:url":"http://www.dumadgrad.ru/files/o_gorode/genplan/prilozh/1.rar","old_name":"Мелекес","wikipedia":"ru:Городской округ Димитровград","wikidata":"Q4145659","website":null,"type_2":"boundary","population":null,"official_status":"ru:городской округ","name:tt":null,"name:ru":"городской округ Димитровград","name:ja":"ディミトロフグラード管区","name:en":null,"name_2":"городской округ Димитровград","admin_level":"6","addr:region":null,"addr:country":null},"geometry":{"type":"Polygon","coordinates":[[[49.542784,54.195938],[49.542661,54.195992],[49.541446,54.195757],[49.538103,54.195188],[49.508655,54.197625],[49.506341,54.197648],[49.503779,54.196612],[49.502949,54.196277],[49.518444,54.195422],[49.519808,54.195134],[49.522876,54.194868],[49.541244,54.193581],[49.54509,54.191489],[49.54593,54.19152],[49.546219,54.191799],[49.54635,54.19202],[49.546376,54.19246],[49.546386,54.192653],[49.545231,54.192204],[49.542043,54.195624],[49.542784,54.195938]]]}},{"type":"Feature","properties":{"full_id":"w85224584","osm_id":"85224584","osm_type":"way","natural":"wood","grassland":null,"wetland":null,"water":null,"leisure":null,"religion":null,"name":null,"landuse":null,"description":null,"wood:density":null,"leaf_cycle":null,"leaf_type":null,"type":null,"full_id_2":"r2621608","osm_id_2":"2621608","osm_type_2":"relation","boundary":"administrative","source:url":"http://www.dumadgrad.ru/files/o_gorode/genplan/prilozh/1.rar","old_name":"Мелекес","wikipedia":"ru:Городской округ Димитровград","wikidata":"Q4145659","website":null,"type_2":"boundary","population":null,"official_status":"ru:городской округ","name:tt":null,"name:ru":"городской округ Димитровград","name:ja":"ディミトロフグラード管区","name:en":null,"name_2":"городской округ Димитровград","admin_level":"6","addr:region":null,"addr:country":null},"geometry":{"type":"Polygon","coordinates":[[[49.551657,54.198911],[49.546428,54.196925],[49.547454,54.196045],[49.549016,54.196561],[49.550081,54.196343],[49.550946,54.196167],[49.551493,54.195952],[49.552141,54.195452],[49.552421,54.195046],[49.552414,54.194632],[49.552428,54.19426],[49.553334,54.193176],[49.553508,54.192686],[49.553649,54.192799],[49.553336,54.193629],[49.552684,54.194925],[49.552178,54.195917],[49.552093,54.196658],[49.552016,54.19738],[49.551754,54.19832],[49.551657,54.198911]]]}},{"type":"Feature","properties":{"full_id":"w85224795","osm_id":"85224795","osm_type":"way","natural":"wood","grassland":null,"wetland":null,"water":null,"leisure":null,"religion":null,"name":null,"landuse":null,"description":null,"wood:density":null,"leaf_cycle":null,"leaf_type":null,"type":null,"full_id_2":"r2621608","osm_id_2":"2621608","osm_type_2":"relation","boundary":"administrative","source:url":"http://www.dumadgrad.ru/files/o_gorode/genplan/prilozh/1.rar","old_name":"Мелекес","wikipedia":"ru:Городской округ Димитровград","wikidata":"Q4145659","website":null,"type_2":"boundary","population":null,"official_status":"ru:городской округ","name:tt":null,"name:ru":"городской округ Димитровград","name:ja":"ディミトロフグラード管区","name:en":null,"name_2":"городской округ Димитровград","admin_level":"6","addr:region":null,"addr:country":null},"geometry":{"type":"Polygon","coordinates":[[[49.566435,54.198619],[49.563816,54.199139],[49.564825,54.198073],[49.566277,54.193654],[49.567511,54.194017],[49.567415,54.194376],[49.568168,54.194751],[49.568216,54.19507],[49.568489,54.195157],[49.568932,54.195032],[49.569407,54.194729],[49.57044,54.195194],[49.570188,54.195488],[49.570013,54.195581],[49.569408,54.195953],[49.56874,54.196121],[49.568007,54.196643],[49.567594,54.197145],[49.567368,54.197911],[49.566435,54.198619]]]}},{"type":"Feature","properties":{"full_id":"w85248171","osm_id":"85248171","osm_type":"way","natural":"wood","grassland":null,"wetland":null,"water":null,"leisure":null,"religion":null,"name":null,"landuse":null,"description":null,"wood:density":null,"leaf_cycle":null,"leaf_type":"mixed","type":null,"full_id_2":"r2621608","osm_id_2":"2621608","osm_type_2":"relation","boundary":"administrative","source:url":"http://www.dumadgrad.ru/files/o_gorode/genplan/prilozh/1.rar","old_name":"Мелекес","wikipedia":"ru:Городской округ Димитровград","wikidata":"Q4145659","website":null,"type_2":"boundary","population":null,"official_status":"ru:городской округ","name:tt":null,"name:ru":"городской округ Димитровград","name:ja":"ディミトロフグラード管区","name:en":null,"name_2":"городской округ Димитровград","admin_level":"6","addr:region":null,"addr:country":null},"geometry":{"type":"Polygon","coordinates":[[[49.661761,54.222221],[49.661722,54.222096],[49.661705,54.22201],[49.661806,54.221954],[49.662009,54.221934],[49.662224,54.221905],[49.662415,54.221796],[49.662607,54.221792],[49.662765,54.221858],[49.663165,54.222033],[49.663447,54.222148],[49.663667,54.22226],[49.663853,54.222356],[49.663971,54.222465],[49.664157,54.22259],[49.664174,54.222695],[49.664073,54.222768],[49.663808,54.222781],[49.663498,54.222709],[49.663283,54.22261],[49.66304,54.222547],[49.662948,54.222494],[49.662801,54.222507],[49.66272,54.222494],[49.662584,54.222448],[49.662324,54.22235],[49.661914,54.22226],[49.661761,54.222221]]]}},{"type":"Feature","properties":{"full_id":"w85252740","osm_id":"85252740","osm_type":"way","natural":"wood","grassland":null,"wetland":null,"water":null,"leisure":null,"religion":null,"name":null,"landuse":null,"description":null,"wood:density":null,"leaf_cycle":null,"leaf_type":null,"type":null,"full_id_2":"r2621608","osm_id_2":"2621608","osm_type_2":"relation","boundary":"administrative","source:url":"http://www.dumadgrad.ru/files/o_gorode/genplan/prilozh/1.rar","old_name":"Мелекес","wikipedia":"ru:Городской округ Димитровград","wikidata":"Q4145659","website":null,"type_2":"boundary","population":null,"official_status":"ru:городской округ","name:tt":null,"name:ru":"городской округ Димитровград","name:ja":"ディミトロフグラード管区","name:en":null,"name_2":"городской округ Димитровград","admin_level":"6","addr:region":null,"addr:country":null},"geometry":{"type":"MultiPolygon","coordinates":[[[[49.653935,54.22121],[49.654499,54.221173],[49.654643,54.221163],[49.653368,54.221473],[49.653319,54.221468],[49.652977,54.221532],[49.652257,54.221552],[49.652287,54.221445],[49.652667,54.221391],[49.653181,54.221317],[49.653491,54.221235],[49.653935,54.22121]]],[[[49.655336,54.221314],[49.655371,54.22155],[49.655098,54.221659],[49.655073,54.221657],[49.654829,54.221149],[49.655148,54.221126],[49.65518,54.221229],[49.655336,54.221314]]]]}},{"type":"Feature","properties":{"full_id":"w107005022","osm_id":"107005022","osm_type":"way","natural":"wood","grassland":null,"wetland":null,"water":null,"leisure":null,"religion":null,"name":null,"landuse":null,"description":null,"wood:density":null,"leaf_cycle":null,"leaf_type":null,"type":null,"full_id_2":"r2621608","osm_id_2":"2621608","osm_type_2":"relation","boundary":"administrative","source:url":"http://www.dumadgrad.ru/files/o_gorode/genplan/prilozh/1.rar","old_name":"Мелекес","wikipedia":"ru:Городской округ Димитровград","wikidata":"Q4145659","website":null,"type_2":"boundary","population":null,"official_status":"ru:городской округ","name:tt":null,"name:ru":"городской округ Димитровград","name:ja":"ディミトロフグラード管区","name:en":null,"name_2":"городской округ Димитровград","admin_level":"6","addr:region":null,"addr:country":null},"geometry":{"type":"Polygon","coordinates":[[[49.644639,54.193161],[49.644765,54.193151],[49.644864,54.193162],[49.64492,54.193237],[49.644892,54.193336],[49.64488,54.193408],[49.645083,54.193635],[49.645173,54.193812],[49.645256,54.193898],[49.64527,54.194142],[49.645188,54.194177],[49.645055,54.194219],[49.645145,54.194248],[49.645274,54.194275],[49.645327,54.195214],[49.645281,54.195411],[49.64515,54.195608],[49.644895,54.195658],[49.644693,54.195787],[49.644581,54.195884],[49.64459,54.196024],[49.644639,54.196279],[49.644768,54.196467],[49.644625,54.196768],[49.644508,54.19682],[49.642963,54.196979],[49.642545,54.196204],[49.642505,54.19613],[49.642514,54.195923],[49.642599,54.195834],[49.642676,54.195805],[49.642702,54.195697],[49.642918,54.195482],[49.643188,54.195132],[49.643574,54.194628],[49.643668,54.194375],[49.643898,54.194],[49.644158,54.193611],[49.644302,54.193508],[49.644405,54.193398],[49.644436,54.19329],[49.644468,54.193219],[49.644639,54.193161]]]}},{"type":"Feature","properties":{"full_id":"w107005036","osm_id":"107005036","osm_type":"way","natural":"wood","grassland":null,"wetland":null,"water":null,"leisure":null,"religion":null,"name":null,"landuse":null,"description":null,"wood:density":null,"leaf_cycle":null,"leaf_type":null,"type":null,"full_id_2":"r2621608","osm_id_2":"2621608","osm_type_2":"relation","boundary":"administrative","source:url":"http://www.dumadgrad.ru/files/o_gorode/genplan/prilozh/1.rar","old_name":"Мелекес","wikipedia":"ru:Городской округ Димитровград","wikidata":"Q4145659","website":null,"type_2":"boundary","population":null,"official_status":"ru:городской округ","name:tt":null,"name:ru":"городской округ Димитровград","name:ja":"ディミトロフグラード管区","name:en":null,"name_2":"городской округ Димитровград","admin_level":"6","addr:region":null,"addr:country":null},"geometry":{"type":"Polygon","coordinates":[[[49.641062,54.197994],[49.64121,54.198298],[49.641162,54.198362],[49.640875,54.198366],[49.640447,54.198454],[49.640293,54.198545],[49.640271,54.198694],[49.640235,54.198858],[49.640293,54.199026],[49.640379,54.199102],[49.640322,54.199133],[49.640138,54.199144],[49.639937,54.199072],[49.639822,54.198948],[49.639693,54.198892],[49.639434,54.198847],[49.639384,54.198707],[49.639373,54.198469],[49.639434,54.198253],[49.639549,54.198028],[49.639693,54.197819],[49.639818,54.197706],[49.640002,54.19763],[49.640196,54.197506],[49.640361,54.197443],[49.640562,54.19743],[49.640649,54.197456],[49.640717,54.197567],[49.640828,54.197754],[49.640742,54.197849],[49.64076,54.197897],[49.640954,54.197874],[49.641062,54.197994]]]}},{"type":"Feature","properties":{"full_id":"w107005038","osm_id":"107005038","osm_type":"way","natural":"wood","grassland":null,"wetland":null,"water":null,"leisure":null,"religion":null,"name":null,"landuse":null,"description":null,"wood:density":null,"leaf_cycle":null,"leaf_type":null,"type":null,"full_id_2":"r2621608","osm_id_2":"2621608","osm_type_2":"relation","boundary":"administrative","source:url":"http://www.dumadgrad.ru/files/o_gorode/genplan/prilozh/1.rar","old_name":"Мелекес","wikipedia":"ru:Городской округ Димитровград","wikidata":"Q4145659","website":null,"type_2":"boundary","population":null,"official_status":"ru:городской округ","name:tt":null,"name:ru":"городской округ Димитровград","name:ja":"ディミトロフグラード管区","name:en":null,"name_2":"городской округ Димитровград","admin_level":"6","addr:region":null,"addr:country":null},"geometry":{"type":"Polygon","coordinates":[[[49.641122,54.199952],[49.640457,54.199815],[49.640461,54.199712],[49.640504,54.199668],[49.640727,54.199716],[49.641104,54.199756],[49.64127,54.199704],[49.641615,54.199636],[49.642118,54.199611],[49.642643,54.199535],[49.643189,54.199481],[49.643369,54.199542],[49.643401,54.199599],[49.642998,54.199758],[49.642305,54.199935],[49.641755,54.199977],[49.641122,54.199952]]]}},{"type":"Feature","properties":{"full_id":"w117342982","osm_id":"117342982","osm_type":"way","natural":"wood","grassland":null,"wetland":null,"water":null,"leisure":null,"religion":null,"name":null,"landuse":null,"description":null,"wood:density":null,"leaf_cycle":null,"leaf_type":null,"type":null,"full_id_2":"r2621608","osm_id_2":"2621608","osm_type_2":"relation","boundary":"administrative","source:url":"http://www.dumadgrad.ru/files/o_gorode/genplan/prilozh/1.rar","old_name":"Мелекес","wikipedia":"ru:Городской округ Димитровград","wikidata":"Q4145659","website":null,"type_2":"boundary","population":null,"official_status":"ru:городской округ","name:tt":null,"name:ru":"городской округ Димитровград","name:ja":"ディミトロフグラード管区","name:en":null,"name_2":"городской округ Димитровград","admin_level":"6","addr:region":null,"addr:country":null},"geometry":{"type":"Polygon","coordinates":[[[49.582267,54.243837],[49.582235,54.244034],[49.58205,54.243876],[49.581884,54.243776],[49.580918,54.244356],[49.581122,54.244018],[49.581501,54.243754],[49.581847,54.243544],[49.582091,54.243271],[49.582271,54.24304],[49.582299,54.242754],[49.582303,54.242143],[49.582394,54.242047],[49.582523,54.242126],[49.582553,54.242637],[49.582742,54.24281],[49.582699,54.242906],[49.582691,54.243077],[49.582893,54.243113],[49.583158,54.243085],[49.583362,54.242898],[49.584182,54.243282],[49.584284,54.243284],[49.584948,54.242842],[49.585521,54.242448],[49.585871,54.242184],[49.586278,54.241823],[49.586739,54.241413],[49.586864,54.241132],[49.58679,54.241426],[49.586527,54.241753],[49.586019,54.24226],[49.584805,54.2433],[49.584321,54.243727],[49.584016,54.243961],[49.583499,54.244309],[49.582825,54.244722],[49.582009,54.24515],[49.581358,54.245418],[49.580481,54.245671],[49.579429,54.245884],[49.578598,54.246016],[49.577495,54.246129],[49.57654,54.246191],[49.576449,54.246213],[49.576368,54.245993],[49.577519,54.245913],[49.577477,54.245278],[49.577393,54.245148],[49.57752,54.245171],[49.577665,54.245183],[49.577807,54.245174],[49.578397,54.245094],[49.578491,54.245332],[49.579783,54.245309],[49.579904,54.244925],[49.580365,54.244692],[49.580626,54.244536],[49.581277,54.244978],[49.58144,54.24502],[49.581638,54.24496],[49.582116,54.244757],[49.582561,54.244554],[49.582715,54.244431],[49.582955,54.244369],[49.583398,54.244072],[49.583864,54.243843],[49.584227,54.243583],[49.584029,54.243442],[49.583852,54.243343],[49.583392,54.243111],[49.583172,54.243236],[49.583093,54.24339],[49.583024,54.243562],[49.582821,54.243746],[49.582678,54.243848],[49.582488,54.243843],[49.582378,54.243789],[49.582267,54.243837]]]}},{"type":"Feature","properties":{"full_id":"w161216070","osm_id":"161216070","osm_type":"way","natural":"wood","grassland":null,"wetland":null,"water":null,"leisure":null,"religion":null,"name":null,"landuse":null,"description":null,"wood:density":null,"leaf_cycle":null,"leaf_type":null,"type":null,"full_id_2":"r2621608","osm_id_2":"2621608","osm_type_2":"relation","boundary":"administrative","source:url":"http://www.dumadgrad.ru/files/o_gorode/genplan/prilozh/1.rar","old_name":"Мелекес","wikipedia":"ru:Городской округ Димитровград","wikidata":"Q4145659","website":null,"type_2":"boundary","population":null,"official_status":"ru:городской округ","name:tt":null,"name:ru":"городской округ Димитровград","name:ja":"ディミトロフグラード管区","name:en":null,"name_2":"городской округ Димитровград","admin_level":"6","addr:region":null,"addr:country":null},"geometry":{"type":"Polygon","coordinates":[[[49.597379,54.242674],[49.597,54.242553],[49.59682,54.241944],[49.596961,54.241782],[49.597401,54.241917],[49.597642,54.241743],[49.597769,54.241778],[49.597596,54.241962],[49.597815,54.242016],[49.597946,54.24209],[49.598178,54.242099],[49.598348,54.242003],[49.597982,54.241905],[49.598067,54.241725],[49.598131,54.241619],[49.598341,54.241441],[49.598952,54.241495],[49.599376,54.24133],[49.599832,54.241443],[49.599969,54.241661],[49.59994,54.242029],[49.599768,54.242483],[49.599475,54.242789],[49.599161,54.242876],[49.598864,54.242761],[49.598315,54.242677],[49.597681,54.242585],[49.597379,54.242674]]]}},{"type":"Feature","properties":{"full_id":"w188010532","osm_id":"188010532","osm_type":"way","natural":"wood","grassland":null,"wetland":null,"water":null,"leisure":null,"religion":null,"name":null,"landuse":null,"description":null,"wood:density":null,"leaf_cycle":null,"leaf_type":null,"type":null,"full_id_2":"r2621608","osm_id_2":"2621608","osm_type_2":"relation","boundary":"administrative","source:url":"http://www.dumadgrad.ru/files/o_gorode/genplan/prilozh/1.rar","old_name":"Мелекес","wikipedia":"ru:Городской округ Димитровград","wikidata":"Q4145659","website":null,"type_2":"boundary","population":null,"official_status":"ru:городской округ","name:tt":null,"name:ru":"городской округ Димитровград","name:ja":"ディミトロフグラード管区","name:en":null,"name_2":"городской округ Димитровград","admin_level":"6","addr:region":null,"addr:country":null},"geometry":{"type":"Polygon","coordinates":[[[49.55212,54.231354],[49.552022,54.231368],[49.551905,54.231311],[49.551871,54.231274],[49.551833,54.231234],[49.551755,54.231152],[49.551774,54.231078],[49.55175,54.230969],[49.551808,54.230917],[49.551933,54.230956],[49.551971,54.231023],[49.552134,54.231013],[49.552348,54.231137],[49.552983,54.230731],[49.552776,54.230604],[49.55299,54.230515],[49.553116,54.230476],[49.553204,54.230481],[49.553393,54.23055],[49.553617,54.230663],[49.55423,54.230996],[49.554546,54.231183],[49.554662,54.231368],[49.554998,54.231746],[49.555163,54.231956],[49.55507,54.231996],[49.554833,54.231996],[49.55436,54.232264],[49.554357,54.232319],[49.554544,54.232454],[49.554287,54.232558],[49.552975,54.231877],[49.552995,54.231817],[49.553043,54.231746],[49.552961,54.231675],[49.552397,54.231359],[49.552327,54.231352],[49.552236,54.231342],[49.55212,54.231354]]]}},{"type":"Feature","properties":{"full_id":"w188958845","osm_id":"188958845","osm_type":"way","natural":"wood","grassland":null,"wetland":null,"water":null,"leisure":null,"religion":null,"name":null,"landuse":null,"description":null,"wood:density":null,"leaf_cycle":null,"leaf_type":null,"type":null,"full_id_2":"r2621608","osm_id_2":"2621608","osm_type_2":"relation","boundary":"administrative","source:url":"http://www.dumadgrad.ru/files/o_gorode/genplan/prilozh/1.rar","old_name":"Мелекес","wikipedia":"ru:Городской округ Димитровград","wikidata":"Q4145659","website":null,"type_2":"boundary","population":null,"official_status":"ru:городской округ","name:tt":null,"name:ru":"городской округ Димитровград","name:ja":"ディミトロフグラード管区","name:en":null,"name_2":"городской округ Димитровград","admin_level":"6","addr:region":null,"addr:country":null},"geometry":{"type":"Polygon","coordinates":[[[49.562026,54.227801],[49.561924,54.227749],[49.561958,54.227712],[49.562162,54.227701],[49.562454,54.227721],[49.562639,54.227712],[49.562843,54.227724],[49.56296,54.227784],[49.56295,54.227866],[49.563105,54.227886],[49.563358,54.227826],[49.563485,54.227823],[49.563577,54.227855],[49.563528,54.227928],[49.563582,54.227988],[49.563698,54.227985],[49.563747,54.227914],[49.563903,54.22788],[49.564063,54.227829],[49.56435,54.227784],[49.564403,54.22771],[49.564457,54.227656],[49.564685,54.227681],[49.56486,54.22767],[49.565069,54.227644],[49.565254,54.227604],[49.565463,54.22761],[49.565589,54.22757],[49.565905,54.227562],[49.56608,54.22763],[49.566274,54.227616],[49.566479,54.22755],[49.566906,54.227522],[49.567076,54.22757],[49.56729,54.22767],[49.567378,54.227727],[49.567424,54.227744],[49.567457,54.227763],[49.567481,54.22789],[49.567583,54.228533],[49.567588,54.228652],[49.567577,54.228755],[49.56748,54.228798],[49.567354,54.228823],[49.567106,54.228863],[49.566916,54.228914],[49.566897,54.228849],[49.56677,54.228857],[49.566804,54.228943],[49.566712,54.228988],[49.566586,54.228963],[49.566406,54.22898],[49.566202,54.228957],[49.566109,54.228977],[49.566187,54.229073],[49.566299,54.229227],[49.566488,54.229343],[49.566449,54.229429],[49.566318,54.229434],[49.566114,54.229397],[49.566032,54.22938],[49.566051,54.229312],[49.566158,54.229261],[49.566041,54.229085],[49.565988,54.228985],[49.566075,54.228849],[49.56608,54.228724],[49.566022,54.228647],[49.566138,54.228579],[49.566425,54.228662],[49.566561,54.228627],[49.566761,54.228659],[49.566926,54.228659],[49.567057,54.228687],[49.56713,54.22875],[49.567222,54.22875],[49.567271,54.228704],[49.567198,54.228619],[49.567091,54.228559],[49.566761,54.228505],[49.566644,54.228465],[49.566479,54.228417],[49.566333,54.228431],[49.566119,54.2284],[49.565959,54.228366],[49.565842,54.228369],[49.565813,54.228417],[49.565711,54.228406],[49.565628,54.228363],[49.56557,54.228264],[49.565463,54.22823],[49.565196,54.228159],[49.565118,54.228173],[49.565006,54.228221],[49.56488,54.228258],[49.564753,54.228349],[49.564622,54.228426],[49.564549,54.228414],[49.564544,54.228372],[49.564573,54.228309],[49.564534,54.228244],[49.564374,54.228241],[49.56416,54.228255],[49.564034,54.228332],[49.564092,54.228372],[49.564228,54.22842],[49.564369,54.228508],[49.564394,54.228622],[49.564306,54.228718],[49.564332,54.229024],[49.564126,54.229022],[49.563888,54.229054],[49.563659,54.229127],[49.563489,54.229196],[49.5633,54.229224],[49.563047,54.229235],[49.562791,54.229249],[49.562682,54.229201],[49.562977,54.229026],[49.562704,54.228863],[49.562736,54.228804],[49.562906,54.228804],[49.562894,54.228608],[49.562605,54.228423],[49.562465,54.228446],[49.562573,54.228568],[49.562512,54.228741],[49.562252,54.228604],[49.562136,54.228669],[49.561842,54.228525],[49.561949,54.228374],[49.562036,54.228187],[49.562129,54.228068],[49.562124,54.227951],[49.562104,54.227855],[49.562026,54.227801]]]}},{"type":"Feature","properties":{"full_id":"w188958846","osm_id":"188958846","osm_type":"way","natural":"wood","grassland":null,"wetland":null,"water":null,"leisure":null,"religion":null,"name":null,"landuse":null,"description":null,"wood:density":null,"leaf_cycle":null,"leaf_type":null,"type":null,"full_id_2":"r2621608","osm_id_2":"2621608","osm_type_2":"relation","boundary":"administrative","source:url":"http://www.dumadgrad.ru/files/o_gorode/genplan/prilozh/1.rar","old_name":"Мелекес","wikipedia":"ru:Городской округ Димитровград","wikidata":"Q4145659","website":null,"type_2":"boundary","population":null,"official_status":"ru:городской округ","name:tt":null,"name:ru":"городской округ Димитровград","name:ja":"ディミトロフグラード管区","name:en":null,"name_2":"городской округ Димитровград","admin_level":"6","addr:region":null,"addr:country":null},"geometry":{"type":"Polygon","coordinates":[[[49.566073,54.22658],[49.566345,54.22656],[49.566576,54.226624],[49.566741,54.22669],[49.566882,54.226766],[49.566911,54.226846],[49.567023,54.226863],[49.567018,54.226903],[49.567169,54.226994],[49.567285,54.227056],[49.567373,54.227141],[49.567368,54.227312],[49.567281,54.227406],[49.567038,54.227383],[49.566824,54.227386],[49.566644,54.227417],[49.566342,54.227417],[49.566177,54.227443],[49.565876,54.227389],[49.56573,54.227371],[49.565691,54.227417],[49.565628,54.227488],[49.565487,54.227499],[49.565366,54.227482],[49.56523,54.227519],[49.565142,54.227531],[49.564972,54.227497],[49.56486,54.227548],[49.564748,54.22757],[49.564598,54.227482],[49.564311,54.227556],[49.564199,54.227587],[49.564014,54.227525],[49.563873,54.227573],[49.563728,54.227539],[49.56365,54.227516],[49.563451,54.227542],[49.563256,54.227528],[49.563125,54.227562],[49.562989,54.227528],[49.562867,54.227511],[49.562697,54.227565],[49.562547,54.22761],[49.562396,54.227582],[49.562204,54.227631],[49.561932,54.227626],[49.561684,54.22764],[49.561698,54.227538],[49.561844,54.227376],[49.561927,54.227322],[49.562038,54.22731],[49.562145,54.227236],[49.562311,54.227106],[49.562452,54.227018],[49.562636,54.226952],[49.562884,54.226967],[49.56303,54.226935],[49.563307,54.226895],[49.563584,54.226904],[49.563774,54.226915],[49.563968,54.226915],[49.564036,54.226859],[49.564168,54.226819],[49.564323,54.226756],[49.564556,54.226731],[49.564697,54.226742],[49.564843,54.226796],[49.564984,54.226873],[49.565052,54.22679],[49.565164,54.226759],[49.565465,54.226708],[49.56583,54.226626],[49.566073,54.22658]]]}},{"type":"Feature","properties":{"full_id":"w191173292","osm_id":"191173292","osm_type":"way","natural":"wood","grassland":null,"wetland":null,"water":null,"leisure":null,"religion":null,"name":null,"landuse":null,"description":null,"wood:density":null,"leaf_cycle":null,"leaf_type":null,"type":null,"full_id_2":"r2621608","osm_id_2":"2621608","osm_type_2":"relation","boundary":"administrative","source:url":"http://www.dumadgrad.ru/files/o_gorode/genplan/prilozh/1.rar","old_name":"Мелекес","wikipedia":"ru:Городской округ Димитровград","wikidata":"Q4145659","website":null,"type_2":"boundary","population":null,"official_status":"ru:городской округ","name:tt":null,"name:ru":"городской округ Димитровград","name:ja":"ディミトロフグラード管区","name:en":null,"name_2":"городской округ Димитровград","admin_level":"6","addr:region":null,"addr:country":null},"geometry":{"type":"Polygon","coordinates":[[[49.529463,54.211379],[49.529186,54.211415],[49.528937,54.211415],[49.528778,54.21138],[49.528589,54.211265],[49.528355,54.211026],[49.528416,54.210889],[49.528687,54.210598],[49.531093,54.209167],[49.531382,54.20917],[49.531804,54.209311],[49.533519,54.209886],[49.534561,54.210201],[49.536287,54.210808],[49.538002,54.211448],[49.538793,54.211773],[49.539167,54.21187],[49.539392,54.211967],[49.539445,54.212026],[49.539392,54.212098],[49.539274,54.212101],[49.53913,54.21207],[49.539007,54.21207],[49.538734,54.212142],[49.538515,54.212201],[49.538264,54.212248],[49.537863,54.212267],[49.537537,54.212364],[49.537404,54.212526],[49.537356,54.212914],[49.537366,54.213035],[49.537676,54.213014],[49.538221,54.212948],[49.538376,54.212973],[49.538425,54.213035],[49.538243,54.213107],[49.535058,54.21357],[49.534449,54.213639],[49.534187,54.213617],[49.533925,54.213517],[49.533573,54.213361],[49.533444,54.213229],[49.533434,54.213148],[49.533519,54.213067],[49.533653,54.213035],[49.53384,54.21307],[49.534102,54.213145],[49.534406,54.213239],[49.534599,54.213285],[49.534882,54.213226],[49.535047,54.213123],[49.535384,54.212929],[49.535635,54.212848],[49.535678,54.212729],[49.53564,54.212592],[49.535421,54.212479],[49.534876,54.212292],[49.534385,54.21217],[49.534037,54.21212],[49.533733,54.212142],[49.533263,54.212179],[49.533081,54.212158],[49.533038,54.212032],[49.533001,54.211883],[49.533113,54.211783],[49.5333,54.211576],[49.533519,54.211364],[49.533594,54.211179],[49.533605,54.211045],[49.533524,54.210973],[49.5333,54.210932],[49.532846,54.21082],[49.532274,54.210633],[49.532002,54.210573],[49.531611,54.210551],[49.531446,54.210589],[49.531088,54.210704],[49.530698,54.210907],[49.530489,54.211129],[49.530468,54.211279],[49.53035,54.211401],[49.530212,54.211501],[49.53018,54.211589],[49.530393,54.211654],[49.530479,54.211717],[49.530521,54.211804],[49.530463,54.21187],[49.530297,54.211883],[49.530099,54.211829],[49.529875,54.211739],[49.529725,54.211651],[49.529661,54.211554],[49.529635,54.211461],[49.52956,54.211401],[49.529463,54.211379]]]}},{"type":"Feature","properties":{"full_id":"w321591232","osm_id":"321591232","osm_type":"way","natural":"wood","grassland":null,"wetland":null,"water":null,"leisure":null,"religion":null,"name":null,"landuse":null,"description":null,"wood:density":null,"leaf_cycle":null,"leaf_type":null,"type":null,"full_id_2":"r2621608","osm_id_2":"2621608","osm_type_2":"relation","boundary":"administrative","source:url":"http://www.dumadgrad.ru/files/o_gorode/genplan/prilozh/1.rar","old_name":"Мелекес","wikipedia":"ru:Городской округ Димитровград","wikidata":"Q4145659","website":null,"type_2":"boundary","population":null,"official_status":"ru:городской округ","name:tt":null,"name:ru":"городской округ Димитровград","name:ja":"ディミトロフグラード管区","name:en":null,"name_2":"городской округ Димитровград","admin_level":"6","addr:region":null,"addr:country":null},"geometry":{"type":"Polygon","coordinates":[[[49.576228,54.242344],[49.57607,54.2424],[49.575986,54.242376],[49.575966,54.242276],[49.576011,54.24223],[49.576224,54.242135],[49.576553,54.242176],[49.576782,54.24233],[49.576757,54.242378],[49.576515,54.242446],[49.576423,54.242449],[49.576349,54.242422],[49.576228,54.242344]]]}},{"type":"Feature","properties":{"full_id":"w321591233","osm_id":"321591233","osm_type":"way","natural":"wood","grassland":null,"wetland":null,"water":null,"leisure":null,"religion":null,"name":null,"landuse":null,"description":null,"wood:density":null,"leaf_cycle":null,"leaf_type":null,"type":null,"full_id_2":"r2621608","osm_id_2":"2621608","osm_type_2":"relation","boundary":"administrative","source:url":"http://www.dumadgrad.ru/files/o_gorode/genplan/prilozh/1.rar","old_name":"Мелекес","wikipedia":"ru:Городской округ Димитровград","wikidata":"Q4145659","website":null,"type_2":"boundary","population":null,"official_status":"ru:городской округ","name:tt":null,"name:ru":"городской округ Димитровград","name:ja":"ディミトロフグラード管区","name:en":null,"name_2":"городской округ Димитровград","admin_level":"6","addr:region":null,"addr:country":null},"geometry":{"type":"Polygon","coordinates":[[[49.578713,54.243312],[49.578896,54.243185],[49.579071,54.243032],[49.579279,54.243149],[49.579267,54.243363],[49.579054,54.243477],[49.579179,54.243545],[49.579059,54.243655],[49.5789,54.243664],[49.578801,54.243764],[49.578772,54.243872],[49.578805,54.244006],[49.578693,54.244077],[49.578642,54.243985],[49.578566,54.243772],[49.578638,54.243679],[49.578676,54.243482],[49.578247,54.24328],[49.57823,54.243202],[49.578313,54.243158],[49.578713,54.243312]]]}},{"type":"Feature","properties":{"full_id":"w321591234","osm_id":"321591234","osm_type":"way","natural":"wood","grassland":null,"wetland":null,"water":null,"leisure":null,"religion":null,"name":null,"landuse":null,"description":null,"wood:density":null,"leaf_cycle":null,"leaf_type":null,"type":null,"full_id_2":"r2621608","osm_id_2":"2621608","osm_type_2":"relation","boundary":"administrative","source:url":"http://www.dumadgrad.ru/files/o_gorode/genplan/prilozh/1.rar","old_name":"Мелекес","wikipedia":"ru:Городской округ Димитровград","wikidata":"Q4145659","website":null,"type_2":"boundary","population":null,"official_status":"ru:городской округ","name:tt":null,"name:ru":"городской округ Димитровград","name:ja":"ディミトロフグラード管区","name:en":null,"name_2":"городской округ Димитровград","admin_level":"6","addr:region":null,"addr:country":null},"geometry":{"type":"Polygon","coordinates":[[[49.576285,54.243865],[49.576067,54.243917],[49.576009,54.243903],[49.575867,54.243704],[49.575532,54.243617],[49.575549,54.243249],[49.575785,54.243294],[49.575861,54.243349],[49.575944,54.24348],[49.576097,54.243587],[49.576444,54.243666],[49.576815,54.243652],[49.576903,54.243704],[49.576833,54.243896],[49.576691,54.244006],[49.576285,54.243865]]]}},{"type":"Feature","properties":{"full_id":"w321591235","osm_id":"321591235","osm_type":"way","natural":"wood","grassland":null,"wetland":null,"water":null,"leisure":null,"religion":null,"name":null,"landuse":null,"description":null,"wood:density":null,"leaf_cycle":null,"leaf_type":null,"type":null,"full_id_2":"r2621608","osm_id_2":"2621608","osm_type_2":"relation","boundary":"administrative","source:url":"http://www.dumadgrad.ru/files/o_gorode/genplan/prilozh/1.rar","old_name":"Мелекес","wikipedia":"ru:Городской округ Димитровград","wikidata":"Q4145659","website":null,"type_2":"boundary","population":null,"official_status":"ru:городской округ","name:tt":null,"name:ru":"городской округ Димитровград","name:ja":"ディミトロフグラード管区","name:en":null,"name_2":"городской округ Димитровград","admin_level":"6","addr:region":null,"addr:country":null},"geometry":{"type":"Polygon","coordinates":[[[49.578204,54.242235],[49.578112,54.242364],[49.577614,54.242392],[49.577381,54.242424],[49.577074,54.242507],[49.576915,54.242458],[49.576844,54.242358],[49.576969,54.242226],[49.577431,54.242268],[49.577456,54.242195],[49.577252,54.242207],[49.577177,54.242132],[49.577257,54.242035],[49.577799,54.242003],[49.578164,54.241996],[49.578204,54.242235]]]}},{"type":"Feature","properties":{"full_id":"w321591236","osm_id":"321591236","osm_type":"way","natural":"wood","grassland":null,"wetland":null,"water":null,"leisure":null,"religion":null,"name":null,"landuse":null,"description":null,"wood:density":null,"leaf_cycle":null,"leaf_type":null,"type":null,"full_id_2":"r2621608","osm_id_2":"2621608","osm_type_2":"relation","boundary":"administrative","source:url":"http://www.dumadgrad.ru/files/o_gorode/genplan/prilozh/1.rar","old_name":"Мелекес","wikipedia":"ru:Городской округ Димитровград","wikidata":"Q4145659","website":null,"type_2":"boundary","population":null,"official_status":"ru:городской округ","name:tt":null,"name:ru":"городской округ Димитровград","name:ja":"ディミトロフグラード管区","name:en":null,"name_2":"городской округ Димитровград","admin_level":"6","addr:region":null,"addr:country":null},"geometry":{"type":"Polygon","coordinates":[[[49.579698,54.243223],[49.579629,54.243259],[49.579475,54.24326],[49.579388,54.243175],[49.579425,54.243017],[49.579546,54.242937],[49.579712,54.242888],[49.580158,54.242891],[49.580308,54.242815],[49.580512,54.242628],[49.580591,54.242599],[49.580778,54.242589],[49.58094,54.242626],[49.580969,54.242871],[49.580932,54.242978],[49.580878,54.243017],[49.580599,54.243054],[49.580283,54.243158],[49.580176,54.24318],[49.580174,54.243273],[49.58011,54.2433],[49.579954,54.24321],[49.579831,54.243146],[49.579698,54.243223]]]}},{"type":"Feature","properties":{"full_id":"w324944131","osm_id":"324944131","osm_type":"way","natural":null,"grassland":null,"wetland":null,"water":null,"leisure":null,"religion":"muslim","name":null,"landuse":"cemetery","description":null,"wood:density":null,"leaf_cycle":null,"leaf_type":null,"type":null,"full_id_2":"r2621608","osm_id_2":"2621608","osm_type_2":"relation","boundary":"administrative","source:url":"http://www.dumadgrad.ru/files/o_gorode/genplan/prilozh/1.rar","old_name":"Мелекес","wikipedia":"ru:Городской округ Димитровград","wikidata":"Q4145659","website":null,"type_2":"boundary","population":null,"official_status":"ru:городской округ","name:tt":null,"name:ru":"городской округ Димитровград","name:ja":"ディミトロフグラード管区","name:en":null,"name_2":"городской округ Димитровград","admin_level":"6","addr:region":null,"addr:country":null},"geometry":{"type":"Polygon","coordinates":[[[49.573733,54.282849],[49.572502,54.282864],[49.572415,54.282623],[49.572171,54.282375],[49.572034,54.281773],[49.572502,54.281755],[49.572371,54.280938],[49.573158,54.280884],[49.573333,54.281719],[49.573739,54.28173],[49.573733,54.282849]]]}},{"type":"Feature","properties":{"full_id":"w324944133","osm_id":"324944133","osm_type":"way","natural":"wood","grassland":null,"wetland":null,"water":null,"leisure":null,"religion":null,"name":null,"landuse":null,"description":null,"wood:density":null,"leaf_cycle":null,"leaf_type":null,"type":null,"full_id_2":"r2621608","osm_id_2":"2621608","osm_type_2":"relation","boundary":"administrative","source:url":"http://www.dumadgrad.ru/files/o_gorode/genplan/prilozh/1.rar","old_name":"Мелекес","wikipedia":"ru:Городской округ Димитровград","wikidata":"Q4145659","website":null,"type_2":"boundary","population":null,"official_status":"ru:городской округ","name:tt":null,"name:ru":"городской округ Димитровград","name:ja":"ディミトロフグラード管区","name:en":null,"name_2":"городской округ Димитровград","admin_level":"6","addr:region":null,"addr:country":null},"geometry":{"type":"Polygon","coordinates":[[[49.564077,54.280043],[49.564264,54.279968],[49.564338,54.279899],[49.564436,54.279873],[49.564752,54.279862],[49.564929,54.279919],[49.564959,54.280086],[49.565042,54.280123],[49.565249,54.280141],[49.565584,54.280115],[49.565781,54.280066],[49.565919,54.279891],[49.566072,54.279787],[49.566102,54.279726],[49.566323,54.279735],[49.566639,54.27968],[49.567062,54.279686],[49.567264,54.279724],[49.567516,54.279856],[49.567629,54.279879],[49.567974,54.279882],[49.568176,54.279939],[49.568353,54.280092],[49.568402,54.280287],[49.567102,54.281475],[49.566919,54.281464],[49.566826,54.281478],[49.566176,54.281297],[49.565461,54.280983],[49.565363,54.280969],[49.565166,54.280989],[49.565067,54.280966],[49.564796,54.280773],[49.56451,54.280819],[49.564397,54.280917],[49.56421,54.280868],[49.563924,54.280684],[49.564047,54.280572],[49.563988,54.280523],[49.563776,54.280518],[49.563702,54.280471],[49.563727,54.280408],[49.564023,54.280305],[49.56389,54.280213],[49.563929,54.280152],[49.564077,54.280043]]]}},{"type":"Feature","properties":{"full_id":"w348329240","osm_id":"348329240","osm_type":"way","natural":"wood","grassland":null,"wetland":null,"water":null,"leisure":null,"religion":null,"name":null,"landuse":null,"description":null,"wood:density":null,"leaf_cycle":null,"leaf_type":null,"type":null,"full_id_2":"r2621608","osm_id_2":"2621608","osm_type_2":"relation","boundary":"administrative","source:url":"http://www.dumadgrad.ru/files/o_gorode/genplan/prilozh/1.rar","old_name":"Мелекес","wikipedia":"ru:Городской округ Димитровград","wikidata":"Q4145659","website":null,"type_2":"boundary","population":null,"official_status":"ru:городской округ","name:tt":null,"name:ru":"городской округ Димитровград","name:ja":"ディミトロフグラード管区","name:en":null,"name_2":"городской округ Димитровград","admin_level":"6","addr:region":null,"addr:country":null},"geometry":{"type":"Polygon","coordinates":[[[49.593852,54.231124],[49.592358,54.23113],[49.592377,54.231051],[49.59269,54.231001],[49.594814,54.23102],[49.596131,54.230911],[49.596707,54.230843],[49.596764,54.230898],[49.596718,54.230932],[49.596619,54.230947],[49.596562,54.230929],[49.596459,54.230986],[49.59625,54.230972],[49.596072,54.231037],[49.594805,54.231108],[49.594039,54.231151],[49.593852,54.231124]]]}},{"type":"Feature","properties":{"full_id":"w370674405","osm_id":"370674405","osm_type":"way","natural":"wood","grassland":null,"wetland":null,"water":null,"leisure":null,"religion":null,"name":null,"landuse":null,"description":null,"wood:density":null,"leaf_cycle":null,"leaf_type":null,"type":null,"full_id_2":"r2621608","osm_id_2":"2621608","osm_type_2":"relation","boundary":"administrative","source:url":"http://www.dumadgrad.ru/files/o_gorode/genplan/prilozh/1.rar","old_name":"Мелекес","wikipedia":"ru:Городской округ Димитровград","wikidata":"Q4145659","website":null,"type_2":"boundary","population":null,"official_status":"ru:городской округ","name:tt":null,"name:ru":"городской округ Димитровград","name:ja":"ディミトロフグラード管区","name:en":null,"name_2":"городской округ Димитровград","admin_level":"6","addr:region":null,"addr:country":null},"geometry":{"type":"Polygon","coordinates":[[[49.541154,54.228129],[49.538333,54.226542],[49.538801,54.226204],[49.538976,54.226075],[49.539024,54.226133],[49.53904,54.226302],[49.539024,54.226544],[49.539067,54.226648],[49.539328,54.226737],[49.539351,54.226822],[49.539427,54.22684],[49.539536,54.226765],[49.539689,54.226647],[49.539864,54.226527],[49.539964,54.226475],[49.539715,54.226309],[49.539439,54.226151],[49.539429,54.226106],[49.539474,54.226102],[49.541131,54.227011],[49.541074,54.226768],[49.541415,54.22655],[49.541871,54.226688],[49.541724,54.226778],[49.541765,54.226954],[49.542107,54.227168],[49.542033,54.227244],[49.542724,54.227377],[49.543228,54.227141],[49.542089,54.226542],[49.542407,54.226318],[49.542919,54.226585],[49.543821,54.226062],[49.543911,54.226138],[49.54361,54.226328],[49.544081,54.226599],[49.545299,54.225891],[49.545414,54.225994],[49.541943,54.228201],[49.541724,54.228239],[49.541154,54.228129]]]}},{"type":"Feature","properties":{"full_id":"w372158981","osm_id":"372158981","osm_type":"way","natural":"wood","grassland":null,"wetland":null,"water":null,"leisure":null,"religion":null,"name":null,"landuse":null,"description":null,"wood:density":null,"leaf_cycle":null,"leaf_type":null,"type":null,"full_id_2":"r2621608","osm_id_2":"2621608","osm_type_2":"relation","boundary":"administrative","source:url":"http://www.dumadgrad.ru/files/o_gorode/genplan/prilozh/1.rar","old_name":"Мелекес","wikipedia":"ru:Городской округ Димитровград","wikidata":"Q4145659","website":null,"type_2":"boundary","population":null,"official_status":"ru:городской округ","name:tt":null,"name:ru":"городской округ Димитровград","name:ja":"ディミトロフグラード管区","name:en":null,"name_2":"городской округ Димитровград","admin_level":"6","addr:region":null,"addr:country":null},"geometry":{"type":"Polygon","coordinates":[[[49.605817,54.232379],[49.605813,54.232329],[49.606904,54.231133],[49.607127,54.231109],[49.607143,54.231162],[49.605934,54.232428],[49.605888,54.232431],[49.605797,54.232405],[49.605817,54.232379]]]}},{"type":"Feature","properties":{"full_id":"w372795200","osm_id":"372795200","osm_type":"way","natural":"wood","grassland":null,"wetland":null,"water":null,"leisure":null,"religion":null,"name":null,"landuse":null,"description":null,"wood:density":null,"leaf_cycle":null,"leaf_type":"mixed","type":null,"full_id_2":"r2621608","osm_id_2":"2621608","osm_type_2":"relation","boundary":"administrative","source:url":"http://www.dumadgrad.ru/files/o_gorode/genplan/prilozh/1.rar","old_name":"Мелекес","wikipedia":"ru:Городской округ Димитровград","wikidata":"Q4145659","website":null,"type_2":"boundary","population":null,"official_status":"ru:городской округ","name:tt":null,"name:ru":"городской округ Димитровград","name:ja":"ディミトロフグラード管区","name:en":null,"name_2":"городской округ Димитровград","admin_level":"6","addr:region":null,"addr:country":null},"geometry":{"type":"Polygon","coordinates":[[[49.546644,54.23182],[49.546487,54.231771],[49.546682,54.230787],[49.546959,54.23079],[49.548003,54.231364],[49.548092,54.231412],[49.548074,54.231485],[49.548099,54.231679],[49.547582,54.231373],[49.547327,54.231381],[49.546644,54.23182]]]}},{"type":"Feature","properties":{"full_id":"w384650927","osm_id":"384650927","osm_type":"way","natural":"wood","grassland":null,"wetland":null,"water":null,"leisure":null,"religion":null,"name":null,"landuse":null,"description":null,"wood:density":null,"leaf_cycle":null,"leaf_type":null,"type":null,"full_id_2":"r2621608","osm_id_2":"2621608","osm_type_2":"relation","boundary":"administrative","source:url":"http://www.dumadgrad.ru/files/o_gorode/genplan/prilozh/1.rar","old_name":"Мелекес","wikipedia":"ru:Городской округ Димитровград","wikidata":"Q4145659","website":null,"type_2":"boundary","population":null,"official_status":"ru:городской округ","name:tt":null,"name:ru":"городской округ Димитровград","name:ja":"ディミトロフグラード管区","name:en":null,"name_2":"городской округ Димитровград","admin_level":"6","addr:region":null,"addr:country":null},"geometry":{"type":"Polygon","coordinates":[[[49.593254,54.228534],[49.593088,54.228421],[49.594724,54.228061],[49.594901,54.228029],[49.594949,54.228114],[49.594552,54.228343],[49.594316,54.228368],[49.594241,54.228447],[49.594231,54.228509],[49.594075,54.228591],[49.593801,54.228537],[49.593517,54.228663],[49.593394,54.228638],[49.593335,54.22856],[49.593254,54.228534]]]}},{"type":"Feature","properties":{"full_id":"w399574921","osm_id":"399574921","osm_type":"way","natural":"wood","grassland":null,"wetland":null,"water":null,"leisure":"park","religion":null,"name":"Аллея учителей","landuse":null,"description":null,"wood:density":null,"leaf_cycle":null,"leaf_type":null,"type":null,"full_id_2":"r2621608","osm_id_2":"2621608","osm_type_2":"relation","boundary":"administrative","source:url":"http://www.dumadgrad.ru/files/o_gorode/genplan/prilozh/1.rar","old_name":"Мелекес","wikipedia":"ru:Городской округ Димитровград","wikidata":"Q4145659","website":null,"type_2":"boundary","population":null,"official_status":"ru:городской округ","name:tt":null,"name:ru":"городской округ Димитровград","name:ja":"ディミトロフグラード管区","name:en":null,"name_2":"городской округ Димитровград","admin_level":"6","addr:region":null,"addr:country":null},"geometry":{"type":"Polygon","coordinates":[[[49.555958,54.231257],[49.55557,54.231038],[49.557308,54.229985],[49.557595,54.230146],[49.556742,54.230663],[49.556844,54.230721],[49.555958,54.231257]]]}},{"type":"Feature","properties":{"full_id":"w406595709","osm_id":"406595709","osm_type":"way","natural":"wood","grassland":null,"wetland":null,"water":null,"leisure":null,"religion":null,"name":null,"landuse":null,"description":null,"wood:density":null,"leaf_cycle":null,"leaf_type":null,"type":null,"full_id_2":"r2621608","osm_id_2":"2621608","osm_type_2":"relation","boundary":"administrative","source:url":"http://www.dumadgrad.ru/files/o_gorode/genplan/prilozh/1.rar","old_name":"Мелекес","wikipedia":"ru:Городской округ Димитровград","wikidata":"Q4145659","website":null,"type_2":"boundary","population":null,"official_status":"ru:городской округ","name:tt":null,"name:ru":"городской округ Димитровград","name:ja":"ディミトロフグラード管区","name:en":null,"name_2":"городской округ Димитровград","admin_level":"6","addr:region":null,"addr:country":null},"geometry":{"type":"Polygon","coordinates":[[[49.550939,54.235075],[49.550868,54.234967],[49.551254,54.234896],[49.551403,54.234972],[49.551638,54.234825],[49.551707,54.234864],[49.551154,54.235191],[49.550939,54.235075]]]}},{"type":"Feature","properties":{"full_id":"w406595710","osm_id":"406595710","osm_type":"way","natural":"wood","grassland":null,"wetland":null,"water":null,"leisure":null,"religion":null,"name":null,"landuse":null,"description":null,"wood:density":null,"leaf_cycle":null,"leaf_type":"mixed","type":null,"full_id_2":"r2621608","osm_id_2":"2621608","osm_type_2":"relation","boundary":"administrative","source:url":"http://www.dumadgrad.ru/files/o_gorode/genplan/prilozh/1.rar","old_name":"Мелекес","wikipedia":"ru:Городской округ Димитровград","wikidata":"Q4145659","website":null,"type_2":"boundary","population":null,"official_status":"ru:городской округ","name:tt":null,"name:ru":"городской округ Димитровград","name:ja":"ディミトロフグラード管区","name:en":null,"name_2":"городской округ Димитровград","admin_level":"6","addr:region":null,"addr:country":null},"geometry":{"type":"Polygon","coordinates":[[[49.553042,54.234882],[49.552808,54.23467],[49.553953,54.234469],[49.554463,54.234339],[49.554949,54.234164],[49.555303,54.23433],[49.555016,54.234531],[49.555378,54.234804],[49.55548,54.234971],[49.555375,54.235076],[49.555217,54.235098],[49.554683,54.234777],[49.554189,54.234648],[49.553516,54.234675],[49.553042,54.234882]]]}},{"type":"Feature","properties":{"full_id":"w406595711","osm_id":"406595711","osm_type":"way","natural":"wood","grassland":null,"wetland":null,"water":null,"leisure":null,"religion":null,"name":null,"landuse":null,"description":null,"wood:density":null,"leaf_cycle":null,"leaf_type":null,"type":null,"full_id_2":"r2621608","osm_id_2":"2621608","osm_type_2":"relation","boundary":"administrative","source:url":"http://www.dumadgrad.ru/files/o_gorode/genplan/prilozh/1.rar","old_name":"Мелекес","wikipedia":"ru:Городской округ Димитровград","wikidata":"Q4145659","website":null,"type_2":"boundary","population":null,"official_status":"ru:городской округ","name:tt":null,"name:ru":"городской округ Димитровград","name:ja":"ディミトロフグラード管区","name:en":null,"name_2":"городской округ Димитровград","admin_level":"6","addr:region":null,"addr:country":null},"geometry":{"type":"Polygon","coordinates":[[[49.552749,54.234401],[49.552647,54.234352],[49.553503,54.233867],[49.554012,54.23418],[49.55383,54.234225],[49.552749,54.234401]]]}},{"type":"Feature","properties":{"full_id":"w406595712","osm_id":"406595712","osm_type":"way","natural":"wood","grassland":null,"wetland":null,"water":null,"leisure":null,"religion":null,"name":null,"landuse":null,"description":null,"wood:density":null,"leaf_cycle":null,"leaf_type":"mixed","type":null,"full_id_2":"r2621608","osm_id_2":"2621608","osm_type_2":"relation","boundary":"administrative","source:url":"http://www.dumadgrad.ru/files/o_gorode/genplan/prilozh/1.rar","old_name":"Мелекес","wikipedia":"ru:Городской округ Димитровград","wikidata":"Q4145659","website":null,"type_2":"boundary","population":null,"official_status":"ru:городской округ","name:tt":null,"name:ru":"городской округ Димитровград","name:ja":"ディミトロフグラード管区","name:en":null,"name_2":"городской округ Димитровград","admin_level":"6","addr:region":null,"addr:country":null},"geometry":{"type":"Polygon","coordinates":[[[49.554184,54.234125],[49.55372,54.233835],[49.553734,54.233678],[49.553978,54.233576],[49.55443,54.233814],[49.554598,54.233712],[49.5548,54.233821],[49.554383,54.234068],[49.554184,54.234125]]]}},{"type":"Feature","properties":{"full_id":"w406595719","osm_id":"406595719","osm_type":"way","natural":"wood","grassland":null,"wetland":null,"water":null,"leisure":null,"religion":null,"name":null,"landuse":null,"description":null,"wood:density":null,"leaf_cycle":null,"leaf_type":"mixed","type":null,"full_id_2":"r2621608","osm_id_2":"2621608","osm_type_2":"relation","boundary":"administrative","source:url":"http://www.dumadgrad.ru/files/o_gorode/genplan/prilozh/1.rar","old_name":"Мелекес","wikipedia":"ru:Городской округ Димитровград","wikidata":"Q4145659","website":null,"type_2":"boundary","population":null,"official_status":"ru:городской округ","name:tt":null,"name:ru":"городской округ Димитровград","name:ja":"ディミトロフグラード管区","name:en":null,"name_2":"городской округ Димитровград","admin_level":"6","addr:region":null,"addr:country":null},"geometry":{"type":"Polygon","coordinates":[[[49.556648,54.234386],[49.555731,54.234981],[49.555591,54.234778],[49.556044,54.234495],[49.555722,54.234312],[49.55606,54.234074],[49.556648,54.234386]]]}},{"type":"Feature","properties":{"full_id":"w406595720","osm_id":"406595720","osm_type":"way","natural":"wood","grassland":null,"wetland":null,"water":null,"leisure":null,"religion":null,"name":null,"landuse":null,"description":null,"wood:density":null,"leaf_cycle":null,"leaf_type":"mixed","type":null,"full_id_2":"r2621608","osm_id_2":"2621608","osm_type_2":"relation","boundary":"administrative","source:url":"http://www.dumadgrad.ru/files/o_gorode/genplan/prilozh/1.rar","old_name":"Мелекес","wikipedia":"ru:Городской округ Димитровград","wikidata":"Q4145659","website":null,"type_2":"boundary","population":null,"official_status":"ru:городской округ","name:tt":null,"name:ru":"городской округ Димитровград","name:ja":"ディミトロフグラード管区","name:en":null,"name_2":"городской округ Димитровград","admin_level":"6","addr:region":null,"addr:country":null},"geometry":{"type":"Polygon","coordinates":[[[49.557442,54.235223],[49.556809,54.234861],[49.557104,54.234695],[49.557305,54.234682],[49.557784,54.23492],[49.557957,54.234948],[49.558026,54.235091],[49.557546,54.235369],[49.557503,54.23534],[49.557876,54.235116],[49.557769,54.235046],[49.557442,54.235223]]]}},{"type":"Feature","properties":{"full_id":"w406595723","osm_id":"406595723","osm_type":"way","natural":"wood","grassland":null,"wetland":null,"water":null,"leisure":null,"religion":null,"name":null,"landuse":null,"description":null,"wood:density":null,"leaf_cycle":null,"leaf_type":null,"type":null,"full_id_2":"r2621608","osm_id_2":"2621608","osm_type_2":"relation","boundary":"administrative","source:url":"http://www.dumadgrad.ru/files/o_gorode/genplan/prilozh/1.rar","old_name":"Мелекес","wikipedia":"ru:Городской округ Димитровград","wikidata":"Q4145659","website":null,"type_2":"boundary","population":null,"official_status":"ru:городской округ","name:tt":null,"name:ru":"городской округ Димитровград","name:ja":"ディミトロフグラード管区","name:en":null,"name_2":"городской округ Димитровград","admin_level":"6","addr:region":null,"addr:country":null},"geometry":{"type":"Polygon","coordinates":[[[49.559915,54.235141],[49.558933,54.234588],[49.559118,54.234473],[49.560046,54.234985],[49.560052,54.235065],[49.559915,54.235141]]]}},{"type":"Feature","properties":{"full_id":"w406595724","osm_id":"406595724","osm_type":"way","natural":"wood","grassland":null,"wetland":null,"water":null,"leisure":null,"religion":null,"name":null,"landuse":null,"description":null,"wood:density":null,"leaf_cycle":null,"leaf_type":null,"type":null,"full_id_2":"r2621608","osm_id_2":"2621608","osm_type_2":"relation","boundary":"administrative","source:url":"http://www.dumadgrad.ru/files/o_gorode/genplan/prilozh/1.rar","old_name":"Мелекес","wikipedia":"ru:Городской округ Димитровград","wikidata":"Q4145659","website":null,"type_2":"boundary","population":null,"official_status":"ru:городской округ","name:tt":null,"name:ru":"городской округ Димитровград","name:ja":"ディミトロフグラード管区","name:en":null,"name_2":"городской округ Димитровград","admin_level":"6","addr:region":null,"addr:country":null},"geometry":{"type":"Polygon","coordinates":[[[49.558072,54.234096],[49.557941,54.233892],[49.55804,54.233901],[49.55808,54.234008],[49.558166,54.234017],[49.558252,54.233997],[49.558995,54.234411],[49.55882,54.234516],[49.558072,54.234096]]]}},{"type":"Feature","properties":{"full_id":"w406595725","osm_id":"406595725","osm_type":"way","natural":"wood","grassland":null,"wetland":null,"water":null,"leisure":null,"religion":null,"name":null,"landuse":null,"description":null,"wood:density":null,"leaf_cycle":null,"leaf_type":null,"type":null,"full_id_2":"r2621608","osm_id_2":"2621608","osm_type_2":"relation","boundary":"administrative","source:url":"http://www.dumadgrad.ru/files/o_gorode/genplan/prilozh/1.rar","old_name":"Мелекес","wikipedia":"ru:Городской округ Димитровград","wikidata":"Q4145659","website":null,"type_2":"boundary","population":null,"official_status":"ru:городской округ","name:tt":null,"name:ru":"городской округ Димитровград","name:ja":"ディミトロフグラード管区","name:en":null,"name_2":"городской округ Димитровград","admin_level":"6","addr:region":null,"addr:country":null},"geometry":{"type":"Polygon","coordinates":[[[49.561444,54.234168],[49.560701,54.233759],[49.560722,54.233746],[49.561704,54.233898],[49.561822,54.233951],[49.561444,54.234168]]]}},{"type":"Feature","properties":{"full_id":"w406595726","osm_id":"406595726","osm_type":"way","natural":"wood","grassland":null,"wetland":null,"water":null,"leisure":null,"religion":null,"name":null,"landuse":null,"description":null,"wood:density":null,"leaf_cycle":null,"leaf_type":null,"type":null,"full_id_2":"r2621608","osm_id_2":"2621608","osm_type_2":"relation","boundary":"administrative","source:url":"http://www.dumadgrad.ru/files/o_gorode/genplan/prilozh/1.rar","old_name":"Мелекес","wikipedia":"ru:Городской округ Димитровград","wikidata":"Q4145659","website":null,"type_2":"boundary","population":null,"official_status":"ru:городской округ","name:tt":null,"name:ru":"городской округ Димитровград","name:ja":"ディミトロフグラード管区","name:en":null,"name_2":"городской округ Димитровград","admin_level":"6","addr:region":null,"addr:country":null},"geometry":{"type":"Polygon","coordinates":[[[49.561736,54.23384],[49.560784,54.233686],[49.561025,54.233567],[49.561736,54.23384]]]}},{"type":"Feature","properties":{"full_id":"w406595727","osm_id":"406595727","osm_type":"way","natural":"wood","grassland":null,"wetland":null,"water":null,"leisure":null,"religion":null,"name":null,"landuse":null,"description":null,"wood:density":null,"leaf_cycle":null,"leaf_type":null,"type":null,"full_id_2":"r2621608","osm_id_2":"2621608","osm_type_2":"relation","boundary":"administrative","source:url":"http://www.dumadgrad.ru/files/o_gorode/genplan/prilozh/1.rar","old_name":"Мелекес","wikipedia":"ru:Городской округ Димитровград","wikidata":"Q4145659","website":null,"type_2":"boundary","population":null,"official_status":"ru:городской округ","name:tt":null,"name:ru":"городской округ Димитровград","name:ja":"ディミトロフグラード管区","name:en":null,"name_2":"городской округ Димитровград","admin_level":"6","addr:region":null,"addr:country":null},"geometry":{"type":"Polygon","coordinates":[[[49.56021,54.233592],[49.560065,54.233516],[49.560588,54.233202],[49.560644,54.233232],[49.560505,54.233323],[49.560816,54.23349],[49.560577,54.233646],[49.56021,54.233592]]]}},{"type":"Feature","properties":{"full_id":"w406595728","osm_id":"406595728","osm_type":"way","natural":"wood","grassland":null,"wetland":null,"water":null,"leisure":null,"religion":null,"name":null,"landuse":null,"description":null,"wood:density":null,"leaf_cycle":null,"leaf_type":"mixed","type":null,"full_id_2":"r2621608","osm_id_2":"2621608","osm_type_2":"relation","boundary":"administrative","source:url":"http://www.dumadgrad.ru/files/o_gorode/genplan/prilozh/1.rar","old_name":"Мелекес","wikipedia":"ru:Городской округ Димитровград","wikidata":"Q4145659","website":null,"type_2":"boundary","population":null,"official_status":"ru:городской округ","name:tt":null,"name:ru":"городской округ Димитровград","name:ja":"ディミトロフグラード管区","name:en":null,"name_2":"городской округ Димитровград","admin_level":"6","addr:region":null,"addr:country":null},"geometry":{"type":"Polygon","coordinates":[[[49.560025,54.233034],[49.55926,54.232581],[49.55937,54.232522],[49.560616,54.232428],[49.561152,54.232666],[49.560719,54.232935],[49.560365,54.232823],[49.560025,54.233034]]]}},{"type":"Feature","properties":{"full_id":"w406595729","osm_id":"406595729","osm_type":"way","natural":"wood","grassland":null,"wetland":null,"water":null,"leisure":null,"religion":null,"name":null,"landuse":null,"description":null,"wood:density":null,"leaf_cycle":null,"leaf_type":"mixed","type":null,"full_id_2":"r2621608","osm_id_2":"2621608","osm_type_2":"relation","boundary":"administrative","source:url":"http://www.dumadgrad.ru/files/o_gorode/genplan/prilozh/1.rar","old_name":"Мелекес","wikipedia":"ru:Городской округ Димитровград","wikidata":"Q4145659","website":null,"type_2":"boundary","population":null,"official_status":"ru:городской округ","name:tt":null,"name:ru":"городской округ Димитровград","name:ja":"ディミトロフグラード管区","name:en":null,"name_2":"городской округ Димитровград","admin_level":"6","addr:region":null,"addr:country":null},"geometry":{"type":"Polygon","coordinates":[[[49.561293,54.232655],[49.560639,54.232326],[49.562517,54.231233],[49.562635,54.231293],[49.562696,54.231279],[49.562828,54.231249],[49.562956,54.231327],[49.562576,54.231556],[49.562857,54.231713],[49.562817,54.231733],[49.562734,54.231685],[49.562299,54.231677],[49.562133,54.231735],[49.562117,54.231885],[49.562259,54.231957],[49.562728,54.231957],[49.562841,54.231902],[49.563096,54.231918],[49.562994,54.232134],[49.562535,54.232387],[49.562243,54.232417],[49.561811,54.232271],[49.561495,54.232457],[49.561559,54.232497],[49.561293,54.232655]]]}},{"type":"Feature","properties":{"full_id":"w409222609","osm_id":"409222609","osm_type":"way","natural":"wood","grassland":null,"wetland":null,"water":null,"leisure":null,"religion":null,"name":null,"landuse":null,"description":null,"wood:density":null,"leaf_cycle":null,"leaf_type":"mixed","type":null,"full_id_2":"r2621608","osm_id_2":"2621608","osm_type_2":"relation","boundary":"administrative","source:url":"http://www.dumadgrad.ru/files/o_gorode/genplan/prilozh/1.rar","old_name":"Мелекес","wikipedia":"ru:Городской округ Димитровград","wikidata":"Q4145659","website":null,"type_2":"boundary","population":null,"official_status":"ru:городской округ","name:tt":null,"name:ru":"городской округ Димитровград","name:ja":"ディミトロフグラード管区","name:en":null,"name_2":"городской округ Димитровград","admin_level":"6","addr:region":null,"addr:country":null},"geometry":{"type":"Polygon","coordinates":[[[49.553124,54.232626],[49.552386,54.232195],[49.552504,54.232137],[49.552799,54.232275],[49.552992,54.232295],[49.553285,54.232424],[49.55332,54.232499],[49.553234,54.232552],[49.55325,54.232593],[49.553176,54.232631],[49.553124,54.232626]]]}},{"type":"Feature","properties":{"full_id":"w409222610","osm_id":"409222610","osm_type":"way","natural":"wood","grassland":null,"wetland":null,"water":null,"leisure":null,"religion":null,"name":null,"landuse":null,"description":null,"wood:density":null,"leaf_cycle":null,"leaf_type":"mixed","type":null,"full_id_2":"r2621608","osm_id_2":"2621608","osm_type_2":"relation","boundary":"administrative","source:url":"http://www.dumadgrad.ru/files/o_gorode/genplan/prilozh/1.rar","old_name":"Мелекес","wikipedia":"ru:Городской округ Димитровград","wikidata":"Q4145659","website":null,"type_2":"boundary","population":null,"official_status":"ru:городской округ","name:tt":null,"name:ru":"городской округ Димитровград","name:ja":"ディミトロフグラード管区","name:en":null,"name_2":"городской округ Димитровград","admin_level":"6","addr:region":null,"addr:country":null},"geometry":{"type":"Polygon","coordinates":[[[49.552145,54.232939],[49.55211,54.232593],[49.552343,54.232619],[49.552501,54.232718],[49.552145,54.232939]]]}},{"type":"Feature","properties":{"full_id":"w409222611","osm_id":"409222611","osm_type":"way","natural":"wood","grassland":null,"wetland":null,"water":null,"leisure":null,"religion":null,"name":null,"landuse":null,"description":null,"wood:density":null,"leaf_cycle":null,"leaf_type":"mixed","type":null,"full_id_2":"r2621608","osm_id_2":"2621608","osm_type_2":"relation","boundary":"administrative","source:url":"http://www.dumadgrad.ru/files/o_gorode/genplan/prilozh/1.rar","old_name":"Мелекес","wikipedia":"ru:Городской округ Димитровград","wikidata":"Q4145659","website":null,"type_2":"boundary","population":null,"official_status":"ru:городской округ","name:tt":null,"name:ru":"городской округ Димитровград","name:ja":"ディミトロフグラード管区","name:en":null,"name_2":"городской округ Димитровград","admin_level":"6","addr:region":null,"addr:country":null},"geometry":{"type":"Polygon","coordinates":[[[49.551222,54.233226],[49.551088,54.233178],[49.552043,54.232645],[49.55208,54.232974],[49.551933,54.233069],[49.552092,54.233187],[49.552104,54.233471],[49.551978,54.233475],[49.551788,54.23356],[49.551383,54.233333],[49.551356,54.233251],[49.551222,54.233226]]]}},{"type":"Feature","properties":{"full_id":"w409222612","osm_id":"409222612","osm_type":"way","natural":"wood","grassland":null,"wetland":null,"water":null,"leisure":null,"religion":null,"name":null,"landuse":null,"description":null,"wood:density":null,"leaf_cycle":null,"leaf_type":"mixed","type":null,"full_id_2":"r2621608","osm_id_2":"2621608","osm_type_2":"relation","boundary":"administrative","source:url":"http://www.dumadgrad.ru/files/o_gorode/genplan/prilozh/1.rar","old_name":"Мелекес","wikipedia":"ru:Городской округ Димитровград","wikidata":"Q4145659","website":null,"type_2":"boundary","population":null,"official_status":"ru:городской округ","name:tt":null,"name:ru":"городской округ Димитровград","name:ja":"ディミトロフグラード管区","name:en":null,"name_2":"городской округ Димитровград","admin_level":"6","addr:region":null,"addr:country":null},"geometry":{"type":"Polygon","coordinates":[[[49.552193,54.234093],[49.552172,54.233176],[49.552239,54.233134],[49.552732,54.233416],[49.552603,54.233482],[49.552692,54.233552],[49.552649,54.233609],[49.552847,54.233698],[49.55281,54.233745],[49.552756,54.233767],[49.552574,54.233678],[49.552421,54.233794],[49.552469,54.233904],[49.552358,54.234003],[49.552193,54.234093]]]}},{"type":"Feature","properties":{"full_id":"w409222613","osm_id":"409222613","osm_type":"way","natural":"wood","grassland":null,"wetland":null,"water":null,"leisure":null,"religion":null,"name":null,"landuse":null,"description":null,"wood:density":null,"leaf_cycle":null,"leaf_type":"mixed","type":null,"full_id_2":"r2621608","osm_id_2":"2621608","osm_type_2":"relation","boundary":"administrative","source:url":"http://www.dumadgrad.ru/files/o_gorode/genplan/prilozh/1.rar","old_name":"Мелекес","wikipedia":"ru:Городской округ Димитровград","wikidata":"Q4145659","website":null,"type_2":"boundary","population":null,"official_status":"ru:городской округ","name:tt":null,"name:ru":"городской округ Димитровград","name:ja":"ディミトロフグラード管区","name:en":null,"name_2":"городской округ Димитровград","admin_level":"6","addr:region":null,"addr:country":null},"geometry":{"type":"Polygon","coordinates":[[[49.551729,54.233914],[49.551769,54.233857],[49.551919,54.233762],[49.552005,54.233656],[49.552099,54.233637],[49.552126,54.234109],[49.551938,54.23414],[49.551769,54.234041],[49.551783,54.234005],[49.551726,54.23398],[49.551729,54.233914]]]}},{"type":"Feature","properties":{"full_id":"w409222614","osm_id":"409222614","osm_type":"way","natural":"wood","grassland":null,"wetland":null,"water":null,"leisure":null,"religion":null,"name":null,"landuse":null,"description":null,"wood:density":null,"leaf_cycle":null,"leaf_type":null,"type":null,"full_id_2":"r2621608","osm_id_2":"2621608","osm_type_2":"relation","boundary":"administrative","source:url":"http://www.dumadgrad.ru/files/o_gorode/genplan/prilozh/1.rar","old_name":"Мелекес","wikipedia":"ru:Городской округ Димитровград","wikidata":"Q4145659","website":null,"type_2":"boundary","population":null,"official_status":"ru:городской округ","name:tt":null,"name:ru":"городской округ Димитровград","name:ja":"ディミトロフグラード管区","name:en":null,"name_2":"городской округ Димитровград","admin_level":"6","addr:region":null,"addr:country":null},"geometry":{"type":"Polygon","coordinates":[[[49.549621,54.234653],[49.549023,54.234313],[49.549036,54.234241],[49.549527,54.234247],[49.549666,54.234357],[49.549902,54.234347],[49.549736,54.234164],[49.549744,54.233679],[49.548644,54.233675],[49.54865,54.233499],[49.548856,54.233399],[49.548859,54.233207],[49.547995,54.232717],[49.54758,54.232549],[49.547505,54.232541],[49.547478,54.232471],[49.547486,54.232355],[49.547808,54.232524],[49.547901,54.232536],[49.548387,54.232248],[49.548159,54.232115],[49.548427,54.231974],[49.548612,54.232099],[49.548754,54.232027],[49.550449,54.233098],[49.550348,54.233157],[49.550281,54.233273],[49.550366,54.23333],[49.550452,54.23332],[49.550543,54.233367],[49.550817,54.23396],[49.549621,54.234653]]]}},{"type":"Feature","properties":{"full_id":"w409222615","osm_id":"409222615","osm_type":"way","natural":"wood","grassland":null,"wetland":null,"water":null,"leisure":null,"religion":null,"name":null,"landuse":null,"description":null,"wood:density":null,"leaf_cycle":null,"leaf_type":"mixed","type":null,"full_id_2":"r2621608","osm_id_2":"2621608","osm_type_2":"relation","boundary":"administrative","source:url":"http://www.dumadgrad.ru/files/o_gorode/genplan/prilozh/1.rar","old_name":"Мелекес","wikipedia":"ru:Городской округ Димитровград","wikidata":"Q4145659","website":null,"type_2":"boundary","population":null,"official_status":"ru:городской округ","name:tt":null,"name:ru":"городской округ Димитровград","name:ja":"ディミトロフグラード管区","name:en":null,"name_2":"городской округ Димитровград","admin_level":"6","addr:region":null,"addr:country":null},"geometry":{"type":"Polygon","coordinates":[[[49.546351,54.232428],[49.546429,54.231883],[49.546609,54.231884],[49.546882,54.23203],[49.546796,54.232085],[49.547065,54.232215],[49.547242,54.232214],[49.547293,54.232243],[49.54722,54.232314],[49.547314,54.232366],[49.547397,54.232353],[49.547408,54.232496],[49.547156,54.232494],[49.546475,54.232899],[49.546324,54.232939],[49.546249,54.232928],[49.546233,54.232844],[49.546308,54.232759],[49.546351,54.232428]]]}},{"type":"Feature","properties":{"full_id":"w409222616","osm_id":"409222616","osm_type":"way","natural":"wood","grassland":null,"wetland":null,"water":null,"leisure":null,"religion":null,"name":null,"landuse":null,"description":null,"wood:density":null,"leaf_cycle":null,"leaf_type":"mixed","type":null,"full_id_2":"r2621608","osm_id_2":"2621608","osm_type_2":"relation","boundary":"administrative","source:url":"http://www.dumadgrad.ru/files/o_gorode/genplan/prilozh/1.rar","old_name":"Мелекес","wikipedia":"ru:Городской округ Димитровград","wikidata":"Q4145659","website":null,"type_2":"boundary","population":null,"official_status":"ru:городской округ","name:tt":null,"name:ru":"городской округ Димитровград","name:ja":"ディミトロフグラード管区","name:en":null,"name_2":"городской округ Димитровград","admin_level":"6","addr:region":null,"addr:country":null},"geometry":{"type":"Polygon","coordinates":[[[49.547486,54.233712],[49.547491,54.232926],[49.548178,54.233305],[49.547486,54.233712]]]}},{"type":"Feature","properties":{"full_id":"w409222617","osm_id":"409222617","osm_type":"way","natural":"wood","grassland":null,"wetland":null,"water":null,"leisure":null,"religion":null,"name":null,"landuse":null,"description":null,"wood:density":null,"leaf_cycle":null,"leaf_type":"mixed","type":null,"full_id_2":"r2621608","osm_id_2":"2621608","osm_type_2":"relation","boundary":"administrative","source:url":"http://www.dumadgrad.ru/files/o_gorode/genplan/prilozh/1.rar","old_name":"Мелекес","wikipedia":"ru:Городской округ Димитровград","wikidata":"Q4145659","website":null,"type_2":"boundary","population":null,"official_status":"ru:городской округ","name:tt":null,"name:ru":"городской округ Димитровград","name:ja":"ディミトロフグラード管区","name:en":null,"name_2":"городской округ Димитровград","admin_level":"6","addr:region":null,"addr:country":null},"geometry":{"type":"Polygon","coordinates":[[[49.546748,54.233226],[49.54736,54.232868],[49.54736,54.233807],[49.548364,54.234375],[49.547781,54.234484],[49.546762,54.233911],[49.546748,54.233226]]]}},{"type":"Feature","properties":{"full_id":"w409222618","osm_id":"409222618","osm_type":"way","natural":"wood","grassland":null,"wetland":null,"water":null,"leisure":null,"religion":null,"name":null,"landuse":null,"description":null,"wood:density":null,"leaf_cycle":null,"leaf_type":"mixed","type":null,"full_id_2":"r2621608","osm_id_2":"2621608","osm_type_2":"relation","boundary":"administrative","source:url":"http://www.dumadgrad.ru/files/o_gorode/genplan/prilozh/1.rar","old_name":"Мелекес","wikipedia":"ru:Городской округ Димитровград","wikidata":"Q4145659","website":null,"type_2":"boundary","population":null,"official_status":"ru:городской округ","name:tt":null,"name:ru":"городской округ Димитровград","name:ja":"ディミトロフグラード管区","name:en":null,"name_2":"городской округ Димитровград","admin_level":"6","addr:region":null,"addr:country":null},"geometry":{"type":"Polygon","coordinates":[[[49.547795,54.235071],[49.547393,54.234831],[49.547771,54.234585],[49.548462,54.234443],[49.54906,54.234779],[49.549097,54.234907],[49.548206,54.23542],[49.547804,54.235172],[49.547795,54.235071]]]}},{"type":"Feature","properties":{"full_id":"w409222619","osm_id":"409222619","osm_type":"way","natural":"wood","grassland":null,"wetland":null,"water":null,"leisure":null,"religion":null,"name":null,"landuse":null,"description":null,"wood:density":null,"leaf_cycle":null,"leaf_type":"mixed","type":null,"full_id_2":"r2621608","osm_id_2":"2621608","osm_type_2":"relation","boundary":"administrative","source:url":"http://www.dumadgrad.ru/files/o_gorode/genplan/prilozh/1.rar","old_name":"Мелекес","wikipedia":"ru:Городской округ Димитровград","wikidata":"Q4145659","website":null,"type_2":"boundary","population":null,"official_status":"ru:городской округ","name:tt":null,"name:ru":"городской округ Димитровград","name:ja":"ディミトロフグラード管区","name:en":null,"name_2":"городской округ Димитровград","admin_level":"6","addr:region":null,"addr:country":null},"geometry":{"type":"Polygon","coordinates":[[[49.546515,54.234869],[49.546608,54.234817],[49.547314,54.235208],[49.547262,54.235325],[49.548033,54.235759],[49.547944,54.235808],[49.547043,54.235273],[49.546515,54.234869]]]}},{"type":"Feature","properties":{"full_id":"w409222620","osm_id":"409222620","osm_type":"way","natural":"wood","grassland":null,"wetland":null,"water":null,"leisure":null,"religion":null,"name":null,"landuse":null,"description":null,"wood:density":null,"leaf_cycle":null,"leaf_type":"mixed","type":null,"full_id_2":"r2621608","osm_id_2":"2621608","osm_type_2":"relation","boundary":"administrative","source:url":"http://www.dumadgrad.ru/files/o_gorode/genplan/prilozh/1.rar","old_name":"Мелекес","wikipedia":"ru:Городской округ Димитровград","wikidata":"Q4145659","website":null,"type_2":"boundary","population":null,"official_status":"ru:городской округ","name:tt":null,"name:ru":"городской округ Димитровград","name:ja":"ディミトロフグラード管区","name:en":null,"name_2":"городской округ Димитровград","admin_level":"6","addr:region":null,"addr:country":null},"geometry":{"type":"Polygon","coordinates":[[[49.549704,54.236247],[49.549499,54.236116],[49.549616,54.236045],[49.549546,54.235983],[49.549933,54.235748],[49.550097,54.235753],[49.550293,54.235644],[49.55026,54.235573],[49.550363,54.235516],[49.550498,54.235491],[49.550568,54.23554],[49.550513,54.2356],[49.550414,54.235622],[49.550372,54.235677],[49.550667,54.235655],[49.550849,54.23577],[49.550727,54.235846],[49.550755,54.236032],[49.550653,54.236114],[49.550634,54.235764],[49.550354,54.235764],[49.550176,54.236073],[49.55041,54.236152],[49.550526,54.236021],[49.550596,54.236037],[49.55054,54.236299],[49.550157,54.23655],[49.54984,54.236357],[49.549873,54.236272],[49.549798,54.236234],[49.549704,54.236247]]]}},{"type":"Feature","properties":{"full_id":"w409237178","osm_id":"409237178","osm_type":"way","natural":"wood","grassland":null,"wetland":null,"water":null,"leisure":null,"religion":null,"name":null,"landuse":null,"description":null,"wood:density":null,"leaf_cycle":null,"leaf_type":null,"type":null,"full_id_2":"r2621608","osm_id_2":"2621608","osm_type_2":"relation","boundary":"administrative","source:url":"http://www.dumadgrad.ru/files/o_gorode/genplan/prilozh/1.rar","old_name":"Мелекес","wikipedia":"ru:Городской округ Димитровград","wikidata":"Q4145659","website":null,"type_2":"boundary","population":null,"official_status":"ru:городской округ","name:tt":null,"name:ru":"городской округ Димитровград","name:ja":"ディミトロフグラード管区","name:en":null,"name_2":"городской округ Димитровград","admin_level":"6","addr:region":null,"addr:country":null},"geometry":{"type":"Polygon","coordinates":[[[49.545955,54.223403],[49.545802,54.223315],[49.545764,54.223097],[49.546075,54.222911],[49.54708,54.222298],[49.547646,54.222232],[49.548439,54.222633],[49.548354,54.222741],[49.548552,54.22284],[49.547137,54.223664],[49.546953,54.223568],[49.546415,54.223887],[49.545785,54.223502],[49.545955,54.223403]]]}},{"type":"Feature","properties":{"full_id":"w409238391","osm_id":"409238391","osm_type":"way","natural":"wood","grassland":null,"wetland":null,"water":null,"leisure":null,"religion":null,"name":null,"landuse":null,"description":null,"wood:density":null,"leaf_cycle":null,"leaf_type":null,"type":null,"full_id_2":"r2621608","osm_id_2":"2621608","osm_type_2":"relation","boundary":"administrative","source:url":"http://www.dumadgrad.ru/files/o_gorode/genplan/prilozh/1.rar","old_name":"Мелекес","wikipedia":"ru:Городской округ Димитровград","wikidata":"Q4145659","website":null,"type_2":"boundary","population":null,"official_status":"ru:городской округ","name:tt":null,"name:ru":"городской округ Димитровград","name:ja":"ディミトロフグラード管区","name:en":null,"name_2":"городской округ Димитровград","admin_level":"6","addr:region":null,"addr:country":null},"geometry":{"type":"Polygon","coordinates":[[[49.550987,54.227533],[49.550764,54.227405],[49.551186,54.227137],[49.551147,54.227112],[49.550816,54.226952],[49.551561,54.22654],[49.551872,54.226709],[49.551816,54.227044],[49.550987,54.227533]]]}},{"type":"Feature","properties":{"full_id":"w409238393","osm_id":"409238393","osm_type":"way","natural":"wood","grassland":null,"wetland":null,"water":null,"leisure":null,"religion":null,"name":null,"landuse":null,"description":null,"wood:density":null,"leaf_cycle":null,"leaf_type":null,"type":null,"full_id_2":"r2621608","osm_id_2":"2621608","osm_type_2":"relation","boundary":"administrative","source:url":"http://www.dumadgrad.ru/files/o_gorode/genplan/prilozh/1.rar","old_name":"Мелекес","wikipedia":"ru:Городской округ Димитровград","wikidata":"Q4145659","website":null,"type_2":"boundary","population":null,"official_status":"ru:городской округ","name:tt":null,"name:ru":"городской округ Димитровград","name:ja":"ディミトロフグラード管区","name:en":null,"name_2":"городской округ Димитровград","admin_level":"6","addr:region":null,"addr:country":null},"geometry":{"type":"Polygon","coordinates":[[[49.551957,54.226632],[49.551695,54.226485],[49.553012,54.225683],[49.553274,54.225691],[49.553359,54.225778],[49.551957,54.226632]]]}},{"type":"Feature","properties":{"full_id":"w409238394","osm_id":"409238394","osm_type":"way","natural":"wood","grassland":null,"wetland":null,"water":null,"leisure":null,"religion":null,"name":null,"landuse":null,"description":null,"wood:density":null,"leaf_cycle":null,"leaf_type":"mixed","type":null,"full_id_2":"r2621608","osm_id_2":"2621608","osm_type_2":"relation","boundary":"administrative","source:url":"http://www.dumadgrad.ru/files/o_gorode/genplan/prilozh/1.rar","old_name":"Мелекес","wikipedia":"ru:Городской округ Димитровград","wikidata":"Q4145659","website":null,"type_2":"boundary","population":null,"official_status":"ru:городской округ","name:tt":null,"name:ru":"городской округ Димитровград","name:ja":"ディミトロフグラード管区","name:en":null,"name_2":"городской округ Димитровград","admin_level":"6","addr:region":null,"addr:country":null},"geometry":{"type":"Polygon","coordinates":[[[49.552962,54.22687],[49.552483,54.226598],[49.552654,54.226495],[49.553134,54.226767],[49.552962,54.22687]]]}},{"type":"Feature","properties":{"full_id":"w409238395","osm_id":"409238395","osm_type":"way","natural":"wood","grassland":null,"wetland":null,"water":null,"leisure":null,"religion":null,"name":null,"landuse":null,"description":null,"wood:density":null,"leaf_cycle":null,"leaf_type":null,"type":null,"full_id_2":"r2621608","osm_id_2":"2621608","osm_type_2":"relation","boundary":"administrative","source:url":"http://www.dumadgrad.ru/files/o_gorode/genplan/prilozh/1.rar","old_name":"Мелекес","wikipedia":"ru:Городской округ Димитровград","wikidata":"Q4145659","website":null,"type_2":"boundary","population":null,"official_status":"ru:городской округ","name:tt":null,"name:ru":"городской округ Димитровград","name:ja":"ディミトロフグラード管区","name:en":null,"name_2":"городской округ Димитровград","admin_level":"6","addr:region":null,"addr:country":null},"geometry":{"type":"Polygon","coordinates":[[[49.553472,54.226529],[49.552874,54.226198],[49.553065,54.22608],[49.553663,54.226411],[49.553472,54.226529]]]}},{"type":"Feature","properties":{"full_id":"w409238396","osm_id":"409238396","osm_type":"way","natural":"wood","grassland":null,"wetland":null,"water":null,"leisure":null,"religion":null,"name":null,"landuse":null,"description":null,"wood:density":null,"leaf_cycle":null,"leaf_type":null,"type":null,"full_id_2":"r2621608","osm_id_2":"2621608","osm_type_2":"relation","boundary":"administrative","source:url":"http://www.dumadgrad.ru/files/o_gorode/genplan/prilozh/1.rar","old_name":"Мелекес","wikipedia":"ru:Городской округ Димитровград","wikidata":"Q4145659","website":null,"type_2":"boundary","population":null,"official_status":"ru:городской округ","name:tt":null,"name:ru":"городской округ Димитровград","name:ja":"ディミトロフグラード管区","name:en":null,"name_2":"городской округ Димитровград","admin_level":"6","addr:region":null,"addr:country":null},"geometry":{"type":"Polygon","coordinates":[[[49.554006,54.226163],[49.553463,54.225863],[49.553613,54.225771],[49.554156,54.226071],[49.554006,54.226163]]]}},{"type":"Feature","properties":{"full_id":"w409238402","osm_id":"409238402","osm_type":"way","natural":"wood","grassland":null,"wetland":null,"water":null,"leisure":null,"religion":null,"name":null,"landuse":null,"description":null,"wood:density":null,"leaf_cycle":null,"leaf_type":null,"type":null,"full_id_2":"r2621608","osm_id_2":"2621608","osm_type_2":"relation","boundary":"administrative","source:url":"http://www.dumadgrad.ru/files/o_gorode/genplan/prilozh/1.rar","old_name":"Мелекес","wikipedia":"ru:Городской округ Димитровград","wikidata":"Q4145659","website":null,"type_2":"boundary","population":null,"official_status":"ru:городской округ","name:tt":null,"name:ru":"городской округ Димитровград","name:ja":"ディミトロフグラード管区","name:en":null,"name_2":"городской округ Димитровград","admin_level":"6","addr:region":null,"addr:country":null},"geometry":{"type":"Polygon","coordinates":[[[49.553945,54.225385],[49.553655,54.225563],[49.553457,54.225452],[49.553284,54.225558],[49.55322,54.225523],[49.553618,54.225279],[49.553749,54.225276],[49.553945,54.225385]]]}},{"type":"Feature","properties":{"full_id":"w409239979","osm_id":"409239979","osm_type":"way","natural":"wood","grassland":null,"wetland":null,"water":null,"leisure":null,"religion":null,"name":null,"landuse":null,"description":null,"wood:density":null,"leaf_cycle":null,"leaf_type":"mixed","type":null,"full_id_2":"r2621608","osm_id_2":"2621608","osm_type_2":"relation","boundary":"administrative","source:url":"http://www.dumadgrad.ru/files/o_gorode/genplan/prilozh/1.rar","old_name":"Мелекес","wikipedia":"ru:Городской округ Димитровград","wikidata":"Q4145659","website":null,"type_2":"boundary","population":null,"official_status":"ru:городской округ","name:tt":null,"name:ru":"городской округ Димитровград","name:ja":"ディミトロフグラード管区","name:en":null,"name_2":"городской округ Димитровград","admin_level":"6","addr:region":null,"addr:country":null},"geometry":{"type":"Polygon","coordinates":[[[49.548973,54.228532],[49.548617,54.228346],[49.549002,54.228108],[49.549113,54.228117],[49.549252,54.228176],[49.549337,54.228272],[49.549191,54.228393],[49.549217,54.228506],[49.548973,54.228532]]]}},{"type":"Feature","properties":{"full_id":"w409239980","osm_id":"409239980","osm_type":"way","natural":"wood","grassland":null,"wetland":null,"water":null,"leisure":null,"religion":null,"name":null,"landuse":null,"description":null,"wood:density":null,"leaf_cycle":null,"leaf_type":"needleleaved","type":null,"full_id_2":"r2621608","osm_id_2":"2621608","osm_type_2":"relation","boundary":"administrative","source:url":"http://www.dumadgrad.ru/files/o_gorode/genplan/prilozh/1.rar","old_name":"Мелекес","wikipedia":"ru:Городской округ Димитровград","wikidata":"Q4145659","website":null,"type_2":"boundary","population":null,"official_status":"ru:городской округ","name:tt":null,"name:ru":"городской округ Димитровград","name:ja":"ディミトロフグラード管区","name:en":null,"name_2":"городской округ Димитровград","admin_level":"6","addr:region":null,"addr:country":null},"geometry":{"type":"Polygon","coordinates":[[[49.549321,54.228412],[49.549412,54.228353],[49.549524,54.228445],[49.549463,54.228488],[49.549341,54.228493],[49.549321,54.228412]]]}},{"type":"Feature","properties":{"full_id":"w409252152","osm_id":"409252152","osm_type":"way","natural":"wood","grassland":null,"wetland":null,"water":null,"leisure":null,"religion":null,"name":null,"landuse":null,"description":null,"wood:density":null,"leaf_cycle":null,"leaf_type":"mixed","type":null,"full_id_2":"r2621608","osm_id_2":"2621608","osm_type_2":"relation","boundary":"administrative","source:url":"http://www.dumadgrad.ru/files/o_gorode/genplan/prilozh/1.rar","old_name":"Мелекес","wikipedia":"ru:Городской округ Димитровград","wikidata":"Q4145659","website":null,"type_2":"boundary","population":null,"official_status":"ru:городской округ","name:tt":null,"name:ru":"городской округ Димитровград","name:ja":"ディミトロフグラード管区","name:en":null,"name_2":"городской округ Димитровград","admin_level":"6","addr:region":null,"addr:country":null},"geometry":{"type":"Polygon","coordinates":[[[49.55367,54.236364],[49.552867,54.235916],[49.552937,54.235804],[49.553773,54.235307],[49.55367,54.235075],[49.553796,54.23501],[49.554035,54.235026],[49.553983,54.235092],[49.554175,54.23516],[49.554343,54.235114],[49.554441,54.235116],[49.554506,54.235149],[49.554422,54.235209],[49.554413,54.235266],[49.554311,54.235309],[49.554273,54.235236],[49.554175,54.235256],[49.554086,54.235225],[49.554016,54.235163],[49.553918,54.235182],[49.553946,54.235245],[49.553969,54.235367],[49.554114,54.235381],[49.554133,54.235447],[49.553993,54.23546],[49.554002,54.235518],[49.554058,54.235534],[49.553778,54.235695],[49.554343,54.235979],[49.55367,54.236364]]]}},{"type":"Feature","properties":{"full_id":"w409265885","osm_id":"409265885","osm_type":"way","natural":"wood","grassland":null,"wetland":null,"water":null,"leisure":null,"religion":null,"name":null,"landuse":null,"description":null,"wood:density":null,"leaf_cycle":null,"leaf_type":null,"type":null,"full_id_2":"r2621608","osm_id_2":"2621608","osm_type_2":"relation","boundary":"administrative","source:url":"http://www.dumadgrad.ru/files/o_gorode/genplan/prilozh/1.rar","old_name":"Мелекес","wikipedia":"ru:Городской округ Димитровград","wikidata":"Q4145659","website":null,"type_2":"boundary","population":null,"official_status":"ru:городской округ","name:tt":null,"name:ru":"городской округ Димитровград","name:ja":"ディミトロフグラード管区","name:en":null,"name_2":"городской округ Димитровград","admin_level":"6","addr:region":null,"addr:country":null},"geometry":{"type":"Polygon","coordinates":[[[49.559731,54.228911],[49.559841,54.228845],[49.560828,54.229406],[49.560378,54.229677],[49.560235,54.229648],[49.560166,54.229586],[49.560012,54.229582],[49.559584,54.229325],[49.55986,54.229168],[49.559654,54.229045],[49.559731,54.228911]]]}},{"type":"Feature","properties":{"full_id":"w409282376","osm_id":"409282376","osm_type":"way","natural":"wood","grassland":null,"wetland":null,"water":null,"leisure":null,"religion":null,"name":null,"landuse":null,"description":null,"wood:density":null,"leaf_cycle":null,"leaf_type":null,"type":null,"full_id_2":"r2621608","osm_id_2":"2621608","osm_type_2":"relation","boundary":"administrative","source:url":"http://www.dumadgrad.ru/files/o_gorode/genplan/prilozh/1.rar","old_name":"Мелекес","wikipedia":"ru:Городской округ Димитровград","wikidata":"Q4145659","website":null,"type_2":"boundary","population":null,"official_status":"ru:городской округ","name:tt":null,"name:ru":"городской округ Димитровград","name:ja":"ディミトロフグラード管区","name:en":null,"name_2":"городской округ Димитровград","admin_level":"6","addr:region":null,"addr:country":null},"geometry":{"type":"Polygon","coordinates":[[[49.591121,54.202711],[49.590919,54.202725],[49.590808,54.202183],[49.591009,54.202168],[49.591121,54.202711]]]}},{"type":"Feature","properties":{"full_id":"w409282377","osm_id":"409282377","osm_type":"way","natural":"wood","grassland":null,"wetland":null,"water":null,"leisure":null,"religion":null,"name":null,"landuse":null,"description":null,"wood:density":null,"leaf_cycle":null,"leaf_type":null,"type":null,"full_id_2":"r2621608","osm_id_2":"2621608","osm_type_2":"relation","boundary":"administrative","source:url":"http://www.dumadgrad.ru/files/o_gorode/genplan/prilozh/1.rar","old_name":"Мелекес","wikipedia":"ru:Городской округ Димитровград","wikidata":"Q4145659","website":null,"type_2":"boundary","population":null,"official_status":"ru:городской округ","name:tt":null,"name:ru":"городской округ Димитровград","name:ja":"ディミトロフグラード管区","name:en":null,"name_2":"городской округ Димитровград","admin_level":"6","addr:region":null,"addr:country":null},"geometry":{"type":"Polygon","coordinates":[[[49.594051,54.202545],[49.594029,54.202674],[49.593445,54.202674],[49.59338,54.202589],[49.593246,54.202583],[49.593117,54.202693],[49.591921,54.202699],[49.591932,54.202392],[49.59183,54.202188],[49.591476,54.202078],[49.591497,54.201921],[49.591342,54.201824],[49.591197,54.201846],[49.59109,54.20204],[49.590955,54.202109],[49.590805,54.202053],[49.590837,54.201827],[49.590939,54.201708],[49.591047,54.20167],[49.590896,54.201457],[49.590902,54.201425],[49.590961,54.201416],[49.591079,54.201526],[49.59117,54.201497],[49.591261,54.201764],[49.591508,54.201783],[49.591669,54.201893],[49.591658,54.202047],[49.59227,54.202182],[49.592345,54.202031],[49.592543,54.202087],[49.592635,54.202326],[49.592517,54.202489],[49.592667,54.202511],[49.592871,54.20221],[49.592962,54.202172],[49.592999,54.202122],[49.592817,54.2021],[49.59272,54.201999],[49.592763,54.201943],[49.592924,54.201946],[49.593235,54.202021],[49.593278,54.202169],[49.593563,54.20215],[49.5936,54.202207],[49.593412,54.202508],[49.593482,54.202561],[49.593659,54.202552],[49.59375,54.202514],[49.593944,54.202501],[49.594051,54.202545]]]}},{"type":"Feature","properties":{"full_id":"w424887107","osm_id":"424887107","osm_type":"way","natural":"wood","grassland":null,"wetland":null,"water":null,"leisure":null,"religion":null,"name":null,"landuse":null,"description":null,"wood:density":null,"leaf_cycle":null,"leaf_type":null,"type":null,"full_id_2":"r2621608","osm_id_2":"2621608","osm_type_2":"relation","boundary":"administrative","source:url":"http://www.dumadgrad.ru/files/o_gorode/genplan/prilozh/1.rar","old_name":"Мелекес","wikipedia":"ru:Городской округ Димитровград","wikidata":"Q4145659","website":null,"type_2":"boundary","population":null,"official_status":"ru:городской округ","name:tt":null,"name:ru":"городской округ Димитровград","name:ja":"ディミトロフグラード管区","name:en":null,"name_2":"городской округ Димитровград","admin_level":"6","addr:region":null,"addr:country":null},"geometry":{"type":"Polygon","coordinates":[[[49.588617,54.231035],[49.588048,54.230985],[49.588065,54.230967],[49.588632,54.230954],[49.588862,54.230979],[49.590596,54.230987],[49.590592,54.231031],[49.5905,54.23107],[49.589952,54.231103],[49.589846,54.231039],[49.589637,54.231033],[49.589407,54.231087],[49.589134,54.231033],[49.588869,54.231041],[49.588617,54.231035]]]}},{"type":"Feature","properties":{"full_id":"w424887108","osm_id":"424887108","osm_type":"way","natural":"wood","grassland":null,"wetland":null,"water":null,"leisure":null,"religion":null,"name":null,"landuse":null,"description":null,"wood:density":null,"leaf_cycle":null,"leaf_type":null,"type":null,"full_id_2":"r2621608","osm_id_2":"2621608","osm_type_2":"relation","boundary":"administrative","source:url":"http://www.dumadgrad.ru/files/o_gorode/genplan/prilozh/1.rar","old_name":"Мелекес","wikipedia":"ru:Городской округ Димитровград","wikidata":"Q4145659","website":null,"type_2":"boundary","population":null,"official_status":"ru:городской округ","name:tt":null,"name:ru":"городской округ Димитровград","name:ja":"ディミトロフグラード管区","name:en":null,"name_2":"городской округ Димитровград","admin_level":"6","addr:region":null,"addr:country":null},"geometry":{"type":"Polygon","coordinates":[[[49.590125,54.231312],[49.590086,54.231165],[49.590253,54.231151],[49.590263,54.231238],[49.590221,54.231335],[49.590125,54.231312]]]}},{"type":"Feature","properties":{"full_id":"w424892107","osm_id":"424892107","osm_type":"way","natural":"wood","grassland":null,"wetland":null,"water":null,"leisure":null,"religion":null,"name":null,"landuse":null,"description":null,"wood:density":null,"leaf_cycle":null,"leaf_type":null,"type":null,"full_id_2":"r2621608","osm_id_2":"2621608","osm_type_2":"relation","boundary":"administrative","source:url":"http://www.dumadgrad.ru/files/o_gorode/genplan/prilozh/1.rar","old_name":"Мелекес","wikipedia":"ru:Городской округ Димитровград","wikidata":"Q4145659","website":null,"type_2":"boundary","population":null,"official_status":"ru:городской округ","name:tt":null,"name:ru":"городской округ Димитровград","name:ja":"ディミトロフグラード管区","name:en":null,"name_2":"городской округ Димитровград","admin_level":"6","addr:region":null,"addr:country":null},"geometry":{"type":"Polygon","coordinates":[[[49.629354,54.206951],[49.629314,54.206904],[49.630201,54.206737],[49.630421,54.2068],[49.630408,54.206869],[49.630325,54.206889],[49.629354,54.206951]]]}},{"type":"Feature","properties":{"full_id":"w424892108","osm_id":"424892108","osm_type":"way","natural":"wood","grassland":null,"wetland":null,"water":null,"leisure":null,"religion":null,"name":null,"landuse":null,"description":null,"wood:density":null,"leaf_cycle":null,"leaf_type":null,"type":null,"full_id_2":"r2621608","osm_id_2":"2621608","osm_type_2":"relation","boundary":"administrative","source:url":"http://www.dumadgrad.ru/files/o_gorode/genplan/prilozh/1.rar","old_name":"Мелекес","wikipedia":"ru:Городской округ Димитровград","wikidata":"Q4145659","website":null,"type_2":"boundary","population":null,"official_status":"ru:городской округ","name:tt":null,"name:ru":"городской округ Димитровград","name:ja":"ディミトロフグラード管区","name:en":null,"name_2":"городской округ Димитровград","admin_level":"6","addr:region":null,"addr:country":null},"geometry":{"type":"Polygon","coordinates":[[[49.630505,54.206787],[49.630475,54.206624],[49.63059,54.20662],[49.630722,54.206651],[49.630714,54.206737],[49.63081,54.206797],[49.630676,54.206869],[49.630555,54.206868],[49.630505,54.206787]]]}},{"type":"Feature","properties":{"full_id":"w424892115","osm_id":"424892115","osm_type":"way","natural":"wood","grassland":null,"wetland":null,"water":null,"leisure":null,"religion":null,"name":null,"landuse":null,"description":null,"wood:density":null,"leaf_cycle":null,"leaf_type":null,"type":null,"full_id_2":"r2621608","osm_id_2":"2621608","osm_type_2":"relation","boundary":"administrative","source:url":"http://www.dumadgrad.ru/files/o_gorode/genplan/prilozh/1.rar","old_name":"Мелекес","wikipedia":"ru:Городской округ Димитровград","wikidata":"Q4145659","website":null,"type_2":"boundary","population":null,"official_status":"ru:городской округ","name:tt":null,"name:ru":"городской округ Димитровград","name:ja":"ディミトロフグラード管区","name:en":null,"name_2":"городской округ Димитровград","admin_level":"6","addr:region":null,"addr:country":null},"geometry":{"type":"Polygon","coordinates":[[[49.616573,54.2285],[49.616339,54.228391],[49.617637,54.227656],[49.618156,54.227634],[49.618109,54.227487],[49.618408,54.22734],[49.619104,54.227361],[49.619062,54.227244],[49.618945,54.22723],[49.618861,54.227312],[49.618721,54.227282],[49.618642,54.227162],[49.618768,54.227099],[49.61888,54.227208],[49.619202,54.227187],[49.619178,54.227124],[49.619038,54.227116],[49.619029,54.227067],[49.619146,54.227045],[49.619417,54.227184],[49.619734,54.226679],[49.620108,54.226676],[49.620024,54.226368],[49.620407,54.226209],[49.620542,54.226021],[49.620729,54.22598],[49.620112,54.226916],[49.620056,54.227651],[49.619538,54.227654],[49.618842,54.227962],[49.618574,54.227822],[49.618,54.2281],[49.617824,54.227997],[49.617166,54.228448],[49.617241,54.228614],[49.617628,54.228655],[49.617637,54.22877],[49.617488,54.228898],[49.617357,54.228849],[49.617348,54.228743],[49.617217,54.228765],[49.617077,54.228803],[49.617035,54.228786],[49.617063,54.228688],[49.616741,54.228535],[49.616573,54.2285]]]}},{"type":"Feature","properties":{"full_id":"w425096375","osm_id":"425096375","osm_type":"way","natural":"wood","grassland":null,"wetland":null,"water":null,"leisure":null,"religion":null,"name":null,"landuse":null,"description":null,"wood:density":null,"leaf_cycle":null,"leaf_type":null,"type":null,"full_id_2":"r2621608","osm_id_2":"2621608","osm_type_2":"relation","boundary":"administrative","source:url":"http://www.dumadgrad.ru/files/o_gorode/genplan/prilozh/1.rar","old_name":"Мелекес","wikipedia":"ru:Городской округ Димитровград","wikidata":"Q4145659","website":null,"type_2":"boundary","population":null,"official_status":"ru:городской округ","name:tt":null,"name:ru":"городской округ Димитровград","name:ja":"ディミトロフグラード管区","name:en":null,"name_2":"городской округ Димитровград","admin_level":"6","addr:region":null,"addr:country":null},"geometry":{"type":"Polygon","coordinates":[[[49.662483,54.185338],[49.662329,54.185218],[49.662526,54.185154],[49.66284,54.18522],[49.662977,54.185244],[49.662993,54.185257],[49.663031,54.185363],[49.662711,54.185341],[49.662483,54.185338]]]}},{"type":"Feature","properties":{"full_id":"w425330044","osm_id":"425330044","osm_type":"way","natural":"wood","grassland":null,"wetland":null,"water":null,"leisure":null,"religion":null,"name":"Березовая роща","landuse":null,"description":null,"wood:density":null,"leaf_cycle":"deciduous","leaf_type":"broadleaved","type":null,"full_id_2":"r2621608","osm_id_2":"2621608","osm_type_2":"relation","boundary":"administrative","source:url":"http://www.dumadgrad.ru/files/o_gorode/genplan/prilozh/1.rar","old_name":"Мелекес","wikipedia":"ru:Городской округ Димитровград","wikidata":"Q4145659","website":null,"type_2":"boundary","population":null,"official_status":"ru:городской округ","name:tt":null,"name:ru":"городской округ Димитровград","name:ja":"ディミトロフグラード管区","name:en":null,"name_2":"городской округ Димитровград","admin_level":"6","addr:region":null,"addr:country":null},"geometry":{"type":"Polygon","coordinates":[[[49.577661,54.234607],[49.576894,54.234391],[49.577875,54.233425],[49.578878,54.233761],[49.579211,54.233519],[49.579474,54.233569],[49.579318,54.233849],[49.578567,54.233902],[49.578138,54.234087],[49.578562,54.234125],[49.57861,54.234278],[49.579012,54.234234],[49.579232,54.234049],[49.579667,54.233899],[49.580096,54.233921],[49.580166,54.234084],[49.580439,54.234055],[49.580638,54.233971],[49.581373,54.234134],[49.581325,54.234269],[49.580917,54.234426],[49.580734,54.234432],[49.58067,54.23451],[49.581174,54.234538],[49.581587,54.234391],[49.582,54.234532],[49.582296,54.23494],[49.582312,54.235212],[49.582038,54.235513],[49.581663,54.235513],[49.581233,54.235658],[49.581319,54.23589],[49.581829,54.235777],[49.58126,54.236501],[49.581153,54.236567],[49.580944,54.236479],[49.580364,54.236789],[49.579822,54.236827],[49.579758,54.236567],[49.579243,54.236492],[49.578862,54.236388],[49.579002,54.236351],[49.579388,54.236388],[49.580021,54.236256],[49.579978,54.236024],[49.578546,54.236115],[49.578406,54.23641],[49.575848,54.23652],[49.57581,54.236335],[49.577146,54.236216],[49.57691,54.235598],[49.577124,54.235598],[49.577232,54.235805],[49.577371,54.235802],[49.57743,54.235604],[49.577677,54.235473],[49.578015,54.235548],[49.578068,54.235416],[49.577752,54.235407],[49.577747,54.235206],[49.577403,54.235319],[49.577462,54.235466],[49.577333,54.235516],[49.577033,54.235391],[49.577441,54.235024],[49.577806,54.234952],[49.577827,54.234833],[49.578229,54.234726],[49.578095,54.234479],[49.577661,54.234607]]]}},{"type":"Feature","properties":{"full_id":"w425330045","osm_id":"425330045","osm_type":"way","natural":"wood","grassland":null,"wetland":null,"water":null,"leisure":null,"religion":null,"name":null,"landuse":null,"description":null,"wood:density":null,"leaf_cycle":null,"leaf_type":null,"type":null,"full_id_2":"r2621608","osm_id_2":"2621608","osm_type_2":"relation","boundary":"administrative","source:url":"http://www.dumadgrad.ru/files/o_gorode/genplan/prilozh/1.rar","old_name":"Мелекес","wikipedia":"ru:Городской округ Димитровград","wikidata":"Q4145659","website":null,"type_2":"boundary","population":null,"official_status":"ru:городской округ","name:tt":null,"name:ru":"городской округ Димитровград","name:ja":"ディミトロフグラード管区","name:en":null,"name_2":"городской округ Димитровград","admin_level":"6","addr:region":null,"addr:country":null},"geometry":{"type":"Polygon","coordinates":[[[49.574939,54.230581],[49.575229,54.229539],[49.575457,54.229503],[49.575642,54.22963],[49.575417,54.229913],[49.575578,54.230126],[49.575218,54.230979],[49.575508,54.23128],[49.575315,54.23144],[49.574516,54.231452],[49.573625,54.231421],[49.573384,54.231399],[49.572949,54.231499],[49.57267,54.231458],[49.572482,54.231543],[49.571844,54.231505],[49.571801,54.231477],[49.572783,54.231421],[49.572794,54.231361],[49.573888,54.231013],[49.574939,54.230581]]]}},{"type":"Feature","properties":{"full_id":"w426568598","osm_id":"426568598","osm_type":"way","natural":"wood","grassland":null,"wetland":null,"water":null,"leisure":null,"religion":null,"name":null,"landuse":null,"description":null,"wood:density":null,"leaf_cycle":null,"leaf_type":null,"type":null,"full_id_2":"r2621608","osm_id_2":"2621608","osm_type_2":"relation","boundary":"administrative","source:url":"http://www.dumadgrad.ru/files/o_gorode/genplan/prilozh/1.rar","old_name":"Мелекес","wikipedia":"ru:Городской округ Димитровград","wikidata":"Q4145659","website":null,"type_2":"boundary","population":null,"official_status":"ru:городской округ","name:tt":null,"name:ru":"городской округ Димитровград","name:ja":"ディミトロフグラード管区","name:en":null,"name_2":"городской округ Димитровград","admin_level":"6","addr:region":null,"addr:country":null},"geometry":{"type":"Polygon","coordinates":[[[49.535293,54.292166],[49.534512,54.291962],[49.533081,54.292048],[49.532813,54.291953],[49.53235,54.292105],[49.531976,54.292024],[49.531837,54.291939],[49.53161,54.292019],[49.531333,54.291905],[49.531181,54.291903],[49.530968,54.291737],[49.531407,54.291734],[49.531764,54.291787],[49.531805,54.291706],[49.532732,54.291625],[49.534269,54.291611],[49.535358,54.292124],[49.535293,54.292166]]]}},{"type":"Feature","properties":{"full_id":"w437956692","osm_id":"437956692","osm_type":"way","natural":"wood","grassland":null,"wetland":null,"water":null,"leisure":null,"religion":null,"name":null,"landuse":null,"description":null,"wood:density":null,"leaf_cycle":null,"leaf_type":"broadleaved","type":null,"full_id_2":"r2621608","osm_id_2":"2621608","osm_type_2":"relation","boundary":"administrative","source:url":"http://www.dumadgrad.ru/files/o_gorode/genplan/prilozh/1.rar","old_name":"Мелекес","wikipedia":"ru:Городской округ Димитровград","wikidata":"Q4145659","website":null,"type_2":"boundary","population":null,"official_status":"ru:городской округ","name:tt":null,"name:ru":"городской округ Димитровград","name:ja":"ディミトロフグラード管区","name:en":null,"name_2":"городской округ Димитровград","admin_level":"6","addr:region":null,"addr:country":null},"geometry":{"type":"Polygon","coordinates":[[[49.548373,54.231139],[49.547205,54.230437],[49.547449,54.23001],[49.547584,54.229986],[49.549325,54.23102],[49.549078,54.231236],[49.548453,54.231187],[49.548373,54.231139]]]}},{"type":"Feature","properties":{"full_id":"w439105208","osm_id":"439105208","osm_type":"way","natural":"wood","grassland":null,"wetland":null,"water":null,"leisure":null,"religion":null,"name":null,"landuse":null,"description":null,"wood:density":null,"leaf_cycle":null,"leaf_type":null,"type":null,"full_id_2":"r2621608","osm_id_2":"2621608","osm_type_2":"relation","boundary":"administrative","source:url":"http://www.dumadgrad.ru/files/o_gorode/genplan/prilozh/1.rar","old_name":"Мелекес","wikipedia":"ru:Городской округ Димитровград","wikidata":"Q4145659","website":null,"type_2":"boundary","population":null,"official_status":"ru:городской округ","name:tt":null,"name:ru":"городской округ Димитровград","name:ja":"ディミトロフグラード管区","name:en":null,"name_2":"городской округ Димитровград","admin_level":"6","addr:region":null,"addr:country":null},"geometry":{"type":"Polygon","coordinates":[[[49.560915,54.228574],[49.560724,54.228511],[49.561047,54.228279],[49.561402,54.228127],[49.561688,54.228115],[49.561824,54.228221],[49.561759,54.228344],[49.561325,54.228587],[49.561121,54.228526],[49.560915,54.228574]]]}},{"type":"Feature","properties":{"full_id":"w439105209","osm_id":"439105209","osm_type":"way","natural":"wood","grassland":null,"wetland":null,"water":null,"leisure":null,"religion":null,"name":null,"landuse":null,"description":null,"wood:density":null,"leaf_cycle":null,"leaf_type":null,"type":null,"full_id_2":"r2621608","osm_id_2":"2621608","osm_type_2":"relation","boundary":"administrative","source:url":"http://www.dumadgrad.ru/files/o_gorode/genplan/prilozh/1.rar","old_name":"Мелекес","wikipedia":"ru:Городской округ Димитровград","wikidata":"Q4145659","website":null,"type_2":"boundary","population":null,"official_status":"ru:городской округ","name:tt":null,"name:ru":"городской округ Димитровград","name:ja":"ディミトロフグラード管区","name:en":null,"name_2":"городской округ Димитровград","admin_level":"6","addr:region":null,"addr:country":null},"geometry":{"type":"Polygon","coordinates":[[[49.561272,54.229048],[49.561251,54.228945],[49.561469,54.228771],[49.561667,54.22872],[49.561731,54.228747],[49.561734,54.228855],[49.561503,54.229051],[49.561386,54.22908],[49.561272,54.229048]]]}},{"type":"Feature","properties":{"full_id":"w439105215","osm_id":"439105215","osm_type":"way","natural":"wood","grassland":null,"wetland":null,"water":null,"leisure":null,"religion":null,"name":null,"landuse":null,"description":null,"wood:density":null,"leaf_cycle":null,"leaf_type":null,"type":null,"full_id_2":"r2621608","osm_id_2":"2621608","osm_type_2":"relation","boundary":"administrative","source:url":"http://www.dumadgrad.ru/files/o_gorode/genplan/prilozh/1.rar","old_name":"Мелекес","wikipedia":"ru:Городской округ Димитровград","wikidata":"Q4145659","website":null,"type_2":"boundary","population":null,"official_status":"ru:городской округ","name:tt":null,"name:ru":"городской округ Димитровград","name:ja":"ディミトロフグラード管区","name:en":null,"name_2":"городской округ Димитровград","admin_level":"6","addr:region":null,"addr:country":null},"geometry":{"type":"Polygon","coordinates":[[[49.562405,54.229598],[49.562503,54.229538],[49.562688,54.22955],[49.562772,54.229493],[49.562919,54.229487],[49.562968,54.229538],[49.563183,54.229542],[49.563353,54.229478],[49.563552,54.229474],[49.563727,54.229588],[49.56414,54.229684],[49.564346,54.229661],[49.564376,54.229928],[49.564315,54.230006],[49.564257,54.230016],[49.564213,54.229935],[49.564252,54.229912],[49.564241,54.229835],[49.564117,54.229883],[49.564056,54.22982],[49.563967,54.229822],[49.563912,54.229905],[49.56369,54.229977],[49.563262,54.229722],[49.563241,54.22964],[49.563043,54.229628],[49.562592,54.229898],[49.562384,54.229788],[49.562405,54.229598]]]}},{"type":"Feature","properties":{"full_id":"w439293894","osm_id":"439293894","osm_type":"way","natural":"wood","grassland":null,"wetland":null,"water":null,"leisure":null,"religion":null,"name":null,"landuse":null,"description":null,"wood:density":null,"leaf_cycle":null,"leaf_type":null,"type":null,"full_id_2":"r2621608","osm_id_2":"2621608","osm_type_2":"relation","boundary":"administrative","source:url":"http://www.dumadgrad.ru/files/o_gorode/genplan/prilozh/1.rar","old_name":"Мелекес","wikipedia":"ru:Городской округ Димитровград","wikidata":"Q4145659","website":null,"type_2":"boundary","population":null,"official_status":"ru:городской округ","name:tt":null,"name:ru":"городской округ Димитровград","name:ja":"ディミトロフグラード管区","name:en":null,"name_2":"городской округ Димитровград","admin_level":"6","addr:region":null,"addr:country":null},"geometry":{"type":"Polygon","coordinates":[[[49.566074,54.23136],[49.565661,54.231127],[49.565878,54.231007],[49.566213,54.231039],[49.567436,54.231003],[49.567476,54.231014],[49.567484,54.231034],[49.567468,54.23105],[49.567389,54.231095],[49.567168,54.231221],[49.566919,54.231255],[49.566755,54.231262],[49.566465,54.231127],[49.566074,54.23136]]]}},{"type":"Feature","properties":{"full_id":"w439293895","osm_id":"439293895","osm_type":"way","natural":"wood","grassland":null,"wetland":null,"water":null,"leisure":null,"religion":null,"name":null,"landuse":null,"description":null,"wood:density":null,"leaf_cycle":null,"leaf_type":"mixed","type":null,"full_id_2":"r2621608","osm_id_2":"2621608","osm_type_2":"relation","boundary":"administrative","source:url":"http://www.dumadgrad.ru/files/o_gorode/genplan/prilozh/1.rar","old_name":"Мелекес","wikipedia":"ru:Городской округ Димитровград","wikidata":"Q4145659","website":null,"type_2":"boundary","population":null,"official_status":"ru:городской округ","name:tt":null,"name:ru":"городской округ Димитровград","name:ja":"ディミトロフグラード管区","name:en":null,"name_2":"городской округ Димитровград","admin_level":"6","addr:region":null,"addr:country":null},"geometry":{"type":"Polygon","coordinates":[[[49.566913,54.23168],[49.566792,54.231624],[49.567061,54.231453],[49.567278,54.231437],[49.567388,54.231337],[49.567525,54.231312],[49.567632,54.231138],[49.567726,54.231136],[49.567774,54.231161],[49.567635,54.231304],[49.567694,54.231475],[49.566913,54.23168]]]}},{"type":"Feature","properties":{"full_id":"w439303268","osm_id":"439303268","osm_type":"way","natural":"wood","grassland":null,"wetland":null,"water":null,"leisure":null,"religion":null,"name":null,"landuse":null,"description":null,"wood:density":null,"leaf_cycle":null,"leaf_type":null,"type":null,"full_id_2":"r2621608","osm_id_2":"2621608","osm_type_2":"relation","boundary":"administrative","source:url":"http://www.dumadgrad.ru/files/o_gorode/genplan/prilozh/1.rar","old_name":"Мелекес","wikipedia":"ru:Городской округ Димитровград","wikidata":"Q4145659","website":null,"type_2":"boundary","population":null,"official_status":"ru:городской округ","name:tt":null,"name:ru":"городской округ Димитровград","name:ja":"ディミトロフグラード管区","name:en":null,"name_2":"городской округ Димитровград","admin_level":"6","addr:region":null,"addr:country":null},"geometry":{"type":"Polygon","coordinates":[[[49.565467,54.232199],[49.56536,54.232201],[49.565004,54.232011],[49.564765,54.232027],[49.564545,54.231954],[49.564161,54.232175],[49.564633,54.232447],[49.564599,54.232506],[49.564467,54.232511],[49.564253,54.232411],[49.563998,54.232455],[49.563885,54.232387],[49.56418,54.231951],[49.564489,54.231903],[49.564923,54.231925],[49.565121,54.231864],[49.565293,54.231857],[49.565634,54.232058],[49.565626,54.232117],[49.565467,54.232199]]]}},{"type":"Feature","properties":{"full_id":"w451872206","osm_id":"451872206","osm_type":"way","natural":"wood","grassland":null,"wetland":null,"water":null,"leisure":null,"religion":null,"name":null,"landuse":null,"description":null,"wood:density":null,"leaf_cycle":null,"leaf_type":null,"type":null,"full_id_2":"r2621608","osm_id_2":"2621608","osm_type_2":"relation","boundary":"administrative","source:url":"http://www.dumadgrad.ru/files/o_gorode/genplan/prilozh/1.rar","old_name":"Мелекес","wikipedia":"ru:Городской округ Димитровград","wikidata":"Q4145659","website":null,"type_2":"boundary","population":null,"official_status":"ru:городской округ","name:tt":null,"name:ru":"городской округ Димитровград","name:ja":"ディミトロフグラード管区","name:en":null,"name_2":"городской округ Димитровград","admin_level":"6","addr:region":null,"addr:country":null},"geometry":{"type":"Polygon","coordinates":[[[49.61946,54.21676],[49.619316,54.216568],[49.619374,54.216548],[49.619513,54.2165],[49.619546,54.216489],[49.619638,54.216511],[49.619648,54.216422],[49.61971,54.216398],[49.619788,54.216439],[49.619847,54.216372],[49.620046,54.216352],[49.620222,54.216401],[49.620223,54.216475],[49.620525,54.21647],[49.620547,54.216735],[49.620275,54.21674],[49.620175,54.216826],[49.620188,54.216931],[49.620335,54.21702],[49.620401,54.217127],[49.620567,54.217216],[49.620677,54.21741],[49.621287,54.217396],[49.621306,54.217493],[49.62092,54.217509],[49.62081,54.217473],[49.620748,54.21749],[49.620785,54.217548],[49.620466,54.217557],[49.620506,54.217664],[49.62059,54.217661],[49.620643,54.217799],[49.620512,54.217827],[49.620415,54.217669],[49.62038,54.217559],[49.620332,54.217342],[49.620177,54.217099],[49.620187,54.216991],[49.619785,54.216812],[49.619677,54.216829],[49.6196,54.216841],[49.61946,54.21676]]]}},{"type":"Feature","properties":{"full_id":"w475578110","osm_id":"475578110","osm_type":"way","natural":"wood","grassland":null,"wetland":null,"water":null,"leisure":null,"religion":null,"name":null,"landuse":null,"description":null,"wood:density":null,"leaf_cycle":null,"leaf_type":null,"type":null,"full_id_2":"r2621608","osm_id_2":"2621608","osm_type_2":"relation","boundary":"administrative","source:url":"http://www.dumadgrad.ru/files/o_gorode/genplan/prilozh/1.rar","old_name":"Мелекес","wikipedia":"ru:Городской округ Димитровград","wikidata":"Q4145659","website":null,"type_2":"boundary","population":null,"official_status":"ru:городской округ","name:tt":null,"name:ru":"городской округ Димитровград","name:ja":"ディミトロフグラード管区","name:en":null,"name_2":"городской округ Димитровград","admin_level":"6","addr:region":null,"addr:country":null},"geometry":{"type":"Polygon","coordinates":[[[49.608343,54.234904],[49.60772,54.234794],[49.607769,54.234642],[49.607978,54.234435],[49.608123,54.234089],[49.608214,54.234032],[49.608235,54.233937],[49.608386,54.233706],[49.608488,54.23365],[49.608525,54.233562],[49.608745,54.233283],[49.608944,54.233151],[49.609228,54.233208],[49.609255,54.233305],[49.609518,54.233289],[49.609716,54.233364],[49.609807,54.233322],[49.609577,54.233164],[49.609925,54.23301],[49.610348,54.232823],[49.610499,54.232779],[49.610634,54.232877],[49.610732,54.232884],[49.610717,54.232825],[49.610709,54.232741],[49.610837,54.232751],[49.610901,54.232748],[49.610955,54.233049],[49.610853,54.233112],[49.610762,54.233106],[49.610596,54.233161],[49.610462,54.233161],[49.610419,54.233082],[49.610274,54.233121],[49.61021,54.233223],[49.609823,54.233476],[49.609888,54.233507],[49.61022,54.23346],[49.610354,54.233473],[49.610403,54.233598],[49.610456,54.233667],[49.610301,54.233716],[49.61021,54.233643],[49.609931,54.233727],[49.60985,54.233813],[49.60978,54.233824],[49.609737,54.233783],[49.609566,54.233814],[49.60955,54.233782],[49.609636,54.233728],[49.609464,54.233713],[49.609163,54.234043],[49.608691,54.234095],[49.608697,54.234227],[49.609013,54.234206],[49.609005,54.234243],[49.608997,54.234277],[49.608702,54.234296],[49.608734,54.234517],[49.608944,54.234493],[49.609104,54.234394],[49.609121,54.234305],[49.609206,54.234252],[49.609298,54.23428],[49.609169,54.234404],[49.608992,54.234534],[49.60882,54.234586],[49.608343,54.234904]]]}},{"type":"Feature","properties":{"full_id":"w475586676","osm_id":"475586676","osm_type":"way","natural":"wood","grassland":null,"wetland":null,"water":null,"leisure":null,"religion":null,"name":null,"landuse":null,"description":null,"wood:density":null,"leaf_cycle":null,"leaf_type":null,"type":null,"full_id_2":"r2621608","osm_id_2":"2621608","osm_type_2":"relation","boundary":"administrative","source:url":"http://www.dumadgrad.ru/files/o_gorode/genplan/prilozh/1.rar","old_name":"Мелекес","wikipedia":"ru:Городской округ Димитровград","wikidata":"Q4145659","website":null,"type_2":"boundary","population":null,"official_status":"ru:городской округ","name:tt":null,"name:ru":"городской округ Димитровград","name:ja":"ディミトロフグラード管区","name:en":null,"name_2":"городской округ Димитровград","admin_level":"6","addr:region":null,"addr:country":null},"geometry":{"type":"Polygon","coordinates":[[[49.610418,54.232435],[49.610074,54.232442],[49.610096,54.232313],[49.610037,54.232301],[49.610745,54.231451],[49.610085,54.231197],[49.610112,54.231131],[49.61023,54.231147],[49.610766,54.230702],[49.610563,54.23046],[49.610579,54.230391],[49.610664,54.230325],[49.610718,54.230335],[49.611056,54.230476],[49.611072,54.230639],[49.610632,54.231162],[49.610627,54.231321],[49.611179,54.231336],[49.611206,54.231097],[49.610903,54.231084],[49.610889,54.231278],[49.610842,54.231277],[49.61076,54.231131],[49.611004,54.230852],[49.611297,54.230771],[49.611405,54.230805],[49.611442,54.231473],[49.611351,54.232015],[49.611126,54.232012],[49.611094,54.232128],[49.610852,54.23226],[49.610954,54.232288],[49.610997,54.232313],[49.611153,54.232316],[49.611153,54.232172],[49.611319,54.232178],[49.61133,54.232254],[49.611373,54.232285],[49.611362,54.232335],[49.611206,54.232376],[49.610766,54.232398],[49.610836,54.232316],[49.610702,54.232288],[49.610589,54.232367],[49.610418,54.232435]]]}},{"type":"Feature","properties":{"full_id":"w480605606","osm_id":"480605606","osm_type":"way","natural":"wood","grassland":null,"wetland":null,"water":null,"leisure":null,"religion":null,"name":null,"landuse":null,"description":null,"wood:density":null,"leaf_cycle":null,"leaf_type":null,"type":null,"full_id_2":"r2621608","osm_id_2":"2621608","osm_type_2":"relation","boundary":"administrative","source:url":"http://www.dumadgrad.ru/files/o_gorode/genplan/prilozh/1.rar","old_name":"Мелекес","wikipedia":"ru:Городской округ Димитровград","wikidata":"Q4145659","website":null,"type_2":"boundary","population":null,"official_status":"ru:городской округ","name:tt":null,"name:ru":"городской округ Димитровград","name:ja":"ディミトロフグラード管区","name:en":null,"name_2":"городской округ Димитровград","admin_level":"6","addr:region":null,"addr:country":null},"geometry":{"type":"Polygon","coordinates":[[[49.593601,54.227893],[49.593465,54.227936],[49.593182,54.227925],[49.593151,54.227875],[49.593477,54.227766],[49.593644,54.227713],[49.593853,54.227745],[49.594038,54.227878],[49.594217,54.227878],[49.59458,54.227795],[49.59519,54.227673],[49.595425,54.227622],[49.595542,54.227568],[49.595628,54.22746],[49.595776,54.227478],[49.595954,54.227464],[49.596016,54.22736],[49.59609,54.227295],[49.59638,54.227194],[49.596392,54.227114],[49.59638,54.227057],[49.596521,54.227086],[49.596651,54.227035],[49.596694,54.226909],[49.596829,54.226913],[49.596947,54.227006],[49.597113,54.226992],[49.597199,54.226891],[49.597464,54.226844],[49.597612,54.226787],[49.597717,54.226812],[49.597489,54.226931],[49.59715,54.227125],[49.59694,54.227255],[49.596768,54.227251],[49.596694,54.227305],[49.596682,54.227392],[49.596318,54.227547],[49.596096,54.227514],[49.595942,54.227536],[49.595862,54.22764],[49.595628,54.227734],[49.595301,54.227781],[49.595073,54.227857],[49.59463,54.227918],[49.594118,54.227947],[49.593847,54.227947],[49.593601,54.227893]]]}},{"type":"Feature","properties":{"full_id":"w480886055","osm_id":"480886055","osm_type":"way","natural":"wood","grassland":null,"wetland":null,"water":null,"leisure":null,"religion":null,"name":null,"landuse":null,"description":null,"wood:density":null,"leaf_cycle":null,"leaf_type":null,"type":null,"full_id_2":"r2621608","osm_id_2":"2621608","osm_type_2":"relation","boundary":"administrative","source:url":"http://www.dumadgrad.ru/files/o_gorode/genplan/prilozh/1.rar","old_name":"Мелекес","wikipedia":"ru:Городской округ Димитровград","wikidata":"Q4145659","website":null,"type_2":"boundary","population":null,"official_status":"ru:городской округ","name:tt":null,"name:ru":"городской округ Димитровград","name:ja":"ディミトロフグラード管区","name:en":null,"name_2":"городской округ Димитровград","admin_level":"6","addr:region":null,"addr:country":null},"geometry":{"type":"Polygon","coordinates":[[[49.566797,54.224942],[49.566779,54.22501],[49.566625,54.225065],[49.566125,54.225147],[49.565686,54.225229],[49.565494,54.225308],[49.565275,54.225357],[49.564985,54.225335],[49.564766,54.225239],[49.564598,54.225168],[49.564467,54.225122],[49.564336,54.225073],[49.56429,54.224988],[49.564355,54.224912],[49.564509,54.224871],[49.565037,54.224854],[49.565312,54.22483],[49.565466,54.224865],[49.565756,54.224942],[49.566003,54.224928],[49.56654,54.224876],[49.566736,54.224904],[49.566797,54.224942]]]}},{"type":"Feature","properties":{"full_id":"w481940062","osm_id":"481940062","osm_type":"way","natural":"wood","grassland":null,"wetland":null,"water":null,"leisure":null,"religion":null,"name":null,"landuse":null,"description":null,"wood:density":null,"leaf_cycle":null,"leaf_type":null,"type":null,"full_id_2":"r2621608","osm_id_2":"2621608","osm_type_2":"relation","boundary":"administrative","source:url":"http://www.dumadgrad.ru/files/o_gorode/genplan/prilozh/1.rar","old_name":"Мелекес","wikipedia":"ru:Городской округ Димитровград","wikidata":"Q4145659","website":null,"type_2":"boundary","population":null,"official_status":"ru:городской округ","name:tt":null,"name:ru":"городской округ Димитровград","name:ja":"ディミトロフグラード管区","name:en":null,"name_2":"городской округ Димитровград","admin_level":"6","addr:region":null,"addr:country":null},"geometry":{"type":"Polygon","coordinates":[[[49.611111,54.201839],[49.610976,54.201812],[49.610899,54.201552],[49.611429,54.201399],[49.61162,54.201414],[49.611645,54.201541],[49.611759,54.201599],[49.611808,54.201673],[49.611682,54.201716],[49.611577,54.201686],[49.611475,54.201821],[49.611367,54.201841],[49.611312,54.201873],[49.611491,54.201891],[49.611481,54.201923],[49.611275,54.202059],[49.611204,54.201987],[49.611075,54.201968],[49.611111,54.201839]]]}},{"type":"Feature","properties":{"full_id":"w481940063","osm_id":"481940063","osm_type":"way","natural":"wood","grassland":null,"wetland":null,"water":null,"leisure":null,"religion":null,"name":null,"landuse":null,"description":null,"wood:density":null,"leaf_cycle":null,"leaf_type":null,"type":null,"full_id_2":"r2621608","osm_id_2":"2621608","osm_type_2":"relation","boundary":"administrative","source:url":"http://www.dumadgrad.ru/files/o_gorode/genplan/prilozh/1.rar","old_name":"Мелекес","wikipedia":"ru:Городской округ Димитровград","wikidata":"Q4145659","website":null,"type_2":"boundary","population":null,"official_status":"ru:городской округ","name:tt":null,"name:ru":"городской округ Димитровград","name:ja":"ディミトロフグラード管区","name:en":null,"name_2":"городской округ Димитровград","admin_level":"6","addr:region":null,"addr:country":null},"geometry":{"type":"Polygon","coordinates":[[[49.611067,54.202597],[49.610961,54.202626],[49.610865,54.202621],[49.610797,54.202462],[49.610982,54.202419],[49.611065,54.202307],[49.611158,54.202293],[49.611198,54.202244],[49.611404,54.20217],[49.611567,54.202188],[49.611549,54.202107],[49.61166,54.20207],[49.611832,54.202048],[49.611977,54.201983],[49.612184,54.201945],[49.61243,54.201979],[49.612464,54.202212],[49.612227,54.20239],[49.611906,54.202515],[49.61145,54.20261],[49.611067,54.202597]]]}},{"type":"Feature","properties":{"full_id":"w481940067","osm_id":"481940067","osm_type":"way","natural":"wood","grassland":null,"wetland":null,"water":null,"leisure":null,"religion":null,"name":null,"landuse":null,"description":null,"wood:density":null,"leaf_cycle":null,"leaf_type":null,"type":null,"full_id_2":"r2621608","osm_id_2":"2621608","osm_type_2":"relation","boundary":"administrative","source:url":"http://www.dumadgrad.ru/files/o_gorode/genplan/prilozh/1.rar","old_name":"Мелекес","wikipedia":"ru:Городской округ Димитровград","wikidata":"Q4145659","website":null,"type_2":"boundary","population":null,"official_status":"ru:городской округ","name:tt":null,"name:ru":"городской округ Димитровград","name:ja":"ディミトロフグラード管区","name:en":null,"name_2":"городской округ Димитровград","admin_level":"6","addr:region":null,"addr:country":null},"geometry":{"type":"Polygon","coordinates":[[[49.609287,54.202973],[49.609186,54.202892],[49.60918,54.202775],[49.609341,54.202722],[49.609392,54.202733],[49.60958,54.202943],[49.609722,54.202932],[49.609848,54.20307],[49.609937,54.203077],[49.609947,54.203111],[49.609891,54.203171],[49.609735,54.203219],[49.609639,54.203196],[49.609558,54.203199],[49.60951,54.203168],[49.609572,54.203097],[49.609473,54.203041],[49.609392,54.203108],[49.60936,54.203081],[49.609395,54.203003],[49.609287,54.202973]]]}},{"type":"Feature","properties":{"full_id":"w481940068","osm_id":"481940068","osm_type":"way","natural":"wood","grassland":null,"wetland":null,"water":null,"leisure":null,"religion":null,"name":null,"landuse":null,"description":null,"wood:density":null,"leaf_cycle":null,"leaf_type":null,"type":null,"full_id_2":"r2621608","osm_id_2":"2621608","osm_type_2":"relation","boundary":"administrative","source:url":"http://www.dumadgrad.ru/files/o_gorode/genplan/prilozh/1.rar","old_name":"Мелекес","wikipedia":"ru:Городской округ Димитровград","wikidata":"Q4145659","website":null,"type_2":"boundary","population":null,"official_status":"ru:городской округ","name:tt":null,"name:ru":"городской округ Димитровград","name:ja":"ディミトロフグラード管区","name:en":null,"name_2":"городской округ Димитровград","admin_level":"6","addr:region":null,"addr:country":null},"geometry":{"type":"Polygon","coordinates":[[[49.61073,54.203089],[49.61039,54.203114],[49.610376,54.203072],[49.610527,54.20302],[49.610814,54.203019],[49.610897,54.203064],[49.610894,54.203102],[49.610843,54.203105],[49.61073,54.203089]]]}},{"type":"Feature","properties":{"full_id":"w492561154","osm_id":"492561154","osm_type":"way","natural":"wood","grassland":null,"wetland":null,"water":null,"leisure":null,"religion":null,"name":null,"landuse":null,"description":null,"wood:density":null,"leaf_cycle":null,"leaf_type":null,"type":null,"full_id_2":"r2621608","osm_id_2":"2621608","osm_type_2":"relation","boundary":"administrative","source:url":"http://www.dumadgrad.ru/files/o_gorode/genplan/prilozh/1.rar","old_name":"Мелекес","wikipedia":"ru:Городской округ Димитровград","wikidata":"Q4145659","website":null,"type_2":"boundary","population":null,"official_status":"ru:городской округ","name:tt":null,"name:ru":"городской округ Димитровград","name:ja":"ディミトロフグラード管区","name:en":null,"name_2":"городской округ Димитровград","admin_level":"6","addr:region":null,"addr:country":null},"geometry":{"type":"Polygon","coordinates":[[[49.58638,54.211122],[49.586219,54.21025],[49.585902,54.210311],[49.585908,54.210403],[49.58594,54.21048],[49.586078,54.210482],[49.58609,54.210532],[49.585843,54.210583],[49.585843,54.210727],[49.586218,54.210785],[49.58639,54.211326],[49.585852,54.211355],[49.585454,54.211269],[49.585364,54.210901],[49.585411,54.210781],[49.585773,54.21073],[49.585704,54.210284],[49.585779,54.210159],[49.586525,54.210112],[49.586685,54.210014],[49.586916,54.209989],[49.587013,54.209945],[49.587061,54.209974],[49.587045,54.211228],[49.586718,54.211266],[49.586503,54.211219],[49.58638,54.211122]]]}},{"type":"Feature","properties":{"full_id":"w492561157","osm_id":"492561157","osm_type":"way","natural":"wood","grassland":null,"wetland":null,"water":null,"leisure":null,"religion":null,"name":null,"landuse":null,"description":null,"wood:density":null,"leaf_cycle":null,"leaf_type":null,"type":null,"full_id_2":"r2621608","osm_id_2":"2621608","osm_type_2":"relation","boundary":"administrative","source:url":"http://www.dumadgrad.ru/files/o_gorode/genplan/prilozh/1.rar","old_name":"Мелекес","wikipedia":"ru:Городской округ Димитровград","wikidata":"Q4145659","website":null,"type_2":"boundary","population":null,"official_status":"ru:городской округ","name:tt":null,"name:ru":"городской округ Димитровград","name:ja":"ディミトロフグラード管区","name:en":null,"name_2":"городской округ Димитровград","admin_level":"6","addr:region":null,"addr:country":null},"geometry":{"type":"Polygon","coordinates":[[[49.585108,54.210654],[49.585216,54.211206],[49.584754,54.211225],[49.584609,54.210607],[49.585108,54.210654]]]}},{"type":"Feature","properties":{"full_id":"w492561159","osm_id":"492561159","osm_type":"way","natural":"wood","grassland":null,"wetland":null,"water":null,"leisure":null,"religion":null,"name":null,"landuse":null,"description":null,"wood:density":null,"leaf_cycle":null,"leaf_type":null,"type":null,"full_id_2":"r2621608","osm_id_2":"2621608","osm_type_2":"relation","boundary":"administrative","source:url":"http://www.dumadgrad.ru/files/o_gorode/genplan/prilozh/1.rar","old_name":"Мелекес","wikipedia":"ru:Городской округ Димитровград","wikidata":"Q4145659","website":null,"type_2":"boundary","population":null,"official_status":"ru:городской округ","name:tt":null,"name:ru":"городской округ Димитровград","name:ja":"ディミトロフグラード管区","name:en":null,"name_2":"городской округ Димитровград","admin_level":"6","addr:region":null,"addr:country":null},"geometry":{"type":"Polygon","coordinates":[[[49.584507,54.210391],[49.584448,54.210394],[49.5844,54.21008],[49.584808,54.209977],[49.585291,54.209955],[49.585291,54.210134],[49.585216,54.210137],[49.585119,54.210083],[49.58499,54.210156],[49.584465,54.210178],[49.584507,54.210391]]]}},{"type":"Feature","properties":{"full_id":"w492561162","osm_id":"492561162","osm_type":"way","natural":"wood","grassland":null,"wetland":null,"water":null,"leisure":null,"religion":null,"name":null,"landuse":null,"description":null,"wood:density":null,"leaf_cycle":null,"leaf_type":null,"type":null,"full_id_2":"r2621608","osm_id_2":"2621608","osm_type_2":"relation","boundary":"administrative","source:url":"http://www.dumadgrad.ru/files/o_gorode/genplan/prilozh/1.rar","old_name":"Мелекес","wikipedia":"ru:Городской округ Димитровград","wikidata":"Q4145659","website":null,"type_2":"boundary","population":null,"official_status":"ru:городской округ","name:tt":null,"name:ru":"городской округ Димитровград","name:ja":"ディミトロフグラード管区","name:en":null,"name_2":"городской округ Димитровград","admin_level":"6","addr:region":null,"addr:country":null},"geometry":{"type":"Polygon","coordinates":[[[49.589922,54.210808],[49.588633,54.210769],[49.588642,54.21072],[49.588937,54.210461],[49.588941,54.21034],[49.589128,54.210343],[49.589114,54.210513],[49.589268,54.210535],[49.589516,54.21036],[49.589436,54.21022],[49.589189,54.210275],[49.588955,54.210267],[49.588965,54.210185],[49.589278,54.210182],[49.589357,54.210062],[49.589324,54.210002],[49.589366,54.209964],[49.589605,54.210002],[49.589754,54.209934],[49.589721,54.209882],[49.589548,54.209882],[49.589562,54.209846],[49.589754,54.209783],[49.589717,54.209734],[49.58945,54.209748],[49.589474,54.209617],[49.589955,54.209614],[49.589945,54.209923],[49.590048,54.20995],[49.590011,54.210392],[49.589838,54.210455],[49.589805,54.21051],[49.590039,54.210551],[49.589922,54.210808]]]}},{"type":"Feature","properties":{"full_id":"w492561165","osm_id":"492561165","osm_type":"way","natural":"wood","grassland":null,"wetland":null,"water":null,"leisure":null,"religion":null,"name":null,"landuse":null,"description":null,"wood:density":null,"leaf_cycle":null,"leaf_type":null,"type":null,"full_id_2":"r2621608","osm_id_2":"2621608","osm_type_2":"relation","boundary":"administrative","source:url":"http://www.dumadgrad.ru/files/o_gorode/genplan/prilozh/1.rar","old_name":"Мелекес","wikipedia":"ru:Городской округ Димитровград","wikidata":"Q4145659","website":null,"type_2":"boundary","population":null,"official_status":"ru:городской округ","name:tt":null,"name:ru":"городской округ Димитровград","name:ja":"ディミトロフグラード管区","name:en":null,"name_2":"городской округ Димитровград","admin_level":"6","addr:region":null,"addr:country":null},"geometry":{"type":"Polygon","coordinates":[[[49.590669,54.210586],[49.590347,54.210586],[49.590403,54.210218],[49.590585,54.210223],[49.590674,54.210371],[49.590669,54.210586]]]}},{"type":"Feature","properties":{"full_id":"w492561167","osm_id":"492561167","osm_type":"way","natural":"wood","grassland":null,"wetland":null,"water":null,"leisure":null,"religion":null,"name":null,"landuse":null,"description":null,"wood:density":null,"leaf_cycle":null,"leaf_type":null,"type":null,"full_id_2":"r2621608","osm_id_2":"2621608","osm_type_2":"relation","boundary":"administrative","source:url":"http://www.dumadgrad.ru/files/o_gorode/genplan/prilozh/1.rar","old_name":"Мелекес","wikipedia":"ru:Городской округ Димитровград","wikidata":"Q4145659","website":null,"type_2":"boundary","population":null,"official_status":"ru:городской округ","name:tt":null,"name:ru":"городской округ Димитровград","name:ja":"ディミトロフグラード管区","name:en":null,"name_2":"городской округ Димитровград","admin_level":"6","addr:region":null,"addr:country":null},"geometry":{"type":"Polygon","coordinates":[[[49.59334,54.210502],[49.593,54.210548],[49.593027,54.21065],[49.593034,54.210716],[49.593044,54.210797],[49.593115,54.210836],[49.593292,54.210836],[49.593685,54.210839],[49.593752,54.210886],[49.593614,54.210925],[49.593395,54.210975],[49.593094,54.210969],[49.593023,54.211013],[49.592875,54.211017],[49.592719,54.211019],[49.592588,54.210942],[49.592581,54.210876],[49.592605,54.210783],[49.592609,54.210706],[49.592609,54.210644],[49.592602,54.210611],[49.592616,54.210563],[49.592347,54.210569],[49.592305,54.210582],[49.592071,54.210594],[49.591898,54.210592],[49.591661,54.210594],[49.591537,54.210613],[49.591406,54.210619],[49.591363,54.210601],[49.591239,54.21058],[49.591172,54.210596],[49.591013,54.210623],[49.590917,54.210611],[49.590864,54.210569],[49.590928,54.210495],[49.590949,54.210425],[49.590917,54.210342],[49.590949,54.210247],[49.591041,54.210242],[49.591154,54.210271],[49.59125,54.210435],[49.591367,54.210427],[49.591445,54.210454],[49.59165,54.210456],[49.591788,54.210466],[49.591922,54.21052],[49.592014,54.210512],[49.592085,54.21046],[49.592337,54.210452],[49.592483,54.210413],[49.59249,54.210376],[49.592514,54.210319],[49.592472,54.210261],[49.592649,54.210117],[49.59286,54.210103],[49.592855,54.210054],[49.59271,54.21004],[49.592701,54.209914],[49.593107,54.209854],[49.593364,54.209893],[49.59334,54.210502]]]}},{"type":"Feature","properties":{"full_id":"w492561176","osm_id":"492561176","osm_type":"way","natural":"wood","grassland":null,"wetland":null,"water":null,"leisure":null,"religion":null,"name":null,"landuse":null,"description":null,"wood:density":null,"leaf_cycle":"deciduous","leaf_type":"broadleaved","type":null,"full_id_2":"r2621608","osm_id_2":"2621608","osm_type_2":"relation","boundary":"administrative","source:url":"http://www.dumadgrad.ru/files/o_gorode/genplan/prilozh/1.rar","old_name":"Мелекес","wikipedia":"ru:Городской округ Димитровград","wikidata":"Q4145659","website":null,"type_2":"boundary","population":null,"official_status":"ru:городской округ","name:tt":null,"name:ru":"городской округ Димитровград","name:ja":"ディミトロフグラード管区","name:en":null,"name_2":"городской округ Димитровград","admin_level":"6","addr:region":null,"addr:country":null},"geometry":{"type":"Polygon","coordinates":[[[49.587662,54.211097],[49.58754,54.211102],[49.587536,54.210575],[49.587592,54.210573],[49.587596,54.210808],[49.58776,54.21081],[49.587755,54.21045],[49.587886,54.210401],[49.587886,54.210324],[49.587755,54.210278],[49.58775,54.210209],[49.587835,54.210136],[49.587741,54.21001],[49.58775,54.209925],[49.587839,54.209876],[49.587895,54.20989],[49.587928,54.210477],[49.588162,54.210472],[49.588297,54.210554],[49.588133,54.210753],[49.588133,54.210982],[49.588566,54.211009],[49.588609,54.211064],[49.588887,54.211105],[49.588876,54.211173],[49.588269,54.211218],[49.588215,54.211273],[49.588023,54.211296],[49.588115,54.211086],[49.588012,54.21107],[49.587944,54.210989],[49.587677,54.210993],[49.587662,54.211097]]]}},{"type":"Feature","properties":{"full_id":"w492561178","osm_id":"492561178","osm_type":"way","natural":"wood","grassland":null,"wetland":null,"water":null,"leisure":null,"religion":null,"name":null,"landuse":null,"description":null,"wood:density":null,"leaf_cycle":null,"leaf_type":null,"type":null,"full_id_2":"r2621608","osm_id_2":"2621608","osm_type_2":"relation","boundary":"administrative","source:url":"http://www.dumadgrad.ru/files/o_gorode/genplan/prilozh/1.rar","old_name":"Мелекес","wikipedia":"ru:Городской округ Димитровград","wikidata":"Q4145659","website":null,"type_2":"boundary","population":null,"official_status":"ru:городской округ","name:tt":null,"name:ru":"городской округ Димитровград","name:ja":"ディミトロフグラード管区","name:en":null,"name_2":"городской округ Димитровград","admin_level":"6","addr:region":null,"addr:country":null},"geometry":{"type":"Polygon","coordinates":[[[49.584496,54.212083],[49.584201,54.211897],[49.584206,54.211807],[49.584416,54.211739],[49.58443,54.211602],[49.58485,54.211591],[49.584991,54.211651],[49.585668,54.211556],[49.586097,54.21158],[49.586139,54.211826],[49.58599,54.211848],[49.58592,54.211946],[49.585257,54.211965],[49.585093,54.212064],[49.584496,54.212083]]]}},{"type":"Feature","properties":{"full_id":"w492561179","osm_id":"492561179","osm_type":"way","natural":"wood","grassland":null,"wetland":null,"water":null,"leisure":null,"religion":null,"name":null,"landuse":null,"description":null,"wood:density":null,"leaf_cycle":null,"leaf_type":null,"type":null,"full_id_2":"r2621608","osm_id_2":"2621608","osm_type_2":"relation","boundary":"administrative","source:url":"http://www.dumadgrad.ru/files/o_gorode/genplan/prilozh/1.rar","old_name":"Мелекес","wikipedia":"ru:Городской округ Димитровград","wikidata":"Q4145659","website":null,"type_2":"boundary","population":null,"official_status":"ru:городской округ","name:tt":null,"name:ru":"городской округ Димитровград","name:ja":"ディミトロフグラード管区","name:en":null,"name_2":"городской округ Димитровград","admin_level":"6","addr:region":null,"addr:country":null},"geometry":{"type":"Polygon","coordinates":[[[49.587041,54.211908],[49.586597,54.211919],[49.586466,54.211733],[49.586471,54.211657],[49.587041,54.211665],[49.587041,54.211908]]]}},{"type":"Feature","properties":{"full_id":"w492561181","osm_id":"492561181","osm_type":"way","natural":"wood","grassland":null,"wetland":null,"water":null,"leisure":null,"religion":null,"name":null,"landuse":null,"description":null,"wood:density":null,"leaf_cycle":null,"leaf_type":null,"type":null,"full_id_2":"r2621608","osm_id_2":"2621608","osm_type_2":"relation","boundary":"administrative","source:url":"http://www.dumadgrad.ru/files/o_gorode/genplan/prilozh/1.rar","old_name":"Мелекес","wikipedia":"ru:Городской округ Димитровград","wikidata":"Q4145659","website":null,"type_2":"boundary","population":null,"official_status":"ru:городской округ","name:tt":null,"name:ru":"городской округ Димитровград","name:ja":"ディミトロフグラード管区","name:en":null,"name_2":"городской округ Димитровград","admin_level":"6","addr:region":null,"addr:country":null},"geometry":{"type":"Polygon","coordinates":[[[49.586251,54.211534],[49.585686,54.211496],[49.586999,54.211414],[49.58705,54.211455],[49.58705,54.211561],[49.586966,54.211597],[49.586452,54.21158],[49.586368,54.211485],[49.586251,54.211534]]]}},{"type":"Feature","properties":{"full_id":"w492710423","osm_id":"492710423","osm_type":"way","natural":"wood","grassland":null,"wetland":null,"water":null,"leisure":null,"religion":null,"name":null,"landuse":null,"description":null,"wood:density":null,"leaf_cycle":null,"leaf_type":null,"type":null,"full_id_2":"r2621608","osm_id_2":"2621608","osm_type_2":"relation","boundary":"administrative","source:url":"http://www.dumadgrad.ru/files/o_gorode/genplan/prilozh/1.rar","old_name":"Мелекес","wikipedia":"ru:Городской округ Димитровград","wikidata":"Q4145659","website":null,"type_2":"boundary","population":null,"official_status":"ru:городской округ","name:tt":null,"name:ru":"городской округ Димитровград","name:ja":"ディミトロフグラード管区","name:en":null,"name_2":"городской округ Димитровград","admin_level":"6","addr:region":null,"addr:country":null},"geometry":{"type":"Polygon","coordinates":[[[49.554492,54.228995],[49.554049,54.228548],[49.554431,54.227992],[49.553813,54.227643],[49.553964,54.2276],[49.55424,54.227662],[49.554756,54.227305],[49.553777,54.226675],[49.554212,54.226442],[49.554138,54.226326],[49.554297,54.226224],[49.554476,54.226392],[49.554927,54.226342],[49.555065,54.226423],[49.554492,54.226804],[49.554911,54.227046],[49.55585,54.226526],[49.557736,54.227559],[49.557647,54.227607],[49.557513,54.227581],[49.557001,54.227483],[49.556472,54.227255],[49.556257,54.227317],[49.555541,54.227053],[49.5552,54.227319],[49.555472,54.227657],[49.55687,54.227973],[49.55735,54.228199],[49.556862,54.228493],[49.557273,54.228733],[49.557806,54.22847],[49.557846,54.22855],[49.557696,54.22865],[49.557744,54.228714],[49.558147,54.228496],[49.558513,54.228574],[49.558261,54.228757],[49.557927,54.228878],[49.557614,54.228788],[49.557257,54.228992],[49.557013,54.228854],[49.557053,54.228695],[49.55687,54.228574],[49.556671,54.228619],[49.556216,54.228434],[49.555683,54.228759],[49.555834,54.228885],[49.555724,54.229018],[49.555423,54.228928],[49.55489,54.229254],[49.554809,54.229472],[49.554464,54.229622],[49.553939,54.229924],[49.553049,54.229434],[49.553236,54.229337],[49.553533,54.229491],[49.553411,54.22956],[49.553585,54.22966],[49.553724,54.229606],[49.553947,54.229693],[49.554264,54.229422],[49.553663,54.229118],[49.553813,54.229045],[49.554142,54.229225],[49.554492,54.228995]]]}},{"type":"Feature","properties":{"full_id":"w492710425","osm_id":"492710425","osm_type":"way","natural":"wood","grassland":null,"wetland":null,"water":null,"leisure":null,"religion":null,"name":null,"landuse":null,"description":null,"wood:density":null,"leaf_cycle":null,"leaf_type":null,"type":null,"full_id_2":"r2621608","osm_id_2":"2621608","osm_type_2":"relation","boundary":"administrative","source:url":"http://www.dumadgrad.ru/files/o_gorode/genplan/prilozh/1.rar","old_name":"Мелекес","wikipedia":"ru:Городской округ Димитровград","wikidata":"Q4145659","website":null,"type_2":"boundary","population":null,"official_status":"ru:городской округ","name:tt":null,"name:ru":"городской округ Димитровград","name:ja":"ディミトロフグラード管区","name:en":null,"name_2":"городской округ Димитровград","admin_level":"6","addr:region":null,"addr:country":null},"geometry":{"type":"Polygon","coordinates":[[[49.552422,54.22882],[49.552358,54.228802],[49.552798,54.22851],[49.552535,54.228212],[49.552964,54.227958],[49.553286,54.227946],[49.553259,54.228046],[49.55349,54.228015],[49.553527,54.228074],[49.55328,54.228084],[49.553221,54.228316],[49.552862,54.228331],[49.55312,54.228529],[49.553479,54.228739],[49.553329,54.22883],[49.553292,54.228834],[49.553071,54.228855],[49.552921,54.22877],[49.552733,54.228824],[49.552642,54.228739],[49.552422,54.22882]]]}},{"type":"Feature","properties":{"full_id":"w492710426","osm_id":"492710426","osm_type":"way","natural":"wood","grassland":null,"wetland":null,"water":null,"leisure":null,"religion":null,"name":null,"landuse":null,"description":null,"wood:density":null,"leaf_cycle":null,"leaf_type":null,"type":null,"full_id_2":"r2621608","osm_id_2":"2621608","osm_type_2":"relation","boundary":"administrative","source:url":"http://www.dumadgrad.ru/files/o_gorode/genplan/prilozh/1.rar","old_name":"Мелекес","wikipedia":"ru:Городской округ Димитровград","wikidata":"Q4145659","website":null,"type_2":"boundary","population":null,"official_status":"ru:городской округ","name:tt":null,"name:ru":"городской округ Димитровград","name:ja":"ディミトロフグラード管区","name:en":null,"name_2":"городской округ Димитровград","admin_level":"6","addr:region":null,"addr:country":null},"geometry":{"type":"Polygon","coordinates":[[[49.551773,54.228695],[49.551183,54.228385],[49.551483,54.228225],[49.551414,54.228059],[49.551698,54.227996],[49.551768,54.228049],[49.551757,54.228193],[49.552267,54.22836],[49.552181,54.228425],[49.551913,54.228366],[49.551757,54.228497],[49.551907,54.22862],[49.551773,54.228695]]]}},{"type":"Feature","properties":{"full_id":"w492710428","osm_id":"492710428","osm_type":"way","natural":"wood","grassland":null,"wetland":null,"water":null,"leisure":null,"religion":null,"name":null,"landuse":null,"description":null,"wood:density":null,"leaf_cycle":null,"leaf_type":null,"type":null,"full_id_2":"r2621608","osm_id_2":"2621608","osm_type_2":"relation","boundary":"administrative","source:url":"http://www.dumadgrad.ru/files/o_gorode/genplan/prilozh/1.rar","old_name":"Мелекес","wikipedia":"ru:Городской округ Димитровград","wikidata":"Q4145659","website":null,"type_2":"boundary","population":null,"official_status":"ru:городской округ","name:tt":null,"name:ru":"городской округ Димитровград","name:ja":"ディミトロフグラード管区","name:en":null,"name_2":"городской округ Димитровград","admin_level":"6","addr:region":null,"addr:country":null},"geometry":{"type":"Polygon","coordinates":[[[49.562454,54.234087],[49.562235,54.233955],[49.562848,54.233606],[49.563005,54.233701],[49.563067,54.233666],[49.563129,54.233703],[49.562454,54.234087]]]}},{"type":"Feature","properties":{"full_id":"w492710429","osm_id":"492710429","osm_type":"way","natural":"wood","grassland":null,"wetland":null,"water":null,"leisure":null,"religion":null,"name":null,"landuse":null,"description":null,"wood:density":null,"leaf_cycle":null,"leaf_type":"mixed","type":null,"full_id_2":"r2621608","osm_id_2":"2621608","osm_type_2":"relation","boundary":"administrative","source:url":"http://www.dumadgrad.ru/files/o_gorode/genplan/prilozh/1.rar","old_name":"Мелекес","wikipedia":"ru:Городской округ Димитровград","wikidata":"Q4145659","website":null,"type_2":"boundary","population":null,"official_status":"ru:городской округ","name:tt":null,"name:ru":"городской округ Димитровград","name:ja":"ディミトロフグラード管区","name:en":null,"name_2":"городской округ Димитровград","admin_level":"6","addr:region":null,"addr:country":null},"geometry":{"type":"Polygon","coordinates":[[[49.558061,54.23588],[49.557524,54.235869],[49.558187,54.235464],[49.558396,54.23547],[49.558452,54.235426],[49.558073,54.235228],[49.55815,54.235183],[49.558683,54.235502],[49.558061,54.23588]]]}},{"type":"Feature","properties":{"full_id":"w492710430","osm_id":"492710430","osm_type":"way","natural":"wood","grassland":null,"wetland":null,"water":null,"leisure":null,"religion":null,"name":null,"landuse":null,"description":null,"wood:density":null,"leaf_cycle":null,"leaf_type":null,"type":null,"full_id_2":"r2621608","osm_id_2":"2621608","osm_type_2":"relation","boundary":"administrative","source:url":"http://www.dumadgrad.ru/files/o_gorode/genplan/prilozh/1.rar","old_name":"Мелекес","wikipedia":"ru:Городской округ Димитровград","wikidata":"Q4145659","website":null,"type_2":"boundary","population":null,"official_status":"ru:городской округ","name:tt":null,"name:ru":"городской округ Димитровград","name:ja":"ディミトロフグラード管区","name:en":null,"name_2":"городской округ Димитровград","admin_level":"6","addr:region":null,"addr:country":null},"geometry":{"type":"Polygon","coordinates":[[[49.556797,54.235864],[49.556686,54.235922],[49.555334,54.235912],[49.554986,54.235714],[49.555044,54.23552],[49.555368,54.235367],[49.555605,54.235374],[49.555827,54.235331],[49.555805,54.235183],[49.555867,54.235163],[49.555968,54.235313],[49.555867,54.235452],[49.556036,54.235597],[49.556458,54.235639],[49.556797,54.235864]]]}},{"type":"Feature","properties":{"full_id":"w492710431","osm_id":"492710431","osm_type":"way","natural":"wood","grassland":null,"wetland":null,"water":null,"leisure":null,"religion":null,"name":null,"landuse":null,"description":null,"wood:density":null,"leaf_cycle":null,"leaf_type":null,"type":null,"full_id_2":"r2621608","osm_id_2":"2621608","osm_type_2":"relation","boundary":"administrative","source:url":"http://www.dumadgrad.ru/files/o_gorode/genplan/prilozh/1.rar","old_name":"Мелекес","wikipedia":"ru:Городской округ Димитровград","wikidata":"Q4145659","website":null,"type_2":"boundary","population":null,"official_status":"ru:городской округ","name:tt":null,"name:ru":"городской округ Димитровград","name:ja":"ディミトロフグラード管区","name:en":null,"name_2":"городской округ Димитровград","admin_level":"6","addr:region":null,"addr:country":null},"geometry":{"type":"Polygon","coordinates":[[[49.557204,54.231684],[49.556631,54.231378],[49.556625,54.231304],[49.556939,54.231133],[49.557013,54.23116],[49.557244,54.231094],[49.557346,54.231122],[49.557349,54.231189],[49.557423,54.231207],[49.557586,54.231313],[49.557746,54.231261],[49.558005,54.231432],[49.557863,54.231504],[49.557583,54.231443],[49.557204,54.231684]]]}},{"type":"Feature","properties":{"full_id":"w493004027","osm_id":"493004027","osm_type":"way","natural":"wood","grassland":null,"wetland":null,"water":null,"leisure":null,"religion":null,"name":null,"landuse":null,"description":null,"wood:density":null,"leaf_cycle":null,"leaf_type":null,"type":null,"full_id_2":"r2621608","osm_id_2":"2621608","osm_type_2":"relation","boundary":"administrative","source:url":"http://www.dumadgrad.ru/files/o_gorode/genplan/prilozh/1.rar","old_name":"Мелекес","wikipedia":"ru:Городской округ Димитровград","wikidata":"Q4145659","website":null,"type_2":"boundary","population":null,"official_status":"ru:городской округ","name:tt":null,"name:ru":"городской округ Димитровград","name:ja":"ディミトロフグラード管区","name:en":null,"name_2":"городской округ Димитровград","admin_level":"6","addr:region":null,"addr:country":null},"geometry":{"type":"Polygon","coordinates":[[[49.555611,54.200464],[49.552624,54.199264],[49.552808,54.198618],[49.552185,54.198436],[49.552524,54.195711],[49.553813,54.193525],[49.554039,54.193533],[49.55434,54.193772],[49.555094,54.194369],[49.555819,54.194943],[49.55612,54.195181],[49.557002,54.195322],[49.5575,54.19504],[49.557749,54.195123],[49.557673,54.195291],[49.557985,54.195563],[49.558379,54.195341],[49.559864,54.195407],[49.560305,54.195714],[49.56061,54.196018],[49.560711,54.196341],[49.560498,54.197499],[49.560498,54.198436],[49.560662,54.198787],[49.56093,54.199085],[49.561142,54.199179],[49.561525,54.199344],[49.561844,54.199568],[49.561248,54.199721],[49.560167,54.199968],[49.558883,54.200365],[49.557736,54.200699],[49.557192,54.201089],[49.556128,54.200662],[49.555611,54.200464]]]}},{"type":"Feature","properties":{"full_id":"w493004028","osm_id":"493004028","osm_type":"way","natural":"wood","grassland":null,"wetland":null,"water":null,"leisure":null,"religion":null,"name":null,"landuse":null,"description":null,"wood:density":null,"leaf_cycle":null,"leaf_type":null,"type":null,"full_id_2":"r2621608","osm_id_2":"2621608","osm_type_2":"relation","boundary":"administrative","source:url":"http://www.dumadgrad.ru/files/o_gorode/genplan/prilozh/1.rar","old_name":"Мелекес","wikipedia":"ru:Городской округ Димитровград","wikidata":"Q4145659","website":null,"type_2":"boundary","population":null,"official_status":"ru:городской округ","name:tt":null,"name:ru":"городской округ Димитровград","name:ja":"ディミトロフグラード管区","name:en":null,"name_2":"городской округ Димитровград","admin_level":"6","addr:region":null,"addr:country":null},"geometry":{"type":"Polygon","coordinates":[[[49.553728,54.200308],[49.551972,54.199633],[49.55227,54.199467],[49.555519,54.200627],[49.555193,54.201012],[49.553728,54.200308]]]}},{"type":"Feature","properties":{"full_id":"w493004029","osm_id":"493004029","osm_type":"way","natural":"wood","grassland":null,"wetland":null,"water":null,"leisure":null,"religion":null,"name":null,"landuse":null,"description":null,"wood:density":null,"leaf_cycle":null,"leaf_type":null,"type":null,"full_id_2":"r2621608","osm_id_2":"2621608","osm_type_2":"relation","boundary":"administrative","source:url":"http://www.dumadgrad.ru/files/o_gorode/genplan/prilozh/1.rar","old_name":"Мелекес","wikipedia":"ru:Городской округ Димитровград","wikidata":"Q4145659","website":null,"type_2":"boundary","population":null,"official_status":"ru:городской округ","name:tt":null,"name:ru":"городской округ Димитровград","name:ja":"ディミトロフグラード管区","name:en":null,"name_2":"городской округ Димитровград","admin_level":"6","addr:region":null,"addr:country":null},"geometry":{"type":"Polygon","coordinates":[[[49.551526,54.19919],[49.551314,54.199409],[49.54512,54.19707],[49.545205,54.196962],[49.544356,54.196656],[49.544229,54.19673],[49.543521,54.196478],[49.543846,54.196333],[49.543924,54.196353],[49.543896,54.196498],[49.544129,54.196585],[49.544434,54.196531],[49.551526,54.19919]]]}},{"type":"Feature","properties":{"full_id":"w493004030","osm_id":"493004030","osm_type":"way","natural":"wood","grassland":null,"wetland":null,"water":null,"leisure":null,"religion":null,"name":null,"landuse":null,"description":null,"wood:density":null,"leaf_cycle":null,"leaf_type":null,"type":null,"full_id_2":"r2621608","osm_id_2":"2621608","osm_type_2":"relation","boundary":"administrative","source:url":"http://www.dumadgrad.ru/files/o_gorode/genplan/prilozh/1.rar","old_name":"Мелекес","wikipedia":"ru:Городской округ Димитровград","wikidata":"Q4145659","website":null,"type_2":"boundary","population":null,"official_status":"ru:городской округ","name:tt":null,"name:ru":"городской округ Димитровград","name:ja":"ディミトロフグラード管区","name:en":null,"name_2":"городской округ Димитровград","admin_level":"6","addr:region":null,"addr:country":null},"geometry":{"type":"Polygon","coordinates":[[[49.556056,54.201753],[49.555402,54.201127],[49.555771,54.200747],[49.55706,54.201193],[49.55678,54.201458],[49.556556,54.201947],[49.556537,54.202345],[49.556449,54.202356],[49.556056,54.201753]]]}},{"type":"Feature","properties":{"full_id":"w493004031","osm_id":"493004031","osm_type":"way","natural":"wood","grassland":null,"wetland":null,"water":null,"leisure":null,"religion":null,"name":null,"landuse":null,"description":null,"wood:density":null,"leaf_cycle":null,"leaf_type":null,"type":null,"full_id_2":"r2621608","osm_id_2":"2621608","osm_type_2":"relation","boundary":"administrative","source:url":"http://www.dumadgrad.ru/files/o_gorode/genplan/prilozh/1.rar","old_name":"Мелекес","wikipedia":"ru:Городской округ Димитровград","wikidata":"Q4145659","website":null,"type_2":"boundary","population":null,"official_status":"ru:городской округ","name:tt":null,"name:ru":"городской округ Димитровград","name:ja":"ディミトロフグラード管区","name:en":null,"name_2":"городской округ Димитровград","admin_level":"6","addr:region":null,"addr:country":null},"geometry":{"type":"Polygon","coordinates":[[[49.563555,54.199127],[49.561976,54.199548],[49.56179,54.199371],[49.561456,54.199172],[49.560987,54.198948],[49.560624,54.198354],[49.560912,54.196249],[49.560732,54.195922],[49.560469,54.1956],[49.560028,54.195319],[49.55988,54.195132],[49.559826,54.195084],[49.559847,54.194927],[49.55966,54.194748],[49.559465,54.194622],[49.559353,54.194546],[49.559172,54.194423],[49.558839,54.194318],[49.558741,54.194165],[49.558646,54.194017],[49.558582,54.193816],[49.558367,54.193596],[49.558367,54.193358],[49.558533,54.193279],[49.558562,54.193154],[49.558935,54.193106],[49.559307,54.193312],[49.559499,54.19337],[49.55977,54.193382],[49.559928,54.193342],[49.559921,54.193255],[49.559995,54.19322],[49.560142,54.193195],[49.56024,54.193242],[49.560251,54.193349],[49.5602,54.193506],[49.560048,54.19361],[49.55899,54.19351],[49.558927,54.193679],[49.558819,54.194066],[49.558912,54.194161],[49.560896,54.195331],[49.561002,54.195346],[49.561937,54.195179],[49.562181,54.195017],[49.561441,54.193871],[49.563368,54.194161],[49.563165,54.194613],[49.563474,54.194765],[49.563677,54.19476],[49.563807,54.194242],[49.563905,54.19428],[49.563978,54.194461],[49.563758,54.195103],[49.564401,54.195455],[49.564726,54.195384],[49.564913,54.194499],[49.564823,54.194308],[49.565474,54.194052],[49.565824,54.194251],[49.564588,54.198052],[49.563555,54.199127]]]}},{"type":"Feature","properties":{"full_id":"w493004032","osm_id":"493004032","osm_type":"way","natural":"wood","grassland":null,"wetland":null,"water":null,"leisure":null,"religion":null,"name":null,"landuse":null,"description":null,"wood:density":null,"leaf_cycle":null,"leaf_type":null,"type":null,"full_id_2":"r2621608","osm_id_2":"2621608","osm_type_2":"relation","boundary":"administrative","source:url":"http://www.dumadgrad.ru/files/o_gorode/genplan/prilozh/1.rar","old_name":"Мелекес","wikipedia":"ru:Городской округ Димитровград","wikidata":"Q4145659","website":null,"type_2":"boundary","population":null,"official_status":"ru:городской округ","name:tt":null,"name:ru":"городской округ Димитровград","name:ja":"ディミトロフグラード管区","name:en":null,"name_2":"городской округ Димитровград","admin_level":"6","addr:region":null,"addr:country":null},"geometry":{"type":"Polygon","coordinates":[[[49.555094,54.194369],[49.55434,54.193772],[49.554392,54.193671],[49.554309,54.193468],[49.554376,54.193388],[49.554503,54.193212],[49.554424,54.193159],[49.554242,54.193049],[49.554233,54.192945],[49.554226,54.192869],[49.554408,54.192726],[49.554619,54.192698],[49.554839,54.192974],[49.555334,54.192943],[49.555351,54.193083],[49.555404,54.193337],[49.555692,54.193594],[49.555462,54.193642],[49.555138,54.193717],[49.555095,54.193791],[49.555331,54.193954],[49.55562,54.194657],[49.555819,54.194943],[49.555094,54.194369]]]}},{"type":"Feature","properties":{"full_id":"w493660307","osm_id":"493660307","osm_type":"way","natural":"wood","grassland":null,"wetland":null,"water":null,"leisure":null,"religion":null,"name":null,"landuse":null,"description":null,"wood:density":null,"leaf_cycle":"deciduous","leaf_type":"broadleaved","type":null,"full_id_2":"r2621608","osm_id_2":"2621608","osm_type_2":"relation","boundary":"administrative","source:url":"http://www.dumadgrad.ru/files/o_gorode/genplan/prilozh/1.rar","old_name":"Мелекес","wikipedia":"ru:Городской округ Димитровград","wikidata":"Q4145659","website":null,"type_2":"boundary","population":null,"official_status":"ru:городской округ","name:tt":null,"name:ru":"городской округ Димитровград","name:ja":"ディミトロフグラード管区","name:en":null,"name_2":"городской округ Димитровград","admin_level":"6","addr:region":null,"addr:country":null},"geometry":{"type":"Polygon","coordinates":[[[49.559813,54.23437],[49.559706,54.234311],[49.5597,54.234269],[49.560167,54.233995],[49.560311,54.234022],[49.560685,54.234241],[49.560535,54.234436],[49.560814,54.234572],[49.561102,54.234434],[49.561179,54.234423],[49.561232,54.234459],[49.56122,54.234486],[49.560673,54.234793],[49.560574,54.234792],[49.560139,54.234553],[49.560242,54.234409],[49.560214,54.234297],[49.560069,54.234284],[49.56,54.234322],[49.560084,54.234411],[49.560051,54.234435],[49.559917,54.234366],[49.559813,54.23437]]]}},{"type":"Feature","properties":{"full_id":"w493660308","osm_id":"493660308","osm_type":"way","natural":"wood","grassland":null,"wetland":null,"water":null,"leisure":null,"religion":null,"name":null,"landuse":null,"description":null,"wood:density":null,"leaf_cycle":"semi_evergreen","leaf_type":"broadleaved","type":null,"full_id_2":"r2621608","osm_id_2":"2621608","osm_type_2":"relation","boundary":"administrative","source:url":"http://www.dumadgrad.ru/files/o_gorode/genplan/prilozh/1.rar","old_name":"Мелекес","wikipedia":"ru:Городской округ Димитровград","wikidata":"Q4145659","website":null,"type_2":"boundary","population":null,"official_status":"ru:городской округ","name:tt":null,"name:ru":"городской округ Димитровград","name:ja":"ディミトロフグラード管区","name:en":null,"name_2":"городской округ Димитровград","admin_level":"6","addr:region":null,"addr:country":null},"geometry":{"type":"Polygon","coordinates":[[[49.558962,54.233906],[49.558315,54.233549],[49.558336,54.233533],[49.558508,54.233552],[49.558622,54.233362],[49.558771,54.233328],[49.558768,54.233279],[49.558665,54.233262],[49.558742,54.233208],[49.558817,54.233192],[49.558956,54.233107],[49.558974,54.233145],[49.558911,54.233226],[49.558947,54.233285],[49.558907,54.233352],[49.558795,54.233381],[49.558706,54.233497],[49.558884,54.233583],[49.559273,54.233586],[49.559529,54.233599],[49.559673,54.233527],[49.559856,54.233529],[49.559919,54.233646],[49.559756,54.233664],[49.559443,54.233846],[49.559462,54.233916],[49.559346,54.233954],[49.559139,54.233874],[49.5591,54.233742],[49.55897,54.233715],[49.558903,54.233795],[49.55901,54.233872],[49.558962,54.233906]]]}},{"type":"Feature","properties":{"full_id":"w494178957","osm_id":"494178957","osm_type":"way","natural":"wood","grassland":null,"wetland":null,"water":null,"leisure":null,"religion":null,"name":null,"landuse":null,"description":null,"wood:density":null,"leaf_cycle":"mixed","leaf_type":null,"type":null,"full_id_2":"r2621608","osm_id_2":"2621608","osm_type_2":"relation","boundary":"administrative","source:url":"http://www.dumadgrad.ru/files/o_gorode/genplan/prilozh/1.rar","old_name":"Мелекес","wikipedia":"ru:Городской округ Димитровград","wikidata":"Q4145659","website":null,"type_2":"boundary","population":null,"official_status":"ru:городской округ","name:tt":null,"name:ru":"городской округ Димитровград","name:ja":"ディミトロフグラード管区","name:en":null,"name_2":"городской округ Димитровград","admin_level":"6","addr:region":null,"addr:country":null},"geometry":{"type":"Polygon","coordinates":[[[49.623315,54.223635],[49.623096,54.22358],[49.623794,54.222701],[49.624031,54.222761],[49.623315,54.223635]]]}},{"type":"Feature","properties":{"full_id":"w494322015","osm_id":"494322015","osm_type":"way","natural":"wood","grassland":null,"wetland":null,"water":null,"leisure":null,"religion":null,"name":null,"landuse":null,"description":null,"wood:density":null,"leaf_cycle":"deciduous","leaf_type":null,"type":null,"full_id_2":"r2621608","osm_id_2":"2621608","osm_type_2":"relation","boundary":"administrative","source:url":"http://www.dumadgrad.ru/files/o_gorode/genplan/prilozh/1.rar","old_name":"Мелекес","wikipedia":"ru:Городской округ Димитровград","wikidata":"Q4145659","website":null,"type_2":"boundary","population":null,"official_status":"ru:городской округ","name:tt":null,"name:ru":"городской округ Димитровград","name:ja":"ディミトロフグラード管区","name:en":null,"name_2":"городской округ Димитровград","admin_level":"6","addr:region":null,"addr:country":null},"geometry":{"type":"Polygon","coordinates":[[[49.622292,54.225414],[49.621385,54.225684],[49.622973,54.223671],[49.623504,54.223796],[49.622979,54.22453],[49.622292,54.225414]]]}},{"type":"Feature","properties":{"full_id":"w588577935","osm_id":"588577935","osm_type":"way","natural":"wood","grassland":null,"wetland":null,"water":null,"leisure":null,"religion":null,"name":null,"landuse":null,"description":null,"wood:density":null,"leaf_cycle":null,"leaf_type":null,"type":null,"full_id_2":"r2621608","osm_id_2":"2621608","osm_type_2":"relation","boundary":"administrative","source:url":"http://www.dumadgrad.ru/files/o_gorode/genplan/prilozh/1.rar","old_name":"Мелекес","wikipedia":"ru:Городской округ Димитровград","wikidata":"Q4145659","website":null,"type_2":"boundary","population":null,"official_status":"ru:городской округ","name:tt":null,"name:ru":"городской округ Димитровград","name:ja":"ディミトロフグラード管区","name:en":null,"name_2":"городской округ Димитровград","admin_level":"6","addr:region":null,"addr:country":null},"geometry":{"type":"Polygon","coordinates":[[[49.554281,54.218633],[49.554195,54.218657],[49.554144,54.218588],[49.554058,54.218356],[49.554061,54.21829],[49.554136,54.218243],[49.55419,54.218246],[49.554319,54.218321],[49.55438,54.218379],[49.554407,54.218453],[49.554388,54.218521],[49.554302,54.218566],[49.554281,54.218633]]]}},{"type":"Feature","properties":{"full_id":"w588577936","osm_id":"588577936","osm_type":"way","natural":"wood","grassland":null,"wetland":null,"water":null,"leisure":null,"religion":null,"name":null,"landuse":null,"description":null,"wood:density":null,"leaf_cycle":null,"leaf_type":null,"type":null,"full_id_2":"r2621608","osm_id_2":"2621608","osm_type_2":"relation","boundary":"administrative","source:url":"http://www.dumadgrad.ru/files/o_gorode/genplan/prilozh/1.rar","old_name":"Мелекес","wikipedia":"ru:Городской округ Димитровград","wikidata":"Q4145659","website":null,"type_2":"boundary","population":null,"official_status":"ru:городской округ","name:tt":null,"name:ru":"городской округ Димитровград","name:ja":"ディミトロフグラード管区","name:en":null,"name_2":"городской округ Димитровград","admin_level":"6","addr:region":null,"addr:country":null},"geometry":{"type":"Polygon","coordinates":[[[49.55386,54.21887],[49.55379,54.218872],[49.553621,54.218767],[49.553412,54.218608],[49.553071,54.218445],[49.553044,54.218417],[49.553026,54.218348],[49.553082,54.21829],[49.553256,54.218204],[49.55335,54.218176],[49.553458,54.218158],[49.553511,54.218173],[49.553841,54.218406],[49.553873,54.218472],[49.553884,54.218809],[49.55386,54.21887]]]}},{"type":"Feature","properties":{"full_id":"w591961618","osm_id":"591961618","osm_type":"way","natural":"wood","grassland":null,"wetland":null,"water":null,"leisure":null,"religion":null,"name":null,"landuse":null,"description":null,"wood:density":null,"leaf_cycle":null,"leaf_type":null,"type":null,"full_id_2":"r2621608","osm_id_2":"2621608","osm_type_2":"relation","boundary":"administrative","source:url":"http://www.dumadgrad.ru/files/o_gorode/genplan/prilozh/1.rar","old_name":"Мелекес","wikipedia":"ru:Городской округ Димитровград","wikidata":"Q4145659","website":null,"type_2":"boundary","population":null,"official_status":"ru:городской округ","name:tt":null,"name:ru":"городской округ Димитровград","name:ja":"ディミトロフグラード管区","name:en":null,"name_2":"городской округ Димитровград","admin_level":"6","addr:region":null,"addr:country":null},"geometry":{"type":"Polygon","coordinates":[[[49.523277,54.215276],[49.512044,54.216929],[49.511883,54.215944],[49.512172,54.215674],[49.519758,54.213597],[49.520047,54.214005],[49.520927,54.214633],[49.523266,54.214526],[49.523323,54.215247],[49.523277,54.215276]]]}},{"type":"Feature","properties":{"full_id":"w591961620","osm_id":"591961620","osm_type":"way","natural":"wood","grassland":null,"wetland":null,"water":null,"leisure":null,"religion":null,"name":null,"landuse":null,"description":null,"wood:density":null,"leaf_cycle":null,"leaf_type":null,"type":null,"full_id_2":"r2621608","osm_id_2":"2621608","osm_type_2":"relation","boundary":"administrative","source:url":"http://www.dumadgrad.ru/files/o_gorode/genplan/prilozh/1.rar","old_name":"Мелекес","wikipedia":"ru:Городской округ Димитровград","wikidata":"Q4145659","website":null,"type_2":"boundary","population":null,"official_status":"ru:городской округ","name:tt":null,"name:ru":"городской округ Димитровград","name:ja":"ディミトロフグラード管区","name:en":null,"name_2":"городской округ Димитровград","admin_level":"6","addr:region":null,"addr:country":null},"geometry":{"type":"Polygon","coordinates":[[[49.52351,54.215238],[49.523459,54.215235],[49.523373,54.213854],[49.52553,54.213735],[49.525272,54.212832],[49.525884,54.212625],[49.525712,54.212317],[49.524597,54.212412],[49.524006,54.212474],[49.523888,54.212399],[49.527171,54.211527],[49.527483,54.21147],[49.527837,54.211458],[49.528223,54.211533],[49.533673,54.213635],[49.533727,54.213704],[49.533609,54.21376],[49.52351,54.215238]]]}},{"type":"Feature","properties":{"full_id":"w715038116","osm_id":"715038116","osm_type":"way","natural":"wood","grassland":null,"wetland":null,"water":null,"leisure":null,"religion":null,"name":null,"landuse":null,"description":null,"wood:density":null,"leaf_cycle":null,"leaf_type":"broadleaved","type":null,"full_id_2":"r2621608","osm_id_2":"2621608","osm_type_2":"relation","boundary":"administrative","source:url":"http://www.dumadgrad.ru/files/o_gorode/genplan/prilozh/1.rar","old_name":"Мелекес","wikipedia":"ru:Городской округ Димитровград","wikidata":"Q4145659","website":null,"type_2":"boundary","population":null,"official_status":"ru:городской округ","name:tt":null,"name:ru":"городской округ Димитровград","name:ja":"ディミトロフグラード管区","name:en":null,"name_2":"городской округ Димитровград","admin_level":"6","addr:region":null,"addr:country":null},"geometry":{"type":"Polygon","coordinates":[[[49.562786,54.237987],[49.563173,54.238206],[49.562841,54.238407],[49.562791,54.238379],[49.562396,54.238618],[49.562459,54.238654],[49.562103,54.23887],[49.562304,54.238983],[49.56191,54.239222],[49.561533,54.239009],[49.561613,54.23896],[49.561483,54.238887],[49.561717,54.238746],[49.561814,54.238801],[49.562036,54.238666],[49.561939,54.238612],[49.561951,54.238492],[49.562786,54.237987]]]}},{"type":"Feature","properties":{"full_id":"w822533337","osm_id":"822533337","osm_type":"way","natural":"wood","grassland":null,"wetland":null,"water":null,"leisure":null,"religion":null,"name":null,"landuse":null,"description":null,"wood:density":null,"leaf_cycle":"deciduous","leaf_type":"broadleaved","type":null,"full_id_2":"r2621608","osm_id_2":"2621608","osm_type_2":"relation","boundary":"administrative","source:url":"http://www.dumadgrad.ru/files/o_gorode/genplan/prilozh/1.rar","old_name":"Мелекес","wikipedia":"ru:Городской округ Димитровград","wikidata":"Q4145659","website":null,"type_2":"boundary","population":null,"official_status":"ru:городской округ","name:tt":null,"name:ru":"городской округ Димитровград","name:ja":"ディミトロフグラード管区","name:en":null,"name_2":"городской округ Димитровград","admin_level":"6","addr:region":null,"addr:country":null},"geometry":{"type":"Polygon","coordinates":[[[49.560499,54.236228],[49.560256,54.236089],[49.560369,54.235988],[49.560501,54.235978],[49.560564,54.236191],[49.560499,54.236228]]]}},{"type":"Feature","properties":{"full_id":"w822533338","osm_id":"822533338","osm_type":"way","natural":"wood","grassland":null,"wetland":null,"water":null,"leisure":null,"religion":null,"name":null,"landuse":null,"description":null,"wood:density":null,"leaf_cycle":"deciduous","leaf_type":"broadleaved","type":null,"full_id_2":"r2621608","osm_id_2":"2621608","osm_type_2":"relation","boundary":"administrative","source:url":"http://www.dumadgrad.ru/files/o_gorode/genplan/prilozh/1.rar","old_name":"Мелекес","wikipedia":"ru:Городской округ Димитровград","wikidata":"Q4145659","website":null,"type_2":"boundary","population":null,"official_status":"ru:городской округ","name:tt":null,"name:ru":"городской округ Димитровград","name:ja":"ディミトロフグラード管区","name:en":null,"name_2":"городской округ Димитровград","admin_level":"6","addr:region":null,"addr:country":null},"geometry":{"type":"Polygon","coordinates":[[[49.560664,54.236148],[49.560627,54.236146],[49.560607,54.236081],[49.560575,54.23598],[49.560621,54.235973],[49.56078,54.236055],[49.560776,54.236082],[49.560664,54.236148]]]}},{"type":"Feature","properties":{"full_id":"w877731772","osm_id":"877731772","osm_type":"way","natural":"wood","grassland":null,"wetland":null,"water":null,"leisure":null,"religion":null,"name":null,"landuse":null,"description":null,"wood:density":null,"leaf_cycle":null,"leaf_type":null,"type":null,"full_id_2":"r2621608","osm_id_2":"2621608","osm_type_2":"relation","boundary":"administrative","source:url":"http://www.dumadgrad.ru/files/o_gorode/genplan/prilozh/1.rar","old_name":"Мелекес","wikipedia":"ru:Городской округ Димитровград","wikidata":"Q4145659","website":null,"type_2":"boundary","population":null,"official_status":"ru:городской округ","name:tt":null,"name:ru":"городской округ Димитровград","name:ja":"ディミトロフグラード管区","name:en":null,"name_2":"городской округ Димитровград","admin_level":"6","addr:region":null,"addr:country":null},"geometry":{"type":"Polygon","coordinates":[[[49.556075,54.216872],[49.555924,54.216906],[49.555833,54.216856],[49.558365,54.215338],[49.558601,54.215307],[49.559116,54.215385],[49.559706,54.215699],[49.559712,54.215774],[49.558065,54.216715],[49.557603,54.216963],[49.557357,54.21701],[49.557131,54.217145],[49.557029,54.217154],[49.556976,54.217132],[49.556997,54.217082],[49.557142,54.217019],[49.557303,54.216982],[49.557324,54.216894],[49.558204,54.216461],[49.558397,54.216194],[49.558794,54.215899],[49.558665,54.215818],[49.558108,54.216194],[49.557641,54.216201],[49.556981,54.216464],[49.556391,54.216753],[49.556155,54.216762],[49.556075,54.216872]]]}},{"type":"Feature","properties":{"full_id":"w877731773","osm_id":"877731773","osm_type":"way","natural":"wood","grassland":null,"wetland":null,"water":null,"leisure":null,"religion":null,"name":null,"landuse":null,"description":null,"wood:density":null,"leaf_cycle":null,"leaf_type":null,"type":null,"full_id_2":"r2621608","osm_id_2":"2621608","osm_type_2":"relation","boundary":"administrative","source:url":"http://www.dumadgrad.ru/files/o_gorode/genplan/prilozh/1.rar","old_name":"Мелекес","wikipedia":"ru:Городской округ Димитровград","wikidata":"Q4145659","website":null,"type_2":"boundary","population":null,"official_status":"ru:городской округ","name:tt":null,"name:ru":"городской округ Димитровград","name:ja":"ディミトロフグラード管区","name:en":null,"name_2":"городской округ Димитровград","admin_level":"6","addr:region":null,"addr:country":null},"geometry":{"type":"Polygon","coordinates":[[[49.554624,54.218569],[49.554424,54.218349],[49.55436,54.218291],[49.555307,54.218089],[49.555694,54.217759],[49.556294,54.217603],[49.556785,54.217365],[49.556953,54.217348],[49.556999,54.217356],[49.557141,54.217388],[49.557251,54.217451],[49.557288,54.217543],[49.557239,54.217625],[49.557139,54.217707],[49.556986,54.217863],[49.556787,54.21832],[49.556723,54.218616],[49.556766,54.218743],[49.556783,54.218804],[49.556079,54.219159],[49.55561,54.218921],[49.555321,54.218947],[49.554964,54.218981],[49.554899,54.218938],[49.554878,54.218855],[49.554945,54.2188],[49.554768,54.218673],[49.554624,54.218569]]]}},{"type":"Feature","properties":{"full_id":"w877731774","osm_id":"877731774","osm_type":"way","natural":"wood","grassland":null,"wetland":null,"water":null,"leisure":null,"religion":null,"name":null,"landuse":null,"description":null,"wood:density":null,"leaf_cycle":null,"leaf_type":null,"type":null,"full_id_2":"r2621608","osm_id_2":"2621608","osm_type_2":"relation","boundary":"administrative","source:url":"http://www.dumadgrad.ru/files/o_gorode/genplan/prilozh/1.rar","old_name":"Мелекес","wikipedia":"ru:Городской округ Димитровград","wikidata":"Q4145659","website":null,"type_2":"boundary","population":null,"official_status":"ru:городской округ","name:tt":null,"name:ru":"городской округ Димитровград","name:ja":"ディミトロフグラード管区","name:en":null,"name_2":"городской округ Димитровград","admin_level":"6","addr:region":null,"addr:country":null},"geometry":{"type":"Polygon","coordinates":[[[49.554251,54.219074],[49.554122,54.219002],[49.55417,54.21897],[49.554589,54.219096],[49.554973,54.219158],[49.554983,54.219228],[49.555205,54.219221],[49.555286,54.219306],[49.554986,54.219494],[49.554578,54.219271],[49.554572,54.219221],[49.554326,54.219074],[49.554251,54.219074]]]}},{"type":"Feature","properties":{"full_id":"w894226175","osm_id":"894226175","osm_type":"way","natural":"wood","grassland":null,"wetland":null,"water":null,"leisure":null,"religion":null,"name":null,"landuse":null,"description":null,"wood:density":null,"leaf_cycle":null,"leaf_type":null,"type":null,"full_id_2":"r2621608","osm_id_2":"2621608","osm_type_2":"relation","boundary":"administrative","source:url":"http://www.dumadgrad.ru/files/o_gorode/genplan/prilozh/1.rar","old_name":"Мелекес","wikipedia":"ru:Городской округ Димитровград","wikidata":"Q4145659","website":null,"type_2":"boundary","population":null,"official_status":"ru:городской округ","name:tt":null,"name:ru":"городской округ Димитровград","name:ja":"ディミトロフグラード管区","name:en":null,"name_2":"городской округ Димитровград","admin_level":"6","addr:region":null,"addr:country":null},"geometry":{"type":"Polygon","coordinates":[[[49.533749,54.22731],[49.533534,54.227194],[49.533309,54.227046],[49.533459,54.226955],[49.53362,54.226789],[49.533872,54.227078],[49.533872,54.227269],[49.533856,54.227332],[49.533749,54.22731]]]}},{"type":"Feature","properties":{"full_id":"w894226176","osm_id":"894226176","osm_type":"way","natural":"wood","grassland":null,"wetland":null,"water":null,"leisure":null,"religion":null,"name":null,"landuse":null,"description":null,"wood:density":null,"leaf_cycle":null,"leaf_type":null,"type":null,"full_id_2":"r2621608","osm_id_2":"2621608","osm_type_2":"relation","boundary":"administrative","source:url":"http://www.dumadgrad.ru/files/o_gorode/genplan/prilozh/1.rar","old_name":"Мелекес","wikipedia":"ru:Городской округ Димитровград","wikidata":"Q4145659","website":null,"type_2":"boundary","population":null,"official_status":"ru:городской округ","name:tt":null,"name:ru":"городской округ Димитровград","name:ja":"ディミトロフグラード管区","name:en":null,"name_2":"городской округ Димитровград","admin_level":"6","addr:region":null,"addr:country":null},"geometry":{"type":"Polygon","coordinates":[[[49.532998,54.226943],[49.532831,54.226946],[49.532461,54.226601],[49.532434,54.226535],[49.532461,54.226473],[49.532649,54.226407],[49.532863,54.226422],[49.533051,54.226498],[49.53326,54.226733],[49.532998,54.226943]]]}},{"type":"Feature","properties":{"full_id":"w894226177","osm_id":"894226177","osm_type":"way","natural":"wood","grassland":null,"wetland":null,"water":null,"leisure":null,"religion":null,"name":null,"landuse":null,"description":null,"wood:density":null,"leaf_cycle":null,"leaf_type":null,"type":null,"full_id_2":"r2621608","osm_id_2":"2621608","osm_type_2":"relation","boundary":"administrative","source:url":"http://www.dumadgrad.ru/files/o_gorode/genplan/prilozh/1.rar","old_name":"Мелекес","wikipedia":"ru:Городской округ Димитровград","wikidata":"Q4145659","website":null,"type_2":"boundary","population":null,"official_status":"ru:городской округ","name:tt":null,"name:ru":"городской округ Димитровград","name:ja":"ディミトロフグラード管区","name:en":null,"name_2":"городской округ Димитровград","admin_level":"6","addr:region":null,"addr:country":null},"geometry":{"type":"Polygon","coordinates":[[[49.531614,54.227203],[49.5312,54.226905],[49.531227,54.226777],[49.531399,54.226695],[49.531608,54.226676],[49.531962,54.226777],[49.532236,54.226943],[49.53281,54.227184],[49.533255,54.227278],[49.533668,54.227395],[49.533679,54.227467],[49.533153,54.227749],[49.53304,54.227765],[49.532724,54.227696],[49.532016,54.227442],[49.531614,54.227203]]]}},{"type":"Feature","properties":{"full_id":"w894226178","osm_id":"894226178","osm_type":"way","natural":"wood","grassland":null,"wetland":null,"water":null,"leisure":null,"religion":null,"name":null,"landuse":null,"description":null,"wood:density":null,"leaf_cycle":null,"leaf_type":null,"type":null,"full_id_2":"r2621608","osm_id_2":"2621608","osm_type_2":"relation","boundary":"administrative","source:url":"http://www.dumadgrad.ru/files/o_gorode/genplan/prilozh/1.rar","old_name":"Мелекес","wikipedia":"ru:Городской округ Димитровград","wikidata":"Q4145659","website":null,"type_2":"boundary","population":null,"official_status":"ru:городской округ","name:tt":null,"name:ru":"городской округ Димитровград","name:ja":"ディミトロフグラード管区","name:en":null,"name_2":"городской округ Димитровград","admin_level":"6","addr:region":null,"addr:country":null},"geometry":{"type":"Polygon","coordinates":[[[49.528341,54.225497],[49.528137,54.225334],[49.52773,54.224977],[49.527193,54.224719],[49.527376,54.22465],[49.529854,54.224613],[49.531399,54.224469],[49.53141,54.224594],[49.531099,54.225014],[49.531056,54.225177],[49.531056,54.225441],[49.53127,54.22598],[49.531281,54.226382],[49.531195,54.226501],[49.531013,54.226576],[49.530777,54.226545],[49.530165,54.226281],[49.529554,54.225874],[49.528341,54.225497]]]}},{"type":"Feature","properties":{"full_id":"w894226187","osm_id":"894226187","osm_type":"way","natural":"wood","grassland":null,"wetland":null,"water":null,"leisure":null,"religion":null,"name":null,"landuse":null,"description":null,"wood:density":null,"leaf_cycle":null,"leaf_type":null,"type":null,"full_id_2":"r2621608","osm_id_2":"2621608","osm_type_2":"relation","boundary":"administrative","source:url":"http://www.dumadgrad.ru/files/o_gorode/genplan/prilozh/1.rar","old_name":"Мелекес","wikipedia":"ru:Городской округ Димитровград","wikidata":"Q4145659","website":null,"type_2":"boundary","population":null,"official_status":"ru:городской округ","name:tt":null,"name:ru":"городской округ Димитровград","name:ja":"ディミトロフグラード管区","name:en":null,"name_2":"городской округ Димитровград","admin_level":"6","addr:region":null,"addr:country":null},"geometry":{"type":"Polygon","coordinates":[[[49.543404,54.228179],[49.542513,54.228722],[49.542477,54.228655],[49.542705,54.228529],[49.542612,54.228468],[49.543087,54.22819],[49.542723,54.227967],[49.543007,54.227794],[49.543237,54.227819],[49.543251,54.227843],[49.543404,54.228179]]]}},{"type":"Feature","properties":{"full_id":"w894226194","osm_id":"894226194","osm_type":"way","natural":"wood","grassland":null,"wetland":null,"water":null,"leisure":null,"religion":null,"name":null,"landuse":null,"description":null,"wood:density":null,"leaf_cycle":null,"leaf_type":null,"type":null,"full_id_2":"r2621608","osm_id_2":"2621608","osm_type_2":"relation","boundary":"administrative","source:url":"http://www.dumadgrad.ru/files/o_gorode/genplan/prilozh/1.rar","old_name":"Мелекес","wikipedia":"ru:Городской округ Димитровград","wikidata":"Q4145659","website":null,"type_2":"boundary","population":null,"official_status":"ru:городской округ","name:tt":null,"name:ru":"городской округ Димитровград","name:ja":"ディミトロフグラード管区","name:en":null,"name_2":"городской округ Димитровград","admin_level":"6","addr:region":null,"addr:country":null},"geometry":{"type":"Polygon","coordinates":[[[49.532531,54.224004],[49.530176,54.224136],[49.53024,54.223967],[49.531034,54.223547],[49.531882,54.223634],[49.532531,54.224004]]]}},{"type":"Feature","properties":{"full_id":"w894226197","osm_id":"894226197","osm_type":"way","natural":"wood","grassland":null,"wetland":null,"water":null,"leisure":null,"religion":null,"name":null,"landuse":null,"description":null,"wood:density":null,"leaf_cycle":null,"leaf_type":null,"type":null,"full_id_2":"r2621608","osm_id_2":"2621608","osm_type_2":"relation","boundary":"administrative","source:url":"http://www.dumadgrad.ru/files/o_gorode/genplan/prilozh/1.rar","old_name":"Мелекес","wikipedia":"ru:Городской округ Димитровград","wikidata":"Q4145659","website":null,"type_2":"boundary","population":null,"official_status":"ru:городской округ","name:tt":null,"name:ru":"городской округ Димитровград","name:ja":"ディミトロフグラード管区","name:en":null,"name_2":"городской округ Димитровград","admin_level":"6","addr:region":null,"addr:country":null},"geometry":{"type":"Polygon","coordinates":[[[49.539944,54.219699],[49.539945,54.219729],[49.539952,54.219771],[49.539923,54.219822],[49.539941,54.219882],[49.539944,54.219917],[49.539617,54.220223],[49.539574,54.220576],[49.539392,54.220609],[49.539441,54.22105],[49.539533,54.221893],[49.539249,54.222299],[49.539755,54.22265],[49.539656,54.222755],[49.539444,54.222908],[49.539286,54.223002],[49.538695,54.223022],[49.538476,54.222937],[49.538478,54.222662],[49.538322,54.222544],[49.537934,54.22264],[49.537857,54.222977],[49.537315,54.2233],[49.537212,54.223713],[49.533679,54.2239],[49.533561,54.22385],[49.533568,54.223707],[49.533711,54.223525],[49.534108,54.223271],[49.538078,54.220818],[49.539824,54.219738],[49.539944,54.219699]]]}},{"type":"Feature","properties":{"full_id":"w894226198","osm_id":"894226198","osm_type":"way","natural":"wood","grassland":null,"wetland":null,"water":null,"leisure":null,"religion":null,"name":null,"landuse":null,"description":null,"wood:density":null,"leaf_cycle":null,"leaf_type":null,"type":null,"full_id_2":"r2621608","osm_id_2":"2621608","osm_type_2":"relation","boundary":"administrative","source:url":"http://www.dumadgrad.ru/files/o_gorode/genplan/prilozh/1.rar","old_name":"Мелекес","wikipedia":"ru:Городской округ Димитровград","wikidata":"Q4145659","website":null,"type_2":"boundary","population":null,"official_status":"ru:городской округ","name:tt":null,"name:ru":"городской округ Димитровград","name:ja":"ディミトロフグラード管区","name:en":null,"name_2":"городской округ Димитровград","admin_level":"6","addr:region":null,"addr:country":null},"geometry":{"type":"Polygon","coordinates":[[[49.535809,54.224271],[49.535932,54.223979],[49.540871,54.223727],[49.541056,54.223715],[49.540897,54.223795],[49.54022,54.22422],[49.539766,54.224456],[49.539498,54.224592],[49.538562,54.224743],[49.537912,54.224804],[49.537703,54.224685],[49.537281,54.224406],[49.536781,54.22422],[49.536622,54.22418],[49.536268,54.224361],[49.536113,54.224494],[49.536159,54.224624],[49.53583,54.224582],[49.535809,54.224271]]]}},{"type":"Feature","properties":{"full_id":"w894226199","osm_id":"894226199","osm_type":"way","natural":"wood","grassland":null,"wetland":null,"water":null,"leisure":null,"religion":null,"name":null,"landuse":null,"description":null,"wood:density":null,"leaf_cycle":null,"leaf_type":null,"type":null,"full_id_2":"r2621608","osm_id_2":"2621608","osm_type_2":"relation","boundary":"administrative","source:url":"http://www.dumadgrad.ru/files/o_gorode/genplan/prilozh/1.rar","old_name":"Мелекес","wikipedia":"ru:Городской округ Димитровград","wikidata":"Q4145659","website":null,"type_2":"boundary","population":null,"official_status":"ru:городской округ","name:tt":null,"name:ru":"городской округ Димитровград","name:ja":"ディミトロフグラード管区","name:en":null,"name_2":"городской округ Димитровград","admin_level":"6","addr:region":null,"addr:country":null},"geometry":{"type":"Polygon","coordinates":[[[49.539601,54.225304],[49.539379,54.225239],[49.53983,54.224751],[49.54025,54.224915],[49.539601,54.225304]]]}},{"type":"Feature","properties":{"full_id":"w894226200","osm_id":"894226200","osm_type":"way","natural":"wood","grassland":null,"wetland":null,"water":null,"leisure":null,"religion":null,"name":null,"landuse":null,"description":null,"wood:density":null,"leaf_cycle":null,"leaf_type":null,"type":null,"full_id_2":"r2621608","osm_id_2":"2621608","osm_type_2":"relation","boundary":"administrative","source:url":"http://www.dumadgrad.ru/files/o_gorode/genplan/prilozh/1.rar","old_name":"Мелекес","wikipedia":"ru:Городской округ Димитровград","wikidata":"Q4145659","website":null,"type_2":"boundary","population":null,"official_status":"ru:городской округ","name:tt":null,"name:ru":"городской округ Димитровград","name:ja":"ディミトロフグラード管区","name:en":null,"name_2":"городской округ Димитровград","admin_level":"6","addr:region":null,"addr:country":null},"geometry":{"type":"Polygon","coordinates":[[[49.539284,54.224822],[49.539355,54.224892],[49.538971,54.225253],[49.538662,54.225126],[49.538553,54.22507],[49.538521,54.224966],[49.539284,54.224822]]]}},{"type":"Feature","properties":{"full_id":"w894226201","osm_id":"894226201","osm_type":"way","natural":"wood","grassland":null,"wetland":null,"water":null,"leisure":null,"religion":null,"name":null,"landuse":null,"description":null,"wood:density":null,"leaf_cycle":null,"leaf_type":null,"type":null,"full_id_2":"r2621608","osm_id_2":"2621608","osm_type_2":"relation","boundary":"administrative","source:url":"http://www.dumadgrad.ru/files/o_gorode/genplan/prilozh/1.rar","old_name":"Мелекес","wikipedia":"ru:Городской округ Димитровград","wikidata":"Q4145659","website":null,"type_2":"boundary","population":null,"official_status":"ru:городской округ","name:tt":null,"name:ru":"городской округ Димитровград","name:ja":"ディミトロフグラード管区","name:en":null,"name_2":"городской округ Димитровград","admin_level":"6","addr:region":null,"addr:country":null},"geometry":{"type":"Polygon","coordinates":[[[49.538462,54.225585],[49.538496,54.225681],[49.538153,54.225885],[49.537697,54.225905],[49.537484,54.226027],[49.53682,54.226212],[49.536172,54.226006],[49.536171,54.22585],[49.536113,54.225627],[49.536011,54.22548],[49.536051,54.225334],[49.536463,54.225102],[49.536845,54.225012],[49.537335,54.225237],[49.537394,54.225352],[49.537481,54.225532],[49.53774,54.225625],[49.537949,54.225731],[49.538112,54.225707],[49.538321,54.225591],[49.538462,54.225585]]]}},{"type":"Feature","properties":{"full_id":"w951133191","osm_id":"951133191","osm_type":"way","natural":"wood","grassland":null,"wetland":null,"water":null,"leisure":null,"religion":null,"name":null,"landuse":null,"description":null,"wood:density":null,"leaf_cycle":null,"leaf_type":null,"type":null,"full_id_2":"r2621608","osm_id_2":"2621608","osm_type_2":"relation","boundary":"administrative","source:url":"http://www.dumadgrad.ru/files/o_gorode/genplan/prilozh/1.rar","old_name":"Мелекес","wikipedia":"ru:Городской округ Димитровград","wikidata":"Q4145659","website":null,"type_2":"boundary","population":null,"official_status":"ru:городской округ","name:tt":null,"name:ru":"городской округ Димитровград","name:ja":"ディミトロフグラード管区","name:en":null,"name_2":"городской округ Димитровград","admin_level":"6","addr:region":null,"addr:country":null},"geometry":{"type":"Polygon","coordinates":[[[49.574581,54.199347],[49.574508,54.199184],[49.574851,54.198694],[49.575812,54.197863],[49.575897,54.197844],[49.576103,54.197908],[49.57615,54.197922],[49.576428,54.19839],[49.576386,54.198061],[49.576793,54.198164],[49.577051,54.198409],[49.577056,54.199149],[49.576949,54.199263],[49.576627,54.199454],[49.576611,54.199535],[49.576718,54.199573],[49.576691,54.199623],[49.57603,54.199547],[49.575795,54.19952],[49.574664,54.199633],[49.574535,54.199598],[49.574581,54.199347]]]}},{"type":"Feature","properties":{"full_id":"w951133192","osm_id":"951133192","osm_type":"way","natural":"wood","grassland":null,"wetland":null,"water":null,"leisure":null,"religion":null,"name":null,"landuse":null,"description":null,"wood:density":null,"leaf_cycle":null,"leaf_type":null,"type":null,"full_id_2":"r2621608","osm_id_2":"2621608","osm_type_2":"relation","boundary":"administrative","source:url":"http://www.dumadgrad.ru/files/o_gorode/genplan/prilozh/1.rar","old_name":"Мелекес","wikipedia":"ru:Городской округ Димитровград","wikidata":"Q4145659","website":null,"type_2":"boundary","population":null,"official_status":"ru:городской округ","name:tt":null,"name:ru":"городской округ Димитровград","name:ja":"ディミトロフグラード管区","name:en":null,"name_2":"городской округ Димитровград","admin_level":"6","addr:region":null,"addr:country":null},"geometry":{"type":"Polygon","coordinates":[[[49.571246,54.201583],[49.569187,54.203307],[49.568183,54.203593],[49.568221,54.203646],[49.56924,54.204026],[49.569685,54.20396],[49.570029,54.203643],[49.570571,54.203837],[49.569927,54.204487],[49.569836,54.204531],[49.569728,54.204521],[49.567314,54.203699],[49.567261,54.203605],[49.567432,54.203414],[49.57336,54.19802],[49.573644,54.197957],[49.575404,54.197932],[49.575506,54.197976],[49.575489,54.19803],[49.571989,54.200961],[49.572112,54.201071],[49.571398,54.201639],[49.571246,54.201583]]]}},{"type":"Feature","properties":{"full_id":"w951133193","osm_id":"951133193","osm_type":"way","natural":"wood","grassland":null,"wetland":null,"water":null,"leisure":null,"religion":null,"name":null,"landuse":null,"description":null,"wood:density":null,"leaf_cycle":null,"leaf_type":null,"type":null,"full_id_2":"r2621608","osm_id_2":"2621608","osm_type_2":"relation","boundary":"administrative","source:url":"http://www.dumadgrad.ru/files/o_gorode/genplan/prilozh/1.rar","old_name":"Мелекес","wikipedia":"ru:Городской округ Димитровград","wikidata":"Q4145659","website":null,"type_2":"boundary","population":null,"official_status":"ru:городской округ","name:tt":null,"name:ru":"городской округ Димитровград","name:ja":"ディミトロフグラード管区","name:en":null,"name_2":"городской округ Димитровград","admin_level":"6","addr:region":null,"addr:country":null},"geometry":{"type":"Polygon","coordinates":[[[49.575747,54.197803],[49.573489,54.197891],[49.573484,54.197857],[49.574444,54.197053],[49.574572,54.197031],[49.575828,54.197653],[49.575865,54.197715],[49.575747,54.197803]]]}},{"type":"Feature","properties":{"full_id":"w951190231","osm_id":"951190231","osm_type":"way","natural":"wood","grassland":null,"wetland":null,"water":null,"leisure":null,"religion":null,"name":null,"landuse":null,"description":null,"wood:density":null,"leaf_cycle":null,"leaf_type":null,"type":null,"full_id_2":"r2621608","osm_id_2":"2621608","osm_type_2":"relation","boundary":"administrative","source:url":"http://www.dumadgrad.ru/files/o_gorode/genplan/prilozh/1.rar","old_name":"Мелекес","wikipedia":"ru:Городской округ Димитровград","wikidata":"Q4145659","website":null,"type_2":"boundary","population":null,"official_status":"ru:городской округ","name:tt":null,"name:ru":"городской округ Димитровград","name:ja":"ディミトロフグラード管区","name:en":null,"name_2":"городской округ Димитровград","admin_level":"6","addr:region":null,"addr:country":null},"geometry":{"type":"Polygon","coordinates":[[[49.574162,54.203514],[49.572944,54.203765],[49.572879,54.20375],[49.573303,54.203269],[49.573394,54.203254],[49.574183,54.203477],[49.574162,54.203514]]]}},{"type":"Feature","properties":{"full_id":"w951190232","osm_id":"951190232","osm_type":"way","natural":"wood","grassland":null,"wetland":null,"water":null,"leisure":null,"religion":null,"name":null,"landuse":null,"description":null,"wood:density":null,"leaf_cycle":null,"leaf_type":null,"type":null,"full_id_2":"r2621608","osm_id_2":"2621608","osm_type_2":"relation","boundary":"administrative","source:url":"http://www.dumadgrad.ru/files/o_gorode/genplan/prilozh/1.rar","old_name":"Мелекес","wikipedia":"ru:Городской округ Димитровград","wikidata":"Q4145659","website":null,"type_2":"boundary","population":null,"official_status":"ru:городской округ","name:tt":null,"name:ru":"городской округ Димитровград","name:ja":"ディミトロフグラード管区","name:en":null,"name_2":"городской округ Димитровград","admin_level":"6","addr:region":null,"addr:country":null},"geometry":{"type":"Polygon","coordinates":[[[49.570814,54.20487],[49.570235,54.204688],[49.570594,54.204446],[49.571125,54.204509],[49.571458,54.204396],[49.571935,54.204038],[49.571549,54.203872],[49.571528,54.203834],[49.571587,54.203753],[49.571651,54.203734],[49.572724,54.203982],[49.57443,54.203568],[49.574875,54.203621],[49.575106,54.20379],[49.575336,54.203665],[49.575454,54.203677],[49.575481,54.203728],[49.575063,54.203938],[49.5748,54.203988],[49.573571,54.204101],[49.573373,54.204164],[49.573448,54.204299],[49.573394,54.204336],[49.570986,54.20486],[49.570814,54.20487]]]}},{"type":"Feature","properties":{"full_id":"w951190233","osm_id":"951190233","osm_type":"way","natural":"wood","grassland":null,"wetland":null,"water":null,"leisure":null,"religion":null,"name":null,"landuse":null,"description":null,"wood:density":null,"leaf_cycle":null,"leaf_type":null,"type":null,"full_id_2":"r2621608","osm_id_2":"2621608","osm_type_2":"relation","boundary":"administrative","source:url":"http://www.dumadgrad.ru/files/o_gorode/genplan/prilozh/1.rar","old_name":"Мелекес","wikipedia":"ru:Городской округ Димитровград","wikidata":"Q4145659","website":null,"type_2":"boundary","population":null,"official_status":"ru:городской округ","name:tt":null,"name:ru":"городской округ Димитровград","name:ja":"ディミトロフグラード管区","name:en":null,"name_2":"городской округ Димитровград","admin_level":"6","addr:region":null,"addr:country":null},"geometry":{"type":"Polygon","coordinates":[[[49.574902,54.204296],[49.574795,54.204515],[49.565933,54.206288],[49.565305,54.20626],[49.565139,54.206219],[49.565053,54.206175],[49.565037,54.205905],[49.565165,54.205798],[49.565074,54.205776],[49.565053,54.205588],[49.566802,54.20401],[49.567327,54.203969],[49.569956,54.204797],[49.570047,54.205039],[49.570288,54.205136],[49.574864,54.204179],[49.574902,54.204296]]]}},{"type":"Feature","properties":{"full_id":"w951190234","osm_id":"951190234","osm_type":"way","natural":"wood","grassland":null,"wetland":null,"water":null,"leisure":null,"religion":null,"name":null,"landuse":null,"description":null,"wood:density":null,"leaf_cycle":null,"leaf_type":null,"type":null,"full_id_2":"r2621608","osm_id_2":"2621608","osm_type_2":"relation","boundary":"administrative","source:url":"http://www.dumadgrad.ru/files/o_gorode/genplan/prilozh/1.rar","old_name":"Мелекес","wikipedia":"ru:Городской округ Димитровград","wikidata":"Q4145659","website":null,"type_2":"boundary","population":null,"official_status":"ru:городской округ","name:tt":null,"name:ru":"городской округ Димитровград","name:ja":"ディミトロフグラード管区","name:en":null,"name_2":"городской округ Димитровград","admin_level":"6","addr:region":null,"addr:country":null},"geometry":{"type":"Polygon","coordinates":[[[49.576995,54.196787],[49.576646,54.196607],[49.576627,54.196378],[49.576995,54.196021],[49.577102,54.196048],[49.577123,54.196161],[49.577518,54.196222],[49.577491,54.196287],[49.577633,54.196365],[49.577628,54.196517],[49.57736,54.196588],[49.577317,54.196682],[49.577132,54.196775],[49.576995,54.196787]]]}},{"type":"Feature","properties":{"full_id":"w951190235","osm_id":"951190235","osm_type":"way","natural":"wood","grassland":null,"wetland":null,"water":null,"leisure":null,"religion":null,"name":null,"landuse":null,"description":null,"wood:density":null,"leaf_cycle":null,"leaf_type":null,"type":null,"full_id_2":"r2621608","osm_id_2":"2621608","osm_type_2":"relation","boundary":"administrative","source:url":"http://www.dumadgrad.ru/files/o_gorode/genplan/prilozh/1.rar","old_name":"Мелекес","wikipedia":"ru:Городской округ Димитровград","wikidata":"Q4145659","website":null,"type_2":"boundary","population":null,"official_status":"ru:городской округ","name:tt":null,"name:ru":"городской округ Димитровград","name:ja":"ディミトロフグラード管区","name:en":null,"name_2":"городской округ Димитровград","admin_level":"6","addr:region":null,"addr:country":null},"geometry":{"type":"Polygon","coordinates":[[[49.578111,54.197241],[49.57807,54.197209],[49.578135,54.197131],[49.578628,54.196889],[49.578972,54.196864],[49.579159,54.196682],[49.579465,54.196585],[49.579889,54.196613],[49.580114,54.196695],[49.580028,54.196895],[49.579706,54.19715],[49.578483,54.197253],[49.578111,54.197241]]]}},{"type":"Feature","properties":{"full_id":"w951209518","osm_id":"951209518","osm_type":"way","natural":"wood","grassland":null,"wetland":null,"water":null,"leisure":null,"religion":null,"name":null,"landuse":null,"description":null,"wood:density":null,"leaf_cycle":null,"leaf_type":null,"type":null,"full_id_2":"r2621608","osm_id_2":"2621608","osm_type_2":"relation","boundary":"administrative","source:url":"http://www.dumadgrad.ru/files/o_gorode/genplan/prilozh/1.rar","old_name":"Мелекес","wikipedia":"ru:Городской округ Димитровград","wikidata":"Q4145659","website":null,"type_2":"boundary","population":null,"official_status":"ru:городской округ","name:tt":null,"name:ru":"городской округ Димитровград","name:ja":"ディミトロフグラード管区","name:en":null,"name_2":"городской округ Димитровград","admin_level":"6","addr:region":null,"addr:country":null},"geometry":{"type":"Polygon","coordinates":[[[49.559477,54.207715],[49.558769,54.206548],[49.558876,54.20652],[49.559364,54.206815],[49.559847,54.207],[49.560528,54.207169],[49.561129,54.207223],[49.561912,54.207191],[49.563178,54.207],[49.564004,54.206912],[49.564589,54.206855],[49.564616,54.206884],[49.563999,54.20695],[49.5621,54.207295],[49.562046,54.207345],[49.562298,54.207828],[49.562379,54.207847],[49.563597,54.207681],[49.563656,54.20769],[49.563822,54.208007],[49.563516,54.208223],[49.562631,54.208045],[49.562475,54.208117],[49.561199,54.207841],[49.561083,54.207851],[49.560696,54.20821],[49.560614,54.208182],[49.560751,54.207996],[49.560434,54.207932],[49.56017,54.208056],[49.559901,54.207942],[49.559981,54.207703],[49.559683,54.207788],[49.559477,54.207715]]]}},{"type":"Feature","properties":{"full_id":"w951209519","osm_id":"951209519","osm_type":"way","natural":"wood","grassland":null,"wetland":null,"water":null,"leisure":null,"religion":null,"name":null,"landuse":null,"description":null,"wood:density":null,"leaf_cycle":null,"leaf_type":null,"type":null,"full_id_2":"r2621608","osm_id_2":"2621608","osm_type_2":"relation","boundary":"administrative","source:url":"http://www.dumadgrad.ru/files/o_gorode/genplan/prilozh/1.rar","old_name":"Мелекес","wikipedia":"ru:Городской округ Димитровград","wikidata":"Q4145659","website":null,"type_2":"boundary","population":null,"official_status":"ru:городской округ","name:tt":null,"name:ru":"городской округ Димитровград","name:ja":"ディミトロフグラード管区","name:en":null,"name_2":"городской округ Димитровград","admin_level":"6","addr:region":null,"addr:country":null},"geometry":{"type":"Polygon","coordinates":[[[49.563629,54.208672],[49.563323,54.208631],[49.56328,54.208594],[49.564101,54.208032],[49.564321,54.208537],[49.564557,54.208499],[49.564616,54.208525],[49.564058,54.208644],[49.563629,54.208672]]]}},{"type":"Feature","properties":{"full_id":"w951210401","osm_id":"951210401","osm_type":"way","natural":"wood","grassland":null,"wetland":null,"water":null,"leisure":null,"religion":null,"name":null,"landuse":null,"description":null,"wood:density":null,"leaf_cycle":null,"leaf_type":null,"type":null,"full_id_2":"r2621608","osm_id_2":"2621608","osm_type_2":"relation","boundary":"administrative","source:url":"http://www.dumadgrad.ru/files/o_gorode/genplan/prilozh/1.rar","old_name":"Мелекес","wikipedia":"ru:Городской округ Димитровград","wikidata":"Q4145659","website":null,"type_2":"boundary","population":null,"official_status":"ru:городской округ","name:tt":null,"name:ru":"городской округ Димитровград","name:ja":"ディミトロフグラード管区","name:en":null,"name_2":"городской округ Димитровград","admin_level":"6","addr:region":null,"addr:country":null},"geometry":{"type":"Polygon","coordinates":[[[49.56406,54.214489],[49.563105,54.214088],[49.563106,54.214017],[49.563134,54.21398],[49.563191,54.21393],[49.563152,54.213881],[49.56311,54.213806],[49.563188,54.213771],[49.563287,54.213808],[49.563499,54.213897],[49.563687,54.21393],[49.563751,54.213912],[49.563779,54.213834],[49.563482,54.21371],[49.563467,54.213491],[49.563941,54.213397],[49.56435,54.213329],[49.564006,54.213191],[49.56374,54.213113],[49.563471,54.213016],[49.563206,54.212997],[49.563098,54.213044],[49.563216,54.213243],[49.563168,54.213472],[49.563131,54.213643],[49.563079,54.21369],[49.563012,54.213737],[49.56272,54.213582],[49.562308,54.213032],[49.562115,54.212731],[49.561581,54.211723],[49.559827,54.208337],[49.560839,54.208699],[49.562653,54.209291],[49.564142,54.209631],[49.566499,54.210127],[49.566391,54.21018],[49.564227,54.209725],[49.563712,54.209857],[49.563594,54.210275],[49.563769,54.21075],[49.564062,54.211352],[49.563754,54.211408],[49.56429,54.212465],[49.564407,54.212449],[49.564815,54.212362],[49.565123,54.212251],[49.565895,54.212102],[49.566786,54.211837],[49.567091,54.211708],[49.567261,54.211675],[49.567296,54.211804],[49.567367,54.211903],[49.566949,54.212031],[49.566673,54.212064],[49.566553,54.212102],[49.566085,54.212204],[49.565173,54.212333],[49.565165,54.212375],[49.565487,54.213216],[49.565069,54.213655],[49.566195,54.214226],[49.566291,54.214315],[49.566401,54.21433],[49.566631,54.214224],[49.566741,54.214179],[49.566797,54.214236],[49.566955,54.214453],[49.566678,54.214778],[49.566539,54.214715],[49.566399,54.214677],[49.564597,54.215016],[49.56406,54.214489]]]}},{"type":"Feature","properties":{"full_id":"w951210403","osm_id":"951210403","osm_type":"way","natural":"wood","grassland":null,"wetland":null,"water":null,"leisure":null,"religion":null,"name":null,"landuse":null,"description":null,"wood:density":null,"leaf_cycle":null,"leaf_type":null,"type":null,"full_id_2":"r2621608","osm_id_2":"2621608","osm_type_2":"relation","boundary":"administrative","source:url":"http://www.dumadgrad.ru/files/o_gorode/genplan/prilozh/1.rar","old_name":"Мелекес","wikipedia":"ru:Городской округ Димитровград","wikidata":"Q4145659","website":null,"type_2":"boundary","population":null,"official_status":"ru:городской округ","name:tt":null,"name:ru":"городской округ Димитровград","name:ja":"ディミトロフグラード管区","name:en":null,"name_2":"городской округ Димитровград","admin_level":"6","addr:region":null,"addr:country":null},"geometry":{"type":"Polygon","coordinates":[[[49.562134,54.214276],[49.562272,54.213847],[49.562343,54.213831],[49.562873,54.215015],[49.562824,54.21503],[49.561861,54.214684],[49.562134,54.214276]]]}},{"type":"Feature","properties":{"full_id":"w951210404","osm_id":"951210404","osm_type":"way","natural":"wood","grassland":null,"wetland":null,"water":null,"leisure":null,"religion":null,"name":null,"landuse":null,"description":null,"wood:density":null,"leaf_cycle":null,"leaf_type":null,"type":null,"full_id_2":"r2621608","osm_id_2":"2621608","osm_type_2":"relation","boundary":"administrative","source:url":"http://www.dumadgrad.ru/files/o_gorode/genplan/prilozh/1.rar","old_name":"Мелекес","wikipedia":"ru:Городской округ Димитровград","wikidata":"Q4145659","website":null,"type_2":"boundary","population":null,"official_status":"ru:городской округ","name:tt":null,"name:ru":"городской округ Димитровград","name:ja":"ディミトロフグラード管区","name:en":null,"name_2":"городской округ Димитровград","admin_level":"6","addr:region":null,"addr:country":null},"geometry":{"type":"Polygon","coordinates":[[[49.561473,54.216101],[49.561107,54.216293],[49.560319,54.215845],[49.560327,54.215726],[49.56097,54.215204],[49.561637,54.214781],[49.56189,54.215338],[49.561509,54.215684],[49.561749,54.216034],[49.561473,54.216101]]]}},{"type":"Feature","properties":{"full_id":"w960678270","osm_id":"960678270","osm_type":"way","natural":"wood","grassland":null,"wetland":null,"water":null,"leisure":null,"religion":null,"name":null,"landuse":null,"description":null,"wood:density":null,"leaf_cycle":"deciduous","leaf_type":"broadleaved","type":null,"full_id_2":"r2621608","osm_id_2":"2621608","osm_type_2":"relation","boundary":"administrative","source:url":"http://www.dumadgrad.ru/files/o_gorode/genplan/prilozh/1.rar","old_name":"Мелекес","wikipedia":"ru:Городской округ Димитровград","wikidata":"Q4145659","website":null,"type_2":"boundary","population":null,"official_status":"ru:городской округ","name:tt":null,"name:ru":"городской округ Димитровград","name:ja":"ディミトロフグラード管区","name:en":null,"name_2":"городской округ Димитровград","admin_level":"6","addr:region":null,"addr:country":null},"geometry":{"type":"Polygon","coordinates":[[[49.528095,54.17856],[49.528254,54.17891],[49.528147,54.17907],[49.527997,54.179192],[49.527605,54.179268],[49.527264,54.179243],[49.527026,54.17914],[49.526824,54.178896],[49.526911,54.178327],[49.52699,54.177806],[49.528133,54.176484],[49.529314,54.175718],[49.529668,54.175435],[49.530065,54.175542],[49.530129,54.1759],[49.529839,54.176277],[49.529668,54.176176],[49.529587,54.176245],[49.529646,54.176403],[49.529963,54.176748],[49.529888,54.177021],[49.529654,54.177067],[49.529512,54.176965],[49.529399,54.176823],[49.529437,54.176723],[49.529421,54.176629],[49.529136,54.176594],[49.529072,54.176738],[49.529131,54.176767],[49.529389,54.176949],[49.529528,54.177131],[49.529512,54.177231],[49.529405,54.177319],[49.529437,54.177558],[49.52922,54.177806],[49.528859,54.177853],[49.528456,54.17798],[49.528201,54.17822],[49.528095,54.17856]]]}},{"type":"Feature","properties":{"full_id":"w1088977227","osm_id":"1088977227","osm_type":"way","natural":"wood","grassland":null,"wetland":null,"water":null,"leisure":null,"religion":null,"name":null,"landuse":null,"description":null,"wood:density":null,"leaf_cycle":null,"leaf_type":null,"type":null,"full_id_2":"r2621608","osm_id_2":"2621608","osm_type_2":"relation","boundary":"administrative","source:url":"http://www.dumadgrad.ru/files/o_gorode/genplan/prilozh/1.rar","old_name":"Мелекес","wikipedia":"ru:Городской округ Димитровград","wikidata":"Q4145659","website":null,"type_2":"boundary","population":null,"official_status":"ru:городской округ","name:tt":null,"name:ru":"городской округ Димитровград","name:ja":"ディミトロフグラード管区","name:en":null,"name_2":"городской округ Димитровград","admin_level":"6","addr:region":null,"addr:country":null},"geometry":{"type":"Polygon","coordinates":[[[49.619025,54.22067],[49.618808,54.220554],[49.618816,54.220479],[49.618993,54.220436],[49.619152,54.220308],[49.619184,54.220107],[49.619198,54.219916],[49.619312,54.219807],[49.619577,54.219718],[49.619938,54.219718],[49.620423,54.219763],[49.620579,54.219817],[49.620611,54.219898],[49.620377,54.22013],[49.620136,54.220289],[49.619804,54.220391],[49.619712,54.220453],[49.619616,54.220542],[49.619351,54.220583],[49.619152,54.220773],[49.619029,54.220877],[49.618837,54.220951],[49.61864,54.221107],[49.618635,54.221177],[49.619305,54.221451],[49.619367,54.221524],[49.619263,54.221578],[49.619003,54.221448],[49.618786,54.221366],[49.618468,54.221216],[49.618383,54.221175],[49.61837,54.221155],[49.618421,54.22111],[49.618498,54.221044],[49.618609,54.220933],[49.618695,54.220863],[49.618897,54.220752],[49.619025,54.22067]]]}},{"type":"Feature","properties":{"full_id":"w1089057347","osm_id":"1089057347","osm_type":"way","natural":"scrub","grassland":null,"wetland":null,"water":null,"leisure":null,"religion":null,"name":null,"landuse":null,"description":null,"wood:density":null,"leaf_cycle":null,"leaf_type":null,"type":null,"full_id_2":"r2621608","osm_id_2":"2621608","osm_type_2":"relation","boundary":"administrative","source:url":"http://www.dumadgrad.ru/files/o_gorode/genplan/prilozh/1.rar","old_name":"Мелекес","wikipedia":"ru:Городской округ Димитровград","wikidata":"Q4145659","website":null,"type_2":"boundary","population":null,"official_status":"ru:городской округ","name:tt":null,"name:ru":"городской округ Димитровград","name:ja":"ディミトロフグラード管区","name:en":null,"name_2":"городской округ Димитровград","admin_level":"6","addr:region":null,"addr:country":null},"geometry":{"type":"Polygon","coordinates":[[[49.519298,54.227233],[49.518485,54.227376],[49.518609,54.226928],[49.518566,54.226539],[49.51885,54.22637],[49.519762,54.226161],[49.520219,54.22604],[49.520939,54.225977],[49.521059,54.225878],[49.521185,54.225948],[49.521068,54.226165],[49.521068,54.226467],[49.52124,54.226705],[49.521333,54.226899],[49.521333,54.227076],[49.520002,54.22731],[49.51954,54.227325],[49.519298,54.227233]]]}},{"type":"Feature","properties":{"full_id":"w1089440872","osm_id":"1089440872","osm_type":"way","natural":"wood","grassland":null,"wetland":null,"water":null,"leisure":null,"religion":null,"name":null,"landuse":null,"description":null,"wood:density":null,"leaf_cycle":null,"leaf_type":null,"type":null,"full_id_2":"r2621608","osm_id_2":"2621608","osm_type_2":"relation","boundary":"administrative","source:url":"http://www.dumadgrad.ru/files/o_gorode/genplan/prilozh/1.rar","old_name":"Мелекес","wikipedia":"ru:Городской округ Димитровград","wikidata":"Q4145659","website":null,"type_2":"boundary","population":null,"official_status":"ru:городской округ","name:tt":null,"name:ru":"городской округ Димитровград","name:ja":"ディミトロフグラード管区","name:en":null,"name_2":"городской округ Димитровград","admin_level":"6","addr:region":null,"addr:country":null},"geometry":{"type":"Polygon","coordinates":[[[49.548445,54.223293],[49.548636,54.223168],[49.548912,54.223307],[49.548673,54.223433],[49.548683,54.223515],[49.548856,54.22376],[49.548804,54.224003],[49.54858,54.224241],[49.548403,54.224448],[49.548127,54.22441],[49.548057,54.224478],[49.548141,54.224631],[49.54794,54.224672],[49.547604,54.224658],[49.547506,54.224863],[49.547291,54.225038],[49.546969,54.225251],[49.546768,54.225366],[49.546631,54.225501],[49.546502,54.225518],[49.546324,54.225417],[49.546348,54.225278],[49.546315,54.225169],[49.54618,54.225163],[49.54603,54.225128],[49.545871,54.225011],[49.545843,54.224869],[49.546053,54.224768],[49.546376,54.224699],[49.546535,54.224519],[49.546586,54.224413],[49.54667,54.224323],[49.546595,54.224216],[49.546763,54.224118],[49.547254,54.223787],[49.547548,54.223888],[49.54788,54.223675],[49.548225,54.22343],[49.548445,54.223293]]]}},{"type":"Feature","properties":{"full_id":"w1089440873","osm_id":"1089440873","osm_type":"way","natural":"wood","grassland":null,"wetland":null,"water":null,"leisure":null,"religion":null,"name":null,"landuse":null,"description":null,"wood:density":null,"leaf_cycle":null,"leaf_type":null,"type":null,"full_id_2":"r2621608","osm_id_2":"2621608","osm_type_2":"relation","boundary":"administrative","source:url":"http://www.dumadgrad.ru/files/o_gorode/genplan/prilozh/1.rar","old_name":"Мелекес","wikipedia":"ru:Городской округ Димитровград","wikidata":"Q4145659","website":null,"type_2":"boundary","population":null,"official_status":"ru:городской округ","name:tt":null,"name:ru":"городской округ Димитровград","name:ja":"ディミトロフグラード管区","name:en":null,"name_2":"городской округ Димитровград","admin_level":"6","addr:region":null,"addr:country":null},"geometry":{"type":"Polygon","coordinates":[[[49.550775,54.224724],[49.550467,54.224877],[49.550018,54.224634],[49.549818,54.224596],[49.549724,54.224653],[49.549182,54.224339],[49.549407,54.224164],[49.549804,54.223927],[49.550023,54.223774],[49.550145,54.223777],[49.550252,54.223695],[49.550406,54.223889],[49.550513,54.224061],[49.55078,54.22405],[49.550966,54.224041],[49.551107,54.224142],[49.55127,54.224227],[49.551373,54.224372],[49.551111,54.224571],[49.550775,54.224724]]]}},{"type":"Feature","properties":{"full_id":"w1089442549","osm_id":"1089442549","osm_type":"way","natural":"wood","grassland":null,"wetland":null,"water":null,"leisure":null,"religion":null,"name":null,"landuse":null,"description":null,"wood:density":null,"leaf_cycle":null,"leaf_type":null,"type":null,"full_id_2":"r2621608","osm_id_2":"2621608","osm_type_2":"relation","boundary":"administrative","source:url":"http://www.dumadgrad.ru/files/o_gorode/genplan/prilozh/1.rar","old_name":"Мелекес","wikipedia":"ru:Городской округ Димитровград","wikidata":"Q4145659","website":null,"type_2":"boundary","population":null,"official_status":"ru:городской округ","name:tt":null,"name:ru":"городской округ Димитровград","name:ja":"ディミトロフグラード管区","name:en":null,"name_2":"городской округ Димитровград","admin_level":"6","addr:region":null,"addr:country":null},"geometry":{"type":"Polygon","coordinates":[[[49.544889,54.225061],[49.544251,54.224683],[49.543674,54.224357],[49.544015,54.22416],[49.544536,54.223868],[49.544849,54.223582],[49.545129,54.223428],[49.545385,54.223542],[49.545686,54.223687],[49.546101,54.223865],[49.546377,54.224072],[49.546151,54.224263],[49.545341,54.22473],[49.544889,54.225061]]]}},{"type":"Feature","properties":{"full_id":"w1089818306","osm_id":"1089818306","osm_type":"way","natural":"grassland","grassland":null,"wetland":null,"water":null,"leisure":null,"religion":null,"name":null,"landuse":null,"description":null,"wood:density":null,"leaf_cycle":null,"leaf_type":null,"type":null,"full_id_2":"r2621608","osm_id_2":"2621608","osm_type_2":"relation","boundary":"administrative","source:url":"http://www.dumadgrad.ru/files/o_gorode/genplan/prilozh/1.rar","old_name":"Мелекес","wikipedia":"ru:Городской округ Димитровград","wikidata":"Q4145659","website":null,"type_2":"boundary","population":null,"official_status":"ru:городской округ","name:tt":null,"name:ru":"городской округ Димитровград","name:ja":"ディミトロフグラード管区","name:en":null,"name_2":"городской округ Димитровград","admin_level":"6","addr:region":null,"addr:country":null},"geometry":{"type":"Polygon","coordinates":[[[49.533657,54.234964],[49.533665,54.234746],[49.533906,54.234706],[49.534104,54.234722],[49.534474,54.234729],[49.534409,54.234807],[49.534181,54.234943],[49.534027,54.235023],[49.533714,54.235061],[49.533657,54.234964]]]}},{"type":"Feature","properties":{"full_id":"w1089987390","osm_id":"1089987390","osm_type":"way","natural":"wood","grassland":null,"wetland":null,"water":null,"leisure":null,"religion":null,"name":null,"landuse":null,"description":null,"wood:density":null,"leaf_cycle":null,"leaf_type":null,"type":null,"full_id_2":"r2621608","osm_id_2":"2621608","osm_type_2":"relation","boundary":"administrative","source:url":"http://www.dumadgrad.ru/files/o_gorode/genplan/prilozh/1.rar","old_name":"Мелекес","wikipedia":"ru:Городской округ Димитровград","wikidata":"Q4145659","website":null,"type_2":"boundary","population":null,"official_status":"ru:городской округ","name:tt":null,"name:ru":"городской округ Димитровград","name:ja":"ディミトロフグラード管区","name:en":null,"name_2":"городской округ Димитровград","admin_level":"6","addr:region":null,"addr:country":null},"geometry":{"type":"MultiPolygon","coordinates":[[[[49.675987,54.221188],[49.676736,54.220771],[49.676736,54.220771],[49.675987,54.221188]]],[[[49.674658,54.221553],[49.675253,54.221395],[49.675987,54.221188],[49.672821,54.222952],[49.672761,54.222662],[49.67247,54.22249],[49.672181,54.22243],[49.672124,54.222107],[49.672238,54.221991],[49.672696,54.22197],[49.673002,54.222165],[49.673455,54.222389],[49.673796,54.222272],[49.674078,54.221991],[49.674191,54.221727],[49.674658,54.221553]]]]}},{"type":"Feature","properties":{"full_id":"w1090438207","osm_id":"1090438207","osm_type":"way","natural":"wood","grassland":null,"wetland":null,"water":null,"leisure":null,"religion":null,"name":null,"landuse":null,"description":null,"wood:density":null,"leaf_cycle":null,"leaf_type":null,"type":null,"full_id_2":"r2621608","osm_id_2":"2621608","osm_type_2":"relation","boundary":"administrative","source:url":"http://www.dumadgrad.ru/files/o_gorode/genplan/prilozh/1.rar","old_name":"Мелекес","wikipedia":"ru:Городской округ Димитровград","wikidata":"Q4145659","website":null,"type_2":"boundary","population":null,"official_status":"ru:городской округ","name:tt":null,"name:ru":"городской округ Димитровград","name:ja":"ディミトロフグラード管区","name:en":null,"name_2":"городской округ Димитровград","admin_level":"6","addr:region":null,"addr:country":null},"geometry":{"type":"Polygon","coordinates":[[[49.524011,54.175439],[49.524086,54.175571],[49.524011,54.175612],[49.52407,54.17564],[49.524375,54.175781],[49.524681,54.17581],[49.524923,54.175756],[49.525218,54.175602],[49.525035,54.17558],[49.525062,54.175499],[49.525266,54.175486],[49.52533,54.17553],[49.525454,54.175565],[49.525534,54.175499],[49.525502,54.175433],[49.525421,54.175386],[49.525454,54.175314],[49.525652,54.17531],[49.525818,54.175376],[49.525824,54.175461],[49.525716,54.175593],[49.525582,54.175703],[49.525427,54.175762],[49.525271,54.175841],[49.525062,54.175882],[49.524869,54.175985],[49.524687,54.17596],[49.524402,54.175951],[49.524037,54.175907],[49.523855,54.175825],[49.523721,54.175772],[49.523694,54.175681],[49.523598,54.175653],[49.523485,54.175609],[49.523281,54.175624],[49.523243,54.175558],[49.52305,54.17547],[49.523066,54.175376],[49.523297,54.17532],[49.523565,54.175332],[49.523828,54.175326],[49.523941,54.175226],[49.524273,54.175144],[49.524708,54.175065],[49.524735,54.175109],[49.524563,54.175179],[49.524343,54.175219],[49.524059,54.17532],[49.524011,54.175439]]]}},{"type":"Feature","properties":{"full_id":"w1090887818","osm_id":"1090887818","osm_type":"way","natural":"scrub","grassland":null,"wetland":null,"water":null,"leisure":null,"religion":null,"name":null,"landuse":null,"description":null,"wood:density":null,"leaf_cycle":null,"leaf_type":null,"type":null,"full_id_2":"r2621608","osm_id_2":"2621608","osm_type_2":"relation","boundary":"administrative","source:url":"http://www.dumadgrad.ru/files/o_gorode/genplan/prilozh/1.rar","old_name":"Мелекес","wikipedia":"ru:Городской округ Димитровград","wikidata":"Q4145659","website":null,"type_2":"boundary","population":null,"official_status":"ru:городской округ","name:tt":null,"name:ru":"городской округ Димитровград","name:ja":"ディミトロフグラード管区","name:en":null,"name_2":"городской округ Димитровград","admin_level":"6","addr:region":null,"addr:country":null},"geometry":{"type":"Polygon","coordinates":[[[49.56641,54.251979],[49.565906,54.251992],[49.565627,54.250864],[49.566078,54.25082],[49.56641,54.251979]]]}},{"type":"Feature","properties":{"full_id":"w1090887819","osm_id":"1090887819","osm_type":"way","natural":"scrub","grassland":null,"wetland":null,"water":null,"leisure":null,"religion":null,"name":null,"landuse":null,"description":null,"wood:density":null,"leaf_cycle":null,"leaf_type":null,"type":null,"full_id_2":"r2621608","osm_id_2":"2621608","osm_type_2":"relation","boundary":"administrative","source:url":"http://www.dumadgrad.ru/files/o_gorode/genplan/prilozh/1.rar","old_name":"Мелекес","wikipedia":"ru:Городской округ Димитровград","wikidata":"Q4145659","website":null,"type_2":"boundary","population":null,"official_status":"ru:городской округ","name:tt":null,"name:ru":"городской округ Димитровград","name:ja":"ディミトロフグラード管区","name:en":null,"name_2":"городской округ Димитровград","admin_level":"6","addr:region":null,"addr:country":null},"geometry":{"type":"Polygon","coordinates":[[[49.567912,54.250431],[49.565906,54.250632],[49.565831,54.250431],[49.566174,54.250274],[49.56787,54.250149],[49.567912,54.250431]]]}},{"type":"Feature","properties":{"full_id":"w1091197489","osm_id":"1091197489","osm_type":"way","natural":"wood","grassland":null,"wetland":null,"water":null,"leisure":null,"religion":null,"name":null,"landuse":null,"description":null,"wood:density":null,"leaf_cycle":null,"leaf_type":null,"type":null,"full_id_2":"r2621608","osm_id_2":"2621608","osm_type_2":"relation","boundary":"administrative","source:url":"http://www.dumadgrad.ru/files/o_gorode/genplan/prilozh/1.rar","old_name":"Мелекес","wikipedia":"ru:Городской округ Димитровград","wikidata":"Q4145659","website":null,"type_2":"boundary","population":null,"official_status":"ru:городской округ","name:tt":null,"name:ru":"городской округ Димитровград","name:ja":"ディミトロフグラード管区","name:en":null,"name_2":"городской округ Димитровград","admin_level":"6","addr:region":null,"addr:country":null},"geometry":{"type":"Polygon","coordinates":[[[49.556508,54.211973],[49.556676,54.211941],[49.55751,54.213435],[49.557343,54.213467],[49.556508,54.211973]]]}},{"type":"Feature","properties":{"full_id":"w1091198108","osm_id":"1091198108","osm_type":"way","natural":"wood","grassland":null,"wetland":null,"water":null,"leisure":null,"religion":null,"name":null,"landuse":null,"description":null,"wood:density":null,"leaf_cycle":null,"leaf_type":null,"type":null,"full_id_2":"r2621608","osm_id_2":"2621608","osm_type_2":"relation","boundary":"administrative","source:url":"http://www.dumadgrad.ru/files/o_gorode/genplan/prilozh/1.rar","old_name":"Мелекес","wikipedia":"ru:Городской округ Димитровград","wikidata":"Q4145659","website":null,"type_2":"boundary","population":null,"official_status":"ru:городской округ","name:tt":null,"name:ru":"городской округ Димитровград","name:ja":"ディミトロフグラード管区","name:en":null,"name_2":"городской округ Димитровград","admin_level":"6","addr:region":null,"addr:country":null},"geometry":{"type":"Polygon","coordinates":[[[49.560425,54.21307],[49.559648,54.211553],[49.560002,54.211684],[49.560314,54.211432],[49.560853,54.211725],[49.56142,54.212308],[49.561954,54.213295],[49.562039,54.21374],[49.561945,54.214113],[49.561581,54.214616],[49.561179,54.214425],[49.56107,54.214306],[49.561254,54.214122],[49.561059,54.214096],[49.560863,54.214132],[49.560696,54.214235],[49.559356,54.215052],[49.559124,54.21492],[49.55981,54.214478],[49.560376,54.213502],[49.560425,54.21307]]]}},{"type":"Feature","properties":{"full_id":"w1091198769","osm_id":"1091198769","osm_type":"way","natural":"wood","grassland":null,"wetland":null,"water":null,"leisure":null,"religion":null,"name":null,"landuse":null,"description":null,"wood:density":null,"leaf_cycle":null,"leaf_type":null,"type":null,"full_id_2":"r2621608","osm_id_2":"2621608","osm_type_2":"relation","boundary":"administrative","source:url":"http://www.dumadgrad.ru/files/o_gorode/genplan/prilozh/1.rar","old_name":"Мелекес","wikipedia":"ru:Городской округ Димитровград","wikidata":"Q4145659","website":null,"type_2":"boundary","population":null,"official_status":"ru:городской округ","name:tt":null,"name:ru":"городской округ Димитровград","name:ja":"ディミトロフグラード管区","name:en":null,"name_2":"городской округ Димитровград","admin_level":"6","addr:region":null,"addr:country":null},"geometry":{"type":"Polygon","coordinates":[[[49.563871,54.215511],[49.563277,54.215274],[49.562502,54.213895],[49.562984,54.214166],[49.563603,54.214439],[49.563934,54.214572],[49.564501,54.215066],[49.564871,54.216023],[49.565003,54.216255],[49.565215,54.216231],[49.565209,54.216119],[49.56632,54.21593],[49.566445,54.216096],[49.565875,54.216191],[49.565984,54.216458],[49.565123,54.21668],[49.565165,54.217019],[49.564987,54.216799],[49.564489,54.215747],[49.564314,54.21569],[49.563871,54.215511]]]}},{"type":"Feature","properties":{"full_id":"w1091199623","osm_id":"1091199623","osm_type":"way","natural":"wood","grassland":null,"wetland":null,"water":null,"leisure":null,"religion":null,"name":null,"landuse":null,"description":null,"wood:density":null,"leaf_cycle":null,"leaf_type":null,"type":null,"full_id_2":"r2621608","osm_id_2":"2621608","osm_type_2":"relation","boundary":"administrative","source:url":"http://www.dumadgrad.ru/files/o_gorode/genplan/prilozh/1.rar","old_name":"Мелекес","wikipedia":"ru:Городской округ Димитровград","wikidata":"Q4145659","website":null,"type_2":"boundary","population":null,"official_status":"ru:городской округ","name:tt":null,"name:ru":"городской округ Димитровград","name:ja":"ディミトロフグラード管区","name:en":null,"name_2":"городской округ Димитровград","admin_level":"6","addr:region":null,"addr:country":null},"geometry":{"type":"Polygon","coordinates":[[[49.568418,54.213515],[49.567446,54.213693],[49.567319,54.213456],[49.566641,54.21358],[49.566378,54.213089],[49.568028,54.212787],[49.568418,54.213515]]]}},{"type":"Feature","properties":{"full_id":"w1091199673","osm_id":"1091199673","osm_type":"way","natural":"wood","grassland":null,"wetland":null,"water":null,"leisure":null,"religion":null,"name":null,"landuse":null,"description":null,"wood:density":null,"leaf_cycle":null,"leaf_type":null,"type":null,"full_id_2":"r2621608","osm_id_2":"2621608","osm_type_2":"relation","boundary":"administrative","source:url":"http://www.dumadgrad.ru/files/o_gorode/genplan/prilozh/1.rar","old_name":"Мелекес","wikipedia":"ru:Городской округ Димитровград","wikidata":"Q4145659","website":null,"type_2":"boundary","population":null,"official_status":"ru:городской округ","name:tt":null,"name:ru":"городской округ Димитровград","name:ja":"ディミトロフグラード管区","name:en":null,"name_2":"городской округ Димитровград","admin_level":"6","addr:region":null,"addr:country":null},"geometry":{"type":"Polygon","coordinates":[[[49.568786,54.214345],[49.5671,54.214641],[49.567035,54.214514],[49.568525,54.214251],[49.56824,54.213696],[49.568562,54.213639],[49.568913,54.214322],[49.568786,54.214345]]]}},{"type":"Feature","properties":{"full_id":"w1091200243","osm_id":"1091200243","osm_type":"way","natural":"wood","grassland":null,"wetland":null,"water":null,"leisure":null,"religion":null,"name":null,"landuse":null,"description":null,"wood:density":null,"leaf_cycle":null,"leaf_type":null,"type":null,"full_id_2":"r2621608","osm_id_2":"2621608","osm_type_2":"relation","boundary":"administrative","source:url":"http://www.dumadgrad.ru/files/o_gorode/genplan/prilozh/1.rar","old_name":"Мелекес","wikipedia":"ru:Городской округ Димитровград","wikidata":"Q4145659","website":null,"type_2":"boundary","population":null,"official_status":"ru:городской округ","name:tt":null,"name:ru":"городской округ Димитровград","name:ja":"ディミトロフグラード管区","name:en":null,"name_2":"городской округ Димитровград","admin_level":"6","addr:region":null,"addr:country":null},"geometry":{"type":"Polygon","coordinates":[[[49.567757,54.210357],[49.567119,54.210197],[49.567067,54.210098],[49.568405,54.209935],[49.57021,54.209639],[49.570238,54.209747],[49.569879,54.20981],[49.569813,54.209901],[49.569236,54.209896],[49.568957,54.209951],[49.56892,54.21007],[49.568768,54.210252],[49.568764,54.210548],[49.568631,54.210637],[49.568225,54.210493],[49.567757,54.210357]]]}},{"type":"Feature","properties":{"full_id":"w1094392581","osm_id":"1094392581","osm_type":"way","natural":"wood","grassland":null,"wetland":null,"water":null,"leisure":null,"religion":null,"name":null,"landuse":null,"description":null,"wood:density":null,"leaf_cycle":null,"leaf_type":null,"type":null,"full_id_2":"r2621608","osm_id_2":"2621608","osm_type_2":"relation","boundary":"administrative","source:url":"http://www.dumadgrad.ru/files/o_gorode/genplan/prilozh/1.rar","old_name":"Мелекес","wikipedia":"ru:Городской округ Димитровград","wikidata":"Q4145659","website":null,"type_2":"boundary","population":null,"official_status":"ru:городской округ","name:tt":null,"name:ru":"городской округ Димитровград","name:ja":"ディミトロフグラード管区","name:en":null,"name_2":"городской округ Димитровград","admin_level":"6","addr:region":null,"addr:country":null},"geometry":{"type":"Polygon","coordinates":[[[49.548092,54.231412],[49.548003,54.231364],[49.548373,54.231139],[49.548453,54.231187],[49.549078,54.231236],[49.549064,54.23127],[49.548462,54.231278],[49.548381,54.231591],[49.549269,54.232056],[49.549959,54.231734],[49.549935,54.231419],[49.549878,54.231308],[49.550223,54.230793],[49.550571,54.230246],[49.550901,54.230412],[49.551273,54.230419],[49.551468,54.230502],[49.551088,54.230702],[49.550821,54.23061],[49.550287,54.230977],[49.55144,54.231544],[49.551871,54.231274],[49.551905,54.231311],[49.552022,54.231368],[49.55212,54.231354],[49.552236,54.231342],[49.552327,54.231352],[49.551729,54.231726],[49.552228,54.231968],[49.552527,54.231984],[49.552041,54.232281],[49.551917,54.232211],[49.550449,54.233098],[49.548754,54.232027],[49.548612,54.232099],[49.548427,54.231974],[49.548099,54.231679],[49.548074,54.231485],[49.548092,54.231412]]]}},{"type":"Feature","properties":{"full_id":"w1094392582","osm_id":"1094392582","osm_type":"way","natural":"wood","grassland":null,"wetland":null,"water":null,"leisure":null,"religion":null,"name":null,"landuse":null,"description":null,"wood:density":null,"leaf_cycle":null,"leaf_type":null,"type":null,"full_id_2":"r2621608","osm_id_2":"2621608","osm_type_2":"relation","boundary":"administrative","source:url":"http://www.dumadgrad.ru/files/o_gorode/genplan/prilozh/1.rar","old_name":"Мелекес","wikipedia":"ru:Городской округ Димитровград","wikidata":"Q4145659","website":null,"type_2":"boundary","population":null,"official_status":"ru:городской округ","name:tt":null,"name:ru":"городской округ Димитровград","name:ja":"ディミトロフグラード管区","name:en":null,"name_2":"городской округ Димитровград","admin_level":"6","addr:region":null,"addr:country":null},"geometry":{"type":"Polygon","coordinates":[[[49.543237,54.227819],[49.543007,54.227794],[49.543757,54.22737],[49.544029,54.227534],[49.544739,54.227131],[49.544827,54.227185],[49.543729,54.227806],[49.543623,54.227773],[49.543251,54.227843],[49.543237,54.227819]]]}},{"type":"Feature","properties":{"full_id":"w1094392583","osm_id":"1094392583","osm_type":"way","natural":"wood","grassland":null,"wetland":null,"water":null,"leisure":null,"religion":null,"name":null,"landuse":null,"description":null,"wood:density":null,"leaf_cycle":null,"leaf_type":null,"type":null,"full_id_2":"r2621608","osm_id_2":"2621608","osm_type_2":"relation","boundary":"administrative","source:url":"http://www.dumadgrad.ru/files/o_gorode/genplan/prilozh/1.rar","old_name":"Мелекес","wikipedia":"ru:Городской округ Димитровград","wikidata":"Q4145659","website":null,"type_2":"boundary","population":null,"official_status":"ru:городской округ","name:tt":null,"name:ru":"городской округ Димитровград","name:ja":"ディミトロフグラード管区","name:en":null,"name_2":"городской округ Димитровград","admin_level":"6","addr:region":null,"addr:country":null},"geometry":{"type":"Polygon","coordinates":[[[49.545372,54.226833],[49.545164,54.226972],[49.544997,54.226851],[49.545412,54.226596],[49.545119,54.226413],[49.545603,54.226116],[49.545916,54.226275],[49.545818,54.226344],[49.545983,54.226406],[49.54606,54.226354],[49.546392,54.226527],[49.546025,54.226764],[49.546269,54.226878],[49.546213,54.226906],[49.54631,54.226948],[49.546147,54.226998],[49.545974,54.226906],[49.545883,54.226963],[49.546094,54.227077],[49.545929,54.227162],[49.545372,54.226833]]]}},{"type":"Feature","properties":{"full_id":"w1094392584","osm_id":"1094392584","osm_type":"way","natural":"wood","grassland":null,"wetland":null,"water":null,"leisure":null,"religion":null,"name":null,"landuse":null,"description":null,"wood:density":null,"leaf_cycle":null,"leaf_type":null,"type":null,"full_id_2":"r2621608","osm_id_2":"2621608","osm_type_2":"relation","boundary":"administrative","source:url":"http://www.dumadgrad.ru/files/o_gorode/genplan/prilozh/1.rar","old_name":"Мелекес","wikipedia":"ru:Городской округ Димитровград","wikidata":"Q4145659","website":null,"type_2":"boundary","population":null,"official_status":"ru:городской округ","name:tt":null,"name:ru":"городской округ Димитровград","name:ja":"ディミトロフグラード管区","name:en":null,"name_2":"городской округ Димитровград","admin_level":"6","addr:region":null,"addr:country":null},"geometry":{"type":"Polygon","coordinates":[[[49.545299,54.225891],[49.544731,54.226249],[49.542622,54.225109],[49.542183,54.225386],[49.542488,54.225551],[49.542371,54.225625],[49.54293,54.225928],[49.542972,54.226044],[49.542576,54.226293],[49.542394,54.226194],[49.542436,54.226168],[49.541563,54.225694],[49.541988,54.225426],[49.541701,54.22527],[49.542529,54.224748],[49.542156,54.224546],[49.541926,54.224691],[49.541619,54.224524],[49.54098,54.224927],[49.540675,54.224762],[49.54097,54.224576],[49.540491,54.224316],[49.541217,54.223859],[49.542572,54.224001],[49.54242,54.224107],[49.542516,54.224262],[49.542411,54.224329],[49.545299,54.225891]]]}},{"type":"Feature","properties":{"full_id":"w1094392857","osm_id":"1094392857","osm_type":"way","natural":"wood","grassland":null,"wetland":null,"water":null,"leisure":null,"religion":null,"name":null,"landuse":null,"description":null,"wood:density":null,"leaf_cycle":null,"leaf_type":null,"type":null,"full_id_2":"r2621608","osm_id_2":"2621608","osm_type_2":"relation","boundary":"administrative","source:url":"http://www.dumadgrad.ru/files/o_gorode/genplan/prilozh/1.rar","old_name":"Мелекес","wikipedia":"ru:Городской округ Димитровград","wikidata":"Q4145659","website":null,"type_2":"boundary","population":null,"official_status":"ru:городской округ","name:tt":null,"name:ru":"городской округ Димитровград","name:ja":"ディミトロフグラード管区","name:en":null,"name_2":"городской округ Димитровград","admin_level":"6","addr:region":null,"addr:country":null},"geometry":{"type":"Polygon","coordinates":[[[49.548401,54.226194],[49.547756,54.226592],[49.546562,54.22593],[49.547591,54.225295],[49.548135,54.225596],[49.54775,54.225834],[49.548401,54.226194]]]}},{"type":"Feature","properties":{"full_id":"w1094392858","osm_id":"1094392858","osm_type":"way","natural":"wood","grassland":null,"wetland":null,"water":null,"leisure":null,"religion":null,"name":null,"landuse":null,"description":null,"wood:density":null,"leaf_cycle":null,"leaf_type":null,"type":null,"full_id_2":"r2621608","osm_id_2":"2621608","osm_type_2":"relation","boundary":"administrative","source:url":"http://www.dumadgrad.ru/files/o_gorode/genplan/prilozh/1.rar","old_name":"Мелекес","wikipedia":"ru:Городской округ Димитровград","wikidata":"Q4145659","website":null,"type_2":"boundary","population":null,"official_status":"ru:городской округ","name:tt":null,"name:ru":"городской округ Димитровград","name:ja":"ディミトロフグラード管区","name:en":null,"name_2":"городской округ Димитровград","admin_level":"6","addr:region":null,"addr:country":null},"geometry":{"type":"Polygon","coordinates":[[[49.549111,54.225825],[49.54892,54.225877],[49.548463,54.225598],[49.548672,54.225457],[49.548144,54.225173],[49.54828,54.225091],[49.548556,54.225105],[49.549038,54.224822],[49.548888,54.224721],[49.548967,54.224671],[49.549534,54.224977],[49.549662,54.22489],[49.550038,54.225086],[49.54977,54.225401],[49.549605,54.225358],[49.549429,54.225602],[49.5493,54.225571],[49.549111,54.225825]]]}},{"type":"Feature","properties":{"full_id":"w1094392859","osm_id":"1094392859","osm_type":"way","natural":"wood","grassland":null,"wetland":null,"water":null,"leisure":null,"religion":null,"name":null,"landuse":null,"description":null,"wood:density":null,"leaf_cycle":null,"leaf_type":null,"type":null,"full_id_2":"r2621608","osm_id_2":"2621608","osm_type_2":"relation","boundary":"administrative","source:url":"http://www.dumadgrad.ru/files/o_gorode/genplan/prilozh/1.rar","old_name":"Мелекес","wikipedia":"ru:Городской округ Димитровград","wikidata":"Q4145659","website":null,"type_2":"boundary","population":null,"official_status":"ru:городской округ","name:tt":null,"name:ru":"городской округ Димитровград","name:ja":"ディミトロフグラード管区","name:en":null,"name_2":"городской округ Димитровград","admin_level":"6","addr:region":null,"addr:country":null},"geometry":{"type":"Polygon","coordinates":[[[49.550417,54.226517],[49.550088,54.226546],[49.549432,54.226151],[49.54967,54.226001],[49.549582,54.225948],[49.550303,54.225574],[49.550726,54.225814],[49.550737,54.225866],[49.55084,54.225934],[49.550733,54.225992],[49.550635,54.22594],[49.550179,54.226204],[49.550562,54.226445],[49.550417,54.226517]]]}},{"type":"Feature","properties":{"full_id":"w1094392860","osm_id":"1094392860","osm_type":"way","natural":"wood","grassland":null,"wetland":null,"water":null,"leisure":null,"religion":null,"name":null,"landuse":null,"description":null,"wood:density":null,"leaf_cycle":null,"leaf_type":null,"type":null,"full_id_2":"r2621608","osm_id_2":"2621608","osm_type_2":"relation","boundary":"administrative","source:url":"http://www.dumadgrad.ru/files/o_gorode/genplan/prilozh/1.rar","old_name":"Мелекес","wikipedia":"ru:Городской округ Димитровград","wikidata":"Q4145659","website":null,"type_2":"boundary","population":null,"official_status":"ru:городской округ","name:tt":null,"name:ru":"городской округ Димитровград","name:ja":"ディミトロフグラード管区","name:en":null,"name_2":"городской округ Димитровград","admin_level":"6","addr:region":null,"addr:country":null},"geometry":{"type":"Polygon","coordinates":[[[49.54925,54.227292],[49.549096,54.227389],[49.548075,54.226813],[49.548353,54.226647],[49.548468,54.226645],[49.548673,54.226512],[49.549091,54.226529],[49.549733,54.226873],[49.549327,54.227093],[49.549374,54.227163],[49.54925,54.227292]]]}},{"type":"Feature","properties":{"full_id":"w1094392861","osm_id":"1094392861","osm_type":"way","natural":"wood","grassland":null,"wetland":null,"water":null,"leisure":null,"religion":null,"name":null,"landuse":null,"description":null,"wood:density":null,"leaf_cycle":null,"leaf_type":null,"type":null,"full_id_2":"r2621608","osm_id_2":"2621608","osm_type_2":"relation","boundary":"administrative","source:url":"http://www.dumadgrad.ru/files/o_gorode/genplan/prilozh/1.rar","old_name":"Мелекес","wikipedia":"ru:Городской округ Димитровград","wikidata":"Q4145659","website":null,"type_2":"boundary","population":null,"official_status":"ru:городской округ","name:tt":null,"name:ru":"городской округ Димитровград","name:ja":"ディミトロフグラード管区","name:en":null,"name_2":"городской округ Димитровград","admin_level":"6","addr:region":null,"addr:country":null},"geometry":{"type":"Polygon","coordinates":[[[49.555595,54.230345],[49.555079,54.23066],[49.554195,54.230166],[49.554711,54.22985],[49.555595,54.230345]]]}},{"type":"Feature","properties":{"full_id":"w1094698625","osm_id":"1094698625","osm_type":"way","natural":"wood","grassland":null,"wetland":null,"water":null,"leisure":null,"religion":null,"name":null,"landuse":null,"description":null,"wood:density":null,"leaf_cycle":null,"leaf_type":null,"type":null,"full_id_2":"r2621608","osm_id_2":"2621608","osm_type_2":"relation","boundary":"administrative","source:url":"http://www.dumadgrad.ru/files/o_gorode/genplan/prilozh/1.rar","old_name":"Мелекес","wikipedia":"ru:Городской округ Димитровград","wikidata":"Q4145659","website":null,"type_2":"boundary","population":null,"official_status":"ru:городской округ","name:tt":null,"name:ru":"городской округ Димитровград","name:ja":"ディミトロフグラード管区","name:en":null,"name_2":"городской округ Димитровград","admin_level":"6","addr:region":null,"addr:country":null},"geometry":{"type":"Polygon","coordinates":[[[49.56428,54.224665],[49.56422,54.224646],[49.564402,54.224512],[49.564453,54.224394],[49.564341,54.224323],[49.564761,54.224102],[49.564985,54.224154],[49.565177,54.224078],[49.565518,54.224012],[49.565555,54.22405],[49.565471,54.22414],[49.565733,54.224181],[49.565737,54.224252],[49.566237,54.224228],[49.566499,54.224241],[49.566578,54.224146],[49.566713,54.224138],[49.566704,54.224266],[49.566527,54.224351],[49.566288,54.224427],[49.56591,54.224487],[49.565546,54.224539],[49.56499,54.224599],[49.564444,54.224657],[49.56428,54.224665]]]}},{"type":"Feature","properties":{"full_id":"w1094711826","osm_id":"1094711826","osm_type":"way","natural":"wood","grassland":null,"wetland":null,"water":null,"leisure":null,"religion":null,"name":null,"landuse":null,"description":null,"wood:density":null,"leaf_cycle":null,"leaf_type":null,"type":null,"full_id_2":"r2621608","osm_id_2":"2621608","osm_type_2":"relation","boundary":"administrative","source:url":"http://www.dumadgrad.ru/files/o_gorode/genplan/prilozh/1.rar","old_name":"Мелекес","wikipedia":"ru:Городской округ Димитровград","wikidata":"Q4145659","website":null,"type_2":"boundary","population":null,"official_status":"ru:городской округ","name:tt":null,"name:ru":"городской округ Димитровград","name:ja":"ディミトロフグラード管区","name:en":null,"name_2":"городской округ Димитровград","admin_level":"6","addr:region":null,"addr:country":null},"geometry":{"type":"Polygon","coordinates":[[[49.582108,54.218318],[49.581899,54.21713],[49.583053,54.217051],[49.583039,54.216948],[49.584493,54.216824],[49.584843,54.218601],[49.582522,54.218744],[49.582458,54.218311],[49.582108,54.218318]]]}},{"type":"Feature","properties":{"full_id":"w1096886827","osm_id":"1096886827","osm_type":"way","natural":"wood","grassland":null,"wetland":null,"water":null,"leisure":null,"religion":null,"name":null,"landuse":null,"description":null,"wood:density":null,"leaf_cycle":null,"leaf_type":null,"type":null,"full_id_2":"r2621608","osm_id_2":"2621608","osm_type_2":"relation","boundary":"administrative","source:url":"http://www.dumadgrad.ru/files/o_gorode/genplan/prilozh/1.rar","old_name":"Мелекес","wikipedia":"ru:Городской округ Димитровград","wikidata":"Q4145659","website":null,"type_2":"boundary","population":null,"official_status":"ru:городской округ","name:tt":null,"name:ru":"городской округ Димитровград","name:ja":"ディミトロフグラード管区","name:en":null,"name_2":"городской округ Димитровград","admin_level":"6","addr:region":null,"addr:country":null},"geometry":{"type":"Polygon","coordinates":[[[49.56681,54.276832],[49.566067,54.276336],[49.569982,54.274071],[49.570498,54.274133],[49.571503,54.274352],[49.572041,54.27446],[49.572919,54.274634],[49.574066,54.274824],[49.574179,54.275018],[49.573174,54.275944],[49.573032,54.27608],[49.572912,54.276092],[49.572905,54.276047],[49.57287,54.276014],[49.572332,54.276084],[49.571935,54.276154],[49.571525,54.276208],[49.570881,54.27651],[49.570753,54.276659],[49.570668,54.276882],[49.570555,54.277175],[49.570555,54.277332],[49.570746,54.277452],[49.570909,54.277498],[49.571149,54.27758],[49.571022,54.277655],[49.570873,54.27775],[49.570824,54.27787],[49.570725,54.277932],[49.570654,54.27789],[49.570619,54.277746],[49.570541,54.277655],[49.57064,54.277539],[49.570654,54.277481],[49.570463,54.277456],[49.570314,54.277853],[49.570258,54.278184],[49.569578,54.278531],[49.56681,54.276832]]]}},{"type":"Feature","properties":{"full_id":"w1096886829","osm_id":"1096886829","osm_type":"way","natural":"wood","grassland":null,"wetland":null,"water":null,"leisure":null,"religion":null,"name":null,"landuse":null,"description":null,"wood:density":null,"leaf_cycle":null,"leaf_type":null,"type":null,"full_id_2":"r2621608","osm_id_2":"2621608","osm_type_2":"relation","boundary":"administrative","source:url":"http://www.dumadgrad.ru/files/o_gorode/genplan/prilozh/1.rar","old_name":"Мелекес","wikipedia":"ru:Городской округ Димитровград","wikidata":"Q4145659","website":null,"type_2":"boundary","population":null,"official_status":"ru:городской округ","name:tt":null,"name:ru":"городской округ Димитровград","name:ja":"ディミトロフグラード管区","name:en":null,"name_2":"городской округ Димитровград","admin_level":"6","addr:region":null,"addr:country":null},"geometry":{"type":"Polygon","coordinates":[[[49.5727,54.276241],[49.572806,54.276237],[49.57277,54.27632],[49.571397,54.277547],[49.570824,54.278089],[49.570711,54.278056],[49.570718,54.277985],[49.570965,54.277816],[49.571149,54.27763],[49.571213,54.27756],[49.5727,54.276241]]]}},{"type":"Feature","properties":{"full_id":"w1096886832","osm_id":"1096886832","osm_type":"way","natural":"wood","grassland":null,"wetland":null,"water":null,"leisure":null,"religion":null,"name":null,"landuse":null,"description":null,"wood:density":null,"leaf_cycle":null,"leaf_type":null,"type":null,"full_id_2":"r2621608","osm_id_2":"2621608","osm_type_2":"relation","boundary":"administrative","source:url":"http://www.dumadgrad.ru/files/o_gorode/genplan/prilozh/1.rar","old_name":"Мелекес","wikipedia":"ru:Городской округ Димитровград","wikidata":"Q4145659","website":null,"type_2":"boundary","population":null,"official_status":"ru:городской округ","name:tt":null,"name:ru":"городской округ Димитровград","name:ja":"ディミトロフグラード管区","name:en":null,"name_2":"городской округ Димитровград","admin_level":"6","addr:region":null,"addr:country":null},"geometry":{"type":"Polygon","coordinates":[[[49.571822,54.277539],[49.571702,54.277522],[49.571772,54.277386],[49.572126,54.277093],[49.572487,54.276737],[49.572742,54.276526],[49.572947,54.27632],[49.57299,54.276278],[49.573046,54.276324],[49.573011,54.276452],[49.572678,54.276865],[49.572204,54.277312],[49.571822,54.277539]]]}},{"type":"Feature","properties":{"full_id":"w1097050362","osm_id":"1097050362","osm_type":"way","natural":"wood","grassland":null,"wetland":null,"water":null,"leisure":null,"religion":null,"name":null,"landuse":null,"description":null,"wood:density":null,"leaf_cycle":null,"leaf_type":null,"type":null,"full_id_2":"r2621608","osm_id_2":"2621608","osm_type_2":"relation","boundary":"administrative","source:url":"http://www.dumadgrad.ru/files/o_gorode/genplan/prilozh/1.rar","old_name":"Мелекес","wikipedia":"ru:Городской округ Димитровград","wikidata":"Q4145659","website":null,"type_2":"boundary","population":null,"official_status":"ru:городской округ","name:tt":null,"name:ru":"городской округ Димитровград","name:ja":"ディミトロフグラード管区","name:en":null,"name_2":"городской округ Димитровград","admin_level":"6","addr:region":null,"addr:country":null},"geometry":{"type":"Polygon","coordinates":[[[49.604467,54.201225],[49.604415,54.202692],[49.60365,54.202224],[49.603638,54.201246],[49.604138,54.201144],[49.604467,54.201225]]]}},{"type":"Feature","properties":{"full_id":"w1103221276","osm_id":"1103221276","osm_type":"way","natural":"wood","grassland":null,"wetland":null,"water":null,"leisure":null,"religion":null,"name":null,"landuse":null,"description":null,"wood:density":null,"leaf_cycle":null,"leaf_type":null,"type":null,"full_id_2":"r2621608","osm_id_2":"2621608","osm_type_2":"relation","boundary":"administrative","source:url":"http://www.dumadgrad.ru/files/o_gorode/genplan/prilozh/1.rar","old_name":"Мелекес","wikipedia":"ru:Городской округ Димитровград","wikidata":"Q4145659","website":null,"type_2":"boundary","population":null,"official_status":"ru:городской округ","name:tt":null,"name:ru":"городской округ Димитровград","name:ja":"ディミトロフグラード管区","name:en":null,"name_2":"городской округ Димитровград","admin_level":"6","addr:region":null,"addr:country":null},"geometry":{"type":"Polygon","coordinates":[[[49.501975,54.170762],[49.501845,54.170724],[49.501779,54.170511],[49.501826,54.170008],[49.502059,54.169669],[49.501929,54.16962],[49.501032,54.170199],[49.500733,54.170117],[49.50078,54.169953],[49.500929,54.169816],[49.501116,54.169565],[49.501462,54.169067],[49.501658,54.168892],[49.501901,54.16887],[49.502162,54.168723],[49.502405,54.168559],[49.502797,54.168756],[49.503124,54.168799],[49.503442,54.16869],[49.503741,54.168728],[49.503871,54.168832],[49.504011,54.169149],[49.503899,54.169297],[49.503283,54.16945],[49.502639,54.169598],[49.502685,54.169794],[49.502853,54.169969],[49.502685,54.170276],[49.502676,54.17044],[49.502807,54.170598],[49.502564,54.170647],[49.50234,54.170533],[49.502209,54.170587],[49.502284,54.170669],[49.502106,54.170718],[49.501975,54.170762]]]}},{"type":"Feature","properties":{"full_id":"w1103221279","osm_id":"1103221279","osm_type":"way","natural":"wood","grassland":null,"wetland":null,"water":null,"leisure":null,"religion":null,"name":null,"landuse":null,"description":null,"wood:density":null,"leaf_cycle":null,"leaf_type":null,"type":null,"full_id_2":"r2621608","osm_id_2":"2621608","osm_type_2":"relation","boundary":"administrative","source:url":"http://www.dumadgrad.ru/files/o_gorode/genplan/prilozh/1.rar","old_name":"Мелекес","wikipedia":"ru:Городской округ Димитровград","wikidata":"Q4145659","website":null,"type_2":"boundary","population":null,"official_status":"ru:городской округ","name:tt":null,"name:ru":"городской округ Димитровград","name:ja":"ディミトロフグラード管区","name:en":null,"name_2":"городской округ Димитровград","admin_level":"6","addr:region":null,"addr:country":null},"geometry":{"type":"Polygon","coordinates":[[[49.505515,54.169887],[49.505403,54.16998],[49.505319,54.16974],[49.505291,54.169587],[49.505086,54.169521],[49.504675,54.16968],[49.504348,54.169696],[49.504011,54.169581],[49.503965,54.169352],[49.504189,54.169242],[49.504665,54.169341],[49.504889,54.169237],[49.505048,54.169111],[49.505394,54.169231],[49.505468,54.16945],[49.505618,54.16951],[49.50559,54.169805],[49.505515,54.169887]]]}},{"type":"Feature","properties":{"full_id":"w1103221280","osm_id":"1103221280","osm_type":"way","natural":"wood","grassland":null,"wetland":null,"water":null,"leisure":null,"religion":null,"name":null,"landuse":null,"description":null,"wood:density":null,"leaf_cycle":null,"leaf_type":null,"type":null,"full_id_2":"r2621608","osm_id_2":"2621608","osm_type_2":"relation","boundary":"administrative","source:url":"http://www.dumadgrad.ru/files/o_gorode/genplan/prilozh/1.rar","old_name":"Мелекес","wikipedia":"ru:Городской округ Димитровград","wikidata":"Q4145659","website":null,"type_2":"boundary","population":null,"official_status":"ru:городской округ","name:tt":null,"name:ru":"городской округ Димитровград","name:ja":"ディミトロフグラード管区","name:en":null,"name_2":"городской округ Димитровград","admin_level":"6","addr:region":null,"addr:country":null},"geometry":{"type":"Polygon","coordinates":[[[49.504899,54.168881],[49.504759,54.168909],[49.504562,54.169007],[49.504394,54.169029],[49.504086,54.169002],[49.504068,54.168832],[49.504208,54.168777],[49.50446,54.168838],[49.504721,54.168777],[49.504899,54.168756],[49.504871,54.168521],[49.505067,54.168373],[49.505198,54.168422],[49.505282,54.168537],[49.505328,54.168723],[49.505338,54.168887],[49.505347,54.168963],[49.505123,54.168963],[49.504983,54.168843],[49.504899,54.168881]]]}},{"type":"Feature","properties":{"full_id":"w1103221281","osm_id":"1103221281","osm_type":"way","natural":"wood","grassland":null,"wetland":null,"water":null,"leisure":null,"religion":null,"name":null,"landuse":null,"description":null,"wood:density":null,"leaf_cycle":null,"leaf_type":null,"type":null,"full_id_2":"r2621608","osm_id_2":"2621608","osm_type_2":"relation","boundary":"administrative","source:url":"http://www.dumadgrad.ru/files/o_gorode/genplan/prilozh/1.rar","old_name":"Мелекес","wikipedia":"ru:Городской округ Димитровград","wikidata":"Q4145659","website":null,"type_2":"boundary","population":null,"official_status":"ru:городской округ","name:tt":null,"name:ru":"городской округ Димитровград","name:ja":"ディミトロフグラード管区","name:en":null,"name_2":"городской округ Димитровград","admin_level":"6","addr:region":null,"addr:country":null},"geometry":{"type":"Polygon","coordinates":[[[49.504105,54.170806],[49.504021,54.170609],[49.503881,54.170194],[49.503647,54.169964],[49.503675,54.169849],[49.503918,54.169904],[49.504011,54.16998],[49.504264,54.169811],[49.504404,54.169767],[49.504441,54.169866],[49.504572,54.169953],[49.504525,54.170041],[49.504264,54.169958],[49.504049,54.170041],[49.504068,54.170172],[49.504142,54.170347],[49.504236,54.170516],[49.504422,54.170522],[49.504731,54.170544],[49.504899,54.170538],[49.504927,54.170642],[49.504693,54.170795],[49.504376,54.170943],[49.504049,54.171189],[49.503853,54.171385],[49.503694,54.171205],[49.503516,54.171205],[49.503386,54.171467],[49.503189,54.17132],[49.502919,54.171271],[49.502732,54.171489],[49.502433,54.171528],[49.502172,54.171418],[49.502172,54.171156],[49.501443,54.170986],[49.501434,54.170811],[49.501686,54.170817],[49.502134,54.171036],[49.502405,54.171096],[49.502396,54.17132],[49.502489,54.171369],[49.502676,54.171347],[49.502751,54.171172],[49.502872,54.17115],[49.503274,54.171232],[49.503358,54.171123],[49.503498,54.171074],[49.503694,54.17103],[49.504002,54.170921],[49.504105,54.170806]]]}},{"type":"Feature","properties":{"full_id":"w1103497025","osm_id":"1103497025","osm_type":"way","natural":"wood","grassland":null,"wetland":null,"water":null,"leisure":null,"religion":null,"name":null,"landuse":null,"description":null,"wood:density":null,"leaf_cycle":null,"leaf_type":null,"type":null,"full_id_2":"r2621608","osm_id_2":"2621608","osm_type_2":"relation","boundary":"administrative","source:url":"http://www.dumadgrad.ru/files/o_gorode/genplan/prilozh/1.rar","old_name":"Мелекес","wikipedia":"ru:Городской округ Димитровград","wikidata":"Q4145659","website":null,"type_2":"boundary","population":null,"official_status":"ru:городской округ","name:tt":null,"name:ru":"городской округ Димитровград","name:ja":"ディミトロフグラード管区","name:en":null,"name_2":"городской округ Димитровград","admin_level":"6","addr:region":null,"addr:country":null},"geometry":{"type":"Polygon","coordinates":[[[49.555543,54.187341],[49.555791,54.187308],[49.555772,54.187401],[49.555735,54.187481],[49.555678,54.187565],[49.555622,54.187598],[49.555512,54.187608],[49.555469,54.187633],[49.555467,54.187672],[49.555491,54.187749],[49.555552,54.187795],[49.555684,54.187829],[49.555818,54.187838],[49.55596,54.18782],[49.556038,54.187804],[49.55615,54.187806],[49.55626,54.187835],[49.556301,54.187864],[49.556306,54.187904],[49.556282,54.187947],[49.55615,54.188065],[49.556075,54.188146],[49.555957,54.18824],[49.555874,54.188312],[49.555837,54.188363],[49.555822,54.188432],[49.555513,54.188442],[49.555256,54.18865],[49.555374,54.188813],[49.555524,54.18924],[49.555277,54.189503],[49.555094,54.189655],[49.555013,54.189671],[49.555013,54.189591],[49.554908,54.189595],[49.554791,54.189645],[49.554779,54.189588],[49.554846,54.189469],[49.554988,54.189321],[49.555081,54.189173],[49.554994,54.189047],[49.554927,54.188989],[49.554772,54.188957],[49.554809,54.188618],[49.554877,54.18843],[49.555013,54.188265],[49.555118,54.188232],[49.555278,54.188146],[49.555241,54.188066],[49.555062,54.187973],[49.554945,54.187857],[49.55492,54.187745],[49.55492,54.187637],[49.55492,54.187561],[49.554772,54.18754],[49.554742,54.187417],[49.55485,54.187399],[49.554976,54.187396],[49.555105,54.187406],[49.555543,54.187341]]]}},{"type":"Feature","properties":{"full_id":"w1103712271","osm_id":"1103712271","osm_type":"way","natural":"wood","grassland":null,"wetland":null,"water":null,"leisure":null,"religion":null,"name":null,"landuse":null,"description":null,"wood:density":null,"leaf_cycle":null,"leaf_type":null,"type":null,"full_id_2":"r2621608","osm_id_2":"2621608","osm_type_2":"relation","boundary":"administrative","source:url":"http://www.dumadgrad.ru/files/o_gorode/genplan/prilozh/1.rar","old_name":"Мелекес","wikipedia":"ru:Городской округ Димитровград","wikidata":"Q4145659","website":null,"type_2":"boundary","population":null,"official_status":"ru:городской округ","name:tt":null,"name:ru":"городской округ Димитровград","name:ja":"ディミトロフグラード管区","name:en":null,"name_2":"городской округ Димитровград","admin_level":"6","addr:region":null,"addr:country":null},"geometry":{"type":"Polygon","coordinates":[[[49.56108,54.231055],[49.56102,54.23103],[49.560769,54.230925],[49.560603,54.230825],[49.560496,54.230716],[49.560475,54.230654],[49.560571,54.230562],[49.560617,54.230544],[49.560726,54.230575],[49.560832,54.230662],[49.560843,54.230604],[49.560864,54.230565],[49.560818,54.230517],[49.560723,54.230505],[49.560776,54.230455],[49.560879,54.230478],[49.560932,54.23048],[49.561027,54.230414],[49.561158,54.230362],[49.561254,54.230347],[49.561406,54.230378],[49.561586,54.230482],[49.561749,54.230558],[49.561855,54.23056],[49.561905,54.230589],[49.561923,54.230647],[49.561954,54.230695],[49.562001,54.230718],[49.562082,54.230685],[49.562177,54.230724],[49.562181,54.230802],[49.562362,54.230889],[49.562436,54.230871],[49.562507,54.230927],[49.562634,54.230893],[49.562754,54.230827],[49.562839,54.230838],[49.56285,54.230908],[49.56285,54.230991],[49.562811,54.231113],[49.562754,54.23114],[49.562754,54.231216],[49.562696,54.231279],[49.562635,54.231293],[49.562517,54.231233],[49.5625,54.231171],[49.56257,54.231146],[49.562623,54.231094],[49.562638,54.231018],[49.562464,54.231117],[49.562351,54.2311],[49.562315,54.231036],[49.562287,54.230989],[49.562213,54.230945],[49.5621,54.230935],[49.562004,54.230997],[49.561908,54.231026],[49.561855,54.230964],[49.561827,54.230873],[49.561834,54.230796],[49.561647,54.230877],[49.561565,54.230881],[49.561494,54.230842],[49.561554,54.230794],[49.561657,54.230767],[49.561668,54.230722],[49.561583,54.230685],[49.56148,54.230668],[49.561462,54.23062],[49.56154,54.23062],[49.561516,54.230581],[49.561427,54.230562],[49.561335,54.230542],[49.561239,54.230583],[49.561236,54.230635],[49.561321,54.230693],[49.561335,54.230738],[49.561218,54.23085],[49.56114,54.230873],[49.561045,54.230925],[49.561109,54.230991],[49.561151,54.231007],[49.561123,54.231036],[49.56108,54.231055]]]}},{"type":"Feature","properties":{"full_id":"w1103712272","osm_id":"1103712272","osm_type":"way","natural":"wood","grassland":null,"wetland":null,"water":null,"leisure":null,"religion":null,"name":null,"landuse":null,"description":null,"wood:density":null,"leaf_cycle":null,"leaf_type":null,"type":null,"full_id_2":"r2621608","osm_id_2":"2621608","osm_type_2":"relation","boundary":"administrative","source:url":"http://www.dumadgrad.ru/files/o_gorode/genplan/prilozh/1.rar","old_name":"Мелекес","wikipedia":"ru:Городской округ Димитровград","wikidata":"Q4145659","website":null,"type_2":"boundary","population":null,"official_status":"ru:городской округ","name:tt":null,"name:ru":"городской округ Димитровград","name:ja":"ディミトロフグラード管区","name:en":null,"name_2":"городской округ Димитровград","admin_level":"6","addr:region":null,"addr:country":null},"geometry":{"type":"Polygon","coordinates":[[[49.558578,54.231318],[49.558412,54.231223],[49.557806,54.230881],[49.557782,54.230813],[49.557817,54.230761],[49.557697,54.230678],[49.557513,54.23062],[49.557559,54.230556],[49.557775,54.230459],[49.558015,54.230571],[49.558369,54.230773],[49.55849,54.230877],[49.558564,54.230873],[49.55861,54.230778],[49.558716,54.230726],[49.558766,54.230736],[49.558819,54.230856],[49.558819,54.230972],[49.5589,54.231005],[49.559024,54.231043],[49.559059,54.231127],[49.559141,54.23109],[49.55919,54.231024],[49.559258,54.231016],[49.559318,54.231051],[49.559342,54.231146],[49.559435,54.231164],[49.559597,54.231127],[49.559693,54.231049],[49.559767,54.231026],[49.559923,54.231003],[49.560086,54.230952],[49.560174,54.230873],[49.560231,54.230833],[49.560341,54.230875],[49.560401,54.230873],[49.560103,54.231054],[49.56031,54.231188],[49.560007,54.231524],[49.560036,54.231657],[49.560098,54.23174],[49.559816,54.231985],[49.559753,54.232071],[49.559827,54.232166],[49.559976,54.232215],[49.560107,54.232282],[49.560302,54.232352],[49.560479,54.232387],[49.559863,54.232433],[49.559258,54.23248],[49.55925,54.232364],[49.559247,54.232261],[49.559243,54.232129],[49.559222,54.231959],[49.558911,54.231959],[49.55855,54.231949],[49.558355,54.231957],[49.558274,54.232019],[49.558298,54.232519],[49.558359,54.232573],[49.558313,54.232598],[49.557679,54.232238],[49.557771,54.232197],[49.557962,54.232089],[49.558189,54.231949],[49.558589,54.231713],[49.558589,54.231638],[49.558681,54.231558],[49.558755,54.231485],[49.558744,54.231435],[49.558667,54.231444],[49.558585,54.231514],[49.5585,54.231496],[49.558472,54.231481],[49.55855,54.231396],[49.558493,54.231373],[49.558578,54.231318]]]}},{"type":"Feature","properties":{"full_id":"w1103712943","osm_id":"1103712943","osm_type":"way","natural":"wood","grassland":null,"wetland":null,"water":null,"leisure":null,"religion":null,"name":null,"landuse":null,"description":null,"wood:density":null,"leaf_cycle":null,"leaf_type":null,"type":null,"full_id_2":"r2621608","osm_id_2":"2621608","osm_type_2":"relation","boundary":"administrative","source:url":"http://www.dumadgrad.ru/files/o_gorode/genplan/prilozh/1.rar","old_name":"Мелекес","wikipedia":"ru:Городской округ Димитровград","wikidata":"Q4145659","website":null,"type_2":"boundary","population":null,"official_status":"ru:городской округ","name:tt":null,"name:ru":"городской округ Димитровград","name:ja":"ディミトロフグラード管区","name:en":null,"name_2":"городской округ Димитровград","admin_level":"6","addr:region":null,"addr:country":null},"geometry":{"type":"Polygon","coordinates":[[[49.55816,54.241221],[49.557996,54.241238],[49.55794,54.241166],[49.55787,54.241067],[49.557902,54.24099],[49.557937,54.240888],[49.558002,54.240827],[49.557996,54.240796],[49.557927,54.240763],[49.557897,54.24069],[49.557878,54.240633],[49.557862,54.240481],[49.55776,54.240454],[49.557648,54.240439],[49.557771,54.240377],[49.557884,54.240359],[49.558006,54.24026],[49.558198,54.240135],[49.558309,54.240122],[49.558299,54.240223],[49.558163,54.24036],[49.558079,54.240525],[49.558087,54.240704],[49.558146,54.240733],[49.558179,54.240838],[49.558128,54.240907],[49.558082,54.240975],[49.5582,54.241026],[49.55816,54.241221]]]}},{"type":"Feature","properties":{"full_id":"w1103712944","osm_id":"1103712944","osm_type":"way","natural":"wood","grassland":null,"wetland":null,"water":null,"leisure":null,"religion":null,"name":null,"landuse":null,"description":null,"wood:density":null,"leaf_cycle":null,"leaf_type":null,"type":null,"full_id_2":"r2621608","osm_id_2":"2621608","osm_type_2":"relation","boundary":"administrative","source:url":"http://www.dumadgrad.ru/files/o_gorode/genplan/prilozh/1.rar","old_name":"Мелекес","wikipedia":"ru:Городской округ Димитровград","wikidata":"Q4145659","website":null,"type_2":"boundary","population":null,"official_status":"ru:городской округ","name:tt":null,"name:ru":"городской округ Димитровград","name:ja":"ディミトロフグラード管区","name:en":null,"name_2":"городской округ Димитровград","admin_level":"6","addr:region":null,"addr:country":null},"geometry":{"type":"Polygon","coordinates":[[[49.55823,54.239937],[49.55831,54.23999],[49.558031,54.240156],[49.557707,54.240299],[49.557379,54.240429],[49.557159,54.240443],[49.557041,54.240435],[49.557001,54.240345],[49.557039,54.240178],[49.557082,54.239747],[49.557063,54.239578],[49.556939,54.239461],[49.556956,54.239243],[49.557074,54.239174],[49.557261,54.239141],[49.557637,54.23915],[49.557736,54.23905],[49.557763,54.238758],[49.557755,54.238664],[49.557806,54.238628],[49.557908,54.23862],[49.557996,54.238647],[49.55805,54.238703],[49.558109,54.238893],[49.558106,54.239089],[49.558055,54.239283],[49.557948,54.239424],[49.557956,54.239511],[49.557889,54.239638],[49.557747,54.239749],[49.557677,54.239924],[49.557809,54.2399],[49.557884,54.239843],[49.557994,54.239876],[49.558082,54.239888],[49.558141,54.239895],[49.55823,54.239937]]]}},{"type":"Feature","properties":{"full_id":"w1103712977","osm_id":"1103712977","osm_type":"way","natural":"wood","grassland":null,"wetland":null,"water":null,"leisure":null,"religion":null,"name":null,"landuse":null,"description":null,"wood:density":null,"leaf_cycle":null,"leaf_type":null,"type":null,"full_id_2":"r2621608","osm_id_2":"2621608","osm_type_2":"relation","boundary":"administrative","source:url":"http://www.dumadgrad.ru/files/o_gorode/genplan/prilozh/1.rar","old_name":"Мелекес","wikipedia":"ru:Городской округ Димитровград","wikidata":"Q4145659","website":null,"type_2":"boundary","population":null,"official_status":"ru:городской округ","name:tt":null,"name:ru":"городской округ Димитровград","name:ja":"ディミトロフグラード管区","name:en":null,"name_2":"городской округ Димитровград","admin_level":"6","addr:region":null,"addr:country":null},"geometry":{"type":"Polygon","coordinates":[[[49.559244,54.239744],[49.559227,54.239874],[49.558836,54.239866],[49.558884,54.239381],[49.5589,54.239251],[49.559182,54.23926],[49.559394,54.239225],[49.55948,54.239244],[49.55952,54.23936],[49.559595,54.239429],[49.559579,54.239486],[49.559504,54.239581],[49.559461,54.239658],[49.559399,54.239694],[49.559319,54.239743],[49.559244,54.239744]]]}},{"type":"Feature","properties":{"full_id":"w1103712979","osm_id":"1103712979","osm_type":"way","natural":"wood","grassland":null,"wetland":null,"water":null,"leisure":null,"religion":null,"name":null,"landuse":null,"description":null,"wood:density":null,"leaf_cycle":null,"leaf_type":null,"type":null,"full_id_2":"r2621608","osm_id_2":"2621608","osm_type_2":"relation","boundary":"administrative","source:url":"http://www.dumadgrad.ru/files/o_gorode/genplan/prilozh/1.rar","old_name":"Мелекес","wikipedia":"ru:Городской округ Димитровград","wikidata":"Q4145659","website":null,"type_2":"boundary","population":null,"official_status":"ru:городской округ","name:tt":null,"name:ru":"городской округ Димитровград","name:ja":"ディミトロフグラード管区","name:en":null,"name_2":"городской округ Димитровград","admin_level":"6","addr:region":null,"addr:country":null},"geometry":{"type":"Polygon","coordinates":[[[49.560488,54.239729],[49.560308,54.239808],[49.560271,54.239744],[49.560295,54.23971],[49.560349,54.239646],[49.560392,54.239572],[49.560381,54.239431],[49.560357,54.239334],[49.560354,54.239232],[49.560365,54.239158],[49.560392,54.239124],[49.560429,54.239138],[49.560429,54.239182],[49.560456,54.239263],[49.56048,54.239403],[49.560547,54.239533],[49.560646,54.23961],[49.560617,54.239658],[49.560488,54.239729]]]}},{"type":"Feature","properties":{"full_id":"w1103712980","osm_id":"1103712980","osm_type":"way","natural":"wood","grassland":null,"wetland":null,"water":null,"leisure":null,"religion":null,"name":null,"landuse":null,"description":null,"wood:density":null,"leaf_cycle":null,"leaf_type":null,"type":null,"full_id_2":"r2621608","osm_id_2":"2621608","osm_type_2":"relation","boundary":"administrative","source:url":"http://www.dumadgrad.ru/files/o_gorode/genplan/prilozh/1.rar","old_name":"Мелекес","wikipedia":"ru:Городской округ Димитровград","wikidata":"Q4145659","website":null,"type_2":"boundary","population":null,"official_status":"ru:городской округ","name:tt":null,"name:ru":"городской округ Димитровград","name:ja":"ディミトロフグラード管区","name:en":null,"name_2":"городской округ Димитровград","admin_level":"6","addr:region":null,"addr:country":null},"geometry":{"type":"Polygon","coordinates":[[[49.559348,54.239131],[49.559276,54.239119],[49.55923,54.239066],[49.559305,54.239008],[49.559429,54.238987],[49.559501,54.238953],[49.559528,54.238976],[49.559536,54.239012],[49.559453,54.239061],[49.559388,54.239105],[49.559348,54.239131]]]}},{"type":"Feature","properties":{"full_id":"w1103712981","osm_id":"1103712981","osm_type":"way","natural":"wood","grassland":null,"wetland":null,"water":null,"leisure":null,"religion":null,"name":null,"landuse":null,"description":null,"wood:density":null,"leaf_cycle":null,"leaf_type":null,"type":null,"full_id_2":"r2621608","osm_id_2":"2621608","osm_type_2":"relation","boundary":"administrative","source:url":"http://www.dumadgrad.ru/files/o_gorode/genplan/prilozh/1.rar","old_name":"Мелекес","wikipedia":"ru:Городской округ Димитровград","wikidata":"Q4145659","website":null,"type_2":"boundary","population":null,"official_status":"ru:городской округ","name:tt":null,"name:ru":"городской округ Димитровград","name:ja":"ディミトロフグラード管区","name:en":null,"name_2":"городской округ Димитровград","admin_level":"6","addr:region":null,"addr:country":null},"geometry":{"type":"Polygon","coordinates":[[[49.559343,54.238906],[49.559219,54.238964],[49.559029,54.238956],[49.558914,54.238909],[49.558793,54.238722],[49.558793,54.238677],[49.55828,54.238678],[49.55827,54.238663],[49.558177,54.238592],[49.55835,54.238572],[49.558506,54.238627],[49.55868,54.238618],[49.558726,54.238586],[49.55871,54.238481],[49.558656,54.238432],[49.558753,54.238393],[49.558873,54.238443],[49.559139,54.238439],[49.55941,54.238431],[49.559434,54.238492],[49.559418,54.238671],[49.559359,54.238786],[49.559343,54.238906]]]}},{"type":"Feature","properties":{"full_id":"w1103713845","osm_id":"1103713845","osm_type":"way","natural":"wood","grassland":null,"wetland":null,"water":null,"leisure":null,"religion":null,"name":null,"landuse":null,"description":null,"wood:density":null,"leaf_cycle":null,"leaf_type":null,"type":null,"full_id_2":"r2621608","osm_id_2":"2621608","osm_type_2":"relation","boundary":"administrative","source:url":"http://www.dumadgrad.ru/files/o_gorode/genplan/prilozh/1.rar","old_name":"Мелекес","wikipedia":"ru:Городской округ Димитровград","wikidata":"Q4145659","website":null,"type_2":"boundary","population":null,"official_status":"ru:городской округ","name:tt":null,"name:ru":"городской округ Димитровград","name:ja":"ディミトロフグラード管区","name:en":null,"name_2":"городской округ Димитровград","admin_level":"6","addr:region":null,"addr:country":null},"geometry":{"type":"Polygon","coordinates":[[[49.560021,54.237335],[49.55993,54.237323],[49.559895,54.237268],[49.55971,54.237225],[49.559613,54.2372],[49.559581,54.237134],[49.559627,54.237092],[49.559694,54.237062],[49.559836,54.237018],[49.559938,54.237056],[49.560112,54.237084],[49.560263,54.237125],[49.560241,54.237229],[49.560163,54.237271],[49.560064,54.237315],[49.560021,54.237335]]]}},{"type":"Feature","properties":{"full_id":"w1103713846","osm_id":"1103713846","osm_type":"way","natural":"wood","grassland":null,"wetland":null,"water":null,"leisure":null,"religion":null,"name":null,"landuse":null,"description":null,"wood:density":null,"leaf_cycle":null,"leaf_type":null,"type":null,"full_id_2":"r2621608","osm_id_2":"2621608","osm_type_2":"relation","boundary":"administrative","source:url":"http://www.dumadgrad.ru/files/o_gorode/genplan/prilozh/1.rar","old_name":"Мелекес","wikipedia":"ru:Городской округ Димитровград","wikidata":"Q4145659","website":null,"type_2":"boundary","population":null,"official_status":"ru:городской округ","name:tt":null,"name:ru":"городской округ Димитровград","name:ja":"ディミトロフグラード管区","name:en":null,"name_2":"городской округ Димитровград","admin_level":"6","addr:region":null,"addr:country":null},"geometry":{"type":"Polygon","coordinates":[[[49.55897,54.236895],[49.558889,54.236939],[49.558629,54.236813],[49.558503,54.236838],[49.558345,54.236843],[49.558283,54.236804],[49.558192,54.236818],[49.558095,54.23687],[49.557967,54.236827],[49.55794,54.236727],[49.557956,54.236658],[49.558063,54.2366],[49.558157,54.236592],[49.558313,54.236628],[49.558492,54.236545],[49.558693,54.23665],[49.558774,54.236616],[49.558892,54.236647],[49.559053,54.236562],[49.559171,54.236487],[49.559284,54.236517],[49.559278,54.236575],[49.55916,54.236699],[49.559058,54.236783],[49.558935,54.236844],[49.55897,54.236895]]]}},{"type":"Feature","properties":{"full_id":"w1103713847","osm_id":"1103713847","osm_type":"way","natural":"wood","grassland":null,"wetland":null,"water":null,"leisure":null,"religion":null,"name":null,"landuse":null,"description":null,"wood:density":null,"leaf_cycle":null,"leaf_type":null,"type":null,"full_id_2":"r2621608","osm_id_2":"2621608","osm_type_2":"relation","boundary":"administrative","source:url":"http://www.dumadgrad.ru/files/o_gorode/genplan/prilozh/1.rar","old_name":"Мелекес","wikipedia":"ru:Городской округ Димитровград","wikidata":"Q4145659","website":null,"type_2":"boundary","population":null,"official_status":"ru:городской округ","name:tt":null,"name:ru":"городской округ Димитровград","name:ja":"ディミトロフグラード管区","name:en":null,"name_2":"городской округ Димитровград","admin_level":"6","addr:region":null,"addr:country":null},"geometry":{"type":"Polygon","coordinates":[[[49.559388,54.236297],[49.559316,54.236277],[49.559179,54.2362],[49.559077,54.236139],[49.559034,54.2361],[49.559123,54.236039],[49.559265,54.236037],[49.559458,54.236083],[49.559463,54.236148],[49.559525,54.236167],[49.559528,54.236207],[49.559431,54.236272],[49.559388,54.236297]]]}},{"type":"Feature","properties":{"full_id":"w1103713848","osm_id":"1103713848","osm_type":"way","natural":"wood","grassland":null,"wetland":null,"water":null,"leisure":null,"religion":null,"name":null,"landuse":null,"description":null,"wood:density":null,"leaf_cycle":null,"leaf_type":null,"type":null,"full_id_2":"r2621608","osm_id_2":"2621608","osm_type_2":"relation","boundary":"administrative","source:url":"http://www.dumadgrad.ru/files/o_gorode/genplan/prilozh/1.rar","old_name":"Мелекес","wikipedia":"ru:Городской округ Димитровград","wikidata":"Q4145659","website":null,"type_2":"boundary","population":null,"official_status":"ru:городской округ","name:tt":null,"name:ru":"городской округ Димитровград","name:ja":"ディミトロフグラード管区","name:en":null,"name_2":"городской округ Димитровград","admin_level":"6","addr:region":null,"addr:country":null},"geometry":{"type":"Polygon","coordinates":[[[49.562365,54.235761],[49.562306,54.235653],[49.561754,54.235355],[49.562041,54.235172],[49.562607,54.235415],[49.562462,54.235536],[49.562553,54.235595],[49.562666,54.235521],[49.562762,54.235514],[49.562888,54.235545],[49.56295,54.235529],[49.563039,54.235573],[49.563074,54.235652],[49.5632,54.235653],[49.563323,54.235581],[49.56342,54.235572],[49.563422,54.235785],[49.563082,54.235813],[49.5632,54.236362],[49.563175,54.236451],[49.562964,54.236453],[49.562811,54.236379],[49.562451,54.236181],[49.562288,54.236091],[49.562333,54.236039],[49.562425,54.236017],[49.562432,54.235967],[49.562373,54.235855],[49.562365,54.235761]]]}},{"type":"Feature","properties":{"full_id":"w1103713849","osm_id":"1103713849","osm_type":"way","natural":"wood","grassland":null,"wetland":null,"water":null,"leisure":null,"religion":null,"name":null,"landuse":null,"description":null,"wood:density":null,"leaf_cycle":null,"leaf_type":null,"type":null,"full_id_2":"r2621608","osm_id_2":"2621608","osm_type_2":"relation","boundary":"administrative","source:url":"http://www.dumadgrad.ru/files/o_gorode/genplan/prilozh/1.rar","old_name":"Мелекес","wikipedia":"ru:Городской округ Димитровград","wikidata":"Q4145659","website":null,"type_2":"boundary","population":null,"official_status":"ru:городской округ","name:tt":null,"name:ru":"городской округ Димитровград","name:ja":"ディミトロフグラード管区","name:en":null,"name_2":"городской округ Димитровград","admin_level":"6","addr:region":null,"addr:country":null},"geometry":{"type":"Polygon","coordinates":[[[49.563602,54.235498],[49.563522,54.235503],[49.563428,54.235431],[49.563473,54.235394],[49.563696,54.235376],[49.563859,54.235332],[49.564106,54.235161],[49.564289,54.235047],[49.564372,54.235018],[49.564589,54.235061],[49.564745,54.23514],[49.564828,54.235252],[49.564983,54.235325],[49.565136,54.235316],[49.565179,54.235376],[49.565182,54.235415],[49.565273,54.235434],[49.565372,54.23546],[49.565402,54.235499],[49.56556,54.235517],[49.565576,54.235619],[49.565512,54.235714],[49.565453,54.235758],[49.565496,54.235838],[49.565536,54.235949],[49.565697,54.235971],[49.565871,54.235852],[49.566043,54.235735],[49.566252,54.235741],[49.566362,54.235581],[49.566407,54.235451],[49.566308,54.235369],[49.566284,54.235297],[49.566209,54.23528],[49.566,54.235346],[49.565882,54.235297],[49.56582,54.235253],[49.565949,54.235164],[49.566075,54.235084],[49.56619,54.235026],[49.5664,54.235147],[49.566684,54.235315],[49.56689,54.235429],[49.567065,54.235525],[49.567212,54.235556],[49.567188,54.235678],[49.566922,54.235696],[49.56685,54.235763],[49.566719,54.235898],[49.566759,54.236053],[49.566815,54.236122],[49.567011,54.236127],[49.567252,54.236062],[49.567325,54.236037],[49.567459,54.23607],[49.567738,54.236023],[49.567749,54.235916],[49.567926,54.235898],[49.568154,54.235888],[49.56829,54.235888],[49.568518,54.235993],[49.568658,54.236445],[49.568516,54.236445],[49.568438,54.236398],[49.568357,54.236122],[49.568191,54.236133],[49.56814,54.236083],[49.568022,54.236106],[49.568025,54.236185],[49.567778,54.236191],[49.567762,54.236327],[49.567802,54.236437],[49.567526,54.236638],[49.567419,54.236683],[49.567228,54.236758],[49.566949,54.236721],[49.56677,54.236554],[49.566477,54.236308],[49.565646,54.236349],[49.56563,54.23649],[49.565509,54.236572],[49.565501,54.236743],[49.565466,54.236877],[49.565683,54.236888],[49.565922,54.236848],[49.566182,54.236898],[49.56622,54.237042],[49.566405,54.237011],[49.566464,54.237018],[49.566518,54.237296],[49.566306,54.237296],[49.566236,54.237341],[49.56608,54.237302],[49.565933,54.237296],[49.565828,54.23734],[49.565761,54.237381],[49.565227,54.237414],[49.565029,54.236631],[49.564562,54.23666],[49.564678,54.237284],[49.564141,54.237308],[49.564187,54.237199],[49.564324,54.237124],[49.564385,54.237058],[49.564444,54.236926],[49.564302,54.236294],[49.563988,54.236318],[49.563969,54.236217],[49.563795,54.236233],[49.563908,54.236652],[49.563723,54.236628],[49.563631,54.236014],[49.56379,54.235992],[49.563929,54.236073],[49.564179,54.23604],[49.564356,54.236076],[49.56457,54.236081],[49.564814,54.236018],[49.565005,54.235946],[49.565064,54.23586],[49.565048,54.235766],[49.564895,54.235675],[49.56493,54.235578],[49.564911,54.235387],[49.564804,54.235333],[49.564117,54.235377],[49.563701,54.235413],[49.563602,54.235498]]]}},{"type":"Feature","properties":{"full_id":"w1103713850","osm_id":"1103713850","osm_type":"way","natural":"wood","grassland":null,"wetland":null,"water":null,"leisure":null,"religion":null,"name":null,"landuse":null,"description":null,"wood:density":null,"leaf_cycle":null,"leaf_type":null,"type":null,"full_id_2":"r2621608","osm_id_2":"2621608","osm_type_2":"relation","boundary":"administrative","source:url":"http://www.dumadgrad.ru/files/o_gorode/genplan/prilozh/1.rar","old_name":"Мелекес","wikipedia":"ru:Городской округ Димитровград","wikidata":"Q4145659","website":null,"type_2":"boundary","population":null,"official_status":"ru:городской округ","name:tt":null,"name:ru":"городской округ Димитровград","name:ja":"ディミトロフグラード管区","name:en":null,"name_2":"городской округ Димитровград","admin_level":"6","addr:region":null,"addr:country":null},"geometry":{"type":"Polygon","coordinates":[[[49.565724,54.235227],[49.565675,54.235208],[49.5656,54.235167],[49.565463,54.235161],[49.56534,54.235119],[49.565345,54.235051],[49.565442,54.235018],[49.565573,54.235059],[49.565769,54.23507],[49.565871,54.235023],[49.565941,54.235032],[49.565954,54.235067],[49.565724,54.235227]]]}},{"type":"Feature","properties":{"full_id":"w1103713851","osm_id":"1103713851","osm_type":"way","natural":"wood","grassland":null,"wetland":null,"water":null,"leisure":null,"religion":null,"name":null,"landuse":null,"description":null,"wood:density":null,"leaf_cycle":null,"leaf_type":null,"type":null,"full_id_2":"r2621608","osm_id_2":"2621608","osm_type_2":"relation","boundary":"administrative","source:url":"http://www.dumadgrad.ru/files/o_gorode/genplan/prilozh/1.rar","old_name":"Мелекес","wikipedia":"ru:Городской округ Димитровград","wikidata":"Q4145659","website":null,"type_2":"boundary","population":null,"official_status":"ru:городской округ","name:tt":null,"name:ru":"городской округ Димитровград","name:ja":"ディミトロフグラード管区","name:en":null,"name_2":"городской округ Димитровград","admin_level":"6","addr:region":null,"addr:country":null},"geometry":{"type":"Polygon","coordinates":[[[49.568172,54.235821],[49.568119,54.235827],[49.567824,54.235724],[49.567714,54.235692],[49.567641,54.235634],[49.567395,54.235647],[49.567295,54.235601],[49.567266,54.235554],[49.567277,54.235532],[49.567445,54.235542],[49.567657,54.235615],[49.568172,54.235821]]]}},{"type":"Feature","properties":{"full_id":"w1103713852","osm_id":"1103713852","osm_type":"way","natural":"wood","grassland":null,"wetland":null,"water":null,"leisure":null,"religion":null,"name":null,"landuse":null,"description":null,"wood:density":null,"leaf_cycle":null,"leaf_type":null,"type":null,"full_id_2":"r2621608","osm_id_2":"2621608","osm_type_2":"relation","boundary":"administrative","source:url":"http://www.dumadgrad.ru/files/o_gorode/genplan/prilozh/1.rar","old_name":"Мелекес","wikipedia":"ru:Городской округ Димитровград","wikidata":"Q4145659","website":null,"type_2":"boundary","population":null,"official_status":"ru:городской округ","name:tt":null,"name:ru":"городской округ Димитровград","name:ja":"ディミトロフグラード管区","name:en":null,"name_2":"городской округ Димитровград","admin_level":"6","addr:region":null,"addr:country":null},"geometry":{"type":"Polygon","coordinates":[[[49.567303,54.235506],[49.567271,54.235495],[49.56736,54.235401],[49.567432,54.235379],[49.567749,54.235373],[49.56828,54.235357],[49.568529,54.235343],[49.568736,54.235282],[49.568881,54.2353],[49.568998,54.235256],[49.56917,54.235297],[49.569433,54.235362],[49.569323,54.235446],[49.569178,54.235528],[49.568856,54.235721],[49.568698,54.235771],[49.568451,54.23579],[49.568215,54.235793],[49.568172,54.235788],[49.567483,54.235514],[49.567303,54.235506]]]}},{"type":"Feature","properties":{"full_id":"w1103713853","osm_id":"1103713853","osm_type":"way","natural":"wood","grassland":null,"wetland":null,"water":null,"leisure":null,"religion":null,"name":null,"landuse":null,"description":null,"wood:density":null,"leaf_cycle":null,"leaf_type":null,"type":null,"full_id_2":"r2621608","osm_id_2":"2621608","osm_type_2":"relation","boundary":"administrative","source:url":"http://www.dumadgrad.ru/files/o_gorode/genplan/prilozh/1.rar","old_name":"Мелекес","wikipedia":"ru:Городской округ Димитровград","wikidata":"Q4145659","website":null,"type_2":"boundary","population":null,"official_status":"ru:городской округ","name:tt":null,"name:ru":"городской округ Димитровград","name:ja":"ディミトロフグラード管区","name:en":null,"name_2":"городской округ Димитровград","admin_level":"6","addr:region":null,"addr:country":null},"geometry":{"type":"Polygon","coordinates":[[[49.569291,54.235786],[49.569227,54.235851],[49.568872,54.23589],[49.568851,54.235998],[49.568891,54.236161],[49.569202,54.236202],[49.569395,54.236191],[49.569664,54.236101],[49.570122,54.236069],[49.570173,54.236285],[49.569049,54.236344],[49.568881,54.236392],[49.56876,54.236464],[49.568693,54.236396],[49.568551,54.235959],[49.568725,54.235877],[49.568894,54.235819],[49.569071,54.235807],[49.569291,54.235786]]]}},{"type":"Feature","properties":{"full_id":"w1103713854","osm_id":"1103713854","osm_type":"way","natural":"wood","grassland":null,"wetland":null,"water":null,"leisure":null,"religion":null,"name":null,"landuse":null,"description":null,"wood:density":null,"leaf_cycle":null,"leaf_type":null,"type":null,"full_id_2":"r2621608","osm_id_2":"2621608","osm_type_2":"relation","boundary":"administrative","source:url":"http://www.dumadgrad.ru/files/o_gorode/genplan/prilozh/1.rar","old_name":"Мелекес","wikipedia":"ru:Городской округ Димитровград","wikidata":"Q4145659","website":null,"type_2":"boundary","population":null,"official_status":"ru:городской округ","name:tt":null,"name:ru":"городской округ Димитровград","name:ja":"ディミトロフグラード管区","name:en":null,"name_2":"городской округ Димитровград","admin_level":"6","addr:region":null,"addr:country":null},"geometry":{"type":"Polygon","coordinates":[[[49.569264,54.235735],[49.568948,54.235735],[49.569484,54.235405],[49.569497,54.235451],[49.569481,54.235573],[49.569495,54.235675],[49.569422,54.235744],[49.569264,54.235735]]]}},{"type":"Feature","properties":{"full_id":"w1103718011","osm_id":"1103718011","osm_type":"way","natural":"wood","grassland":null,"wetland":null,"water":null,"leisure":null,"religion":null,"name":null,"landuse":null,"description":null,"wood:density":null,"leaf_cycle":null,"leaf_type":null,"type":null,"full_id_2":"r2621608","osm_id_2":"2621608","osm_type_2":"relation","boundary":"administrative","source:url":"http://www.dumadgrad.ru/files/o_gorode/genplan/prilozh/1.rar","old_name":"Мелекес","wikipedia":"ru:Городской округ Димитровград","wikidata":"Q4145659","website":null,"type_2":"boundary","population":null,"official_status":"ru:городской округ","name:tt":null,"name:ru":"городской округ Димитровград","name:ja":"ディミトロフグラード管区","name:en":null,"name_2":"городской округ Димитровград","admin_level":"6","addr:region":null,"addr:country":null},"geometry":{"type":"Polygon","coordinates":[[[49.573298,54.235467],[49.573223,54.235517],[49.573043,54.235537],[49.572971,54.235503],[49.572915,54.235377],[49.572901,54.235241],[49.572874,54.235117],[49.572882,54.235098],[49.573068,54.23513],[49.573156,54.235159],[49.57307,54.235224],[49.573027,54.235344],[49.573105,54.23533],[49.573231,54.235325],[49.573293,54.235442],[49.573298,54.235467]]]}},{"type":"Feature","properties":{"full_id":"w1103718014","osm_id":"1103718014","osm_type":"way","natural":"wood","grassland":null,"wetland":null,"water":null,"leisure":null,"religion":null,"name":null,"landuse":null,"description":null,"wood:density":null,"leaf_cycle":null,"leaf_type":null,"type":null,"full_id_2":"r2621608","osm_id_2":"2621608","osm_type_2":"relation","boundary":"administrative","source:url":"http://www.dumadgrad.ru/files/o_gorode/genplan/prilozh/1.rar","old_name":"Мелекес","wikipedia":"ru:Городской округ Димитровград","wikidata":"Q4145659","website":null,"type_2":"boundary","population":null,"official_status":"ru:городской округ","name:tt":null,"name:ru":"городской округ Димитровград","name:ja":"ディミトロフグラード管区","name:en":null,"name_2":"городской округ Димитровград","admin_level":"6","addr:region":null,"addr:country":null},"geometry":{"type":"Polygon","coordinates":[[[49.575688,54.244378],[49.575621,54.244506],[49.575559,54.244606],[49.575382,54.244686],[49.575208,54.244707],[49.575015,54.244697],[49.574996,54.244602],[49.575101,54.244526],[49.575184,54.244467],[49.575355,54.244467],[49.575524,54.244401],[49.575624,54.244367],[49.575688,54.244378]]]}},{"type":"Feature","properties":{"full_id":"w1103718015","osm_id":"1103718015","osm_type":"way","natural":"wood","grassland":null,"wetland":null,"water":null,"leisure":null,"religion":null,"name":null,"landuse":null,"description":null,"wood:density":null,"leaf_cycle":null,"leaf_type":null,"type":null,"full_id_2":"r2621608","osm_id_2":"2621608","osm_type_2":"relation","boundary":"administrative","source:url":"http://www.dumadgrad.ru/files/o_gorode/genplan/prilozh/1.rar","old_name":"Мелекес","wikipedia":"ru:Городской округ Димитровград","wikidata":"Q4145659","website":null,"type_2":"boundary","population":null,"official_status":"ru:городской округ","name:tt":null,"name:ru":"городской округ Димитровград","name:ja":"ディミトロフグラード管区","name:en":null,"name_2":"городской округ Димитровград","admin_level":"6","addr:region":null,"addr:country":null},"geometry":{"type":"Polygon","coordinates":[[[49.57597,54.244526],[49.5759,54.244516],[49.575809,54.244472],[49.575811,54.244417],[49.575862,54.24436],[49.575924,54.244318],[49.576007,54.244338],[49.576088,54.244382],[49.576283,54.24439],[49.576485,54.244404],[49.576613,54.244439],[49.576615,54.244484],[49.576338,54.244518],[49.57597,54.244526]]]}},{"type":"Feature","properties":{"full_id":"w1103718126","osm_id":"1103718126","osm_type":"way","natural":"wood","grassland":null,"wetland":null,"water":null,"leisure":null,"religion":null,"name":null,"landuse":null,"description":null,"wood:density":null,"leaf_cycle":null,"leaf_type":null,"type":null,"full_id_2":"r2621608","osm_id_2":"2621608","osm_type_2":"relation","boundary":"administrative","source:url":"http://www.dumadgrad.ru/files/o_gorode/genplan/prilozh/1.rar","old_name":"Мелекес","wikipedia":"ru:Городской округ Димитровград","wikidata":"Q4145659","website":null,"type_2":"boundary","population":null,"official_status":"ru:городской округ","name:tt":null,"name:ru":"городской округ Димитровград","name:ja":"ディミトロフグラード管区","name:en":null,"name_2":"городской округ Димитровград","admin_level":"6","addr:region":null,"addr:country":null},"geometry":{"type":"Polygon","coordinates":[[[49.578649,54.244478],[49.578555,54.244509],[49.577734,54.244572],[49.577568,54.244525],[49.577493,54.244387],[49.577469,54.244255],[49.577466,54.244139],[49.577525,54.24408],[49.57767,54.24402],[49.577828,54.243976],[49.577976,54.24392],[49.578038,54.243903],[49.578064,54.243969],[49.57808,54.244044],[49.578239,54.244053],[49.578485,54.244086],[49.578502,54.244215],[49.578614,54.244266],[49.57866,54.244409],[49.578649,54.244478]]]}},{"type":"Feature","properties":{"full_id":"w1103718204","osm_id":"1103718204","osm_type":"way","natural":"wood","grassland":null,"wetland":null,"water":null,"leisure":null,"religion":null,"name":null,"landuse":null,"description":null,"wood:density":null,"leaf_cycle":null,"leaf_type":null,"type":null,"full_id_2":"r2621608","osm_id_2":"2621608","osm_type_2":"relation","boundary":"administrative","source:url":"http://www.dumadgrad.ru/files/o_gorode/genplan/prilozh/1.rar","old_name":"Мелекес","wikipedia":"ru:Городской округ Димитровград","wikidata":"Q4145659","website":null,"type_2":"boundary","population":null,"official_status":"ru:городской округ","name:tt":null,"name:ru":"городской округ Димитровград","name:ja":"ディミトロフグラード管区","name:en":null,"name_2":"городской округ Димитровград","admin_level":"6","addr:region":null,"addr:country":null},"geometry":{"type":"Polygon","coordinates":[[[49.579556,54.244613],[49.579419,54.244631],[49.579381,54.244564],[49.579435,54.24455],[49.579501,54.244539],[49.579494,54.244454],[49.579473,54.244393],[49.579406,54.244362],[49.57932,54.244331],[49.579245,54.244287],[49.579132,54.24415],[49.579239,54.244089],[49.579333,54.244088],[49.579357,54.244113],[49.579298,54.24416],[49.579379,54.244229],[49.579615,54.244309],[49.579752,54.244389],[49.579918,54.244407],[49.579929,54.244447],[49.579781,54.244526],[49.579652,54.244586],[49.579556,54.244613]]]}},{"type":"Feature","properties":{"full_id":"w1103718205","osm_id":"1103718205","osm_type":"way","natural":"wood","grassland":null,"wetland":null,"water":null,"leisure":null,"religion":null,"name":null,"landuse":null,"description":null,"wood:density":null,"leaf_cycle":null,"leaf_type":null,"type":null,"full_id_2":"r2621608","osm_id_2":"2621608","osm_type_2":"relation","boundary":"administrative","source:url":"http://www.dumadgrad.ru/files/o_gorode/genplan/prilozh/1.rar","old_name":"Мелекес","wikipedia":"ru:Городской округ Димитровград","wikidata":"Q4145659","website":null,"type_2":"boundary","population":null,"official_status":"ru:городской округ","name:tt":null,"name:ru":"городской округ Димитровград","name:ja":"ディミトロフグラード管区","name:en":null,"name_2":"городской округ Димитровград","admin_level":"6","addr:region":null,"addr:country":null},"geometry":{"type":"Polygon","coordinates":[[[49.579829,54.244146],[49.579738,54.24415],[49.579419,54.24403],[49.579427,54.244006],[49.579515,54.243998],[49.579623,54.243991],[49.579746,54.243975],[49.579883,54.243928],[49.580036,54.243857],[49.580089,54.243802],[49.580001,54.243798],[49.579888,54.243784],[49.579888,54.243732],[49.579998,54.243682],[49.580127,54.243641],[49.580213,54.243617],[49.580277,54.243622],[49.580261,54.243666],[49.580178,54.243712],[49.580248,54.243738],[49.580363,54.243712],[49.580406,54.243722],[49.580401,54.24376],[49.580304,54.243842],[49.580189,54.243864],[49.580116,54.243893],[49.580106,54.243939],[49.58003,54.243975],[49.579958,54.243989],[49.57991,54.244033],[49.579902,54.244074],[49.579872,54.244122],[49.579829,54.244146]]]}},{"type":"Feature","properties":{"full_id":"w1103718206","osm_id":"1103718206","osm_type":"way","natural":"wood","grassland":null,"wetland":null,"water":null,"leisure":null,"religion":null,"name":null,"landuse":null,"description":null,"wood:density":null,"leaf_cycle":null,"leaf_type":null,"type":null,"full_id_2":"r2621608","osm_id_2":"2621608","osm_type_2":"relation","boundary":"administrative","source:url":"http://www.dumadgrad.ru/files/o_gorode/genplan/prilozh/1.rar","old_name":"Мелекес","wikipedia":"ru:Городской округ Димитровград","wikidata":"Q4145659","website":null,"type_2":"boundary","population":null,"official_status":"ru:городской округ","name:tt":null,"name:ru":"городской округ Димитровград","name:ja":"ディミトロフグラード管区","name:en":null,"name_2":"городской округ Димитровград","admin_level":"6","addr:region":null,"addr:country":null},"geometry":{"type":"Polygon","coordinates":[[[49.580865,54.243705],[49.580803,54.243702],[49.580674,54.243677],[49.580626,54.243619],[49.580672,54.243566],[49.580867,54.243544],[49.580942,54.243566],[49.581069,54.243538],[49.581173,54.243559],[49.581063,54.24369],[49.580993,54.243661],[49.58105,54.24361],[49.581007,54.2436],[49.580913,54.243624],[49.580908,54.243666],[49.580865,54.243705]]]}},{"type":"Feature","properties":{"full_id":"w1103804123","osm_id":"1103804123","osm_type":"way","natural":"wood","grassland":null,"wetland":null,"water":null,"leisure":null,"religion":null,"name":null,"landuse":null,"description":null,"wood:density":null,"leaf_cycle":null,"leaf_type":null,"type":null,"full_id_2":"r2621608","osm_id_2":"2621608","osm_type_2":"relation","boundary":"administrative","source:url":"http://www.dumadgrad.ru/files/o_gorode/genplan/prilozh/1.rar","old_name":"Мелекес","wikipedia":"ru:Городской округ Димитровград","wikidata":"Q4145659","website":null,"type_2":"boundary","population":null,"official_status":"ru:городской округ","name:tt":null,"name:ru":"городской округ Димитровград","name:ja":"ディミトロフグラード管区","name:en":null,"name_2":"городской округ Димитровград","admin_level":"6","addr:region":null,"addr:country":null},"geometry":{"type":"Polygon","coordinates":[[[49.582245,54.240942],[49.582245,54.240979],[49.582309,54.241159],[49.582312,54.241253],[49.582198,54.24126],[49.582128,54.241192],[49.582112,54.241087],[49.582121,54.241021],[49.582051,54.240911],[49.582007,54.240776],[49.581977,54.240659],[49.58202,54.240627],[49.582183,54.240601],[49.58226,54.240623],[49.582251,54.240673],[49.582149,54.240706],[49.582112,54.240772],[49.582152,54.240859],[49.582245,54.240927],[49.582245,54.240942]]]}},{"type":"Feature","properties":{"full_id":"w1103804124","osm_id":"1103804124","osm_type":"way","natural":"wood","grassland":null,"wetland":null,"water":null,"leisure":null,"religion":null,"name":null,"landuse":null,"description":null,"wood:density":null,"leaf_cycle":null,"leaf_type":null,"type":null,"full_id_2":"r2621608","osm_id_2":"2621608","osm_type_2":"relation","boundary":"administrative","source:url":"http://www.dumadgrad.ru/files/o_gorode/genplan/prilozh/1.rar","old_name":"Мелекес","wikipedia":"ru:Городской округ Димитровград","wikidata":"Q4145659","website":null,"type_2":"boundary","population":null,"official_status":"ru:городской округ","name:tt":null,"name:ru":"городской округ Димитровград","name:ja":"ディミトロフグラード管区","name:en":null,"name_2":"городской округ Димитровград","admin_level":"6","addr:region":null,"addr:country":null},"geometry":{"type":"Polygon","coordinates":[[[49.583511,54.241172],[49.583486,54.241217],[49.583357,54.241233],[49.583249,54.241273],[49.583166,54.241294],[49.582966,54.241262],[49.582916,54.24114],[49.582947,54.241086],[49.582996,54.241062],[49.58304,54.24108],[49.583052,54.241161],[49.583101,54.24119],[49.583246,54.24119],[49.58336,54.241159],[49.583434,54.241158],[49.583511,54.241172]]]}},{"type":"Feature","properties":{"full_id":"w1107002691","osm_id":"1107002691","osm_type":"way","natural":"wood","grassland":null,"wetland":null,"water":null,"leisure":null,"religion":null,"name":null,"landuse":null,"description":null,"wood:density":null,"leaf_cycle":null,"leaf_type":null,"type":null,"full_id_2":"r2621608","osm_id_2":"2621608","osm_type_2":"relation","boundary":"administrative","source:url":"http://www.dumadgrad.ru/files/o_gorode/genplan/prilozh/1.rar","old_name":"Мелекес","wikipedia":"ru:Городской округ Димитровград","wikidata":"Q4145659","website":null,"type_2":"boundary","population":null,"official_status":"ru:городской округ","name:tt":null,"name:ru":"городской округ Димитровград","name:ja":"ディミトロフグラード管区","name:en":null,"name_2":"городской округ Димитровград","admin_level":"6","addr:region":null,"addr:country":null},"geometry":{"type":"Polygon","coordinates":[[[49.608225,54.202396],[49.607796,54.202412],[49.607761,54.202151],[49.607935,54.202154],[49.608641,54.202114],[49.608681,54.202426],[49.608225,54.202396]]]}},{"type":"Feature","properties":{"full_id":"w1107624575","osm_id":"1107624575","osm_type":"way","natural":"wood","grassland":null,"wetland":null,"water":null,"leisure":null,"religion":null,"name":null,"landuse":null,"description":null,"wood:density":null,"leaf_cycle":null,"leaf_type":null,"type":null,"full_id_2":"r2621608","osm_id_2":"2621608","osm_type_2":"relation","boundary":"administrative","source:url":"http://www.dumadgrad.ru/files/o_gorode/genplan/prilozh/1.rar","old_name":"Мелекес","wikipedia":"ru:Городской округ Димитровград","wikidata":"Q4145659","website":null,"type_2":"boundary","population":null,"official_status":"ru:городской округ","name:tt":null,"name:ru":"городской округ Димитровград","name:ja":"ディミトロフグラード管区","name:en":null,"name_2":"городской округ Димитровград","admin_level":"6","addr:region":null,"addr:country":null},"geometry":{"type":"Polygon","coordinates":[[[49.568979,54.222466],[49.568867,54.222483],[49.568853,54.222465],[49.56892,54.222438],[49.56921,54.222341],[49.569303,54.222322],[49.569469,54.222309],[49.569616,54.222268],[49.569904,54.222216],[49.570055,54.22219],[49.570097,54.222214],[49.570102,54.222263],[49.570102,54.222287],[49.570074,54.222311],[49.570021,54.222312],[49.570025,54.222414],[49.570002,54.222416],[49.56989,54.222398],[49.569798,54.222347],[49.569719,54.22235],[49.569665,54.222394],[49.569486,54.222406],[49.569315,54.222416],[49.569219,54.222439],[49.569082,54.222451],[49.568979,54.222466]]]}},{"type":"Feature","properties":{"full_id":"w1107626110","osm_id":"1107626110","osm_type":"way","natural":"wood","grassland":null,"wetland":null,"water":null,"leisure":null,"religion":null,"name":null,"landuse":null,"description":null,"wood:density":null,"leaf_cycle":null,"leaf_type":null,"type":null,"full_id_2":"r2621608","osm_id_2":"2621608","osm_type_2":"relation","boundary":"administrative","source:url":"http://www.dumadgrad.ru/files/o_gorode/genplan/prilozh/1.rar","old_name":"Мелекес","wikipedia":"ru:Городской округ Димитровград","wikidata":"Q4145659","website":null,"type_2":"boundary","population":null,"official_status":"ru:городской округ","name:tt":null,"name:ru":"городской округ Димитровград","name:ja":"ディミトロフグラード管区","name:en":null,"name_2":"городской округ Димитровград","admin_level":"6","addr:region":null,"addr:country":null},"geometry":{"type":"Polygon","coordinates":[[[49.572322,54.222231],[49.572047,54.222229],[49.571692,54.22221],[49.571664,54.222189],[49.571713,54.222175],[49.572661,54.222181],[49.573812,54.222181],[49.573931,54.222196],[49.573913,54.222227],[49.57367,54.222248],[49.572322,54.222231]]]}},{"type":"Feature","properties":{"full_id":"w1107627025","osm_id":"1107627025","osm_type":"way","natural":"wood","grassland":null,"wetland":null,"water":null,"leisure":null,"religion":null,"name":null,"landuse":null,"description":null,"wood:density":null,"leaf_cycle":null,"leaf_type":null,"type":null,"full_id_2":"r2621608","osm_id_2":"2621608","osm_type_2":"relation","boundary":"administrative","source:url":"http://www.dumadgrad.ru/files/o_gorode/genplan/prilozh/1.rar","old_name":"Мелекес","wikipedia":"ru:Городской округ Димитровград","wikidata":"Q4145659","website":null,"type_2":"boundary","population":null,"official_status":"ru:городской округ","name:tt":null,"name:ru":"городской округ Димитровград","name:ja":"ディミトロフグラード管区","name:en":null,"name_2":"городской округ Димитровград","admin_level":"6","addr:region":null,"addr:country":null},"geometry":{"type":"Polygon","coordinates":[[[49.5739,54.224667],[49.573291,54.22459],[49.572747,54.224471],[49.572284,54.224416],[49.572088,54.224382],[49.572128,54.224258],[49.572294,54.224111],[49.57256,54.223965],[49.572768,54.223907],[49.572994,54.223921],[49.573099,54.223964],[49.573137,54.224081],[49.573372,54.224127],[49.573354,54.224078],[49.57334,54.224033],[49.573366,54.224026],[49.573466,54.224033],[49.573583,54.224092],[49.573737,54.22412],[49.5738,54.22407],[49.573758,54.223981],[49.573809,54.223915],[49.57387,54.223735],[49.573949,54.223652],[49.57401,54.223649],[49.574414,54.22373],[49.575154,54.223865],[49.575673,54.223929],[49.576006,54.223978],[49.576345,54.224071],[49.576095,54.224384],[49.576018,54.224407],[49.575883,54.22436],[49.575677,54.224265],[49.575518,54.224217],[49.57539,54.224266],[49.575315,54.224365],[49.575297,54.224516],[49.575175,54.224565],[49.57432,54.224405],[49.573819,54.224314],[49.573237,54.224199],[49.57312,54.224258],[49.573169,54.224321],[49.573592,54.22444],[49.574211,54.224579],[49.574781,54.224699],[49.575058,54.224692],[49.57511,54.224647],[49.57521,54.224734],[49.575215,54.224826],[49.57517,54.224921],[49.575065,54.224947],[49.574437,54.224785],[49.5739,54.224667]]]}},{"type":"Feature","properties":{"full_id":"w1107627026","osm_id":"1107627026","osm_type":"way","natural":"wood","grassland":null,"wetland":null,"water":null,"leisure":null,"religion":null,"name":null,"landuse":null,"description":null,"wood:density":null,"leaf_cycle":null,"leaf_type":null,"type":null,"full_id_2":"r2621608","osm_id_2":"2621608","osm_type_2":"relation","boundary":"administrative","source:url":"http://www.dumadgrad.ru/files/o_gorode/genplan/prilozh/1.rar","old_name":"Мелекес","wikipedia":"ru:Городской округ Димитровград","wikidata":"Q4145659","website":null,"type_2":"boundary","population":null,"official_status":"ru:городской округ","name:tt":null,"name:ru":"городской округ Димитровград","name:ja":"ディミトロフグラード管区","name:en":null,"name_2":"городской округ Димитровград","admin_level":"6","addr:region":null,"addr:country":null},"geometry":{"type":"Polygon","coordinates":[[[49.575507,54.225003],[49.575453,54.224981],[49.57535,54.224861],[49.575257,54.224771],[49.57529,54.224692],[49.575362,54.224581],[49.575446,54.224487],[49.575591,54.224451],[49.575887,54.224459],[49.576039,54.224485],[49.576067,54.224527],[49.575948,54.224669],[49.575843,54.22475],[49.575841,54.224875],[49.575764,54.224937],[49.575708,54.224995],[49.57556,54.225003],[49.575507,54.225003]]]}},{"type":"Feature","properties":{"full_id":"w1107633393","osm_id":"1107633393","osm_type":"way","natural":"wood","grassland":null,"wetland":null,"water":null,"leisure":null,"religion":null,"name":null,"landuse":null,"description":null,"wood:density":null,"leaf_cycle":null,"leaf_type":null,"type":null,"full_id_2":"r2621608","osm_id_2":"2621608","osm_type_2":"relation","boundary":"administrative","source:url":"http://www.dumadgrad.ru/files/o_gorode/genplan/prilozh/1.rar","old_name":"Мелекес","wikipedia":"ru:Городской округ Димитровград","wikidata":"Q4145659","website":null,"type_2":"boundary","population":null,"official_status":"ru:городской округ","name:tt":null,"name:ru":"городской округ Димитровград","name:ja":"ディミトロフグラード管区","name:en":null,"name_2":"городской округ Димитровград","admin_level":"6","addr:region":null,"addr:country":null},"geometry":{"type":"Polygon","coordinates":[[[49.581565,54.222145],[49.580956,54.222172],[49.580755,54.222176],[49.580743,54.222167],[49.580797,54.22215],[49.580902,54.222143],[49.580951,54.222118],[49.580995,54.222094],[49.58107,54.222064],[49.581161,54.222029],[49.581385,54.222012],[49.58185,54.222015],[49.581876,54.222051],[49.581866,54.222115],[49.581787,54.222142],[49.581565,54.222145]]]}},{"type":"Feature","properties":{"full_id":"w1107633533","osm_id":"1107633533","osm_type":"way","natural":"wood","grassland":null,"wetland":null,"water":null,"leisure":null,"religion":null,"name":null,"landuse":null,"description":null,"wood:density":null,"leaf_cycle":null,"leaf_type":null,"type":null,"full_id_2":"r2621608","osm_id_2":"2621608","osm_type_2":"relation","boundary":"administrative","source:url":"http://www.dumadgrad.ru/files/o_gorode/genplan/prilozh/1.rar","old_name":"Мелекес","wikipedia":"ru:Городской округ Димитровград","wikidata":"Q4145659","website":null,"type_2":"boundary","population":null,"official_status":"ru:городской округ","name:tt":null,"name:ru":"городской округ Димитровград","name:ja":"ディミトロフグラード管区","name:en":null,"name_2":"городской округ Димитровград","admin_level":"6","addr:region":null,"addr:country":null},"geometry":{"type":"Polygon","coordinates":[[[49.572453,54.21441],[49.572223,54.213945],[49.571949,54.214068],[49.571536,54.214152],[49.5713,54.21414],[49.571171,54.214061],[49.57071,54.214146],[49.569803,54.214309],[49.569621,54.21419],[49.569396,54.214265],[49.569406,54.214403],[49.569299,54.214441],[49.569128,54.214115],[49.569193,54.214135],[49.569455,54.214099],[49.569487,54.214036],[49.570308,54.213908],[49.570919,54.21382],[49.571595,54.213738],[49.572089,54.213673],[49.572046,54.213534],[49.572142,54.21344],[49.57196,54.213252],[49.571772,54.213111],[49.571681,54.213098],[49.57159,54.213149],[49.571499,54.213083],[49.571418,54.213014],[49.57152,54.212992],[49.571665,54.212976],[49.571552,54.212769],[49.571568,54.212719],[49.571713,54.212694],[49.571772,54.212703],[49.571992,54.212904],[49.572132,54.213167],[49.57226,54.213349],[49.572357,54.213716],[49.572421,54.21377],[49.572577,54.213763],[49.572636,54.213679],[49.572587,54.213569],[49.572523,54.213462],[49.572631,54.213415],[49.572706,54.213403],[49.572738,54.213312],[49.572711,54.213164],[49.572925,54.213146],[49.572979,54.213152],[49.572942,54.213199],[49.572845,54.213227],[49.572861,54.213309],[49.572952,54.213378],[49.572974,54.213472],[49.572829,54.213553],[49.572781,54.213654],[49.572808,54.213905],[49.572867,54.214102],[49.57299,54.214177],[49.573188,54.214231],[49.573301,54.214275],[49.57344,54.214372],[49.573505,54.214475],[49.573532,54.214557],[49.573569,54.214585],[49.573121,54.214779],[49.57299,54.214516],[49.572874,54.214367],[49.5727,54.214337],[49.572453,54.21441]]]}},{"type":"Feature","properties":{"full_id":"w1107647012","osm_id":"1107647012","osm_type":"way","natural":"wood","grassland":null,"wetland":null,"water":null,"leisure":null,"religion":null,"name":null,"landuse":null,"description":null,"wood:density":null,"leaf_cycle":null,"leaf_type":null,"type":null,"full_id_2":"r2621608","osm_id_2":"2621608","osm_type_2":"relation","boundary":"administrative","source:url":"http://www.dumadgrad.ru/files/o_gorode/genplan/prilozh/1.rar","old_name":"Мелекес","wikipedia":"ru:Городской округ Димитровград","wikidata":"Q4145659","website":null,"type_2":"boundary","population":null,"official_status":"ru:городской округ","name:tt":null,"name:ru":"городской округ Димитровград","name:ja":"ディミトロフグラード管区","name:en":null,"name_2":"городской округ Димитровград","admin_level":"6","addr:region":null,"addr:country":null},"geometry":{"type":"Polygon","coordinates":[[[49.637098,54.196556],[49.637063,54.196607],[49.636912,54.196597],[49.63679,54.196528],[49.636893,54.196408],[49.636567,54.196286],[49.636698,54.196152],[49.636744,54.19609],[49.636808,54.196007],[49.636564,54.195959],[49.636366,54.196133],[49.636252,54.19609],[49.636235,54.196059],[49.636376,54.195992],[49.636429,54.195891],[49.636479,54.195866],[49.636709,54.195914],[49.636904,54.195845],[49.63707,54.195717],[49.637233,54.195622],[49.637349,54.195603],[49.63742,54.19552],[49.637576,54.195276],[49.63782,54.195058],[49.637941,54.194999],[49.638072,54.195011],[49.638241,54.195118],[49.638326,54.195205],[49.638273,54.195371],[49.638018,54.195659],[49.637838,54.195777],[49.637427,54.196201],[49.637148,54.196491],[49.637098,54.196556]]]}},{"type":"Feature","properties":{"full_id":"w1107647013","osm_id":"1107647013","osm_type":"way","natural":"wood","grassland":null,"wetland":null,"water":null,"leisure":null,"religion":null,"name":null,"landuse":null,"description":null,"wood:density":null,"leaf_cycle":null,"leaf_type":null,"type":null,"full_id_2":"r2621608","osm_id_2":"2621608","osm_type_2":"relation","boundary":"administrative","source:url":"http://www.dumadgrad.ru/files/o_gorode/genplan/prilozh/1.rar","old_name":"Мелекес","wikipedia":"ru:Городской округ Димитровград","wikidata":"Q4145659","website":null,"type_2":"boundary","population":null,"official_status":"ru:городской округ","name:tt":null,"name:ru":"городской округ Димитровград","name:ja":"ディミトロフグラード管区","name:en":null,"name_2":"городской округ Димитровград","admin_level":"6","addr:region":null,"addr:country":null},"geometry":{"type":"Polygon","coordinates":[[[49.637643,54.196292],[49.637654,54.196261],[49.637859,54.19604],[49.63822,54.195673],[49.638287,54.195651],[49.638333,54.195655],[49.638376,54.195676],[49.638376,54.195725],[49.638365,54.195872],[49.638394,54.196007],[49.638404,54.196079],[49.638319,54.196102],[49.638195,54.196079],[49.638075,54.196125],[49.637962,54.196185],[49.637866,54.196226],[49.637728,54.196292],[49.637675,54.196305],[49.637643,54.196292]]]}},{"type":"Feature","properties":{"full_id":"w1107647014","osm_id":"1107647014","osm_type":"way","natural":"wood","grassland":null,"wetland":null,"water":null,"leisure":null,"religion":null,"name":null,"landuse":null,"description":null,"wood:density":null,"leaf_cycle":null,"leaf_type":null,"type":null,"full_id_2":"r2621608","osm_id_2":"2621608","osm_type_2":"relation","boundary":"administrative","source:url":"http://www.dumadgrad.ru/files/o_gorode/genplan/prilozh/1.rar","old_name":"Мелекес","wikipedia":"ru:Городской округ Димитровград","wikidata":"Q4145659","website":null,"type_2":"boundary","population":null,"official_status":"ru:городской округ","name:tt":null,"name:ru":"городской округ Димитровград","name:ja":"ディミトロフグラード管区","name:en":null,"name_2":"городской округ Димитровград","admin_level":"6","addr:region":null,"addr:country":null},"geometry":{"type":"Polygon","coordinates":[[[49.638648,54.196119],[49.638585,54.196102],[49.638574,54.195988],[49.63862,54.195918],[49.638592,54.195827],[49.638556,54.1957],[49.638627,54.195479],[49.638786,54.195282],[49.638992,54.195092],[49.639052,54.194984],[49.63914,54.19494],[49.639225,54.194945],[49.639268,54.194974],[49.639201,54.19504],[49.63919,54.195094],[49.639271,54.195172],[49.63936,54.195174],[49.639445,54.195183],[49.639459,54.195224],[49.63919,54.195593],[49.639048,54.195742],[49.638921,54.195825],[49.638931,54.195901],[49.63884,54.195982],[49.638755,54.196059],[49.638673,54.196094],[49.638648,54.196119]]]}},{"type":"Feature","properties":{"full_id":"w1115445584","osm_id":"1115445584","osm_type":"way","natural":"wood","grassland":null,"wetland":null,"water":null,"leisure":null,"religion":null,"name":null,"landuse":null,"description":null,"wood:density":null,"leaf_cycle":null,"leaf_type":null,"type":null,"full_id_2":"r2621608","osm_id_2":"2621608","osm_type_2":"relation","boundary":"administrative","source:url":"http://www.dumadgrad.ru/files/o_gorode/genplan/prilozh/1.rar","old_name":"Мелекес","wikipedia":"ru:Городской округ Димитровград","wikidata":"Q4145659","website":null,"type_2":"boundary","population":null,"official_status":"ru:городской округ","name:tt":null,"name:ru":"городской округ Димитровград","name:ja":"ディミトロフグラード管区","name:en":null,"name_2":"городской округ Димитровград","admin_level":"6","addr:region":null,"addr:country":null},"geometry":{"type":"Polygon","coordinates":[[[49.673738,54.218847],[49.67355,54.21894],[49.673373,54.218853],[49.673175,54.218659],[49.673086,54.218574],[49.672888,54.21859],[49.672778,54.21851],[49.672665,54.2184],[49.672506,54.218328],[49.672573,54.218241],[49.672846,54.2181],[49.673086,54.218034],[49.673281,54.218137],[49.673479,54.218114],[49.673653,54.218067],[49.67372,54.218073],[49.673745,54.218145],[49.673907,54.218203],[49.674017,54.218232],[49.674067,54.218257],[49.674074,54.218344],[49.673996,54.218404],[49.673868,54.218423],[49.673837,54.218479],[49.673911,54.218533],[49.674056,54.218586],[49.674074,54.218619],[49.673989,54.218694],[49.673904,54.218756],[49.673738,54.218847]]]}},{"type":"Feature","properties":{"full_id":"w1116158122","osm_id":"1116158122","osm_type":"way","natural":"wood","grassland":null,"wetland":null,"water":null,"leisure":null,"religion":null,"name":null,"landuse":null,"description":null,"wood:density":null,"leaf_cycle":null,"leaf_type":null,"type":null,"full_id_2":"r2621608","osm_id_2":"2621608","osm_type_2":"relation","boundary":"administrative","source:url":"http://www.dumadgrad.ru/files/o_gorode/genplan/prilozh/1.rar","old_name":"Мелекес","wikipedia":"ru:Городской округ Димитровград","wikidata":"Q4145659","website":null,"type_2":"boundary","population":null,"official_status":"ru:городской округ","name:tt":null,"name:ru":"городской округ Димитровград","name:ja":"ディミトロフグラード管区","name:en":null,"name_2":"городской округ Димитровград","admin_level":"6","addr:region":null,"addr:country":null},"geometry":{"type":"Polygon","coordinates":[[[49.653385,54.212074],[49.653337,54.211861],[49.653255,54.211689],[49.653255,54.211628],[49.653337,54.211595],[49.653488,54.21158],[49.653692,54.211542],[49.654064,54.211544],[49.653821,54.211752],[49.653839,54.211846],[49.654075,54.211867],[49.654136,54.211955],[49.654164,54.212068],[49.653523,54.212133],[49.653385,54.212074]]]}},{"type":"Feature","properties":{"full_id":"w1116158132","osm_id":"1116158132","osm_type":"way","natural":"wood","grassland":null,"wetland":null,"water":null,"leisure":null,"religion":null,"name":null,"landuse":null,"description":null,"wood:density":null,"leaf_cycle":null,"leaf_type":null,"type":null,"full_id_2":"r2621608","osm_id_2":"2621608","osm_type_2":"relation","boundary":"administrative","source:url":"http://www.dumadgrad.ru/files/o_gorode/genplan/prilozh/1.rar","old_name":"Мелекес","wikipedia":"ru:Городской округ Димитровград","wikidata":"Q4145659","website":null,"type_2":"boundary","population":null,"official_status":"ru:городской округ","name:tt":null,"name:ru":"городской округ Димитровград","name:ja":"ディミトロフグラード管区","name:en":null,"name_2":"городской округ Димитровград","admin_level":"6","addr:region":null,"addr:country":null},"geometry":{"type":"Polygon","coordinates":[[[49.651822,54.213685],[49.651743,54.213699],[49.651668,54.213689],[49.651632,54.21366],[49.651579,54.213599],[49.651575,54.213515],[49.651604,54.213452],[49.651672,54.213402],[49.651758,54.213375],[49.651879,54.213362],[49.65194,54.213362],[49.65194,54.213392],[49.651908,54.213425],[49.651915,54.213469],[49.651919,54.213513],[49.65189,54.213578],[49.651883,54.213624],[49.651837,54.213668],[49.651822,54.213685]]]}},{"type":"Feature","properties":{"full_id":"w1116158269","osm_id":"1116158269","osm_type":"way","natural":"wood","grassland":null,"wetland":null,"water":null,"leisure":null,"religion":null,"name":null,"landuse":null,"description":null,"wood:density":null,"leaf_cycle":null,"leaf_type":null,"type":null,"full_id_2":"r2621608","osm_id_2":"2621608","osm_type_2":"relation","boundary":"administrative","source:url":"http://www.dumadgrad.ru/files/o_gorode/genplan/prilozh/1.rar","old_name":"Мелекес","wikipedia":"ru:Городской округ Димитровград","wikidata":"Q4145659","website":null,"type_2":"boundary","population":null,"official_status":"ru:городской округ","name:tt":null,"name:ru":"городской округ Димитровград","name:ja":"ディミトロフグラード管区","name:en":null,"name_2":"городской округ Димитровград","admin_level":"6","addr:region":null,"addr:country":null},"geometry":{"type":"Polygon","coordinates":[[[49.656102,54.212849],[49.655973,54.212872],[49.655683,54.212715],[49.655644,54.212568],[49.655708,54.212518],[49.655966,54.21255],[49.656242,54.21265],[49.656467,54.212638],[49.656603,54.212474],[49.656639,54.212405],[49.65617,54.212235],[49.656156,54.212171],[49.656181,54.212104],[49.656363,54.212097],[49.656475,54.21206],[49.656833,54.212005],[49.657123,54.211961],[49.657381,54.211888],[49.657656,54.211863],[49.657767,54.211871],[49.657821,54.21193],[49.657882,54.212093],[49.657878,54.21221],[49.65781,54.212328],[49.657685,54.212483],[49.657567,54.212577],[49.657381,54.212684],[49.657184,54.212749],[49.657044,54.212845],[49.656947,54.21277],[49.656772,54.212784],[49.656503,54.212866],[49.656313,54.212853],[49.656102,54.212849]]]}},{"type":"Feature","properties":{"full_id":"w1116158326","osm_id":"1116158326","osm_type":"way","natural":"wood","grassland":null,"wetland":null,"water":null,"leisure":null,"religion":null,"name":null,"landuse":null,"description":null,"wood:density":null,"leaf_cycle":null,"leaf_type":null,"type":null,"full_id_2":"r2621608","osm_id_2":"2621608","osm_type_2":"relation","boundary":"administrative","source:url":"http://www.dumadgrad.ru/files/o_gorode/genplan/prilozh/1.rar","old_name":"Мелекес","wikipedia":"ru:Городской округ Димитровград","wikidata":"Q4145659","website":null,"type_2":"boundary","population":null,"official_status":"ru:городской округ","name:tt":null,"name:ru":"городской округ Димитровград","name:ja":"ディミトロフグラード管区","name:en":null,"name_2":"городской округ Димитровград","admin_level":"6","addr:region":null,"addr:country":null},"geometry":{"type":"Polygon","coordinates":[[[49.658128,54.212761],[49.657932,54.212772],[49.657746,54.212778],[49.657667,54.212732],[49.657681,54.212675],[49.657767,54.212596],[49.657885,54.212497],[49.657986,54.212374],[49.658011,54.212288],[49.657982,54.212076],[49.657853,54.21171],[49.65752,54.210713],[49.657356,54.210227],[49.657452,54.210221],[49.657646,54.210815],[49.657797,54.211329],[49.657899,54.211607],[49.658133,54.21216],[49.658208,54.212392],[49.658289,54.212651],[49.658277,54.212725],[49.658128,54.212761]]]}},{"type":"Feature","properties":{"full_id":"w1116158327","osm_id":"1116158327","osm_type":"way","natural":"wood","grassland":null,"wetland":null,"water":null,"leisure":null,"religion":null,"name":null,"landuse":null,"description":null,"wood:density":null,"leaf_cycle":null,"leaf_type":null,"type":null,"full_id_2":"r2621608","osm_id_2":"2621608","osm_type_2":"relation","boundary":"administrative","source:url":"http://www.dumadgrad.ru/files/o_gorode/genplan/prilozh/1.rar","old_name":"Мелекес","wikipedia":"ru:Городской округ Димитровград","wikidata":"Q4145659","website":null,"type_2":"boundary","population":null,"official_status":"ru:городской округ","name:tt":null,"name:ru":"городской округ Димитровград","name:ja":"ディミトロフグラード管区","name:en":null,"name_2":"городской округ Димитровград","admin_level":"6","addr:region":null,"addr:country":null},"geometry":{"type":"Polygon","coordinates":[[[49.657955,54.211467],[49.657908,54.211388],[49.657826,54.211176],[49.657703,54.21071],[49.657596,54.210442],[49.657547,54.210298],[49.657584,54.210282],[49.65762,54.210297],[49.657736,54.210543],[49.657802,54.210804],[49.657877,54.21105],[49.658005,54.211346],[49.65801,54.211452],[49.657996,54.211495],[49.657955,54.211467]]]}},{"type":"Feature","properties":{"full_id":"w1116549528","osm_id":"1116549528","osm_type":"way","natural":"wood","grassland":null,"wetland":null,"water":null,"leisure":null,"religion":null,"name":null,"landuse":null,"description":null,"wood:density":null,"leaf_cycle":null,"leaf_type":null,"type":null,"full_id_2":"r2621608","osm_id_2":"2621608","osm_type_2":"relation","boundary":"administrative","source:url":"http://www.dumadgrad.ru/files/o_gorode/genplan/prilozh/1.rar","old_name":"Мелекес","wikipedia":"ru:Городской округ Димитровград","wikidata":"Q4145659","website":null,"type_2":"boundary","population":null,"official_status":"ru:городской округ","name:tt":null,"name:ru":"городской округ Димитровград","name:ja":"ディミトロフグラード管区","name:en":null,"name_2":"городской округ Димитровград","admin_level":"6","addr:region":null,"addr:country":null},"geometry":{"type":"Polygon","coordinates":[[[49.567496,54.208785],[49.566422,54.208971],[49.566342,54.208914],[49.56631,54.208854],[49.566286,54.208772],[49.566394,54.208734],[49.56659,54.208668],[49.566781,54.208591],[49.566907,54.208474],[49.566861,54.208324],[49.566763,54.208053],[49.56659,54.207892],[49.566403,54.207884],[49.56623,54.207939],[49.565992,54.207936],[49.565857,54.207846],[49.565819,54.207737],[49.565801,54.207589],[49.565894,54.207551],[49.565992,54.207723],[49.567048,54.207535],[49.567496,54.208785]]]}},{"type":"Feature","properties":{"full_id":"w1116549529","osm_id":"1116549529","osm_type":"way","natural":"wood","grassland":null,"wetland":null,"water":null,"leisure":null,"religion":null,"name":null,"landuse":null,"description":null,"wood:density":null,"leaf_cycle":null,"leaf_type":null,"type":null,"full_id_2":"r2621608","osm_id_2":"2621608","osm_type_2":"relation","boundary":"administrative","source:url":"http://www.dumadgrad.ru/files/o_gorode/genplan/prilozh/1.rar","old_name":"Мелекес","wikipedia":"ru:Городской округ Димитровград","wikidata":"Q4145659","website":null,"type_2":"boundary","population":null,"official_status":"ru:городской округ","name:tt":null,"name:ru":"городской округ Димитровград","name:ja":"ディミトロフグラード管区","name:en":null,"name_2":"городской округ Димитровград","admin_level":"6","addr:region":null,"addr:country":null},"geometry":{"type":"Polygon","coordinates":[[[49.567944,54.209026],[49.567823,54.20902],[49.567585,54.209053],[49.567445,54.209031],[49.567417,54.208977],[49.567575,54.208927],[49.567832,54.208908],[49.568187,54.208846],[49.568327,54.20884],[49.56836,54.208881],[49.568276,54.208952],[49.567944,54.209026]]]}},{"type":"Feature","properties":{"full_id":"w1116549531","osm_id":"1116549531","osm_type":"way","natural":"wood","grassland":null,"wetland":null,"water":null,"leisure":null,"religion":null,"name":null,"landuse":null,"description":null,"wood:density":null,"leaf_cycle":null,"leaf_type":null,"type":null,"full_id_2":"r2621608","osm_id_2":"2621608","osm_type_2":"relation","boundary":"administrative","source:url":"http://www.dumadgrad.ru/files/o_gorode/genplan/prilozh/1.rar","old_name":"Мелекес","wikipedia":"ru:Городской округ Димитровград","wikidata":"Q4145659","website":null,"type_2":"boundary","population":null,"official_status":"ru:городской округ","name:tt":null,"name:ru":"городской округ Димитровград","name:ja":"ディミトロフグラード管区","name:en":null,"name_2":"городской округ Димитровград","admin_level":"6","addr:region":null,"addr:country":null},"geometry":{"type":"Polygon","coordinates":[[[49.568547,54.209714],[49.568463,54.209597],[49.567884,54.209599],[49.567585,54.209588],[49.567608,54.209539],[49.56801,54.209512],[49.568309,54.209501],[49.5685,54.209433],[49.568547,54.209296],[49.568551,54.209102],[49.568514,54.208938],[49.568607,54.20884],[49.56886,54.208813],[49.569668,54.20872],[49.570256,54.208578],[49.570938,54.20849],[49.571335,54.208447],[49.571465,54.208469],[49.571727,54.208616],[49.571872,54.208613],[49.572119,54.20857],[49.57289,54.208504],[49.573086,54.208518],[49.573487,54.208529],[49.573389,54.208583],[49.57302,54.208676],[49.573058,54.20887],[49.573558,54.208717],[49.573768,54.20872],[49.573861,54.208892],[49.574006,54.2089],[49.574225,54.208804],[49.574501,54.208802],[49.574594,54.208799],[49.574407,54.209048],[49.573581,54.209209],[49.572605,54.209299],[49.57204,54.209392],[49.571166,54.209495],[49.570181,54.209599],[49.569252,54.209771],[49.568593,54.209851],[49.568547,54.209714]]]}},{"type":"Feature","properties":{"full_id":"w1136610142","osm_id":"1136610142","osm_type":"way","natural":"wood","grassland":null,"wetland":null,"water":null,"leisure":null,"religion":null,"name":null,"landuse":null,"description":null,"wood:density":null,"leaf_cycle":null,"leaf_type":null,"type":null,"full_id_2":"r2621608","osm_id_2":"2621608","osm_type_2":"relation","boundary":"administrative","source:url":"http://www.dumadgrad.ru/files/o_gorode/genplan/prilozh/1.rar","old_name":"Мелекес","wikipedia":"ru:Городской округ Димитровград","wikidata":"Q4145659","website":null,"type_2":"boundary","population":null,"official_status":"ru:городской округ","name:tt":null,"name:ru":"городской округ Димитровград","name:ja":"ディミトロフグラード管区","name:en":null,"name_2":"городской округ Димитровград","admin_level":"6","addr:region":null,"addr:country":null},"geometry":{"type":"Polygon","coordinates":[[[49.513278,54.171006],[49.513286,54.170943],[49.513484,54.170937],[49.513749,54.171],[49.514489,54.171275],[49.514832,54.171401],[49.515172,54.171507],[49.515271,54.171542],[49.515243,54.171615],[49.51519,54.171702],[49.51514,54.171756],[49.515002,54.171698],[49.514931,54.171633],[49.514853,54.171592],[49.514765,54.171615],[49.514545,54.171582],[49.514156,54.171362],[49.513933,54.171244],[49.513618,54.171134],[49.513402,54.171039],[49.513278,54.171006]]]}},{"type":"Feature","properties":{"full_id":"w1136916943","osm_id":"1136916943","osm_type":"way","natural":"wood","grassland":null,"wetland":null,"water":null,"leisure":null,"religion":null,"name":null,"landuse":null,"description":null,"wood:density":null,"leaf_cycle":null,"leaf_type":null,"type":null,"full_id_2":"r2621608","osm_id_2":"2621608","osm_type_2":"relation","boundary":"administrative","source:url":"http://www.dumadgrad.ru/files/o_gorode/genplan/prilozh/1.rar","old_name":"Мелекес","wikipedia":"ru:Городской округ Димитровград","wikidata":"Q4145659","website":null,"type_2":"boundary","population":null,"official_status":"ru:городской округ","name:tt":null,"name:ru":"городской округ Димитровград","name:ja":"ディミトロフグラード管区","name:en":null,"name_2":"городской округ Димитровград","admin_level":"6","addr:region":null,"addr:country":null},"geometry":{"type":"Polygon","coordinates":[[[49.56677,54.233514],[49.566876,54.233836],[49.566933,54.233849],[49.566965,54.233851],[49.567199,54.233861],[49.567322,54.23382],[49.567347,54.233731],[49.567287,54.233652],[49.567248,54.233559],[49.567184,54.233514],[49.567121,54.23346],[49.567223,54.233412],[49.567361,54.233429],[49.567443,54.233485],[49.567673,54.233483],[49.567793,54.233483],[49.567814,54.233536],[49.567807,54.233603],[49.567977,54.233609],[49.568094,54.233584],[49.568168,54.233499],[49.568264,54.233451],[49.568505,54.233427],[49.568657,54.233429],[49.569039,54.233402],[49.56912,54.233418],[49.569145,54.233483],[49.569198,54.233586],[49.569234,54.233681],[49.568905,54.233696],[49.568604,54.233731],[49.568367,54.233739],[49.568055,54.233758],[49.567797,54.233758],[49.567606,54.233782],[49.56756,54.233801],[49.567528,54.233845],[49.567503,54.23395],[49.567461,54.234022],[49.56756,54.234066],[49.567846,54.234076],[49.567931,54.234064],[49.568175,54.234064],[49.568236,54.234047],[49.568289,54.23406],[49.568324,54.234132],[49.568388,54.234144],[49.568473,54.234087],[49.568614,54.234031],[49.568664,54.234134],[49.568618,54.234219],[49.568671,54.234281],[49.568812,54.234267],[49.569166,54.234324],[49.569149,54.234368],[49.568954,54.234362],[49.56814,54.23437],[49.567995,54.234364],[49.567814,54.23432],[49.567719,54.234308],[49.567439,54.234308],[49.56716,54.234293],[49.566876,54.23431],[49.566802,54.23436],[49.566831,54.234442],[49.566869,54.234519],[49.566891,54.234629],[49.566859,54.234699],[49.566735,54.234742],[49.566654,54.234722],[49.566731,54.234608],[49.566636,54.234564],[49.566423,54.234422],[49.566314,54.234356],[49.566162,54.234415],[49.566006,54.23448],[49.565893,54.234465],[49.565907,54.234409],[49.566116,54.234326],[49.565967,54.2342],[49.565641,54.234068],[49.565362,54.233936],[49.565507,54.23382],[49.565822,54.233578],[49.566225,54.233468],[49.566491,54.233418],[49.56671,54.233447],[49.56677,54.233514]]]}},{"type":"Feature","properties":{"full_id":"w1136916944","osm_id":"1136916944","osm_type":"way","natural":"wood","grassland":null,"wetland":null,"water":null,"leisure":null,"religion":null,"name":null,"landuse":null,"description":null,"wood:density":null,"leaf_cycle":null,"leaf_type":null,"type":null,"full_id_2":"r2621608","osm_id_2":"2621608","osm_type_2":"relation","boundary":"administrative","source:url":"http://www.dumadgrad.ru/files/o_gorode/genplan/prilozh/1.rar","old_name":"Мелекес","wikipedia":"ru:Городской округ Димитровград","wikidata":"Q4145659","website":null,"type_2":"boundary","population":null,"official_status":"ru:городской округ","name:tt":null,"name:ru":"городской округ Димитровград","name:ja":"ディミトロフグラード管区","name:en":null,"name_2":"городской округ Димитровград","admin_level":"6","addr:region":null,"addr:country":null},"geometry":{"type":"Polygon","coordinates":[[[49.566321,54.2333],[49.566052,54.233315],[49.565861,54.233152],[49.565758,54.233075],[49.56573,54.23299],[49.565811,54.232912],[49.565946,54.232854],[49.566137,54.232876],[49.566378,54.232852],[49.566551,54.232831],[49.566799,54.232841],[49.566954,54.232876],[49.567099,54.23286],[49.567414,54.232847],[49.567729,54.232827],[49.567974,54.232804],[49.568186,54.232808],[49.568349,54.232773],[49.568469,54.232773],[49.568681,54.232771],[49.568844,54.232744],[49.568972,54.232734],[49.569043,54.232819],[49.568827,54.233089],[49.568703,54.233143],[49.568377,54.233156],[49.567935,54.233203],[49.567528,54.233218],[49.567142,54.233257],[49.566823,54.233265],[49.566579,54.233294],[49.566321,54.2333]]]}},{"type":"Feature","properties":{"full_id":"w1136916945","osm_id":"1136916945","osm_type":"way","natural":"wood","grassland":null,"wetland":null,"water":null,"leisure":null,"religion":null,"name":null,"landuse":null,"description":null,"wood:density":null,"leaf_cycle":null,"leaf_type":null,"type":null,"full_id_2":"r2621608","osm_id_2":"2621608","osm_type_2":"relation","boundary":"administrative","source:url":"http://www.dumadgrad.ru/files/o_gorode/genplan/prilozh/1.rar","old_name":"Мелекес","wikipedia":"ru:Городской округ Димитровград","wikidata":"Q4145659","website":null,"type_2":"boundary","population":null,"official_status":"ru:городской округ","name:tt":null,"name:ru":"городской округ Димитровград","name:ja":"ディミトロフグラード管区","name:en":null,"name_2":"городской округ Димитровград","admin_level":"6","addr:region":null,"addr:country":null},"geometry":{"type":"Polygon","coordinates":[[[49.567054,54.232053],[49.566753,54.232128],[49.5666,54.232072],[49.566378,54.232028],[49.566282,54.231946],[49.566303,54.23184],[49.566434,54.231805],[49.566576,54.23178],[49.566622,54.231817],[49.566689,54.231801],[49.566876,54.231747],[49.566954,54.23177],[49.567039,54.231803],[49.567128,54.231927],[49.567099,54.231989],[49.567068,54.232037],[49.567054,54.232053]]]}},{"type":"Feature","properties":{"full_id":"w1145549129","osm_id":"1145549129","osm_type":"way","natural":"wood","grassland":null,"wetland":null,"water":null,"leisure":null,"religion":null,"name":null,"landuse":null,"description":null,"wood:density":null,"leaf_cycle":null,"leaf_type":null,"type":null,"full_id_2":"r2621608","osm_id_2":"2621608","osm_type_2":"relation","boundary":"administrative","source:url":"http://www.dumadgrad.ru/files/o_gorode/genplan/prilozh/1.rar","old_name":"Мелекес","wikipedia":"ru:Городской округ Димитровград","wikidata":"Q4145659","website":null,"type_2":"boundary","population":null,"official_status":"ru:городской округ","name:tt":null,"name:ru":"городской округ Димитровград","name:ja":"ディミトロフグラード管区","name:en":null,"name_2":"городской округ Димитровград","admin_level":"6","addr:region":null,"addr:country":null},"geometry":{"type":"Polygon","coordinates":[[[49.643272,54.216731],[49.643221,54.216675],[49.64322,54.216625],[49.643203,54.216594],[49.643147,54.216579],[49.643064,54.216583],[49.642975,54.216618],[49.642882,54.216651],[49.642807,54.216657],[49.642764,54.216639],[49.642736,54.216606],[49.642759,54.216569],[49.642884,54.216511],[49.643053,54.216478],[49.643174,54.216473],[49.643257,54.21642],[49.643357,54.216395],[49.643503,54.216357],[49.64362,54.216338],[49.643794,54.216346],[49.643794,54.216386],[49.643771,54.216403],[49.643784,54.216447],[49.643765,54.216455],[49.64372,54.216451],[49.643627,54.216427],[49.643499,54.216416],[49.643399,54.216432],[49.643351,54.216456],[49.643311,54.216497],[49.643297,54.216525],[49.643338,54.216552],[49.643365,54.216592],[49.643388,54.216653],[49.64342,54.216663],[49.643573,54.21669],[49.643622,54.216707],[49.643622,54.216729],[49.643543,54.216743],[49.643454,54.216746],[49.643344,54.216748],[49.643272,54.216731]]]}},{"type":"Feature","properties":{"full_id":"w1154178681","osm_id":"1154178681","osm_type":"way","natural":"grassland","grassland":null,"wetland":null,"water":null,"leisure":null,"religion":null,"name":null,"landuse":null,"description":null,"wood:density":null,"leaf_cycle":null,"leaf_type":null,"type":null,"full_id_2":"r2621608","osm_id_2":"2621608","osm_type_2":"relation","boundary":"administrative","source:url":"http://www.dumadgrad.ru/files/o_gorode/genplan/prilozh/1.rar","old_name":"Мелекес","wikipedia":"ru:Городской округ Димитровград","wikidata":"Q4145659","website":null,"type_2":"boundary","population":null,"official_status":"ru:городской округ","name:tt":null,"name:ru":"городской округ Димитровград","name:ja":"ディミトロフグラード管区","name:en":null,"name_2":"городской округ Димитровград","admin_level":"6","addr:region":null,"addr:country":null},"geometry":{"type":"Polygon","coordinates":[[[49.45339,54.180988],[49.453219,54.180955],[49.451304,54.170908],[49.451112,54.170339],[49.450869,54.169927],[49.449999,54.165694],[49.449897,54.165267],[49.450025,54.16517],[49.450447,54.165148],[49.45078,54.165132],[49.450869,54.165417],[49.451893,54.170354],[49.452686,54.175087],[49.452494,54.174526],[49.451803,54.170818],[49.451304,54.168444],[49.450639,54.165237],[49.45028,54.165275],[49.450204,54.165402],[49.450498,54.166631],[49.451074,54.169709],[49.451343,54.170181],[49.451522,54.170855],[49.452673,54.177132],[49.453159,54.179648],[49.453364,54.180666],[49.45339,54.180839],[49.453582,54.180816],[49.45362,54.180569],[49.452801,54.176465],[49.45275,54.175821],[49.45284,54.175739],[49.452993,54.176637],[49.453249,54.177888],[49.453454,54.178959],[49.453659,54.179768],[49.453825,54.180487],[49.453825,54.180779],[49.453748,54.180944],[49.453595,54.180988],[49.45339,54.180988]]]}},{"type":"Feature","properties":{"full_id":"w1175802484","osm_id":"1175802484","osm_type":"way","natural":"wood","grassland":null,"wetland":null,"water":null,"leisure":null,"religion":null,"name":null,"landuse":null,"description":null,"wood:density":null,"leaf_cycle":null,"leaf_type":null,"type":null,"full_id_2":"r2621608","osm_id_2":"2621608","osm_type_2":"relation","boundary":"administrative","source:url":"http://www.dumadgrad.ru/files/o_gorode/genplan/prilozh/1.rar","old_name":"Мелекес","wikipedia":"ru:Городской округ Димитровград","wikidata":"Q4145659","website":null,"type_2":"boundary","population":null,"official_status":"ru:городской округ","name:tt":null,"name:ru":"городской округ Димитровград","name:ja":"ディミトロフグラード管区","name:en":null,"name_2":"городской округ Димитровград","admin_level":"6","addr:region":null,"addr:country":null},"geometry":{"type":"Polygon","coordinates":[[[49.569084,54.241149],[49.569031,54.241132],[49.568949,54.241058],[49.568971,54.240948],[49.569066,54.240919],[49.569144,54.240944],[49.569144,54.241048],[49.569141,54.241108],[49.569084,54.241149]]]}},{"type":"Feature","properties":{"full_id":"w1175802485","osm_id":"1175802485","osm_type":"way","natural":"wood","grassland":null,"wetland":null,"water":null,"leisure":null,"religion":null,"name":null,"landuse":null,"description":null,"wood:density":null,"leaf_cycle":null,"leaf_type":null,"type":null,"full_id_2":"r2621608","osm_id_2":"2621608","osm_type_2":"relation","boundary":"administrative","source:url":"http://www.dumadgrad.ru/files/o_gorode/genplan/prilozh/1.rar","old_name":"Мелекес","wikipedia":"ru:Городской округ Димитровград","wikidata":"Q4145659","website":null,"type_2":"boundary","population":null,"official_status":"ru:городской округ","name:tt":null,"name:ru":"городской округ Димитровград","name:ja":"ディミトロフグラード管区","name:en":null,"name_2":"городской округ Димитровград","admin_level":"6","addr:region":null,"addr:country":null},"geometry":{"type":"Polygon","coordinates":[[[49.569569,54.241288],[49.569303,54.241284],[49.569123,54.241248],[49.569162,54.241137],[49.569243,54.241079],[49.569364,54.241019],[49.569406,54.240938],[49.569392,54.240878],[49.569254,54.240866],[49.569172,54.240787],[49.56907,54.240721],[49.569247,54.240508],[49.569314,54.240388],[49.569208,54.240045],[49.569183,54.239906],[49.569254,54.239852],[49.569388,54.239811],[49.569742,54.239813],[49.569774,54.239844],[49.569799,54.239927],[49.569809,54.239995],[49.569611,54.240032],[49.569484,54.240084],[49.569523,54.240177],[49.569519,54.24027],[49.569455,54.240388],[49.569335,54.240475],[49.569392,54.240522],[49.569547,54.240493],[49.569693,54.240404],[49.569894,54.240355],[49.56999,54.240351],[49.570085,54.240429],[49.570185,54.240487],[49.570351,54.240481],[49.57051,54.24044],[49.570478,54.240289],[49.570524,54.240241],[49.570708,54.240237],[49.570804,54.240243],[49.570836,54.240297],[49.570928,54.240797],[49.570889,54.240835],[49.570861,54.240872],[49.570818,54.24093],[49.570705,54.240948],[49.570648,54.240793],[49.57062,54.240717],[49.570593,54.240619],[49.570577,54.240575],[49.570524,54.240555],[49.57039,54.240553],[49.570206,54.240578],[49.57011,54.240644],[49.570107,54.240731],[49.570068,54.240824],[49.570121,54.240895],[49.570135,54.240938],[49.570153,54.241025],[49.570167,54.241091],[49.570153,54.241186],[49.570018,54.241238],[49.569569,54.241288]]]}},{"type":"Feature","properties":{"full_id":"w1182160486","osm_id":"1182160486","osm_type":"way","natural":"wood","grassland":null,"wetland":null,"water":null,"leisure":null,"religion":null,"name":null,"landuse":null,"description":null,"wood:density":null,"leaf_cycle":null,"leaf_type":null,"type":null,"full_id_2":"r2621608","osm_id_2":"2621608","osm_type_2":"relation","boundary":"administrative","source:url":"http://www.dumadgrad.ru/files/o_gorode/genplan/prilozh/1.rar","old_name":"Мелекес","wikipedia":"ru:Городской округ Димитровград","wikidata":"Q4145659","website":null,"type_2":"boundary","population":null,"official_status":"ru:городской округ","name:tt":null,"name:ru":"городской округ Димитровград","name:ja":"ディミトロフグラード管区","name:en":null,"name_2":"городской округ Димитровград","admin_level":"6","addr:region":null,"addr:country":null},"geometry":{"type":"Polygon","coordinates":[[[49.575277,54.212806],[49.575342,54.212737],[49.576315,54.212576],[49.577716,54.212347],[49.578223,54.212267],[49.578365,54.21227],[49.578373,54.212311],[49.578365,54.212406],[49.5783,54.212478],[49.578193,54.212525],[49.577987,54.212555],[49.577796,54.212574],[49.576557,54.212709],[49.57583,54.212794],[49.575497,54.212819],[49.575315,54.212827],[49.575277,54.212806]]]}},{"type":"Feature","properties":{"full_id":"w1182161336","osm_id":"1182161336","osm_type":"way","natural":"wood","grassland":null,"wetland":null,"water":null,"leisure":null,"religion":null,"name":null,"landuse":null,"description":null,"wood:density":null,"leaf_cycle":null,"leaf_type":null,"type":null,"full_id_2":"r2621608","osm_id_2":"2621608","osm_type_2":"relation","boundary":"administrative","source:url":"http://www.dumadgrad.ru/files/o_gorode/genplan/prilozh/1.rar","old_name":"Мелекес","wikipedia":"ru:Городской округ Димитровград","wikidata":"Q4145659","website":null,"type_2":"boundary","population":null,"official_status":"ru:городской округ","name:tt":null,"name:ru":"городской округ Димитровград","name:ja":"ディミトロフグラード管区","name:en":null,"name_2":"городской округ Димитровград","admin_level":"6","addr:region":null,"addr:country":null},"geometry":{"type":"Polygon","coordinates":[[[49.586806,54.214904],[49.586788,54.21479],[49.586817,54.213975],[49.586824,54.213913],[49.586838,54.213844],[49.586909,54.213797],[49.58699,54.213793],[49.58704,54.213832],[49.587071,54.214142],[49.587061,54.214755],[49.586997,54.214908],[49.586958,54.214943],[49.58688,54.214943],[49.586806,54.214904]]]}},{"type":"Feature","properties":{"full_id":"w1182175761","osm_id":"1182175761","osm_type":"way","natural":"wood","grassland":null,"wetland":null,"water":null,"leisure":null,"religion":null,"name":null,"landuse":null,"description":null,"wood:density":null,"leaf_cycle":null,"leaf_type":null,"type":null,"full_id_2":"r2621608","osm_id_2":"2621608","osm_type_2":"relation","boundary":"administrative","source:url":"http://www.dumadgrad.ru/files/o_gorode/genplan/prilozh/1.rar","old_name":"Мелекес","wikipedia":"ru:Городской округ Димитровград","wikidata":"Q4145659","website":null,"type_2":"boundary","population":null,"official_status":"ru:городской округ","name:tt":null,"name:ru":"городской округ Димитровград","name:ja":"ディミトロフグラード管区","name:en":null,"name_2":"городской округ Димитровград","admin_level":"6","addr:region":null,"addr:country":null},"geometry":{"type":"Polygon","coordinates":[[[49.591275,54.211548],[49.591268,54.211517],[49.59136,54.21147],[49.591423,54.211418],[49.591491,54.211362],[49.59153,54.211302],[49.591579,54.211207],[49.591614,54.21111],[49.591639,54.210983],[49.591643,54.210903],[49.591643,54.210818],[49.591639,54.210745],[49.591678,54.210694],[49.591735,54.210675],[49.591894,54.210681],[49.592036,54.210681],[49.592089,54.210698],[49.592092,54.210772],[49.592106,54.210855],[49.592121,54.210954],[49.592078,54.21119],[49.592064,54.211308],[49.592106,54.211339],[49.592223,54.21135],[49.592283,54.211362],[49.59239,54.211364],[49.592475,54.211317],[49.592542,54.21125],[49.592598,54.211255],[49.592715,54.211284],[49.592864,54.211292],[49.593292,54.211306],[49.593734,54.211306],[49.594248,54.211294],[49.594534,54.211298],[49.594648,54.211327],[49.593724,54.211385],[49.5916,54.211517],[49.591392,54.211542],[49.591275,54.211548]]]}},{"type":"Feature","properties":{"full_id":"w1182175762","osm_id":"1182175762","osm_type":"way","natural":"wood","grassland":null,"wetland":null,"water":null,"leisure":null,"religion":null,"name":null,"landuse":null,"description":null,"wood:density":null,"leaf_cycle":null,"leaf_type":null,"type":null,"full_id_2":"r2621608","osm_id_2":"2621608","osm_type_2":"relation","boundary":"administrative","source:url":"http://www.dumadgrad.ru/files/o_gorode/genplan/prilozh/1.rar","old_name":"Мелекес","wikipedia":"ru:Городской округ Димитровград","wikidata":"Q4145659","website":null,"type_2":"boundary","population":null,"official_status":"ru:городской округ","name:tt":null,"name:ru":"городской округ Димитровград","name:ja":"ディミトロフグラード管区","name:en":null,"name_2":"городской округ Димитровград","admin_level":"6","addr:region":null,"addr:country":null},"geometry":{"type":"Polygon","coordinates":[[[49.593688,54.212958],[49.593628,54.21295],[49.593632,54.212873],[49.593703,54.212795],[49.593593,54.212772],[49.593558,54.212708],[49.593469,54.212689],[49.593377,54.21267],[49.593296,54.212625],[49.59337,54.212567],[49.593476,54.212544],[49.59354,54.212521],[49.593543,54.212484],[49.593529,54.212401],[49.593526,54.212349],[49.593501,54.212281],[49.593405,54.212304],[49.593083,54.212294],[49.592967,54.212331],[49.592775,54.212345],[49.592655,54.212312],[49.592588,54.212227],[49.592637,54.212194],[49.592733,54.212196],[49.592899,54.212211],[49.593221,54.212205],[49.593437,54.212192],[49.593494,54.212157],[49.593526,54.212],[49.593462,54.211921],[49.593366,54.211857],[49.593335,54.211793],[49.59331,54.211718],[49.593306,54.211646],[49.593313,54.211573],[49.593441,54.211555],[49.593458,54.211615],[49.593589,54.211673],[49.593671,54.211652],[49.593816,54.211652],[49.593894,54.211669],[49.593926,54.211731],[49.593848,54.211871],[49.593848,54.21278],[49.593837,54.212873],[49.593812,54.21291],[49.593688,54.212958]]]}},{"type":"Feature","properties":{"full_id":"w1182175763","osm_id":"1182175763","osm_type":"way","natural":"wood","grassland":null,"wetland":null,"water":null,"leisure":null,"religion":null,"name":null,"landuse":null,"description":null,"wood:density":null,"leaf_cycle":null,"leaf_type":null,"type":null,"full_id_2":"r2621608","osm_id_2":"2621608","osm_type_2":"relation","boundary":"administrative","source:url":"http://www.dumadgrad.ru/files/o_gorode/genplan/prilozh/1.rar","old_name":"Мелекес","wikipedia":"ru:Городской округ Димитровград","wikidata":"Q4145659","website":null,"type_2":"boundary","population":null,"official_status":"ru:городской округ","name:tt":null,"name:ru":"городской округ Димитровград","name:ja":"ディミトロフグラード管区","name:en":null,"name_2":"городской округ Димитровград","admin_level":"6","addr:region":null,"addr:country":null},"geometry":{"type":"Polygon","coordinates":[[[49.592057,54.211731],[49.592007,54.211714],[49.591937,54.211658],[49.591976,54.211633],[49.592061,54.211604],[49.592177,54.211598],[49.592591,54.211571],[49.593136,54.211544],[49.593119,54.211642],[49.593126,54.21172],[49.593143,54.21176],[49.593108,54.211818],[49.592942,54.211849],[49.592797,54.211722],[49.592705,54.211675],[49.592591,54.211685],[49.592478,54.21172],[49.592443,54.211702],[49.592276,54.211696],[49.59211,54.211726],[49.592057,54.211731]]]}},{"type":"Feature","properties":{"full_id":"w1182175764","osm_id":"1182175764","osm_type":"way","natural":"wood","grassland":null,"wetland":null,"water":null,"leisure":null,"religion":null,"name":null,"landuse":null,"description":null,"wood:density":null,"leaf_cycle":null,"leaf_type":null,"type":null,"full_id_2":"r2621608","osm_id_2":"2621608","osm_type_2":"relation","boundary":"administrative","source:url":"http://www.dumadgrad.ru/files/o_gorode/genplan/prilozh/1.rar","old_name":"Мелекес","wikipedia":"ru:Городской округ Димитровград","wikidata":"Q4145659","website":null,"type_2":"boundary","population":null,"official_status":"ru:городской округ","name:tt":null,"name:ru":"городской округ Димитровград","name:ja":"ディミトロフグラード管区","name:en":null,"name_2":"городской округ Димитровград","admin_level":"6","addr:region":null,"addr:country":null},"geometry":{"type":"Polygon","coordinates":[[[49.595041,54.211706],[49.594832,54.211706],[49.59458,54.211704],[49.594375,54.211685],[49.594241,54.211635],[49.59429,54.211532],[49.594325,54.21143],[49.594432,54.211406],[49.594563,54.211426],[49.594895,54.211453],[49.595051,54.211476],[49.595168,54.211453],[49.595214,54.211416],[49.595306,54.211435],[49.595324,54.211499],[49.595504,54.211569],[49.595582,54.211559],[49.595628,54.211513],[49.595738,54.21152],[49.595961,54.211555],[49.596049,54.211586],[49.595904,54.211683],[49.595893,54.211704],[49.595731,54.211706],[49.595391,54.211706],[49.595041,54.211706]]]}},{"type":"Feature","properties":{"full_id":"w1182176722","osm_id":"1182176722","osm_type":"way","natural":"wood","grassland":null,"wetland":null,"water":null,"leisure":null,"religion":null,"name":null,"landuse":null,"description":null,"wood:density":null,"leaf_cycle":null,"leaf_type":null,"type":null,"full_id_2":"r2621608","osm_id_2":"2621608","osm_type_2":"relation","boundary":"administrative","source:url":"http://www.dumadgrad.ru/files/o_gorode/genplan/prilozh/1.rar","old_name":"Мелекес","wikipedia":"ru:Городской округ Димитровград","wikidata":"Q4145659","website":null,"type_2":"boundary","population":null,"official_status":"ru:городской округ","name:tt":null,"name:ru":"городской округ Димитровград","name:ja":"ディミトロフグラード管区","name:en":null,"name_2":"городской округ Димитровград","admin_level":"6","addr:region":null,"addr:country":null},"geometry":{"type":"Polygon","coordinates":[[[49.60067,54.201106],[49.600641,54.201097],[49.601663,54.200522],[49.602076,54.200538],[49.603355,54.200913],[49.603398,54.200955],[49.603433,54.201023],[49.603433,54.201101],[49.603342,54.201175],[49.603224,54.201252],[49.60306,54.201341],[49.602891,54.201324],[49.602889,54.201235],[49.602964,54.201119],[49.602929,54.200998],[49.60284,54.200941],[49.602738,54.200888],[49.602551,54.200866],[49.602352,54.200794],[49.602022,54.200778],[49.601751,54.200819],[49.601604,54.200894],[49.601464,54.200891],[49.601201,54.200863],[49.60107,54.200957],[49.600936,54.200998],[49.600823,54.201021],[49.600721,54.201079],[49.60067,54.201106]]]}},{"type":"Feature","properties":{"full_id":"w1218512264","osm_id":"1218512264","osm_type":"way","natural":"wood","grassland":null,"wetland":null,"water":null,"leisure":null,"religion":null,"name":null,"landuse":null,"description":null,"wood:density":null,"leaf_cycle":null,"leaf_type":null,"type":null,"full_id_2":"r2621608","osm_id_2":"2621608","osm_type_2":"relation","boundary":"administrative","source:url":"http://www.dumadgrad.ru/files/o_gorode/genplan/prilozh/1.rar","old_name":"Мелекес","wikipedia":"ru:Городской округ Димитровград","wikidata":"Q4145659","website":null,"type_2":"boundary","population":null,"official_status":"ru:городской округ","name:tt":null,"name:ru":"городской округ Димитровград","name:ja":"ディミトロフグラード管区","name:en":null,"name_2":"городской округ Димитровград","admin_level":"6","addr:region":null,"addr:country":null},"geometry":{"type":"Polygon","coordinates":[[[49.611128,54.211036],[49.611052,54.211034],[49.611003,54.211002],[49.610974,54.210931],[49.61085,54.210852],[49.610765,54.21081],[49.610458,54.210747],[49.610255,54.210713],[49.610232,54.210621],[49.610225,54.210587],[49.610095,54.210606],[49.60999,54.210602],[49.609938,54.210562],[49.610016,54.210506],[49.610072,54.210481],[49.610173,54.210384],[49.610265,54.210309],[49.610477,54.210197],[49.610683,54.210134],[49.610833,54.210088],[49.611007,54.21004],[49.611105,54.210002],[49.611229,54.210015],[49.611265,54.210044],[49.611128,54.210082],[49.611056,54.210134],[49.611056,54.21021],[49.611284,54.210264],[49.611422,54.210267],[49.611533,54.210296],[49.611566,54.210361],[49.611589,54.210388],[49.611387,54.210806],[49.611275,54.210921],[49.61118,54.211009],[49.611128,54.211036]]]}},{"type":"Feature","properties":{"full_id":"w1232313181","osm_id":"1232313181","osm_type":"way","natural":"wood","grassland":null,"wetland":null,"water":null,"leisure":null,"religion":null,"name":null,"landuse":null,"description":null,"wood:density":null,"leaf_cycle":null,"leaf_type":null,"type":null,"full_id_2":"r2621608","osm_id_2":"2621608","osm_type_2":"relation","boundary":"administrative","source:url":"http://www.dumadgrad.ru/files/o_gorode/genplan/prilozh/1.rar","old_name":"Мелекес","wikipedia":"ru:Городской округ Димитровград","wikidata":"Q4145659","website":null,"type_2":"boundary","population":null,"official_status":"ru:городской округ","name:tt":null,"name:ru":"городской округ Димитровград","name:ja":"ディミトロフグラード管区","name:en":null,"name_2":"городской округ Димитровград","admin_level":"6","addr:region":null,"addr:country":null},"geometry":{"type":"Polygon","coordinates":[[[49.613042,54.212603],[49.613014,54.212618],[49.612956,54.212624],[49.612897,54.212614],[49.612879,54.212591],[49.612925,54.212547],[49.613047,54.212419],[49.613219,54.212233],[49.613273,54.212225],[49.613334,54.212225],[49.613355,54.212246],[49.613334,54.212277],[49.613271,54.212352],[49.61325,54.21239],[49.61325,54.212422],[49.613203,54.212474],[49.613161,54.212494],[49.613079,54.212513],[49.613054,54.212541],[49.613065,54.212583],[49.613042,54.212603]]]}},{"type":"Feature","properties":{"full_id":"w1232313182","osm_id":"1232313182","osm_type":"way","natural":"wood","grassland":null,"wetland":null,"water":null,"leisure":null,"religion":null,"name":null,"landuse":null,"description":null,"wood:density":null,"leaf_cycle":null,"leaf_type":null,"type":null,"full_id_2":"r2621608","osm_id_2":"2621608","osm_type_2":"relation","boundary":"administrative","source:url":"http://www.dumadgrad.ru/files/o_gorode/genplan/prilozh/1.rar","old_name":"Мелекес","wikipedia":"ru:Городской округ Димитровград","wikidata":"Q4145659","website":null,"type_2":"boundary","population":null,"official_status":"ru:городской округ","name:tt":null,"name:ru":"городской округ Димитровград","name:ja":"ディミトロフグラード管区","name:en":null,"name_2":"городской округ Димитровград","admin_level":"6","addr:region":null,"addr:country":null},"geometry":{"type":"Polygon","coordinates":[[[49.61226,54.213184],[49.612374,54.21308],[49.612619,54.21283],[49.612724,54.212722],[49.612776,54.212682],[49.61282,54.212669],[49.612867,54.212669],[49.612879,54.212685],[49.612858,54.212732],[49.612636,54.212941],[49.612435,54.213109],[49.612311,54.213256],[49.612185,54.213361],[49.611991,54.213532],[49.611952,54.213597],[49.611868,54.213693],[49.611816,54.21376],[49.611774,54.213793],[49.611751,54.213866],[49.611718,54.213911],[49.611669,54.213965],[49.611599,54.213926],[49.611573,54.213907],[49.611562,54.213886],[49.61159,54.213883],[49.611646,54.213899],[49.611657,54.213876],[49.611669,54.213834],[49.611669,54.213787],[49.611753,54.213698],[49.611832,54.213629],[49.611933,54.213515],[49.612136,54.213313],[49.61226,54.213184]]]}},{"type":"Feature","properties":{"full_id":"w1232313184","osm_id":"1232313184","osm_type":"way","natural":"wood","grassland":null,"wetland":null,"water":null,"leisure":null,"religion":null,"name":null,"landuse":null,"description":null,"wood:density":null,"leaf_cycle":null,"leaf_type":null,"type":null,"full_id_2":"r2621608","osm_id_2":"2621608","osm_type_2":"relation","boundary":"administrative","source:url":"http://www.dumadgrad.ru/files/o_gorode/genplan/prilozh/1.rar","old_name":"Мелекес","wikipedia":"ru:Городской округ Димитровград","wikidata":"Q4145659","website":null,"type_2":"boundary","population":null,"official_status":"ru:городской округ","name:tt":null,"name:ru":"городской округ Димитровград","name:ja":"ディミトロフグラード管区","name:en":null,"name_2":"городской округ Димитровград","admin_level":"6","addr:region":null,"addr:country":null},"geometry":{"type":"Polygon","coordinates":[[[49.607666,54.212474],[49.607621,54.212515],[49.607462,54.212506],[49.607084,54.212443],[49.606845,54.212394],[49.606821,54.212358],[49.60688,54.21231],[49.606926,54.212223],[49.606918,54.212123],[49.606929,54.211982],[49.606985,54.211938],[49.607159,54.211825],[49.607175,54.211745],[49.607157,54.21167],[49.60714,54.21159],[49.607119,54.211503],[49.607087,54.211441],[49.607047,54.211387],[49.607071,54.211354],[49.607216,54.21134],[49.607285,54.211326],[49.607411,54.211306],[49.607631,54.211306],[49.60801,54.211373],[49.608138,54.211416],[49.608138,54.211485],[49.608082,54.211566],[49.608055,54.211616],[49.608063,54.21166],[49.60801,54.211789],[49.607956,54.21187],[49.607857,54.211922],[49.607763,54.211921],[49.607685,54.211955],[49.607655,54.212016],[49.607588,54.212099],[49.607572,54.212176],[49.607524,54.212242],[49.607444,54.212388],[49.607478,54.212423],[49.607551,54.212429],[49.607618,54.212449],[49.607666,54.212474]]]}},{"type":"Feature","properties":{"full_id":"w1232313185","osm_id":"1232313185","osm_type":"way","natural":"wood","grassland":null,"wetland":null,"water":null,"leisure":null,"religion":null,"name":null,"landuse":null,"description":null,"wood:density":null,"leaf_cycle":null,"leaf_type":null,"type":null,"full_id_2":"r2621608","osm_id_2":"2621608","osm_type_2":"relation","boundary":"administrative","source:url":"http://www.dumadgrad.ru/files/o_gorode/genplan/prilozh/1.rar","old_name":"Мелекес","wikipedia":"ru:Городской округ Димитровград","wikidata":"Q4145659","website":null,"type_2":"boundary","population":null,"official_status":"ru:городской округ","name:tt":null,"name:ru":"городской округ Димитровград","name:ja":"ディミトロフグラード管区","name:en":null,"name_2":"городской округ Димитровград","admin_level":"6","addr:region":null,"addr:country":null},"geometry":{"type":"Polygon","coordinates":[[[49.607806,54.211259],[49.607588,54.211202],[49.60791,54.210636],[49.607964,54.210587],[49.608004,54.210536],[49.608095,54.210493],[49.608189,54.210467],[49.608259,54.210496],[49.608345,54.2105],[49.608361,54.210531],[49.608318,54.210548],[49.608221,54.210548],[49.608138,54.210579],[49.608119,54.210628],[49.608146,54.210685],[49.608294,54.210718],[49.608396,54.210747],[49.608436,54.210802],[49.608455,54.210873],[49.60842,54.210942],[49.60835,54.211034],[49.60827,54.211113],[49.60827,54.211208],[49.608232,54.211281],[49.60817,54.211312],[49.608074,54.211314],[49.607948,54.211287],[49.607806,54.211259]]]}},{"type":"Feature","properties":{"full_id":"w1342041673","osm_id":"1342041673","osm_type":"way","natural":"wood","grassland":null,"wetland":null,"water":null,"leisure":null,"religion":null,"name":null,"landuse":null,"description":null,"wood:density":null,"leaf_cycle":null,"leaf_type":null,"type":null,"full_id_2":"r2621608","osm_id_2":"2621608","osm_type_2":"relation","boundary":"administrative","source:url":"http://www.dumadgrad.ru/files/o_gorode/genplan/prilozh/1.rar","old_name":"Мелекес","wikipedia":"ru:Городской округ Димитровград","wikidata":"Q4145659","website":null,"type_2":"boundary","population":null,"official_status":"ru:городской округ","name:tt":null,"name:ru":"городской округ Димитровград","name:ja":"ディミトロフグラード管区","name:en":null,"name_2":"городской округ Димитровград","admin_level":"6","addr:region":null,"addr:country":null},"geometry":{"type":"Polygon","coordinates":[[[49.599528,54.22769],[49.599517,54.227653],[49.600706,54.226999],[49.601071,54.226815],[49.601266,54.226739],[49.601358,54.226786],[49.601556,54.226892],[49.601765,54.226892],[49.601952,54.226902],[49.601998,54.226958],[49.601885,54.227076],[49.601881,54.227148],[49.601747,54.227221],[49.60168,54.227258],[49.601701,54.227316],[49.602426,54.227746],[49.602342,54.227804],[49.602264,54.227806],[49.602129,54.22773],[49.601896,54.227775],[49.601807,54.227856],[49.601563,54.22799],[49.601623,54.228046],[49.601634,54.228137],[49.601414,54.228255],[49.60099,54.228466],[49.600898,54.228524],[49.600696,54.228601],[49.600742,54.228663],[49.600669,54.228684],[49.60024,54.228411],[49.600416,54.228317],[49.600731,54.22823],[49.600724,54.228174],[49.600622,54.228063],[49.600607,54.227957],[49.600713,54.227881],[49.600816,54.227883],[49.601,54.227957],[49.601174,54.228046],[49.601266,54.228042],[49.601329,54.227982],[49.60129,54.227897],[49.601159,54.227781],[49.600986,54.227694],[49.600851,54.227606],[49.600841,54.22751],[49.60077,54.227463],[49.600568,54.227498],[49.600374,54.227504],[49.600214,54.227426],[49.599995,54.227504],[49.599825,54.227585],[49.599726,54.22763],[49.599606,54.227688],[49.599528,54.22769]]]}},{"type":"Feature","properties":{"full_id":"w1342041674","osm_id":"1342041674","osm_type":"way","natural":"wood","grassland":null,"wetland":null,"water":null,"leisure":null,"religion":null,"name":null,"landuse":null,"description":null,"wood:density":null,"leaf_cycle":null,"leaf_type":null,"type":null,"full_id_2":"r2621608","osm_id_2":"2621608","osm_type_2":"relation","boundary":"administrative","source:url":"http://www.dumadgrad.ru/files/o_gorode/genplan/prilozh/1.rar","old_name":"Мелекес","wikipedia":"ru:Городской округ Димитровград","wikidata":"Q4145659","website":null,"type_2":"boundary","population":null,"official_status":"ru:городской округ","name:tt":null,"name:ru":"городской округ Димитровград","name:ja":"ディミトロフグラード管区","name:en":null,"name_2":"городской округ Димитровград","admin_level":"6","addr:region":null,"addr:country":null},"geometry":{"type":"Polygon","coordinates":[[[49.600066,54.227121],[49.600101,54.227032],[49.600222,54.226943],[49.600363,54.226819],[49.600356,54.226743],[49.600232,54.226639],[49.600144,54.226621],[49.600023,54.226646],[49.599839,54.226718],[49.599737,54.226762],[49.599672,54.226723],[49.600091,54.226517],[49.600197,54.226468],[49.600275,54.226478],[49.600398,54.226559],[49.600551,54.226621],[49.600682,54.22667],[49.600756,54.226741],[49.600752,54.226795],[49.600689,54.226863],[49.600363,54.227088],[49.600119,54.227188],[49.600069,54.227188],[49.600066,54.227121]]]}},{"type":"Feature","properties":{"full_id":"w1342041675","osm_id":"1342041675","osm_type":"way","natural":"wood","grassland":null,"wetland":null,"water":null,"leisure":null,"religion":null,"name":null,"landuse":null,"description":null,"wood:density":null,"leaf_cycle":null,"leaf_type":null,"type":null,"full_id_2":"r2621608","osm_id_2":"2621608","osm_type_2":"relation","boundary":"administrative","source:url":"http://www.dumadgrad.ru/files/o_gorode/genplan/prilozh/1.rar","old_name":"Мелекес","wikipedia":"ru:Городской округ Димитровград","wikidata":"Q4145659","website":null,"type_2":"boundary","population":null,"official_status":"ru:городской округ","name:tt":null,"name:ru":"городской округ Димитровград","name:ja":"ディミトロフグラード管区","name:en":null,"name_2":"городской округ Димитровград","admin_level":"6","addr:region":null,"addr:country":null},"geometry":{"type":"Polygon","coordinates":[[[49.60403,54.225498],[49.602717,54.226242],[49.602511,54.226128],[49.602404,54.226039],[49.602469,54.226004],[49.602596,54.225982],[49.602773,54.225913],[49.602865,54.225835],[49.602904,54.225756],[49.603163,54.225564],[49.603761,54.22528],[49.604019,54.225179],[49.604164,54.225111],[49.604373,54.225024],[49.604451,54.224951],[49.604568,54.224883],[49.604699,54.224858],[49.604872,54.224837],[49.604939,54.224848],[49.604943,54.224897],[49.604833,54.225038],[49.604674,54.225098],[49.60455,54.225125],[49.604447,54.225247],[49.60403,54.225498]]]}},{"type":"Feature","properties":{"full_id":"w1429944894","osm_id":"1429944894","osm_type":"way","natural":"wood","grassland":null,"wetland":null,"water":null,"leisure":null,"religion":null,"name":null,"landuse":null,"description":null,"wood:density":null,"leaf_cycle":null,"leaf_type":null,"type":null,"full_id_2":"r2621608","osm_id_2":"2621608","osm_type_2":"relation","boundary":"administrative","source:url":"http://www.dumadgrad.ru/files/o_gorode/genplan/prilozh/1.rar","old_name":"Мелекес","wikipedia":"ru:Городской округ Димитровград","wikidata":"Q4145659","website":null,"type_2":"boundary","population":null,"official_status":"ru:городской округ","name:tt":null,"name:ru":"городской округ Димитровград","name:ja":"ディミトロフグラード管区","name:en":null,"name_2":"городской округ Димитровград","admin_level":"6","addr:region":null,"addr:country":null},"geometry":{"type":"Polygon","coordinates":[[[49.486059,54.191242],[49.485914,54.191306],[49.485874,54.191319],[49.485846,54.191303],[49.485846,54.191273],[49.48593,54.191175],[49.486187,54.190962],[49.48625,54.190935],[49.486288,54.19094],[49.486313,54.190968],[49.48629,54.191],[49.48621,54.191084],[49.486059,54.191242]]]}},{"type":"Feature","properties":{"full_id":"w1429944895","osm_id":"1429944895","osm_type":"way","natural":"wood","grassland":null,"wetland":null,"water":null,"leisure":null,"religion":null,"name":null,"landuse":null,"description":null,"wood:density":null,"leaf_cycle":null,"leaf_type":null,"type":null,"full_id_2":"r2621608","osm_id_2":"2621608","osm_type_2":"relation","boundary":"administrative","source:url":"http://www.dumadgrad.ru/files/o_gorode/genplan/prilozh/1.rar","old_name":"Мелекес","wikipedia":"ru:Городской округ Димитровград","wikidata":"Q4145659","website":null,"type_2":"boundary","population":null,"official_status":"ru:городской округ","name:tt":null,"name:ru":"городской округ Димитровград","name:ja":"ディミトロフグラード管区","name:en":null,"name_2":"городской округ Димитровград","admin_level":"6","addr:region":null,"addr:country":null},"geometry":{"type":"Polygon","coordinates":[[[49.493736,54.192295],[49.493637,54.192287],[49.493113,54.191914],[49.490451,54.190924],[49.487726,54.189947],[49.487684,54.189885],[49.487811,54.189781],[49.487938,54.18976],[49.488165,54.189789],[49.490784,54.190763],[49.493481,54.191757],[49.493608,54.191939],[49.493672,54.192075],[49.493736,54.192204],[49.493736,54.192295]]]}},{"type":"Feature","properties":{"full_id":"w1429944896","osm_id":"1429944896","osm_type":"way","natural":"wood","grassland":null,"wetland":null,"water":null,"leisure":null,"religion":null,"name":null,"landuse":null,"description":null,"wood:density":null,"leaf_cycle":null,"leaf_type":null,"type":null,"full_id_2":"r2621608","osm_id_2":"2621608","osm_type_2":"relation","boundary":"administrative","source:url":"http://www.dumadgrad.ru/files/o_gorode/genplan/prilozh/1.rar","old_name":"Мелекес","wikipedia":"ru:Городской округ Димитровград","wikidata":"Q4145659","website":null,"type_2":"boundary","population":null,"official_status":"ru:городской округ","name:tt":null,"name:ru":"городской округ Димитровград","name:ja":"ディミトロフグラード管区","name:en":null,"name_2":"городской округ Димитровград","admin_level":"6","addr:region":null,"addr:country":null},"geometry":{"type":"Polygon","coordinates":[[[49.487047,54.189922],[49.486983,54.189905],[49.486311,54.189669],[49.486176,54.189607],[49.486169,54.189557],[49.486282,54.189537],[49.486714,54.189698],[49.487089,54.189856],[49.487096,54.189897],[49.487047,54.189922]]]}},{"type":"Feature","properties":{"full_id":"w1429944897","osm_id":"1429944897","osm_type":"way","natural":"wood","grassland":null,"wetland":null,"water":null,"leisure":null,"religion":null,"name":null,"landuse":null,"description":null,"wood:density":null,"leaf_cycle":null,"leaf_type":null,"type":null,"full_id_2":"r2621608","osm_id_2":"2621608","osm_type_2":"relation","boundary":"administrative","source:url":"http://www.dumadgrad.ru/files/o_gorode/genplan/prilozh/1.rar","old_name":"Мелекес","wikipedia":"ru:Городской округ Димитровград","wikidata":"Q4145659","website":null,"type_2":"boundary","population":null,"official_status":"ru:городской округ","name:tt":null,"name:ru":"городской округ Димитровград","name:ja":"ディミトロフグラード管区","name:en":null,"name_2":"городской округ Димитровград","admin_level":"6","addr:region":null,"addr:country":null},"geometry":{"type":"Polygon","coordinates":[[[49.487372,54.189727],[49.487224,54.18976],[49.485447,54.189106],[49.48539,54.189036],[49.485461,54.188924],[49.485673,54.188862],[49.485879,54.188874],[49.487061,54.189342],[49.487443,54.189475],[49.487528,54.189557],[49.487485,54.189653],[49.487372,54.189727]]]}},{"type":"Feature","properties":{"full_id":"w1429947655","osm_id":"1429947655","osm_type":"way","natural":"wood","grassland":null,"wetland":null,"water":null,"leisure":null,"religion":null,"name":null,"landuse":null,"description":null,"wood:density":null,"leaf_cycle":null,"leaf_type":null,"type":null,"full_id_2":"r2621608","osm_id_2":"2621608","osm_type_2":"relation","boundary":"administrative","source:url":"http://www.dumadgrad.ru/files/o_gorode/genplan/prilozh/1.rar","old_name":"Мелекес","wikipedia":"ru:Городской округ Димитровград","wikidata":"Q4145659","website":null,"type_2":"boundary","population":null,"official_status":"ru:городской округ","name:tt":null,"name:ru":"городской округ Димитровград","name:ja":"ディミトロフグラード管区","name:en":null,"name_2":"городской округ Димитровград","admin_level":"6","addr:region":null,"addr:country":null},"geometry":{"type":"Polygon","coordinates":[[[49.474408,54.194829],[49.471606,54.193785],[49.470597,54.193315],[49.470373,54.192977],[49.469887,54.192124],[49.469859,54.191845],[49.469925,54.191621],[49.470083,54.191594],[49.470168,54.191703],[49.470177,54.191987],[49.470513,54.192381],[49.471092,54.193113],[49.471382,54.193392],[49.471811,54.193649],[49.473352,54.194162],[49.475146,54.194763],[49.478359,54.195998],[49.480992,54.197015],[49.481572,54.197282],[49.482039,54.197452],[49.482085,54.197539],[49.481983,54.197588],[49.481609,54.197555],[49.474408,54.194829]]]}}]}