{"type":"FeatureCollection","features":[{"type":"Feature","id":"1","properties":{"id":"1","city":"dimitrovgrad","baseScore":64.17523259371157,"baseScoreNoCommerce":null,"baseRank":8,"population":127,"populationField":"pop_sum","pop_sum":127,"blocks":{"housing":0.2526143227958517,"infra":0.6452991452991453,"transport":1,"work":1,"green":0.37750999999999996,"commerce":0.5750904875276971},"compare":{"city":{"score":64.17523259371157,"rank":8,"blocks":{"housing":0.2526143227958517,"infra":0.6452991452991453,"transport":1,"work":1,"green":0.37750999999999996,"commerce":0.5750904875276971}},"all":{"score":64.07434292625518,"rank":73,"blocks":{"housing":0.5492864533819048,"infra":0.6527777777777777,"transport":1,"work":0.75320265473067,"green":0.37750999999999996,"commerce":0.5750904875276971}}},"indicators":[{"label":"Жильё: плотность","value":15.65469437119408},{"label":"Жильё: обеспеченность","value":33.373},{"label":"Жильё: износ","value":35.375},{"label":"Жильё: этажность","value":2},{"label":"Коммерческая инфраструктура: разнообразие","value":0.19444444444444442},{"label":"Коммерческая инфраструктура: полнота корзины","value":100},{"label":"Транспорт: доступность","value":100},{"label":"Крупные работодатели: обеспеченность","value":0.244},{"label":"Крупные работодатели: плотность","value":0.001},{"label":"Зелёные зоны: доступность","value":100},{"label":"Зелёные зоны: покрытие квартала зеленью","value":13.253},{"label":"Зелёные зоны: температура поверхности","value":38.883200662177906},{"label":"Экономика: активность ФНС","value":6.266},{"label":"Экономика: ККТ","value":8.937},{"label":"Экономика: медианный чек","value":222.442}]},"geometry":{"type":"Polygon","coordinates":[[[49.623505,54.218147],[49.625028,54.218421],[49.626275,54.218662],[49.626266,54.218679],[49.62579,54.219451],[49.624833,54.221007],[49.624723,54.220978],[49.623757,54.220724],[49.623701,54.22071],[49.623645,54.220695],[49.622883,54.220497],[49.622604,54.220405],[49.622507,54.220365],[49.622421,54.220324],[49.622357,54.220282],[49.622313,54.220245],[49.622456,54.219989],[49.62291,54.219173],[49.623207,54.218639],[49.623505,54.218147]]]}},{"type":"Feature","id":"2","properties":{"id":"2","city":"dimitrovgrad","baseScore":47.78017528386616,"baseScoreNoCommerce":null,"baseRank":59,"population":33,"populationField":"pop_sum","pop_sum":33,"blocks":{"housing":0.3176096166710591,"infra":0.5,"transport":1,"work":0,"green":0.6201163056746535,"commerce":0.4290845946862571},"compare":{"city":{"score":47.78017528386616,"rank":59,"blocks":{"housing":0.3176096166710591,"infra":0.5,"transport":1,"work":0,"green":0.6201163056746535,"commerce":0.4290845946862571}},"all":{"score":51.34418528442725,"rank":257,"blocks":{"housing":0.6316778439881237,"infra":0.5,"transport":1,"work":0,"green":0.6201163056746535,"commerce":0.4290845946862571}}},"indicators":[{"label":"Жильё: плотность","value":7.806044157542832},{"label":"Жильё: обеспеченность","value":37.54},{"label":"Коммерческая инфраструктура: разнообразие","value":0},{"label":"Коммерческая инфраструктура: полнота корзины","value":100},{"label":"Транспорт: доступность","value":100},{"label":"Зелёные зоны: доступность","value":100},{"label":"Зелёные зоны: покрытие квартала зеленью","value":41.335},{"label":"Зелёные зоны: температура поверхности","value":35.43393990652902},{"label":"Экономика: активность ФНС","value":7.611},{"label":"Экономика: ККТ","value":3.697},{"label":"Экономика: медианный чек","value":0}]},"geometry":{"type":"Polygon","coordinates":[[[49.621859,54.215033],[49.62184,54.215065],[49.621795,54.215089],[49.62131,54.214959],[49.620741,54.214828],[49.61993,54.214571],[49.619251,54.214414],[49.619041,54.21433],[49.618998,54.214322],[49.619012,54.214297],[49.619127,54.214061],[49.619147,54.214039],[49.619228,54.213953],[49.619228,54.213952],[49.619274,54.213903],[49.619494,54.213731],[49.619726,54.213652],[49.620076,54.213619],[49.62033,54.213606],[49.620516,54.213573],[49.620708,54.213517],[49.62086,54.213513],[49.620984,54.213533],[49.621148,54.213517],[49.621314,54.213506],[49.621455,54.213543],[49.622143,54.213157],[49.62216,54.213148],[49.622968,54.213505],[49.622969,54.213505],[49.62297,54.213505],[49.623205,54.213596],[49.622508,54.214311],[49.622275,54.214548],[49.622243,54.21458],[49.622229,54.214594],[49.622124,54.2147],[49.622123,54.214701],[49.62186,54.215032],[49.621859,54.215033],[49.621859,54.215033]]]}},{"type":"Feature","id":"3","properties":{"id":"3","city":"dimitrovgrad","baseScore":59.3504845064054,"baseScoreNoCommerce":null,"baseRank":22,"population":749,"populationField":"pop_sum","pop_sum":749,"blocks":{"housing":0.19885969285381022,"infra":0.7680995302525602,"transport":1,"work":0.6211656441717794,"green":0.5847324186367582,"commerce":0.3881717844694162},"compare":{"city":{"score":59.3504845064054,"rank":22,"blocks":{"housing":0.19885969285381022,"infra":0.7680995302525602,"transport":1,"work":0.6211656441717794,"green":0.5847324186367582,"commerce":0.3881717844694162}},"all":{"score":57.44891371597789,"rank":152,"blocks":{"housing":0.5058900135989234,"infra":0.7637062554322372,"transport":1,"work":0.25003858620157493,"green":0.5847324186367582,"commerce":0.3881717844694162}}},"indicators":[{"label":"Жильё: плотность","value":36.591551976345514},{"label":"Жильё: обеспеченность","value":29.548},{"label":"Жильё: износ","value":35.904901673026124},{"label":"Жильё: этажность","value":5.166667},{"label":"Коммерческая инфраструктура: разнообразие","value":0.4305555555555555},{"label":"Коммерческая инфраструктура: полнота корзины","value":100},{"label":"Транспорт: доступность","value":100},{"label":"Крупные работодатели: обеспеченность","value":0.081},{"label":"Крупные работодатели: плотность","value":0.001},{"label":"Зелёные зоны: доступность","value":100},{"label":"Зелёные зоны: покрытие квартала зеленью","value":48.904},{"label":"Зелёные зоны: температура поверхности","value":36.78167958413401},{"label":"Экономика: активность ФНС","value":7.665},{"label":"Экономика: ККТ","value":14.628},{"label":"Экономика: медианный чек","value":0}]},"geometry":{"type":"Polygon","coordinates":[[[49.603719,54.235651],[49.603572,54.235621],[49.603494,54.235605],[49.60362,54.235363],[49.603754,54.235106],[49.603754,54.235106],[49.603754,54.235106],[49.603768,54.235078],[49.603848,54.234934],[49.603946,54.234769],[49.604104,54.234553],[49.60416,54.234486],[49.60416,54.234486],[49.60416,54.234486],[49.604213,54.234422],[49.604279,54.234342],[49.604279,54.234342],[49.604279,54.234342],[49.604388,54.234212],[49.604793,54.233777],[49.604923,54.233638],[49.604988,54.233568],[49.604988,54.233568],[49.604988,54.233568],[49.605047,54.233504],[49.605612,54.232899],[49.60567,54.232836],[49.60567,54.232836],[49.60567,54.232836],[49.605796,54.232701],[49.606001,54.232486],[49.606392,54.232078],[49.606392,54.232078],[49.606392,54.232078],[49.606908,54.231537],[49.606991,54.231451],[49.607322,54.231105],[49.607417,54.231006],[49.607417,54.231006],[49.607417,54.231006],[49.607696,54.230714],[49.607696,54.230714],[49.607822,54.230573],[49.608062,54.230652],[49.608062,54.230652],[49.608426,54.230764],[49.608198,54.231016],[49.608121,54.231102],[49.608103,54.231123],[49.608068,54.231161],[49.60771,54.231559],[49.60925,54.232025],[49.609001,54.232437],[49.609386,54.232504],[49.609689,54.232557],[49.609773,54.232442],[49.610015,54.232481],[49.610297,54.232766],[49.610347,54.232824],[49.609436,54.233172],[49.609372,54.233204],[49.609089,54.233008],[49.608931,54.233134],[49.608289,54.233646],[49.608385,54.233706],[49.608055,54.234248],[49.6079,54.23431],[49.607316,54.235027],[49.606895,54.234915],[49.606748,54.23486],[49.606224,54.2347],[49.60602,54.234651],[49.6059,54.234779],[49.605376,54.234595],[49.604519,54.235507],[49.604394,54.235742],[49.604358,54.235811],[49.604283,54.235793],[49.603719,54.235651]]]}},{"type":"Feature","id":"12","properties":{"id":"12","city":"dimitrovgrad","baseScore":62.27737271148724,"baseScoreNoCommerce":null,"baseRank":10,"population":3352,"populationField":"pop_sum","pop_sum":3352,"blocks":{"housing":0.3521749229327728,"infra":0.8579430936941318,"transport":1,"work":0.13036809815950928,"green":0.5322870766816821,"commerce":0.8638691712211386},"compare":{"city":{"score":62.27737271148724,"rank":10,"blocks":{"housing":0.3521749229327728,"infra":0.8579430936941318,"transport":1,"work":0.13036809815950928,"green":0.5322870766816821,"commerce":0.8638691712211386}},"all":{"score":62.1541062385945,"rank":94,"blocks":{"housing":0.6103968596789412,"infra":0.8294820624760555,"transport":1,"work":0.05247723414107128,"green":0.5322870766816821,"commerce":0.8638691712211386}}},"indicators":[{"label":"Жильё: плотность","value":235.98779520686256},{"label":"Жильё: обеспеченность","value":28.076},{"label":"Жильё: износ","value":18.691229116945106},{"label":"Жильё: этажность","value":9.12},{"label":"Коммерческая инфраструктура: разнообразие","value":0.6527777777777778},{"label":"Коммерческая инфраструктура: полнота корзины","value":100},{"label":"Транспорт: доступность","value":100},{"label":"Крупные работодатели: обеспеченность","value":0.017},{"label":"Крупные работодатели: плотность","value":0},{"label":"Зелёные зоны: доступность","value":100},{"label":"Зелёные зоны: покрытие квартала зеленью","value":26.992},{"label":"Зелёные зоны: температура поверхности","value":36.32376079439367},{"label":"Экономика: активность ФНС","value":9.076},{"label":"Экономика: ККТ","value":39.114},{"label":"Экономика: медианный чек","value":270.885}]},"geometry":{"type":"Polygon","coordinates":[[[49.571552,54.242239],[49.571538,54.242233],[49.571526,54.242166],[49.571533,54.242161],[49.571537,54.242156],[49.571539,54.242151],[49.571548,54.242098],[49.571547,54.242094],[49.571531,54.24202],[49.571382,54.241198],[49.571382,54.241198],[49.571382,54.241198],[49.571371,54.241144],[49.571371,54.241144],[49.571371,54.241144],[49.571186,54.240187],[49.571125,54.239868],[49.571125,54.239868],[49.571125,54.239868],[49.571091,54.239694],[49.570938,54.238883],[49.570938,54.238883],[49.570938,54.238883],[49.570723,54.237745],[49.570723,54.237744],[49.570676,54.237553],[49.570824,54.237542],[49.572718,54.237408],[49.572767,54.237404],[49.572767,54.237404],[49.572767,54.237404],[49.574749,54.237255],[49.574783,54.237441],[49.57484,54.237749],[49.57484,54.237749],[49.57484,54.237749],[49.575201,54.239616],[49.575201,54.239616],[49.575201,54.239616],[49.575215,54.239688],[49.575454,54.240939],[49.575659,54.242025],[49.575572,54.242031],[49.575088,54.242064],[49.573704,54.242157],[49.572591,54.242209],[49.57259,54.242209],[49.57259,54.242209],[49.571958,54.242252],[49.57174,54.242259],[49.571636,54.242264],[49.571628,54.242264],[49.571552,54.242239]]]}},{"type":"Feature","id":"20","properties":{"id":"20","city":"dimitrovgrad","baseScore":34.85309256930578,"baseScoreNoCommerce":null,"baseRank":104,"population":509,"populationField":"pop_sum","pop_sum":509,"blocks":{"housing":0.4381408650155923,"infra":0.2371143176091119,"transport":1,"work":0,"green":0.41593037153364226,"commerce":0},"compare":{"city":{"score":34.85309256930578,"rank":104,"blocks":{"housing":0.4381408650155923,"infra":0.2371143176091119,"transport":1,"work":0,"green":0.41593037153364226,"commerce":0}},"all":{"score":39.288647077680864,"rank":513,"blocks":{"housing":0.6663148612617514,"infra":0.2750735918654579,"transport":1,"work":0,"green":0.41593037153364226,"commerce":0}}},"indicators":[{"label":"Жильё: плотность","value":175.97734932959372},{"label":"Жильё: обеспеченность","value":25.528},{"label":"Жильё: износ","value":6.854616895874264},{"label":"Жильё: этажность","value":3},{"label":"Коммерческая инфраструктура: разнообразие","value":0},{"label":"Коммерческая инфраструктура: полнота корзины","value":17.485},{"label":"Транспорт: доступность","value":100},{"label":"Зелёные зоны: доступность","value":100},{"label":"Зелёные зоны: покрытие квартала зеленью","value":9.868},{"label":"Зелёные зоны: температура поверхности","value":37.64176845550537}]},"geometry":{"type":"Polygon","coordinates":[[[49.583996,54.240963],[49.581838,54.241176],[49.581732,54.240595],[49.581731,54.240594],[49.581731,54.240594],[49.581703,54.240463],[49.58168,54.240354],[49.581462,54.2393],[49.581462,54.2393],[49.581461,54.239294],[49.581815,54.239276],[49.581816,54.239276],[49.582497,54.239229],[49.582632,54.239223],[49.582633,54.239223],[49.582633,54.239223],[49.583244,54.239179],[49.583244,54.239179],[49.583244,54.239179],[49.583564,54.239156],[49.583996,54.240963]]]}},{"type":"Feature","id":"22","properties":{"id":"22","city":"dimitrovgrad","baseScore":43.30610704382542,"baseScoreNoCommerce":null,"baseRank":74,"population":125,"populationField":"pop_sum","pop_sum":125,"blocks":{"housing":0.5077197504002151,"infra":0.5,"transport":1,"work":0,"green":0.5906466722293103,"commerce":0},"compare":{"city":{"score":43.30610704382542,"rank":74,"blocks":{"housing":0.5077197504002151,"infra":0.5,"transport":1,"work":0,"green":0.5906466722293103,"commerce":0}},"all":{"score":46.89911296157644,"rank":337,"blocks":{"housing":0.7233001054652768,"infra":0.5,"transport":1,"work":0,"green":0.5906466722293103,"commerce":0}}},"indicators":[{"label":"Жильё: плотность","value":54.39470012854556},{"label":"Жильё: обеспеченность","value":31.002},{"label":"Жильё: износ","value":6.832},{"label":"Жильё: этажность","value":2},{"label":"Коммерческая инфраструктура: разнообразие","value":0},{"label":"Коммерческая инфраструктура: полнота корзины","value":100},{"label":"Транспорт: доступность","value":100},{"label":"Зелёные зоны: доступность","value":100},{"label":"Зелёные зоны: покрытие квартала зеленью","value":49.928},{"label":"Зелёные зоны: температура поверхности","value":36.72607203892299}]},"geometry":{"type":"Polygon","coordinates":[[[49.572339,54.235506],[49.572254,54.23509],[49.572168,54.234675],[49.572147,54.234574],[49.572688,54.234538],[49.573428,54.234489],[49.573428,54.234489],[49.573429,54.234489],[49.574026,54.234441],[49.574214,54.234475],[49.574222,54.234524],[49.574222,54.234524],[49.57424,54.234614],[49.574275,54.234795],[49.574323,54.235047],[49.57443,54.235604],[49.574497,54.235957],[49.574386,54.235965],[49.573817,54.236007],[49.573063,54.236062],[49.573063,54.236062],[49.573063,54.236062],[49.572463,54.236107],[49.572399,54.235796],[49.572339,54.235506],[49.572339,54.235506],[49.572339,54.235506]]]}},{"type":"Feature","id":"23","properties":{"id":"23","city":"dimitrovgrad","baseScore":54.31621796619362,"baseScoreNoCommerce":null,"baseRank":33,"population":113,"populationField":"pop_sum","pop_sum":113,"blocks":{"housing":0.96882284972938,"infra":0.6021615829958348,"transport":0.4304399336960263,"work":0,"green":0.5825809940696167,"commerce":0.6749677174807599},"compare":{"city":{"score":54.31621796619362,"rank":33,"blocks":{"housing":0.96882284972938,"infra":0.6021615829958348,"transport":0.4304399336960263,"work":0,"green":0.5825809940696167,"commerce":0.6749677174807599}},"all":{"score":53.516876984499255,"rank":211,"blocks":{"housing":1,"infra":0.6063183372226151,"transport":0.43857436756592993,"work":0,"green":0.5825809940696167,"commerce":0.6749677174807599}}},"indicators":[{"label":"Жильё: плотность","value":8.016848437729546},{"label":"Жильё: обеспеченность","value":63.24},{"label":"Коммерческая инфраструктура: разнообразие","value":0.13888888888888887},{"label":"Коммерческая инфраструктура: полнота корзины","value":100},{"label":"Транспорт: доступность","value":56.637},{"label":"Зелёные зоны: доступность","value":100},{"label":"Зелёные зоны: покрытие квартала зеленью","value":41.842},{"label":"Зелёные зоны: температура поверхности","value":36.30610817357113},{"label":"Экономика: активность ФНС","value":9.023},{"label":"Экономика: ККТ","value":14.078},{"label":"Экономика: медианный чек","value":202.123}]},"geometry":{"type":"Polygon","coordinates":[[[49.576783,54.234413],[49.577629,54.234691],[49.577156,54.235167],[49.577284,54.235573],[49.577258,54.235715],[49.577399,54.235705],[49.577875,54.235669],[49.578413,54.235618],[49.578545,54.236116],[49.579605,54.236048],[49.579611,54.236158],[49.579624,54.236242],[49.579639,54.236242],[49.579667,54.23633],[49.579744,54.236565],[49.579757,54.236567],[49.579799,54.236734],[49.579822,54.236827],[49.579832,54.236827],[49.579852,54.236884],[49.578902,54.236947],[49.575994,54.237139],[49.575808,54.237151],[49.575808,54.237151],[49.575808,54.237151],[49.574773,54.237217],[49.574773,54.237217],[49.574773,54.237217],[49.57276,54.237368],[49.572711,54.237372],[49.570817,54.237507],[49.570668,54.237517],[49.570656,54.237458],[49.570432,54.236305],[49.570566,54.236295],[49.572441,54.236145],[49.57307,54.236098],[49.573824,54.236043],[49.573824,54.236043],[49.573824,54.236043],[49.574394,54.236],[49.574535,54.23599],[49.574539,54.235989],[49.574544,54.235989],[49.574544,54.235989],[49.574544,54.235988],[49.574548,54.235987],[49.574552,54.235985],[49.574552,54.235985],[49.574552,54.235985],[49.574555,54.235983],[49.574558,54.235981],[49.574558,54.235981],[49.574558,54.235981],[49.57456,54.235978],[49.574561,54.235976],[49.574561,54.235976],[49.574561,54.235976],[49.574561,54.235973],[49.574562,54.23597],[49.574491,54.2356],[49.574384,54.235043],[49.574335,54.234791],[49.574335,54.234791],[49.574335,54.234791],[49.574301,54.23461],[49.574301,54.23461],[49.574283,54.23452],[49.574279,54.234493],[49.575967,54.234997],[49.575976,54.234999],[49.57614,54.235014],[49.576143,54.235014],[49.576146,54.235014],[49.576148,54.235014],[49.57615,54.235014],[49.576153,54.235013],[49.576156,54.235013],[49.576157,54.235012],[49.576159,54.235012],[49.576161,54.235011],[49.576164,54.23501],[49.576271,54.234961],[49.576279,54.234956],[49.576783,54.234413]]]}},{"type":"Feature","id":"24","properties":{"id":"24","city":"dimitrovgrad","baseScore":62.533849779448595,"baseScoreNoCommerce":null,"baseRank":9,"population":240,"populationField":"pop_sum","pop_sum":240,"blocks":{"housing":0.940113721594941,"infra":0.6602065530668381,"transport":0.3159053355784917,"work":0.6978527607361965,"green":0.5997953260777994,"commerce":0.5381572897126491},"compare":{"city":{"score":62.533849779448595,"rank":9,"blocks":{"housing":0.940113721594941,"infra":0.6602065530668381,"transport":0.3159053355784917,"work":0.6978527607361965,"green":0.5997953260777994,"commerce":0.5381572897126491}},"all":{"score":56.24106790724111,"rank":172,"blocks":{"housing":1,"infra":0.6677177204806634,"transport":0.3256755479541621,"work":0.2809075474610286,"green":0.5997953260777994,"commerce":0.5381572897126491}}},"indicators":[{"label":"Жильё: плотность","value":16.698370525402442},{"label":"Жильё: обеспеченность","value":62.107},{"label":"Коммерческая инфраструктура: разнообразие","value":0.25},{"label":"Коммерческая инфраструктура: полнота корзины","value":100},{"label":"Транспорт: доступность","value":47.917},{"label":"Крупные работодатели: обеспеченность","value":0.091},{"label":"Крупные работодатели: плотность","value":0},{"label":"Зелёные зоны: доступность","value":100},{"label":"Зелёные зоны: покрытие квартала зеленью","value":48.644},{"label":"Зелёные зоны: температура поверхности","value":36.42748815834928},{"label":"Экономика: активность ФНС","value":8.128},{"label":"Экономика: ККТ","value":5.898},{"label":"Экономика: медианный чек","value":724.605}]},"geometry":{"type":"Polygon","coordinates":[[[49.572109,54.23454],[49.570269,54.23466],[49.570111,54.23467],[49.57005,54.234361],[49.57005,54.234361],[49.57005,54.234361],[49.569878,54.233486],[49.569878,54.233486],[49.569878,54.233486],[49.569652,54.232383],[49.569634,54.232294],[49.569838,54.232281],[49.57162,54.232169],[49.57162,54.232169],[49.57162,54.232169],[49.573775,54.232005],[49.574904,54.231959],[49.575188,54.231987],[49.575315,54.232028],[49.576253,54.232337],[49.576253,54.232337],[49.576253,54.232337],[49.578081,54.232939],[49.577198,54.233889],[49.577198,54.233889],[49.576228,54.234935],[49.576137,54.234977],[49.575991,54.234964],[49.574256,54.234446],[49.574254,54.234445],[49.574251,54.234445],[49.574038,54.234406],[49.574025,54.234405],[49.573421,54.234453],[49.572681,54.234502],[49.572681,54.234502],[49.572681,54.234502],[49.572109,54.23454]]]}},{"type":"Feature","id":"39","properties":{"id":"39","city":"dimitrovgrad","baseScore":59.24467130113072,"baseScoreNoCommerce":null,"baseRank":24,"population":439,"populationField":"pop_sum","pop_sum":439,"blocks":{"housing":0.3730893252533285,"infra":0.6280223900022819,"transport":1,"work":0.8128834355828225,"green":0.5414058277763331,"commerce":0.5686377314538728},"compare":{"city":{"score":59.24467130113072,"rank":24,"blocks":{"housing":0.3730893252533285,"infra":0.6280223900022819,"transport":1,"work":0.8128834355828225,"green":0.5414058277763331,"commerce":0.5686377314538728}},"all":{"score":56.04611511802193,"rank":175,"blocks":{"housing":0.3565902506969458,"infra":0.6329760105869505,"transport":1,"work":0.3272109893502091,"green":0.5414058277763331,"commerce":0.5686377314538728}}},"indicators":[{"label":"Жильё: плотность","value":239.26970743037634},{"label":"Жильё: обеспеченность","value":24.398},{"label":"Жильё: износ","value":49.676537585421414},{"label":"Жильё: этажность","value":5},{"label":"Коммерческая инфраструктура: разнообразие","value":0.19444444444444442},{"label":"Коммерческая инфраструктура: полнота корзины","value":100},{"label":"Транспорт: доступность","value":100},{"label":"Крупные работодатели: обеспеченность","value":0.106},{"label":"Крупные работодатели: плотность","value":0.003},{"label":"Зелёные зоны: доступность","value":100},{"label":"Зелёные зоны: покрытие квартала зеленью","value":18.575},{"label":"Зелёные зоны: температура поверхности","value":35.49717157537287},{"label":"Экономика: активность ФНС","value":6.325},{"label":"Экономика: ККТ","value":3.841},{"label":"Экономика: медианный чек","value":375.28}]},"geometry":{"type":"Polygon","coordinates":[[[49.566253,54.234357],[49.56665,54.234583],[49.567027,54.234873],[49.566436,54.234912],[49.566275,54.234897],[49.566076,54.234826],[49.565828,54.234683],[49.565828,54.234683],[49.564966,54.23419],[49.564966,54.23419],[49.564966,54.23419],[49.564776,54.234082],[49.564429,54.233875],[49.564429,54.233875],[49.564429,54.233875],[49.563936,54.233581],[49.563827,54.233515],[49.564368,54.233183],[49.564368,54.233183],[49.564368,54.233183],[49.564693,54.232983],[49.565597,54.232429],[49.565597,54.232429],[49.565597,54.232429],[49.565658,54.232394],[49.566,54.23258],[49.565908,54.232679],[49.565469,54.232948],[49.565994,54.233363],[49.565159,54.233841],[49.566181,54.234404],[49.566253,54.234357]]]}},{"type":"Feature","id":"40","properties":{"id":"40","city":"dimitrovgrad","baseScore":48.777397657754285,"baseScoreNoCommerce":null,"baseRank":51,"population":351,"populationField":"pop_sum","pop_sum":351,"blocks":{"housing":0.26141386321012805,"infra":0.5267094017094017,"transport":1,"work":0,"green":0.6744205862158917,"commerce":0.4641000083298357},"compare":{"city":{"score":48.777397657754285,"rank":51,"blocks":{"housing":0.26141386321012805,"infra":0.5267094017094017,"transport":1,"work":0,"green":0.6744205862158917,"commerce":0.4641000083298357}},"all":{"score":52.985241788500325,"rank":220,"blocks":{"housing":0.5524363500462062,"infra":0.5277777777777778,"transport":1,"work":0,"green":0.6744205862158917,"commerce":0.4641000083298357}}},"indicators":[{"label":"Жильё: плотность","value":50.99683632190534},{"label":"Жильё: обеспеченность","value":31.458},{"label":"Жильё: износ","value":32.065527065527064},{"label":"Жильё: этажность","value":2},{"label":"Коммерческая инфраструктура: разнообразие","value":0.027777777777777776},{"label":"Коммерческая инфраструктура: полнота корзины","value":100},{"label":"Транспорт: доступность","value":100},{"label":"Зелёные зоны: доступность","value":100},{"label":"Зелёные зоны: покрытие квартала зеленью","value":60.037},{"label":"Зелёные зоны: температура поверхности","value":35.61261278962436},{"label":"Экономика: активность ФНС","value":6.087},{"label":"Экономика: ККТ","value":4.545},{"label":"Экономика: медианный чек","value":178.861}]},"geometry":{"type":"Polygon","coordinates":[[[49.565683,54.232376],[49.565683,54.232376],[49.565683,54.232376],[49.565683,54.232376],[49.56579,54.232308],[49.566049,54.232151],[49.566191,54.232226],[49.566193,54.232227],[49.566369,54.232301],[49.566372,54.232302],[49.566614,54.232381],[49.566619,54.232382],[49.566838,54.232425],[49.566843,54.232426],[49.567063,54.232449],[49.567068,54.23245],[49.567245,54.232453],[49.567246,54.232453],[49.567247,54.232453],[49.567524,54.232452],[49.567526,54.232452],[49.5678,54.232436],[49.567801,54.232436],[49.568871,54.232354],[49.568871,54.232354],[49.568871,54.232354],[49.569411,54.232312],[49.569412,54.232312],[49.569573,54.232299],[49.569591,54.232387],[49.569817,54.23349],[49.569989,54.234365],[49.57005,54.234674],[49.569883,54.234685],[49.568315,54.234788],[49.567941,54.234813],[49.567941,54.234813],[49.567941,54.234813],[49.567604,54.234835],[49.567075,54.234869],[49.566699,54.234579],[49.56625,54.234338],[49.566184,54.234381],[49.565208,54.233845],[49.566055,54.233363],[49.565521,54.232951],[49.565937,54.232696],[49.566053,54.232576],[49.565683,54.232376]]]}},{"type":"Feature","id":"43","properties":{"id":"43","city":"dimitrovgrad","baseScore":61.65605105295808,"baseScoreNoCommerce":null,"baseRank":12,"population":1677,"populationField":"pop_sum","pop_sum":1677,"blocks":{"housing":0.08701213520003331,"infra":0.7822667157754901,"transport":1,"work":0.12269938650306755,"green":0.7716443703301265,"commerce":0.9357404553687672},"compare":{"city":{"score":61.65605105295808,"rank":12,"blocks":{"housing":0.08701213520003331,"infra":0.7822667157754901,"transport":1,"work":0.12269938650306755,"green":0.7716443703301265,"commerce":0.9357404553687672}},"all":{"score":63.20654457470447,"rank":82,"blocks":{"housing":0.4254002501011492,"infra":0.7890345338248848,"transport":1,"work":0.049390338015125906,"green":0.7716443703301265,"commerce":0.9357404553687672}}},"indicators":[{"label":"Жильё: плотность","value":134.60512623035166},{"label":"Жильё: обеспеченность","value":27.891},{"label":"Жильё: износ","value":44.999403697078115},{"label":"Жильё: этажность","value":3.8},{"label":"Коммерческая инфраструктура: разнообразие","value":0.4444444444444444},{"label":"Коммерческая инфраструктура: полнота корзины","value":100},{"label":"Транспорт: доступность","value":100},{"label":"Крупные работодатели: обеспеченность","value":0.016},{"label":"Крупные работодатели: плотность","value":0},{"label":"Зелёные зоны: доступность","value":100},{"label":"Зелёные зоны: покрытие квартала зеленью","value":37.909},{"label":"Зелёные зоны: температура поверхности","value":31.81081684253834},{"label":"Экономика: активность ФНС","value":9.179},{"label":"Экономика: ККТ","value":46.768},{"label":"Экономика: медианный чек","value":373.104}]},"geometry":{"type":"Polygon","coordinates":[[[49.566852,54.236069],[49.566696,54.234983],[49.566684,54.234932],[49.567611,54.234871],[49.567948,54.234849],[49.568322,54.234824],[49.568322,54.234824],[49.568322,54.234824],[49.56989,54.234721],[49.570057,54.23471],[49.57019,54.235386],[49.570368,54.236292],[49.570595,54.237463],[49.570607,54.237522],[49.570341,54.23754],[49.568578,54.237659],[49.567626,54.237724],[49.566218,54.237819],[49.566218,54.237819],[49.566218,54.237819],[49.56482,54.237914],[49.564726,54.237917],[49.564572,54.237888],[49.564496,54.237872],[49.564204,54.237732],[49.563788,54.23749],[49.563788,54.23749],[49.563788,54.23749],[49.563646,54.237407],[49.563646,54.237407],[49.562967,54.237014],[49.562837,54.236938],[49.562837,54.236938],[49.562837,54.236938],[49.562418,54.236693],[49.56208,54.236496],[49.56208,54.236496],[49.561806,54.236336],[49.561727,54.23629],[49.561727,54.23629],[49.561727,54.23629],[49.561199,54.235983],[49.560604,54.235626],[49.560604,54.235626],[49.560477,54.23555],[49.560852,54.235315],[49.561089,54.235179],[49.561089,54.235178],[49.561089,54.235178],[49.561984,54.234634],[49.562172,54.234521],[49.562906,54.234952],[49.563609,54.2354],[49.563562,54.235802],[49.564979,54.236643],[49.565143,54.236718],[49.565446,54.236856],[49.56686,54.23675],[49.566882,54.236861],[49.568853,54.236766],[49.568844,54.236643],[49.568668,54.236393],[49.568525,54.235952],[49.566852,54.236069]]]}},{"type":"Feature","id":"50","properties":{"id":"50","city":"dimitrovgrad","baseScore":66.31247617876339,"baseScoreNoCommerce":null,"baseRank":6,"population":5005,"populationField":"pop_sum","pop_sum":5005,"blocks":{"housing":0.3929801467264005,"infra":0.8640877285057887,"transport":0.8212892497721129,"work":0.19171779141104306,"green":0.7504000000000001,"commerce":0.9582736543104585},"compare":{"city":{"score":66.31247617876339,"rank":6,"blocks":{"housing":0.3929801467264005,"infra":0.8640877285057887,"transport":0.8212892497721129,"work":0.19171779141104306,"green":0.7504000000000001,"commerce":0.9582736543104585}},"all":{"score":64.86753275032054,"rank":68,"blocks":{"housing":0.6098279870851417,"infra":0.8454431438907083,"transport":0.823841589491088,"work":0.07717240314863423,"green":0.7504000000000001,"commerce":0.9582736543104585}}},"indicators":[{"label":"Жильё: плотность","value":262.91669814575386},{"label":"Жильё: обеспеченность","value":22.673},{"label":"Жильё: износ","value":10.712687312687313},{"label":"Жильё: этажность","value":9.470588},{"label":"Коммерческая инфраструктура: разнообразие","value":0.611111111111111},{"label":"Коммерческая инфраструктура: полнота корзины","value":100},{"label":"Транспорт: доступность","value":86.394},{"label":"Крупные работодатели: обеспеченность","value":0.025},{"label":"Крупные работодатели: плотность","value":0.001},{"label":"Зелёные зоны: доступность","value":100},{"label":"Зелёные зоны: покрытие квартала зеленью","value":25.12},{"label":"Зелёные зоны: температура поверхности","value":28.654042520255686},{"label":"Экономика: активность ФНС","value":9.487},{"label":"Экономика: ККТ","value":81.743},{"label":"Экономика: медианный чек","value":286.731}]},"geometry":{"type":"Polygon","coordinates":[[[49.563114,54.238866],[49.562874,54.239009],[49.560523,54.24041],[49.558366,54.241694],[49.558364,54.241693],[49.557947,54.241499],[49.557946,54.241499],[49.557946,54.241499],[49.557607,54.241349],[49.557567,54.241332],[49.557567,54.241332],[49.556922,54.241052],[49.556196,54.240654],[49.554551,54.239752],[49.554669,54.239682],[49.555487,54.239198],[49.555487,54.239197],[49.555487,54.239197],[49.555891,54.238947],[49.556191,54.238761],[49.556278,54.238708],[49.556935,54.238323],[49.556935,54.238323],[49.556935,54.238323],[49.557046,54.238258],[49.557046,54.238258],[49.557046,54.238258],[49.55707,54.238244],[49.557598,54.23793],[49.557598,54.23793],[49.557598,54.23793],[49.55815,54.237602],[49.558279,54.237525],[49.558657,54.237403],[49.558974,54.237319],[49.558984,54.237315],[49.559026,54.23729],[49.559279,54.237142],[49.559279,54.237142],[49.559279,54.237142],[49.560038,54.236694],[49.560038,54.236694],[49.560038,54.236694],[49.560122,54.236644],[49.560694,54.236306],[49.560978,54.236138],[49.561177,54.236021],[49.561683,54.236315],[49.561763,54.236362],[49.561763,54.236362],[49.561763,54.236362],[49.562037,54.236521],[49.562375,54.236719],[49.562375,54.236719],[49.562375,54.236719],[49.562794,54.236964],[49.562924,54.237039],[49.562924,54.237039],[49.562924,54.237039],[49.563603,54.237432],[49.563745,54.237515],[49.564162,54.237758],[49.564164,54.237759],[49.564462,54.237902],[49.564464,54.237903],[49.564162,54.238161],[49.563638,54.23846],[49.563114,54.238866]]]}},{"type":"Feature","id":"73","properties":{"id":"73","city":"dimitrovgrad","baseScore":68.02327267870454,"baseScoreNoCommerce":null,"baseRank":4,"population":3624,"populationField":"pop_sum","pop_sum":3624,"blocks":{"housing":0.14191210671925628,"infra":0.9000306122946091,"transport":1,"work":0.49846625766871194,"green":0.7663679638424867,"commerce":0.7746194201972085},"compare":{"city":{"score":68.02327267870454,"rank":4,"blocks":{"housing":0.14191210671925628,"infra":0.9000306122946091,"transport":1,"work":0.49846625766871194,"green":0.7663679638424867,"commerce":0.7746194201972085}},"all":{"score":65.7828059603674,"rank":61,"blocks":{"housing":0.4650494398499567,"infra":0.8442062098184354,"transport":1,"work":0.200648248186449,"green":0.7663679638424867,"commerce":0.7746194201972085}}},"indicators":[{"label":"Жильё: плотность","value":127.65212524620675},{"label":"Жильё: обеспеченность","value":28.795},{"label":"Жильё: износ","value":40.65038631346578},{"label":"Жильё: этажность","value":6.090909},{"label":"Коммерческая инфраструктура: разнообразие","value":0.6944444444444443},{"label":"Коммерческая инфраструктура: полнота корзины","value":100},{"label":"Транспорт: доступность","value":100},{"label":"Крупные работодатели: обеспеченность","value":0.065},{"label":"Крупные работодатели: плотность","value":0.001},{"label":"Зелёные зоны: доступность","value":100},{"label":"Зелёные зоны: покрытие квартала зеленью","value":47.249},{"label":"Зелёные зоны: температура поверхности","value":32.62038134014796},{"label":"Экономика: активность ФНС","value":8.533},{"label":"Экономика: ККТ","value":61.273},{"label":"Экономика: медианный чек","value":186.835}]},"geometry":{"type":"Polygon","coordinates":[[[49.555437,54.231864],[49.55511,54.23146],[49.55563,54.231158],[49.55661,54.230582],[49.557721,54.22991],[49.558005,54.230072],[49.558705,54.229641],[49.558476,54.229474],[49.559887,54.228643],[49.560622,54.229056],[49.560931,54.229232],[49.560931,54.229232],[49.560931,54.229232],[49.561105,54.229331],[49.561737,54.229692],[49.561737,54.229692],[49.561737,54.229692],[49.562134,54.229919],[49.562134,54.229919],[49.563415,54.230649],[49.563777,54.230856],[49.563777,54.230856],[49.563777,54.230856],[49.564533,54.231288],[49.564577,54.231313],[49.565869,54.232053],[49.56587,54.232053],[49.566003,54.232127],[49.565745,54.232284],[49.565745,54.232284],[49.565638,54.232351],[49.565552,54.232404],[49.564649,54.232958],[49.564649,54.232958],[49.564649,54.232958],[49.564323,54.233158],[49.563762,54.233503],[49.56341,54.233717],[49.56341,54.233717],[49.56341,54.233717],[49.5633,54.233784],[49.562563,54.234231],[49.562241,54.234427],[49.562241,54.234427],[49.562241,54.234427],[49.56194,54.23461],[49.56194,54.23461],[49.56194,54.23461],[49.561045,54.235153],[49.560808,54.23529],[49.560807,54.23529],[49.560433,54.235525],[49.559922,54.23524],[49.559655,54.235092],[49.558787,54.2346],[49.558071,54.234194],[49.55793,54.234114],[49.557929,54.234114],[49.557929,54.234114],[49.557351,54.233792],[49.557351,54.233792],[49.557351,54.233792],[49.556951,54.23357],[49.556951,54.23357],[49.55689,54.233536],[49.55689,54.233536],[49.55689,54.233536],[49.55674,54.233453],[49.55665,54.23336],[49.556465,54.233137],[49.556427,54.233085],[49.556426,54.233085],[49.556211,54.23282],[49.555437,54.231864]]]}},{"type":"Feature","id":"74","properties":{"id":"74","city":"dimitrovgrad","baseScore":62.16217715056066,"baseScoreNoCommerce":null,"baseRank":11,"population":3026,"populationField":"pop_sum","pop_sum":3026,"blocks":{"housing":0.11938082054223101,"infra":0.8463056868048696,"transport":1,"work":0.10736196319018411,"green":0.7203279596244421,"commerce":0.9363541988719131},"compare":{"city":{"score":62.16217715056066,"rank":11,"blocks":{"housing":0.11938082054223101,"infra":0.8463056868048696,"transport":1,"work":0.10736196319018411,"green":0.7203279596244421,"commerce":0.9363541988719131}},"all":{"score":62.83198027183962,"rank":87,"blocks":{"housing":0.4477486627861181,"infra":0.821731249755959,"transport":1,"work":0.04321654576323517,"green":0.7203279596244421,"commerce":0.9363541988719131}}},"indicators":[{"label":"Жильё: плотность","value":136.2527209344174},{"label":"Жильё: обеспеченность","value":27.763},{"label":"Жильё: износ","value":41.59696629213484},{"label":"Жильё: этажность","value":5.333333},{"label":"Коммерческая инфраструктура: разнообразие","value":0.6805555555555555},{"label":"Коммерческая инфраструктура: полнота корзины","value":100},{"label":"Транспорт: доступность","value":100},{"label":"Крупные работодатели: обеспеченность","value":0.014},{"label":"Крупные работодатели: плотность","value":0},{"label":"Зелёные зоны: доступность","value":100},{"label":"Зелёные зоны: покрытие квартала зеленью","value":52.034},{"label":"Зелёные зоны: температура поверхности","value":33.99871875393775},{"label":"Экономика: активность ФНС","value":9.543},{"label":"Экономика: ККТ","value":59.287},{"label":"Экономика: медианный чек","value":109.214}]},"geometry":{"type":"Polygon","coordinates":[[[49.557002,54.229547],[49.557277,54.229686],[49.554822,54.231151],[49.554764,54.2311],[49.55476,54.231096],[49.553382,54.230314],[49.55318,54.230199],[49.55318,54.230199],[49.55318,54.230199],[49.552964,54.230077],[49.552348,54.229727],[49.552239,54.229664],[49.551636,54.229316],[49.551254,54.229095],[49.551254,54.229095],[49.551254,54.229095],[49.550564,54.228696],[49.549825,54.228269],[49.549825,54.228269],[49.549825,54.228269],[49.549237,54.227935],[49.549102,54.227859],[49.549251,54.227769],[49.54948,54.227631],[49.54948,54.227631],[49.54948,54.227631],[49.550238,54.227174],[49.550454,54.227043],[49.550942,54.226749],[49.551146,54.226626],[49.551467,54.226433],[49.551694,54.2263],[49.552182,54.226016],[49.552616,54.225763],[49.552647,54.225745],[49.552648,54.225745],[49.552818,54.225639],[49.553073,54.22548],[49.553073,54.22548],[49.553073,54.22548],[49.553586,54.22516],[49.553665,54.225111],[49.553762,54.225168],[49.553763,54.225168],[49.554323,54.225492],[49.554886,54.225817],[49.554886,54.225817],[49.554886,54.225818],[49.555844,54.226361],[49.558063,54.22762],[49.558064,54.22762],[49.558277,54.227739],[49.558716,54.227986],[49.558716,54.227986],[49.558716,54.227986],[49.559442,54.228394],[49.558019,54.229244],[49.557745,54.229106],[49.557002,54.229547]]]}},{"type":"Feature","id":"82","properties":{"id":"82","city":"dimitrovgrad","baseScore":61.22666481744118,"baseScoreNoCommerce":null,"baseRank":14,"population":1680,"populationField":"pop_sum","pop_sum":1680,"blocks":{"housing":0.14159542832504732,"infra":0.5687800035806095,"transport":1,"work":0.8665644171779145,"green":0.8083004053453265,"commerce":0.2883596346175726},"compare":{"city":{"score":61.22666481744118,"rank":14,"blocks":{"housing":0.14159542832504732,"infra":0.5687800035806095,"transport":1,"work":0.8665644171779145,"green":0.8083004053453265,"commerce":0.2883596346175726}},"all":{"score":57.582571615049204,"rank":149,"blocks":{"housing":0.46095284729428493,"infra":0.5726464393133719,"transport":1,"work":0.34881926223182674,"green":0.8083004053453265,"commerce":0.2883596346175726}}},"indicators":[{"label":"Жильё: плотность","value":120.17437394458103},{"label":"Жильё: обеспеченность","value":26.304},{"label":"Жильё: износ","value":37.5229528718704},{"label":"Жильё: этажность","value":4.25},{"label":"Коммерческая инфраструктура: разнообразие","value":0.125},{"label":"Коммерческая инфраструктура: полнота корзины","value":100},{"label":"Транспорт: доступность","value":100},{"label":"Крупные работодатели: обеспеченность","value":0.113},{"label":"Крупные работодатели: плотность","value":0.002},{"label":"Зелёные зоны: доступность","value":100},{"label":"Зелёные зоны: покрытие квартала зеленью","value":62.654},{"label":"Зелёные зоны: температура поверхности","value":32.82977918399278},{"label":"Экономика: активность ФНС","value":6.044},{"label":"Экономика: ККТ","value":3.317},{"label":"Экономика: медианный чек","value":2.261}]},"geometry":{"type":"Polygon","coordinates":[[[49.550317,54.223211],[49.552233,54.224289],[49.552514,54.224447],[49.552755,54.224586],[49.552755,54.224586],[49.552755,54.224586],[49.55301,54.224733],[49.553486,54.225007],[49.553621,54.225085],[49.553541,54.225135],[49.553028,54.225455],[49.552773,54.225614],[49.552604,54.22572],[49.552573,54.225738],[49.552573,54.225738],[49.552573,54.225738],[49.552139,54.22599],[49.552139,54.22599],[49.552139,54.22599],[49.55165,54.226275],[49.55165,54.226275],[49.55165,54.226275],[49.551423,54.226407],[49.551423,54.226407],[49.551423,54.226407],[49.551102,54.2266],[49.551102,54.2266],[49.551102,54.2266],[49.550898,54.226723],[49.55041,54.227018],[49.55041,54.227018],[49.55041,54.227018],[49.550194,54.227148],[49.549436,54.227606],[49.549207,54.227744],[49.549058,54.227834],[49.548974,54.227785],[49.547969,54.227192],[49.547878,54.227138],[49.547878,54.227138],[49.547878,54.227138],[49.547635,54.226995],[49.547634,54.226995],[49.547634,54.226995],[49.547599,54.226974],[49.547599,54.226974],[49.547598,54.226974],[49.546676,54.226458],[49.546606,54.226413],[49.546605,54.226413],[49.546605,54.226412],[49.545712,54.225928],[49.550317,54.223211]]]}},{"type":"Feature","id":"91","properties":{"id":"91","city":"dimitrovgrad","baseScore":32.06776935367973,"baseScoreNoCommerce":null,"baseRank":114,"population":91,"populationField":"pop_sum","pop_sum":91,"blocks":{"housing":0.6413158054772866,"infra":0.27971435069446526,"transport":null,"work":0,"green":0.6823583115122347,"commerce":0},"compare":{"city":{"score":32.06776935367973,"rank":114,"blocks":{"housing":0.6413158054772866,"infra":0.27971435069446526,"transport":null,"work":0,"green":0.6823583115122347,"commerce":0}},"all":{"score":37.17949511481301,"rank":576,"blocks":{"housing":0.8969229491518385,"infra":0.279693495076577,"transport":null,"work":0,"green":0.6823583115122347,"commerce":0}}},"indicators":[{"label":"Жильё: плотность","value":25.00240573743301},{"label":"Жильё: обеспеченность","value":50.315},{"label":"Коммерческая инфраструктура: разнообразие","value":0},{"label":"Зелёные зоны: доступность","value":100},{"label":"Зелёные зоны: покрытие квартала зеленью","value":27.751},{"label":"Зелёные зоны: температура поверхности","value":33.04320602416992}]},"geometry":{"type":"Polygon","coordinates":[[[49.540076,54.219457],[49.541074,54.218956],[49.541262,54.219282],[49.54126,54.219399],[49.541707,54.219405],[49.541718,54.220443],[49.541587,54.220447],[49.541593,54.220646],[49.541243,54.220662],[49.541237,54.221207],[49.540803,54.221239],[49.540768,54.221815],[49.540207,54.222237],[49.539825,54.222512],[49.539574,54.222336],[49.539625,54.220042],[49.540194,54.220025],[49.540189,54.219859],[49.540145,54.21962],[49.540076,54.219457]]]}},{"type":"Feature","id":"92","properties":{"id":"92","city":"dimitrovgrad","baseScore":51.12022068940436,"baseScoreNoCommerce":null,"baseRank":45,"population":1306,"populationField":"pop_sum","pop_sum":1306,"blocks":{"housing":0.42026547296936867,"infra":0.470425000283737,"transport":1,"work":0,"green":0.5582881929812955,"commerce":0.6182345751298602},"compare":{"city":{"score":51.12022068940436,"rank":45,"blocks":{"housing":0.42026547296936867,"infra":0.470425000283737,"transport":1,"work":0,"green":0.5582881929812955,"commerce":0.6182345751298602}},"all":{"score":53.79872147362662,"rank":205,"blocks":{"housing":0.6531800246388684,"infra":0.48689593389451064,"transport":1,"work":0,"green":0.5582881929812955,"commerce":0.6182345751298602}}},"indicators":[{"label":"Жильё: плотность","value":139.35212128712195},{"label":"Жильё: обеспеченность","value":25.089},{"label":"Жильё: износ","value":8.087195600942655},{"label":"Жильё: этажность","value":3},{"label":"Коммерческая инфраструктура: разнообразие","value":0.125},{"label":"Коммерческая инфраструктура: полнота корзины","value":77.871},{"label":"Транспорт: доступность","value":100},{"label":"Зелёные зоны: доступность","value":100},{"label":"Зелёные зоны: покрытие квартала зеленью","value":12.837},{"label":"Зелёные зоны: температура поверхности","value":34.69651675224304},{"label":"Экономика: активность ФНС","value":7.837},{"label":"Экономика: ККТ","value":8.308},{"label":"Экономика: медианный чек","value":273.549}]},"geometry":{"type":"Polygon","coordinates":[[[49.543973,54.22338],[49.543093,54.223919],[49.542836,54.224056],[49.542717,54.223994],[49.542717,54.223994],[49.542718,54.223993],[49.542718,54.223993],[49.54272,54.223991],[49.542723,54.223989],[49.542723,54.223988],[49.542723,54.223988],[49.542724,54.223986],[49.542725,54.223983],[49.542725,54.223983],[49.542725,54.223983],[49.542725,54.22398],[49.542725,54.223978],[49.542725,54.223977],[49.542725,54.223977],[49.542723,54.223975],[49.542722,54.223973],[49.542721,54.223972],[49.542721,54.223972],[49.542718,54.22397],[49.542716,54.223968],[49.542715,54.223968],[49.542715,54.223968],[49.54239,54.223806],[49.541971,54.223572],[49.541775,54.223463],[49.541721,54.223433],[49.541721,54.223433],[49.541721,54.223433],[49.541686,54.223413],[49.54164,54.223387],[49.541639,54.223387],[49.541639,54.223387],[49.541599,54.223367],[49.540659,54.222892],[49.540659,54.222892],[49.540659,54.222892],[49.540543,54.222833],[49.540543,54.222833],[49.540542,54.222833],[49.539888,54.222523],[49.540241,54.222251],[49.540795,54.221815],[49.540831,54.221258],[49.541283,54.221229],[49.54129,54.220683],[49.541594,54.220669],[49.541697,54.22067],[49.541724,54.22067],[49.542215,54.220677],[49.542222,54.220677],[49.542329,54.220678],[49.542739,54.220683],[49.542723,54.221017],[49.542717,54.221156],[49.542714,54.221219],[49.542648,54.221234],[49.542863,54.221234],[49.543492,54.221234],[49.543963,54.221236],[49.543963,54.221238],[49.544446,54.22124],[49.54576,54.221244],[49.546213,54.22104],[49.546292,54.221005],[49.546329,54.220988],[49.546331,54.220989],[49.546332,54.22099],[49.546333,54.22099],[49.547205,54.221465],[49.54706,54.221553],[49.546832,54.221692],[49.546744,54.221746],[49.546532,54.221869],[49.546532,54.221869],[49.546532,54.221869],[49.546188,54.222069],[49.546188,54.222069],[49.546188,54.222069],[49.545704,54.22235],[49.545356,54.222552],[49.545165,54.222663],[49.545165,54.222664],[49.545164,54.222664],[49.545093,54.222709],[49.545093,54.222709],[49.544946,54.222803],[49.544946,54.222803],[49.544946,54.222803],[49.544695,54.222963],[49.543974,54.22338],[49.543973,54.22338]]]}},{"type":"Feature","id":"104","properties":{"id":"104","city":"dimitrovgrad","baseScore":67.04276564056688,"baseScoreNoCommerce":null,"baseRank":5,"population":365,"populationField":"pop_sum","pop_sum":365,"blocks":{"housing":0.4655710289527755,"infra":0.5897400580295316,"transport":1,"work":1,"green":0.6498848118657797,"commerce":0.31737003958592674},"compare":{"city":{"score":67.04276564056688,"rank":5,"blocks":{"housing":0.4655710289527755,"infra":0.5897400580295316,"transport":1,"work":1,"green":0.6498848118657797,"commerce":0.31737003958592674}},"all":{"score":62.370440097125375,"rank":92,"blocks":{"housing":0.7080590400531718,"infra":0.5893565753988212,"transport":1,"work":0.5155116530328767,"green":0.6498848118657797,"commerce":0.31737003958592674}}},"indicators":[{"label":"Жильё: плотность","value":73.2678187887312},{"label":"Жильё: обеспеченность","value":40.076},{"label":"Жильё: износ","value":22.55890410958904},{"label":"Жильё: этажность","value":7.833333},{"label":"Коммерческая инфраструктура: разнообразие","value":0.16666666666666666},{"label":"Коммерческая инфраструктура: полнота корзины","value":100},{"label":"Транспорт: доступность","value":100},{"label":"Крупные работодатели: обеспеченность","value":0.167},{"label":"Крупные работодатели: плотность","value":0.001},{"label":"Зелёные зоны: доступность","value":100},{"label":"Зелёные зоны: покрытие квартала зеленью","value":14.454},{"label":"Зелёные зоны: температура поверхности","value":32.77972694679543},{"label":"Экономика: активность ФНС","value":6.387},{"label":"Экономика: ККТ","value":4.784},{"label":"Экономика: медианный чек","value":0}]},"geometry":{"type":"Polygon","coordinates":[[[49.559613,54.226592],[49.560715,54.227171],[49.559574,54.227368],[49.559403,54.227399],[49.558663,54.227533],[49.558426,54.227575],[49.558318,54.227629],[49.558239,54.227668],[49.558106,54.227594],[49.555886,54.226335],[49.555886,54.226335],[49.555886,54.226335],[49.554929,54.225792],[49.554929,54.225792],[49.555588,54.225385],[49.555922,54.225208],[49.555924,54.225207],[49.556165,54.22508],[49.556309,54.225007],[49.55643,54.225077],[49.556857,54.224856],[49.557333,54.225213],[49.557614,54.225476],[49.558588,54.226031],[49.559613,54.226592]]]}},{"type":"Feature","id":"107","properties":{"id":"107","city":"dimitrovgrad","baseScore":48.54575471630701,"baseScoreNoCommerce":null,"baseRank":52,"population":414,"populationField":"pop_sum","pop_sum":414,"blocks":{"housing":0,"infra":0.5760341104559382,"transport":1,"work":0.23006134969325165,"green":0.4434045094762377,"commerce":0.6632453133529927},"compare":{"city":{"score":48.54575471630701,"rank":52,"blocks":{"housing":0,"infra":0.5760341104559382,"transport":1,"work":0.23006134969325165,"green":0.4434045094762377,"commerce":0.6632453133529927}},"all":{"score":48.739036985707635,"rank":310,"blocks":{"housing":0.25563681031659086,"infra":0.5790683412363697,"transport":1,"work":0.09260688377836107,"green":0.4434045094762377,"commerce":0.6632453133529927}}},"indicators":[{"label":"Жильё: плотность","value":479.0661404036398},{"label":"Жильё: обеспеченность","value":18.242},{"label":"Жильё: износ","value":55},{"label":"Жильё: этажность","value":9},{"label":"Коммерческая инфраструктура: разнообразие","value":0.1111111111111111},{"label":"Коммерческая инфраструктура: полнота корзины","value":100},{"label":"Транспорт: доступность","value":100},{"label":"Крупные работодатели: обеспеченность","value":0.03},{"label":"Крупные работодатели: плотность","value":0.002},{"label":"Зелёные зоны: доступность","value":100},{"label":"Зелёные зоны: покрытие квартала зеленью","value":2.627},{"label":"Зелёные зоны: температура поверхности","value":36.49421081542969},{"label":"Экономика: активность ФНС","value":8.158},{"label":"Экономика: ККТ","value":2.703},{"label":"Экономика: медианный чек","value":224.677}]},"geometry":{"type":"Polygon","coordinates":[[[49.567279,54.231697],[49.568018,54.231578],[49.568397,54.231552],[49.568552,54.231547],[49.56861,54.231564],[49.568644,54.231592],[49.568669,54.231638],[49.56885,54.232271],[49.568862,54.232318],[49.567793,54.232401],[49.567522,54.232416],[49.567247,54.232418],[49.567246,54.232418],[49.567248,54.232375],[49.567202,54.231745],[49.567236,54.231717],[49.567279,54.231697]]]}},{"type":"Feature","id":"111","properties":{"id":"111","city":"dimitrovgrad","baseScore":31.245802596253032,"baseScoreNoCommerce":null,"baseRank":116,"population":19,"populationField":"pop_sum","pop_sum":19,"blocks":{"housing":0.6191948267823484,"infra":0.303030303030303,"transport":null,"work":0,"green":0.640065,"commerce":0},"compare":{"city":{"score":31.245802596253032,"rank":116,"blocks":{"housing":0.6191948267823484,"infra":0.303030303030303,"transport":null,"work":0,"green":0.640065,"commerce":0}},"all":{"score":36.43784609756389,"rank":593,"blocks":{"housing":0.8787970018478916,"infra":0.303030303030303,"transport":null,"work":0,"green":0.640065,"commerce":0}}},"indicators":[{"label":"Жильё: плотность","value":8.881210121905827},{"label":"Жильё: обеспеченность","value":49.442},{"label":"Коммерческая инфраструктура: разнообразие","value":0},{"label":"Зелёные зоны: доступность","value":100},{"label":"Зелёные зоны: покрытие квартала зеленью","value":28.013}]},"geometry":{"type":"Polygon","coordinates":[[[49.535936,54.225748],[49.534438,54.225863],[49.534425,54.225782],[49.534166,54.223943],[49.535041,54.223895],[49.535716,54.223861],[49.535868,54.224997],[49.535936,54.225748]]]}},{"type":"Feature","id":"112","properties":{"id":"112","city":"dimitrovgrad","baseScore":44.565745610895426,"baseScoreNoCommerce":null,"baseRank":69,"population":318,"populationField":"pop_sum","pop_sum":318,"blocks":{"housing":0.032451703796801255,"infra":0.5835008832000681,"transport":1,"work":0,"green":0.5158367824917187,"commerce":0.5421553671651378},"compare":{"city":{"score":44.565745610895426,"rank":69,"blocks":{"housing":0.032451703796801255,"infra":0.5835008832000681,"transport":1,"work":0,"green":0.5158367824917187,"commerce":0.5421553671651378}},"all":{"score":48.53103007391294,"rank":315,"blocks":{"housing":0.32626663114435744,"infra":0.58680461876404,"transport":1,"work":0,"green":0.5158367824917187,"commerce":0.5421553671651378}}},"indicators":[{"label":"Жильё: плотность","value":156.9764247572752},{"label":"Жильё: обеспеченность","value":27.567},{"label":"Жильё: износ","value":58.76163522012579},{"label":"Жильё: этажность","value":4.333333},{"label":"Коммерческая инфраструктура: разнообразие","value":0.125},{"label":"Коммерческая инфраструктура: полнота корзины","value":100},{"label":"Транспорт: доступность","value":100},{"label":"Зелёные зоны: доступность","value":100},{"label":"Зелёные зоны: покрытие квартала зеленью","value":29.809},{"label":"Зелёные зоны: температура поверхности","value":36.8983154296875},{"label":"Экономика: активность ФНС","value":6.938},{"label":"Экономика: ККТ","value":3.35},{"label":"Экономика: медианный чек","value":236.955}]},"geometry":{"type":"Polygon","coordinates":[[[49.548953,54.227895],[49.548005,54.228464],[49.547915,54.22841],[49.54748,54.228114],[49.545618,54.226973],[49.546561,54.226438],[49.546562,54.226438],[49.546632,54.226482],[49.546632,54.226483],[49.546633,54.226483],[49.547556,54.227],[49.547591,54.22702],[49.547835,54.227164],[49.547925,54.227217],[49.547925,54.227217],[49.547925,54.227217],[49.548931,54.22781],[49.548931,54.22781],[49.549015,54.227859],[49.548953,54.227895],[49.548953,54.227895]]]}},{"type":"Feature","id":"127","properties":{"id":"127","city":"dimitrovgrad","baseScore":37.069295547236564,"baseScoreNoCommerce":null,"baseRank":93,"population":7,"populationField":"pop_sum","pop_sum":7,"blocks":{"housing":0.7426466116640659,"infra":0.16243816569776195,"transport":null,"work":0,"green":0.9483799999999999,"commerce":0},"compare":{"city":{"score":37.069295547236564,"rank":93,"blocks":{"housing":0.7426466116640659,"infra":0.16243816569776195,"transport":null,"work":0,"green":0.9483799999999999,"commerce":0}},"all":{"score":41.27264984873532,"rank":460,"blocks":{"housing":0.9799534912692316,"infra":0.13529900116753432,"transport":null,"work":0,"green":0.9483799999999999,"commerce":0}}},"indicators":[{"label":"Жильё: плотность","value":0.28448703650691276},{"label":"Жильё: обеспеченность","value":54.314},{"label":"Коммерческая инфраструктура: разнообразие","value":0},{"label":"Зелёные зоны: доступность","value":100},{"label":"Зелёные зоны: покрытие квартала зеленью","value":84.514},{"label":"Зелёные зоны: температура поверхности","value":30.963571548461914}]},"geometry":{"type":"Polygon","coordinates":[[[49.537202,54.241404],[49.535556,54.240428],[49.535108,54.240163],[49.534883,54.23995],[49.534894,54.239743],[49.534979,54.23963],[49.536621,54.238641],[49.538466,54.237467],[49.53899,54.237134],[49.540124,54.236412],[49.541063,54.235822],[49.543856,54.237399],[49.544304,54.237625],[49.544306,54.237627],[49.543448,54.238161],[49.543527,54.238222],[49.543698,54.238315],[49.543689,54.238321],[49.544332,54.238657],[49.54496,54.238995],[49.543204,54.24001],[49.5407,54.241492],[49.539517,54.242327],[49.537202,54.241404]]]}},{"type":"Feature","id":"136","properties":{"id":"136","city":"dimitrovgrad","baseScore":72.44308106496258,"baseScoreNoCommerce":null,"baseRank":3,"population":1466,"populationField":"pop_sum","pop_sum":1466,"blocks":{"housing":0.5010184828632364,"infra":0.5887229111426828,"transport":1,"work":0.9892638036809821,"green":0.7175947482600706,"commerce":0.5499849179507836},"compare":{"city":{"score":72.44308106496258,"rank":3,"blocks":{"housing":0.5010184828632364,"infra":0.5887229111426828,"transport":1,"work":0.9892638036809821,"green":0.7175947482600706,"commerce":0.5499849179507836}},"all":{"score":65.22836919293546,"rank":65,"blocks":{"housing":0.7174666498814808,"infra":0.5906541319495887,"transport":1,"work":0.3982096002469526,"green":0.7175947482600706,"commerce":0.5499849179507836}}},"indicators":[{"label":"Жильё: плотность","value":257.9819800731549},{"label":"Жильё: обеспеченность","value":30.253},{"label":"Жильё: износ","value":6.552901023890785},{"label":"Жильё: этажность","value":8},{"label":"Коммерческая инфраструктура: разнообразие","value":0.16666666666666666},{"label":"Коммерческая инфраструктура: полнота корзины","value":100},{"label":"Транспорт: доступность","value":100},{"label":"Крупные работодатели: обеспеченность","value":0.129},{"label":"Крупные работодатели: плотность","value":0.004},{"label":"Зелёные зоны: доступность","value":100},{"label":"Зелёные зоны: покрытие квартала зеленью","value":27.982},{"label":"Зелёные зоны: температура поверхности","value":32.27685054655998},{"label":"Экономика: активность ФНС","value":7.395},{"label":"Экономика: ККТ","value":6.915},{"label":"Экономика: медианный чек","value":135.698}]},"geometry":{"type":"Polygon","coordinates":[[[49.571486,54.242097],[49.571479,54.242143],[49.571475,54.242146],[49.568779,54.242278],[49.568387,54.242154],[49.568108,54.241464],[49.568159,54.241131],[49.568081,54.241071],[49.568577,54.240489],[49.568509,54.239863],[49.56856,54.239858],[49.570224,54.239747],[49.570058,54.238943],[49.570877,54.238887],[49.57103,54.239698],[49.57103,54.239698],[49.57103,54.239698],[49.571064,54.239872],[49.571125,54.240192],[49.57131,54.241148],[49.571321,54.241202],[49.57147,54.242024],[49.57147,54.242025],[49.571486,54.242097]]]}},{"type":"Feature","id":"142","properties":{"id":"142","city":"dimitrovgrad","baseScore":41.874248469505154,"baseScoreNoCommerce":null,"baseRank":77,"population":121,"populationField":"pop_sum","pop_sum":121,"blocks":{"housing":0.4782399307006109,"infra":0.5,"transport":1,"work":0,"green":0.5342149774696983,"commerce":0},"compare":{"city":{"score":41.874248469505154,"rank":77,"blocks":{"housing":0.4782399307006109,"infra":0.5,"transport":1,"work":0,"green":0.5342149774696983,"commerce":0}},"all":{"score":45.608939764196975,"rank":358,"blocks":{"housing":0.7023214083821204,"infra":0.5,"transport":1,"work":0,"green":0.5342149774696983,"commerce":0}}},"indicators":[{"label":"Жильё: плотность","value":79.17049214995127},{"label":"Жильё: обеспеченность","value":30.717},{"label":"Жильё: износ","value":9.421487603305785},{"label":"Жильё: этажность","value":2.285714},{"label":"Коммерческая инфраструктура: разнообразие","value":0},{"label":"Коммерческая инфраструктура: полнота корзины","value":100},{"label":"Транспорт: доступность","value":100},{"label":"Зелёные зоны: доступность","value":100},{"label":"Зелёные зоны: покрытие квартала зеленью","value":23.806},{"label":"Зелёные зоны: температура поверхности","value":36.044760311351105}]},"geometry":{"type":"Polygon","coordinates":[[[49.572555,54.245383],[49.57263,54.245758],[49.573764,54.245672],[49.573764,54.245672],[49.573767,54.245678],[49.573773,54.245682],[49.573781,54.245686],[49.57379,54.245687],[49.573799,54.245687],[49.573809,54.245686],[49.573816,54.245682],[49.573822,54.245678],[49.573825,54.245673],[49.573825,54.245668],[49.574287,54.245647],[49.574329,54.246069],[49.571021,54.246306],[49.570948,54.245886],[49.570918,54.245709],[49.570933,54.24551],[49.570977,54.245373],[49.570996,54.245315],[49.571042,54.245375],[49.571045,54.245378],[49.571047,54.24538],[49.571048,54.24538],[49.571048,54.24538],[49.571051,54.245382],[49.571055,54.245384],[49.57123,54.245444],[49.571238,54.245445],[49.571245,54.245446],[49.571567,54.245451],[49.571571,54.245451],[49.572447,54.24539],[49.572555,54.245383]]]}},{"type":"Feature","id":"147","properties":{"id":"147","city":"dimitrovgrad","baseScore":45.63737603219187,"baseScoreNoCommerce":null,"baseRank":65,"population":71,"populationField":"pop_sum","pop_sum":71,"blocks":{"housing":1,"infra":0.20538141960103232,"transport":0.851998182157296,"work":0,"green":0.4790802764435608,"commerce":0.20178268372962266},"compare":{"city":{"score":45.63737603219187,"rank":65,"blocks":{"housing":1,"infra":0.20538141960103232,"transport":0.851998182157296,"work":0,"green":0.4790802764435608,"commerce":0.20178268372962266}},"all":{"score":46.18369637330429,"rank":348,"blocks":{"housing":1,"infra":0.24559184492674205,"transport":0.8541119381438762,"work":0,"green":0.4790802764435608,"commerce":0.20178268372962266}}},"indicators":[{"label":"Жильё: плотность","value":19.5632086582904},{"label":"Жильё: обеспеченность","value":75.342},{"label":"Коммерческая инфраструктура: разнообразие","value":0},{"label":"Коммерческая инфраструктура: полнота корзины","value":21.127},{"label":"Транспорт: доступность","value":88.732},{"label":"Зелёные зоны: доступность","value":100},{"label":"Зелёные зоны: покрытие квартала зеленью","value":35.158},{"label":"Зелёные зоны: температура поверхности","value":38.112037295386905},{"label":"Экономика: активность ФНС","value":9},{"label":"Экономика: ККТ","value":0.07},{"label":"Экономика: медианный чек","value":0}]},"geometry":{"type":"Polygon","coordinates":[[[49.583487,54.243067],[49.583408,54.24312],[49.583222,54.243245],[49.583184,54.243229],[49.582911,54.243111],[49.582763,54.243048],[49.582693,54.243015],[49.582566,54.242955],[49.582436,54.242854],[49.582381,54.242869],[49.582288,54.242865],[49.582157,54.242861],[49.582158,54.242859],[49.582146,54.242609],[49.582126,54.242193],[49.582126,54.242191],[49.582126,54.24219],[49.581924,54.241569],[49.581848,54.241209],[49.584061,54.240994],[49.583619,54.239154],[49.583651,54.239149],[49.583652,54.239149],[49.583652,54.239149],[49.584267,54.239101],[49.584303,54.239952],[49.584534,54.240453],[49.584638,54.240916],[49.584724,54.241304],[49.584786,54.241582],[49.584787,54.241587],[49.584791,54.241604],[49.584694,54.241674],[49.584303,54.24153],[49.58419,54.241611],[49.584354,54.241795],[49.583334,54.242603],[49.583312,54.242725],[49.58367,54.242943],[49.583584,54.243002],[49.583487,54.243067]]]}},{"type":"Feature","id":"151","properties":{"id":"151","city":"dimitrovgrad","baseScore":26.83034606308136,"baseScoreNoCommerce":null,"baseRank":128,"population":4,"populationField":"pop_sum","pop_sum":4,"blocks":{"housing":0.16962964464535502,"infra":0.4952831100017992,"transport":null,"work":0,"green":0.6494683996135546,"commerce":0.027136148893359337},"compare":{"city":{"score":26.83034606308136,"rank":128,"blocks":{"housing":0.16962964464535502,"infra":0.4952831100017992,"transport":null,"work":0,"green":0.6494683996135546,"commerce":0.027136148893359337}},"all":{"score":33.606144764142456,"rank":663,"blocks":{"housing":0.5104229387704254,"infra":0.49567385429818145,"transport":null,"work":0,"green":0.6494683996135546,"commerce":0.027136148893359337}}},"indicators":[{"label":"Жильё: плотность","value":25.141209795015335},{"label":"Жильё: обеспеченность","value":31.7},{"label":"Коммерческая инфраструктура: разнообразие","value":0},{"label":"Коммерческая инфраструктура: полнота корзины","value":100},{"label":"Зелёные зоны: покрытие квартала зеленью","value":84.55},{"label":"Зелёные зоны: температура поверхности","value":35.38622482720236},{"label":"Экономика: активность ФНС","value":1},{"label":"Экономика: ККТ","value":0.005},{"label":"Экономика: медианный чек","value":0}]},"geometry":{"type":"Polygon","coordinates":[[[49.589067,54.230254],[49.589103,54.230191],[49.589236,54.230041],[49.589311,54.229991],[49.589538,54.230113],[49.589408,54.230204],[49.589607,54.230301],[49.589632,54.230313],[49.58942,54.230498],[49.589062,54.230394],[49.589153,54.230292],[49.589067,54.230254]]]}},{"type":"Feature","id":"160","properties":{"id":"160","city":"dimitrovgrad","baseScore":46.06982461018387,"baseScoreNoCommerce":null,"baseRank":62,"population":189,"populationField":"pop_sum","pop_sum":189,"blocks":{"housing":0.3675275181934284,"infra":0.44536703488249574,"transport":1,"work":0,"green":0.43888,"commerce":0.5124149235351081},"compare":{"city":{"score":46.06982461018387,"rank":62,"blocks":{"housing":0.3675275181934284,"infra":0.44536703488249574,"transport":1,"work":0,"green":0.43888,"commerce":0.5124149235351081}},"all":{"score":49.17232697086505,"rank":300,"blocks":{"housing":0.6725806116728609,"infra":0.4514438035400512,"transport":1,"work":0,"green":0.43888,"commerce":0.5124149235351081}}},"indicators":[{"label":"Жильё: плотность","value":18.578356643983458},{"label":"Жильё: обеспеченность","value":39.51},{"label":"Коммерческая инфраструктура: разнообразие","value":0},{"label":"Коммерческая инфраструктура: полнота корзины","value":87.342},{"label":"Транспорт: доступность","value":100},{"label":"Зелёные зоны: доступность","value":100},{"label":"Зелёные зоны: покрытие квартала зеленью","value":31.664},{"label":"Зелёные зоны: температура поверхности","value":39.094402660023086},{"label":"Экономика: активность ФНС","value":8.702},{"label":"Экономика: ККТ","value":5.808},{"label":"Экономика: медианный чек","value":0}]},"geometry":{"type":"Polygon","coordinates":[[[49.572188,54.227532],[49.572411,54.227168],[49.572476,54.227063],[49.573293,54.227206],[49.573416,54.226965],[49.573459,54.226881],[49.574334,54.227037],[49.578039,54.227697],[49.578995,54.227894],[49.582007,54.228433],[49.583407,54.228652],[49.583667,54.228697],[49.584652,54.228869],[49.585005,54.228965],[49.585508,54.229178],[49.585508,54.22919],[49.585508,54.22919],[49.585508,54.229191],[49.58551,54.230042],[49.58551,54.230079],[49.585512,54.230084],[49.585516,54.230089],[49.585523,54.230093],[49.58553,54.230095],[49.585413,54.230289],[49.585317,54.230343],[49.585313,54.230346],[49.58521,54.230372],[49.585134,54.230381],[49.585049,54.230375],[49.584539,54.230279],[49.583952,54.23013],[49.583705,54.230062],[49.583705,54.230062],[49.583705,54.230062],[49.582456,54.229719],[49.582456,54.229719],[49.582456,54.229719],[49.581285,54.229414],[49.581155,54.22938],[49.581155,54.22938],[49.581155,54.22938],[49.580758,54.229284],[49.580681,54.229265],[49.579842,54.229051],[49.579842,54.229051],[49.579842,54.229051],[49.578497,54.228731],[49.578235,54.228668],[49.577257,54.228435],[49.577174,54.228415],[49.577174,54.228415],[49.577174,54.228415],[49.576655,54.228292],[49.576653,54.228291],[49.575865,54.228143],[49.575865,54.228143],[49.575865,54.228143],[49.575397,54.228054],[49.575396,54.228054],[49.574726,54.227937],[49.574685,54.22793],[49.574038,54.227815],[49.574038,54.227815],[49.573982,54.227805],[49.573982,54.227805],[49.573981,54.227805],[49.572188,54.227532]]]}},{"type":"Feature","id":"163","properties":{"id":"163","city":"dimitrovgrad","baseScore":39.01734153809669,"baseScoreNoCommerce":null,"baseRank":84,"population":31,"populationField":"pop_sum","pop_sum":31,"blocks":{"housing":0.19859216314285166,"infra":0.484375,"transport":1,"work":0,"green":0.3680581647911094,"commerce":0.29001516435184027},"compare":{"city":{"score":39.01734153809669,"rank":84,"blocks":{"housing":0.19859216314285166,"infra":0.484375,"transport":1,"work":0,"green":0.3680581647911094,"commerce":0.29001516435184027}},"all":{"score":44.16509386210263,"rank":386,"blocks":{"housing":0.5341548491580674,"infra":0.484375,"transport":1,"work":0,"green":0.3731257422791496,"commerce":0.29001516435184027}}},"indicators":[{"label":"Жильё: плотность","value":13.191724567344412},{"label":"Жильё: обеспеченность","value":32.843},{"label":"Коммерческая инфраструктура: разнообразие","value":0},{"label":"Коммерческая инфраструктура: полнота корзины","value":100},{"label":"Транспорт: доступность","value":100},{"label":"Зелёные зоны: доступность","value":80.645},{"label":"Зелёные зоны: покрытие квартала зеленью","value":29.756},{"label":"Зелёные зоны: температура поверхности","value":38.57068888346354},{"label":"Экономика: активность ФНС","value":7.709},{"label":"Экономика: ККТ","value":1.61},{"label":"Экономика: медианный чек","value":0}]},"geometry":{"type":"Polygon","coordinates":[[[49.569429,54.224458],[49.569321,54.224349],[49.568717,54.223698],[49.568456,54.223048],[49.570131,54.223028],[49.570074,54.2228],[49.570264,54.222795],[49.570296,54.22279],[49.570445,54.222793],[49.570554,54.222793],[49.570599,54.222793],[49.570782,54.222813],[49.570952,54.222811],[49.57106,54.222851],[49.571081,54.222907],[49.571096,54.222951],[49.571102,54.223063],[49.571085,54.223155],[49.571033,54.223263],[49.570952,54.223437],[49.570793,54.223686],[49.570598,54.223951],[49.570427,54.224125],[49.570349,54.224277],[49.570286,54.224397],[49.57027,54.224449],[49.570238,54.224555],[49.57014,54.22452],[49.569876,54.224489],[49.569769,54.224477],[49.569462,54.224491],[49.569429,54.224458]]]}},{"type":"Feature","id":"171","properties":{"id":"171","city":"dimitrovgrad","baseScore":20.21738613912107,"baseScoreNoCommerce":null,"baseRank":136,"population":61,"populationField":"pop_sum","pop_sum":61,"blocks":{"housing":0.41607711175528617,"infra":0.1482969962238617,"transport":0,"work":0.2453987730061351,"green":0.31160695516750453,"commerce":0.09166333219447682},"compare":{"city":{"score":20.21738613912107,"rank":136,"blocks":{"housing":0.41607711175528617,"infra":0.1482969962238617,"transport":0,"work":0.2453987730061351,"green":0.31160695516750453,"commerce":0.09166333219447682}},"all":{"score":23.153522325963582,"rank":807,"blocks":{"housing":0.7123621867408592,"infra":0.1554264053611678,"transport":0.24379412537724865,"work":0.09878067603025181,"green":0.33435541654949197,"commerce":0.09166333219447682}}},"indicators":[{"label":"Жильё: плотность","value":8.10036569100912},{"label":"Жильё: обеспеченность","value":41.426},{"label":"Коммерческая инфраструктура: разнообразие","value":0},{"label":"Коммерческая инфраструктура: полнота корзины","value":6.557},{"label":"Транспорт: доступность","value":22.951},{"label":"Крупные работодатели: обеспеченность","value":0.032},{"label":"Крупные работодатели: плотность","value":0},{"label":"Зелёные зоны: доступность","value":13.115},{"label":"Зелёные зоны: покрытие квартала зеленью","value":62.155},{"label":"Зелёные зоны: температура поверхности","value":36.61147151581228},{"label":"Экономика: активность ФНС","value":3},{"label":"Экономика: ККТ","value":0.446},{"label":"Экономика: медианный чек","value":0}]},"geometry":{"type":"MultiPolygon","coordinates":[[[[49.576965,54.223644],[49.57653,54.223561],[49.576777,54.223602],[49.576965,54.223644]]],[[[49.578697,54.223916],[49.578259,54.223845],[49.576777,54.223602],[49.576433,54.223525],[49.576005,54.223462],[49.57653,54.223561],[49.576342,54.223531],[49.575732,54.223422],[49.575262,54.223338],[49.574513,54.223188],[49.574748,54.222513],[49.575096,54.222449],[49.57846,54.222604],[49.582233,54.222735],[49.582229,54.222887],[49.582372,54.222895],[49.582625,54.222911],[49.58282,54.222924],[49.583644,54.222975],[49.583668,54.222976],[49.583611,54.223289],[49.583259,54.223271],[49.583074,54.223261],[49.58302,54.223525],[49.582988,54.223647],[49.58305,54.223655],[49.583155,54.223666],[49.583088,54.223992],[49.581541,54.223875],[49.581321,54.22384],[49.581311,54.223839],[49.581302,54.22384],[49.581294,54.223843],[49.581287,54.223847],[49.581284,54.223851],[49.580029,54.223572],[49.57997,54.223561],[49.579901,54.223699],[49.579837,54.223825],[49.579828,54.223824],[49.578843,54.223637],[49.578697,54.223916]]]]}},{"type":"Feature","id":"176","properties":{"id":"176","city":"dimitrovgrad","baseScore":33.505036664390474,"baseScoreNoCommerce":null,"baseRank":109,"population":45,"populationField":"pop_sum","pop_sum":45,"blocks":{"housing":0.258989783806836,"infra":0.40115927947169383,"transport":1,"work":0,"green":0.16033435120040795,"commerce":0.18981878538449046},"compare":{"city":{"score":33.505036664390474,"rank":109,"blocks":{"housing":0.258989783806836,"infra":0.40115927947169383,"transport":1,"work":0,"green":0.16033435120040795,"commerce":0.18981878538449046}},"all":{"score":38.65338425283123,"rank":529,"blocks":{"housing":0.5585900152396943,"infra":0.41520726089198684,"transport":1,"work":0,"green":0.1795345919614747,"commerce":0.18981878538449046}}},"indicators":[{"label":"Жильё: плотность","value":48.736020478659206},{"label":"Жильё: обеспеченность","value":36.498},{"label":"Жильё: износ","value":38.7},{"label":"Жильё: этажность","value":2},{"label":"Коммерческая инфраструктура: разнообразие","value":0},{"label":"Коммерческая инфраструктура: полнота корзины","value":68.889},{"label":"Транспорт: доступность","value":100},{"label":"Зелёные зоны: доступность","value":26.667},{"label":"Зелёные зоны: покрытие квартала зеленью","value":29.39},{"label":"Зелёные зоны: температура поверхности","value":38.67354125976563},{"label":"Экономика: активность ФНС","value":4.941},{"label":"Экономика: ККТ","value":0.54},{"label":"Экономика: медианный чек","value":0}]},"geometry":{"type":"Polygon","coordinates":[[[49.583862,54.22337],[49.583858,54.223303],[49.583659,54.223291],[49.583716,54.222978],[49.584754,54.223045],[49.584844,54.223057],[49.584828,54.223133],[49.584624,54.224102],[49.583939,54.224056],[49.583137,54.223996],[49.583205,54.223669],[49.583366,54.22368],[49.583435,54.223685],[49.583441,54.223563],[49.583814,54.223588],[49.583847,54.223439],[49.583862,54.22337]]]}},{"type":"Feature","id":"182","properties":{"id":"182","city":"dimitrovgrad","baseScore":34.17237264232585,"baseScoreNoCommerce":null,"baseRank":105,"population":137,"populationField":"pop_sum","pop_sum":137,"blocks":{"housing":0.12704324146350948,"infra":0.47217235475852803,"transport":1,"work":0,"green":0.23510723768937536,"commerce":0.21601952462813817},"compare":{"city":{"score":34.17237264232585,"rank":105,"blocks":{"housing":0.12704324146350948,"infra":0.47217235475852803,"transport":1,"work":0,"green":0.23510723768937536,"commerce":0.21601952462813817}},"all":{"score":39.526547233245005,"rank":506,"blocks":{"housing":0.4576203869768332,"infra":0.47612742753858484,"transport":1,"work":0,"green":0.25192515411235494,"commerce":0.21601952462813817}}},"indicators":[{"label":"Жильё: плотность","value":101.2223073868789},{"label":"Жильё: обеспеченность","value":30.677},{"label":"Жильё: износ","value":44.52554744525548},{"label":"Жильё: этажность","value":2.6},{"label":"Коммерческая инфраструктура: разнообразие","value":0},{"label":"Коммерческая инфраструктура: полнота корзины","value":91.241},{"label":"Транспорт: доступность","value":100},{"label":"Зелёные зоны: доступность","value":35.766},{"label":"Зелёные зоны: покрытие квартала зеленью","value":36.984},{"label":"Зелёные зоны: температура поверхности","value":38.330474853515625},{"label":"Экономика: активность ФНС","value":4.624},{"label":"Экономика: ККТ","value":1.086},{"label":"Экономика: медианный чек","value":0}]},"geometry":{"type":"Polygon","coordinates":[[[49.58592,54.223469],[49.585886,54.223579],[49.585758,54.223577],[49.585721,54.223773],[49.585633,54.224194],[49.584927,54.224131],[49.584685,54.224107],[49.584889,54.223137],[49.584889,54.223137],[49.584889,54.223137],[49.584989,54.222662],[49.585192,54.222731],[49.585202,54.222733],[49.587017,54.222931],[49.586972,54.223263],[49.586178,54.223225],[49.586145,54.223475],[49.58592,54.223469]]]}},{"type":"Feature","id":"187","properties":{"id":"187","city":"dimitrovgrad","baseScore":28.284105959767164,"baseScoreNoCommerce":null,"baseRank":124,"population":404,"populationField":"pop_sum","pop_sum":404,"blocks":{"housing":0.15101305467150486,"infra":0.20444319078994166,"transport":1,"work":0,"green":0.3415901121245831,"commerce":0},"compare":{"city":{"score":28.284105959767164,"rank":124,"blocks":{"housing":0.15101305467150486,"infra":0.20444319078994166,"transport":1,"work":0,"green":0.3415901121245831,"commerce":0}},"all":{"score":33.66379621981431,"rank":661,"blocks":{"housing":0.459865418669999,"infra":0.20528110964294552,"transport":1,"work":0,"green":0.3546812448759139,"commerce":0}}},"indicators":[{"label":"Жильё: плотность","value":19.79295661953483},{"label":"Жильё: обеспеченность","value":36.925},{"label":"Жильё: износ","value":53.523809523809526},{"label":"Жильё: этажность","value":1},{"label":"Коммерческая инфраструктура: разнообразие","value":0},{"label":"Транспорт: доступность","value":100},{"label":"Зелёные зоны: доступность","value":50},{"label":"Зелёные зоны: покрытие квартала зеленью","value":40.941},{"label":"Зелёные зоны: температура поверхности","value":37.4398003694053}]},"geometry":{"type":"Polygon","coordinates":[[[49.59254,54.227888],[49.591732,54.227749],[49.591511,54.227581],[49.591516,54.227578],[49.591521,54.227573],[49.591523,54.227568],[49.591523,54.227562],[49.591519,54.227557],[49.591513,54.227553],[49.59083,54.22721],[49.590696,54.227094],[49.590715,54.227072],[49.590715,54.227072],[49.590715,54.227072],[49.590716,54.227069],[49.590718,54.227067],[49.590718,54.227066],[49.590718,54.227066],[49.590718,54.227064],[49.590718,54.227061],[49.590718,54.227061],[49.590718,54.227061],[49.590716,54.227058],[49.590715,54.227056],[49.590715,54.227056],[49.590715,54.227055],[49.590712,54.227053],[49.590709,54.227051],[49.590709,54.227051],[49.590709,54.227051],[49.590299,54.226812],[49.590298,54.226812],[49.589955,54.226621],[49.589951,54.226619],[49.589632,54.226491],[49.589628,54.22649],[49.589624,54.226489],[49.589357,54.226439],[49.588984,54.226288],[49.58878,54.226141],[49.588373,54.225642],[49.589472,54.225795],[49.589612,54.225371],[49.589629,54.225351],[49.589662,54.225342],[49.589667,54.22534],[49.591823,54.224436],[49.594389,54.223449],[49.594432,54.22348],[49.594433,54.22348],[49.594433,54.223481],[49.595343,54.22403],[49.59618,54.22464],[49.596181,54.224641],[49.596182,54.224642],[49.596298,54.224712],[49.597236,54.225277],[49.59728,54.225304],[49.598085,54.225801],[49.598093,54.225804],[49.598102,54.225806],[49.598112,54.225806],[49.598121,54.225805],[49.598129,54.225801],[49.598134,54.225797],[49.598138,54.225792],[49.598138,54.225786],[49.598137,54.225785],[49.598454,54.225751],[49.598803,54.225761],[49.599117,54.225938],[49.595538,54.227815],[49.594319,54.227935],[49.593336,54.227931],[49.59254,54.227888]]]}},{"type":"Feature","id":"188","properties":{"id":"188","city":"dimitrovgrad","baseScore":21.792158658847548,"baseScoreNoCommerce":null,"baseRank":134,"population":22,"populationField":"pop_sum","pop_sum":22,"blocks":{"housing":0.2606999814359285,"infra":0.33333333333333337,"transport":null,"work":0,"green":0.49557461817311554,"commerce":0},"compare":{"city":{"score":21.792158658847548,"rank":134,"blocks":{"housing":0.2606999814359285,"infra":0.33333333333333337,"transport":null,"work":0,"green":0.49557461817311554,"commerce":0}},"all":{"score":27.662655738991,"rank":755,"blocks":{"housing":0.5542248354431009,"infra":0.33333333333333337,"transport":null,"work":0,"green":0.49557461817311554,"commerce":0}}},"indicators":[{"label":"Жильё: плотность","value":80.07629086620706},{"label":"Жильё: обеспеченность","value":32.927},{"label":"Жильё: износ","value":34},{"label":"Жильё: этажность","value":2},{"label":"Коммерческая инфраструктура: разнообразие","value":0},{"label":"Зелёные зоны: покрытие квартала зеленью","value":68.4},{"label":"Зелёные зоны: температура поверхности","value":36.47045135498047}]},"geometry":{"type":"Polygon","coordinates":[[[49.59156,54.222049],[49.591664,54.222014],[49.592206,54.22242],[49.591623,54.222617],[49.591537,54.22264],[49.591042,54.222261],[49.59156,54.222049]]]}},{"type":"Feature","id":"189","properties":{"id":"189","city":"dimitrovgrad","baseScore":36.4572719198208,"baseScoreNoCommerce":null,"baseRank":98,"population":128,"populationField":"pop_sum","pop_sum":128,"blocks":{"housing":0.2761296142385115,"infra":0.25483195220120025,"transport":1,"work":0,"green":0.28366128249317824,"commerce":0.372813466256358},"compare":{"city":{"score":36.4572719198208,"rank":98,"blocks":{"housing":0.2761296142385115,"infra":0.25483195220120025,"transport":1,"work":0,"green":0.28366128249317824,"commerce":0.372813466256358}},"all":{"score":41.71635410792171,"rank":449,"blocks":{"housing":0.5976890974399435,"infra":0.2540235337199943,"transport":1,"work":0,"green":0.2945023113472103,"commerce":0.372813466256358}}},"indicators":[{"label":"Жильё: плотность","value":16.510330295146595},{"label":"Жильё: обеспеченность","value":35.903},{"label":"Коммерческая инфраструктура: разнообразие","value":0},{"label":"Транспорт: доступность","value":100},{"label":"Зелёные зоны: доступность","value":58.594},{"label":"Зелёные зоны: покрытие квартала зеленью","value":31.556},{"label":"Зелёные зоны: температура поверхности","value":39.290304875028305},{"label":"Экономика: активность ФНС","value":8.252},{"label":"Экономика: ККТ","value":0.127},{"label":"Экономика: медианный чек","value":241.654}]},"geometry":{"type":"Polygon","coordinates":[[[49.59313,54.221929],[49.594003,54.222029],[49.594498,54.222029],[49.594801,54.222571],[49.594969,54.222695],[49.594773,54.22278],[49.595067,54.22296],[49.595427,54.222791],[49.595769,54.223107],[49.597236,54.222933],[49.59758,54.223375],[49.598161,54.223524],[49.598522,54.223733],[49.599138,54.223669],[49.599327,54.223619],[49.599327,54.223619],[49.599329,54.223621],[49.599331,54.223622],[49.599397,54.223671],[49.599397,54.223671],[49.599571,54.223797],[49.599574,54.223798],[49.599975,54.224022],[49.599085,54.224526],[49.598602,54.224712],[49.598601,54.224713],[49.597653,54.225119],[49.597306,54.225268],[49.59728,54.225252],[49.59728,54.225252],[49.596342,54.224687],[49.596227,54.224617],[49.59539,54.224007],[49.595389,54.224006],[49.595388,54.224006],[49.594478,54.223456],[49.594419,54.223413],[49.594418,54.223413],[49.594417,54.223413],[49.593326,54.222709],[49.593325,54.222709],[49.593325,54.222709],[49.592844,54.222422],[49.59284,54.22242],[49.592833,54.222417],[49.59313,54.221929]]]}},{"type":"Feature","id":"222","properties":{"id":"222","city":"dimitrovgrad","baseScore":28.62234165462529,"baseScoreNoCommerce":null,"baseRank":123,"population":37,"populationField":"pop_sum","pop_sum":37,"blocks":{"housing":0.07886014879082129,"infra":0.32280700029060033,"transport":1,"work":0,"green":0.1282948191048437,"commerce":0.18737853109125222},"compare":{"city":{"score":28.62234165462529,"rank":123,"blocks":{"housing":0.07886014879082129,"infra":0.32280700029060033,"transport":1,"work":0,"green":0.1282948191048437,"commerce":0.18737853109125222}},"all":{"score":34.02518684349656,"rank":653,"blocks":{"housing":0.4198108456742203,"infra":0.3254302995035871,"transport":1,"work":0,"green":0.1282948191048437,"commerce":0.18737853109125222}}},"indicators":[{"label":"Жильё: плотность","value":59.40992139264563},{"label":"Жильё: обеспеченность","value":31.23},{"label":"Жильё: износ","value":50.78378378378378},{"label":"Жильё: этажность","value":2},{"label":"Коммерческая инфраструктура: разнообразие","value":0},{"label":"Транспорт: доступность","value":100},{"label":"Зелёные зоны: покрытие квартала зеленью","value":15.58},{"label":"Зелёные зоны: температура поверхности","value":37.999908447265625},{"label":"Экономика: активность ФНС","value":6},{"label":"Экономика: ККТ","value":0.262},{"label":"Экономика: медианный чек","value":0}]},"geometry":{"type":"Polygon","coordinates":[[[49.602282,54.217794],[49.602576,54.217273],[49.602576,54.217273],[49.602624,54.217179],[49.602999,54.217244],[49.602999,54.217244],[49.603543,54.217336],[49.603915,54.217399],[49.603874,54.21748],[49.603874,54.21748],[49.603623,54.21799],[49.603623,54.21799],[49.602282,54.217794]]]}},{"type":"Feature","id":"224","properties":{"id":"224","city":"dimitrovgrad","baseScore":26.879784373510805,"baseScoreNoCommerce":null,"baseRank":126,"population":405,"populationField":"pop_sum","pop_sum":405,"blocks":{"housing":0.3448997587723747,"infra":0.22302740758730735,"transport":0.6780290592138618,"work":0,"green":0.184732238971139,"commerce":0.18209859786596552},"compare":{"city":{"score":26.879784373510805,"rank":126,"blocks":{"housing":0.3448997587723747,"infra":0.22302740758730735,"transport":0.6780290592138618,"work":0,"green":0.184732238971139,"commerce":0.18209859786596552}},"all":{"score":32.23933115515132,"rank":696,"blocks":{"housing":0.6540394078441956,"infra":0.24253944413628667,"transport":0.6826274351899922,"work":0,"green":0.184732238971139,"commerce":0.18209859786596552}}},"indicators":[{"label":"Жильё: плотность","value":19.42861937138028},{"label":"Жильё: обеспеченность","value":38.617},{"label":"Коммерческая инфраструктура: разнообразие","value":0},{"label":"Коммерческая инфраструктура: полнота корзины","value":7.521},{"label":"Транспорт: доступность","value":75.487},{"label":"Зелёные зоны: доступность","value":1.393},{"label":"Зелёные зоны: покрытие квартала зеленью","value":35.778},{"label":"Зелёные зоны: температура поверхности","value":37.29115772736378},{"label":"Экономика: активность ФНС","value":5.047},{"label":"Экономика: ККТ","value":2.15},{"label":"Экономика: медианный чек","value":0}]},"geometry":{"type":"Polygon","coordinates":[[[49.595929,54.219543],[49.595546,54.220187],[49.595956,54.220263],[49.595981,54.220368],[49.595852,54.22069],[49.595472,54.220633],[49.595472,54.220633],[49.595472,54.220633],[49.594587,54.220501],[49.593109,54.22025],[49.593108,54.22025],[49.593107,54.22025],[49.592434,54.220154],[49.592433,54.220154],[49.592433,54.220154],[49.591852,54.220087],[49.590359,54.219906],[49.590613,54.219491],[49.590614,54.21949],[49.590812,54.219054],[49.591703,54.217545],[49.591703,54.217545],[49.591704,54.217544],[49.592388,54.216116],[49.592638,54.215594],[49.592675,54.215518],[49.592969,54.215537],[49.593788,54.215677],[49.594167,54.215745],[49.594167,54.215745],[49.594167,54.215745],[49.59456,54.215814],[49.59538,54.215957],[49.59561,54.215997],[49.59561,54.215997],[49.59561,54.215997],[49.596911,54.216215],[49.59832,54.21646],[49.598272,54.216548],[49.598272,54.216548],[49.597257,54.218436],[49.597256,54.218437],[49.597068,54.21882],[49.596912,54.219138],[49.596912,54.219138],[49.596912,54.219138],[49.596879,54.219204],[49.596797,54.219366],[49.596606,54.21959],[49.596511,54.219665],[49.595929,54.219543]]]}},{"type":"Feature","id":"229","properties":{"id":"229","city":"dimitrovgrad","baseScore":38.40126049536082,"baseScoreNoCommerce":null,"baseRank":86,"population":446,"populationField":"pop_sum","pop_sum":446,"blocks":{"housing":0.6507466150844556,"infra":0.36022306148958433,"transport":0.5435297146354727,"work":0.11503067484662582,"green":0.37587987781193055,"commerce":0.2586656858535803},"compare":{"city":{"score":38.40126049536082,"rank":86,"blocks":{"housing":0.6507466150844556,"infra":0.36022306148958433,"transport":0.5435297146354727,"work":0.11503067484662582,"green":0.37587987781193055,"commerce":0.2586656858535803}},"all":{"score":40.63927264624903,"rank":477,"blocks":{"housing":0.83702179737203,"infra":0.38042359646256985,"transport":0.5500490048202099,"work":0.046303441889180535,"green":0.3840398426784901,"commerce":0.2586656858535803}}},"indicators":[{"label":"Жильё: плотность","value":21.504526169270385},{"label":"Жильё: обеспеченность","value":40.058},{"label":"Жильё: износ","value":4},{"label":"Жильё: этажность","value":4},{"label":"Коммерческая инфраструктура: разнообразие","value":0},{"label":"Коммерческая инфраструктура: полнота корзины","value":55.83},{"label":"Транспорт: доступность","value":65.247},{"label":"Крупные работодатели: обеспеченность","value":0.015},{"label":"Крупные работодатели: плотность","value":0},{"label":"Зелёные зоны: доступность","value":68.834},{"label":"Зелёные зоны: покрытие квартала зеленью","value":31.104},{"label":"Зелёные зоны: температура поверхности","value":37.514498748779296},{"label":"Экономика: активность ФНС","value":7.601},{"label":"Экономика: ККТ","value":3.08},{"label":"Экономика: медианный чек","value":0}]},"geometry":{"type":"Polygon","coordinates":[[[49.599493,54.216617],[49.598367,54.21643],[49.596928,54.216181],[49.596928,54.216181],[49.596928,54.216181],[49.595657,54.215968],[49.595687,54.215909],[49.595985,54.215326],[49.595985,54.215326],[49.595985,54.215326],[49.596481,54.214353],[49.596481,54.214353],[49.596481,54.214353],[49.596678,54.213967],[49.598001,54.214194],[49.598001,54.214194],[49.598001,54.214194],[49.599459,54.214441],[49.600767,54.214665],[49.600767,54.214665],[49.600767,54.214665],[49.602253,54.21492],[49.602253,54.21492],[49.602253,54.21492],[49.603532,54.215138],[49.603258,54.215698],[49.603258,54.215701],[49.603257,54.215704],[49.603257,54.215704],[49.603257,54.215704],[49.603258,54.215707],[49.603259,54.215709],[49.603259,54.215709],[49.603259,54.215709],[49.603261,54.215712],[49.603264,54.215714],[49.603264,54.215714],[49.603264,54.215714],[49.603267,54.215716],[49.603271,54.215718],[49.603271,54.215718],[49.603271,54.215718],[49.603275,54.215719],[49.603279,54.215721],[49.604652,54.215953],[49.604652,54.215953],[49.604653,54.215953],[49.606017,54.216169],[49.606022,54.216169],[49.606026,54.21617],[49.606026,54.21617],[49.606027,54.21617],[49.606031,54.216169],[49.606035,54.216169],[49.606036,54.216169],[49.606036,54.216168],[49.60604,54.216167],[49.606044,54.216166],[49.606044,54.216166],[49.606044,54.216166],[49.606047,54.216164],[49.60605,54.216162],[49.606051,54.216162],[49.606051,54.216162],[49.606053,54.216159],[49.606055,54.216157],[49.606344,54.215575],[49.607615,54.215796],[49.607615,54.215796],[49.607615,54.215796],[49.608901,54.215998],[49.608622,54.216625],[49.608263,54.217343],[49.608263,54.217345],[49.608199,54.217564],[49.608198,54.217565],[49.608136,54.217924],[49.608106,54.218043],[49.607996,54.218195],[49.607408,54.218025],[49.607406,54.218024],[49.607405,54.218024],[49.60699,54.217929],[49.60699,54.217929],[49.606601,54.217842],[49.6066,54.217841],[49.606599,54.217841],[49.605315,54.217597],[49.605315,54.217597],[49.605314,54.217597],[49.603962,54.21737],[49.60356,54.217302],[49.60356,54.217302],[49.60356,54.217302],[49.603016,54.217209],[49.602612,54.217139],[49.602612,54.217139],[49.602612,54.217139],[49.601256,54.216913],[49.599747,54.216659],[49.599746,54.216659],[49.599746,54.216659],[49.599493,54.216617]]]}},{"type":"Feature","id":"249","properties":{"id":"249","city":"dimitrovgrad","baseScore":58.665573716901974,"baseScoreNoCommerce":null,"baseRank":26,"population":4254,"populationField":"pop_sum","pop_sum":4254,"blocks":{"housing":0.24688013198534683,"infra":0.8065792955265474,"transport":1,"work":0.19171779141104306,"green":0.5503985738539862,"commerce":0.7243586302371946},"compare":{"city":{"score":58.665573716901974,"rank":26,"blocks":{"housing":0.24688013198534683,"infra":0.8065792955265474,"transport":1,"work":0.19171779141104306,"green":0.5503985738539862,"commerce":0.7243586302371946}},"all":{"score":59.214132511701045,"rank":121,"blocks":{"housing":0.5392439186827925,"infra":0.7927786618027608,"transport":1,"work":0.07717240314863423,"green":0.5503985738539862,"commerce":0.7243586302371946}}},"indicators":[{"label":"Жильё: плотность","value":154.75424465719155},{"label":"Жильё: обеспеченность","value":29.486},{"label":"Жильё: износ","value":31.01942615239887},{"label":"Жильё: этажность","value":5.066667},{"label":"Коммерческая инфраструктура: разнообразие","value":0.5416666666666666},{"label":"Коммерческая инфраструктура: полнота корзины","value":100},{"label":"Транспорт: доступность","value":100},{"label":"Крупные работодатели: обеспеченность","value":0.025},{"label":"Крупные работодатели: плотность","value":0},{"label":"Зелёные зоны: доступность","value":100},{"label":"Зелёные зоны: покрытие квартала зеленью","value":45.049},{"label":"Зелёные зоны: температура поверхности","value":37.25936929281656},{"label":"Экономика: активность ФНС","value":8.055},{"label":"Экономика: ККТ","value":35.661},{"label":"Экономика: медианный чек","value":82.983}]},"geometry":{"type":"MultiPolygon","coordinates":[[[[49.589936,54.212206],[49.590317,54.212202],[49.59031,54.211875],[49.590818,54.211874],[49.590822,54.211628],[49.591119,54.211599],[49.592484,54.211512],[49.594002,54.211417],[49.595206,54.211341],[49.596044,54.211517],[49.596265,54.211575],[49.596267,54.211576],[49.596269,54.211576],[49.597311,54.211756],[49.597537,54.211797],[49.597729,54.211833],[49.597155,54.212921],[49.59685,54.213501],[49.596849,54.213501],[49.596849,54.213501],[49.596628,54.21394],[49.596423,54.214343],[49.595926,54.215315],[49.595628,54.215898],[49.595598,54.215958],[49.595398,54.215923],[49.594577,54.215779],[49.594185,54.21571],[49.593806,54.215642],[49.593805,54.215642],[49.593805,54.215642],[49.592984,54.215502],[49.592979,54.215502],[49.592656,54.21548],[49.592654,54.21548],[49.592652,54.21548],[49.592446,54.215482],[49.592444,54.215482],[49.592002,54.215502],[49.592001,54.215502],[49.592,54.215502],[49.591113,54.215562],[49.59093,54.215574],[49.590642,54.215594],[49.590234,54.215621],[49.589792,54.215642],[49.589792,54.215642],[49.589792,54.215642],[49.588453,54.215705],[49.588453,54.215705],[49.588453,54.215705],[49.588364,54.215709],[49.588363,54.215709],[49.588073,54.215727],[49.588073,54.215727],[49.588073,54.215727],[49.587856,54.215741],[49.587853,54.215741],[49.587685,54.215761],[49.587685,54.215761],[49.5876,54.215771],[49.587517,54.215781],[49.58741,54.21579],[49.587367,54.215687],[49.587328,54.215578],[49.5873,54.215501],[49.587301,54.214605],[49.587302,54.214347],[49.587302,54.213883],[49.587303,54.213763],[49.587303,54.213763],[49.587303,54.213763],[49.587303,54.213729],[49.587303,54.213103],[49.587303,54.213103],[49.587303,54.213103],[49.587304,54.212897],[49.587305,54.212053],[49.587305,54.212053],[49.587305,54.212053],[49.587305,54.211899],[49.587487,54.211899],[49.587883,54.211899],[49.588865,54.211901],[49.589469,54.211902],[49.589478,54.211901],[49.589487,54.211898],[49.589493,54.211894],[49.589498,54.211889],[49.589499,54.211884],[49.589499,54.211884],[49.589928,54.211879],[49.589936,54.212206]]],[[[49.587349,54.215794],[49.587276,54.215799],[49.587277,54.215769],[49.587288,54.215643],[49.587307,54.215694],[49.587307,54.215695],[49.587349,54.215794]]]]}},{"type":"Feature","id":"255","properties":{"id":"255","city":"dimitrovgrad","baseScore":51.61155871952787,"baseScoreNoCommerce":null,"baseRank":43,"population":579,"populationField":"pop_sum","pop_sum":579,"blocks":{"housing":0.3597085125582534,"infra":0.5,"transport":1,"work":0,"green":0.6034484287883626,"commerce":0.633536581825056},"compare":{"city":{"score":51.61155871952787,"rank":43,"blocks":{"housing":0.3597085125582534,"infra":0.5,"transport":1,"work":0,"green":0.6034484287883626,"commerce":0.633536581825056}},"all":{"score":53.850933507782464,"rank":203,"blocks":{"housing":0.6074038693541282,"infra":0.5,"transport":1,"work":0,"green":0.6034484287883626,"commerce":0.633536581825056}}},"indicators":[{"label":"Жильё: плотность","value":233.80630855454882},{"label":"Жильё: обеспеченность","value":24.672},{"label":"Жильё: износ","value":14.043177892918825},{"label":"Жильё: этажность","value":9.5},{"label":"Коммерческая инфраструктура: разнообразие","value":0},{"label":"Коммерческая инфраструктура: полнота корзины","value":100},{"label":"Транспорт: доступность","value":100},{"label":"Зелёные зоны: доступность","value":100},{"label":"Зелёные зоны: покрытие квартала зеленью","value":60.524},{"label":"Зелёные зоны: температура поверхности","value":37.226761429398145},{"label":"Экономика: активность ФНС","value":9.546},{"label":"Экономика: ККТ","value":2.127},{"label":"Экономика: медианный чек","value":244.739}]},"geometry":{"type":"Polygon","coordinates":[[[49.591139,54.210827],[49.591072,54.21087],[49.591073,54.211565],[49.59056,54.211618],[49.589665,54.211617],[49.589655,54.211618],[49.589647,54.21162],[49.58964,54.211624],[49.589637,54.211628],[49.589469,54.21158],[49.58944,54.21158],[49.589439,54.21158],[49.589439,54.21158],[49.588869,54.211579],[49.588869,54.21143],[49.58799,54.211422],[49.588011,54.21107],[49.58897,54.21108],[49.588975,54.21057],[49.589947,54.210574],[49.58995,54.210536],[49.589952,54.210513],[49.589961,54.210411],[49.589996,54.209995],[49.589998,54.209937],[49.589998,54.20992],[49.589999,54.209915],[49.590171,54.209918],[49.590173,54.209895],[49.590175,54.20987],[49.590429,54.209876],[49.591179,54.209887],[49.591175,54.210009],[49.591168,54.210127],[49.591293,54.210432],[49.59133,54.210523],[49.59133,54.210555],[49.591285,54.210609],[49.591236,54.210646],[49.591139,54.210678],[49.591139,54.210827]]]}},{"type":"Feature","id":"260","properties":{"id":"260","city":"dimitrovgrad","baseScore":57.10090404858828,"baseScoreNoCommerce":null,"baseRank":28,"population":951,"populationField":"pop_sum","pop_sum":951,"blocks":{"housing":0.07162172765299057,"infra":0.713976536506418,"transport":1,"work":0.20705521472392652,"green":0.4983769735618062,"commerce":0.9350237904701554},"compare":{"city":{"score":57.10090404858828,"rank":28,"blocks":{"housing":0.07162172765299057,"infra":0.713976536506418,"transport":1,"work":0.20705521472392652,"green":0.4983769735618062,"commerce":0.9350237904701554}},"all":{"score":58.1952399844295,"rank":138,"blocks":{"housing":0.4107039211571235,"infra":0.7162298926448994,"transport":1,"work":0.08334619540052497,"green":0.4983769735618062,"commerce":0.9350237904701554}}},"indicators":[{"label":"Жильё: плотность","value":242.42624468287357},{"label":"Жильё: обеспеченность","value":25.336},{"label":"Жильё: износ","value":43.29968454258675},{"label":"Жильё: этажность","value":9},{"label":"Коммерческая инфраструктура: разнообразие","value":0.3194444444444444},{"label":"Коммерческая инфраструктура: полнота корзины","value":100},{"label":"Транспорт: доступность","value":100},{"label":"Крупные работодатели: обеспеченность","value":0.027},{"label":"Крупные работодатели: плотность","value":0.001},{"label":"Зелёные зоны: доступность","value":100},{"label":"Зелёные зоны: покрытие квартала зеленью","value":35.599},{"label":"Зелёные зоны: температура поверхности","value":37.71566365559896},{"label":"Экономика: активность ФНС","value":9.466},{"label":"Экономика: ККТ","value":16.517},{"label":"Экономика: медианный чек","value":245.776}]},"geometry":{"type":"Polygon","coordinates":[[[49.59495,54.209396],[49.594944,54.209276],[49.59494,54.209199],[49.596047,54.209218],[49.596048,54.209218],[49.596048,54.209218],[49.597251,54.209233],[49.597247,54.209299],[49.597244,54.209342],[49.597238,54.209473],[49.597208,54.210171],[49.597304,54.210391],[49.597429,54.211057],[49.597322,54.21172],[49.596288,54.211542],[49.596068,54.211484],[49.596067,54.211484],[49.596066,54.211484],[49.59522,54.211305],[49.595218,54.211305],[49.595216,54.211305],[49.595213,54.211305],[49.595211,54.211304],[49.595209,54.211304],[49.595207,54.211304],[49.594914,54.211323],[49.594938,54.210556],[49.594943,54.210007],[49.594949,54.209433],[49.59495,54.209396]]]}},{"type":"Feature","id":"312","properties":{"id":"312","city":"dimitrovgrad","baseScore":43.40510881385537,"baseScoreNoCommerce":null,"baseRank":73,"population":390,"populationField":"pop_sum","pop_sum":390,"blocks":{"housing":0.1626744006636976,"infra":0.4968597015299467,"transport":1,"work":0.07668711656441722,"green":0.43917111420022203,"commerce":0.42891419587303853},"compare":{"city":{"score":43.40510881385537,"rank":73,"blocks":{"housing":0.1626744006636976,"infra":0.4968597015299467,"transport":1,"work":0.07668711656441722,"green":0.43917111420022203,"commerce":0.42891419587303853}},"all":{"score":47.434937053733314,"rank":332,"blocks":{"housing":0.4935332940537024,"infra":0.4965078253787895,"transport":1,"work":0.03086896125945369,"green":0.4415879991287727,"commerce":0.42891419587303853}}},"indicators":[{"label":"Жильё: плотность","value":31.340852415705033},{"label":"Жильё: обеспеченность","value":37.806},{"label":"Жильё: износ","value":50},{"label":"Жильё: этажность","value":1},{"label":"Коммерческая инфраструктура: разнообразие","value":0},{"label":"Коммерческая инфраструктура: полнота корзины","value":100},{"label":"Транспорт: доступность","value":100},{"label":"Крупные работодатели: обеспеченность","value":0.01},{"label":"Крупные работодатели: плотность","value":0},{"label":"Зелёные зоны: доступность","value":90.769},{"label":"Зелёные зоны: покрытие квартала зеленью","value":18.263},{"label":"Зелёные зоны: температура поверхности","value":36.979583740234375},{"label":"Экономика: активность ФНС","value":7.127},{"label":"Экономика: ККТ","value":4.968},{"label":"Экономика: медианный чек","value":30.156}]},"geometry":{"type":"Polygon","coordinates":[[[49.614006,54.205362],[49.614203,54.205303],[49.614363,54.205269],[49.614778,54.205234],[49.615279,54.2052],[49.615305,54.205198],[49.615832,54.205896],[49.616948,54.207281],[49.617095,54.207463],[49.616144,54.207627],[49.615298,54.207773],[49.614444,54.207921],[49.61359,54.208069],[49.612679,54.208226],[49.611865,54.208366],[49.611231,54.208476],[49.611173,54.208486],[49.611061,54.208505],[49.610773,54.208555],[49.610643,54.208578],[49.610633,54.208579],[49.610186,54.208656],[49.609895,54.208707],[49.609771,54.208728],[49.609748,54.208732],[49.609988,54.208222],[49.609988,54.208219],[49.610038,54.207944],[49.610038,54.20794],[49.60999,54.207703],[49.610225,54.207689],[49.61016,54.207332],[49.610681,54.207296],[49.61057,54.206889],[49.610576,54.206889],[49.61085,54.206836],[49.610851,54.206836],[49.610854,54.206835],[49.610856,54.206835],[49.610858,54.206834],[49.61086,54.206833],[49.610861,54.206832],[49.610863,54.206831],[49.610865,54.20683],[49.610866,54.206829],[49.610867,54.206828],[49.610868,54.206826],[49.610869,54.206825],[49.61087,54.206824],[49.61087,54.206822],[49.61087,54.206821],[49.610871,54.206819],[49.61087,54.206818],[49.61087,54.206817],[49.610425,54.205015],[49.610423,54.205009],[49.610406,54.204922],[49.610601,54.204908],[49.610772,54.20478],[49.610927,54.204639],[49.611063,54.204628],[49.611431,54.204827],[49.611552,54.204913],[49.611732,54.205308],[49.611954,54.205429],[49.6122,54.205497],[49.612208,54.2055],[49.612217,54.205502],[49.612227,54.205502],[49.613024,54.205432],[49.613782,54.205394],[49.614006,54.205362]]]}},{"type":"Feature","id":"326","properties":{"id":"326","city":"dimitrovgrad","baseScore":43.73256783412231,"baseScoreNoCommerce":null,"baseRank":71,"population":97,"populationField":"pop_sum","pop_sum":97,"blocks":{"housing":0.5,"infra":0.5,"transport":1,"work":0,"green":0.6239540700473384,"commerce":0},"compare":{"city":{"score":43.73256783412231,"rank":71,"blocks":{"housing":0.5,"infra":0.5,"transport":1,"work":0,"green":0.6239540700473384,"commerce":0}},"all":{"score":45.779003894998915,"rank":356,"blocks":{"housing":0.6227861636525964,"infra":0.5,"transport":1,"work":0,"green":0.6239540700473384,"commerce":0}}},"indicators":[{"label":"Жильё: плотность","value":454.06266720155566},{"label":"Жильё: обеспеченность","value":18.944},{"label":"Жильё: износ","value":0},{"label":"Жильё: этажность","value":8},{"label":"Коммерческая инфраструктура: разнообразие","value":0},{"label":"Коммерческая инфраструктура: полнота корзины","value":100},{"label":"Транспорт: доступность","value":100},{"label":"Зелёные зоны: доступность","value":100},{"label":"Зелёные зоны: покрытие квартала зеленью","value":5.731},{"label":"Зелёные зоны: температура поверхности","value":32.70977783203125}]},"geometry":{"type":"Polygon","coordinates":[[[49.608277,54.201935],[49.60821,54.201512],[49.608239,54.201514],[49.608292,54.201516],[49.608463,54.201519],[49.608514,54.201519],[49.608745,54.201522],[49.60885,54.20152],[49.608893,54.201519],[49.609022,54.201514],[49.609011,54.20163],[49.608966,54.201882],[49.608277,54.201935]]]}},{"type":"Feature","id":"337","properties":{"id":"337","city":"dimitrovgrad","baseScore":51.43355748727266,"baseScoreNoCommerce":null,"baseRank":44,"population":4,"populationField":"pop_sum","pop_sum":4,"blocks":{"housing":0.30392653706594264,"infra":0.5,"transport":1,"work":0,"green":0.8158555533321179,"commerce":0.4662313588382987},"compare":{"city":{"score":51.43355748727266,"rank":44,"blocks":{"housing":0.30392653706594264,"infra":0.5,"transport":1,"work":0,"green":0.8158555533321179,"commerce":0.4662313588382987}},"all":{"score":55.6712767565647,"rank":181,"blocks":{"housing":0.6204659178207338,"infra":0.5,"transport":1,"work":0,"green":0.8158555533321179,"commerce":0.4662313588382987}}},"indicators":[{"label":"Жильё: плотность","value":4.323899880963037},{"label":"Жильё: обеспеченность","value":37},{"label":"Коммерческая инфраструктура: разнообразие","value":0},{"label":"Коммерческая инфраструктура: полнота корзины","value":100},{"label":"Транспорт: доступность","value":100},{"label":"Зелёные зоны: доступность","value":100},{"label":"Зелёные зоны: покрытие квартала зеленью","value":72.631},{"label":"Зелёные зоны: температура поверхности","value":33.401248168945315},{"label":"Экономика: активность ФНС","value":9},{"label":"Экономика: ККТ","value":0.463},{"label":"Экономика: медианный чек","value":0}]},"geometry":{"type":"Polygon","coordinates":[[[49.60968,54.202533],[49.609619,54.202075],[49.609572,54.201782],[49.609994,54.201779],[49.610109,54.20175],[49.610592,54.201737],[49.610678,54.202068],[49.610675,54.202287],[49.610704,54.202494],[49.610476,54.202523],[49.610539,54.202704],[49.609794,54.202878],[49.609613,54.202914],[49.609084,54.202988],[49.609077,54.202957],[49.608996,54.202584],[49.609336,54.202562],[49.609574,54.202552],[49.609604,54.202531],[49.60968,54.202533]]]}},{"type":"Feature","id":"372","properties":{"id":"372","city":"dimitrovgrad","baseScore":87.13495968045383,"baseScoreNoCommerce":null,"baseRank":1,"population":18,"populationField":"pop_sum","pop_sum":18,"blocks":{"housing":1,"infra":0.8760683760683761,"transport":1,"work":1,"green":0.35620333333333337,"commerce":0.9958258714255208},"compare":{"city":{"score":87.13495968045383,"rank":1,"blocks":{"housing":1,"infra":0.8760683760683761,"transport":1,"work":1,"green":0.35620333333333337,"commerce":0.9958258714255208}},"all":{"score":85.87618914792563,"rank":1,"blocks":{"housing":1,"infra":0.8849539503764486,"transport":1,"work":1,"green":0.35620333333333337,"commerce":0.9958258714255208}}},"indicators":[{"label":"Жильё: плотность","value":11.219829178100763},{"label":"Жильё: обеспеченность","value":67.15},{"label":"Жильё: износ","value":0},{"label":"Жильё: этажность","value":2},{"label":"Коммерческая инфраструктура: разнообразие","value":0.5138888888888888},{"label":"Коммерческая инфраструктура: полнота корзины","value":100},{"label":"Транспорт: доступность","value":100},{"label":"Крупные работодатели: обеспеченность","value":0.625},{"label":"Крупные работодатели: плотность","value":0.002},{"label":"Зелёные зоны: доступность","value":100},{"label":"Зелёные зоны: покрытие квартала зеленью","value":6.861},{"label":"Зелёные зоны: температура поверхности","value":41.13942045323989},{"label":"Экономика: активность ФНС","value":9.955},{"label":"Экономика: ККТ","value":44.199},{"label":"Экономика: медианный чек","value":415.745}]},"geometry":{"type":"Polygon","coordinates":[[[49.626758,54.215498],[49.626025,54.216753],[49.625969,54.216848],[49.624471,54.21652],[49.624531,54.216425],[49.62529,54.215219],[49.626672,54.215482],[49.626758,54.215498]]]}},{"type":"Feature","id":"389","properties":{"id":"389","city":"dimitrovgrad","baseScore":60.57458841694663,"baseScoreNoCommerce":null,"baseRank":18,"population":630,"populationField":"pop_sum","pop_sum":630,"blocks":{"housing":0.42017896339469,"infra":0.788005447533364,"transport":0.9898074715436692,"work":0.467791411042945,"green":0.15958586695802934,"commerce":0.8091061445441008},"compare":{"city":{"score":60.57458841694663,"rank":18,"blocks":{"housing":0.42017896339469,"infra":0.788005447533364,"transport":0.9898074715436692,"work":0.467791411042945,"green":0.15958586695802934,"commerce":0.8091061445441008}},"all":{"score":58.178193045809905,"rank":139,"blocks":{"housing":0.6719784966088421,"infra":0.7988231004399067,"transport":0.98995304082354,"work":0.1883006636826675,"green":0.15958586695802934,"commerce":0.8091061445441008}}},"indicators":[{"label":"Жильё: плотность","value":24.12811961902142},{"label":"Жильё: обеспеченность","value":37.209},{"label":"Жильё: износ","value":23.466666666666665},{"label":"Жильё: этажность","value":1.75},{"label":"Коммерческая инфраструктура: разнообразие","value":0.4444444444444445},{"label":"Коммерческая инфраструктура: полнота корзины","value":100},{"label":"Транспорт: доступность","value":99.224},{"label":"Крупные работодатели: обеспеченность","value":0.061},{"label":"Крупные работодатели: плотность","value":0},{"label":"Зелёные зоны: доступность","value":2.174},{"label":"Зелёные зоны: покрытие квартала зеленью","value":26.009},{"label":"Зелёные зоны: температура поверхности","value":37.12624282836914},{"label":"Экономика: активность ФНС","value":9.184},{"label":"Экономика: ККТ","value":48.024},{"label":"Экономика: медианный чек","value":264.084}]},"geometry":{"type":"Polygon","coordinates":[[[49.631832,54.21128],[49.633142,54.211566],[49.634474,54.211859],[49.636058,54.212212],[49.636058,54.212212],[49.636059,54.212212],[49.637592,54.212541],[49.639147,54.212881],[49.639147,54.212881],[49.639147,54.212881],[49.640575,54.213189],[49.640576,54.213189],[49.640576,54.213189],[49.640769,54.213225],[49.642261,54.21353],[49.642213,54.213602],[49.640506,54.216169],[49.638974,54.215815],[49.638973,54.215815],[49.638973,54.215815],[49.637552,54.215498],[49.636008,54.215131],[49.636008,54.215131],[49.636007,54.215131],[49.634368,54.214779],[49.632811,54.214414],[49.63281,54.214414],[49.63281,54.214414],[49.631534,54.214132],[49.631534,54.214132],[49.631533,54.214132],[49.629969,54.213793],[49.631562,54.211294],[49.631603,54.21123],[49.631832,54.21128]]]}},{"type":"Feature","id":"393","properties":{"id":"393","city":"dimitrovgrad","baseScore":38.041980185997375,"baseScoreNoCommerce":null,"baseRank":87,"population":337,"populationField":"pop_sum","pop_sum":337,"blocks":{"housing":0.176694167967404,"infra":0.5958050493243621,"transport":1,"work":0.04601226993865033,"green":0.2421241049430974,"commerce":0.22188321898632868},"compare":{"city":{"score":38.041980185997375,"rank":87,"blocks":{"housing":0.176694167967404,"infra":0.5958050493243621,"transport":1,"work":0.04601226993865033,"green":0.2421241049430974,"commerce":0.22188321898632868}},"all":{"score":43.21529826138654,"rank":403,"blocks":{"housing":0.5045605305494406,"infra":0.5982883508532502,"transport":1,"work":0.018521376755672215,"green":0.261391895949161,"commerce":0.22188321898632868}}},"indicators":[{"label":"Жильё: плотность","value":28.439476593159196},{"label":"Жильё: обеспеченность","value":38.952},{"label":"Жильё: износ","value":50.125},{"label":"Жильё: этажность","value":1.333333},{"label":"Коммерческая инфраструктура: разнообразие","value":0.16666666666666666},{"label":"Коммерческая инфраструктура: полнота корзины","value":100},{"label":"Транспорт: доступность","value":100},{"label":"Крупные работодатели: обеспеченность","value":0.006},{"label":"Крупные работодатели: плотность","value":0},{"label":"Зелёные зоны: доступность","value":26.409},{"label":"Зелёные зоны: покрытие квартала зеленью","value":21.683},{"label":"Зелёные зоны: температура поверхности","value":36.26229197184245},{"label":"Экономика: активность ФНС","value":7.937},{"label":"Экономика: ККТ","value":1.14},{"label":"Экономика: медианный чек","value":0}]},"geometry":{"type":"Polygon","coordinates":[[[49.628115,54.213373],[49.628115,54.213373],[49.626538,54.213022],[49.626538,54.213022],[49.626538,54.213022],[49.625092,54.21271],[49.624522,54.212571],[49.62434,54.212526],[49.624473,54.212371],[49.624525,54.212309],[49.624526,54.212308],[49.624688,54.212087],[49.625023,54.211632],[49.625023,54.211632],[49.625164,54.211436],[49.625164,54.211436],[49.625164,54.211436],[49.626112,54.210056],[49.626362,54.210108],[49.627166,54.210301],[49.627167,54.210301],[49.627168,54.210301],[49.628091,54.210493],[49.629523,54.210794],[49.629765,54.210847],[49.629765,54.210847],[49.629765,54.210847],[49.630568,54.211014],[49.631192,54.211146],[49.631154,54.211204],[49.629556,54.213699],[49.628115,54.213373],[49.628115,54.213373]]]}},{"type":"Feature","id":"432","properties":{"id":"432","city":"dimitrovgrad","baseScore":41.89771121862626,"baseScoreNoCommerce":null,"baseRank":75,"population":488,"populationField":"pop_sum","pop_sum":488,"blocks":{"housing":0.5403144067624825,"infra":0.46870892487316934,"transport":0.940972650924289,"work":0.06901840490797549,"green":0.29612466945954513,"commerce":0.198723616190114},"compare":{"city":{"score":41.89771121862626,"rank":75,"blocks":{"housing":0.5403144067624825,"infra":0.46870892487316934,"transport":0.940972650924289,"work":0.06901840490797549,"green":0.29612466945954513,"commerce":0.198723616190114}},"all":{"score":45.50148281074501,"rank":359,"blocks":{"housing":0.8141623237755123,"infra":0.4616338823830256,"transport":0.941815677140449,"work":0.02778206513350832,"green":0.29612466945954513,"commerce":0.198723616190114}}},"indicators":[{"label":"Жильё: плотность","value":23.272264026400826},{"label":"Жильё: обеспеченность","value":46.329},{"label":"Коммерческая инфраструктура: разнообразие","value":0},{"label":"Коммерческая инфраструктура: полнота корзины","value":100},{"label":"Транспорт: доступность","value":95.506},{"label":"Крупные работодатели: обеспеченность","value":0.009},{"label":"Крупные работодатели: плотность","value":0},{"label":"Зелёные зоны: покрытие квартала зеленью","value":29.92},{"label":"Зелёные зоны: температура поверхности","value":36.57495431154353},{"label":"Экономика: активность ФНС","value":3.293},{"label":"Экономика: ККТ","value":0.888},{"label":"Экономика: медианный чек","value":13.176}]},"geometry":{"type":"Polygon","coordinates":[[[49.638709,54.22406],[49.638302,54.224202],[49.637909,54.224298],[49.637877,54.224291],[49.637663,54.224246],[49.637456,54.2242],[49.637456,54.2242],[49.637456,54.2242],[49.636204,54.223932],[49.636823,54.222791],[49.636823,54.22279],[49.636824,54.222789],[49.636824,54.222787],[49.636824,54.222785],[49.636824,54.222784],[49.636824,54.222783],[49.636823,54.222781],[49.636823,54.22278],[49.636822,54.222779],[49.636821,54.222778],[49.63682,54.222776],[49.636818,54.222775],[49.636817,54.222774],[49.636816,54.222773],[49.636096,54.222337],[49.636705,54.221824],[49.636764,54.221812],[49.637399,54.221971],[49.6374,54.221971],[49.637401,54.221971],[49.637405,54.221972],[49.637409,54.221973],[49.637409,54.221972],[49.63741,54.221973],[49.637414,54.221972],[49.637418,54.221972],[49.637419,54.221972],[49.63742,54.221972],[49.637423,54.221971],[49.637427,54.22197],[49.637428,54.22197],[49.637428,54.22197],[49.637431,54.221968],[49.637435,54.221966],[49.637435,54.221966],[49.637435,54.221966],[49.637438,54.221964],[49.63744,54.221962],[49.63744,54.221961],[49.63744,54.221961],[49.637932,54.221195],[49.637932,54.221195],[49.637932,54.221195],[49.638867,54.219704],[49.639714,54.219973],[49.639717,54.219974],[49.639916,54.220019],[49.640411,54.220143],[49.640418,54.220144],[49.641247,54.220234],[49.64125,54.220235],[49.643226,54.220346],[49.643226,54.220346],[49.643226,54.220346],[49.64813,54.220614],[49.648208,54.22062],[49.648209,54.22062],[49.648209,54.22062],[49.65212,54.22082],[49.652123,54.22082],[49.652516,54.220818],[49.652516,54.220818],[49.652516,54.220818],[49.652522,54.220818],[49.652595,54.221004],[49.652641,54.221122],[49.652589,54.221195],[49.652549,54.22125],[49.652399,54.221341],[49.652376,54.221355],[49.651889,54.221493],[49.651887,54.22149],[49.65188,54.221486],[49.651871,54.221484],[49.651862,54.221483],[49.651472,54.221482],[49.65147,54.221482],[49.651035,54.221499],[49.651031,54.2215],[49.650514,54.221564],[49.649576,54.221616],[49.649573,54.221616],[49.648197,54.221788],[49.648124,54.221789],[49.648121,54.221789],[49.648117,54.221789],[49.648116,54.22179],[49.648115,54.22179],[49.648112,54.221791],[49.648109,54.221792],[49.648108,54.221792],[49.648106,54.221793],[49.648104,54.221794],[49.648101,54.221795],[49.648101,54.221796],[49.6481,54.221797],[49.648098,54.221798],[49.648096,54.2218],[49.648096,54.221801],[49.648095,54.221802],[49.648095,54.221804],[49.648094,54.221806],[49.648094,54.221806],[49.648094,54.221807],[49.648095,54.221809],[49.648095,54.221811],[49.648096,54.221812],[49.648096,54.221813],[49.648098,54.221815],[49.648099,54.221816],[49.648216,54.221925],[49.648285,54.222022],[49.647802,54.222079],[49.64773,54.222086],[49.647666,54.222092],[49.647524,54.222106],[49.644542,54.222399],[49.643725,54.222495],[49.6426,54.222743],[49.642365,54.222795],[49.640896,54.223231],[49.640762,54.223271],[49.640355,54.223391],[49.640094,54.223469],[49.639532,54.223672],[49.63909,54.223904],[49.638709,54.22406]]]}},{"type":"Feature","id":"438","properties":{"id":"438","city":"dimitrovgrad","baseScore":37.00288117075751,"baseScoreNoCommerce":null,"baseRank":94,"population":95,"populationField":"pop_sum","pop_sum":95,"blocks":{"housing":0.37470530670133473,"infra":0.4852941176470588,"transport":1,"work":0,"green":0.24109330872371795,"commerce":0.11908013717333903},"compare":{"city":{"score":37.00288117075751,"rank":94,"blocks":{"housing":0.37470530670133473,"infra":0.4852941176470588,"transport":1,"work":0,"green":0.24109330872371795,"commerce":0.11908013717333903}},"all":{"score":41.20754672731294,"rank":462,"blocks":{"housing":0.6321300552754393,"infra":0.4864563341450608,"transport":1,"work":0,"green":0.24109330872371795,"commerce":0.11908013717333903}}},"indicators":[{"label":"Жильё: плотность","value":103.15616605666987},{"label":"Жильё: обеспеченность","value":31.957},{"label":"Жильё: износ","value":21.357894736842105},{"label":"Жильё: этажность","value":2},{"label":"Коммерческая инфраструктура: разнообразие","value":0},{"label":"Коммерческая инфраструктура: полнота корзины","value":100},{"label":"Транспорт: доступность","value":100},{"label":"Зелёные зоны: покрытие квартала зеленью","value":17.161},{"label":"Зелёные зоны: температура поверхности","value":36.44504893909801},{"label":"Экономика: активность ФНС","value":5},{"label":"Экономика: ККТ","value":0.065},{"label":"Экономика: медианный чек","value":0}]},"geometry":{"type":"Polygon","coordinates":[[[49.636298,54.221284],[49.636109,54.221602],[49.63557,54.221484],[49.635971,54.220812],[49.636194,54.220858],[49.637863,54.221199],[49.637394,54.221931],[49.636777,54.221776],[49.636766,54.221775],[49.636755,54.221776],[49.636699,54.221787],[49.636883,54.221501],[49.636633,54.221444],[49.636604,54.221358],[49.636386,54.221306],[49.636298,54.221284]]]}},{"type":"Feature","id":"442","properties":{"id":"442","city":"dimitrovgrad","baseScore":45.03030820554013,"baseScoreNoCommerce":null,"baseRank":67,"population":241,"populationField":"pop_sum","pop_sum":241,"blocks":{"housing":0.23054882280886346,"infra":0.4852941176470588,"transport":1,"work":0,"green":0.3119677365990375,"commerce":0.6740078152774478},"compare":{"city":{"score":45.03030820554013,"rank":67,"blocks":{"housing":0.23054882280886346,"infra":0.4852941176470588,"transport":1,"work":0,"green":0.3119677365990375,"commerce":0.6740078152774478}},"all":{"score":47.63800551991423,"rank":329,"blocks":{"housing":0.5247355232071993,"infra":0.4852941176470588,"transport":1,"work":0,"green":0.3119677365990375,"commerce":0.6740078152774478}}},"indicators":[{"label":"Жильё: плотность","value":101.7739980832993},{"label":"Жильё: обеспеченность","value":27.473},{"label":"Жильё: износ","value":30.10126582278481},{"label":"Жильё: этажность","value":2.111111},{"label":"Коммерческая инфраструктура: разнообразие","value":0},{"label":"Коммерческая инфраструктура: полнота корзины","value":100},{"label":"Транспорт: доступность","value":100},{"label":"Зелёные зоны: покрытие квартала зеленью","value":23.279},{"label":"Зелёные зоны: температура поверхности","value":35.84790391188402},{"label":"Экономика: активность ФНС","value":8.394},{"label":"Экономика: ККТ","value":3.886},{"label":"Экономика: медианный чек","value":140.404}]},"geometry":{"type":"Polygon","coordinates":[[[49.637885,54.221166],[49.636214,54.220824],[49.635992,54.220778],[49.636891,54.219359],[49.636947,54.219271],[49.637111,54.219302],[49.637442,54.219365],[49.638226,54.219537],[49.638812,54.219688],[49.637885,54.221166]]]}},{"type":"Feature","id":"447","properties":{"id":"447","city":"dimitrovgrad","baseScore":59.575270571080615,"baseScoreNoCommerce":null,"baseRank":21,"population":217,"populationField":"pop_sum","pop_sum":217,"blocks":{"housing":0.7572925746488017,"infra":0.6223763006723838,"transport":0.7518329476109291,"work":0.7361963190184053,"green":0.11387006960896144,"commerce":0.5929480227053555},"compare":{"city":{"score":59.575270571080615,"rank":21,"blocks":{"housing":0.7572925746488017,"infra":0.6223763006723838,"transport":0.7518329476109291,"work":0.7361963190184053,"green":0.11387006960896144,"commerce":0.5929480227053555}},"all":{"score":55.1705277381424,"rank":184,"blocks":{"housing":0.991954404833586,"infra":0.6298698360028587,"transport":0.7553772594329423,"work":0.29634202809075544,"green":0.11387006960896144,"commerce":0.5929480227053555}}},"indicators":[{"label":"Жильё: плотность","value":16.60811100628411},{"label":"Жильё: обеспеченность","value":54.892},{"label":"Коммерческая инфраструктура: разнообразие","value":0.25},{"label":"Коммерческая инфраструктура: полнота корзины","value":100},{"label":"Транспорт: доступность","value":81.106},{"label":"Крупные работодатели: обеспеченность","value":0.096},{"label":"Крупные работодатели: плотность","value":0},{"label":"Зелёные зоны: покрытие квартала зеленью","value":16.73},{"label":"Зелёные зоны: температура поверхности","value":38.29896324268286},{"label":"Экономика: активность ФНС","value":8.312},{"label":"Экономика: ККТ","value":9.689},{"label":"Экономика: медианный чек","value":205.366}]},"geometry":{"type":"Polygon","coordinates":[[[49.647561,54.215014],[49.647699,54.214798],[49.647755,54.214707],[49.647756,54.214708],[49.647756,54.214708],[49.647756,54.214708],[49.648719,54.21491],[49.648719,54.21491],[49.64872,54.21491],[49.649214,54.215008],[49.649214,54.215008],[49.649214,54.215008],[49.649941,54.215152],[49.650445,54.215257],[49.650505,54.215269],[49.650883,54.215352],[49.650885,54.215352],[49.650886,54.215352],[49.651057,54.21538],[49.651215,54.21541],[49.651219,54.21541],[49.651359,54.215425],[49.651362,54.215425],[49.651499,54.215432],[49.651503,54.215432],[49.651506,54.215432],[49.651625,54.215422],[49.651626,54.215422],[49.651786,54.215406],[49.651788,54.215406],[49.651976,54.21538],[49.652008,54.215495],[49.652008,54.215496],[49.652026,54.215545],[49.652056,54.215947],[49.652056,54.215947],[49.652056,54.215947],[49.65214,54.217051],[49.65214,54.217052],[49.65214,54.217053],[49.652156,54.217119],[49.652236,54.217889],[49.652236,54.217889],[49.652236,54.217889],[49.652276,54.218255],[49.651662,54.218235],[49.65045,54.218158],[49.650449,54.218158],[49.648635,54.218082],[49.648635,54.218082],[49.648635,54.218082],[49.646155,54.217979],[49.646146,54.217979],[49.646138,54.217981],[49.646131,54.217984],[49.646125,54.217989],[49.646122,54.217993],[49.645912,54.218649],[49.645228,54.218497],[49.64562,54.217933],[49.645866,54.217299],[49.645906,54.217195],[49.646035,54.216818],[49.646252,54.216314],[49.646252,54.216314],[49.646263,54.216313],[49.646268,54.216312],[49.646458,54.216279],[49.646466,54.216279],[49.646612,54.216285],[49.646622,54.216284],[49.646631,54.216282],[49.646638,54.216278],[49.646643,54.216274],[49.646645,54.216268],[49.646644,54.216262],[49.646642,54.216259],[49.646795,54.216218],[49.647561,54.215014]]]}},{"type":"Feature","id":"449","properties":{"id":"449","city":"dimitrovgrad","baseScore":33.59676452044223,"baseScoreNoCommerce":null,"baseRank":107,"population":106,"populationField":"pop_sum","pop_sum":106,"blocks":{"housing":0.8920759765664595,"infra":0.3022502304543796,"transport":0,"work":0.1457055214723927,"green":0.5891686290754854,"commerce":0.0866055136578162},"compare":{"city":{"score":33.59676452044223,"rank":107,"blocks":{"housing":0.8920759765664595,"infra":0.3022502304543796,"transport":0,"work":0.1457055214723927,"green":0.5891686290754854,"commerce":0.0866055136578162}},"all":{"score":34.15032895884311,"rank":648,"blocks":{"housing":1,"infra":0.30674067156452683,"transport":0.010646410477839102,"work":0.05865102639296201,"green":0.5891686290754854,"commerce":0.0866055136578162}}},"indicators":[{"label":"Жильё: плотность","value":23.89762546246421},{"label":"Жильё: обеспеченность","value":55.952},{"label":"Жильё: износ","value":0},{"label":"Жильё: этажность","value":4},{"label":"Коммерческая инфраструктура: разнообразие","value":0},{"label":"Транспорт: доступность","value":23.585},{"label":"Крупные работодатели: обеспеченность","value":0.019},{"label":"Крупные работодатели: плотность","value":0},{"label":"Зелёные зоны: доступность","value":100},{"label":"Зелёные зоны: покрытие квартала зеленью","value":35.053},{"label":"Зелёные зоны: температура поверхности","value":35.65645892803486},{"label":"Экономика: активность ФНС","value":4},{"label":"Экономика: ККТ","value":0.016},{"label":"Экономика: медианный чек","value":0}]},"geometry":{"type":"Polygon","coordinates":[[[49.624186,54.225409],[49.623957,54.225464],[49.623592,54.22506],[49.62437,54.224805],[49.625485,54.224463],[49.625743,54.224447],[49.626,54.224438],[49.628044,54.224964],[49.628045,54.224964],[49.628046,54.224964],[49.629703,54.225324],[49.631305,54.225687],[49.63257,54.225977],[49.632577,54.225978],[49.632853,54.226],[49.63286,54.226],[49.633026,54.225991],[49.633008,54.226626],[49.631397,54.2263],[49.631355,54.226347],[49.630839,54.226227],[49.630956,54.226024],[49.62748,54.225199],[49.627209,54.225558],[49.626186,54.225308],[49.625299,54.225065],[49.624597,54.22504],[49.624483,54.225256],[49.624186,54.225409]]]}},{"type":"Feature","id":"455","properties":{"id":"455","city":"dimitrovgrad","baseScore":37.78434461077659,"baseScoreNoCommerce":null,"baseRank":88,"population":935,"populationField":"pop_sum","pop_sum":935,"blocks":{"housing":0.25825156093020124,"infra":0.3679811821678309,"transport":0.95297776820404,"work":0,"green":0.5199260827578369,"commerce":0.16792408258668665},"compare":{"city":{"score":37.78434461077659,"rank":88,"blocks":{"housing":0.25825156093020124,"infra":0.3679811821678309,"transport":0.95297776820404,"work":0,"green":0.5199260827578369,"commerce":0.16792408258668665}},"all":{"score":42.56880183445879,"rank":425,"blocks":{"housing":0.5651306883354466,"infra":0.3576929601264428,"transport":0.9536493378199392,"work":0,"green":0.5199260827578369,"commerce":0.16792408258668665}}},"indicators":[{"label":"Жильё: плотность","value":23.188102174692382},{"label":"Жильё: обеспеченность","value":41.032},{"label":"Жильё: износ","value":44.524},{"label":"Жильё: этажность","value":4},{"label":"Коммерческая инфраструктура: разнообразие","value":0.20833333333333334},{"label":"Транспорт: доступность","value":96.42},{"label":"Зелёные зоны: доступность","value":100},{"label":"Зелёные зоны: покрытие квартала зеленью","value":17.34},{"label":"Зелёные зоны: температура поверхности","value":35.883236729146866},{"label":"Экономика: активность ФНС","value":4.54},{"label":"Экономика: ККТ","value":2.176},{"label":"Экономика: медианный чек","value":0}]},"geometry":{"type":"Polygon","coordinates":[[[49.624103,54.233699],[49.622765,54.23376],[49.620998,54.233859],[49.62099,54.233785],[49.620962,54.233086],[49.620962,54.233086],[49.620962,54.233086],[49.620928,54.232433],[49.620928,54.232433],[49.620839,54.23108],[49.620833,54.230989],[49.620833,54.230988],[49.620833,54.230988],[49.620777,54.230562],[49.620777,54.230562],[49.620547,54.228892],[49.620749,54.228817],[49.621395,54.228772],[49.622127,54.228765],[49.622127,54.228765],[49.622127,54.228765],[49.623528,54.228739],[49.623529,54.228739],[49.62353,54.228739],[49.624846,54.228678],[49.624846,54.228678],[49.624846,54.228678],[49.626158,54.228608],[49.627492,54.228554],[49.627681,54.230081],[49.627754,54.230667],[49.627764,54.230772],[49.627764,54.230773],[49.627848,54.231309],[49.628073,54.232743],[49.628169,54.233504],[49.628169,54.233504],[49.626907,54.233557],[49.626784,54.233563],[49.625485,54.233634],[49.624103,54.233699]]]}},{"type":"Feature","id":"466","properties":{"id":"466","city":"dimitrovgrad","baseScore":49.44267208871821,"baseScoreNoCommerce":null,"baseRank":50,"population":24,"populationField":"pop_sum","pop_sum":24,"blocks":{"housing":0.43797963808707574,"infra":0.5,"transport":1,"work":0,"green":0.5552160276165785,"commerce":0.47336465961943824},"compare":{"city":{"score":49.44267208871821,"rank":50,"blocks":{"housing":0.43797963808707574,"infra":0.5,"transport":1,"work":0,"green":0.5552160276165785,"commerce":0.47336465961943824}},"all":{"score":52.892210022728854,"rank":221,"blocks":{"housing":0.6810841473358714,"infra":0.5,"transport":1,"work":0,"green":0.5552160276165785,"commerce":0.47336465961943824}}},"indicators":[{"label":"Жильё: плотность","value":33.963603470401004},{"label":"Жильё: обеспеченность","value":35.092},{"label":"Жильё: износ","value":19},{"label":"Жильё: этажность","value":4},{"label":"Коммерческая инфраструктура: разнообразие","value":0},{"label":"Коммерческая инфраструктура: полнота корзины","value":100},{"label":"Транспорт: доступность","value":100},{"label":"Зелёные зоны: доступность","value":100},{"label":"Зелёные зоны: покрытие квартала зеленью","value":48.514},{"label":"Зелёные зоны: температура поверхности","value":37.409066336495535},{"label":"Экономика: активность ФНС","value":7},{"label":"Экономика: ККТ","value":0.73},{"label":"Экономика: медианный чек","value":474}]},"geometry":{"type":"Polygon","coordinates":[[[49.615174,54.224292],[49.615287,54.224368],[49.616105,54.22471],[49.615854,54.224918],[49.615403,54.225284],[49.615402,54.225284],[49.615304,54.225369],[49.614305,54.224951],[49.615174,54.224292]]]}},{"type":"Feature","id":"470","properties":{"id":"470","city":"dimitrovgrad","baseScore":53.55307434654995,"baseScoreNoCommerce":null,"baseRank":34,"population":83,"populationField":"pop_sum","pop_sum":83,"blocks":{"housing":0.985546613691189,"infra":0.49788358655573034,"transport":0.7626296723417334,"work":0,"green":0.5255858176876652,"commerce":0.44153877051667834},"compare":{"city":{"score":53.55307434654995,"rank":34,"blocks":{"housing":0.985546613691189,"infra":0.49788358655573034,"transport":0.7626296723417334,"work":0,"green":0.5255858176876652,"commerce":0.44153877051667834}},"all":{"score":53.175501180873745,"rank":216,"blocks":{"housing":1,"infra":0.497836131206556,"transport":0.7660197857770793,"work":0,"green":0.5255858176876652,"commerce":0.44153877051667834}}},"indicators":[{"label":"Жильё: плотность","value":4.028506401900949},{"label":"Жильё: обеспеченность","value":63.9},{"label":"Коммерческая инфраструктура: разнообразие","value":0.041666666666666664},{"label":"Коммерческая инфраструктура: полнота корзины","value":100},{"label":"Транспорт: доступность","value":81.928},{"label":"Зелёные зоны: доступность","value":100},{"label":"Зелёные зоны: покрытие квартала зеленью","value":45.304},{"label":"Зелёные зоны: температура поверхности","value":37.829976399739586},{"label":"Экономика: активность ФНС","value":7.026},{"label":"Экономика: ККТ","value":1.877},{"label":"Экономика: медианный чек","value":195.305}]},"geometry":{"type":"Polygon","coordinates":[[[49.610243,54.226935],[49.61109,54.227455],[49.611695,54.227807],[49.611408,54.227975],[49.611408,54.227976],[49.611407,54.227976],[49.611095,54.22817],[49.610762,54.228365],[49.610762,54.228365],[49.610368,54.228601],[49.610368,54.228601],[49.610228,54.228685],[49.610228,54.228685],[49.610228,54.228685],[49.609497,54.229127],[49.609493,54.229129],[49.609287,54.229042],[49.608757,54.22882],[49.608236,54.228625],[49.60789,54.228504],[49.607797,54.228434],[49.607752,54.228317],[49.607753,54.228305],[49.607758,54.228252],[49.607761,54.228213],[49.607837,54.228109],[49.608099,54.227888],[49.60831,54.227705],[49.607781,54.227442],[49.607421,54.227325],[49.607416,54.22722],[49.607479,54.227162],[49.607487,54.226975],[49.607611,54.226923],[49.607943,54.227049],[49.607985,54.227084],[49.60809,54.227089],[49.608256,54.227028],[49.608291,54.226984],[49.608298,54.226976],[49.608292,54.226933],[49.608291,54.226931],[49.608256,54.226824],[49.608423,54.226655],[49.608915,54.226521],[49.609039,54.226367],[49.609315,54.2261],[49.609792,54.225989],[49.610193,54.226257],[49.610553,54.226305],[49.61049,54.226592],[49.610458,54.226754],[49.610466,54.22682],[49.610243,54.226935]]]}},{"type":"Feature","id":"475","properties":{"id":"475","city":"dimitrovgrad","baseScore":48.32249985050448,"baseScoreNoCommerce":null,"baseRank":54,"population":168,"populationField":"pop_sum","pop_sum":168,"blocks":{"housing":0.3864557783138395,"infra":0.3111931079748455,"transport":1,"work":0.49846625766871194,"green":0.5643757860703801,"commerce":0.13885906100249207},"compare":{"city":{"score":48.32249985050448,"rank":54,"blocks":{"housing":0.3864557783138395,"infra":0.3111931079748455,"transport":1,"work":0.49846625766871194,"green":0.5643757860703801,"commerce":0.13885906100249207}},"all":{"score":48.576560466635236,"rank":312,"blocks":{"housing":0.6880904428710835,"infra":0.3350448683927138,"transport":1,"work":0.200648248186449,"green":0.5643757860703801,"commerce":0.13885906100249207}}},"indicators":[{"label":"Жильё: плотность","value":9.036389370562956},{"label":"Жильё: обеспеченность","value":40.257},{"label":"Коммерческая инфраструктура: разнообразие","value":0},{"label":"Коммерческая инфраструктура: полнота корзины","value":51.163},{"label":"Транспорт: доступность","value":100},{"label":"Крупные работодатели: обеспеченность","value":0.065},{"label":"Крупные работодатели: плотность","value":0},{"label":"Зелёные зоны: доступность","value":100},{"label":"Зелёные зоны: покрытие квартала зеленью","value":42.934},{"label":"Зелёные зоны: температура поверхности","value":36.791832733154294},{"label":"Экономика: активность ФНС","value":3.936},{"label":"Экономика: ККТ","value":0.753},{"label":"Экономика: медианный чек","value":0}]},"geometry":{"type":"Polygon","coordinates":[[[49.610228,54.225309],[49.609966,54.225172],[49.609221,54.224692],[49.609374,54.224614],[49.609374,54.224614],[49.609374,54.224614],[49.610398,54.224047],[49.610893,54.223774],[49.611149,54.223632],[49.611152,54.22363],[49.611237,54.22357],[49.611459,54.223424],[49.611459,54.223424],[49.61146,54.223424],[49.611656,54.223291],[49.611657,54.22329],[49.611845,54.223145],[49.612085,54.222994],[49.612086,54.222994],[49.612087,54.222993],[49.612258,54.222863],[49.612591,54.222612],[49.612592,54.222611],[49.612593,54.22261],[49.612644,54.222563],[49.612701,54.22251],[49.612704,54.222506],[49.612848,54.222262],[49.612849,54.222261],[49.612961,54.221976],[49.612962,54.221974],[49.613006,54.22171],[49.613111,54.221082],[49.613129,54.220978],[49.61325,54.220271],[49.61325,54.22027],[49.61325,54.22027],[49.61326,54.220191],[49.613274,54.220124],[49.613285,54.220081],[49.613285,54.220081],[49.613306,54.219987],[49.613348,54.219882],[49.613408,54.219783],[49.613452,54.219824],[49.613455,54.219826],[49.613573,54.219909],[49.61358,54.219913],[49.613746,54.219977],[49.613749,54.219978],[49.614034,54.220058],[49.614043,54.22006],[49.614214,54.220074],[49.614219,54.220074],[49.614412,54.220068],[49.614537,54.220074],[49.614653,54.220079],[49.614867,54.220114],[49.615031,54.220156],[49.615042,54.220157],[49.615251,54.22016],[49.615255,54.22016],[49.615547,54.22014],[49.615768,54.220143],[49.615769,54.220143],[49.616039,54.220138],[49.616271,54.220138],[49.616274,54.220137],[49.616478,54.220124],[49.616484,54.220123],[49.616683,54.220087],[49.616688,54.220086],[49.616757,54.220066],[49.616882,54.220068],[49.616884,54.220068],[49.617001,54.220065],[49.617006,54.220064],[49.6171,54.220054],[49.617219,54.220078],[49.61722,54.220078],[49.617405,54.220115],[49.61741,54.220116],[49.617663,54.220141],[49.617664,54.220141],[49.617892,54.220161],[49.618039,54.220211],[49.618039,54.220211],[49.618207,54.220267],[49.618351,54.22034],[49.618634,54.220485],[49.618642,54.220488],[49.618651,54.22049],[49.618661,54.220489],[49.61867,54.220487],[49.618674,54.220485],[49.618769,54.220544],[49.618807,54.220554],[49.618474,54.220749],[49.618361,54.220874],[49.618245,54.221025],[49.617387,54.220865],[49.616489,54.220639],[49.616027,54.220638],[49.616023,54.2209],[49.616539,54.220895],[49.616817,54.220882],[49.61681,54.221206],[49.616018,54.221228],[49.615635,54.22123],[49.61553,54.221475],[49.615292,54.221489],[49.615146,54.222419],[49.614838,54.222432],[49.614557,54.222398],[49.614473,54.222439],[49.614376,54.222538],[49.614011,54.222428],[49.613382,54.223048],[49.613136,54.222975],[49.61298,54.223085],[49.612399,54.223497],[49.61239,54.223503],[49.612399,54.223497],[49.612432,54.223509],[49.612418,54.223515],[49.61239,54.223503],[49.612316,54.223555],[49.611978,54.223706],[49.611909,54.223737],[49.611998,54.223779],[49.612241,54.223892],[49.612155,54.223956],[49.612124,54.223975],[49.61207,54.224008],[49.61208,54.22404],[49.612106,54.224128],[49.612069,54.224159],[49.611724,54.224449],[49.611722,54.224891],[49.611653,54.225062],[49.611274,54.225226],[49.610708,54.225278],[49.610457,54.225228],[49.610228,54.225309]]]}},{"type":"Feature","id":"476","properties":{"id":"476","city":"dimitrovgrad","baseScore":50.151385289234895,"baseScoreNoCommerce":null,"baseRank":48,"population":488,"populationField":"pop_sum","pop_sum":488,"blocks":{"housing":0.1785976833602961,"infra":0.6071277747867534,"transport":1,"work":0,"green":0.43879720034705605,"commerce":0.784560458859988},"compare":{"city":{"score":50.151385289234895,"rank":48,"blocks":{"housing":0.1785976833602961,"infra":0.6071277747867534,"transport":1,"work":0,"green":0.43879720034705605,"commerce":0.784560458859988}},"all":{"score":52.29727230772579,"rank":233,"blocks":{"housing":0.4982549651712884,"infra":0.6093227808297824,"transport":1,"work":0,"green":0.43879720034705605,"commerce":0.784560458859988}}},"indicators":[{"label":"Жильё: плотность","value":133.15983262027333},{"label":"Жильё: обеспеченность","value":33.712},{"label":"Жильё: износ","value":43.21399176954733},{"label":"Жильё: этажность","value":4.666667},{"label":"Коммерческая инфраструктура: разнообразие","value":0.16666666666666666},{"label":"Коммерческая инфраструктура: полнота корзины","value":100},{"label":"Транспорт: доступность","value":100},{"label":"Зелёные зоны: доступность","value":100},{"label":"Зелёные зоны: покрытие квартала зеленью","value":29.34},{"label":"Зелёные зоны: температура поверхности","value":38.576517244664636},{"label":"Экономика: активность ФНС","value":8.889},{"label":"Экономика: ККТ","value":5.278},{"label":"Экономика: медианный чек","value":231.923}]},"geometry":{"type":"Polygon","coordinates":[[[49.619053,54.220337],[49.618769,54.220544],[49.618674,54.220485],[49.618677,54.220484],[49.618682,54.220479],[49.618685,54.220473],[49.618684,54.220468],[49.61868,54.220463],[49.618674,54.220458],[49.618391,54.220313],[49.618391,54.220313],[49.618245,54.220239],[49.61824,54.220236],[49.618069,54.220179],[49.617918,54.220128],[49.617907,54.220126],[49.617673,54.220106],[49.617422,54.220081],[49.617239,54.220044],[49.617113,54.220018],[49.61711,54.220018],[49.617106,54.220017],[49.617105,54.220018],[49.617103,54.220017],[49.6171,54.220018],[49.617097,54.220018],[49.616997,54.220029],[49.616883,54.220032],[49.616751,54.22003],[49.616748,54.22003],[49.616745,54.22003],[49.616743,54.22003],[49.616741,54.22003],[49.616739,54.220031],[49.616736,54.220031],[49.616662,54.220053],[49.616468,54.220088],[49.616269,54.220102],[49.616039,54.220102],[49.616037,54.220102],[49.615768,54.220107],[49.615546,54.220104],[49.615542,54.220105],[49.61525,54.220124],[49.615049,54.220121],[49.614889,54.220081],[49.614885,54.22008],[49.614667,54.220044],[49.614661,54.220043],[49.614542,54.220038],[49.614542,54.220038],[49.614415,54.220032],[49.614411,54.220032],[49.614219,54.220038],[49.614056,54.220025],[49.613778,54.219946],[49.613617,54.219884],[49.613503,54.219804],[49.613438,54.219743],[49.613549,54.219599],[49.613763,54.219322],[49.61381,54.219261],[49.613924,54.219151],[49.614053,54.219056],[49.614213,54.218987],[49.614386,54.218971],[49.614605,54.218975],[49.614697,54.218983],[49.616462,54.219212],[49.616994,54.219283],[49.616995,54.219283],[49.617235,54.219309],[49.618687,54.219479],[49.618687,54.219479],[49.618687,54.219479],[49.619077,54.219525],[49.619077,54.219525],[49.619413,54.219559],[49.619053,54.220337]]]}},{"type":"Feature","id":"484","properties":{"id":"484","city":"dimitrovgrad","baseScore":45.95465559165813,"baseScoreNoCommerce":null,"baseRank":64,"population":6,"populationField":"pop_sum","pop_sum":6,"blocks":{"housing":0.34320204333988796,"infra":0.5,"transport":1,"work":0,"green":0.49793645469939085,"commerce":0.4161408374602091},"compare":{"city":{"score":45.95465559165813,"rank":64,"blocks":{"housing":0.34320204333988796,"infra":0.5,"transport":1,"work":0,"green":0.49793645469939085,"commerce":0.4161408374602091}},"all":{"score":50.57798713011524,"rank":273,"blocks":{"housing":0.6526482984863899,"infra":0.5,"transport":1,"work":0,"green":0.49793645469939085,"commerce":0.4161408374602091}}},"indicators":[{"label":"Жильё: плотность","value":19.800444519979475},{"label":"Жильё: обеспеченность","value":38.55},{"label":"Коммерческая инфраструктура: разнообразие","value":0},{"label":"Коммерческая инфраструктура: полнота корзины","value":100},{"label":"Транспорт: доступность","value":100},{"label":"Зелёные зоны: доступность","value":100},{"label":"Зелёные зоны: покрытие квартала зеленью","value":25.157},{"label":"Зелёные зоны: температура поверхности","value":36.9515380859375},{"label":"Экономика: активность ФНС","value":9},{"label":"Экономика: ККТ","value":0.035},{"label":"Экономика: медианный чек","value":261}]},"geometry":{"type":"Polygon","coordinates":[[[49.61991,54.220358],[49.620492,54.220542],[49.61994,54.221052],[49.619258,54.220801],[49.619331,54.220737],[49.619713,54.220554],[49.61991,54.220358]]]}},{"type":"Feature","id":"509","properties":{"id":"509","city":"dimitrovgrad","baseScore":33.99146347493255,"baseScoreNoCommerce":null,"baseRank":106,"population":615,"populationField":"pop_sum","pop_sum":615,"blocks":{"housing":0.2719233342117536,"infra":0.4850187013067451,"transport":0.088044531892369,"work":0.023006134969325166,"green":0.6064464517502131,"commerce":0.5650486543655472},"compare":{"city":{"score":33.99146347493255,"rank":106,"blocks":{"housing":0.2719233342117536,"infra":0.4850187013067451,"transport":0.088044531892369,"work":0.023006134969325166,"green":0.6064464517502131,"commerce":0.5650486543655472}},"all":{"score":38.71542859083415,"rank":528,"blocks":{"housing":0.594242468284783,"infra":0.48610377963116574,"transport":0.10106904306597977,"work":0.9260688377836107,"green":0.6073829913872433,"commerce":0.5650486543655472}}},"indicators":[{"label":"Жильё: плотность","value":17.71588290252351},{"label":"Жильё: обеспеченность","value":35.737},{"label":"Коммерческая инфраструктура: разнообразие","value":0},{"label":"Коммерческая инфраструктура: полнота корзины","value":99.675},{"label":"Транспорт: доступность","value":30.569},{"label":"Крупные работодатели: обеспеченность","value":0.003},{"label":"Крупные работодатели: плотность","value":0},{"label":"Зелёные зоны: доступность","value":96.423},{"label":"Зелёные зоны: покрытие квартала зеленью","value":46.485},{"label":"Зелёные зоны: температура поверхности","value":35.822127114241376},{"label":"Экономика: активность ФНС","value":9.231},{"label":"Экономика: ККТ","value":9.315},{"label":"Экономика: медианный чек","value":359.44}]},"geometry":{"type":"MultiPolygon","coordinates":[[[[49.612133,54.216725],[49.611282,54.21671],[49.611249,54.216973],[49.610854,54.217089],[49.609826,54.217062],[49.610026,54.216461],[49.610414,54.215883],[49.610573,54.215805],[49.611031,54.215142],[49.611172,54.214938],[49.611552,54.21439],[49.611762,54.214206],[49.611763,54.214205],[49.611764,54.214205],[49.61182,54.214145],[49.612957,54.212932],[49.61353,54.212351],[49.613612,54.212279],[49.613677,54.212223],[49.613678,54.212222],[49.614573,54.211373],[49.615195,54.210784],[49.615195,54.210784],[49.615934,54.210083],[49.615935,54.210082],[49.616059,54.209939],[49.616183,54.209839],[49.616395,54.209949],[49.616395,54.209949],[49.616395,54.209949],[49.616587,54.210047],[49.617058,54.21029],[49.617058,54.21029],[49.617059,54.21029],[49.61705,54.210297],[49.617658,54.210603],[49.617978,54.210803],[49.618269,54.210999],[49.618269,54.210999],[49.618269,54.210999],[49.618989,54.211484],[49.61899,54.211484],[49.61899,54.211484],[49.619936,54.212095],[49.619938,54.212096],[49.619939,54.212097],[49.620763,54.212496],[49.620694,54.212645],[49.62075,54.212701],[49.620503,54.212734],[49.620263,54.212792],[49.620013,54.212972],[49.619731,54.213163],[49.619342,54.213332],[49.619009,54.213556],[49.618687,54.213791],[49.618433,54.213893],[49.618151,54.213903],[49.618055,54.213975],[49.617934,54.214129],[49.617901,54.214171],[49.617878,54.214201],[49.617874,54.214204],[49.617875,54.214205],[49.61784,54.214249],[49.617654,54.21451],[49.61753,54.214665],[49.617496,54.214791],[49.617467,54.214943],[49.617518,54.215055],[49.617546,54.215144],[49.617665,54.2152],[49.617841,54.215231],[49.617913,54.215243],[49.618151,54.215276],[49.618337,54.215322],[49.618405,54.215388],[49.618447,54.215479],[49.618461,54.21551],[49.618478,54.215636],[49.618546,54.215695],[49.618698,54.215725],[49.61879,54.215722],[49.618918,54.215718],[49.619206,54.215715],[49.619291,54.215821],[49.619392,54.215834],[49.619394,54.215857],[49.619404,54.216012],[49.619332,54.216225],[49.61933,54.21623],[49.619223,54.216372],[49.618352,54.216504],[49.618096,54.216193],[49.617218,54.215869],[49.616903,54.215775],[49.616718,54.215747],[49.616652,54.215736],[49.616469,54.215708],[49.615229,54.215717],[49.615015,54.215768],[49.613442,54.216158],[49.613441,54.216156],[49.613435,54.216152],[49.613427,54.216149],[49.613418,54.216147],[49.613408,54.216147],[49.613399,54.216149],[49.613392,54.216153],[49.613386,54.216157],[49.613384,54.216163],[49.613377,54.216192],[49.613305,54.216245],[49.613174,54.216306],[49.613042,54.216322],[49.613016,54.216312],[49.613007,54.216309],[49.612997,54.216309],[49.612988,54.21631],[49.61298,54.216313],[49.612973,54.216317],[49.612969,54.216322],[49.612968,54.216328],[49.61297,54.216333],[49.612975,54.216338],[49.612982,54.216342],[49.613123,54.216396],[49.613257,54.216482],[49.613349,54.216598],[49.61334,54.216746],[49.613337,54.21675],[49.612347,54.216742],[49.612133,54.216725]]],[[[49.616398,54.209873],[49.616646,54.21],[49.616624,54.210019],[49.616436,54.209922],[49.616217,54.209809],[49.616263,54.209804],[49.616398,54.209873]]]]}},{"type":"Feature","id":"527","properties":{"id":"527","city":"dimitrovgrad","baseScore":53.06880340994311,"baseScoreNoCommerce":null,"baseRank":40,"population":4,"populationField":"pop_sum","pop_sum":4,"blocks":{"housing":0.18610001824410638,"infra":0.5,"transport":1,"work":0,"green":0.6558514822061435,"commerce":0.842176704146336},"compare":{"city":{"score":53.06880340994311,"rank":40,"blocks":{"housing":0.18610001824410638,"infra":0.5,"transport":1,"work":0,"green":0.6558514822061435,"commerce":0.842176704146336}},"all":{"score":56.98479228148528,"rank":158,"blocks":{"housing":0.5239187758237651,"infra":0.5,"transport":1,"work":0,"green":0.6558514822061435,"commerce":0.842176704146336}}},"indicators":[{"label":"Жильё: плотность","value":8.141068433821255},{"label":"Жильё: обеспеченность","value":32.35},{"label":"Коммерческая инфраструктура: разнообразие","value":0},{"label":"Коммерческая инфраструктура: полнота корзины","value":100},{"label":"Транспорт: доступность","value":100},{"label":"Зелёные зоны: доступность","value":100},{"label":"Зелёные зоны: покрытие квартала зеленью","value":69.557},{"label":"Зелёные зоны: температура поверхности","value":36.7310791015625},{"label":"Экономика: активность ФНС","value":9},{"label":"Экономика: ККТ","value":2.169},{"label":"Экономика: медианный чек","value":270}]},"geometry":{"type":"Polygon","coordinates":[[[49.620598,54.218055],[49.620598,54.218055],[49.620555,54.21796],[49.620524,54.217914],[49.620426,54.217768],[49.620371,54.21765],[49.620466,54.217557],[49.620734,54.217409],[49.6215,54.21738],[49.621565,54.217723],[49.621595,54.218018],[49.620598,54.218055]]]}},{"type":"Feature","id":"536","properties":{"id":"536","city":"dimitrovgrad","baseScore":23.766473483640933,"baseScoreNoCommerce":null,"baseRank":132,"population":93,"populationField":"pop_sum","pop_sum":93,"blocks":{"housing":0.32394437574750184,"infra":0.3994225692244243,"transport":0,"work":0,"green":0.350852195445264,"commerce":0.3517692686012657},"compare":{"city":{"score":23.766473483640933,"rank":132,"blocks":{"housing":0.32394437574750184,"infra":0.3994225692244243,"transport":0,"work":0,"green":0.350852195445264,"commerce":0.3517692686012657}},"all":{"score":28.773584078041495,"rank":739,"blocks":{"housing":0.6368685505471005,"infra":0.4124142572693414,"transport":0,"work":0,"green":0.350852195445264,"commerce":0.3517692686012657}}},"indicators":[{"label":"Жильё: плотность","value":15.743730816112619},{"label":"Жильё: обеспеченность","value":37.79},{"label":"Коммерческая инфраструктура: разнообразие","value":0},{"label":"Коммерческая инфраструктура: полнота корзины","value":74.194},{"label":"Транспорт: доступность","value":19.355},{"label":"Зелёные зоны: доступность","value":2.151},{"label":"Зелёные зоны: покрытие квартала зеленью","value":54.911},{"label":"Зелёные зоны: температура поверхности","value":35.01557173295455},{"label":"Экономика: активность ФНС","value":4.246},{"label":"Экономика: ККТ","value":1.528},{"label":"Экономика: медианный чек","value":179.777}]},"geometry":{"type":"Polygon","coordinates":[[[49.620133,54.211007],[49.620287,54.211217],[49.620387,54.211296],[49.619464,54.211737],[49.619035,54.21146],[49.618315,54.210976],[49.618315,54.210976],[49.618315,54.210976],[49.618302,54.210967],[49.618319,54.210935],[49.618364,54.210851],[49.618443,54.210722],[49.618426,54.210561],[49.618026,54.209083],[49.617921,54.208788],[49.617935,54.208718],[49.618884,54.208411],[49.619019,54.208398],[49.61912,54.208384],[49.619744,54.208238],[49.620347,54.208121],[49.620651,54.208071],[49.621331,54.207919],[49.62148,54.208049],[49.621483,54.20806],[49.621511,54.208173],[49.621557,54.208292],[49.621534,54.208421],[49.621521,54.208556],[49.621457,54.208635],[49.621204,54.208759],[49.620699,54.208955],[49.620432,54.209066],[49.620355,54.209123],[49.620202,54.209237],[49.620012,54.209462],[49.619922,54.209678],[49.619865,54.20986],[49.619851,54.210091],[49.619886,54.210266],[49.619891,54.210294],[49.619901,54.210343],[49.620006,54.210632],[49.620133,54.211007]]]}},{"type":"Feature","id":"537","properties":{"id":"537","city":"dimitrovgrad","baseScore":37.76011202083582,"baseScoreNoCommerce":null,"baseRank":90,"population":371,"populationField":"pop_sum","pop_sum":371,"blocks":{"housing":0.257480083517464,"infra":0.3180289777462315,"transport":0.7734132623709187,"work":0.03834355828220861,"green":0.4878922827819783,"commerce":0.3904485565513483},"compare":{"city":{"score":37.76011202083582,"rank":90,"blocks":{"housing":0.257480083517464,"infra":0.3180289777462315,"transport":0.7734132623709187,"work":0.03834355828220861,"green":0.4878922827819783,"commerce":0.3904485565513483}},"all":{"score":43.09816682050094,"rank":406,"blocks":{"housing":0.5824076573303159,"infra":0.34298760158622715,"transport":0.7766493650088752,"work":0.015434480629726846,"green":0.5001717653027264,"commerce":0.3904485565513483}}},"indicators":[{"label":"Жильё: плотность","value":20.873350424465794},{"label":"Жильё: обеспеченность","value":35.167},{"label":"Коммерческая инфраструктура: разнообразие","value":0},{"label":"Коммерческая инфраструктура: полнота корзины","value":46.092},{"label":"Транспорт: доступность","value":82.749},{"label":"Крупные работодатели: обеспеченность","value":0.005},{"label":"Крупные работодатели: плотность","value":0},{"label":"Зелёные зоны: доступность","value":53.1},{"label":"Зелёные зоны: покрытие квартала зеленью","value":46.915},{"label":"Зелёные зоны: температура поверхности","value":34.88735675284876},{"label":"Экономика: активность ФНС","value":6.636},{"label":"Экономика: ККТ","value":2.495},{"label":"Экономика: медианный чек","value":125.916}]},"geometry":{"type":"Polygon","coordinates":[[[49.623754,54.21174],[49.623727,54.211786],[49.623463,54.211774],[49.623474,54.211674],[49.623242,54.211339],[49.622963,54.211265],[49.622961,54.211269],[49.622916,54.21136],[49.62257,54.211859],[49.622492,54.211979],[49.622438,54.212115],[49.622361,54.212212],[49.622112,54.212119],[49.621709,54.211942],[49.621455,54.211843],[49.621325,54.211718],[49.6213,54.211694],[49.621269,54.211676],[49.62106,54.211554],[49.620771,54.211389],[49.620453,54.211224],[49.620347,54.211105],[49.620329,54.211104],[49.620329,54.211085],[49.620277,54.211026],[49.620164,54.210824],[49.620156,54.210785],[49.620147,54.210739],[49.620123,54.210619],[49.620121,54.210612],[49.620115,54.21058],[49.620065,54.210316],[49.619981,54.210064],[49.619988,54.209829],[49.620023,54.209627],[49.620143,54.209462],[49.620333,54.209243],[49.620658,54.209041],[49.620983,54.208913],[49.621335,54.208822],[49.621409,54.208779],[49.621418,54.208774],[49.621547,54.208698],[49.621653,54.208579],[49.621653,54.208414],[49.621674,54.208298],[49.621625,54.208096],[49.621593,54.208039],[49.62154,54.207943],[49.621428,54.207897],[49.621524,54.207876],[49.621648,54.207848],[49.622358,54.207754],[49.622336,54.207663],[49.623465,54.207489],[49.624375,54.207403],[49.62556,54.207313],[49.627069,54.207322],[49.62701,54.207509],[49.626349,54.208729],[49.62634,54.208728],[49.626331,54.208729],[49.626322,54.208731],[49.626316,54.208736],[49.626311,54.208741],[49.625695,54.209951],[49.625693,54.209956],[49.625695,54.209962],[49.625699,54.209966],[49.625706,54.20997],[49.625714,54.209973],[49.625716,54.209973],[49.62518,54.211316],[49.625107,54.211422],[49.624967,54.211618],[49.624871,54.211748],[49.62406,54.211529],[49.623876,54.211767],[49.623754,54.21174]]]}},{"type":"Feature","id":"539","properties":{"id":"539","city":"dimitrovgrad","baseScore":43.56457006474235,"baseScoreNoCommerce":null,"baseRank":72,"population":6,"populationField":"pop_sum","pop_sum":6,"blocks":{"housing":1,"infra":0.5,"transport":0.562180990934429,"work":0,"green":0.5516932129501118,"commerce":0},"compare":{"city":{"score":43.56457006474235,"rank":72,"blocks":{"housing":1,"infra":0.5,"transport":0.562180990934429,"work":0,"green":0.5516932129501118,"commerce":0}},"all":{"score":43.81424086423764,"rank":393,"blocks":{"housing":1,"infra":0.5,"transport":0.5684339043441446,"work":0,"green":0.5604205475101139,"commerce":0}}},"indicators":[{"label":"Жильё: плотность","value":11.34073795315935},{"label":"Жильё: обеспеченность","value":77.917},{"label":"Коммерческая инфраструктура: разнообразие","value":0},{"label":"Коммерческая инфраструктура: полнота корзины","value":100},{"label":"Транспорт: доступность","value":66.667},{"label":"Зелёные зоны: доступность","value":66.667},{"label":"Зелёные зоны: покрытие квартала зеленью","value":41.163},{"label":"Зелёные зоны: температура поверхности","value":34.170648193359376}]},"geometry":{"type":"Polygon","coordinates":[[[49.621661,54.212881],[49.621546,54.212828],[49.62097,54.212549],[49.621494,54.211955],[49.621592,54.211975],[49.621844,54.21208],[49.621847,54.212081],[49.622206,54.212231],[49.622256,54.212252],[49.622369,54.212339],[49.622387,54.212421],[49.622288,54.2125],[49.622157,54.212582],[49.621942,54.212701],[49.621855,54.212762],[49.621829,54.21278],[49.621747,54.212829],[49.621661,54.212881]]]}},{"type":"Feature","id":"589","properties":{"id":"589","city":"dimitrovgrad","baseScore":25.768623120265488,"baseScoreNoCommerce":null,"baseRank":129,"population":254,"populationField":"pop_sum","pop_sum":254,"blocks":{"housing":0.24230200077030686,"infra":0.26470279827232374,"transport":null,"work":0.06134969325153378,"green":0.6482881640116119,"commerce":0.07178849970749797},"compare":{"city":{"score":25.768623120265488,"rank":129,"blocks":{"housing":0.24230200077030686,"infra":0.26470279827232374,"transport":null,"work":0.06134969325153378,"green":0.6482881640116119,"commerce":0.07178849970749797}},"all":{"score":32.17122153576299,"rank":698,"blocks":{"housing":0.5699707244150073,"infra":0.29659713488086287,"transport":null,"work":0.024695169007562953,"green":0.6482881640116119,"commerce":0.07178849970749797}}},"indicators":[{"label":"Жильё: плотность","value":17.483485965123432},{"label":"Жильё: обеспеченность","value":34.568},{"label":"Коммерческая инфраструктура: разнообразие","value":0},{"label":"Коммерческая инфраструктура: полнота корзины","value":43.307},{"label":"Крупные работодатели: обеспеченность","value":0.008},{"label":"Крупные работодатели: плотность","value":0},{"label":"Зелёные зоны: доступность","value":100},{"label":"Зелёные зоны: покрытие квартала зеленью","value":49.841},{"label":"Зелёные зоны: температура поверхности","value":35.43797497283247},{"label":"Экономика: активность ФНС","value":3},{"label":"Экономика: ККТ","value":0.132},{"label":"Экономика: медианный чек","value":0}]},"geometry":{"type":"Polygon","coordinates":[[[49.596169,54.233953],[49.597318,54.234047],[49.597165,54.234384],[49.59663,54.234908],[49.596536,54.235472],[49.596169,54.236694],[49.596075,54.237034],[49.596238,54.23742],[49.596194,54.23787],[49.59617,54.237995],[49.596615,54.238064],[49.596521,54.238425],[49.59582,54.238402],[49.594803,54.239557],[49.594671,54.240238],[49.592551,54.240116],[49.592647,54.239743],[49.592742,54.239318],[49.592742,54.239318],[49.592742,54.239318],[49.593236,54.237084],[49.593492,54.235959],[49.593492,54.235959],[49.593492,54.235959],[49.593852,54.234346],[49.593853,54.234344],[49.593862,54.234342],[49.595871,54.234463],[49.596169,54.233953]]]}},{"type":"Feature","id":"607","properties":{"id":"607","city":"dimitrovgrad","baseScore":61.338793518524575,"baseScoreNoCommerce":null,"baseRank":13,"population":22,"populationField":"pop_sum","pop_sum":22,"blocks":{"housing":0.9687012223551118,"infra":0.22222222222222224,"transport":1,"work":1,"green":0.4894041665341407,"commerce":0},"compare":{"city":{"score":61.338793518524575,"rank":13,"blocks":{"housing":0.9687012223551118,"infra":0.22222222222222224,"transport":1,"work":1,"green":0.4894041665341407,"commerce":0}},"all":{"score":61.860439812606046,"rank":97,"blocks":{"housing":1,"infra":0.22222222222222224,"transport":1,"work":1,"green":0.4894041665341407,"commerce":0}}},"indicators":[{"label":"Жильё: плотность","value":0.4688794180456215},{"label":"Жильё: обеспеченность","value":62},{"label":"Жильё: износ","value":0},{"label":"Жильё: этажность","value":2},{"label":"Коммерческая инфраструктура: разнообразие","value":0},{"label":"Транспорт: доступность","value":100},{"label":"Крупные работодатели: обеспеченность","value":0.681},{"label":"Крупные работодатели: плотность","value":0},{"label":"Зелёные зоны: покрытие квартала зеленью","value":39.287},{"label":"Зелёные зоны: температура поверхности","value":34.404174985556764}]},"geometry":{"type":"Polygon","coordinates":[[[49.593376,54.254476],[49.593366,54.254494],[49.593077,54.254421],[49.592823,54.25445],[49.592313,54.254369],[49.5922,54.254183],[49.591974,54.253965],[49.591867,54.253709],[49.591919,54.253625],[49.592037,54.253156],[49.591631,54.253085],[49.591781,54.252595],[49.591526,54.252402],[49.5912,54.252192],[49.591194,54.251765],[49.591307,54.251514],[49.591115,54.251421],[49.590744,54.251264],[49.591008,54.250924],[49.591613,54.250031],[49.591857,54.249877],[49.592274,54.249463],[49.594806,54.250024],[49.595419,54.250146],[49.595928,54.250269],[49.59592,54.250282],[49.595554,54.250838],[49.59525,54.251301],[49.594939,54.251772],[49.594913,54.251816],[49.594746,54.252101],[49.594445,54.252614],[49.594046,54.253294],[49.59385,54.253627],[49.593376,54.254476]]]}},{"type":"Feature","id":"612","properties":{"id":"612","city":"dimitrovgrad","baseScore":21.064457804763734,"baseScoreNoCommerce":null,"baseRank":135,"population":127,"populationField":"pop_sum","pop_sum":127,"blocks":{"housing":0.2840353935659123,"infra":0,"transport":null,"work":0,"green":0.7691874966722745,"commerce":0},"compare":{"city":{"score":21.064457804763734,"rank":135,"blocks":{"housing":0.2840353935659123,"infra":0,"transport":null,"work":0,"green":0.7691874966722745,"commerce":0}},"all":{"score":27.467091917956424,"rank":758,"blocks":{"housing":0.6041670992255467,"infra":0,"transport":null,"work":0,"green":0.7691874966722745,"commerce":0}}},"indicators":[{"label":"Жильё: плотность","value":1.5428870347906298},{"label":"Жильё: обеспеченность","value":36.215},{"label":"Коммерческая инфраструктура: разнообразие","value":0},{"label":"Зелёные зоны: покрытие квартала зеленью","value":74.579},{"label":"Зелёные зоны: температура поверхности","value":32.872590300324674}]},"geometry":{"type":"Polygon","coordinates":[[[49.688085,54.239898],[49.688076,54.239836],[49.687702,54.239585],[49.687948,54.239655],[49.68819,54.239686],[49.688274,54.239686],[49.688357,54.23967],[49.688412,54.239636],[49.688418,54.239601],[49.688383,54.23913],[49.688368,54.23898],[49.688326,54.238559],[49.688272,54.238245],[49.68815,54.23789],[49.688132,54.237759],[49.688131,54.237747],[49.688097,54.237503],[49.688115,54.237406],[49.688247,54.237209],[49.68834,54.237148],[49.688811,54.236841],[49.689044,54.23669],[49.689079,54.236635],[49.689163,54.236346],[49.689235,54.236204],[49.689359,54.236028],[49.689364,54.236019],[49.689381,54.235987],[49.689365,54.235938],[49.689333,54.23584],[49.689277,54.235608],[49.689274,54.235594],[49.689255,54.235513],[49.68925,54.235491],[49.689245,54.235471],[49.689221,54.23537],[49.689224,54.235224],[49.68916,54.235229],[49.689189,54.23519],[49.690474,54.235135],[49.690952,54.23584],[49.69166,54.235833],[49.691825,54.236509],[49.693953,54.236959],[49.694727,54.236834],[49.695394,54.237016],[49.695383,54.23794],[49.695013,54.238646],[49.695414,54.239551],[49.696115,54.240497],[49.695279,54.240544],[49.692084,54.240798],[49.692281,54.241238],[49.691369,54.241296],[49.691108,54.240627],[49.691058,54.240345],[49.691072,54.239969],[49.691073,54.239952],[49.688085,54.239898]]]}},{"type":"Feature","id":"617","properties":{"id":"617","city":"dimitrovgrad","baseScore":45.00353333333334,"baseScoreNoCommerce":null,"baseRank":68,"population":26,"populationField":"pop_sum","pop_sum":26,"blocks":{"housing":1,"infra":0.33333333333333337,"transport":null,"work":0,"green":0.9168433333333332,"commerce":0},"compare":{"city":{"score":45.00353333333334,"rank":68,"blocks":{"housing":1,"infra":0.33333333333333337,"transport":null,"work":0,"green":0.9168433333333332,"commerce":0}},"all":{"score":45.00353333333334,"rank":371,"blocks":{"housing":1,"infra":0.33333333333333337,"transport":null,"work":0,"green":0.9168433333333332,"commerce":0}}},"indicators":[{"label":"Жильё: плотность","value":7.291599973065952},{"label":"Жильё: обеспеченность","value":82.646},{"label":"Коммерческая инфраструктура: разнообразие","value":0},{"label":"Зелёные зоны: доступность","value":100},{"label":"Зелёные зоны: покрытие квартала зеленью","value":75.053},{"label":"Зелёные зоны: температура поверхности","value":31.204052734375}]},"geometry":{"type":"Polygon","coordinates":[[[49.587182,54.264389],[49.58759,54.263349],[49.588293,54.261555],[49.588422,54.261572],[49.589711,54.261763],[49.589609,54.262106],[49.58922,54.26341],[49.588914,54.264436],[49.5887,54.264958],[49.587182,54.264389]]]}},{"type":"Feature","id":"619","properties":{"id":"619","city":"dimitrovgrad","baseScore":36.804,"baseScoreNoCommerce":null,"baseRank":95,"population":4,"populationField":"pop_sum","pop_sum":4,"blocks":{"housing":1,"infra":0,"transport":null,"work":0,"green":0.8402,"commerce":0},"compare":{"city":{"score":36.804,"rank":95,"blocks":{"housing":1,"infra":0,"transport":null,"work":0,"green":0.8402,"commerce":0}},"all":{"score":36.804,"rank":585,"blocks":{"housing":1,"infra":0,"transport":null,"work":0,"green":0.8402,"commerce":0}}},"indicators":[{"label":"Жильё: плотность","value":26.186905107166638},{"label":"Жильё: обеспеченность","value":112.4},{"label":"Коммерческая инфраструктура: разнообразие","value":0},{"label":"Зелёные зоны: доступность","value":100},{"label":"Зелёные зоны: покрытие квартала зеленью","value":52.06},{"label":"Зелёные зоны: температура поверхности","value":30.293243408203125}]},"geometry":{"type":"Polygon","coordinates":[[[49.583633,54.265577],[49.583812,54.265619],[49.583898,54.265655],[49.583707,54.265919],[49.58358,54.265944],[49.583113,54.265854],[49.583087,54.265792],[49.583344,54.265558],[49.583633,54.265577]]]}},{"type":"Feature","id":"620","properties":{"id":"620","city":"dimitrovgrad","baseScore":31.590017890035348,"baseScoreNoCommerce":null,"baseRank":115,"population":7,"populationField":"pop_sum","pop_sum":7,"blocks":{"housing":0.2670075611684339,"infra":0.33333333333333337,"transport":null,"work":0,"green":0.9791599999999999,"commerce":0},"compare":{"city":{"score":31.590017890035348,"rank":115,"blocks":{"housing":0.2670075611684339,"infra":0.33333333333333337,"transport":null,"work":0,"green":0.9791599999999999,"commerce":0}},"all":{"score":38.054156266567006,"rank":545,"blocks":{"housing":0.5902144799950169,"infra":0.33333333333333337,"transport":null,"work":0,"green":0.9791599999999999,"commerce":0}}},"indicators":[{"label":"Жильё: плотность","value":3.324158497586732},{"label":"Жильё: обеспеченность","value":35.543},{"label":"Коммерческая инфраструктура: разнообразие","value":0},{"label":"Зелёные зоны: доступность","value":100},{"label":"Зелёные зоны: покрытие квартала зеленью","value":93.748},{"label":"Зелёные зоны: температура поверхности","value":28.8519770304362}]},"geometry":{"type":"Polygon","coordinates":[[[49.585085,54.264904],[49.584754,54.264754],[49.584471,54.264611],[49.584365,54.26453],[49.584202,54.264408],[49.584079,54.264336],[49.58383,54.26423],[49.584148,54.264062],[49.584771,54.263846],[49.584966,54.263699],[49.58499,54.263593],[49.584937,54.263488],[49.585455,54.262435],[49.58578,54.262043],[49.586003,54.262],[49.586381,54.261974],[49.58652,54.262075],[49.586444,54.262409],[49.586153,54.263304],[49.585786,54.263786],[49.58532,54.264093],[49.585384,54.264139],[49.585324,54.264249],[49.585612,54.264393],[49.585489,54.264491],[49.585085,54.264904]]]}},{"type":"Feature","id":"643","properties":{"id":"643","city":"dimitrovgrad","baseScore":33.33393116242613,"baseScoreNoCommerce":null,"baseRank":110,"population":45,"populationField":"pop_sum","pop_sum":45,"blocks":{"housing":1,"infra":0,"transport":null,"work":0,"green":0.6666965581213065,"commerce":0},"compare":{"city":{"score":33.33393116242613,"rank":110,"blocks":{"housing":1,"infra":0,"transport":null,"work":0,"green":0.6666965581213065,"commerce":0}},"all":{"score":33.47357165725803,"rank":668,"blocks":{"housing":1,"infra":0,"transport":null,"work":0,"green":0.6736785828629012,"commerce":0}}},"indicators":[{"label":"Жильё: плотность","value":5.4959996037206995},{"label":"Жильё: обеспеченность","value":99.535},{"label":"Коммерческая инфраструктура: разнообразие","value":0},{"label":"Зелёные зоны: доступность","value":73.333},{"label":"Зелёные зоны: покрытие квартала зеленью","value":30.883},{"label":"Зелёные зоны: температура поверхности","value":31.405988420758927}]},"geometry":{"type":"Polygon","coordinates":[[[49.55407,54.188379],[49.554074,54.188236],[49.554079,54.188146],[49.554074,54.188105],[49.554052,54.188047],[49.554033,54.188005],[49.553985,54.187886],[49.553907,54.187748],[49.553797,54.187542],[49.553701,54.187382],[49.553634,54.187247],[49.553583,54.187129],[49.553462,54.186895],[49.553441,54.186864],[49.553438,54.186837],[49.553156,54.186337],[49.553097,54.186203],[49.553105,54.186169],[49.553127,54.18614],[49.553138,54.186101],[49.553105,54.186029],[49.553092,54.185991],[49.552947,54.185715],[49.552891,54.185605],[49.552824,54.185455],[49.55277,54.185337],[49.552733,54.185263],[49.552698,54.185213],[49.552641,54.185134],[49.552556,54.185012],[49.552513,54.18495],[49.552472,54.184883],[49.55247,54.18483],[49.552478,54.18477],[49.552518,54.18472],[49.552564,54.184682],[49.552657,54.184635],[49.552727,54.184599],[49.55281,54.184566],[49.552872,54.184547],[49.552958,54.184532],[49.553025,54.184532],[49.553108,54.18454],[49.553183,54.18456],[49.553349,54.184618],[49.553516,54.184696],[49.553661,54.184772],[49.553822,54.184844],[49.553931,54.184907],[49.554039,54.184974],[49.554114,54.185026],[49.5542,54.185095],[49.554296,54.185164],[49.554401,54.185227],[49.554481,54.185279],[49.554559,54.185316],[49.554701,54.185392],[49.554854,54.185472],[49.554975,54.185528],[49.555018,54.185555],[49.555061,54.185594],[49.555078,54.185629],[49.555259,54.185986],[49.555281,54.186029],[49.555307,54.186071],[49.555337,54.186126],[49.555361,54.186142],[49.555436,54.186147],[49.555468,54.186158],[49.555495,54.1862],[49.555538,54.186272],[49.55553,54.186296],[49.555484,54.186313],[49.55546,54.186324],[49.555442,54.186348],[49.555511,54.186494],[49.555605,54.186705],[49.555686,54.186869],[49.555723,54.186952],[49.555758,54.187082],[49.555771,54.187181],[49.55579,54.187308],[49.555243,54.187669],[49.555158,54.187881],[49.55497,54.188109],[49.554782,54.188542],[49.55471,54.188889],[49.554714,54.189422],[49.554715,54.189512],[49.554693,54.189543],[49.554643,54.189572],[49.554575,54.189598],[49.554572,54.189599],[49.553375,54.189307],[49.55345,54.18926],[49.553564,54.189188],[49.553677,54.189124],[49.5537,54.18911],[49.553752,54.189077],[49.553775,54.189059],[49.554058,54.188772],[49.554066,54.188716],[49.554074,54.188642],[49.554067,54.188553],[49.554068,54.188435],[49.55407,54.188379]],[[49.553689,54.18932],[49.553682,54.189318],[49.553667,54.189356],[49.553689,54.18932]]]}},{"type":"Feature","id":"676","properties":{"id":"676","city":"dimitrovgrad","baseScore":41.493460382430776,"baseScoreNoCommerce":null,"baseRank":78,"population":53,"populationField":"pop_sum","pop_sum":53,"blocks":{"housing":0.18328738521416568,"infra":0.2483549458910254,"transport":1,"work":0.27607361963190197,"green":0.7818916722087539,"commerce":0},"compare":{"city":{"score":41.493460382430776,"rank":78,"blocks":{"housing":0.18328738521416568,"infra":0.2483549458910254,"transport":1,"work":0.27607361963190197,"green":0.7818916722087539,"commerce":0}},"all":{"score":44.54983802623341,"rank":377,"blocks":{"housing":0.5216141021115793,"infra":0.25638027114215234,"transport":1,"work":0.11112826053403328,"green":0.7838676477862397,"commerce":0}}},"indicators":[{"label":"Жильё: плотность","value":11.454592921315037},{"label":"Жильё: обеспеченность","value":32.239},{"label":"Коммерческая инфраструктура: разнообразие","value":0},{"label":"Транспорт: доступность","value":100},{"label":"Крупные работодатели: обеспеченность","value":0.036},{"label":"Крупные работодатели: плотность","value":0},{"label":"Зелёные зоны: доступность","value":92.453},{"label":"Зелёные зоны: покрытие квартала зеленью","value":70.37},{"label":"Зелёные зоны: температура поверхности","value":33.361256239149306}]},"geometry":{"type":"Polygon","coordinates":[[[49.639453,54.195364],[49.639456,54.19536],[49.639476,54.195336],[49.639595,54.195224],[49.639691,54.195134],[49.640013,54.194528],[49.641049,54.193433],[49.641381,54.192946],[49.641508,54.192715],[49.641767,54.19274],[49.642432,54.192927],[49.642461,54.193028],[49.642448,54.193186],[49.642407,54.193286],[49.642357,54.193311],[49.642302,54.193355],[49.642256,54.193404],[49.642244,54.193465],[49.642286,54.193521],[49.642361,54.193562],[49.642473,54.193631],[49.642532,54.193675],[49.642648,54.193708],[49.64265,54.193858],[49.642411,54.194156],[49.642416,54.194268],[49.642186,54.194604],[49.642189,54.194778],[49.642086,54.195074],[49.64214,54.195326],[49.642122,54.195399],[49.642066,54.195458],[49.641664,54.195765],[49.641382,54.195962],[49.641365,54.195974],[49.639453,54.195364]]]}},{"type":"Feature","id":"687","properties":{"id":"687","city":"dimitrovgrad","baseScore":19.623993294007988,"baseScoreNoCommerce":null,"baseRank":137,"population":80,"populationField":"pop_sum","pop_sum":80,"blocks":{"housing":0.04293446311649883,"infra":0.22682585295671218,"transport":null,"work":0,"green":0.7114393486271884,"commerce":0},"compare":{"city":{"score":19.623993294007988,"rank":137,"blocks":{"housing":0.04293446311649883,"infra":0.22682585295671218,"transport":null,"work":0,"green":0.7114393486271884,"commerce":0}},"all":{"score":27.68814156913836,"rank":754,"blocks":{"housing":0.40660880759088935,"infra":0.26635892223884056,"transport":null,"work":0,"green":0.7114393486271884,"commerce":0}}},"indicators":[{"label":"Жильё: плотность","value":2.268260539323741},{"label":"Жильё: обеспеченность","value":26.7},{"label":"Коммерческая инфраструктура: разнообразие","value":0},{"label":"Зелёные зоны: доступность","value":100},{"label":"Зелёные зоны: покрытие квартала зеленью","value":49.304},{"label":"Зелёные зоны: температура поверхности","value":33.9940185546875}]},"geometry":{"type":"Polygon","coordinates":[[[49.640436,54.197518],[49.640627,54.19745],[49.640702,54.197423],[49.640706,54.197426],[49.640714,54.197429],[49.640723,54.197431],[49.640733,54.197431],[49.640742,54.197429],[49.641384,54.19724],[49.642963,54.197033],[49.643362,54.196981],[49.644611,54.196861],[49.644891,54.197149],[49.644897,54.197154],[49.644905,54.197157],[49.644914,54.197158],[49.644924,54.197158],[49.644932,54.197156],[49.645174,54.197406],[49.645129,54.197459],[49.645176,54.197464],[49.645666,54.197516],[49.645526,54.197827],[49.643288,54.198021],[49.643314,54.198215],[49.641024,54.198266],[49.641006,54.198365],[49.64063,54.198312],[49.640662,54.198137],[49.640755,54.198055],[49.640628,54.197985],[49.640457,54.197695],[49.640407,54.197609],[49.640436,54.197518]]]}},{"type":"Feature","id":"693","properties":{"id":"693","city":"dimitrovgrad","baseScore":56.06093036885553,"baseScoreNoCommerce":null,"baseRank":29,"population":1715,"populationField":"pop_sum","pop_sum":1715,"blocks":{"housing":0.17437684221788516,"infra":0.5450353092159952,"transport":1,"work":0.12269938650306755,"green":0.8393618661446963,"commerce":0.6821824180496872},"compare":{"city":{"score":56.06093036885553,"rank":29,"blocks":{"housing":0.17437684221788516,"infra":0.5450353092159952,"transport":1,"work":0.12269938650306755,"green":0.8393618661446963,"commerce":0.6821824180496872}},"all":{"score":58.44162025377842,"rank":133,"blocks":{"housing":0.48836101638669865,"infra":0.5450016925766923,"transport":1,"work":0.049390338015125906,"green":0.8393618661446963,"commerce":0.6821824180496872}}},"indicators":[{"label":"Жильё: плотность","value":181.3817011300111},{"label":"Жильё: обеспеченность","value":29.243},{"label":"Жильё: износ","value":37.968828297715554},{"label":"Жильё: этажность","value":5.6875},{"label":"Коммерческая инфраструктура: разнообразие","value":0.06944444444444443},{"label":"Коммерческая инфраструктура: полнота корзины","value":100},{"label":"Транспорт: доступность","value":100},{"label":"Крупные работодатели: обеспеченность","value":0.016},{"label":"Крупные работодатели: плотность","value":0},{"label":"Зелёные зоны: доступность","value":100},{"label":"Зелёные зоны: покрытие квартала зеленью","value":55.706},{"label":"Зелёные зоны: температура поверхности","value":31.624174038569134},{"label":"Экономика: активность ФНС","value":8.616},{"label":"Экономика: ККТ","value":16.576},{"label":"Экономика: медианный чек","value":211.064}]},"geometry":{"type":"Polygon","coordinates":[[[49.549686,54.231304],[49.54967,54.231548],[49.549369,54.231699],[49.548699,54.231696],[49.548463,54.231545],[49.547805,54.231347],[49.546484,54.230618],[49.546519,54.230438],[49.546519,54.230438],[49.546519,54.230438],[49.546551,54.230271],[49.546689,54.229836],[49.546791,54.229668],[49.54694,54.229425],[49.547093,54.22923],[49.547222,54.229098],[49.547283,54.229036],[49.547563,54.228792],[49.547862,54.228604],[49.547862,54.228604],[49.547862,54.228604],[49.547971,54.228536],[49.548997,54.22792],[49.549059,54.227884],[49.549194,54.227961],[49.549782,54.228295],[49.550521,54.228722],[49.550521,54.228722],[49.550521,54.228722],[49.55121,54.22912],[49.551593,54.229341],[49.552196,54.22969],[49.552305,54.229752],[49.552305,54.229752],[49.552305,54.229753],[49.552375,54.229792],[49.551486,54.230318],[49.552216,54.230738],[49.552216,54.230738],[49.552215,54.230739],[49.552213,54.230741],[49.552211,54.230742],[49.55221,54.230743],[49.55221,54.230744],[49.552141,54.230837],[49.551871,54.231013],[49.551866,54.231017],[49.551712,54.231191],[49.551538,54.231314],[49.550631,54.230849],[49.550623,54.230846],[49.550614,54.230845],[49.550604,54.230845],[49.550595,54.230847],[49.550588,54.230851],[49.550588,54.230851],[49.550293,54.230703],[49.549797,54.231212],[49.549686,54.231304]]]}},{"type":"Feature","id":"694","properties":{"id":"694","city":"dimitrovgrad","baseScore":38.803242166786966,"baseScoreNoCommerce":null,"baseRank":85,"population":1968,"populationField":"pop_sum","pop_sum":1968,"blocks":{"housing":0.4881520918106284,"infra":0.7113937026491215,"transport":0.020899937216126274,"work":0,"green":0.6667866666666667,"commerce":0.44096213166467524},"compare":{"city":{"score":38.803242166786966,"rank":85,"blocks":{"housing":0.4881520918106284,"infra":0.7113937026491215,"transport":0.020899937216126274,"work":0,"green":0.6667866666666667,"commerce":0.44096213166467524}},"all":{"score":40.74577844204265,"rank":473,"blocks":{"housing":0.6282052613001682,"infra":0.7159653736739467,"transport":0.034883404779814955,"work":0,"green":0.6667866666666667,"commerce":0.44096213166467524}}},"indicators":[{"label":"Жильё: плотность","value":479.25473550800524},{"label":"Жильё: обеспеченность","value":19.466},{"label":"Жильё: износ","value":1.1859756097560976},{"label":"Жильё: этажность","value":10.4},{"label":"Коммерческая инфраструктура: разнообразие","value":0.3611111111111111},{"label":"Коммерческая инфраструктура: полнота корзины","value":100},{"label":"Транспорт: доступность","value":25.457},{"label":"Зелёные зоны: доступность","value":100},{"label":"Зелёные зоны: покрытие квартала зеленью","value":0.036},{"label":"Зелёные зоны: температура поверхности","value":28.959334055582683},{"label":"Экономика: активность ФНС","value":5.541},{"label":"Экономика: ККТ","value":3.499},{"label":"Экономика: медианный чек","value":115.164}]},"geometry":{"type":"Polygon","coordinates":[[[49.562943,54.239047],[49.562988,54.239069],[49.563319,54.239276],[49.563324,54.239287],[49.563714,54.239605],[49.564034,54.241329],[49.564058,54.241927],[49.56317,54.241901],[49.562074,54.241274],[49.560592,54.240447],[49.562943,54.239047]]]}},{"type":"Feature","id":"695","properties":{"id":"695","city":"dimitrovgrad","baseScore":59.06482153146961,"baseScoreNoCommerce":null,"baseRank":25,"population":1074,"populationField":"pop_sum","pop_sum":1074,"blocks":{"housing":0.4946400157142658,"infra":0.7713545536886127,"transport":0.6074300380118265,"work":0,"green":0.7707433333333334,"commerce":0.8997213511401376},"compare":{"city":{"score":59.06482153146961,"rank":25,"blocks":{"housing":0.4946400157142658,"infra":0.7713545536886127,"transport":0.6074300380118265,"work":0,"green":0.7707433333333334,"commerce":0.8997213511401376}},"all":{"score":59.799077277892756,"rank":114,"blocks":{"housing":0.710232031455339,"infra":0.7782218289845875,"transport":0.6130367063581974,"work":0,"green":0.7707433333333334,"commerce":0.8997213511401376}}},"indicators":[{"label":"Жильё: плотность","value":172.03739432995505},{"label":"Жильё: обеспеченность","value":28.459},{"label":"Жильё: износ","value":4.916201117318436},{"label":"Жильё: этажность","value":7.5},{"label":"Коммерческая инфраструктура: разнообразие","value":0.40277777777777773},{"label":"Коммерческая инфраструктура: полнота корзины","value":100},{"label":"Транспорт: доступность","value":70.112},{"label":"Зелёные зоны: доступность","value":100},{"label":"Зелёные зоны: покрытие квартала зеленью","value":31.223},{"label":"Зелёные зоны: температура поверхности","value":30.64171897040473},{"label":"Экономика: активность ФНС","value":8.92},{"label":"Экономика: ККТ","value":28.58},{"label":"Экономика: медианный чек","value":118.633}]},"geometry":{"type":"Polygon","coordinates":[[[49.56628,54.239491],[49.565882,54.239491],[49.565853,54.240198],[49.56564,54.240276],[49.565385,54.24029],[49.565296,54.240265],[49.565274,54.240211],[49.565275,54.240087],[49.564721,54.239777],[49.564647,54.239737],[49.563366,54.239041],[49.563156,54.238893],[49.563679,54.238487],[49.564214,54.238178],[49.564516,54.237919],[49.564552,54.237922],[49.564552,54.237922],[49.564552,54.237922],[49.564712,54.237952],[49.564724,54.237953],[49.564825,54.23795],[49.564827,54.23795],[49.566225,54.237855],[49.567633,54.237759],[49.568583,54.237695],[49.568619,54.23812],[49.568787,54.23891],[49.568162,54.239282],[49.567858,54.239445],[49.567463,54.239455],[49.56628,54.239491]]]}},{"type":"Feature","id":"696","properties":{"id":"696","city":"dimitrovgrad","baseScore":53.003304353969014,"baseScoreNoCommerce":null,"baseRank":41,"population":152,"populationField":"pop_sum","pop_sum":152,"blocks":{"housing":0.3730725309346976,"infra":0.5938907122918574,"transport":1,"work":0.09969325153374237,"green":0.606275543020424,"commerce":0.5072662234574199},"compare":{"city":{"score":53.003304353969014,"rank":41,"blocks":{"housing":0.3730725309346976,"infra":0.5938907122918574,"transport":1,"work":0.09969325153374237,"green":0.606275543020424,"commerce":0.5072662234574199}},"all":{"score":54.14383934273882,"rank":197,"blocks":{"housing":0.6226789722579577,"infra":0.5981889293448258,"transport":1,"work":0.0401296496372898,"green":0.606275543020424,"commerce":0.5072662234574199}}},"indicators":[{"label":"Жильё: плотность","value":302.459934505485},{"label":"Жильё: обеспеченность","value":26.614},{"label":"Жильё: износ","value":14.745242718446601},{"label":"Жильё: этажность","value":9.111111},{"label":"Коммерческая инфраструктура: разнообразие","value":0.16666666666666666},{"label":"Коммерческая инфраструктура: полнота корзины","value":100},{"label":"Транспорт: доступность","value":100},{"label":"Крупные работодатели: обеспеченность","value":0.013},{"label":"Крупные работодатели: плотность","value":0},{"label":"Зелёные зоны: доступность","value":100},{"label":"Зелёные зоны: покрытие квартала зеленью","value":30.41},{"label":"Зелёные зоны: температура поверхности","value":34.93196844285534},{"label":"Экономика: активность ФНС","value":8.181},{"label":"Экономика: ККТ","value":8.754},{"label":"Экономика: медианный чек","value":0}]},"geometry":{"type":"Polygon","coordinates":[[[49.578046,54.24192],[49.577006,54.241982],[49.577006,54.241982],[49.577006,54.241982],[49.575969,54.242045],[49.57585,54.242035],[49.57585,54.242035],[49.57585,54.242035],[49.57572,54.242025],[49.575515,54.240935],[49.575515,54.240935],[49.575515,54.240935],[49.575279,54.239702],[49.576542,54.239608],[49.576925,54.23958],[49.576925,54.23958],[49.577699,54.23952],[49.579105,54.239411],[49.579164,54.239716],[49.57931,54.240656],[49.57931,54.240656],[49.579467,54.241493],[49.579503,54.24169],[49.579505,54.241727],[49.579507,54.241754],[49.579482,54.241808],[49.579481,54.24181],[49.579481,54.241811],[49.579481,54.241812],[49.579481,54.241814],[49.579481,54.241815],[49.579481,54.241816],[49.579431,54.24182],[49.578046,54.24192]]]}},{"type":"Feature","id":"697","properties":{"id":"697","city":"dimitrovgrad","baseScore":60.625264046849416,"baseScoreNoCommerce":null,"baseRank":17,"population":2636,"populationField":"pop_sum","pop_sum":2636,"blocks":{"housing":0.3971736785503727,"infra":0.7500453166759078,"transport":1,"work":0.11503067484662582,"green":0.5648620234977045,"commerce":0.8104041492403539},"compare":{"city":{"score":60.625264046849416,"rank":17,"blocks":{"housing":0.3971736785503727,"infra":0.7500453166759078,"transport":1,"work":0.11503067484662582,"green":0.5648620234977045,"commerce":0.8104041492403539}},"all":{"score":60.61197761943743,"rank":106,"blocks":{"housing":0.6419757738379664,"infra":0.7574090874426165,"transport":1,"work":0.046303441889180535,"green":0.5648620234977045,"commerce":0.8104041492403539}}},"indicators":[{"label":"Жильё: плотность","value":290.54467081398985},{"label":"Жильё: обеспеченность","value":28.226},{"label":"Жильё: износ","value":14.377086494688923},{"label":"Жильё: этажность","value":9.0625},{"label":"Коммерческая инфраструктура: разнообразие","value":0.40277777777777773},{"label":"Коммерческая инфраструктура: полнота корзины","value":100},{"label":"Транспорт: доступность","value":100},{"label":"Крупные работодатели: обеспеченность","value":0.015},{"label":"Крупные работодатели: плотность","value":0},{"label":"Зелёные зоны: доступность","value":100},{"label":"Зелёные зоны: покрытие квартала зеленью","value":23.683},{"label":"Зелёные зоны: температура поверхности","value":35.35421206825658},{"label":"Экономика: активность ФНС","value":8.438},{"label":"Экономика: ККТ","value":17.547},{"label":"Экономика: медианный чек","value":125.635}]},"geometry":{"type":"Polygon","coordinates":[[[49.57682,54.244658],[49.576849,54.244841],[49.576885,54.245047],[49.575588,54.245136],[49.574871,54.245186],[49.574871,54.245186],[49.574871,54.245186],[49.57433,54.245224],[49.573689,54.245266],[49.573689,54.245266],[49.573688,54.245266],[49.573447,54.245285],[49.57244,54.245354],[49.57244,54.245354],[49.57244,54.245354],[49.571566,54.245415],[49.571255,54.24541],[49.571094,54.245355],[49.571038,54.245282],[49.571055,54.245206],[49.57106,54.245185],[49.571326,54.244028],[49.571326,54.244022],[49.571289,54.243916],[49.571769,54.243805],[49.571877,54.243061],[49.572541,54.243011],[49.57232,54.24236],[49.572421,54.242257],[49.572596,54.242244],[49.573709,54.242193],[49.57371,54.242193],[49.57371,54.242193],[49.574811,54.242119],[49.574905,54.242631],[49.574581,54.242652],[49.574627,54.243082],[49.574663,54.243968],[49.575256,54.24392],[49.576494,54.243847],[49.57682,54.244658]]]}},{"type":"Feature","id":"698","properties":{"id":"698","city":"dimitrovgrad","baseScore":28.280515979271073,"baseScoreNoCommerce":null,"baseRank":125,"population":337,"populationField":"pop_sum","pop_sum":337,"blocks":{"housing":0.7764996560212265,"infra":0.24276128020363735,"transport":0,"work":0.06901840490797549,"green":0.4357365102983662,"commerce":0.17281510732505898},"compare":{"city":{"score":28.280515979271073,"rank":125,"blocks":{"housing":0.7764996560212265,"infra":0.24276128020363735,"transport":0,"work":0.06901840490797549,"green":0.4357365102983662,"commerce":0.17281510732505898}},"all":{"score":30.55162507677993,"rank":718,"blocks":{"housing":0.9234651840093145,"infra":0.2846357106655433,"transport":0,"work":0.02778206513350832,"green":0.4357365102983662,"commerce":0.17281510732505898}}},"indicators":[{"label":"Жильё: плотность","value":35.1613921987346},{"label":"Жильё: обеспеченность","value":58.094},{"label":"Жильё: износ","value":14.285714285714286},{"label":"Жильё: этажность","value":3},{"label":"Коммерческая инфраструктура: разнообразие","value":0},{"label":"Коммерческая инфраструктура: полнота корзины","value":30.564},{"label":"Транспорт: доступность","value":8.605},{"label":"Крупные работодатели: обеспеченность","value":0.009},{"label":"Крупные работодатели: плотность","value":0},{"label":"Зелёные зоны: доступность","value":100},{"label":"Зелёные зоны: покрытие квартала зеленью","value":17.393},{"label":"Зелёные зоны: температура поверхности","value":37.75910599734805},{"label":"Экономика: активность ФНС","value":5.307},{"label":"Экономика: ККТ","value":1.29},{"label":"Экономика: медианный чек","value":0}]},"geometry":{"type":"Polygon","coordinates":[[[49.581442,54.239215],[49.581442,54.239215],[49.58135,54.238891],[49.580887,54.237265],[49.580887,54.237265],[49.580768,54.236861],[49.58089,54.236853],[49.580892,54.236853],[49.580893,54.236853],[49.580896,54.236852],[49.580899,54.236851],[49.580901,54.236851],[49.580902,54.236851],[49.580905,54.236849],[49.580907,54.236848],[49.580909,54.236848],[49.58091,54.236847],[49.581343,54.236561],[49.581347,54.236557],[49.582919,54.234597],[49.584031,54.234972],[49.584144,54.23501],[49.584207,54.235031],[49.584308,54.235183],[49.584354,54.235253],[49.584705,54.236557],[49.584853,54.23728],[49.584844,54.237299],[49.584844,54.237299],[49.584844,54.237299],[49.584209,54.238676],[49.584208,54.238682],[49.584235,54.239067],[49.583644,54.239114],[49.583237,54.239143],[49.582626,54.239187],[49.582491,54.239194],[49.582491,54.239194],[49.58249,54.239194],[49.58181,54.23924],[49.581453,54.239258],[49.581442,54.239215]]]}},{"type":"Feature","id":"699","properties":{"id":"699","city":"dimitrovgrad","baseScore":56.06093036885553,"baseScoreNoCommerce":null,"baseRank":29,"population":2356,"populationField":"pop_sum","pop_sum":2356,"blocks":{"housing":0.17437684221788516,"infra":0.5450353092159952,"transport":1,"work":0.12269938650306755,"green":0.8393618661446963,"commerce":0.6821824180496872},"compare":{"city":{"score":56.06093036885553,"rank":29,"blocks":{"housing":0.17437684221788516,"infra":0.5450353092159952,"transport":1,"work":0.12269938650306755,"green":0.8393618661446963,"commerce":0.6821824180496872}},"all":{"score":58.44162025377842,"rank":133,"blocks":{"housing":0.48836101638669865,"infra":0.5450016925766923,"transport":1,"work":0.049390338015125906,"green":0.8393618661446963,"commerce":0.6821824180496872}}},"indicators":[{"label":"Жильё: плотность","value":181.3817011300111},{"label":"Жильё: обеспеченность","value":29.243},{"label":"Жильё: износ","value":37.968828297715554},{"label":"Жильё: этажность","value":5.6875},{"label":"Коммерческая инфраструктура: разнообразие","value":0.06944444444444443},{"label":"Коммерческая инфраструктура: полнота корзины","value":100},{"label":"Транспорт: доступность","value":100},{"label":"Крупные работодатели: обеспеченность","value":0.016},{"label":"Крупные работодатели: плотность","value":0},{"label":"Зелёные зоны: доступность","value":100},{"label":"Зелёные зоны: покрытие квартала зеленью","value":55.706},{"label":"Зелёные зоны: температура поверхности","value":31.624174038569134},{"label":"Экономика: активность ФНС","value":8.616},{"label":"Экономика: ККТ","value":16.576},{"label":"Экономика: медианный чек","value":211.064}]},"geometry":{"type":"Polygon","coordinates":[[[49.548141,54.232915],[49.548982,54.233363],[49.550858,54.233967],[49.551248,54.2337],[49.550666,54.233367],[49.550569,54.233312],[49.550415,54.233224],[49.550415,54.233159],[49.550645,54.233014],[49.551853,54.232285],[49.552106,54.232181],[49.5525,54.231934],[49.553146,54.232264],[49.554634,54.233101],[49.553953,54.233496],[49.553457,54.233772],[49.554187,54.234233],[49.553821,54.234325],[49.552602,54.234526],[49.552228,54.234587],[49.551948,54.23463],[49.551948,54.23463],[49.551948,54.23463],[49.551835,54.234649],[49.550706,54.234838],[49.550703,54.234839],[49.550701,54.234839],[49.550206,54.234983],[49.54991,54.235068],[49.549902,54.235072],[49.549804,54.235128],[49.549804,54.235128],[49.549804,54.235128],[49.54822,54.236037],[49.548142,54.236082],[49.547369,54.235655],[49.5468,54.235297],[49.546294,54.234911],[49.546234,54.234824],[49.546234,54.234824],[49.546234,54.234824],[49.546022,54.234554],[49.545968,54.234465],[49.545936,54.234397],[49.545905,54.23431],[49.545879,54.234195],[49.545859,54.234086],[49.545849,54.233947],[49.545851,54.233845],[49.54588,54.233535],[49.545956,54.233197],[49.546022,54.232985],[49.546219,54.233038],[49.547244,54.232453],[49.547597,54.232608],[49.548141,54.232915]]]}},{"type":"Feature","id":"700","properties":{"id":"700","city":"dimitrovgrad","baseScore":60.65866644627681,"baseScoreNoCommerce":null,"baseRank":16,"population":4426,"populationField":"pop_sum","pop_sum":4426,"blocks":{"housing":0.1635810996812691,"infra":0.834276892413688,"transport":0.7269820921478127,"work":0.3911042944785278,"green":0.8126374457876748,"commerce":0.7109381622676361},"compare":{"city":{"score":60.65866644627681,"rank":16,"blocks":{"housing":0.1635810996812691,"infra":0.834276892413688,"transport":0.7269820921478127,"work":0.3911042944785278,"green":0.8126374457876748,"commerce":0.7109381622676361}},"all":{"score":59.84052933316044,"rank":113,"blocks":{"housing":0.4812189589495261,"infra":0.7953832901757266,"transport":0.7308813228841505,"work":0.15743170242321383,"green":0.8126374457876748,"commerce":0.7109381622676361}}},"indicators":[{"label":"Жильё: плотность","value":144.70168818483648},{"label":"Жильё: обеспеченность","value":29.486},{"label":"Жильё: износ","value":39.357659286037055},{"label":"Жильё: этажность","value":7.37931},{"label":"Коммерческая инфраструктура: разнообразие","value":0.6388888888888888},{"label":"Коммерческая инфраструктура: полнота корзины","value":100},{"label":"Транспорт: доступность","value":79.214},{"label":"Крупные работодатели: обеспеченность","value":0.051},{"label":"Крупные работодатели: плотность","value":0.001},{"label":"Зелёные зоны: доступность","value":100},{"label":"Зелёные зоны: покрытие квартала зеленью","value":47.163},{"label":"Зелёные зоны: температура поверхности","value":31.58521313386805},{"label":"Экономика: активность ФНС","value":8.233},{"label":"Экономика: ККТ","value":45.6},{"label":"Экономика: медианный чек","value":125.945}]},"geometry":{"type":"Polygon","coordinates":[[[49.556147,54.238736],[49.555846,54.238922],[49.555443,54.239173],[49.554625,54.239657],[49.554507,54.239727],[49.554353,54.23964],[49.552719,54.238712],[49.552559,54.238621],[49.551898,54.238242],[49.551157,54.237815],[49.551157,54.237815],[49.551157,54.237815],[49.549993,54.237146],[49.549993,54.237146],[49.549993,54.237146],[49.549702,54.236978],[49.549647,54.236947],[49.548186,54.236107],[49.548263,54.236063],[49.549847,54.235154],[49.549942,54.235099],[49.550233,54.235015],[49.550233,54.235015],[49.550233,54.235015],[49.550726,54.234872],[49.551852,54.234684],[49.551964,54.234665],[49.552244,54.234621],[49.552244,54.234621],[49.552244,54.234621],[49.552618,54.234561],[49.552618,54.234561],[49.552618,54.234561],[49.55384,54.23436],[49.553844,54.234359],[49.554222,54.234263],[49.55453,54.234185],[49.55454,54.234181],[49.554888,54.233973],[49.554888,54.233973],[49.554889,54.233973],[49.55551,54.233595],[49.555983,54.233315],[49.556011,54.233298],[49.556423,54.233169],[49.556595,54.233376],[49.556596,54.233377],[49.556689,54.233473],[49.556692,54.233475],[49.556695,54.233477],[49.556848,54.233562],[49.556908,54.233596],[49.557308,54.233818],[49.557887,54.23414],[49.558028,54.23422],[49.558744,54.234626],[49.558744,54.234626],[49.558744,54.234626],[49.559612,54.235118],[49.559612,54.235118],[49.559612,54.235118],[49.55988,54.235267],[49.560413,54.235563],[49.56056,54.235651],[49.561134,54.235995],[49.560935,54.236113],[49.560651,54.236281],[49.560079,54.236619],[49.559995,54.236669],[49.559236,54.237117],[49.558983,54.237265],[49.558983,54.237265],[49.558983,54.237265],[49.558944,54.237288],[49.558631,54.23737],[49.55863,54.237371],[49.558629,54.237371],[49.558245,54.237495],[49.558238,54.237498],[49.558106,54.237576],[49.558106,54.237576],[49.558106,54.237576],[49.557795,54.237761],[49.556147,54.238736]]]}},{"type":"Feature","id":"701","properties":{"id":"701","city":"dimitrovgrad","baseScore":55.1898275224598,"baseScoreNoCommerce":null,"baseRank":31,"population":177,"populationField":"pop_sum","pop_sum":177,"blocks":{"housing":0.49503386786623776,"infra":0.5374952463742722,"transport":1,"work":0.2914110429447854,"green":0.4756846156276318,"commerce":0.5117648785346606},"compare":{"city":{"score":55.1898275224598,"rank":31,"blocks":{"housing":0.49503386786623776,"infra":0.5374952463742722,"transport":1,"work":0.2914110429447854,"green":0.4756846156276318,"commerce":0.5117648785346606}},"all":{"score":52.430853967639756,"rank":231,"blocks":{"housing":0.6658897909183398,"infra":0.5413170325471527,"transport":1,"work":0.11730205278592402,"green":0.4756846156276318,"commerce":0.5117648785346606}}},"indicators":[{"label":"Жильё: плотность","value":119.24852441875883},{"label":"Жильё: обеспеченность","value":23.096},{"label":"Жильё: износ","value":0.49710982658959535},{"label":"Жильё: этажность","value":4.5},{"label":"Коммерческая инфраструктура: разнообразие","value":0.08333333333333333},{"label":"Коммерческая инфраструктура: полнота корзины","value":100},{"label":"Транспорт: доступность","value":100},{"label":"Крупные работодатели: обеспеченность","value":0.038},{"label":"Крупные работодатели: плотность","value":0},{"label":"Зелёные зоны: доступность","value":100},{"label":"Зелёные зоны: покрытие квартала зеленью","value":0.151},{"label":"Зелёные зоны: температура поверхности","value":35.59295654296875},{"label":"Экономика: активность ФНС","value":7.431},{"label":"Экономика: ККТ","value":1.672},{"label":"Экономика: медианный чек","value":0}]},"geometry":{"type":"Polygon","coordinates":[[[49.568498,54.243967],[49.569456,54.243899],[49.569565,54.243891],[49.570368,54.243829],[49.570375,54.243892],[49.570676,54.24393],[49.57072,54.244199],[49.570724,54.244199],[49.570771,54.244484],[49.570767,54.244484],[49.570778,54.244548],[49.570712,54.244548],[49.570696,54.244548],[49.570279,54.24455],[49.569572,54.244588],[49.569593,54.24476],[49.5682,54.244786],[49.568034,54.244211],[49.568059,54.243984],[49.568498,54.243967]]]}},{"type":"Feature","id":"702","properties":{"id":"702","city":"dimitrovgrad","baseScore":60.269261461802806,"baseScoreNoCommerce":null,"baseRank":20,"population":314,"populationField":"pop_sum","pop_sum":314,"blocks":{"housing":1,"infra":0.48251895111780285,"transport":0.8619542859844854,"work":0.3911042944785278,"green":0.5170421177411116,"commerce":0.36353603838624055},"compare":{"city":{"score":60.269261461802806,"rank":20,"blocks":{"housing":1,"infra":0.48251895111780285,"transport":0.8619542859844854,"work":0.3911042944785278,"green":0.5170421177411116,"commerce":0.36353603838624055}},"all":{"score":55.9763857739405,"rank":176,"blocks":{"housing":1,"infra":0.483655129106146,"transport":0.8639258492982017,"work":0.15743170242321383,"green":0.5170421177411116,"commerce":0.36353603838624055}}},"indicators":[{"label":"Жильё: плотность","value":20.239752064472654},{"label":"Жильё: обеспеченность","value":66.752},{"label":"Коммерческая инфраструктура: разнообразие","value":0},{"label":"Коммерческая инфраструктура: полнота корзины","value":100},{"label":"Транспорт: доступность","value":89.49},{"label":"Крупные работодатели: обеспеченность","value":0.051},{"label":"Крупные работодатели: плотность","value":0},{"label":"Зелёные зоны: доступность","value":100},{"label":"Зелёные зоны: покрытие квартала зеленью","value":32.045},{"label":"Зелёные зоны: температура поверхности","value":37.037238625919116},{"label":"Экономика: активность ФНС","value":6.616},{"label":"Экономика: ККТ","value":4.974},{"label":"Экономика: медианный чек","value":12.738}]},"geometry":{"type":"Polygon","coordinates":[[[49.573852,54.229085],[49.573857,54.22908],[49.57386,54.229076],[49.574851,54.229209],[49.57485,54.22921],[49.57485,54.229216],[49.574853,54.229221],[49.574859,54.229226],[49.575044,54.229328],[49.575081,54.229411],[49.574908,54.22991],[49.574908,54.229911],[49.574794,54.230297],[49.574794,54.230297],[49.574732,54.230572],[49.573743,54.23096],[49.573099,54.231131],[49.573098,54.231131],[49.572524,54.231292],[49.572001,54.231374],[49.571484,54.231393],[49.571484,54.231393],[49.571484,54.231393],[49.56966,54.231466],[49.569456,54.231475],[49.569409,54.231259],[49.569352,54.230995],[49.569315,54.230824],[49.569303,54.230767],[49.569303,54.230767],[49.569303,54.230767],[49.569099,54.22983],[49.568994,54.229237],[49.56886,54.228481],[49.56886,54.228481],[49.56886,54.228481],[49.568857,54.228465],[49.568944,54.228407],[49.569322,54.228159],[49.569727,54.228032],[49.570298,54.227802],[49.570613,54.227574],[49.571001,54.227518],[49.571151,54.227429],[49.571167,54.22742],[49.57217,54.227567],[49.573965,54.22784],[49.57402,54.22785],[49.574667,54.227964],[49.574667,54.227964],[49.574667,54.227964],[49.574675,54.227966],[49.574633,54.228018],[49.573954,54.228872],[49.573954,54.228872],[49.573954,54.228872],[49.573801,54.229065],[49.573799,54.22907],[49.573799,54.229076],[49.573802,54.229081],[49.573808,54.229086],[49.573816,54.229089],[49.573826,54.22909],[49.573835,54.22909],[49.573844,54.229088],[49.573852,54.229085]]]}},{"type":"Feature","id":"703","properties":{"id":"703","city":"dimitrovgrad","baseScore":36.509944361437704,"baseScoreNoCommerce":null,"baseRank":96,"population":501,"populationField":"pop_sum","pop_sum":501,"blocks":{"housing":0.5335995621414531,"infra":0.37882091055717754,"transport":0.5328380675176203,"work":0.06134969325153378,"green":0.5249456971881926,"commerce":0.1590427310302849},"compare":{"city":{"score":36.509944361437704,"rank":96,"blocks":{"housing":0.5335995621414531,"infra":0.37882091055717754,"transport":0.5328380675176203,"work":0.06134969325153378,"green":0.5249456971881926,"commerce":0.1590427310302849}},"all":{"score":40.64325941012534,"rank":475,"blocks":{"housing":0.808660174822997,"infra":0.3940304521690139,"transport":0.5395100553747996,"work":0.024695169007562953,"green":0.5249456971881926,"commerce":0.1590427310302849}}},"indicators":[{"label":"Жильё: плотность","value":22.236378350776004},{"label":"Жильё: обеспеченность","value":46.064},{"label":"Коммерческая инфраструктура: разнообразие","value":0},{"label":"Коммерческая инфраструктура: полнота корзины","value":67.784},{"label":"Транспорт: доступность","value":64.433},{"label":"Крупные работодатели: обеспеченность","value":0.008},{"label":"Крупные работодатели: плотность","value":0},{"label":"Зелёные зоны: доступность","value":100},{"label":"Зелёные зоны: покрытие квартала зеленью","value":30.8},{"label":"Зелёные зоны: температура поверхности","value":36.76922929551866},{"label":"Экономика: активность ФНС","value":3.512},{"label":"Экономика: ККТ","value":2.514},{"label":"Экономика: медианный чек","value":0}]},"geometry":{"type":"Polygon","coordinates":[[[49.584629,54.23511],[49.584403,54.23505],[49.58427,54.235026],[49.584261,54.235012],[49.584255,54.235007],[49.584247,54.235003],[49.584174,54.234978],[49.584174,54.234978],[49.584174,54.234978],[49.584062,54.23494],[49.584062,54.23494],[49.584062,54.23494],[49.582921,54.234556],[49.581776,54.23415],[49.580789,54.233767],[49.580788,54.233766],[49.580787,54.233766],[49.580492,54.233671],[49.579534,54.233364],[49.58006,54.232731],[49.58006,54.232731],[49.58006,54.232731],[49.581668,54.230711],[49.582409,54.229818],[49.582458,54.229759],[49.583679,54.230094],[49.583926,54.230162],[49.583927,54.230162],[49.583927,54.230162],[49.584514,54.230312],[49.585006,54.230469],[49.585007,54.230469],[49.585008,54.230469],[49.58552,54.230614],[49.585522,54.230614],[49.58607,54.230732],[49.58607,54.230732],[49.58607,54.230732],[49.586249,54.23077],[49.586387,54.230801],[49.586389,54.230801],[49.586391,54.230802],[49.58653,54.23082],[49.58653,54.23082],[49.58653,54.23082],[49.586946,54.230868],[49.586952,54.230868],[49.587481,54.230868],[49.587484,54.230962],[49.587485,54.230967],[49.58749,54.230972],[49.587496,54.230976],[49.587504,54.230978],[49.587641,54.231005],[49.58765,54.231006],[49.58766,54.231005],[49.587669,54.231003],[49.587675,54.230999],[49.58768,54.230994],[49.587681,54.230991],[49.589032,54.231119],[49.588004,54.232451],[49.588558,54.232614],[49.587646,54.233585],[49.587628,54.233601],[49.587302,54.233495],[49.586048,54.233971],[49.58589,54.234073],[49.585707,54.234208],[49.585463,54.234439],[49.585615,54.234502],[49.585539,54.234618],[49.585535,54.234639],[49.585526,54.234638],[49.585395,54.234836],[49.585335,54.234909],[49.585335,54.234909],[49.585147,54.235134],[49.585089,54.235185],[49.584629,54.23511]]]}},{"type":"Feature","id":"704","properties":{"id":"704","city":"dimitrovgrad","baseScore":46.06982461018387,"baseScoreNoCommerce":null,"baseRank":62,"population":79,"populationField":"pop_sum","pop_sum":79,"blocks":{"housing":0.3675275181934284,"infra":0.44536703488249574,"transport":1,"work":0,"green":0.43888,"commerce":0.5124149235351081},"compare":{"city":{"score":46.06982461018387,"rank":62,"blocks":{"housing":0.3675275181934284,"infra":0.44536703488249574,"transport":1,"work":0,"green":0.43888,"commerce":0.5124149235351081}},"all":{"score":49.17232697086505,"rank":300,"blocks":{"housing":0.6725806116728609,"infra":0.4514438035400512,"transport":1,"work":0,"green":0.43888,"commerce":0.5124149235351081}}},"indicators":[{"label":"Жильё: плотность","value":18.578356643983458},{"label":"Жильё: обеспеченность","value":39.51},{"label":"Коммерческая инфраструктура: разнообразие","value":0},{"label":"Коммерческая инфраструктура: полнота корзины","value":87.342},{"label":"Транспорт: доступность","value":100},{"label":"Зелёные зоны: доступность","value":100},{"label":"Зелёные зоны: покрытие квартала зеленью","value":31.664},{"label":"Зелёные зоны: температура поверхности","value":39.094402660023086},{"label":"Экономика: активность ФНС","value":8.702},{"label":"Экономика: ККТ","value":5.808},{"label":"Экономика: медианный чек","value":0}]},"geometry":{"type":"Polygon","coordinates":[[[49.572276,54.227164],[49.572387,54.227163],[49.572163,54.227528],[49.571119,54.227376],[49.570428,54.227268],[49.569724,54.227157],[49.569564,54.227131],[49.569368,54.227099],[49.569009,54.226975],[49.568763,54.226885],[49.568707,54.226842],[49.568704,54.226841],[49.568702,54.226839],[49.56865,54.226814],[49.568545,54.226763],[49.568423,54.226671],[49.568345,54.226568],[49.568345,54.226568],[49.568345,54.226568],[49.568264,54.226461],[49.568081,54.226104],[49.568063,54.226069],[49.568063,54.226069],[49.568063,54.226069],[49.56803,54.226005],[49.56803,54.226005],[49.56803,54.226005],[49.567684,54.22533],[49.567476,54.224915],[49.567417,54.224786],[49.568296,54.224657],[49.568245,54.224388],[49.568254,54.223968],[49.568408,54.223907],[49.568444,54.223916],[49.568557,54.223943],[49.568885,54.224373],[49.569075,54.225043],[49.569105,54.225396],[49.569205,54.225602],[49.569207,54.225605],[49.569269,54.225733],[49.569244,54.225863],[49.569371,54.226029],[49.569409,54.226021],[49.569487,54.226005],[49.569933,54.226333],[49.570512,54.226359],[49.570543,54.226325],[49.570575,54.226289],[49.570473,54.226227],[49.570682,54.226136],[49.571486,54.226413],[49.571423,54.226484],[49.571341,54.226577],[49.571214,54.226838],[49.572276,54.227164]]]}},{"type":"Feature","id":"705","properties":{"id":"705","city":"dimitrovgrad","baseScore":36.509944361437704,"baseScoreNoCommerce":null,"baseRank":96,"population":388,"populationField":"pop_sum","pop_sum":388,"blocks":{"housing":0.5335995621414531,"infra":0.37882091055717754,"transport":0.5328380675176203,"work":0.06134969325153378,"green":0.5249456971881926,"commerce":0.1590427310302849},"compare":{"city":{"score":36.509944361437704,"rank":96,"blocks":{"housing":0.5335995621414531,"infra":0.37882091055717754,"transport":0.5328380675176203,"work":0.06134969325153378,"green":0.5249456971881926,"commerce":0.1590427310302849}},"all":{"score":40.64325941012534,"rank":475,"blocks":{"housing":0.808660174822997,"infra":0.3940304521690139,"transport":0.5395100553747996,"work":0.024695169007562953,"green":0.5249456971881926,"commerce":0.1590427310302849}}},"indicators":[{"label":"Жильё: плотность","value":22.236378350776004},{"label":"Жильё: обеспеченность","value":46.064},{"label":"Коммерческая инфраструктура: разнообразие","value":0},{"label":"Коммерческая инфраструктура: полнота корзины","value":67.784},{"label":"Транспорт: доступность","value":64.433},{"label":"Крупные работодатели: обеспеченность","value":0.008},{"label":"Крупные работодатели: плотность","value":0},{"label":"Зелёные зоны: доступность","value":100},{"label":"Зелёные зоны: покрытие квартала зеленью","value":30.8},{"label":"Зелёные зоны: температура поверхности","value":36.76922929551866},{"label":"Экономика: активность ФНС","value":3.512},{"label":"Экономика: ККТ","value":2.514},{"label":"Экономика: медианный чек","value":0}]},"geometry":{"type":"Polygon","coordinates":[[[49.575218,54.231436],[49.575329,54.230961],[49.575566,54.230416],[49.575566,54.230416],[49.575607,54.230388],[49.575608,54.230387],[49.57561,54.230386],[49.575611,54.230384],[49.575612,54.230383],[49.575613,54.230382],[49.575614,54.23038],[49.575714,54.230138],[49.575869,54.229918],[49.575869,54.229917],[49.576089,54.229574],[49.57617,54.229485],[49.576252,54.229413],[49.576345,54.229339],[49.576347,54.229337],[49.576349,54.229335],[49.576349,54.229334],[49.57635,54.229334],[49.57635,54.229331],[49.576351,54.229329],[49.576351,54.229329],[49.576351,54.229328],[49.576351,54.229326],[49.57635,54.229324],[49.57635,54.229323],[49.57635,54.229323],[49.576348,54.229321],[49.576347,54.229318],[49.576346,54.229318],[49.576346,54.229318],[49.576343,54.229316],[49.57634,54.229314],[49.57634,54.229314],[49.576339,54.229314],[49.576335,54.229312],[49.576332,54.229311],[49.57483,54.22896],[49.574824,54.228959],[49.574027,54.228867],[49.574689,54.228033],[49.574689,54.228033],[49.574734,54.227976],[49.575378,54.228089],[49.575846,54.228177],[49.576633,54.228325],[49.577151,54.228449],[49.577234,54.228469],[49.577234,54.228469],[49.577234,54.228469],[49.578212,54.228702],[49.578474,54.228764],[49.578474,54.228764],[49.578474,54.228764],[49.579818,54.229084],[49.580657,54.229298],[49.580658,54.229298],[49.580735,54.229317],[49.580735,54.229317],[49.580735,54.229317],[49.581131,54.229413],[49.58126,54.229447],[49.58126,54.229447],[49.58126,54.229447],[49.582402,54.229744],[49.582354,54.229802],[49.581613,54.230695],[49.581613,54.230695],[49.581613,54.230695],[49.580004,54.232715],[49.580003,54.232716],[49.579499,54.232598],[49.578916,54.232397],[49.578705,54.23227],[49.578022,54.232134],[49.577479,54.232699],[49.576283,54.232306],[49.575345,54.231997],[49.575345,54.231997],[49.575345,54.231997],[49.575214,54.231954],[49.575204,54.231952],[49.575199,54.231951],[49.575218,54.231436]]]}},{"type":"Feature","id":"706","properties":{"id":"706","city":"dimitrovgrad","baseScore":24.29479091777559,"baseScoreNoCommerce":null,"baseRank":131,"population":119,"populationField":"pop_sum","pop_sum":119,"blocks":{"housing":0.27116316312258043,"infra":0.2884644438727549,"transport":0.49227810891819973,"work":0,"green":0.26192231681724754,"commerce":0.14385942233575308},"compare":{"city":{"score":24.29479091777559,"rank":131,"blocks":{"housing":0.27116316312258043,"infra":0.2884644438727549,"transport":0.49227810891819973,"work":0,"green":0.26192231681724754,"commerce":0.14385942233575308}},"all":{"score":29.576004723916085,"rank":730,"blocks":{"housing":0.5936195834977057,"infra":0.28286240879627156,"transport":0.499529372466412,"work":0,"green":0.26192231681724754,"commerce":0.14385942233575308}}},"indicators":[{"label":"Жильё: плотность","value":22.91685180512222},{"label":"Жильё: обеспеченность","value":35.707},{"label":"Коммерческая инфраструктура: разнообразие","value":0},{"label":"Транспорт: доступность","value":61.345},{"label":"Зелёные зоны: покрытие квартала зеленью","value":34.085},{"label":"Зелёные зоны: температура поверхности","value":37.39063698904855},{"label":"Экономика: активность ФНС","value":5.644},{"label":"Экономика: ККТ","value":0.337},{"label":"Экономика: медианный чек","value":0}]},"geometry":{"type":"Polygon","coordinates":[[[49.58694,54.22363],[49.586992,54.223264],[49.587038,54.222932],[49.587266,54.222956],[49.587267,54.222957],[49.588225,54.223047],[49.58823,54.223047],[49.588235,54.223047],[49.588584,54.223017],[49.589718,54.222949],[49.590019,54.222939],[49.590022,54.222939],[49.590475,54.222898],[49.590476,54.222897],[49.590477,54.222897],[49.590996,54.22282],[49.590998,54.222819],[49.591001,54.222819],[49.59165,54.22265],[49.591651,54.222649],[49.591652,54.222649],[49.592472,54.222371],[49.592642,54.222381],[49.592802,54.222449],[49.593281,54.222734],[49.594348,54.223421],[49.591813,54.224397],[49.591505,54.22416],[49.591499,54.224156],[49.59106,54.223975],[49.591007,54.223957],[49.590677,54.223869],[49.590315,54.22374],[49.589998,54.223624],[49.589994,54.223623],[49.58999,54.223622],[49.58999,54.223622],[49.58999,54.223622],[49.589985,54.223622],[49.58998,54.223622],[49.589023,54.223658],[49.588272,54.223673],[49.58694,54.22363]]]}},{"type":"Feature","id":"707","properties":{"id":"707","city":"dimitrovgrad","baseScore":37.30140138561743,"baseScoreNoCommerce":null,"baseRank":92,"population":397,"populationField":"pop_sum","pop_sum":397,"blocks":{"housing":0.1788008832076496,"infra":0.4753612473469469,"transport":0.9371373180515458,"work":0.03834355828220861,"green":0.32419637056918416,"commerce":0.2842447056795112},"compare":{"city":{"score":37.30140138561743,"rank":92,"blocks":{"housing":0.1788008832076496,"infra":0.4753612473469469,"transport":0.9371373180515458,"work":0.03834355828220861,"green":0.32419637056918416,"commerce":0.2842447056795112}},"all":{"score":41.81472972694093,"rank":447,"blocks":{"housing":0.4901886055789349,"infra":0.48896950993460586,"transport":0.9380351203369357,"work":0.015434480629726846,"green":0.32419637056918416,"commerce":0.2842447056795112}}},"indicators":[{"label":"Жильё: плотность","value":94.43948896138653},{"label":"Жильё: обеспеченность","value":28.437},{"label":"Жильё: износ","value":36.50379746835443},{"label":"Жильё: этажность","value":3.090909},{"label":"Коммерческая инфраструктура: разнообразие","value":0.20833333333333334},{"label":"Транспорт: доступность","value":95.214},{"label":"Крупные работодатели: обеспеченность","value":0.005},{"label":"Крупные работодатели: плотность","value":0},{"label":"Зелёные зоны: покрытие квартала зеленью","value":42.469},{"label":"Зелёные зоны: температура поверхности","value":37.088924326795215},{"label":"Экономика: активность ФНС","value":6.343},{"label":"Экономика: ККТ","value":3.148},{"label":"Экономика: медианный чек","value":0}]},"geometry":{"type":"Polygon","coordinates":[[[49.58801,54.225041],[49.588204,54.224446],[49.588206,54.22444],[49.588206,54.224435],[49.588203,54.224429],[49.588197,54.224425],[49.58819,54.224421],[49.58818,54.22442],[49.587737,54.224382],[49.586883,54.224306],[49.586906,54.223833],[49.586937,54.223646],[49.588274,54.223709],[49.589025,54.223694],[49.589026,54.223694],[49.589974,54.223658],[49.590283,54.22377],[49.590283,54.22377],[49.590647,54.2239],[49.59065,54.223901],[49.591,54.223995],[49.591459,54.224184],[49.591762,54.224418],[49.589634,54.22531],[49.589569,54.22534],[49.589551,54.225374],[49.589418,54.22576],[49.588356,54.225613],[49.588263,54.225507],[49.588103,54.22524],[49.58801,54.225041]]]}},{"type":"Feature","id":"708","properties":{"id":"708","city":"dimitrovgrad","baseScore":36.12258623464483,"baseScoreNoCommerce":null,"baseRank":99,"population":992,"populationField":"pop_sum","pop_sum":992,"blocks":{"housing":0.38706521518318676,"infra":0.354961539934831,"transport":1,"work":0.03067484662576689,"green":0.189748734155029,"commerce":0.2049048381798761},"compare":{"city":{"score":36.12258623464483,"rank":99,"blocks":{"housing":0.38706521518318676,"infra":0.354961539934831,"transport":1,"work":0.03067484662576689,"green":0.189748734155029,"commerce":0.2049048381798761}},"all":{"score":39.52833015534633,"rank":505,"blocks":{"housing":0.631056802601048,"infra":0.3568265013990712,"transport":1,"work":0.012347584503781477,"green":0.189748734155029,"commerce":0.2049048381798761}}},"indicators":[{"label":"Жильё: плотность","value":299.1574766464917},{"label":"Жильё: обеспеченность","value":25.734},{"label":"Жильё: износ","value":12.228542510121457},{"label":"Жильё: этажность","value":5.875},{"label":"Коммерческая инфраструктура: разнообразие","value":0.125},{"label":"Транспорт: доступность","value":100},{"label":"Крупные работодатели: обеспеченность","value":0.004},{"label":"Крупные работодатели: плотность","value":0},{"label":"Зелёные зоны: покрытие квартала зеленью","value":19.283},{"label":"Зелёные зоны: температура поверхности","value":37.363415366724915},{"label":"Экономика: активность ФНС","value":4.676},{"label":"Экономика: ККТ","value":1.661},{"label":"Экономика: медианный чек","value":0}]},"geometry":{"type":"Polygon","coordinates":[[[49.588114,54.225366],[49.587805,54.225428],[49.58684,54.225321],[49.586582,54.225283],[49.58424,54.224943],[49.583947,54.224895],[49.582874,54.224718],[49.582959,54.224018],[49.583932,54.224092],[49.583932,54.224092],[49.584646,54.22414],[49.584917,54.224167],[49.584917,54.224167],[49.584917,54.224167],[49.587728,54.224418],[49.587728,54.224418],[49.588132,54.224452],[49.587955,54.225043],[49.588045,54.225252],[49.588114,54.225366]]]}},{"type":"Feature","id":"709","properties":{"id":"709","city":"dimitrovgrad","baseScore":47.90174693294316,"baseScoreNoCommerce":null,"baseRank":57,"population":2508,"populationField":"pop_sum","pop_sum":2508,"blocks":{"housing":0.4008730197597288,"infra":0.6045918083866736,"transport":0.7140575457547332,"work":0.06134969325153378,"green":0.4317959700304917,"commerce":0.6614367787934284},"compare":{"city":{"score":47.90174693294316,"rank":57,"blocks":{"housing":0.4008730197597288,"infra":0.6045918083866736,"transport":0.7140575457547332,"work":0.06134969325153378,"green":0.4317959700304917,"commerce":0.6614367787934284}},"all":{"score":49.81758153364942,"rank":284,"blocks":{"housing":0.6463265252782077,"infra":0.6114426105711336,"transport":0.7181413643408043,"work":0.024695169007562953,"green":0.4317959700304917,"commerce":0.6614367787934284}}},"indicators":[{"label":"Жильё: плотность","value":289.54627798072823},{"label":"Жильё: обеспеченность","value":29.366},{"label":"Жильё: износ","value":15.452551834130782},{"label":"Жильё: этажность","value":7.75},{"label":"Коммерческая инфраструктура: разнообразие","value":0.25},{"label":"Коммерческая инфраструктура: полнота корзины","value":100},{"label":"Транспорт: доступность","value":78.23},{"label":"Крупные работодатели: обеспеченность","value":0.008},{"label":"Крупные работодатели: плотность","value":0},{"label":"Зелёные зоны: доступность","value":100},{"label":"Зелёные зоны: покрытие квартала зеленью","value":20.269},{"label":"Зелёные зоны: температура поверхности","value":38.059881189367275},{"label":"Экономика: активность ФНС","value":7.366},{"label":"Экономика: ККТ","value":12.278},{"label":"Экономика: медианный чек","value":234.789}]},"geometry":{"type":"Polygon","coordinates":[[[49.582935,54.219665],[49.582924,54.218734],[49.584843,54.218601],[49.584462,54.216332],[49.584103,54.216348],[49.584005,54.215775],[49.584295,54.215746],[49.58411,54.215104],[49.5849,54.215125],[49.584905,54.215885],[49.584903,54.215885],[49.584905,54.2159],[49.584905,54.215901],[49.584905,54.215901],[49.584907,54.215921],[49.585444,54.2159],[49.585614,54.215894],[49.586578,54.215872],[49.586579,54.215872],[49.586731,54.215864],[49.587008,54.21585],[49.587056,54.215847],[49.587213,54.215839],[49.587207,54.216002],[49.587204,54.216078],[49.587204,54.216078],[49.587188,54.217503],[49.587172,54.218184],[49.587148,54.218463],[49.587148,54.218464],[49.587148,54.218464],[49.587148,54.218464],[49.587148,54.218464],[49.587145,54.218758],[49.587135,54.218936],[49.587094,54.219087],[49.586993,54.219219],[49.586855,54.219329],[49.586698,54.219407],[49.586283,54.219545],[49.586143,54.219589],[49.586143,54.219589],[49.586143,54.219589],[49.585492,54.219796],[49.585486,54.219799],[49.585481,54.219803],[49.585442,54.219839],[49.585309,54.219965],[49.585246,54.219921],[49.585221,54.219904],[49.585147,54.219854],[49.58509,54.219828],[49.585002,54.219788],[49.584981,54.219782],[49.584731,54.219665],[49.584196,54.219665],[49.584159,54.219665],[49.583292,54.219665],[49.582935,54.219665]]]}},{"type":"Feature","id":"710","properties":{"id":"710","city":"dimitrovgrad","baseScore":35.07566666255889,"baseScoreNoCommerce":null,"baseRank":103,"population":535,"populationField":"pop_sum","pop_sum":535,"blocks":{"housing":0.3357228956163354,"infra":0.3673431779889753,"transport":1,"work":0,"green":0.09292318690163294,"commerce":0.3085507392465896},"compare":{"city":{"score":35.07566666255889,"rank":103,"blocks":{"housing":0.3357228956163354,"infra":0.3673431779889753,"transport":1,"work":0,"green":0.09292318690163294,"commerce":0.3085507392465896}},"all":{"score":38.925129077521994,"rank":521,"blocks":{"housing":0.604311031629627,"infra":0.371737128934847,"transport":1,"work":0,"green":0.09292318690163294,"commerce":0.3085507392465896}}},"indicators":[{"label":"Жильё: плотность","value":310.3553934720485},{"label":"Жильё: обеспеченность","value":31.53},{"label":"Жильё: износ","value":24.718504672897197},{"label":"Жильё: этажность","value":7},{"label":"Коммерческая инфраструктура: разнообразие","value":0.08333333333333333},{"label":"Транспорт: доступность","value":100},{"label":"Зелёные зоны: покрытие квартала зеленью","value":12.408},{"label":"Зелёные зоны: температура поверхности","value":38.28913370768229},{"label":"Экономика: активность ФНС","value":6.554},{"label":"Экономика: ККТ","value":2.157},{"label":"Экономика: медианный чек","value":0}]},"geometry":{"type":"Polygon","coordinates":[[[49.597153,54.219766],[49.598044,54.219929],[49.59749,54.22091],[49.595912,54.220698],[49.596041,54.220373],[49.596042,54.220368],[49.596027,54.220254],[49.595967,54.220247],[49.595967,54.220247],[49.595585,54.220177],[49.595947,54.219559],[49.5965,54.219675],[49.596551,54.219691],[49.596657,54.21961],[49.59666,54.219607],[49.596853,54.219381],[49.596855,54.219378],[49.596938,54.219214],[49.596938,54.219214],[49.596953,54.21918],[49.59739,54.219279],[49.597153,54.219766]]]}},{"type":"Feature","id":"711","properties":{"id":"711","city":"dimitrovgrad","baseScore":26.879784373510805,"baseScoreNoCommerce":null,"baseRank":126,"population":359,"populationField":"pop_sum","pop_sum":359,"blocks":{"housing":0.3448997587723747,"infra":0.22302740758730735,"transport":0.6780290592138618,"work":0,"green":0.184732238971139,"commerce":0.18209859786596552},"compare":{"city":{"score":26.879784373510805,"rank":126,"blocks":{"housing":0.3448997587723747,"infra":0.22302740758730735,"transport":0.6780290592138618,"work":0,"green":0.184732238971139,"commerce":0.18209859786596552}},"all":{"score":32.23933115515132,"rank":696,"blocks":{"housing":0.6540394078441956,"infra":0.24253944413628667,"transport":0.6826274351899922,"work":0,"green":0.184732238971139,"commerce":0.18209859786596552}}},"indicators":[{"label":"Жильё: плотность","value":19.42861937138028},{"label":"Жильё: обеспеченность","value":38.617},{"label":"Коммерческая инфраструктура: разнообразие","value":0},{"label":"Коммерческая инфраструктура: полнота корзины","value":7.521},{"label":"Транспорт: доступность","value":75.487},{"label":"Зелёные зоны: доступность","value":1.393},{"label":"Зелёные зоны: покрытие квартала зеленью","value":35.778},{"label":"Зелёные зоны: температура поверхности","value":37.29115772736378},{"label":"Экономика: активность ФНС","value":5.047},{"label":"Экономика: ККТ","value":2.15},{"label":"Экономика: медианный чек","value":0}]},"geometry":{"type":"Polygon","coordinates":[[[49.59697,54.219149],[49.596971,54.219148],[49.597127,54.21883],[49.597315,54.218447],[49.59833,54.216559],[49.598379,54.21647],[49.599477,54.216652],[49.5997,54.216689],[49.599657,54.216773],[49.599289,54.217501],[49.599287,54.217506],[49.599289,54.217512],[49.599294,54.217517],[49.599301,54.217521],[49.599309,54.217523],[49.599319,54.217524],[49.599328,54.217523],[49.599337,54.21752],[49.599343,54.217516],[49.599347,54.217512],[49.5994,54.217522],[49.600692,54.217762],[49.600796,54.217788],[49.600939,54.217842],[49.600944,54.217845],[49.601041,54.217937],[49.601045,54.217942],[49.601051,54.217946],[49.601059,54.217949],[49.601068,54.217951],[49.602131,54.218017],[49.602132,54.218017],[49.602134,54.218017],[49.602137,54.218017],[49.60214,54.218017],[49.602142,54.218016],[49.602143,54.218016],[49.602146,54.218015],[49.602149,54.218015],[49.602151,54.218014],[49.602152,54.218014],[49.602154,54.218012],[49.602157,54.218011],[49.602158,54.21801],[49.602159,54.21801],[49.60216,54.218008],[49.602162,54.218007],[49.602162,54.218006],[49.602163,54.218005],[49.602268,54.217819],[49.603644,54.218012],[49.603654,54.218012],[49.603663,54.218011],[49.603671,54.218009],[49.603678,54.218005],[49.603682,54.217999],[49.603933,54.21749],[49.603974,54.217409],[49.605297,54.217632],[49.60658,54.217875],[49.606968,54.217963],[49.607382,54.218057],[49.607974,54.218229],[49.607941,54.218286],[49.607831,54.218349],[49.606344,54.21885],[49.606194,54.2189],[49.604983,54.219297],[49.604624,54.219417],[49.604557,54.219439],[49.603933,54.219648],[49.602643,54.220074],[49.602171,54.220228],[49.601805,54.220348],[49.601624,54.220407],[49.600963,54.220625],[49.600876,54.220653],[49.600559,54.220756],[49.60015,54.220875],[49.599889,54.22095],[49.599695,54.220979],[49.599592,54.220995],[49.599347,54.221029],[49.599061,54.221046],[49.599058,54.221041],[49.599053,54.221036],[49.599046,54.221033],[49.599037,54.221031],[49.599027,54.22103],[49.599018,54.221032],[49.59901,54.221035],[49.599004,54.221039],[49.598997,54.221047],[49.598501,54.221019],[49.598476,54.221004],[49.598468,54.221],[49.598459,54.220998],[49.59845,54.220998],[49.59844,54.221],[49.598433,54.221003],[49.598427,54.221008],[49.598424,54.221013],[49.598424,54.221014],[49.597688,54.220947],[49.597541,54.220934],[49.598112,54.219918],[49.597951,54.219888],[49.597222,54.219758],[49.597468,54.219291],[49.597407,54.219248],[49.59697,54.219149]]]}},{"type":"Feature","id":"712","properties":{"id":"712","city":"dimitrovgrad","baseScore":50.51674836821885,"baseScoreNoCommerce":null,"baseRank":47,"population":623,"populationField":"pop_sum","pop_sum":623,"blocks":{"housing":0.4345950823482073,"infra":0.528398734929382,"transport":1,"work":0.2377300613496934,"green":0.477233546807559,"commerce":0.35304747665828934},"compare":{"city":{"score":50.51674836821885,"rank":47,"blocks":{"housing":0.4345950823482073,"infra":0.528398734929382,"transport":1,"work":0.2377300613496934,"green":0.477233546807559,"commerce":0.35304747665828934}},"all":{"score":51.473527362811666,"rank":252,"blocks":{"housing":0.6686716332611998,"infra":0.5297747555127407,"transport":1,"work":0.09569377990430644,"green":0.4777799706885994,"commerce":0.35304747665828934}}},"indicators":[{"label":"Жильё: плотность","value":149.1211933189747},{"label":"Жильё: обеспеченность","value":28.63},{"label":"Жильё: износ","value":11.143564356435643},{"label":"Жильё: этажность","value":7.833333},{"label":"Коммерческая инфраструктура: разнообразие","value":0.041666666666666664},{"label":"Коммерческая инфраструктура: полнота корзины","value":100},{"label":"Транспорт: доступность","value":100},{"label":"Крупные работодатели: обеспеченность","value":0.031},{"label":"Крупные работодатели: плотность","value":0.001},{"label":"Зелёные зоны: доступность","value":97.913},{"label":"Зелёные зоны: покрытие квартала зеленью","value":29.883},{"label":"Зелёные зоны: температура поверхности","value":37.588584899902344},{"label":"Экономика: активность ФНС","value":6.801},{"label":"Экономика: ККТ","value":2.405},{"label":"Экономика: медианный чек","value":5.535}]},"geometry":{"type":"Polygon","coordinates":[[[49.591236,54.217464],[49.591274,54.217385],[49.591474,54.216966],[49.591437,54.216962],[49.591369,54.216948],[49.59089,54.216848],[49.590912,54.216729],[49.590519,54.216667],[49.590177,54.216688],[49.589912,54.217236],[49.589591,54.21718],[49.589591,54.21718],[49.589592,54.217174],[49.58959,54.217169],[49.589586,54.217164],[49.589579,54.21716],[49.58957,54.217158],[49.588886,54.21704],[49.589299,54.216472],[49.589299,54.216472],[49.589299,54.216472],[49.589808,54.21577],[49.58981,54.215764],[49.589823,54.215677],[49.590239,54.215657],[49.59024,54.215657],[49.590649,54.215629],[49.590649,54.215629],[49.590649,54.215629],[49.590937,54.21561],[49.59112,54.215598],[49.59112,54.215598],[49.59112,54.215598],[49.592007,54.215538],[49.592448,54.215518],[49.592612,54.215516],[49.592579,54.215584],[49.592579,54.215584],[49.592329,54.216107],[49.592329,54.216107],[49.592329,54.216107],[49.592223,54.216322],[49.591645,54.217534],[49.591645,54.217535],[49.591236,54.217464]]]}},{"type":"Feature","id":"713","properties":{"id":"713","city":"dimitrovgrad","baseScore":47.48278560200928,"baseScoreNoCommerce":null,"baseRank":60,"population":498,"populationField":"pop_sum","pop_sum":498,"blocks":{"housing":0.14674778173606357,"infra":0.5,"transport":1,"work":0,"green":0.5685179612017597,"commerce":0.6337013931827337},"compare":{"city":{"score":47.48278560200928,"rank":60,"blocks":{"housing":0.14674778173606357,"infra":0.5,"transport":1,"work":0,"green":0.5685179612017597,"commerce":0.6337013931827337}},"all":{"score":49.850854122387744,"rank":283,"blocks":{"housing":0.46656315121631736,"infra":0.5,"transport":1,"work":0,"green":0.5685179612017597,"commerce":0.6337013931827337}}},"indicators":[{"label":"Жильё: плотность","value":241.37517544533964},{"label":"Жильё: обеспеченность","value":27.603},{"label":"Жильё: износ","value":38.65461847389558},{"label":"Жильё: этажность","value":4.5},{"label":"Коммерческая инфраструктура: разнообразие","value":0},{"label":"Коммерческая инфраструктура: полнота корзины","value":100},{"label":"Транспорт: доступность","value":100},{"label":"Зелёные зоны: доступность","value":100},{"label":"Зелёные зоны: покрытие квартала зеленью","value":45.353},{"label":"Зелёные зоны: температура поверхности","value":36.87901903235394},{"label":"Экономика: активность ФНС","value":8.454},{"label":"Экономика: ККТ","value":4.819},{"label":"Экономика: медианный чек","value":0}]},"geometry":{"type":"Polygon","coordinates":[[[49.591256,54.210666],[49.591305,54.210629],[49.591347,54.210589],[49.592585,54.210564],[49.59258,54.210876],[49.593927,54.210896],[49.593931,54.21054],[49.594888,54.210557],[49.594864,54.211324],[49.593996,54.211381],[49.592478,54.211477],[49.591114,54.211563],[49.591114,54.210876],[49.591182,54.210839],[49.591182,54.210689],[49.591256,54.210666]]]}},{"type":"Feature","id":"714","properties":{"id":"714","city":"dimitrovgrad","baseScore":54.591592204389734,"baseScoreNoCommerce":null,"baseRank":32,"population":7150,"populationField":"pop_sum","pop_sum":7150,"blocks":{"housing":0.36717667628497386,"infra":0.8225943383066473,"transport":0.4090303700570834,"work":0.19938650306748473,"green":0.517596231409685,"commerce":0.9597114131375092},"compare":{"city":{"score":54.591592204389734,"rank":32,"blocks":{"housing":0.36717667628497386,"infra":0.8225943383066473,"transport":0.4090303700570834,"work":0.19938650306748473,"green":0.517596231409685,"commerce":0.9597114131375092}},"all":{"score":53.42389597393289,"rank":212,"blocks":{"housing":0.6212452109264146,"infra":0.7948665987666146,"transport":0.41747057445042735,"work":0.0802592992745796,"green":0.517596231409685,"commerce":0.9597114131375092}}},"indicators":[{"label":"Жильё: плотность","value":224.19371840496183},{"label":"Жильё: обеспеченность","value":28.332},{"label":"Жильё: износ","value":17.514217610768366},{"label":"Жильё: этажность","value":8.487805},{"label":"Коммерческая инфраструктура: разнообразие","value":0.5833333333333334},{"label":"Коммерческая инфраструктура: полнота корзины","value":100},{"label":"Транспорт: доступность","value":55.007},{"label":"Крупные работодатели: обеспеченность","value":0.026},{"label":"Крупные работодатели: плотность","value":0.001},{"label":"Зелёные зоны: доступность","value":100},{"label":"Зелёные зоны: покрытие квартала зеленью","value":33.117},{"label":"Зелёные зоны: температура поверхности","value":37.10437047204306},{"label":"Экономика: активность ФНС","value":9.382},{"label":"Экономика: ККТ","value":99.631},{"label":"Экономика: медианный чек","value":403.487}]},"geometry":{"type":"Polygon","coordinates":[[[49.603087,54.210395],[49.603464,54.209682],[49.603611,54.20929],[49.603618,54.20929],[49.603618,54.20929],[49.603618,54.20929],[49.604735,54.209303],[49.604735,54.209303],[49.605168,54.209306],[49.605168,54.209306],[49.605168,54.209306],[49.606061,54.20931],[49.606209,54.209313],[49.606209,54.209313],[49.606209,54.209313],[49.607959,54.209338],[49.608112,54.20934],[49.608112,54.20934],[49.608969,54.209345],[49.609474,54.209349],[49.609889,54.209352],[49.609889,54.209352],[49.609889,54.209352],[49.610026,54.209353],[49.610202,54.209355],[49.610497,54.209357],[49.611155,54.209362],[49.612016,54.209375],[49.612015,54.209507],[49.611996,54.209645],[49.611818,54.210012],[49.611818,54.210012],[49.611818,54.210012],[49.611111,54.211477],[49.610922,54.211867],[49.610922,54.211867],[49.610716,54.212293],[49.610268,54.213219],[49.610082,54.213606],[49.609944,54.213844],[49.60961,54.213813],[49.608681,54.213645],[49.608446,54.213601],[49.608012,54.213521],[49.608012,54.213521],[49.608012,54.213521],[49.6074,54.213408],[49.6074,54.213408],[49.6074,54.213408],[49.60706,54.213347],[49.60706,54.213347],[49.606092,54.213174],[49.606092,54.213174],[49.606091,54.213174],[49.605106,54.21301],[49.605106,54.21301],[49.605106,54.21301],[49.60467,54.212937],[49.60467,54.212937],[49.60467,54.212937],[49.604539,54.212916],[49.603348,54.212714],[49.603348,54.212714],[49.603348,54.212714],[49.6022,54.212523],[49.602199,54.212522],[49.602199,54.212522],[49.601946,54.212487],[49.601593,54.212435],[49.600603,54.212281],[49.599877,54.212163],[49.599192,54.212044],[49.599192,54.212044],[49.599191,54.212044],[49.599134,54.212035],[49.597806,54.211809],[49.597873,54.211683],[49.597874,54.211683],[49.598025,54.211367],[49.598025,54.211367],[49.598026,54.211366],[49.598219,54.21092],[49.598568,54.210175],[49.598606,54.210093],[49.598699,54.210108],[49.598968,54.210151],[49.599034,54.210163],[49.599794,54.210302],[49.600045,54.210506],[49.600623,54.210552],[49.600776,54.210296],[49.600974,54.209964],[49.601144,54.209889],[49.601338,54.209915],[49.60155,54.20991],[49.601973,54.209937],[49.602321,54.210001],[49.6021,54.21047],[49.602978,54.210613],[49.603087,54.210395]]]}},{"type":"Feature","id":"715","properties":{"id":"715","city":"dimitrovgrad","baseScore":35.14613064393787,"baseScoreNoCommerce":null,"baseRank":102,"population":464,"populationField":"pop_sum","pop_sum":464,"blocks":{"housing":0.3965407147635365,"infra":0.5385289848742852,"transport":0.18191824436324283,"work":0,"green":0.5384009800164713,"commerce":0.4533789146187361},"compare":{"city":{"score":35.14613064393787,"rank":102,"blocks":{"housing":0.3965407147635365,"infra":0.5385289848742852,"transport":0.18191824436324283,"work":0,"green":0.5384009800164713,"commerce":0.4533789146187361}},"all":{"score":39.79225529611967,"rank":500,"blocks":{"housing":0.6963540477129747,"infra":0.5454128621360189,"transport":0.19360205496567076,"work":0,"green":0.5384009800164713,"commerce":0.4533789146187361}}},"indicators":[{"label":"Жильё: плотность","value":18.153911292654694},{"label":"Жильё: обеспеченность","value":40.655},{"label":"Коммерческая инфраструктура: разнообразие","value":0.125},{"label":"Коммерческая инфраструктура: полнота корзины","value":91.164},{"label":"Транспорт: доступность","value":37.716},{"label":"Зелёные зоны: доступность","value":100},{"label":"Зелёные зоны: покрытие квартала зеленью","value":40.706},{"label":"Зелёные зоны: температура поверхности","value":37.20424752157243},{"label":"Экономика: активность ФНС","value":7.14},{"label":"Экономика: ККТ","value":5.362},{"label":"Экономика: медианный чек","value":103.874}]},"geometry":{"type":"Polygon","coordinates":[[[49.610981,54.211876],[49.610981,54.211876],[49.612552,54.212114],[49.61238,54.212412],[49.612214,54.212613],[49.611489,54.213354],[49.610932,54.213924],[49.610705,54.21407],[49.610699,54.214076],[49.610621,54.214208],[49.609918,54.214883],[49.609503,54.215193],[49.6095,54.215197],[49.609313,54.215437],[49.609313,54.215438],[49.608921,54.215964],[49.607632,54.215762],[49.606361,54.215541],[49.606636,54.214989],[49.606636,54.214989],[49.606636,54.214989],[49.606636,54.214986],[49.606637,54.214984],[49.606637,54.214984],[49.606637,54.214984],[49.606636,54.214981],[49.606635,54.214978],[49.606635,54.214978],[49.606635,54.214978],[49.606633,54.214976],[49.60663,54.214973],[49.60663,54.214973],[49.60663,54.214973],[49.606627,54.214971],[49.606623,54.214969],[49.606623,54.214969],[49.606623,54.214969],[49.606619,54.214968],[49.606615,54.214967],[49.606615,54.214967],[49.606614,54.214967],[49.605302,54.214749],[49.605293,54.214748],[49.605283,54.214749],[49.605275,54.214752],[49.605268,54.214756],[49.605264,54.214761],[49.605264,54.214762],[49.604572,54.214645],[49.604298,54.215207],[49.603603,54.215064],[49.603579,54.215108],[49.603578,54.215108],[49.60227,54.214885],[49.600784,54.214631],[49.599476,54.214406],[49.599476,54.214406],[49.599476,54.214406],[49.598018,54.214159],[49.596696,54.213933],[49.596908,54.213511],[49.597214,54.212932],[49.597787,54.211844],[49.599117,54.21207],[49.599118,54.21207],[49.599118,54.21207],[49.599176,54.212079],[49.59986,54.212197],[49.59986,54.212197],[49.59986,54.212197],[49.600587,54.212315],[49.600587,54.212315],[49.600587,54.212315],[49.601577,54.21247],[49.601578,54.21247],[49.601578,54.21247],[49.601932,54.212521],[49.601932,54.212521],[49.601932,54.212521],[49.602183,54.212557],[49.603331,54.212749],[49.604523,54.21295],[49.604523,54.21295],[49.604523,54.21295],[49.604653,54.212972],[49.605089,54.213044],[49.606074,54.213209],[49.607043,54.213382],[49.607043,54.213382],[49.607043,54.213382],[49.607382,54.213442],[49.607993,54.213555],[49.608428,54.213636],[49.608428,54.213636],[49.608428,54.213636],[49.608663,54.213679],[49.608663,54.213679],[49.608663,54.213679],[49.609594,54.213847],[49.609598,54.213848],[49.60996,54.213882],[49.609962,54.213882],[49.609964,54.213882],[49.609967,54.213882],[49.609969,54.213882],[49.609972,54.213882],[49.609974,54.213882],[49.609976,54.213881],[49.609979,54.213881],[49.60998,54.21388],[49.609983,54.213879],[49.609984,54.213878],[49.609986,54.213877],[49.609988,54.213876],[49.609989,54.213875],[49.609991,54.213874],[49.609992,54.213873],[49.609993,54.213871],[49.609994,54.21387],[49.61014,54.213617],[49.610141,54.213616],[49.610328,54.213229],[49.610775,54.212303],[49.610981,54.211876],[49.610981,54.211876],[49.610981,54.211876]]]}},{"type":"Feature","id":"716","properties":{"id":"716","city":"dimitrovgrad","baseScore":65.76794794728697,"baseScoreNoCommerce":null,"baseRank":7,"population":7302,"populationField":"pop_sum","pop_sum":7302,"blocks":{"housing":0.20853985030193725,"infra":0.8216051654175702,"transport":1,"work":0.49846625766871194,"green":0.5310620545659375,"commerce":0.886403548883061},"compare":{"city":{"score":65.76794794728697,"rank":7,"blocks":{"housing":0.20853985030193725,"infra":0.8216051654175702,"transport":1,"work":0.49846625766871194,"green":0.5310620545659375,"commerce":0.886403548883061}},"all":{"score":62.30454054943929,"rank":93,"blocks":{"housing":0.5076958865863774,"infra":0.7907374488366006,"transport":1,"work":0.200648248186449,"green":0.5330197025575714,"commerce":0.886403548883061}}},"indicators":[{"label":"Жильё: плотность","value":170.72556168271407},{"label":"Жильё: обеспеченность","value":26.375},{"label":"Жильё: износ","value":30.911859764448096},{"label":"Жильё: этажность","value":6.230769},{"label":"Коммерческая инфраструктура: разнообразие","value":0.5416666666666666},{"label":"Коммерческая инфраструктура: полнота корзины","value":100},{"label":"Транспорт: доступность","value":100},{"label":"Крупные работодатели: обеспеченность","value":0.065},{"label":"Крупные работодатели: плотность","value":0.001},{"label":"Зелёные зоны: доступность","value":92.523},{"label":"Зелёные зоны: покрытие квартала зеленью","value":41.312},{"label":"Зелёные зоны: температура поверхности","value":36.790566119784785},{"label":"Экономика: активность ФНС","value":9.049},{"label":"Экономика: ККТ","value":89.476},{"label":"Экономика: медианный чек","value":146.712}]},"geometry":{"type":"Polygon","coordinates":[[[49.608923,54.209224],[49.608919,54.209292],[49.608918,54.209309],[49.608113,54.209304],[49.60796,54.209302],[49.60796,54.209302],[49.60796,54.209302],[49.606211,54.209277],[49.606062,54.209274],[49.606062,54.209274],[49.606062,54.209274],[49.605169,54.20927],[49.604736,54.209267],[49.603619,54.209254],[49.603461,54.209251],[49.603306,54.209248],[49.603306,54.209248],[49.603305,54.209248],[49.602587,54.209241],[49.602587,54.209241],[49.602587,54.209241],[49.602358,54.209239],[49.602358,54.209239],[49.602358,54.209239],[49.601567,54.20924],[49.601484,54.209238],[49.601483,54.209238],[49.601483,54.209238],[49.60115,54.209237],[49.60081,54.209235],[49.600579,54.209233],[49.600579,54.209233],[49.600579,54.209233],[49.599719,54.209228],[49.599718,54.209228],[49.599417,54.209228],[49.599439,54.20903],[49.599439,54.20903],[49.599452,54.208858],[49.599452,54.208857],[49.599452,54.208857],[49.599453,54.2087],[49.599456,54.208439],[49.599466,54.207245],[49.599467,54.20713],[49.599474,54.206802],[49.599474,54.206802],[49.599474,54.206802],[49.599477,54.206318],[49.59948,54.205936],[49.59948,54.205936],[49.59948,54.205936],[49.599484,54.205244],[49.599496,54.203932],[49.599496,54.203932],[49.599496,54.203932],[49.599495,54.203598],[49.599494,54.203431],[49.599784,54.203428],[49.600055,54.203426],[49.60077,54.203422],[49.60077,54.203422],[49.60077,54.203422],[49.601061,54.20342],[49.602154,54.203414],[49.603131,54.203408],[49.603131,54.203408],[49.603131,54.203408],[49.603435,54.203406],[49.604437,54.2034],[49.605836,54.203391],[49.605836,54.203391],[49.605836,54.203391],[49.606649,54.203386],[49.607344,54.203382],[49.607344,54.203382],[49.607344,54.203382],[49.607535,54.203381],[49.60821,54.203377],[49.608703,54.203374],[49.609105,54.203371],[49.609136,54.203543],[49.609225,54.204044],[49.609231,54.204075],[49.609231,54.204075],[49.609231,54.204075],[49.60939,54.204957],[49.609484,54.205482],[49.609557,54.205924],[49.609558,54.205924],[49.609558,54.205925],[49.609565,54.205958],[49.609565,54.205959],[49.609565,54.205959],[49.609599,54.206119],[49.609599,54.206119],[49.609599,54.206119],[49.609774,54.206943],[49.609781,54.206978],[49.609926,54.207693],[49.609977,54.207942],[49.609928,54.208214],[49.609683,54.208733],[49.609683,54.208733],[49.609683,54.208734],[49.609681,54.208739],[49.609629,54.208739],[49.609191,54.208743],[49.608952,54.208746],[49.608949,54.208784],[49.608923,54.209224]]]}},{"type":"Feature","id":"717","properties":{"id":"717","city":"dimitrovgrad","baseScore":53.12965266597854,"baseScoreNoCommerce":null,"baseRank":39,"population":3197,"populationField":"pop_sum","pop_sum":3197,"blocks":{"housing":0.3852741694476589,"infra":0.6623976910473993,"transport":0.7407603941461263,"work":0.20705521472392652,"green":0.4969520978362215,"commerce":0.6953395927573794},"compare":{"city":{"score":53.12965266597854,"rank":39,"blocks":{"housing":0.3852741694476589,"infra":0.6623976910473993,"transport":0.7407603941461263,"work":0.20705521472392652,"green":0.4969520978362215,"commerce":0.6953395927573794}},"all":{"score":53.25018888340349,"rank":214,"blocks":{"housing":0.6378630464869418,"infra":0.6709925305083898,"transport":0.7444628437296488,"work":0.08334619540052497,"green":0.4981559584040338,"commerce":0.6953395927573794}}},"indicators":[{"label":"Жильё: плотность","value":225.98427248424406},{"label":"Жильё: обеспеченность","value":30.91},{"label":"Жильё: износ","value":18.972126526777327},{"label":"Жильё: этажность","value":8.772727},{"label":"Коммерческая инфраструктура: разнообразие","value":0.3055555555555555},{"label":"Коммерческая инфраструктура: полнота корзины","value":100},{"label":"Транспорт: доступность","value":80.263},{"label":"Крупные работодатели: обеспеченность","value":0.027},{"label":"Крупные работодатели: плотность","value":0.001},{"label":"Зелёные зоны: доступность","value":95.402},{"label":"Зелёные зоны: покрытие квартала зеленью","value":22.771},{"label":"Зелёные зоны: температура поверхности","value":36.41422161366205},{"label":"Экономика: активность ФНС","value":8.258},{"label":"Экономика: ККТ","value":14.429},{"label":"Экономика: медианный чек","value":118.627}]},"geometry":{"type":"Polygon","coordinates":[[[49.610736,54.204765],[49.610583,54.204875],[49.610362,54.204894],[49.610365,54.20502],[49.610806,54.206807],[49.610557,54.206855],[49.610549,54.206857],[49.610542,54.206861],[49.610538,54.206866],[49.610536,54.206872],[49.610538,54.206877],[49.610654,54.20729],[49.61014,54.207319],[49.610208,54.207674],[49.609987,54.207689],[49.609987,54.207688],[49.609987,54.207688],[49.609987,54.207688],[49.609842,54.206974],[49.609842,54.206974],[49.609842,54.206974],[49.609834,54.206938],[49.609834,54.206938],[49.609834,54.206938],[49.60966,54.206115],[49.609626,54.205954],[49.609618,54.20592],[49.609545,54.205479],[49.609545,54.205478],[49.609545,54.205478],[49.609451,54.204954],[49.609451,54.204954],[49.609451,54.204954],[49.609292,54.204071],[49.609286,54.20404],[49.609286,54.20404],[49.609286,54.20404],[49.609196,54.203539],[49.609166,54.20337],[49.610136,54.203344],[49.610141,54.203343],[49.610788,54.203264],[49.610789,54.203264],[49.610789,54.203264],[49.611249,54.203202],[49.611251,54.203202],[49.613632,54.202743],[49.613633,54.202743],[49.613633,54.202743],[49.614587,54.202552],[49.614838,54.202528],[49.614939,54.202544],[49.615018,54.202595],[49.615126,54.202773],[49.615126,54.202773],[49.615126,54.202773],[49.615362,54.203143],[49.615362,54.203143],[49.615362,54.203143],[49.615982,54.204092],[49.616451,54.204811],[49.616451,54.204812],[49.616451,54.204812],[49.616633,54.205072],[49.616633,54.205073],[49.616634,54.205073],[49.617354,54.20603],[49.617438,54.206153],[49.617439,54.206153],[49.617439,54.206154],[49.617494,54.206223],[49.618393,54.207362],[49.618143,54.207348],[49.617727,54.207363],[49.61715,54.207454],[49.616922,54.207129],[49.615916,54.205881],[49.615562,54.205422],[49.615344,54.205169],[49.615266,54.205172],[49.614819,54.205199],[49.614678,54.205206],[49.614351,54.205241],[49.614145,54.205286],[49.613959,54.205336],[49.613777,54.205358],[49.613018,54.205396],[49.613017,54.205396],[49.613016,54.205396],[49.612218,54.205466],[49.611988,54.205398],[49.611771,54.205279],[49.611584,54.204906],[49.611465,54.204816],[49.611457,54.204811],[49.611068,54.20461],[49.610914,54.204622],[49.610736,54.204765]]]}},{"type":"Feature","id":"718","properties":{"id":"718","city":"dimitrovgrad","baseScore":33.58491572979492,"baseScoreNoCommerce":null,"baseRank":108,"population":815,"populationField":"pop_sum","pop_sum":815,"blocks":{"housing":0.3963678075799644,"infra":0.5006372534021262,"transport":0,"work":0.20705521472392652,"green":0.5479599254256693,"commerce":0.3630747426560091},"compare":{"city":{"score":33.58491572979492,"rank":108,"blocks":{"housing":0.3963678075799644,"infra":0.5006372534021262,"transport":0,"work":0.20705521472392652,"green":0.5479599254256693,"commerce":0.3630747426560091}},"all":{"score":35.51576221905674,"rank":614,"blocks":{"housing":0.6451161418288287,"infra":0.5010748284868203,"transport":0,"work":0.08334619540052497,"green":0.5558305762584244,"commerce":0.3630747426560091}}},"indicators":[{"label":"Жильё: плотность","value":251.90193689408312},{"label":"Жильё: обеспеченность","value":30.605},{"label":"Жильё: износ","value":17.474846625766872},{"label":"Жильё: этажность","value":8.5},{"label":"Коммерческая инфраструктура: разнообразие","value":0.041666666666666664},{"label":"Коммерческая инфраструктура: полнота корзины","value":100},{"label":"Транспорт: доступность","value":13.129},{"label":"Крупные работодатели: обеспеченность","value":0.027},{"label":"Крупные работодатели: плотность","value":0.001},{"label":"Зелёные зоны: доступность","value":69.939},{"label":"Зелёные зоны: покрытие квартала зеленью","value":38.084},{"label":"Зелёные зоны: температура поверхности","value":34.297548082139755},{"label":"Экономика: активность ФНС","value":7},{"label":"Экономика: ККТ","value":0.24},{"label":"Экономика: медианный чек","value":287}]},"geometry":{"type":"Polygon","coordinates":[[[49.61884,54.206247],[49.617795,54.206313],[49.617641,54.206323],[49.61755,54.206208],[49.61755,54.206208],[49.61755,54.206208],[49.617495,54.206139],[49.617411,54.206016],[49.617411,54.206016],[49.617411,54.206016],[49.61669,54.205058],[49.616508,54.204798],[49.61604,54.204079],[49.61604,54.204079],[49.61604,54.204079],[49.615419,54.203131],[49.615184,54.202761],[49.615073,54.20258],[49.615067,54.202574],[49.614978,54.202516],[49.614975,54.202515],[49.614972,54.202513],[49.614971,54.202513],[49.61497,54.202512],[49.614967,54.202512],[49.614963,54.202511],[49.614883,54.202498],[49.615866,54.202234],[49.615983,54.202366],[49.615778,54.202414],[49.616016,54.202589],[49.616171,54.202796],[49.616271,54.203058],[49.616366,54.203212],[49.616425,54.203308],[49.616747,54.203603],[49.61685,54.203698],[49.617192,54.204158],[49.617691,54.204673],[49.618523,54.205754],[49.61884,54.206247]]]}},{"type":"Feature","id":"719","properties":{"id":"719","city":"dimitrovgrad","baseScore":30.37570029578856,"baseScoreNoCommerce":null,"baseRank":117,"population":751,"populationField":"pop_sum","pop_sum":751,"blocks":{"housing":0.430365197281028,"infra":0.0767004003983394,"transport":0.8514859287941557,"work":0.053680981595092055,"green":0.4103095096786982,"commerce":0},"compare":{"city":{"score":30.37570029578856,"rank":117,"blocks":{"housing":0.430365197281028,"infra":0.0767004003983394,"transport":0.8514859287941557,"work":0.053680981595092055,"green":0.4103095096786982,"commerce":0}},"all":{"score":35.51270647434743,"rank":615,"blocks":{"housing":0.7020017632041278,"infra":0.12954330254389046,"transport":0.853607000762585,"work":0.021608272881617586,"green":0.42400204906862504,"commerce":0}}},"indicators":[{"label":"Жильё: плотность","value":16.190754346280986},{"label":"Жильё: обеспеченность","value":51.944},{"label":"Жильё: износ","value":41.13422818791946},{"label":"Коммерческая инфраструктура: разнообразие","value":0},{"label":"Коммерческая инфраструктура: полнота корзины","value":15.194},{"label":"Транспорт: доступность","value":88.693},{"label":"Крупные работодатели: обеспеченность","value":0.007},{"label":"Крупные работодатели: плотность","value":0},{"label":"Зелёные зоны: доступность","value":47.703},{"label":"Зелёные зоны: покрытие квартала зеленью","value":48.999},{"label":"Зелёные зоны: температура поверхности","value":36.31804873619551}]},"geometry":{"type":"Polygon","coordinates":[[[49.623362,54.206646],[49.623046,54.206155],[49.623844,54.205896],[49.623898,54.205958],[49.623904,54.205962],[49.623912,54.205965],[49.623921,54.205967],[49.62393,54.205967],[49.62394,54.205965],[49.623947,54.205962],[49.623953,54.205957],[49.623956,54.205952],[49.623956,54.205946],[49.623953,54.205941],[49.62345,54.205371],[49.622631,54.204427],[49.623562,54.20328],[49.62388,54.203118],[49.624217,54.203143],[49.62422,54.203143],[49.624223,54.203143],[49.624225,54.203143],[49.624226,54.203143],[49.624229,54.203142],[49.624233,54.203142],[49.624234,54.203141],[49.624235,54.203141],[49.624238,54.20314],[49.624241,54.203139],[49.624242,54.203138],[49.624243,54.203138],[49.624245,54.203136],[49.624247,54.203135],[49.624635,54.202748],[49.626413,54.201372],[49.626577,54.20133],[49.627044,54.201461],[49.627045,54.201461],[49.627045,54.201461],[49.627657,54.201621],[49.629241,54.202051],[49.629243,54.202051],[49.629245,54.202052],[49.62946,54.202089],[49.631067,54.202431],[49.631212,54.202467],[49.630939,54.20284],[49.630939,54.202841],[49.630525,54.203463],[49.629922,54.204367],[49.629922,54.204367],[49.629922,54.204368],[49.629796,54.204567],[49.629549,54.204927],[49.629549,54.204927],[49.629549,54.204927],[49.628384,54.206628],[49.628384,54.206628],[49.628384,54.206628],[49.628215,54.206875],[49.628082,54.20686],[49.627799,54.206814],[49.627795,54.206814],[49.627792,54.206814],[49.627394,54.206803],[49.62739,54.206803],[49.626783,54.206832],[49.626781,54.206832],[49.626286,54.20687],[49.626337,54.206801],[49.626338,54.2068],[49.626396,54.206709],[49.626398,54.206704],[49.626397,54.206698],[49.626393,54.206693],[49.626386,54.206689],[49.626378,54.206686],[49.626368,54.206685],[49.626359,54.206686],[49.62635,54.206688],[49.626343,54.206692],[49.626343,54.206692],[49.626065,54.206558],[49.626,54.206495],[49.626002,54.206471],[49.62449,54.206554],[49.624406,54.206455],[49.624401,54.206451],[49.624393,54.206447],[49.624384,54.206445],[49.624374,54.206445],[49.624365,54.206447],[49.624357,54.20645],[49.624352,54.206455],[49.624348,54.20646],[49.624348,54.206466],[49.62435,54.206468],[49.623362,54.206646]]]}},{"type":"Feature","id":"720","properties":{"id":"720","city":"dimitrovgrad","baseScore":30.37570029578856,"baseScoreNoCommerce":null,"baseRank":117,"population":388,"populationField":"pop_sum","pop_sum":388,"blocks":{"housing":0.430365197281028,"infra":0.0767004003983394,"transport":0.8514859287941557,"work":0.053680981595092055,"green":0.4103095096786982,"commerce":0},"compare":{"city":{"score":30.37570029578856,"rank":117,"blocks":{"housing":0.430365197281028,"infra":0.0767004003983394,"transport":0.8514859287941557,"work":0.053680981595092055,"green":0.4103095096786982,"commerce":0}},"all":{"score":35.51270647434743,"rank":615,"blocks":{"housing":0.7020017632041278,"infra":0.12954330254389046,"transport":0.853607000762585,"work":0.021608272881617586,"green":0.42400204906862504,"commerce":0}}},"indicators":[{"label":"Жильё: плотность","value":16.190754346280986},{"label":"Жильё: обеспеченность","value":51.944},{"label":"Жильё: износ","value":41.13422818791946},{"label":"Коммерческая инфраструктура: разнообразие","value":0},{"label":"Коммерческая инфраструктура: полнота корзины","value":15.194},{"label":"Транспорт: доступность","value":88.693},{"label":"Крупные работодатели: обеспеченность","value":0.007},{"label":"Крупные работодатели: плотность","value":0},{"label":"Зелёные зоны: доступность","value":47.703},{"label":"Зелёные зоны: покрытие квартала зеленью","value":48.999},{"label":"Зелёные зоны: температура поверхности","value":36.31804873619551}]},"geometry":{"type":"Polygon","coordinates":[[[49.622019,54.200195],[49.62225,54.200169],[49.622364,54.200228],[49.622169,54.200206],[49.622159,54.200206],[49.62215,54.200207],[49.622142,54.20021],[49.622136,54.200215],[49.622133,54.20022],[49.622133,54.200226],[49.622135,54.200231],[49.622141,54.200236],[49.622148,54.200239],[49.622157,54.200241],[49.622401,54.200269],[49.622886,54.20041],[49.622887,54.20041],[49.622887,54.20041],[49.623208,54.200495],[49.623209,54.200495],[49.623798,54.20064],[49.623798,54.20064],[49.623799,54.20064],[49.624729,54.200859],[49.625597,54.201105],[49.625598,54.201106],[49.625599,54.201106],[49.626498,54.201311],[49.626381,54.201341],[49.626374,54.201344],[49.626369,54.201347],[49.624585,54.202727],[49.624583,54.202729],[49.624204,54.203106],[49.623874,54.203082],[49.623871,54.203082],[49.623868,54.203082],[49.623866,54.203082],[49.623865,54.203082],[49.623862,54.203082],[49.623858,54.203083],[49.623857,54.203083],[49.623856,54.203084],[49.623853,54.203085],[49.62385,54.203086],[49.623517,54.203255],[49.623509,54.203261],[49.62259,54.204394],[49.621481,54.203599],[49.621474,54.203595],[49.621465,54.203593],[49.621455,54.203593],[49.621446,54.203594],[49.621438,54.203597],[49.621437,54.203597],[49.621385,54.20356],[49.620847,54.203758],[49.619871,54.204075],[49.619477,54.203859],[49.619436,54.203805],[49.619337,54.203671],[49.619225,54.203489],[49.619128,54.203348],[49.619026,54.203185],[49.618929,54.20305],[49.618828,54.202877],[49.618736,54.202727],[49.618677,54.20262],[49.618624,54.202532],[49.618586,54.202476],[49.618527,54.20241],[49.618479,54.202374],[49.618409,54.202322],[49.618409,54.202321],[49.618302,54.202196],[49.618184,54.202055],[49.618109,54.201927],[49.618055,54.201823],[49.617953,54.201669],[49.617857,54.201538],[49.617728,54.201406],[49.617567,54.201239],[49.617519,54.201164],[49.61747,54.201083],[49.61746,54.200995],[49.617492,54.200929],[49.617535,54.200866],[49.617615,54.200788],[49.617739,54.200706],[49.617835,54.20065],[49.617868,54.200642],[49.617952,54.200623],[49.618039,54.200602],[49.618129,54.20058],[49.618197,54.200563],[49.618275,54.200543],[49.618602,54.200468],[49.618924,54.200411],[49.619155,54.200383],[49.61931,54.200386],[49.619385,54.200392],[49.619498,54.200399],[49.619627,54.200392],[49.619782,54.200389],[49.619997,54.20038],[49.620158,54.20037],[49.620351,54.200361],[49.620603,54.200342],[49.620807,54.20032],[49.620984,54.200295],[49.621204,54.200279],[49.621424,54.20027],[49.621585,54.200257],[49.621751,54.200235],[49.621869,54.20022],[49.622019,54.200195]]]}},{"type":"Feature","id":"721","properties":{"id":"721","city":"dimitrovgrad","baseScore":32.77857192269743,"baseScoreNoCommerce":null,"baseRank":111,"population":511,"populationField":"pop_sum","pop_sum":511,"blocks":{"housing":0.3047192614655265,"infra":0.40105180567615617,"transport":0.3522621896598375,"work":0.09202453987730067,"green":0.37901217466280956,"commerce":0.43764434402021535},"compare":{"city":{"score":32.77857192269743,"rank":111,"blocks":{"housing":0.3047192614655265,"infra":0.40105180567615617,"transport":0.3522621896598375,"work":0.09202453987730067,"green":0.37901217466280956,"commerce":0.43764434402021535}},"all":{"score":36.42446707157571,"rank":594,"blocks":{"housing":0.581911430112562,"infra":0.4020973153303287,"transport":0.36151315491349384,"work":0.03704275351134443,"green":0.3933074298046077,"commerce":0.43764434402021535}}},"indicators":[{"label":"Жильё: плотность","value":35.30228330075372},{"label":"Жильё: обеспеченность","value":31.014},{"label":"Жильё: износ","value":27.167567567567566},{"label":"Жильё: этажность","value":3.428571},{"label":"Коммерческая инфраструктура: разнообразие","value":0.027777777777777776},{"label":"Коммерческая инфраструктура: полнота корзины","value":77.886},{"label":"Транспорт: доступность","value":50.685},{"label":"Крупные работодатели: обеспеченность","value":0.012},{"label":"Крупные работодатели: плотность","value":0},{"label":"Зелёные зоны: доступность","value":45.401},{"label":"Зелёные зоны: покрытие квартала зеленью","value":36.128},{"label":"Зелёные зоны: температура поверхности","value":35.86856060146545},{"label":"Экономика: активность ФНС","value":7.571},{"label":"Экономика: ККТ","value":4.026},{"label":"Экономика: медианный чек","value":107.303}]},"geometry":{"type":"Polygon","coordinates":[[[49.628978,54.200713],[49.631423,54.201235],[49.631661,54.201108],[49.632305,54.201253],[49.631969,54.201597],[49.631781,54.201789],[49.63178,54.20179],[49.631406,54.202211],[49.631405,54.202212],[49.631375,54.20225],[49.631375,54.202251],[49.631375,54.202251],[49.631341,54.202296],[49.631237,54.202434],[49.63109,54.202397],[49.631089,54.202397],[49.62948,54.202055],[49.629479,54.202055],[49.629479,54.202055],[49.629265,54.202018],[49.627683,54.201589],[49.627683,54.201589],[49.627683,54.201588],[49.62707,54.201428],[49.626591,54.201294],[49.62659,54.201294],[49.626589,54.201293],[49.625623,54.201073],[49.624755,54.200827],[49.624754,54.200827],[49.624753,54.200826],[49.623822,54.200607],[49.623233,54.200462],[49.623218,54.200458],[49.623196,54.200281],[49.623227,54.200162],[49.623683,54.200021],[49.624995,54.19939],[49.625211,54.199228],[49.625458,54.198666],[49.626524,54.197595],[49.627103,54.197044],[49.627473,54.197011],[49.627793,54.197055],[49.62868,54.197484],[49.628908,54.197552],[49.629243,54.197642],[49.628536,54.198358],[49.628536,54.198358],[49.628536,54.198358],[49.628534,54.198361],[49.628532,54.198364],[49.628532,54.198364],[49.628532,54.198364],[49.628532,54.198366],[49.628532,54.198369],[49.628532,54.198369],[49.628532,54.198369],[49.628533,54.198372],[49.628534,54.198375],[49.628534,54.198375],[49.628534,54.198375],[49.628537,54.198377],[49.628539,54.198379],[49.628539,54.198379],[49.62854,54.198379],[49.628543,54.198381],[49.628547,54.198383],[49.628547,54.198383],[49.628547,54.198383],[49.629153,54.198589],[49.629153,54.198589],[49.628558,54.199217],[49.629392,54.199495],[49.629449,54.199562],[49.62911,54.199952],[49.628759,54.200543],[49.628821,54.200558],[49.628978,54.200713]]]}},{"type":"Feature","id":"722","properties":{"id":"722","city":"dimitrovgrad","baseScore":30.37570029578856,"baseScoreNoCommerce":null,"baseRank":117,"population":396,"populationField":"pop_sum","pop_sum":396,"blocks":{"housing":0.430365197281028,"infra":0.0767004003983394,"transport":0.8514859287941557,"work":0.053680981595092055,"green":0.4103095096786982,"commerce":0},"compare":{"city":{"score":30.37570029578856,"rank":117,"blocks":{"housing":0.430365197281028,"infra":0.0767004003983394,"transport":0.8514859287941557,"work":0.053680981595092055,"green":0.4103095096786982,"commerce":0}},"all":{"score":35.51270647434743,"rank":615,"blocks":{"housing":0.7020017632041278,"infra":0.12954330254389046,"transport":0.853607000762585,"work":0.021608272881617586,"green":0.42400204906862504,"commerce":0}}},"indicators":[{"label":"Жильё: плотность","value":16.190754346280986},{"label":"Жильё: обеспеченность","value":51.944},{"label":"Жильё: износ","value":41.13422818791946},{"label":"Коммерческая инфраструктура: разнообразие","value":0},{"label":"Коммерческая инфраструктура: полнота корзины","value":15.194},{"label":"Транспорт: доступность","value":88.693},{"label":"Крупные работодатели: обеспеченность","value":0.007},{"label":"Крупные работодатели: плотность","value":0},{"label":"Зелёные зоны: доступность","value":47.703},{"label":"Зелёные зоны: покрытие квартала зеленью","value":48.999},{"label":"Зелёные зоны: температура поверхности","value":36.31804873619551}]},"geometry":{"type":"Polygon","coordinates":[[[49.637105,54.200472],[49.636435,54.201145],[49.636325,54.201256],[49.636323,54.201255],[49.636313,54.201254],[49.636304,54.201254],[49.636295,54.201256],[49.636287,54.20126],[49.636282,54.201265],[49.63628,54.20127],[49.63628,54.201276],[49.636284,54.201281],[49.63629,54.201285],[49.636298,54.201288],[49.636494,54.201339],[49.637331,54.201565],[49.638042,54.201758],[49.638042,54.201758],[49.638042,54.201758],[49.638778,54.201957],[49.639526,54.202159],[49.638491,54.20323],[49.638491,54.20323],[49.638491,54.20323],[49.637825,54.203919],[49.637034,54.203755],[49.637032,54.203754],[49.637031,54.203754],[49.636951,54.203744],[49.636236,54.203593],[49.635554,54.203424],[49.635553,54.203424],[49.635553,54.203424],[49.634688,54.203216],[49.634687,54.203216],[49.634687,54.203216],[49.632825,54.202798],[49.632706,54.20277],[49.631571,54.202511],[49.631294,54.202448],[49.631397,54.20231],[49.631431,54.202265],[49.63146,54.202228],[49.631834,54.201807],[49.632022,54.201615],[49.632022,54.201615],[49.632022,54.201615],[49.632509,54.201117],[49.632763,54.200883],[49.633066,54.200605],[49.633067,54.200604],[49.633108,54.200563],[49.633234,54.200436],[49.633802,54.199875],[49.635211,54.19851],[49.636267,54.197489],[49.63632,54.197437],[49.637533,54.197863],[49.637722,54.197936],[49.637901,54.198059],[49.637821,54.198205],[49.637823,54.198383],[49.637885,54.198516],[49.637892,54.198706],[49.637269,54.199348],[49.636941,54.199234],[49.636143,54.200158],[49.637105,54.200472]]]}},{"type":"Feature","id":"723","properties":{"id":"723","city":"dimitrovgrad","baseScore":30.37570029578856,"baseScoreNoCommerce":null,"baseRank":117,"population":380,"populationField":"pop_sum","pop_sum":380,"blocks":{"housing":0.430365197281028,"infra":0.0767004003983394,"transport":0.8514859287941557,"work":0.053680981595092055,"green":0.4103095096786982,"commerce":0},"compare":{"city":{"score":30.37570029578856,"rank":117,"blocks":{"housing":0.430365197281028,"infra":0.0767004003983394,"transport":0.8514859287941557,"work":0.053680981595092055,"green":0.4103095096786982,"commerce":0}},"all":{"score":35.51270647434743,"rank":615,"blocks":{"housing":0.7020017632041278,"infra":0.12954330254389046,"transport":0.853607000762585,"work":0.021608272881617586,"green":0.42400204906862504,"commerce":0}}},"indicators":[{"label":"Жильё: плотность","value":16.190754346280986},{"label":"Жильё: обеспеченность","value":51.944},{"label":"Жильё: износ","value":41.13422818791946},{"label":"Коммерческая инфраструктура: разнообразие","value":0},{"label":"Коммерческая инфраструктура: полнота корзины","value":15.194},{"label":"Транспорт: доступность","value":88.693},{"label":"Крупные работодатели: обеспеченность","value":0.007},{"label":"Крупные работодатели: плотность","value":0},{"label":"Зелёные зоны: доступность","value":47.703},{"label":"Зелёные зоны: покрытие квартала зеленью","value":48.999},{"label":"Зелёные зоны: температура поверхности","value":36.31804873619551}]},"geometry":{"type":"Polygon","coordinates":[[[49.636719,54.205884],[49.636709,54.2059],[49.636681,54.205993],[49.632523,54.206488],[49.632394,54.206492],[49.631333,54.206527],[49.630439,54.206514],[49.630403,54.206513],[49.630402,54.206508],[49.630398,54.206503],[49.630392,54.206499],[49.630384,54.206496],[49.630375,54.206495],[49.630365,54.206495],[49.630356,54.206497],[49.630349,54.206501],[49.630344,54.206506],[49.630326,54.206531],[49.630169,54.20663],[49.630041,54.206694],[49.629889,54.206724],[49.629329,54.206823],[49.628976,54.206869],[49.628602,54.206888],[49.628442,54.206892],[49.628291,54.206883],[49.628277,54.206881],[49.628441,54.206641],[49.629606,54.20494],[49.629854,54.204581],[49.629854,54.20458],[49.629854,54.20458],[49.629979,54.20438],[49.630583,54.203476],[49.630583,54.203476],[49.630996,54.202854],[49.631269,54.202481],[49.631549,54.202544],[49.632684,54.202804],[49.632803,54.202831],[49.632803,54.202831],[49.632803,54.202831],[49.634665,54.203249],[49.63553,54.203457],[49.636213,54.203627],[49.636214,54.203627],[49.636215,54.203627],[49.636932,54.203778],[49.636934,54.203778],[49.636936,54.203779],[49.637016,54.203789],[49.637801,54.203952],[49.637527,54.204492],[49.637185,54.205057],[49.636638,54.205908],[49.636636,54.205913],[49.636637,54.205919],[49.636641,54.205924],[49.636647,54.205928],[49.636656,54.205931],[49.636665,54.205932],[49.636675,54.205932],[49.636683,54.205929],[49.636691,54.205925],[49.636695,54.205921],[49.636719,54.205884]]]}},{"type":"Feature","id":"724","properties":{"id":"724","city":"dimitrovgrad","baseScore":30.37570029578856,"baseScoreNoCommerce":null,"baseRank":117,"population":283,"populationField":"pop_sum","pop_sum":283,"blocks":{"housing":0.430365197281028,"infra":0.0767004003983394,"transport":0.8514859287941557,"work":0.053680981595092055,"green":0.4103095096786982,"commerce":0},"compare":{"city":{"score":30.37570029578856,"rank":117,"blocks":{"housing":0.430365197281028,"infra":0.0767004003983394,"transport":0.8514859287941557,"work":0.053680981595092055,"green":0.4103095096786982,"commerce":0}},"all":{"score":35.51270647434743,"rank":615,"blocks":{"housing":0.7020017632041278,"infra":0.12954330254389046,"transport":0.853607000762585,"work":0.021608272881617586,"green":0.42400204906862504,"commerce":0}}},"indicators":[{"label":"Жильё: плотность","value":16.190754346280986},{"label":"Жильё: обеспеченность","value":51.944},{"label":"Жильё: износ","value":41.13422818791946},{"label":"Коммерческая инфраструктура: разнообразие","value":0},{"label":"Коммерческая инфраструктура: полнота корзины","value":15.194},{"label":"Транспорт: доступность","value":88.693},{"label":"Крупные работодатели: обеспеченность","value":0.007},{"label":"Крупные работодатели: плотность","value":0},{"label":"Зелёные зоны: доступность","value":47.703},{"label":"Зелёные зоны: покрытие квартала зеленью","value":48.999},{"label":"Зелёные зоны: температура поверхности","value":36.31804873619551}]},"geometry":{"type":"Polygon","coordinates":[[[49.636681,54.205993],[49.636709,54.2059],[49.636719,54.205884],[49.637242,54.205069],[49.637242,54.205069],[49.637585,54.204503],[49.637586,54.204502],[49.637867,54.203948],[49.638544,54.203248],[49.638544,54.203248],[49.639582,54.202174],[49.640695,54.202461],[49.640696,54.202461],[49.640696,54.202461],[49.642029,54.202769],[49.642029,54.202769],[49.642029,54.202769],[49.642263,54.202823],[49.642266,54.202823],[49.642269,54.202824],[49.642398,54.202837],[49.642401,54.202837],[49.642405,54.202837],[49.642406,54.202837],[49.642408,54.202837],[49.642411,54.202837],[49.642414,54.202836],[49.642527,54.202812],[49.642538,54.202807],[49.642613,54.202761],[49.642619,54.202756],[49.642905,54.202374],[49.642908,54.202369],[49.642907,54.202363],[49.642903,54.202358],[49.642897,54.202354],[49.642889,54.202351],[49.642888,54.20235],[49.643057,54.202111],[49.643741,54.201115],[49.643784,54.201561],[49.644054,54.201932],[49.644052,54.201933],[49.644044,54.201937],[49.644039,54.201941],[49.644036,54.201947],[49.644037,54.201952],[49.64404,54.201958],[49.644046,54.201962],[49.644055,54.201965],[49.644064,54.201966],[49.644073,54.201966],[49.644079,54.201965],[49.645888,54.204202],[49.639756,54.20551],[49.638163,54.205817],[49.636681,54.205993]]]}},{"type":"Feature","id":"725","properties":{"id":"725","city":"dimitrovgrad","baseScore":37.31950485378282,"baseScoreNoCommerce":null,"baseRank":91,"population":166,"populationField":"pop_sum","pop_sum":166,"blocks":{"housing":0.2180418430137727,"infra":0.5273504273504274,"transport":1,"work":0,"green":0.2531458243745634,"commerce":0.24063219648820527},"compare":{"city":{"score":37.31950485378282,"rank":91,"blocks":{"housing":0.2180418430137727,"infra":0.5273504273504274,"transport":1,"work":0,"green":0.2531458243745634,"commerce":0.24063219648820527}},"all":{"score":42.23491561549581,"rank":437,"blocks":{"housing":0.522385821677991,"infra":0.5305555555555556,"transport":1,"work":0,"green":0.270180006310595,"commerce":0.24063219648820527}}},"indicators":[{"label":"Жильё: плотность","value":50.15480341995078},{"label":"Жильё: обеспеченность","value":31.562},{"label":"Жильё: износ","value":36.53896103896104},{"label":"Жильё: этажность","value":2.4},{"label":"Коммерческая инфраструктура: разнообразие","value":0.08333333333333333},{"label":"Коммерческая инфраструктура: полнота корзины","value":100},{"label":"Транспорт: доступность","value":100},{"label":"Зелёные зоны: доступность","value":34.94},{"label":"Зелёные зоны: покрытие квартала зеленью","value":40.223},{"label":"Зелёные зоны: температура поверхности","value":38.100763108995224},{"label":"Экономика: активность ФНС","value":4.533},{"label":"Экономика: ККТ","value":2.281},{"label":"Экономика: медианный чек","value":0.368}]},"geometry":{"type":"Polygon","coordinates":[[[49.636214,54.19747],[49.635265,54.198388],[49.634917,54.198278],[49.63484,54.198245],[49.634751,54.198206],[49.634747,54.198204],[49.632884,54.197645],[49.633373,54.197085],[49.633633,54.196788],[49.63382,54.19674],[49.634332,54.196487],[49.635278,54.196492],[49.635685,54.196543],[49.636162,54.196675],[49.636744,54.196957],[49.636742,54.196959],[49.636611,54.197087],[49.636214,54.19747]]]}},{"type":"Feature","id":"726","properties":{"id":"726","city":"dimitrovgrad","baseScore":32.552833227572485,"baseScoreNoCommerce":null,"baseRank":112,"population":231,"populationField":"pop_sum","pop_sum":231,"blocks":{"housing":0.24342956666133075,"infra":0.4341942382474512,"transport":0.4843578838419528,"work":0.015337423312883444,"green":0.557343982119776,"commerce":0.21850689947095506},"compare":{"city":{"score":32.552833227572485,"rank":112,"blocks":{"housing":0.24342956666133075,"infra":0.4341942382474512,"transport":0.4843578838419528,"work":0.015337423312883444,"green":0.557343982119776,"commerce":0.21850689947095506}},"all":{"score":37.57898689894176,"rank":561,"blocks":{"housing":0.5389409038437616,"infra":0.4392185347287286,"transport":0.49172226372491,"work":0.6173792251890738,"green":0.5724968373681139,"commerce":0.21850689947095506}}},"indicators":[{"label":"Жильё: плотность","value":18.135515241284132},{"label":"Жильё: обеспеченность","value":30.836},{"label":"Жильё: износ","value":33.07692307692308},{"label":"Жильё: этажность","value":3.714286},{"label":"Коммерческая инфраструктура: разнообразие","value":0.125},{"label":"Транспорт: доступность","value":60.742},{"label":"Крупные работодатели: обеспеченность","value":0.002},{"label":"Крупные работодатели: плотность","value":0},{"label":"Зелёные зоны: доступность","value":61.417},{"label":"Зелёные зоны: покрытие квартала зеленью","value":54.759},{"label":"Экономика: активность ФНС","value":6.375},{"label":"Экономика: ККТ","value":2.895},{"label":"Экономика: медианный чек","value":0}]},"geometry":{"type":"Polygon","coordinates":[[[49.563277,54.286755],[49.562032,54.286308],[49.561467,54.286843],[49.561466,54.286842],[49.560161,54.286419],[49.558991,54.28602],[49.561707,54.283388],[49.561711,54.283383],[49.56178,54.283213],[49.561873,54.283059],[49.562225,54.282732],[49.562483,54.282493],[49.562748,54.28229],[49.563648,54.281445],[49.564359,54.280929],[49.564624,54.280733],[49.565845,54.281192],[49.567021,54.281632],[49.566888,54.281754],[49.564197,54.284261],[49.564605,54.284447],[49.564844,54.284556],[49.564898,54.285115],[49.563773,54.286081],[49.563947,54.286166],[49.563277,54.286755]]]}},{"type":"Feature","id":"727","properties":{"id":"727","city":"dimitrovgrad","baseScore":32.552833227572485,"baseScoreNoCommerce":null,"baseRank":112,"population":889,"populationField":"pop_sum","pop_sum":889,"blocks":{"housing":0.24342956666133075,"infra":0.4341942382474512,"transport":0.4843578838419528,"work":0.015337423312883444,"green":0.557343982119776,"commerce":0.21850689947095506},"compare":{"city":{"score":32.552833227572485,"rank":112,"blocks":{"housing":0.24342956666133075,"infra":0.4341942382474512,"transport":0.4843578838419528,"work":0.015337423312883444,"green":0.557343982119776,"commerce":0.21850689947095506}},"all":{"score":37.57898689894176,"rank":561,"blocks":{"housing":0.5389409038437616,"infra":0.4392185347287286,"transport":0.49172226372491,"work":0.6173792251890738,"green":0.5724968373681139,"commerce":0.21850689947095506}}},"indicators":[{"label":"Жильё: плотность","value":18.135515241284132},{"label":"Жильё: обеспеченность","value":30.836},{"label":"Жильё: износ","value":33.07692307692308},{"label":"Жильё: этажность","value":3.714286},{"label":"Коммерческая инфраструктура: разнообразие","value":0.125},{"label":"Транспорт: доступность","value":60.742},{"label":"Крупные работодатели: обеспеченность","value":0.002},{"label":"Крупные работодатели: плотность","value":0},{"label":"Зелёные зоны: доступность","value":61.417},{"label":"Зелёные зоны: покрытие квартала зеленью","value":54.759},{"label":"Экономика: активность ФНС","value":6.375},{"label":"Экономика: ККТ","value":2.895},{"label":"Экономика: медианный чек","value":0}]},"geometry":{"type":"Polygon","coordinates":[[[49.567659,54.287256],[49.567621,54.287402],[49.566869,54.28955],[49.565378,54.289338],[49.564902,54.28927],[49.564817,54.289444],[49.564676,54.289639],[49.564387,54.29034],[49.564308,54.29051],[49.564172,54.290803],[49.564149,54.290865],[49.563957,54.291387],[49.563605,54.292259],[49.563245,54.292834],[49.560419,54.292177],[49.560621,54.291857],[49.558522,54.291189],[49.557953,54.291245],[49.556991,54.291043],[49.558288,54.289823],[49.557988,54.289713],[49.55736,54.289291],[49.556888,54.288994],[49.557397,54.28817],[49.557957,54.287567],[49.558158,54.286704],[49.558931,54.286041],[49.558934,54.286042],[49.56013,54.28645],[49.56013,54.28645],[49.560131,54.28645],[49.561435,54.286873],[49.561093,54.287187],[49.563937,54.288241],[49.564613,54.287574],[49.56511,54.287126],[49.56496,54.286675],[49.56664,54.286703],[49.567659,54.287256]]]}},{"type":"Feature","id":"728","properties":{"id":"728","city":"dimitrovgrad","baseScore":22.564916680816246,"baseScoreNoCommerce":null,"baseRank":133,"population":254,"populationField":"pop_sum","pop_sum":254,"blocks":{"housing":0.2789316079108503,"infra":0.25040131342078764,"transport":null,"work":0,"green":0.5989129127091742,"commerce":0},"compare":{"city":{"score":22.564916680816246,"rank":133,"blocks":{"housing":0.2789316079108503,"infra":0.25040131342078764,"transport":null,"work":0,"green":0.5989129127091742,"commerce":0}},"all":{"score":28.42674847226928,"rank":746,"blocks":{"housing":0.5667100074318101,"infra":0.2557145034724797,"transport":null,"work":0,"green":0.5989129127091742,"commerce":0}}},"indicators":[{"label":"Жильё: плотность","value":42.67246900317323},{"label":"Жильё: обеспеченность","value":32.789},{"label":"Жильё: износ","value":32},{"label":"Жильё: этажность","value":5},{"label":"Коммерческая инфраструктура: разнообразие","value":0},{"label":"Зелёные зоны: доступность","value":100},{"label":"Зелёные зоны: покрытие квартала зеленью","value":53.498},{"label":"Зелёные зоны: температура поверхности","value":36.80686807632446}]},"geometry":{"type":"Polygon","coordinates":[[[49.590907,54.236835],[49.59126,54.236816],[49.591597,54.236864],[49.591856,54.236904],[49.592036,54.236328],[49.592172,54.235981],[49.593431,54.235957],[49.593175,54.237079],[49.593175,54.237079],[49.593175,54.237079],[49.592681,54.239313],[49.592587,54.239738],[49.592488,54.240113],[49.592301,54.240122],[49.59136,54.240008],[49.590611,54.239908],[49.590547,54.239887],[49.590512,54.239837],[49.590515,54.239771],[49.590554,54.23969],[49.590618,54.239583],[49.590715,54.239498],[49.590748,54.239454],[49.590931,54.239213],[49.591033,54.239167],[49.590723,54.239124],[49.590789,54.239023],[49.590833,54.238957],[49.590945,54.238787],[49.590452,54.238716],[49.590351,54.238623],[49.590464,54.2385],[49.590511,54.238449],[49.590563,54.238393],[49.590661,54.238285],[49.590892,54.238034],[49.590892,54.23797],[49.590891,54.237935],[49.590889,54.237434],[49.590888,54.237241],[49.590887,54.237165],[49.590886,54.236833],[49.590907,54.236835]]]}},{"type":"Feature","id":"729","properties":{"id":"729","city":"dimitrovgrad","baseScore":35.155022960996426,"baseScoreNoCommerce":null,"baseRank":101,"population":2024,"populationField":"pop_sum","pop_sum":2024,"blocks":{"housing":0.28274801286571305,"infra":0.6638979405744513,"transport":0,"work":0.023006134969325166,"green":0.48083610059839466,"commerce":0.6588131886519016},"compare":{"city":{"score":35.155022960996426,"rank":101,"blocks":{"housing":0.28274801286571305,"infra":0.6638979405744513,"transport":0,"work":0.023006134969325166,"green":0.48083610059839466,"commerce":0.6588131886519016}},"all":{"score":37.75204760067143,"rank":555,"blocks":{"housing":0.5638617747128118,"infra":0.6701374492226736,"transport":0,"work":0.9260688377836107,"green":0.48083610059839466,"commerce":0.6588131886519016}}},"indicators":[{"label":"Жильё: плотность","value":206.89842384903682},{"label":"Жильё: обеспеченность","value":29.25},{"label":"Жильё: износ","value":27.129751647237708},{"label":"Жильё: этажность","value":7.166667},{"label":"Коммерческая инфраструктура: разнообразие","value":0.3333333333333333},{"label":"Коммерческая инфраструктура: полнота корзины","value":100},{"label":"Транспорт: доступность","value":18.577},{"label":"Крупные работодатели: обеспеченность","value":0.003},{"label":"Крупные работодатели: плотность","value":0},{"label":"Зелёные зоны: доступность","value":100},{"label":"Зелёные зоны: покрытие квартала зеленью","value":27.842},{"label":"Зелёные зоны: температура поверхности","value":37.530763368348815},{"label":"Экономика: активность ФНС","value":7.922},{"label":"Экономика: ККТ","value":13.592},{"label":"Экономика: медианный чек","value":74.108}]},"geometry":{"type":"Polygon","coordinates":[[[49.593839,54.232754],[49.593839,54.232754],[49.59384,54.232582],[49.593843,54.232379],[49.592959,54.232369],[49.592937,54.232159],[49.593118,54.23215],[49.593119,54.231883],[49.593081,54.231395],[49.593071,54.23121],[49.5941,54.231204],[49.596834,54.231048],[49.596834,54.231049],[49.596839,54.231053],[49.596847,54.231057],[49.596856,54.231059],[49.596865,54.231059],[49.597945,54.230996],[49.597887,54.231463],[49.598574,54.231512],[49.598251,54.232024],[49.598096,54.232395],[49.598041,54.23266],[49.597873,54.232941],[49.597824,54.233217],[49.59759,54.2333],[49.597531,54.233551],[49.597334,54.234],[49.596117,54.233894],[49.595796,54.234425],[49.593854,54.234316],[49.593854,54.234314],[49.593854,54.234314],[49.593854,54.234314],[49.593868,54.232915],[49.59387,54.232772],[49.593868,54.232767],[49.593864,54.232762],[49.593857,54.232758],[49.593849,54.232755],[49.593839,54.232754]]]}},{"type":"Feature","id":"730","properties":{"id":"730","city":"dimitrovgrad","baseScore":57.2786904307434,"baseScoreNoCommerce":null,"baseRank":27,"population":925,"populationField":"pop_sum","pop_sum":925,"blocks":{"housing":0.19367380483717067,"infra":0.5928299954989926,"transport":0.7983691954469871,"work":1,"green":0.5497856160063361,"commerce":0.3020628140551172},"compare":{"city":{"score":57.2786904307434,"rank":27,"blocks":{"housing":0.19367380483717067,"infra":0.5928299954989926,"transport":0.7983691954469871,"work":1,"green":0.5497856160063361,"commerce":0.3020628140551172}},"all":{"score":52.01607985113537,"rank":243,"blocks":{"housing":0.5015556108517352,"infra":0.5973040011516577,"transport":0.8012488784563935,"work":0.4198178731285702,"green":0.5497856160063361,"commerce":0.3020628140551172}}},"indicators":[{"label":"Жильё: плотность","value":65.61032855524638},{"label":"Жильё: обеспеченность","value":29.084},{"label":"Жильё: износ","value":35.83555555555556},{"label":"Жильё: этажность","value":2.608696},{"label":"Коммерческая инфраструктура: разнообразие","value":0.15277777777777776},{"label":"Коммерческая инфраструктура: полнота корзины","value":100},{"label":"Транспорт: доступность","value":84.649},{"label":"Крупные работодатели: обеспеченность","value":0.136},{"label":"Крупные работодатели: плотность","value":0.001},{"label":"Зелёные зоны: доступность","value":100},{"label":"Зелёные зоны: покрытие квартала зеленью","value":48.756},{"label":"Зелёные зоны: температура поверхности","value":37.54774673263748},{"label":"Экономика: активность ФНС","value":5.736},{"label":"Экономика: ККТ","value":5.474},{"label":"Экономика: медианный чек","value":0}]},"geometry":{"type":"Polygon","coordinates":[[[49.601171,54.22667],[49.601847,54.227092],[49.601968,54.227266],[49.602342,54.227055],[49.603509,54.227769],[49.603297,54.227886],[49.602941,54.228083],[49.602941,54.228083],[49.602941,54.228083],[49.602837,54.22814],[49.602837,54.228141],[49.601134,54.229113],[49.601134,54.229113],[49.601134,54.229113],[49.600445,54.229515],[49.599972,54.22979],[49.599245,54.230209],[49.599245,54.230209],[49.599245,54.230209],[49.599192,54.23024],[49.599024,54.230336],[49.59887,54.230398],[49.59887,54.230398],[49.598746,54.230448],[49.598598,54.230501],[49.59859,54.230504],[49.598585,54.230509],[49.598583,54.230514],[49.598584,54.23052],[49.598584,54.23052],[49.598385,54.230547],[49.598117,54.230583],[49.597945,54.230602],[49.597526,54.230652],[49.597524,54.230647],[49.597518,54.230643],[49.59751,54.230639],[49.597501,54.230638],[49.597491,54.230638],[49.596961,54.23069],[49.595712,54.230806],[49.595395,54.230828],[49.594896,54.23051],[49.594541,54.23031],[49.594546,54.230306],[49.594549,54.230301],[49.59455,54.230295],[49.594547,54.23029],[49.594542,54.230285],[49.594534,54.230282],[49.594525,54.23028],[49.594516,54.23028],[49.594506,54.230281],[49.594498,54.230284],[49.594009,54.230545],[49.593834,54.230589],[49.593671,54.230598],[49.593362,54.230599],[49.593035,54.230366],[49.593171,54.230298],[49.59597,54.2289],[49.59699,54.22836],[49.598159,54.227749],[49.598609,54.227514],[49.600231,54.22664],[49.600719,54.226932],[49.601171,54.22667]]]}},{"type":"Feature","id":"731","properties":{"id":"731","city":"dimitrovgrad","baseScore":48.32249985050448,"baseScoreNoCommerce":null,"baseRank":54,"population":81,"populationField":"pop_sum","pop_sum":81,"blocks":{"housing":0.3864557783138395,"infra":0.3111931079748455,"transport":1,"work":0.49846625766871194,"green":0.5643757860703801,"commerce":0.13885906100249207},"compare":{"city":{"score":48.32249985050448,"rank":54,"blocks":{"housing":0.3864557783138395,"infra":0.3111931079748455,"transport":1,"work":0.49846625766871194,"green":0.5643757860703801,"commerce":0.13885906100249207}},"all":{"score":48.576560466635236,"rank":312,"blocks":{"housing":0.6880904428710835,"infra":0.3350448683927138,"transport":1,"work":0.200648248186449,"green":0.5643757860703801,"commerce":0.13885906100249207}}},"indicators":[{"label":"Жильё: плотность","value":9.036389370562956},{"label":"Жильё: обеспеченность","value":40.257},{"label":"Коммерческая инфраструктура: разнообразие","value":0},{"label":"Коммерческая инфраструктура: полнота корзины","value":51.163},{"label":"Транспорт: доступность","value":100},{"label":"Крупные работодатели: обеспеченность","value":0.065},{"label":"Крупные работодатели: плотность","value":0},{"label":"Зелёные зоны: доступность","value":100},{"label":"Зелёные зоны: покрытие квартала зеленью","value":42.934},{"label":"Зелёные зоны: температура поверхности","value":36.791832733154294},{"label":"Экономика: активность ФНС","value":3.936},{"label":"Экономика: ККТ","value":0.753},{"label":"Экономика: медианный чек","value":0}]},"geometry":{"type":"Polygon","coordinates":[[[49.59989,54.230893],[49.599002,54.230627],[49.598972,54.230596],[49.598976,54.230595],[49.598983,54.230591],[49.598987,54.230586],[49.599014,54.230535],[49.599016,54.230531],[49.599023,54.230464],[49.599032,54.230417],[49.59907,54.23036],[49.599235,54.230265],[49.599288,54.230235],[49.600016,54.229816],[49.600016,54.229816],[49.600016,54.229816],[49.600488,54.22954],[49.601177,54.229139],[49.602879,54.228166],[49.60334,54.227912],[49.60334,54.227912],[49.60334,54.227912],[49.603552,54.227794],[49.604223,54.227423],[49.604462,54.227529],[49.605154,54.227922],[49.604939,54.227979],[49.604742,54.227979],[49.604657,54.228008],[49.604621,54.228021],[49.604521,54.228056],[49.604488,54.228168],[49.604422,54.228295],[49.604225,54.228402],[49.604162,54.228441],[49.603985,54.22855],[49.603886,54.228649],[49.603637,54.228704],[49.60328,54.228784],[49.603007,54.228841],[49.602598,54.228905],[49.602377,54.228998],[49.602351,54.229152],[49.602361,54.22918],[49.602398,54.229278],[49.602464,54.229391],[49.602553,54.229512],[49.602506,54.229616],[49.602384,54.229734],[49.602092,54.229882],[49.602017,54.22997],[49.601918,54.230023],[49.601838,54.230097],[49.601838,54.230226],[49.602126,54.230188],[49.602593,54.230348],[49.602861,54.230067],[49.603591,54.230285],[49.60257,54.231409],[49.601933,54.231193],[49.601891,54.23148],[49.601623,54.231397],[49.601623,54.231397],[49.601623,54.231397],[49.601553,54.231376],[49.60099,54.231205],[49.60066,54.231104],[49.60066,54.231104],[49.60066,54.231104],[49.600433,54.231036],[49.599933,54.230884],[49.599923,54.230882],[49.599914,54.230882],[49.599905,54.230884],[49.599897,54.230887],[49.599891,54.230892],[49.59989,54.230893]]]}},{"type":"Feature","id":"732","properties":{"id":"732","city":"dimitrovgrad","baseScore":48.32249985050448,"baseScoreNoCommerce":null,"baseRank":54,"population":43,"populationField":"pop_sum","pop_sum":43,"blocks":{"housing":0.3864557783138395,"infra":0.3111931079748455,"transport":1,"work":0.49846625766871194,"green":0.5643757860703801,"commerce":0.13885906100249207},"compare":{"city":{"score":48.32249985050448,"rank":54,"blocks":{"housing":0.3864557783138395,"infra":0.3111931079748455,"transport":1,"work":0.49846625766871194,"green":0.5643757860703801,"commerce":0.13885906100249207}},"all":{"score":48.576560466635236,"rank":312,"blocks":{"housing":0.6880904428710835,"infra":0.3350448683927138,"transport":1,"work":0.200648248186449,"green":0.5643757860703801,"commerce":0.13885906100249207}}},"indicators":[{"label":"Жильё: плотность","value":9.036389370562956},{"label":"Жильё: обеспеченность","value":40.257},{"label":"Коммерческая инфраструктура: разнообразие","value":0},{"label":"Коммерческая инфраструктура: полнота корзины","value":51.163},{"label":"Транспорт: доступность","value":100},{"label":"Крупные работодатели: обеспеченность","value":0.065},{"label":"Крупные работодатели: плотность","value":0},{"label":"Зелёные зоны: доступность","value":100},{"label":"Зелёные зоны: покрытие квартала зеленью","value":42.934},{"label":"Зелёные зоны: температура поверхности","value":36.791832733154294},{"label":"Экономика: активность ФНС","value":3.936},{"label":"Экономика: ККТ","value":0.753},{"label":"Экономика: медианный чек","value":0}]},"geometry":{"type":"Polygon","coordinates":[[[49.609174,54.224725],[49.609919,54.225205],[49.610185,54.225337],[49.610046,54.225511],[49.609851,54.225504],[49.609401,54.22544],[49.60932,54.225529],[49.609295,54.225557],[49.609277,54.225576],[49.609187,54.225608],[49.609122,54.225632],[49.609088,54.225644],[49.608817,54.225579],[49.608457,54.225676],[49.608451,54.225694],[49.608451,54.225695],[49.608352,54.225977],[49.608069,54.226263],[49.607848,54.226425],[49.607391,54.226594],[49.607006,54.22656],[49.606762,54.226727],[49.606554,54.227031],[49.60639,54.227157],[49.60641,54.227165],[49.60638,54.22719],[49.606358,54.227181],[49.606297,54.227228],[49.606243,54.227312],[49.606235,54.227323],[49.606223,54.227342],[49.606391,54.227415],[49.606485,54.227403],[49.606561,54.227545],[49.606565,54.227704],[49.606462,54.227819],[49.606401,54.227943],[49.60634,54.228031],[49.60618,54.228083],[49.605983,54.228069],[49.605766,54.227973],[49.605602,54.227907],[49.605437,54.227899],[49.605198,54.22791],[49.604516,54.2275],[49.604277,54.227393],[49.604459,54.227293],[49.60546,54.226744],[49.607158,54.225823],[49.607158,54.225823],[49.607159,54.225823],[49.609053,54.224789],[49.609174,54.224725]]]}},{"type":"Feature","id":"733","properties":{"id":"733","city":"dimitrovgrad","baseScore":43.74060911922306,"baseScoreNoCommerce":null,"baseRank":70,"population":194,"populationField":"pop_sum","pop_sum":194,"blocks":{"housing":0.42360834077634185,"infra":0.1798855525145389,"transport":0.932290613154141,"work":0.37576687116564433,"green":0.5428919940339565,"commerce":0.169993175508761},"compare":{"city":{"score":43.74060911922306,"rank":70,"blocks":{"housing":0.42360834077634185,"infra":0.1798855525145389,"transport":0.932290613154141,"work":0.37576687116564433,"green":0.5428919940339565,"commerce":0.169993175508761}},"all":{"score":44.45830797749727,"rank":380,"blocks":{"housing":0.6738352013290049,"infra":0.20937876944339312,"transport":0.9332576358831808,"work":0.1512579101713231,"green":0.5428919940339565,"commerce":0.169993175508761}}},"indicators":[{"label":"Жильё: плотность","value":16.810851471868496},{"label":"Жильё: обеспеченность","value":36.867},{"label":"Жильё: износ","value":22.689655172413794},{"label":"Жильё: этажность","value":2.5},{"label":"Коммерческая инфраструктура: разнообразие","value":0},{"label":"Коммерческая инфраструктура: полнота корзины","value":10.825},{"label":"Транспорт: доступность","value":94.845},{"label":"Крупные работодатели: обеспеченность","value":0.049},{"label":"Крупные работодатели: плотность","value":0},{"label":"Зелёные зоны: доступность","value":100},{"label":"Зелёные зоны: покрытие квартала зеленью","value":47.714},{"label":"Зелёные зоны: температура поверхности","value":37.62379628057065},{"label":"Экономика: активность ФНС","value":4.336},{"label":"Экономика: ККТ","value":1.927},{"label":"Экономика: медианный чек","value":0}]},"geometry":{"type":"Polygon","coordinates":[[[49.607092,54.223316],[49.607451,54.223532],[49.607561,54.223603],[49.607561,54.223603],[49.607555,54.223607],[49.607552,54.223613],[49.607552,54.223618],[49.607555,54.223624],[49.60756,54.223628],[49.607568,54.223632],[49.607577,54.223633],[49.607586,54.223633],[49.607596,54.223632],[49.607642,54.223619],[49.607644,54.223618],[49.607647,54.223617],[49.607999,54.223468],[49.608001,54.223467],[49.609667,54.22263],[49.609718,54.222635],[49.611173,54.223559],[49.611106,54.223606],[49.610851,54.223748],[49.610851,54.223748],[49.610851,54.223748],[49.610356,54.224021],[49.609332,54.224588],[49.60916,54.224682],[49.60916,54.224682],[49.60916,54.224682],[49.609011,54.224763],[49.607117,54.225796],[49.605418,54.226717],[49.605418,54.226717],[49.604417,54.227267],[49.604417,54.227267],[49.604232,54.227369],[49.604232,54.227369],[49.604232,54.227369],[49.604231,54.227369],[49.604094,54.227286],[49.602577,54.226366],[49.60271,54.226287],[49.603877,54.225627],[49.604642,54.225187],[49.60423,54.224976],[49.603854,54.224759],[49.604406,54.224454],[49.604424,54.224444],[49.604699,54.224293],[49.604846,54.224368],[49.605276,54.224107],[49.605386,54.224239],[49.605391,54.224272],[49.605309,54.224429],[49.605309,54.224429],[49.605292,54.224431],[49.605283,54.224433],[49.605276,54.224437],[49.605271,54.224441],[49.605268,54.224447],[49.605269,54.224452],[49.605273,54.224458],[49.605279,54.224462],[49.605287,54.224465],[49.605296,54.224466],[49.605306,54.224466],[49.605684,54.224416],[49.605695,54.224413],[49.606883,54.223899],[49.60689,54.223895],[49.606894,54.22389],[49.606896,54.223884],[49.606894,54.223879],[49.60689,54.223874],[49.60689,54.223873],[49.607012,54.22382],[49.606758,54.223682],[49.606534,54.223555],[49.607002,54.223313],[49.607092,54.223316]]]}},{"type":"Feature","id":"734","properties":{"id":"734","city":"dimitrovgrad","baseScore":36.1210808617631,"baseScoreNoCommerce":null,"baseRank":100,"population":21,"populationField":"pop_sum","pop_sum":21,"blocks":{"housing":0.22945510936328095,"infra":0.5,"transport":1,"work":0,"green":0.4378097423425046,"commerce":0},"compare":{"city":{"score":36.1210808617631,"rank":100,"blocks":{"housing":0.22945510936328095,"infra":0.5,"transport":1,"work":0,"green":0.4378097423425046,"commerce":0}},"all":{"score":41.62089523093179,"rank":453,"blocks":{"housing":0.5594439715134024,"infra":0.5,"transport":1,"work":0,"green":0.4378097423425046,"commerce":0}}},"indicators":[{"label":"Жильё: плотность","value":15.166938702564451},{"label":"Жильё: обеспеченность","value":34.061},{"label":"Коммерческая инфраструктура: разнообразие","value":0},{"label":"Коммерческая инфраструктура: полнота корзины","value":100},{"label":"Транспорт: доступность","value":100},{"label":"Зелёные зоны: доступность","value":100},{"label":"Зелёные зоны: покрытие квартала зеленью","value":24.11},{"label":"Зелёные зоны: температура поверхности","value":38.210845947265625}]},"geometry":{"type":"Polygon","coordinates":[[[49.61333,54.21867],[49.61326,54.218646],[49.613203,54.218623],[49.613197,54.218605],[49.613159,54.218489],[49.613199,54.218014],[49.613199,54.218014],[49.613199,54.218014],[49.613212,54.217853],[49.61451,54.217966],[49.61459,54.217707],[49.614607,54.217652],[49.614609,54.217653],[49.615155,54.217702],[49.614999,54.21818],[49.614803,54.218855],[49.614657,54.218848],[49.614651,54.218849],[49.61438,54.218871],[49.614373,54.218872],[49.614366,54.218874],[49.614208,54.218944],[49.614264,54.218762],[49.613461,54.218667],[49.61333,54.21867]]]}},{"type":"Feature","id":"735","properties":{"id":"735","city":"dimitrovgrad","baseScore":51.052153396448226,"baseScoreNoCommerce":null,"baseRank":46,"population":99,"populationField":"pop_sum","pop_sum":99,"blocks":{"housing":0.4676763728664205,"infra":0.6148108119248904,"transport":1,"work":0,"green":0.6321290778666168,"commerce":0.3485129411289661},"compare":{"city":{"score":51.052153396448226,"rank":46,"blocks":{"housing":0.4676763728664205,"infra":0.6148108119248904,"transport":1,"work":0,"green":0.6321290778666168,"commerce":0.3485129411289661}},"all":{"score":54.64872440532124,"rank":192,"blocks":{"housing":0.7057600709890505,"infra":0.6151520732051261,"transport":1,"work":0,"green":0.6321290778666168,"commerce":0.3485129411289661}}},"indicators":[{"label":"Жильё: плотность","value":19.33774082931264},{"label":"Жильё: обеспеченность","value":37.656},{"label":"Жильё: износ","value":19.27906976744186},{"label":"Жильё: этажность","value":1.75},{"label":"Коммерческая инфраструктура: разнообразие","value":0.19444444444444445},{"label":"Коммерческая инфраструктура: полнота корзины","value":100},{"label":"Транспорт: доступность","value":100},{"label":"Зелёные зоны: доступность","value":100},{"label":"Зелёные зоны: покрытие квартала зеленью","value":52.087},{"label":"Зелёные зоны: температура поверхности","value":35.963734346277576},{"label":"Экономика: активность ФНС","value":6.573},{"label":"Экономика: ККТ","value":1.061},{"label":"Экономика: медианный чек","value":63.751}]},"geometry":{"type":"Polygon","coordinates":[[[49.620005,54.219029],[49.62046,54.219098],[49.62032,54.219502],[49.620157,54.219483],[49.619384,54.219383],[49.619383,54.219383],[49.61734,54.219148],[49.617399,54.21907],[49.617401,54.219067],[49.617571,54.218658],[49.617571,54.218658],[49.617572,54.218657],[49.617643,54.218415],[49.617643,54.218414],[49.61774,54.217966],[49.61775,54.217921],[49.61775,54.21792],[49.61775,54.217919],[49.617749,54.2175],[49.617749,54.217498],[49.617748,54.217495],[49.617731,54.217464],[49.618053,54.216514],[49.618358,54.216536],[49.619212,54.2164],[49.619155,54.216547],[49.619234,54.216692],[49.619246,54.216703],[49.619241,54.216872],[49.619495,54.217028],[49.619682,54.217135],[49.619872,54.217191],[49.620049,54.217427],[49.620054,54.21768],[49.620059,54.217693],[49.620067,54.217799],[49.62009,54.217781],[49.620122,54.218056],[49.620005,54.219029]]]}},{"type":"Feature","id":"736","properties":{"id":"736","city":"dimitrovgrad","baseScore":59.3504845064054,"baseScoreNoCommerce":null,"baseRank":22,"population":2709,"populationField":"pop_sum","pop_sum":2709,"blocks":{"housing":0.19885969285381022,"infra":0.7680995302525602,"transport":1,"work":0.6211656441717794,"green":0.5847324186367582,"commerce":0.3881717844694162},"compare":{"city":{"score":59.3504845064054,"rank":22,"blocks":{"housing":0.19885969285381022,"infra":0.7680995302525602,"transport":1,"work":0.6211656441717794,"green":0.5847324186367582,"commerce":0.3881717844694162}},"all":{"score":57.44891371597789,"rank":152,"blocks":{"housing":0.5058900135989234,"infra":0.7637062554322372,"transport":1,"work":0.25003858620157493,"green":0.5847324186367582,"commerce":0.3881717844694162}}},"indicators":[{"label":"Жильё: плотность","value":36.591551976345514},{"label":"Жильё: обеспеченность","value":29.548},{"label":"Жильё: износ","value":35.904901673026124},{"label":"Жильё: этажность","value":5.166667},{"label":"Коммерческая инфраструктура: разнообразие","value":0.4305555555555555},{"label":"Коммерческая инфраструктура: полнота корзины","value":100},{"label":"Транспорт: доступность","value":100},{"label":"Крупные работодатели: обеспеченность","value":0.081},{"label":"Крупные работодатели: плотность","value":0.001},{"label":"Зелёные зоны: доступность","value":100},{"label":"Зелёные зоны: покрытие квартала зеленью","value":48.904},{"label":"Зелёные зоны: температура поверхности","value":36.78167958413401},{"label":"Экономика: активность ФНС","value":7.665},{"label":"Экономика: ККТ","value":14.628},{"label":"Экономика: медианный чек","value":0}]},"geometry":{"type":"Polygon","coordinates":[[[49.600482,54.232742],[49.601159,54.231944],[49.601595,54.231429],[49.601874,54.231515],[49.601874,54.231515],[49.601874,54.231515],[49.602344,54.231659],[49.602953,54.231846],[49.602953,54.231846],[49.603358,54.231971],[49.605491,54.232627],[49.605727,54.2327],[49.605616,54.232819],[49.605558,54.232881],[49.604994,54.233487],[49.604934,54.23355],[49.604869,54.233621],[49.604739,54.23376],[49.604739,54.23376],[49.604739,54.23376],[49.604333,54.234195],[49.604333,54.234196],[49.604224,54.234327],[49.604158,54.234406],[49.604158,54.234406],[49.604158,54.234406],[49.604105,54.234471],[49.604048,54.234538],[49.604048,54.234539],[49.603889,54.234756],[49.603888,54.234757],[49.60379,54.234922],[49.60379,54.234922],[49.60379,54.234922],[49.60371,54.235067],[49.60371,54.235068],[49.603709,54.235068],[49.603695,54.235095],[49.603562,54.235352],[49.60343,54.235606],[49.603334,54.235791],[49.602271,54.237833],[49.602082,54.238196],[49.6019,54.238537],[49.6019,54.238537],[49.601751,54.238849],[49.601691,54.238976],[49.601637,54.23909],[49.601595,54.239178],[49.600892,54.239054],[49.600517,54.238998],[49.59996,54.238913],[49.599902,54.239047],[49.599875,54.239129],[49.599415,54.239064],[49.599015,54.239379],[49.598513,54.239354],[49.598652,54.237668],[49.598594,54.237619],[49.598508,54.237606],[49.598503,54.237322],[49.598497,54.236959],[49.598776,54.235935],[49.598803,54.235836],[49.598955,54.235681],[49.59891,54.235314],[49.599308,54.235318],[49.599365,54.234829],[49.599535,54.234833],[49.599554,54.234529],[49.599579,54.234128],[49.599595,54.233857],[49.5996,54.233782],[49.599705,54.233658],[49.599765,54.233587],[49.599944,54.233377],[49.600051,54.233251],[49.600415,54.23282],[49.600481,54.232743],[49.600482,54.232742]]]}},{"type":"Feature","id":"737","properties":{"id":"737","city":"dimitrovgrad","baseScore":50.03802824726983,"baseScoreNoCommerce":null,"baseRank":49,"population":1557,"populationField":"pop_sum","pop_sum":1557,"blocks":{"housing":0.1416419282556566,"infra":0.680583342915609,"transport":0.9257626664495064,"work":0.03067484662576689,"green":0.5419721467731656,"commerce":0.6816467638164848},"compare":{"city":{"score":50.03802824726983,"rank":49,"blocks":{"housing":0.1416419282556566,"infra":0.680583342915609,"transport":0.9257626664495064,"work":0.03067484662576689,"green":0.5419721467731656,"commerce":0.6816467638164848}},"all":{"score":53.51919971845634,"rank":210,"blocks":{"housing":0.46243387553155485,"infra":0.6808289038857024,"transport":0.9268229210498036,"work":0.012347584503781477,"green":0.5419721467731656,"commerce":0.6816467638164848}}},"indicators":[{"label":"Жильё: плотность","value":100.18604062320112},{"label":"Жильё: обеспеченность","value":27.235},{"label":"Жильё: износ","value":38.6990099009901},{"label":"Жильё: этажность","value":2.903226},{"label":"Коммерческая инфраструктура: разнообразие","value":0.3333333333333333},{"label":"Коммерческая инфраструктура: полнота корзины","value":100},{"label":"Транспорт: доступность","value":94.348},{"label":"Крупные работодатели: обеспеченность","value":0.004},{"label":"Крупные работодатели: плотность","value":0},{"label":"Зелёные зоны: доступность","value":100},{"label":"Зелёные зоны: покрытие квартала зеленью","value":52.414},{"label":"Зелёные зоны: температура поверхности","value":37.992594653775235},{"label":"Экономика: активность ФНС","value":8.539},{"label":"Экономика: ККТ","value":16.663},{"label":"Экономика: медианный чек","value":291.132}]},"geometry":{"type":"Polygon","coordinates":[[[49.61686,54.227436],[49.615669,54.227799],[49.61639,54.228231],[49.615712,54.228639],[49.616136,54.228863],[49.616906,54.22928],[49.616778,54.229363],[49.615534,54.230003],[49.615197,54.229825],[49.61399,54.230534],[49.613504,54.230296],[49.61327,54.230233],[49.612657,54.230001],[49.612608,54.229995],[49.612429,54.229974],[49.61189,54.230275],[49.611545,54.230227],[49.611387,54.230137],[49.610918,54.230411],[49.610524,54.230181],[49.610394,54.230221],[49.61011,54.2301],[49.609981,54.230266],[49.609395,54.230728],[49.609247,54.230798],[49.609155,54.230885],[49.609081,54.230906],[49.608832,54.230865],[49.608833,54.230863],[49.608833,54.230858],[49.60883,54.230852],[49.608825,54.230848],[49.608817,54.230844],[49.608455,54.230733],[49.608455,54.230733],[49.608455,54.230733],[49.608091,54.230621],[49.60785,54.230541],[49.608162,54.2302],[49.60818,54.230183],[49.60818,54.230183],[49.60818,54.230183],[49.60848,54.229894],[49.608809,54.229627],[49.609102,54.229429],[49.609102,54.229429],[49.609102,54.229429],[49.609268,54.229317],[49.609541,54.229152],[49.609541,54.229152],[49.609541,54.229152],[49.610272,54.22871],[49.610412,54.228626],[49.610805,54.22839],[49.611139,54.228195],[49.611139,54.228195],[49.611139,54.228195],[49.611452,54.228001],[49.612215,54.227553],[49.612215,54.227553],[49.612215,54.227553],[49.612637,54.227307],[49.612637,54.227307],[49.612637,54.227307],[49.613352,54.226883],[49.613352,54.226882],[49.613523,54.226778],[49.613523,54.226778],[49.613523,54.226778],[49.61406,54.226449],[49.614062,54.226447],[49.614269,54.226294],[49.61427,54.226293],[49.614298,54.226305],[49.6145,54.226388],[49.614561,54.226414],[49.614559,54.226416],[49.614868,54.22655],[49.615171,54.226682],[49.61534,54.226816],[49.615434,54.226775],[49.615861,54.226591],[49.61544,54.22678],[49.61594,54.226556],[49.616057,54.22665],[49.616145,54.226721],[49.616195,54.226762],[49.616206,54.22677],[49.616266,54.226818],[49.616399,54.226926],[49.61645,54.226967],[49.6169,54.227329],[49.616967,54.227397],[49.61686,54.227436]]]}},{"type":"Feature","id":"738","properties":{"id":"738","city":"dimitrovgrad","baseScore":25.713576234512164,"baseScoreNoCommerce":null,"baseRank":130,"population":1800,"populationField":"pop_sum","pop_sum":1800,"blocks":{"housing":0.43687533028167214,"infra":0.382981520472122,"transport":0,"work":0.06901840490797549,"green":0.5238154479075865,"commerce":0.13012387050137367},"compare":{"city":{"score":25.713576234512164,"rank":130,"blocks":{"housing":0.43687533028167214,"infra":0.382981520472122,"transport":0,"work":0.06901840490797549,"green":0.5238154479075865,"commerce":0.13012387050137367}},"all":{"score":29.10710399781036,"rank":735,"blocks":{"housing":0.6779139920140635,"infra":0.3940636750677832,"transport":0,"work":0.02778206513350832,"green":0.5238154479075865,"commerce":0.13012387050137367}}},"indicators":[{"label":"Жильё: плотность","value":39.73077459014414},{"label":"Жильё: обеспеченность","value":33.549},{"label":"Жильё: износ","value":17.153679653679653},{"label":"Жильё: этажность","value":3.333333},{"label":"Коммерческая инфраструктура: разнообразие","value":0},{"label":"Коммерческая инфраструктура: полнота корзины","value":74.889},{"label":"Транспорт: доступность","value":18.556},{"label":"Крупные работодатели: обеспеченность","value":0.009},{"label":"Крупные работодатели: плотность","value":0},{"label":"Зелёные зоны: доступность","value":100},{"label":"Зелёные зоны: покрытие квартала зеленью","value":38.382},{"label":"Зелёные зоны: температура поверхности","value":37.35630855505336},{"label":"Экономика: активность ФНС","value":3.506},{"label":"Экономика: ККТ","value":1.585},{"label":"Экономика: медианный чек","value":0}]},"geometry":{"type":"Polygon","coordinates":[[[49.615192,54.229864],[49.615532,54.230048],[49.615843,54.229902],[49.616457,54.229626],[49.616461,54.229624],[49.617,54.229273],[49.616952,54.22925],[49.616209,54.228823],[49.616885,54.228448],[49.617058,54.228535],[49.618052,54.229041],[49.618446,54.229026],[49.618456,54.229026],[49.619782,54.228946],[49.619761,54.228981],[49.620397,54.233843],[49.620142,54.233911],[49.619769,54.233928],[49.61915,54.233913],[49.618688,54.233939],[49.617691,54.233994],[49.616283,54.234086],[49.615488,54.23416],[49.614818,54.234183],[49.614763,54.234185],[49.614546,54.234191],[49.61316,54.234231],[49.61252,54.234268],[49.611825,54.234368],[49.611463,54.234393],[49.611096,54.234411],[49.610393,54.234428],[49.610361,54.234416],[49.61014,54.23433],[49.609866,54.234239],[49.609716,54.234222],[49.609469,54.23422],[49.609075,54.233718],[49.610843,54.23314],[49.610756,54.232016],[49.611436,54.231999],[49.611487,54.231532],[49.611497,54.231485],[49.611493,54.231389],[49.611122,54.231414],[49.610509,54.231439],[49.609138,54.230974],[49.60918,54.230892],[49.609272,54.230805],[49.609428,54.230746],[49.61001,54.230276],[49.610125,54.230124],[49.610398,54.230243],[49.610509,54.230206],[49.610905,54.230446],[49.611386,54.230166],[49.611535,54.230244],[49.611909,54.230304],[49.612447,54.230012],[49.612643,54.230021],[49.61315,54.230226],[49.61346,54.230303],[49.613751,54.230443],[49.614003,54.230567],[49.61405,54.230541],[49.615192,54.229864]]]}},{"type":"Feature","id":"739","properties":{"id":"739","city":"dimitrovgrad","baseScore":37.78434461077659,"baseScoreNoCommerce":null,"baseRank":88,"population":810,"populationField":"pop_sum","pop_sum":810,"blocks":{"housing":0.25825156093020124,"infra":0.3679811821678309,"transport":0.95297776820404,"work":0,"green":0.5199260827578369,"commerce":0.16792408258668665},"compare":{"city":{"score":37.78434461077659,"rank":88,"blocks":{"housing":0.25825156093020124,"infra":0.3679811821678309,"transport":0.95297776820404,"work":0,"green":0.5199260827578369,"commerce":0.16792408258668665}},"all":{"score":42.56880183445879,"rank":425,"blocks":{"housing":0.5651306883354466,"infra":0.3576929601264428,"transport":0.9536493378199392,"work":0,"green":0.5199260827578369,"commerce":0.16792408258668665}}},"indicators":[{"label":"Жильё: плотность","value":23.188102174692382},{"label":"Жильё: обеспеченность","value":41.032},{"label":"Жильё: износ","value":44.524},{"label":"Жильё: этажность","value":4},{"label":"Коммерческая инфраструктура: разнообразие","value":0.20833333333333334},{"label":"Транспорт: доступность","value":96.42},{"label":"Зелёные зоны: доступность","value":100},{"label":"Зелёные зоны: покрытие квартала зеленью","value":17.34},{"label":"Зелёные зоны: температура поверхности","value":35.883236729146866},{"label":"Экономика: активность ФНС","value":4.54},{"label":"Экономика: ККТ","value":2.176},{"label":"Экономика: медианный чек","value":0}]},"geometry":{"type":"Polygon","coordinates":[[[49.631019,54.233324],[49.629542,54.233416],[49.62823,54.233501],[49.628134,54.23274],[49.628134,54.23274],[49.628134,54.23274],[49.627909,54.231305],[49.627909,54.231305],[49.627909,54.231305],[49.627825,54.23077],[49.627815,54.230665],[49.627815,54.230665],[49.627815,54.230665],[49.627742,54.230078],[49.627742,54.230078],[49.627742,54.230078],[49.627553,54.228552],[49.62883,54.228491],[49.62883,54.228491],[49.62883,54.228491],[49.63022,54.228425],[49.63022,54.228424],[49.630221,54.228424],[49.631665,54.228346],[49.633044,54.228326],[49.633044,54.228326],[49.633045,54.228326],[49.633246,54.22832],[49.633914,54.228301],[49.633916,54.22835],[49.634004,54.22841],[49.634262,54.229771],[49.634624,54.230676],[49.634825,54.231519],[49.634872,54.232347],[49.634839,54.232361],[49.634965,54.232572],[49.63486,54.233083],[49.633891,54.233161],[49.632264,54.233266],[49.631019,54.233324]]]}},{"type":"Feature","id":"740","properties":{"id":"740","city":"dimitrovgrad","baseScore":53.15200728248195,"baseScoreNoCommerce":null,"baseRank":35,"population":377,"populationField":"pop_sum","pop_sum":377,"blocks":{"housing":0.4293943206635108,"infra":0.6706964703466574,"transport":0.919037699220587,"work":0.3911042944785278,"green":0.41431302404873277,"commerce":0.3645746281909009},"compare":{"city":{"score":53.15200728248195,"rank":35,"blocks":{"housing":0.4293943206635108,"infra":0.6706964703466574,"transport":0.919037699220587,"work":0.3911042944785278,"green":0.41431302404873277,"commerce":0.3645746281909009}},"all":{"score":52.744788631385404,"rank":226,"blocks":{"housing":0.6759657579602074,"infra":0.6735128913942535,"transport":0.9201939995313145,"work":0.15743170242321383,"green":0.4214144399210196,"commerce":0.3645746281909009}}},"indicators":[{"label":"Жильё: плотность","value":25.660392031466646},{"label":"Жильё: обеспеченность","value":35.646},{"label":"Жильё: износ","value":20.56198347107438},{"label":"Жильё: этажность","value":2.142857},{"label":"Коммерческая инфраструктура: разнообразие","value":0.27777777777777773},{"label":"Коммерческая инфраструктура: полнота корзины","value":100},{"label":"Транспорт: доступность","value":93.836},{"label":"Крупные работодатели: обеспеченность","value":0.051},{"label":"Крупные работодатели: плотность","value":0},{"label":"Зелёные зоны: доступность","value":72.877},{"label":"Зелёные зоны: покрытие квартала зеленью","value":29.661},{"label":"Зелёные зоны: температура поверхности","value":36.88920411368869},{"label":"Экономика: активность ФНС","value":7.508},{"label":"Экономика: ККТ","value":11.009},{"label":"Экономика: медианный чек","value":0}]},"geometry":{"type":"Polygon","coordinates":[[[49.629765,54.225299],[49.631338,54.222821],[49.632835,54.223207],[49.632836,54.223207],[49.632836,54.223207],[49.634294,54.223535],[49.634497,54.223582],[49.636154,54.22396],[49.636155,54.22396],[49.636155,54.22396],[49.637435,54.224234],[49.637642,54.22428],[49.637642,54.22428],[49.637856,54.224325],[49.637856,54.224325],[49.637856,54.224325],[49.638772,54.224519],[49.638781,54.22452],[49.638791,54.224519],[49.638799,54.224517],[49.638806,54.224513],[49.638811,54.224508],[49.638989,54.224546],[49.639493,54.224783],[49.639375,54.224915],[49.63901,54.225466],[49.63832,54.226397],[49.637373,54.22648],[49.636158,54.226117],[49.635967,54.226377],[49.635401,54.22662],[49.635283,54.226686],[49.635123,54.226885],[49.634467,54.226722],[49.63439,54.226843],[49.633266,54.22686],[49.633063,54.226866],[49.633088,54.225971],[49.633088,54.22597],[49.633088,54.225969],[49.633087,54.225967],[49.633087,54.225966],[49.633086,54.225965],[49.633086,54.225964],[49.633084,54.225962],[49.633083,54.22596],[49.633082,54.22596],[49.633081,54.225959],[49.633078,54.225958],[49.633076,54.225956],[49.633075,54.225956],[49.633073,54.225955],[49.63307,54.225955],[49.633068,54.225954],[49.633066,54.225954],[49.633064,54.225953],[49.633061,54.225953],[49.633058,54.225953],[49.633056,54.225953],[49.633055,54.225953],[49.632858,54.225964],[49.632589,54.225942],[49.631327,54.225654],[49.631327,54.225654],[49.631327,54.225654],[49.629765,54.225299]]]}},{"type":"Feature","id":"741","properties":{"id":"741","city":"dimitrovgrad","baseScore":53.15200728248195,"baseScoreNoCommerce":null,"baseRank":35,"population":210,"populationField":"pop_sum","pop_sum":210,"blocks":{"housing":0.4293943206635108,"infra":0.6706964703466574,"transport":0.919037699220587,"work":0.3911042944785278,"green":0.41431302404873277,"commerce":0.3645746281909009},"compare":{"city":{"score":53.15200728248195,"rank":35,"blocks":{"housing":0.4293943206635108,"infra":0.6706964703466574,"transport":0.919037699220587,"work":0.3911042944785278,"green":0.41431302404873277,"commerce":0.3645746281909009}},"all":{"score":52.744788631385404,"rank":226,"blocks":{"housing":0.6759657579602074,"infra":0.6735128913942535,"transport":0.9201939995313145,"work":0.15743170242321383,"green":0.4214144399210196,"commerce":0.3645746281909009}}},"indicators":[{"label":"Жильё: плотность","value":25.660392031466646},{"label":"Жильё: обеспеченность","value":35.646},{"label":"Жильё: износ","value":20.56198347107438},{"label":"Жильё: этажность","value":2.142857},{"label":"Коммерческая инфраструктура: разнообразие","value":0.27777777777777773},{"label":"Коммерческая инфраструктура: полнота корзины","value":100},{"label":"Транспорт: доступность","value":93.836},{"label":"Крупные работодатели: обеспеченность","value":0.051},{"label":"Крупные работодатели: плотность","value":0},{"label":"Зелёные зоны: доступность","value":72.877},{"label":"Зелёные зоны: покрытие квартала зеленью","value":29.661},{"label":"Зелёные зоны: температура поверхности","value":36.88920411368869},{"label":"Экономика: активность ФНС","value":7.508},{"label":"Экономика: ККТ","value":11.009},{"label":"Экономика: медианный чек","value":0}]},"geometry":{"type":"Polygon","coordinates":[[[49.619851,54.224532],[49.619605,54.224261],[49.620307,54.223272],[49.620309,54.223273],[49.620318,54.223274],[49.620327,54.223273],[49.620336,54.223271],[49.620343,54.223267],[49.620348,54.223263],[49.621221,54.221932],[49.621221,54.221932],[49.621221,54.221931],[49.622229,54.220377],[49.622287,54.220287],[49.622307,54.220303],[49.62231,54.220305],[49.622377,54.220349],[49.62238,54.22035],[49.622469,54.220393],[49.622471,54.220394],[49.62257,54.220435],[49.622572,54.220436],[49.622855,54.220528],[49.622857,54.220529],[49.62365,54.220736],[49.623732,54.220757],[49.623732,54.220757],[49.623732,54.220757],[49.624697,54.221011],[49.624811,54.221041],[49.624776,54.22109],[49.623713,54.222603],[49.622902,54.223602],[49.622902,54.223602],[49.622902,54.223602],[49.621235,54.225659],[49.621235,54.22566],[49.621235,54.22566],[49.621233,54.225662],[49.621008,54.225623],[49.620511,54.225493],[49.620128,54.225344],[49.620105,54.225338],[49.620107,54.225336],[49.620085,54.225327],[49.619856,54.225227],[49.619796,54.225194],[49.619743,54.225165],[49.619668,54.225124],[49.619635,54.225106],[49.619539,54.22502],[49.619498,54.224983],[49.619489,54.224871],[49.619851,54.224532]]]}},{"type":"Feature","id":"742","properties":{"id":"742","city":"dimitrovgrad","baseScore":53.15200728248195,"baseScoreNoCommerce":null,"baseRank":35,"population":418,"populationField":"pop_sum","pop_sum":418,"blocks":{"housing":0.4293943206635108,"infra":0.6706964703466574,"transport":0.919037699220587,"work":0.3911042944785278,"green":0.41431302404873277,"commerce":0.3645746281909009},"compare":{"city":{"score":53.15200728248195,"rank":35,"blocks":{"housing":0.4293943206635108,"infra":0.6706964703466574,"transport":0.919037699220587,"work":0.3911042944785278,"green":0.41431302404873277,"commerce":0.3645746281909009}},"all":{"score":52.744788631385404,"rank":226,"blocks":{"housing":0.6759657579602074,"infra":0.6735128913942535,"transport":0.9201939995313145,"work":0.15743170242321383,"green":0.4214144399210196,"commerce":0.3645746281909009}}},"indicators":[{"label":"Жильё: плотность","value":25.660392031466646},{"label":"Жильё: обеспеченность","value":35.646},{"label":"Жильё: износ","value":20.56198347107438},{"label":"Жильё: этажность","value":2.142857},{"label":"Коммерческая инфраструктура: разнообразие","value":0.27777777777777773},{"label":"Коммерческая инфраструктура: полнота корзины","value":100},{"label":"Транспорт: доступность","value":93.836},{"label":"Крупные работодатели: обеспеченность","value":0.051},{"label":"Крупные работодатели: плотность","value":0},{"label":"Зелёные зоны: доступность","value":72.877},{"label":"Зелёные зоны: покрытие квартала зеленью","value":29.661},{"label":"Зелёные зоны: температура поверхности","value":36.88920411368869},{"label":"Экономика: активность ФНС","value":7.508},{"label":"Экономика: ККТ","value":11.009},{"label":"Экономика: медианный чек","value":0}]},"geometry":{"type":"MultiPolygon","coordinates":[[[[49.631267,54.222807],[49.629695,54.225286],[49.628068,54.22493],[49.626018,54.224403],[49.626016,54.224403],[49.626014,54.224402],[49.626011,54.224402],[49.626009,54.224402],[49.626006,54.224402],[49.626004,54.224402],[49.625739,54.224411],[49.625737,54.224411],[49.625472,54.224428],[49.625462,54.22443],[49.624342,54.224773],[49.624341,54.224773],[49.624341,54.224773],[49.62224,54.225461],[49.621629,54.225646],[49.621465,54.225669],[49.621308,54.225653],[49.622958,54.223617],[49.622959,54.223616],[49.623328,54.223706],[49.624866,54.221711],[49.625218,54.221214],[49.625268,54.221144],[49.625269,54.221144],[49.626549,54.221475],[49.626626,54.221502],[49.626627,54.221503],[49.626628,54.221503],[49.627885,54.22189],[49.627886,54.22189],[49.627887,54.22189],[49.629717,54.222372],[49.631267,54.222807]]],[[[49.62617,54.224481],[49.625832,54.224444],[49.626,54.224438],[49.62617,54.224481]]]]}},{"type":"Feature","id":"743","properties":{"id":"743","city":"dimitrovgrad","baseScore":78.95555409281785,"baseScoreNoCommerce":null,"baseRank":2,"population":361,"populationField":"pop_sum","pop_sum":361,"blocks":{"housing":0.5748383439891164,"infra":0.8633543102711181,"transport":1,"work":1,"green":0.35263692838617067,"commerce":0.9465036629226659},"compare":{"city":{"score":78.95555409281785,"rank":2,"blocks":{"housing":0.5748383439891164,"infra":0.8633543102711181,"transport":1,"work":1,"green":0.35263692838617067,"commerce":0.9465036629226659}},"all":{"score":70.98867577779369,"rank":37,"blocks":{"housing":0.7847519806316667,"infra":0.8675691949818508,"transport":1,"work":0.45994752276586,"green":0.36039735188115946,"commerce":0.9465036629226659}}},"indicators":[{"label":"Жильё: плотность","value":22.67520585615867},{"label":"Жильё: обеспеченность","value":40.448},{"label":"Жильё: износ","value":12.093023255813954},{"label":"Жильё: этажность","value":1.4},{"label":"Коммерческая инфраструктура: разнообразие","value":0.5277777777777778},{"label":"Коммерческая инфраструктура: полнота корзины","value":100},{"label":"Транспорт: доступность","value":100},{"label":"Крупные работодатели: обеспеченность","value":0.149},{"label":"Крупные работодатели: плотность","value":0},{"label":"Зелёные зоны: доступность","value":70.36},{"label":"Зелёные зоны: покрытие квартала зеленью","value":21.772},{"label":"Зелёные зоны: температура поверхности","value":37.46655006408692},{"label":"Экономика: активность ФНС","value":9.393},{"label":"Экономика: ККТ","value":63.602},{"label":"Экономика: медианный чек","value":348.675}]},"geometry":{"type":"Polygon","coordinates":[[[49.622358,54.216063],[49.622358,54.216063],[49.62163,54.215907],[49.621625,54.215842],[49.621642,54.215612],[49.62174,54.215337],[49.621916,54.215046],[49.622178,54.214717],[49.622282,54.214612],[49.622315,54.214578],[49.622562,54.214329],[49.622562,54.214329],[49.623272,54.2136],[49.623412,54.213467],[49.623412,54.213467],[49.623582,54.213301],[49.62388,54.213011],[49.62388,54.213011],[49.624209,54.212691],[49.624211,54.212689],[49.624254,54.212634],[49.624313,54.212559],[49.624499,54.212604],[49.62507,54.212743],[49.62507,54.212743],[49.625071,54.212743],[49.626516,54.213056],[49.628093,54.213407],[49.629534,54.213733],[49.628223,54.215765],[49.628223,54.215765],[49.628223,54.215765],[49.627735,54.216531],[49.6274,54.217058],[49.627337,54.217156],[49.62712,54.217107],[49.626027,54.216861],[49.626083,54.216764],[49.626826,54.215493],[49.626826,54.215493],[49.626826,54.215492],[49.626826,54.21549],[49.626827,54.215487],[49.626827,54.215487],[49.626827,54.215487],[49.626827,54.215484],[49.626826,54.215482],[49.626826,54.215481],[49.626826,54.215481],[49.626824,54.215479],[49.626822,54.215477],[49.626822,54.215476],[49.626821,54.215476],[49.626818,54.215474],[49.626815,54.215473],[49.626815,54.215472],[49.626815,54.215472],[49.626811,54.215471],[49.626807,54.21547],[49.626806,54.21547],[49.626806,54.21547],[49.626691,54.215448],[49.62528,54.215179],[49.625276,54.215179],[49.625272,54.215178],[49.625272,54.215178],[49.625271,54.215178],[49.625267,54.215179],[49.625263,54.215179],[49.625262,54.215179],[49.625262,54.215179],[49.625258,54.21518],[49.625254,54.215181],[49.625254,54.215182],[49.625253,54.215182],[49.62525,54.215184],[49.625247,54.215185],[49.625247,54.215186],[49.625246,54.215186],[49.625244,54.215188],[49.625242,54.21519],[49.624473,54.216413],[49.624414,54.216507],[49.622359,54.216063],[49.622358,54.216063]]]}},{"type":"Feature","id":"744","properties":{"id":"744","city":"dimitrovgrad","baseScore":41.05820039923484,"baseScoreNoCommerce":null,"baseRank":79,"population":603,"populationField":"pop_sum","pop_sum":603,"blocks":{"housing":0.6183763759096714,"infra":0.23641745357850394,"transport":1,"work":0.09969325153374237,"green":0.2795302971453827,"commerce":0.22947464578679025},"compare":{"city":{"score":41.05820039923484,"rank":79,"blocks":{"housing":0.6183763759096714,"infra":0.23641745357850394,"transport":1,"work":0.09969325153374237,"green":0.2795302971453827,"commerce":0.22947464578679025}},"all":{"score":42.987453774535844,"rank":410,"blocks":{"housing":0.7827118327346718,"infra":0.26657755889231455,"transport":1,"work":0.0401296496372898,"green":0.2795302971453827,"commerce":0.22947464578679025}}},"indicators":[{"label":"Жильё: плотность","value":22.01537090533729},{"label":"Жильё: обеспеченность","value":34.349},{"label":"Жильё: износ","value":0},{"label":"Жильё: этажность","value":2},{"label":"Коммерческая инфраструктура: разнообразие","value":0},{"label":"Коммерческая инфраструктура: полнота корзины","value":38.591},{"label":"Транспорт: доступность","value":100},{"label":"Крупные работодатели: обеспеченность","value":0.013},{"label":"Крупные работодатели: плотность","value":0},{"label":"Зелёные зоны: покрытие квартала зеленью","value":30.844},{"label":"Зелёные зоны: температура поверхности","value":36.889419667042084},{"label":"Экономика: активность ФНС","value":5.422},{"label":"Экономика: ККТ","value":3.647},{"label":"Экономика: медианный чек","value":0}]},"geometry":{"type":"Polygon","coordinates":[[[49.6347,54.209106],[49.636135,54.206926],[49.636137,54.206921],[49.636136,54.206918],[49.637418,54.206852],[49.6376,54.206843],[49.638974,54.20666],[49.639484,54.206594],[49.641313,54.206295],[49.642306,54.206093],[49.643299,54.205903],[49.644021,54.205766],[49.644826,54.205691],[49.645962,54.205518],[49.646634,54.205307],[49.646889,54.205353],[49.647039,54.205416],[49.647093,54.205601],[49.647136,54.205896],[49.647034,54.207525],[49.646488,54.207652],[49.645755,54.207571],[49.645746,54.207571],[49.645736,54.207572],[49.645728,54.207574],[49.645721,54.207578],[49.645717,54.207583],[49.645041,54.208917],[49.64481,54.209365],[49.644507,54.209902],[49.644301,54.210261],[49.643809,54.211055],[49.643795,54.211077],[49.6347,54.209106]]]}},{"type":"Feature","id":"746","properties":{"id":"746","city":"dimitrovgrad","baseScore":41.89771121862626,"baseScoreNoCommerce":null,"baseRank":75,"population":534,"populationField":"pop_sum","pop_sum":534,"blocks":{"housing":0.5403144067624825,"infra":0.46870892487316934,"transport":0.940972650924289,"work":0.06901840490797549,"green":0.29612466945954513,"commerce":0.198723616190114},"compare":{"city":{"score":41.89771121862626,"rank":75,"blocks":{"housing":0.5403144067624825,"infra":0.46870892487316934,"transport":0.940972650924289,"work":0.06901840490797549,"green":0.29612466945954513,"commerce":0.198723616190114}},"all":{"score":45.50148281074501,"rank":359,"blocks":{"housing":0.8141623237755123,"infra":0.4616338823830256,"transport":0.941815677140449,"work":0.02778206513350832,"green":0.29612466945954513,"commerce":0.198723616190114}}},"indicators":[{"label":"Жильё: плотность","value":23.272264026400826},{"label":"Жильё: обеспеченность","value":46.329},{"label":"Коммерческая инфраструктура: разнообразие","value":0},{"label":"Коммерческая инфраструктура: полнота корзины","value":100},{"label":"Транспорт: доступность","value":95.506},{"label":"Крупные работодатели: обеспеченность","value":0.009},{"label":"Крупные работодатели: плотность","value":0},{"label":"Зелёные зоны: покрытие квартала зеленью","value":29.92},{"label":"Зелёные зоны: температура поверхности","value":36.57495431154353},{"label":"Экономика: активность ФНС","value":3.293},{"label":"Экономика: ККТ","value":0.888},{"label":"Экономика: медианный чек","value":13.176}]},"geometry":{"type":"Polygon","coordinates":[[[49.644031,54.218314],[49.644995,54.218492],[49.64527,54.218545],[49.645924,54.21869],[49.645927,54.218691],[49.645929,54.218691],[49.645932,54.218691],[49.645934,54.218691],[49.645936,54.218691],[49.645939,54.218691],[49.645941,54.218691],[49.645943,54.218691],[49.645946,54.21869],[49.645948,54.21869],[49.64595,54.218689],[49.645952,54.218689],[49.645954,54.218687],[49.645956,54.218687],[49.645957,54.218686],[49.645959,54.218685],[49.64596,54.218683],[49.645962,54.218682],[49.645963,54.218681],[49.645964,54.21868],[49.645964,54.218678],[49.645965,54.218677],[49.646178,54.218016],[49.648631,54.218117],[49.650444,54.218194],[49.651657,54.218271],[49.651658,54.218271],[49.652282,54.218291],[49.652346,54.218608],[49.652375,54.219005],[49.652398,54.219319],[49.652398,54.219319],[49.652398,54.219319],[49.652414,54.219549],[49.652429,54.219813],[49.652429,54.219813],[49.652429,54.219813],[49.652484,54.220783],[49.652124,54.220784],[49.648215,54.220584],[49.648137,54.220578],[49.648136,54.220578],[49.648136,54.220578],[49.643231,54.22031],[49.641257,54.220199],[49.640432,54.220109],[49.639939,54.219986],[49.639939,54.219986],[49.639938,54.219986],[49.639741,54.219941],[49.638889,54.21967],[49.639427,54.218853],[49.639427,54.218853],[49.640182,54.217705],[49.640319,54.217496],[49.641435,54.217794],[49.641437,54.217794],[49.641438,54.217795],[49.641745,54.217857],[49.641745,54.217858],[49.641746,54.217858],[49.642101,54.21792],[49.642804,54.218087],[49.642805,54.218087],[49.642806,54.218088],[49.644031,54.218314],[49.644031,54.218314]]]}},{"type":"Feature","id":"747","properties":{"id":"747","city":"dimitrovgrad","baseScore":47.84351339889088,"baseScoreNoCommerce":null,"baseRank":58,"population":616,"populationField":"pop_sum","pop_sum":616,"blocks":{"housing":0.27058554406020885,"infra":0.4969678607052154,"transport":0.6908222585907516,"work":0.8358895705521476,"green":0.3881334075087482,"commerce":0.18821216251638084},"compare":{"city":{"score":47.84351339889088,"rank":58,"blocks":{"housing":0.27058554406020885,"infra":0.4969678607052154,"transport":0.6908222585907516,"work":0.8358895705521476,"green":0.3881334075087482,"commerce":0.18821216251638084}},"all":{"score":44.04195687032499,"rank":390,"blocks":{"housing":0.5528657325083064,"infra":0.4939443266842421,"transport":0.6952379226099307,"work":0.3364716777280453,"green":0.3881334075087482,"commerce":0.18821216251638084}}},"indicators":[{"label":"Жильё: плотность","value":74.59470514203693},{"label":"Жильё: обеспеченность","value":27.628},{"label":"Жильё: износ","value":26.29016393442623},{"label":"Жильё: этажность","value":3.181818},{"label":"Коммерческая инфраструктура: разнообразие","value":0.05555555555555555},{"label":"Коммерческая инфраструктура: полнота корзины","value":100},{"label":"Транспорт: доступность","value":76.461},{"label":"Крупные работодатели: обеспеченность","value":0.109},{"label":"Крупные работодатели: плотность","value":0.001},{"label":"Зелёные зоны: покрытие квартала зеленью","value":50.654},{"label":"Зелёные зоны: температура поверхности","value":36.74781178904104},{"label":"Экономика: активность ФНС","value":6.012},{"label":"Экономика: ККТ","value":1.213},{"label":"Экономика: медианный чек","value":0}]},"geometry":{"type":"Polygon","coordinates":[[[49.645808,54.216263],[49.645713,54.216311],[49.645663,54.216318],[49.645531,54.216317],[49.64553,54.216317],[49.645528,54.216317],[49.64523,54.216329],[49.645224,54.21633],[49.645084,54.216353],[49.644534,54.216299],[49.644533,54.216299],[49.644054,54.216265],[49.644045,54.216265],[49.64357,54.216311],[49.643564,54.216312],[49.643367,54.216357],[49.643154,54.216395],[49.64315,54.216396],[49.643094,54.216412],[49.642858,54.216479],[49.642855,54.21648],[49.642492,54.216621],[49.641032,54.216302],[49.640563,54.216182],[49.64227,54.213616],[49.642319,54.213541],[49.642489,54.213575],[49.643724,54.213836],[49.645055,54.214139],[49.645055,54.214139],[49.645056,54.214139],[49.645405,54.214214],[49.645993,54.21434],[49.645993,54.21434],[49.645993,54.21434],[49.646007,54.214343],[49.646034,54.214453],[49.646058,54.214581],[49.646058,54.214581],[49.646007,54.214658],[49.645829,54.214926],[49.645445,54.215505],[49.645252,54.215796],[49.645212,54.215893],[49.645241,54.215943],[49.645332,54.216009],[49.645524,54.216055],[49.645797,54.216119],[49.64585,54.216225],[49.645808,54.216263]]]}},{"type":"Feature","id":"748","properties":{"id":"748","city":"dimitrovgrad","baseScore":48.515397808023614,"baseScoreNoCommerce":null,"baseRank":53,"population":241,"populationField":"pop_sum","pop_sum":241,"blocks":{"housing":0.2542600838632893,"infra":0.5361760642626819,"transport":0.4713413945375403,"work":1,"green":0.1590836173847943,"commerce":0.4900627084331113},"compare":{"city":{"score":48.515397808023614,"rank":53,"blocks":{"housing":0.2542600838632893,"infra":0.5361760642626819,"transport":0.4713413945375403,"work":1,"green":0.1590836173847943,"commerce":0.4900627084331113}},"all":{"score":48.7295669938654,"rank":311,"blocks":{"housing":0.543402854920035,"infra":0.5380717786008843,"transport":0.47889167539517813,"work":0.7562895508566154,"green":0.1590836173847943,"commerce":0.4900627084331113}}},"indicators":[{"label":"Жильё: плотность","value":30.426579811528836},{"label":"Жильё: обеспеченность","value":28.855},{"label":"Жильё: износ","value":29.480446927374302},{"label":"Жильё: этажность","value":2.8},{"label":"Коммерческая инфраструктура: разнообразие","value":0.08333333333333333},{"label":"Коммерческая инфраструктура: полнота корзины","value":100},{"label":"Транспорт: доступность","value":59.751},{"label":"Крупные работодатели: обеспеченность","value":0.245},{"label":"Крупные работодатели: плотность","value":0.001},{"label":"Зелёные зоны: покрытие квартала зеленью","value":15.37},{"label":"Зелёные зоны: температура поверхности","value":37.52795486450195},{"label":"Экономика: активность ФНС","value":6.603},{"label":"Экономика: ККТ","value":5.309},{"label":"Экономика: медианный чек","value":192.786}]},"geometry":{"type":"Polygon","coordinates":[[[49.645841,54.217181],[49.645552,54.217919],[49.645161,54.218484],[49.645227,54.218497],[49.645226,54.218497],[49.64405,54.21828],[49.64405,54.21828],[49.64405,54.21828],[49.642826,54.218054],[49.642123,54.217886],[49.642121,54.217886],[49.64212,54.217886],[49.641764,54.217823],[49.64146,54.217761],[49.640341,54.217463],[49.640446,54.217294],[49.640448,54.217288],[49.640446,54.217283],[49.640442,54.217278],[49.640436,54.217274],[49.640427,54.217271],[49.640427,54.217271],[49.64048,54.217186],[49.640586,54.217015],[49.639853,54.216844],[49.638555,54.216567],[49.638981,54.215855],[49.640512,54.216209],[49.641009,54.216335],[49.64101,54.216335],[49.64101,54.216336],[49.642485,54.216658],[49.64249,54.216659],[49.642495,54.216659],[49.642495,54.216659],[49.642495,54.216659],[49.6425,54.216659],[49.642504,54.216659],[49.642504,54.216659],[49.642504,54.216659],[49.642509,54.216657],[49.642513,54.216656],[49.642887,54.216511],[49.643121,54.216444],[49.643121,54.216444],[49.643121,54.216444],[49.643174,54.216429],[49.643386,54.216391],[49.643389,54.216391],[49.643583,54.216346],[49.644051,54.216301],[49.644524,54.216335],[49.64508,54.216389],[49.645094,54.216389],[49.645114,54.216386],[49.64597,54.216804],[49.645841,54.217181]]]}},{"type":"Feature","id":"749","properties":{"id":"749","city":"dimitrovgrad","baseScore":46.82062869882915,"baseScoreNoCommerce":null,"baseRank":61,"population":2727,"populationField":"pop_sum","pop_sum":2727,"blocks":{"housing":0.20751440538285051,"infra":0.6929208611134178,"transport":1,"work":0.13803680981595098,"green":0.11166666666666668,"commerce":0.7696489789508628},"compare":{"city":{"score":46.82062869882915,"rank":61,"blocks":{"housing":0.20751440538285051,"infra":0.6929208611134178,"transport":1,"work":0.13803680981595098,"green":0.11166666666666668,"commerce":0.7696489789508628}},"all":{"score":48.15573193532322,"rank":318,"blocks":{"housing":0.5099597618736965,"infra":0.6821140022386235,"transport":1,"work":0.05556413026701664,"green":0.9973688433316342,"commerce":0.7696489789508628}}},"indicators":[{"label":"Жильё: плотность","value":182.53875502932928},{"label":"Жильё: обеспеченность","value":28.289},{"label":"Жильё: износ","value":33.441877521085445},{"label":"Жильё: этажность","value":7.578947},{"label":"Коммерческая инфраструктура: разнообразие","value":0.375},{"label":"Коммерческая инфраструктура: полнота корзины","value":100},{"label":"Транспорт: доступность","value":100},{"label":"Крупные работодатели: обеспеченность","value":0.018},{"label":"Крупные работодатели: плотность","value":0},{"label":"Зелёные зоны: доступность","value":6.711},{"label":"Зелёные зоны: покрытие квартала зеленью","value":0.335},{"label":"Зелёные зоны: температура поверхности","value":40.39988551284328},{"label":"Экономика: активность ФНС","value":9.277},{"label":"Экономика: ККТ","value":22.216},{"label":"Экономика: медианный чек","value":189.955}]},"geometry":{"type":"Polygon","coordinates":[[[49.65582,54.21786],[49.655369,54.217865],[49.652297,54.217888],[49.652297,54.217887],[49.652218,54.217116],[49.652217,54.217115],[49.652217,54.217115],[49.652201,54.217049],[49.652118,54.215946],[49.652087,54.215542],[49.652086,54.215539],[49.652068,54.215488],[49.652036,54.215371],[49.65257,54.215296],[49.65298,54.21524],[49.65298,54.21524],[49.65298,54.21524],[49.654368,54.215052],[49.654368,54.215052],[49.654368,54.215052],[49.654561,54.215026],[49.655195,54.21494],[49.655195,54.21494],[49.655195,54.21494],[49.656047,54.214824],[49.656911,54.214707],[49.656911,54.214707],[49.656911,54.214707],[49.657311,54.214653],[49.657764,54.214592],[49.658201,54.214532],[49.658375,54.214536],[49.658452,54.214559],[49.658522,54.214604],[49.65856,54.214696],[49.658839,54.215456],[49.658839,54.215456],[49.658839,54.215456],[49.658932,54.215712],[49.659178,54.216383],[49.659178,54.216383],[49.659178,54.216383],[49.659492,54.217242],[49.659492,54.217242],[49.659492,54.217242],[49.659669,54.217727],[49.659699,54.217809],[49.65885,54.217821],[49.656946,54.217848],[49.656355,54.217856],[49.65582,54.21786]]]}},{"type":"Feature","id":"750","properties":{"id":"750","city":"dimitrovgrad","baseScore":45.14123225554126,"baseScoreNoCommerce":null,"baseRank":66,"population":2032,"populationField":"pop_sum","pop_sum":2032,"blocks":{"housing":0.34351598909044867,"infra":0.6843449095725965,"transport":1,"work":0.7668711656441722,"green":0.026065,"commerce":0.6468793250129888},"compare":{"city":{"score":45.14123225554126,"rank":66,"blocks":{"housing":0.34351598909044867,"infra":0.6843449095725965,"transport":1,"work":0.7668711656441722,"green":0.026065,"commerce":0.6468793250129888}},"all":{"score":47.67027640892989,"rank":328,"blocks":{"housing":0.6027422563599234,"infra":0.6957614948431197,"transport":1,"work":0.3086896125945369,"green":0.026065,"commerce":0.6468793250129888}}},"indicators":[{"label":"Жильё: плотность","value":220.43016643236922},{"label":"Жильё: обеспеченность","value":27.033},{"label":"Жильё: износ","value":18.23523622047244},{"label":"Жильё: этажность","value":8.384615},{"label":"Коммерческая инфраструктура: разнообразие","value":0.3611111111111111},{"label":"Коммерческая инфраструктура: полнота корзины","value":100},{"label":"Транспорт: доступность","value":100},{"label":"Крупные работодатели: обеспеченность","value":0.001},{"label":"Крупные работодатели: плотность","value":0},{"label":"Зелёные зоны: покрытие квартала зеленью","value":5.213},{"label":"Зелёные зоны: температура поверхности","value":40.11636141031095},{"label":"Экономика: активность ФНС","value":9.44},{"label":"Экономика: ККТ","value":13.707},{"label":"Экономика: медианный чек","value":19.218}]},"geometry":{"type":"Polygon","coordinates":[[[49.652018,54.213392],[49.653567,54.212932],[49.655235,54.212693],[49.656148,54.212578],[49.656219,54.212976],[49.657571,54.2128],[49.657571,54.212808],[49.657572,54.212814],[49.657619,54.212905],[49.657625,54.212911],[49.657746,54.213002],[49.657756,54.213006],[49.657966,54.213074],[49.658161,54.213169],[49.6583,54.213277],[49.658651,54.214211],[49.658652,54.214212],[49.658682,54.214274],[49.658656,54.214346],[49.658627,54.214372],[49.658249,54.214497],[49.658199,54.214496],[49.658191,54.214497],[49.65775,54.214557],[49.65775,54.214557],[49.65775,54.214557],[49.657297,54.214618],[49.656897,54.214672],[49.656033,54.214789],[49.656033,54.214789],[49.656033,54.214789],[49.655181,54.214905],[49.654547,54.214991],[49.654354,54.215017],[49.652966,54.215205],[49.652556,54.215261],[49.652555,54.215261],[49.652133,54.21532],[49.652092,54.215207],[49.652062,54.215023],[49.652073,54.214746],[49.652076,54.214717],[49.652061,54.214477],[49.652026,54.214198],[49.652011,54.214033],[49.652002,54.213992],[49.651979,54.213894],[49.651981,54.213846],[49.65199,54.21366],[49.652018,54.213457],[49.652018,54.213392]]]}},{"type":"Feature","id":"751","properties":{"id":"751","city":"dimitrovgrad","baseScore":30.185982069321124,"baseScoreNoCommerce":null,"baseRank":122,"population":72,"populationField":"pop_sum","pop_sum":72,"blocks":{"housing":0.4526920192171256,"infra":0.14772843887358708,"transport":1,"work":0,"green":0.21073846606855443,"commerce":0},"compare":{"city":{"score":30.185982069321124,"rank":122,"blocks":{"housing":0.4526920192171256,"infra":0.14772843887358708,"transport":1,"work":0,"green":0.21073846606855443,"commerce":0}},"all":{"score":35.33236402519538,"rank":623,"blocks":{"housing":0.7423644706517452,"infra":0.16683890479142338,"transport":1,"work":0,"green":0.21073846606855443,"commerce":0}}},"indicators":[{"label":"Жильё: плотность","value":2.343722115984647},{"label":"Жильё: обеспеченность","value":42.871},{"label":"Коммерческая инфраструктура: разнообразие","value":0},{"label":"Транспорт: доступность","value":100},{"label":"Зелёные зоны: покрытие квартала зеленью","value":29.095},{"label":"Зелёные зоны: температура поверхности","value":37.7795071889119}]},"geometry":{"type":"Polygon","coordinates":[[[49.657571,54.211956],[49.651987,54.212493],[49.651468,54.210123],[49.651441,54.210063],[49.650971,54.208987],[49.65633,54.208379],[49.656641,54.209152],[49.656642,54.209154],[49.656643,54.209156],[49.656644,54.209157],[49.656644,54.209157],[49.656647,54.209159],[49.656649,54.209161],[49.656854,54.209278],[49.656991,54.209497],[49.657182,54.209996],[49.657183,54.209997],[49.657287,54.210208],[49.657646,54.211267],[49.657855,54.211902],[49.65782,54.21193],[49.657571,54.211956]]]}},{"type":"Feature","id":"752","properties":{"id":"752","city":"dimitrovgrad","baseScore":53.15200728248195,"baseScoreNoCommerce":null,"baseRank":35,"population":730,"populationField":"pop_sum","pop_sum":730,"blocks":{"housing":0.4293943206635108,"infra":0.6706964703466574,"transport":0.919037699220587,"work":0.3911042944785278,"green":0.41431302404873277,"commerce":0.3645746281909009},"compare":{"city":{"score":53.15200728248195,"rank":35,"blocks":{"housing":0.4293943206635108,"infra":0.6706964703466574,"transport":0.919037699220587,"work":0.3911042944785278,"green":0.41431302404873277,"commerce":0.3645746281909009}},"all":{"score":52.744788631385404,"rank":226,"blocks":{"housing":0.6759657579602074,"infra":0.6735128913942535,"transport":0.9201939995313145,"work":0.15743170242321383,"green":0.4214144399210196,"commerce":0.3645746281909009}}},"indicators":[{"label":"Жильё: плотность","value":25.660392031466646},{"label":"Жильё: обеспеченность","value":35.646},{"label":"Жильё: износ","value":20.56198347107438},{"label":"Жильё: этажность","value":2.142857},{"label":"Коммерческая инфраструктура: разнообразие","value":0.27777777777777773},{"label":"Коммерческая инфраструктура: полнота корзины","value":100},{"label":"Транспорт: доступность","value":93.836},{"label":"Крупные работодатели: обеспеченность","value":0.051},{"label":"Крупные работодатели: плотность","value":0},{"label":"Зелёные зоны: доступность","value":72.877},{"label":"Зелёные зоны: покрытие квартала зеленью","value":29.661},{"label":"Зелёные зоны: температура поверхности","value":36.88920411368869},{"label":"Экономика: активность ФНС","value":7.508},{"label":"Экономика: ККТ","value":11.009},{"label":"Экономика: медианный чек","value":0}]},"geometry":{"type":"Polygon","coordinates":[[[49.629743,54.222339],[49.627913,54.221858],[49.626658,54.221471],[49.626579,54.221443],[49.626576,54.221442],[49.625319,54.221118],[49.626765,54.218776],[49.627871,54.21901],[49.628293,54.2191],[49.62841,54.219124],[49.629617,54.219396],[49.629617,54.219396],[49.629617,54.219396],[49.629622,54.219396],[49.629626,54.219397],[49.629627,54.219397],[49.629627,54.219397],[49.629631,54.219397],[49.629636,54.219396],[49.629636,54.219396],[49.629636,54.219396],[49.62964,54.219395],[49.629645,54.219394],[49.629645,54.219394],[49.629645,54.219394],[49.629648,54.219392],[49.629652,54.21939],[49.629652,54.21939],[49.629652,54.21939],[49.629654,54.219388],[49.629656,54.219385],[49.629657,54.219385],[49.629657,54.219385],[49.629738,54.219252],[49.630567,54.2179],[49.63221,54.218241],[49.633838,54.218596],[49.633838,54.218596],[49.633838,54.218596],[49.635495,54.218948],[49.636736,54.219225],[49.636889,54.219259],[49.636834,54.219346],[49.635924,54.220783],[49.635924,54.220783],[49.635924,54.220783],[49.635213,54.221974],[49.634286,54.223425],[49.634284,54.22343],[49.634278,54.22347],[49.634278,54.22347],[49.634276,54.223493],[49.632859,54.223174],[49.631321,54.222779],[49.629743,54.222339],[49.629743,54.222339],[49.629743,54.222339]]]}},{"type":"Feature","id":"753","properties":{"id":"753","city":"dimitrovgrad","baseScore":60.57458841694663,"baseScoreNoCommerce":null,"baseRank":18,"population":644,"populationField":"pop_sum","pop_sum":644,"blocks":{"housing":0.42017896339469,"infra":0.788005447533364,"transport":0.9898074715436692,"work":0.467791411042945,"green":0.15958586695802934,"commerce":0.8091061445441008},"compare":{"city":{"score":60.57458841694663,"rank":18,"blocks":{"housing":0.42017896339469,"infra":0.788005447533364,"transport":0.9898074715436692,"work":0.467791411042945,"green":0.15958586695802934,"commerce":0.8091061445441008}},"all":{"score":58.178193045809905,"rank":139,"blocks":{"housing":0.6719784966088421,"infra":0.7988231004399067,"transport":0.98995304082354,"work":0.1883006636826675,"green":0.15958586695802934,"commerce":0.8091061445441008}}},"indicators":[{"label":"Жильё: плотность","value":24.12811961902142},{"label":"Жильё: обеспеченность","value":37.209},{"label":"Жильё: износ","value":23.466666666666665},{"label":"Жильё: этажность","value":1.75},{"label":"Коммерческая инфраструктура: разнообразие","value":0.4444444444444445},{"label":"Коммерческая инфраструктура: полнота корзины","value":100},{"label":"Транспорт: доступность","value":99.224},{"label":"Крупные работодатели: обеспеченность","value":0.061},{"label":"Крупные работодатели: плотность","value":0},{"label":"Зелёные зоны: доступность","value":2.174},{"label":"Зелёные зоны: покрытие квартала зеленью","value":26.009},{"label":"Зелёные зоны: температура поверхности","value":37.12624282836914},{"label":"Экономика: активность ФНС","value":9.184},{"label":"Экономика: ККТ","value":48.024},{"label":"Экономика: медианный чек","value":264.084}]},"geometry":{"type":"Polygon","coordinates":[[[49.627837,54.217266],[49.627899,54.217172],[49.628245,54.216644],[49.628756,54.215866],[49.628756,54.215866],[49.628756,54.215866],[49.629948,54.213826],[49.631512,54.214166],[49.632788,54.214447],[49.634346,54.214813],[49.634347,54.214813],[49.634347,54.214813],[49.635986,54.215165],[49.637529,54.215531],[49.637529,54.215531],[49.637529,54.215531],[49.638923,54.215842],[49.637735,54.217828],[49.637735,54.217828],[49.637735,54.217828],[49.63695,54.219158],[49.636909,54.219225],[49.636758,54.219192],[49.635516,54.218914],[49.635516,54.218914],[49.635516,54.218914],[49.633859,54.218563],[49.632231,54.218207],[49.632231,54.218207],[49.632231,54.218207],[49.630559,54.21786],[49.629294,54.217585],[49.627837,54.217266]]]}},{"type":"Feature","id":"754","properties":{"id":"754","city":"dimitrovgrad","baseScore":41.05820039923484,"baseScoreNoCommerce":null,"baseRank":79,"population":319,"populationField":"pop_sum","pop_sum":319,"blocks":{"housing":0.6183763759096714,"infra":0.23641745357850394,"transport":1,"work":0.09969325153374237,"green":0.2795302971453827,"commerce":0.22947464578679025},"compare":{"city":{"score":41.05820039923484,"rank":79,"blocks":{"housing":0.6183763759096714,"infra":0.23641745357850394,"transport":1,"work":0.09969325153374237,"green":0.2795302971453827,"commerce":0.22947464578679025}},"all":{"score":42.987453774535844,"rank":410,"blocks":{"housing":0.7827118327346718,"infra":0.26657755889231455,"transport":1,"work":0.0401296496372898,"green":0.2795302971453827,"commerce":0.22947464578679025}}},"indicators":[{"label":"Жильё: плотность","value":22.01537090533729},{"label":"Жильё: обеспеченность","value":34.349},{"label":"Жильё: износ","value":0},{"label":"Жильё: этажность","value":2},{"label":"Коммерческая инфраструктура: разнообразие","value":0},{"label":"Коммерческая инфраструктура: полнота корзины","value":38.591},{"label":"Транспорт: доступность","value":100},{"label":"Крупные работодатели: обеспеченность","value":0.013},{"label":"Крупные работодатели: плотность","value":0},{"label":"Зелёные зоны: покрытие квартала зеленью","value":30.844},{"label":"Зелёные зоны: температура поверхности","value":36.889419667042084},{"label":"Экономика: активность ФНС","value":5.422},{"label":"Экономика: ККТ","value":3.647},{"label":"Экономика: медианный чек","value":0}]},"geometry":{"type":"Polygon","coordinates":[[[49.634137,54.207007],[49.635943,54.206927],[49.636072,54.206921],[49.634613,54.209138],[49.634613,54.209138],[49.634612,54.209138],[49.633134,54.211526],[49.631853,54.211246],[49.631596,54.21119],[49.631595,54.21119],[49.631595,54.21119],[49.6314,54.21115],[49.631241,54.211118],[49.630588,54.21098],[49.630588,54.21098],[49.629786,54.210813],[49.629544,54.210761],[49.629544,54.21076],[49.628112,54.210459],[49.628112,54.210459],[49.628112,54.210459],[49.627189,54.210268],[49.626384,54.210074],[49.626384,54.210074],[49.626384,54.210074],[49.627061,54.209083],[49.627448,54.208577],[49.627984,54.207972],[49.628247,54.207604],[49.628404,54.207418],[49.628505,54.207353],[49.62862,54.20732],[49.62874,54.207299],[49.628918,54.207273],[49.629117,54.207257],[49.629311,54.207259],[49.629576,54.207277],[49.629728,54.207344],[49.629825,54.207381],[49.629917,54.207319],[49.629994,54.207284],[49.630073,54.207267],[49.632077,54.207164],[49.634137,54.207007]]]}},{"type":"Feature","id":"755","properties":{"id":"755","city":"dimitrovgrad","baseScore":41.05820039923484,"baseScoreNoCommerce":null,"baseRank":79,"population":224,"populationField":"pop_sum","pop_sum":224,"blocks":{"housing":0.6183763759096714,"infra":0.23641745357850394,"transport":1,"work":0.09969325153374237,"green":0.2795302971453827,"commerce":0.22947464578679025},"compare":{"city":{"score":41.05820039923484,"rank":79,"blocks":{"housing":0.6183763759096714,"infra":0.23641745357850394,"transport":1,"work":0.09969325153374237,"green":0.2795302971453827,"commerce":0.22947464578679025}},"all":{"score":42.987453774535844,"rank":410,"blocks":{"housing":0.7827118327346718,"infra":0.26657755889231455,"transport":1,"work":0.0401296496372898,"green":0.2795302971453827,"commerce":0.22947464578679025}}},"indicators":[{"label":"Жильё: плотность","value":22.01537090533729},{"label":"Жильё: обеспеченность","value":34.349},{"label":"Жильё: износ","value":0},{"label":"Жильё: этажность","value":2},{"label":"Коммерческая инфраструктура: разнообразие","value":0},{"label":"Коммерческая инфраструктура: полнота корзины","value":38.591},{"label":"Транспорт: доступность","value":100},{"label":"Крупные работодатели: обеспеченность","value":0.013},{"label":"Крупные работодатели: плотность","value":0},{"label":"Зелёные зоны: покрытие квартала зеленью","value":30.844},{"label":"Зелёные зоны: температура поверхности","value":36.889419667042084},{"label":"Экономика: активность ФНС","value":5.422},{"label":"Экономика: ККТ","value":3.647},{"label":"Экономика: медианный чек","value":0}]},"geometry":{"type":"Polygon","coordinates":[[[49.643852,54.21109],[49.643866,54.211068],[49.643866,54.211068],[49.643866,54.211068],[49.644359,54.210273],[49.644359,54.210272],[49.644565,54.209914],[49.644565,54.209914],[49.644869,54.209376],[49.644869,54.209376],[49.6451,54.208927],[49.6451,54.208927],[49.645776,54.207594],[49.645776,54.207592],[49.646486,54.207673],[49.647039,54.207541],[49.647621,54.207469],[49.64812,54.207369],[49.648708,54.207302],[49.649136,54.20725],[49.649598,54.208078],[49.649864,54.208707],[49.650601,54.210397],[49.650647,54.210469],[49.649731,54.210838],[49.648856,54.211015],[49.64595,54.211556],[49.643852,54.21109]]]}},{"type":"Feature","id":"756","properties":{"id":"756","city":"dimitrovgrad","baseScore":53.003304353969014,"baseScoreNoCommerce":null,"baseRank":41,"population":2584,"populationField":"pop_sum","pop_sum":2584,"blocks":{"housing":0.3730725309346976,"infra":0.5938907122918574,"transport":1,"work":0.09969325153374237,"green":0.606275543020424,"commerce":0.5072662234574199},"compare":{"city":{"score":53.003304353969014,"rank":41,"blocks":{"housing":0.3730725309346976,"infra":0.5938907122918574,"transport":1,"work":0.09969325153374237,"green":0.606275543020424,"commerce":0.5072662234574199}},"all":{"score":54.14383934273882,"rank":197,"blocks":{"housing":0.6226789722579577,"infra":0.5981889293448258,"transport":1,"work":0.0401296496372898,"green":0.606275543020424,"commerce":0.5072662234574199}}},"indicators":[{"label":"Жильё: плотность","value":302.459934505485},{"label":"Жильё: обеспеченность","value":26.614},{"label":"Жильё: износ","value":14.745242718446601},{"label":"Жильё: этажность","value":9.111111},{"label":"Коммерческая инфраструктура: разнообразие","value":0.16666666666666666},{"label":"Коммерческая инфраструктура: полнота корзины","value":100},{"label":"Транспорт: доступность","value":100},{"label":"Крупные работодатели: обеспеченность","value":0.013},{"label":"Крупные работодатели: плотность","value":0},{"label":"Зелёные зоны: доступность","value":100},{"label":"Зелёные зоны: покрытие квартала зеленью","value":30.41},{"label":"Зелёные зоны: температура поверхности","value":34.93196844285534},{"label":"Экономика: активность ФНС","value":8.181},{"label":"Экономика: ККТ","value":8.754},{"label":"Экономика: медианный чек","value":0}]},"geometry":{"type":"Polygon","coordinates":[[[49.581858,54.241721],[49.58204,54.242209],[49.582076,54.242854],[49.581941,54.243103],[49.581654,54.243332],[49.581112,54.243741],[49.58015,54.244422],[49.579737,54.244647],[49.579208,54.244801],[49.578609,54.244903],[49.576967,54.245039],[49.576894,54.244674],[49.576642,54.24386],[49.578195,54.24279],[49.578126,54.242451],[49.578051,54.241992],[49.578049,54.241957],[49.581858,54.241721]]]}},{"type":"Feature","id":"757","properties":{"id":"757","city":"dimitrovgrad","baseScore":41.05820039923484,"baseScoreNoCommerce":null,"baseRank":79,"population":397,"populationField":"pop_sum","pop_sum":397,"blocks":{"housing":0.6183763759096714,"infra":0.23641745357850394,"transport":1,"work":0.09969325153374237,"green":0.2795302971453827,"commerce":0.22947464578679025},"compare":{"city":{"score":41.05820039923484,"rank":79,"blocks":{"housing":0.6183763759096714,"infra":0.23641745357850394,"transport":1,"work":0.09969325153374237,"green":0.2795302971453827,"commerce":0.22947464578679025}},"all":{"score":42.987453774535844,"rank":410,"blocks":{"housing":0.7827118327346718,"infra":0.26657755889231455,"transport":1,"work":0.0401296496372898,"green":0.2795302971453827,"commerce":0.22947464578679025}}},"indicators":[{"label":"Жильё: плотность","value":22.01537090533729},{"label":"Жильё: обеспеченность","value":34.349},{"label":"Жильё: износ","value":0},{"label":"Жильё: этажность","value":2},{"label":"Коммерческая инфраструктура: разнообразие","value":0},{"label":"Коммерческая инфраструктура: полнота корзины","value":38.591},{"label":"Транспорт: доступность","value":100},{"label":"Крупные работодатели: обеспеченность","value":0.013},{"label":"Крупные работодатели: плотность","value":0},{"label":"Зелёные зоны: покрытие квартала зеленью","value":30.844},{"label":"Зелёные зоны: температура поверхности","value":36.889419667042084},{"label":"Экономика: активность ФНС","value":5.422},{"label":"Экономика: ККТ","value":3.647},{"label":"Экономика: медианный чек","value":0}]},"geometry":{"type":"Polygon","coordinates":[[[49.643754,54.211144],[49.642283,54.213496],[49.640789,54.213191],[49.640788,54.213191],[49.640596,54.213155],[49.639168,54.212847],[49.637614,54.212508],[49.637614,54.212508],[49.637614,54.212508],[49.63608,54.212178],[49.634496,54.211825],[49.634496,54.211825],[49.634496,54.211825],[49.633192,54.211539],[49.634665,54.209158],[49.643754,54.211144]]]}},{"type":"Feature","id":"758","properties":{"id":"758","city":"dimitrovgrad","baseScore":41.05820039923484,"baseScoreNoCommerce":null,"baseRank":79,"population":298,"populationField":"pop_sum","pop_sum":298,"blocks":{"housing":0.6183763759096714,"infra":0.23641745357850394,"transport":1,"work":0.09969325153374237,"green":0.2795302971453827,"commerce":0.22947464578679025},"compare":{"city":{"score":41.05820039923484,"rank":79,"blocks":{"housing":0.6183763759096714,"infra":0.23641745357850394,"transport":1,"work":0.09969325153374237,"green":0.2795302971453827,"commerce":0.22947464578679025}},"all":{"score":42.987453774535844,"rank":410,"blocks":{"housing":0.7827118327346718,"infra":0.26657755889231455,"transport":1,"work":0.0401296496372898,"green":0.2795302971453827,"commerce":0.22947464578679025}}},"indicators":[{"label":"Жильё: плотность","value":22.01537090533729},{"label":"Жильё: обеспеченность","value":34.349},{"label":"Жильё: износ","value":0},{"label":"Жильё: этажность","value":2},{"label":"Коммерческая инфраструктура: разнообразие","value":0},{"label":"Коммерческая инфраструктура: полнота корзины","value":38.591},{"label":"Транспорт: доступность","value":100},{"label":"Крупные работодатели: обеспеченность","value":0.013},{"label":"Крупные работодатели: плотность","value":0},{"label":"Зелёные зоны: покрытие квартала зеленью","value":30.844},{"label":"Зелёные зоны: температура поверхности","value":36.889419667042084},{"label":"Экономика: активность ФНС","value":5.422},{"label":"Экономика: ККТ","value":3.647},{"label":"Экономика: медианный чек","value":0}]},"geometry":{"type":"Polygon","coordinates":[[[49.648193,54.212022],[49.648793,54.212148],[49.648791,54.212153],[49.648792,54.212158],[49.648796,54.212163],[49.648803,54.212167],[49.648811,54.21217],[49.650075,54.212437],[49.649334,54.213756],[49.649334,54.213756],[49.649334,54.213756],[49.648988,54.214373],[49.64871,54.214869],[49.647777,54.214674],[49.647448,54.214604],[49.647448,54.214604],[49.647448,54.214604],[49.647072,54.214526],[49.646267,54.214358],[49.646267,54.214358],[49.646267,54.214358],[49.646014,54.214306],[49.645426,54.21418],[49.645077,54.214105],[49.643746,54.213802],[49.643745,54.213802],[49.643745,54.213802],[49.642509,54.213541],[49.642509,54.213541],[49.642341,54.213508],[49.643811,54.211156],[49.646538,54.211733],[49.648193,54.212022]]]}},{"type":"Feature","id":"759","properties":{"id":"759","city":"dimitrovgrad","baseScore":61.22666481744118,"baseScoreNoCommerce":null,"baseRank":14,"population":1036,"populationField":"pop_sum","pop_sum":1036,"blocks":{"housing":0.14159542832504732,"infra":0.5687800035806095,"transport":1,"work":0.8665644171779145,"green":0.8083004053453265,"commerce":0.2883596346175726},"compare":{"city":{"score":61.22666481744118,"rank":14,"blocks":{"housing":0.14159542832504732,"infra":0.5687800035806095,"transport":1,"work":0.8665644171779145,"green":0.8083004053453265,"commerce":0.2883596346175726}},"all":{"score":57.582571615049204,"rank":149,"blocks":{"housing":0.46095284729428493,"infra":0.5726464393133719,"transport":1,"work":0.34881926223182674,"green":0.8083004053453265,"commerce":0.2883596346175726}}},"indicators":[{"label":"Жильё: плотность","value":120.17437394458103},{"label":"Жильё: обеспеченность","value":26.304},{"label":"Жильё: износ","value":37.5229528718704},{"label":"Жильё: этажность","value":4.25},{"label":"Коммерческая инфраструктура: разнообразие","value":0.125},{"label":"Коммерческая инфраструктура: полнота корзины","value":100},{"label":"Транспорт: доступность","value":100},{"label":"Крупные работодатели: обеспеченность","value":0.113},{"label":"Крупные работодатели: плотность","value":0.002},{"label":"Зелёные зоны: доступность","value":100},{"label":"Зелёные зоны: покрытие квартала зеленью","value":62.654},{"label":"Зелёные зоны: температура поверхности","value":32.82977918399278},{"label":"Экономика: активность ФНС","value":6.044},{"label":"Экономика: ККТ","value":3.317},{"label":"Экономика: медианный чек","value":2.261}]},"geometry":{"type":"Polygon","coordinates":[[[49.544911,54.225452],[49.542957,54.224393],[49.542957,54.224393],[49.542846,54.224333],[49.542769,54.224216],[49.542787,54.224157],[49.542844,54.224101],[49.543135,54.223945],[49.543136,54.223944],[49.543136,54.223944],[49.544017,54.223405],[49.544738,54.222988],[49.544739,54.222988],[49.544739,54.222987],[49.544991,54.222827],[49.545138,54.222733],[49.545209,54.222688],[49.545399,54.222578],[49.545747,54.222376],[49.545747,54.222376],[49.545747,54.222376],[49.546231,54.222094],[49.546575,54.221895],[49.546788,54.221771],[49.546788,54.221771],[49.546876,54.221717],[49.546877,54.221717],[49.546877,54.221717],[49.547104,54.221578],[49.54725,54.22149],[49.547412,54.221581],[49.548926,54.222429],[49.549454,54.222725],[49.549482,54.222741],[49.549511,54.222757],[49.544911,54.225452]]]}}]}