{"type":"FeatureCollection","features":[{"type":"Feature","id":"9","properties":{"id":"9","city":"tambov","baseScore":13.378019511511905,"baseScoreNoCommerce":16.053623413814282,"baseRank":388,"population":456.91810908354495,"blocks":{"housing":0.7883545040240475,"infra":0.010326666666666666,"transport":0,"work":0.004,"green":0,"commerce":0},"indicators":[{"label":"Жильё: плотность","value":18.303},{"label":"Жильё: обеспеченность","value":45.901},{"label":"Коммерческая инфраструктура: разнообразие","value":0},{"label":"Крупные работодатели: обеспеченность","value":0.004},{"label":"Крупные работодатели: плотность","value":0}]},"geometry":{"type":"Polygon","coordinates":[[[41.368221,52.762876],[41.367507,52.762958],[41.367095,52.763215],[41.366997,52.763863],[41.359675,52.763795],[41.360788,52.759621],[41.366292,52.75862],[41.368221,52.762876]]]}},{"type":"Feature","id":"18","properties":{"id":"18","city":"tambov","baseScore":19.61258593254087,"baseScoreNoCommerce":16.519541675911377,"baseRank":374,"population":980.8165964245605,"blocks":{"housing":0.6054173761932296,"infra":0.13902970760233918,"transport":0.08053,"work":0.001,"green":0,"commerce":0.3507780721568835},"indicators":[{"label":"Жильё: плотность","value":30.87},{"label":"Жильё: обеспеченность","value":21.645},{"label":"Жильё: износ","value":13.069},{"label":"Жильё: этажность","value":5.916667},{"label":"Коммерческая инфраструктура: разнообразие","value":0.20833333333333334},{"label":"Транспорт: доступность","value":8.053},{"label":"Крупные работодатели: обеспеченность","value":0.001},{"label":"Крупные работодатели: плотность","value":0},{"label":"Экономика: активность ФНС","value":9.717},{"label":"Экономика: ККТ","value":8.232},{"label":"Экономика: медианный чек","value":0}]},"geometry":{"type":"Polygon","coordinates":[[[41.376174,52.788079],[41.376003,52.788587],[41.375704,52.791689],[41.369462,52.791271],[41.365683,52.789658],[41.371177,52.785308],[41.376348,52.787682],[41.376174,52.788079]]]}},{"type":"Feature","id":"87","properties":{"id":"87","city":"tambov","baseScore":16.72822514619883,"baseScoreNoCommerce":20.073870175438596,"baseRank":382,"population":18.9988329921875,"blocks":{"housing":1,"infra":0.003693508771929824,"transport":0,"work":0,"green":0,"commerce":0},"indicators":[{"label":"Жильё: плотность","value":6.835},{"label":"Жильё: обеспеченность","value":107.886},{"label":"Коммерческая инфраструктура: разнообразие","value":0},{"label":"Экономика: ККТ","value":0}]},"geometry":{"type":"Polygon","coordinates":[[[41.473635,52.684805],[41.473849,52.68476],[41.474064,52.684538],[41.474437,52.684413],[41.474566,52.684132],[41.474711,52.684093],[41.474899,52.684013],[41.474939,52.683952],[41.475117,52.684039],[41.475397,52.684187],[41.475464,52.684158],[41.475449,52.684147],[41.475633,52.684066],[41.475748,52.684029],[41.475901,52.683935],[41.475948,52.683861],[41.476147,52.683656],[41.476224,52.683705],[41.476259,52.683742],[41.47661,52.683632],[41.47662,52.68364],[41.477027,52.683522],[41.477202,52.683488],[41.477748,52.683295],[41.477854,52.683412],[41.478582,52.68317],[41.479094,52.682994],[41.479182,52.682981],[41.479326,52.68298],[41.479293,52.683056],[41.479292,52.683075],[41.479346,52.683254],[41.479347,52.683255],[41.479387,52.683378],[41.479393,52.68347],[41.479388,52.683508],[41.479381,52.683517],[41.479365,52.683528],[41.478321,52.683847],[41.478226,52.683867],[41.478212,52.683871],[41.476841,52.684369],[41.4753,52.684695],[41.475294,52.684696],[41.473931,52.685057],[41.473931,52.685057],[41.473474,52.685178],[41.473635,52.684805]]]}},{"type":"Feature","id":"89","properties":{"id":"89","city":"tambov","baseScore":11.03388567174911,"baseScoreNoCommerce":13.24066280609893,"baseRank":390,"population":44.9930551461914,"blocks":{"housing":0.5325996315330167,"infra":0.018323508771929824,"transport":0,"work":0,"green":0.11111,"commerce":0},"indicators":[{"label":"Жильё: плотность","value":9.039},{"label":"Жильё: обеспеченность","value":32.713},{"label":"Коммерческая инфраструктура: разнообразие","value":0},{"label":"Зелёные зоны: доступность","value":11.111}]},"geometry":{"type":"Polygon","coordinates":[[[41.490153,52.696208],[41.489795,52.696327],[41.489541,52.6963],[41.489233,52.696259],[41.489046,52.696105],[41.488741,52.696057],[41.488578,52.696027],[41.488486,52.695954],[41.488288,52.695937],[41.488293,52.69584],[41.488092,52.695764],[41.487868,52.695676],[41.487959,52.69553],[41.488422,52.695118],[41.488692,52.694858],[41.488886,52.694431],[41.48906,52.694069],[41.489187,52.693789],[41.48934,52.693823],[41.489342,52.693828],[41.489353,52.693843],[41.489358,52.693849],[41.48937,52.69386],[41.489383,52.693869],[41.489408,52.693882],[41.489416,52.693886],[41.489472,52.693909],[41.489482,52.693912],[41.489604,52.693946],[41.489607,52.693947],[41.489812,52.693997],[41.489816,52.693998],[41.490181,52.69407],[41.490261,52.694099],[41.490272,52.694102],[41.490881,52.694245],[41.490885,52.694246],[41.491583,52.694382],[41.492769,52.694647],[41.492067,52.695098],[41.492063,52.695101],[41.491329,52.695659],[41.490931,52.695862],[41.490153,52.696208]]]}},{"type":"Feature","id":"98","properties":{"id":"98","city":"tambov","baseScore":51.51393012724154,"baseScoreNoCommerce":55.26797930506152,"baseRank":118,"population":68.99257306291503,"blocks":{"housing":0.6704644623290993,"infra":0.6871345029239766,"transport":0.4058,"work":0,"green":1,"commerce":0.32743684238141635},"indicators":[{"label":"Жильё: плотность","value":6.473},{"label":"Жильё: обеспеченность","value":39.822},{"label":"Коммерческая инфраструктура: разнообразие","value":0.16666666666666666},{"label":"Коммерческая инфраструктура: полнота корзины","value":100},{"label":"Транспорт: доступность","value":40.58},{"label":"Зелёные зоны: доступность","value":100},{"label":"Экономика: активность ФНС","value":7.493},{"label":"Экономика: ККТ","value":5.637},{"label":"Экономика: медианный чек","value":0}]},"geometry":{"type":"Polygon","coordinates":[[[41.465354,52.72593],[41.465345,52.725941],[41.465304,52.725996],[41.46513,52.725963],[41.464642,52.725953],[41.464393,52.725997],[41.4641,52.725947],[41.463558,52.725942],[41.463338,52.725975],[41.463215,52.725945],[41.462907,52.72594],[41.46248,52.725793],[41.46163,52.725473],[41.461442,52.725412],[41.461073,52.725429],[41.46095,52.725434],[41.460933,52.725386],[41.460868,52.725254],[41.46089,52.725125],[41.460927,52.725001],[41.460953,52.724688],[41.460952,52.724517],[41.460994,52.724374],[41.461109,52.724272],[41.461163,52.724175],[41.461166,52.724107],[41.461207,52.724031],[41.461311,52.723815],[41.46141,52.723591],[41.461605,52.723186],[41.461724,52.723049],[41.461893,52.723128],[41.461909,52.723161],[41.461957,52.723179],[41.462126,52.723182],[41.462327,52.723115],[41.462464,52.723055],[41.462518,52.723054],[41.462622,52.723065],[41.46273,52.723064],[41.462821,52.723029],[41.46305,52.723016],[41.463575,52.722986],[41.463687,52.723],[41.463805,52.723007],[41.464296,52.723002],[41.464503,52.723003],[41.46487,52.722933],[41.46491,52.722907],[41.464969,52.722849],[41.465122,52.722756],[41.46515,52.722774],[41.46523,52.72287],[41.465253,52.72292],[41.465193,52.722972],[41.465224,52.723044],[41.465308,52.723046],[41.465342,52.723165],[41.465183,52.723168],[41.465172,52.723293],[41.46525,52.723357],[41.465445,52.723374],[41.4654,52.723526],[41.465457,52.72365],[41.46548,52.723694],[41.465642,52.723693],[41.465753,52.723652],[41.465937,52.723643],[41.466002,52.72366],[41.466048,52.723973],[41.466084,52.724083],[41.466121,52.724178],[41.46613,52.724268],[41.467109,52.724239],[41.468048,52.724211],[41.468188,52.724207],[41.46815,52.724315],[41.468149,52.724318],[41.468142,52.724343],[41.468121,52.724349],[41.467646,52.724521],[41.46763,52.724527],[41.466945,52.724819],[41.466933,52.724824],[41.466791,52.724893],[41.466381,52.72509],[41.466362,52.7251],[41.466179,52.725207],[41.466166,52.725215],[41.466024,52.725311],[41.465963,52.725353],[41.465948,52.725364],[41.465726,52.725548],[41.465716,52.725557],[41.465567,52.7257],[41.46556,52.725707],[41.465424,52.725855],[41.465354,52.72593]]]}},{"type":"Feature","id":"191","properties":{"id":"191","city":"tambov","baseScore":46.73754402954551,"baseScoreNoCommerce":45.325098370687975,"baseRank":160,"population":193.9694184634766,"blocks":{"housing":0.47209983081510076,"infra":0.6292050877192983,"transport":0.97423,"work":0,"green":0.19072,"commerce":0.5379977232383318},"indicators":[{"label":"Жильё: плотность","value":42.691},{"label":"Жильё: обеспеченность","value":33.387},{"label":"Жильё: износ","value":53.414},{"label":"Жильё: этажность","value":3},{"label":"Коммерческая инфраструктура: разнообразие","value":0.125},{"label":"Коммерческая инфраструктура: полнота корзины","value":100},{"label":"Транспорт: доступность","value":97.423},{"label":"Зелёные зоны: доступность","value":19.072},{"label":"Экономика: активность ФНС","value":9.092},{"label":"Экономика: ККТ","value":3.776},{"label":"Экономика: медианный чек","value":160.456}]},"geometry":{"type":"Polygon","coordinates":[[[41.398615,52.708892],[41.399962,52.709707],[41.400403,52.709975],[41.400857,52.71025],[41.400049,52.710761],[41.399159,52.711351],[41.397363,52.71022],[41.397051,52.709957],[41.396927,52.709794],[41.396882,52.709612],[41.397136,52.709147],[41.397665,52.708117],[41.398078,52.7082],[41.397955,52.70842],[41.398615,52.708892]]]}},{"type":"Feature","id":"224","properties":{"id":"224","city":"tambov","baseScore":23.48184828875611,"baseScoreNoCommerce":24.23619092611778,"baseRank":368,"population":109.98312749509276,"blocks":{"housing":0.6008048094637836,"infra":0.6110047368421053,"transport":0,"work":0,"green":0,"commerce":0.1971013510194776},"indicators":[{"label":"Жильё: плотность","value":34.157},{"label":"Жильё: обеспеченность","value":36.23},{"label":"Коммерческая инфраструктура: разнообразие","value":0},{"label":"Коммерческая инфраструктура: полнота корзины","value":100},{"label":"Экономика: активность ФНС","value":9.043},{"label":"Экономика: ККТ","value":0.094},{"label":"Экономика: медианный чек","value":0}]},"geometry":{"type":"Polygon","coordinates":[[[41.429886,52.738277],[41.427267,52.737295],[41.429557,52.736176],[41.43041,52.736826],[41.430501,52.736897],[41.431376,52.737594],[41.431337,52.737605],[41.431069,52.737727],[41.431063,52.737729],[41.431,52.737761],[41.430932,52.737793],[41.430929,52.737795],[41.430547,52.737987],[41.429886,52.738277]]]}},{"type":"Feature","id":"244","properties":{"id":"244","city":"tambov","baseScore":47.86047946718535,"baseScoreNoCommerce":49.56075153971534,"baseRank":147,"population":329.95339817656253,"blocks":{"housing":0.3558783372196856,"infra":0.5253992397660818,"transport":1,"work":0.021,"green":0.57576,"commerce":0.3935911910453539},"indicators":[{"label":"Жильё: плотность","value":100.229},{"label":"Жильё: обеспеченность","value":21.741},{"label":"Жильё: износ","value":53.952},{"label":"Жильё: этажность","value":2.529412},{"label":"Коммерческая инфраструктура: разнообразие","value":0.2916666666666667},{"label":"Коммерческая инфраструктура: полнота корзины","value":48.788},{"label":"Транспорт: доступность","value":100},{"label":"Крупные работодатели: обеспеченность","value":0.021},{"label":"Крупные работодатели: плотность","value":0},{"label":"Зелёные зоны: доступность","value":57.576},{"label":"Экономика: активность ФНС","value":10},{"label":"Экономика: ККТ","value":3.416},{"label":"Экономика: медианный чек","value":0}]},"geometry":{"type":"Polygon","coordinates":[[[41.432619,52.711599],[41.432554,52.711678],[41.432548,52.711686],[41.432414,52.711896],[41.432412,52.711898],[41.432297,52.712095],[41.43225,52.712174],[41.431981,52.712627],[41.431869,52.712816],[41.431868,52.712817],[41.431839,52.712869],[41.431423,52.713569],[41.431206,52.713936],[41.431054,52.714192],[41.431053,52.714194],[41.430906,52.714462],[41.430904,52.714468],[41.430796,52.71472],[41.430794,52.714727],[41.430527,52.715621],[41.430323,52.716158],[41.430292,52.716231],[41.429946,52.717031],[41.429732,52.717529],[41.429308,52.718533],[41.428183,52.718391],[41.428376,52.718015],[41.429017,52.718119],[41.429181,52.717733],[41.429247,52.717396],[41.429275,52.717335],[41.42991,52.716036],[41.430005,52.715853],[41.430145,52.715368],[41.430305,52.715293],[41.43046,52.714731],[41.430537,52.714573],[41.431406,52.712874],[41.430557,52.712304],[41.43081,52.712082],[41.430908,52.711996],[41.431028,52.711899],[41.431064,52.711867],[41.431169,52.711783],[41.431752,52.711482],[41.432071,52.711319],[41.432619,52.711599]]]}},{"type":"Feature","id":"256","properties":{"id":"256","city":"tambov","baseScore":42.93225860871582,"baseScoreNoCommerce":43.84505092363411,"baseRank":201,"population":66.98977932905274,"blocks":{"housing":0.4741297391641618,"infra":0.6491228070175438,"transport":1,"work":0.069,"green":0,"commerce":0.38368297034124343},"indicators":[{"label":"Жильё: плотность","value":20.558},{"label":"Жильё: обеспеченность","value":29.698},{"label":"Коммерческая инфраструктура: разнообразие","value":0},{"label":"Коммерческая инфраструктура: полнота корзины","value":100},{"label":"Транспорт: доступность","value":100},{"label":"Крупные работодатели: обеспеченность","value":0.069},{"label":"Крупные работодатели: плотность","value":0},{"label":"Экономика: активность ФНС","value":8.275},{"label":"Экономика: ККТ","value":3.826},{"label":"Экономика: медианный чек","value":0}]},"geometry":{"type":"Polygon","coordinates":[[[41.4238,52.718399],[41.423801,52.718415],[41.423828,52.718421],[41.423882,52.718419],[41.423822,52.718548],[41.423757,52.718688],[41.423686,52.718842],[41.423572,52.71909],[41.423509,52.719226],[41.423378,52.719172],[41.423363,52.719166],[41.423248,52.719125],[41.423131,52.719084],[41.423126,52.719083],[41.423122,52.719081],[41.422986,52.719037],[41.422982,52.719036],[41.422785,52.718976],[41.422753,52.718967],[41.42245,52.718904],[41.422431,52.7189],[41.421923,52.718821],[41.42192,52.71882],[41.421498,52.718757],[41.421944,52.71776],[41.422448,52.716722],[41.42245,52.716716],[41.42424,52.717115],[41.424461,52.717164],[41.424412,52.71727],[41.424404,52.717287],[41.424398,52.717274],[41.424383,52.71726],[41.42434,52.717256],[41.42429,52.71727],[41.424227,52.717326],[41.424213,52.717342],[41.4238,52.718399]]]}},{"type":"Feature","id":"269","properties":{"id":"269","city":"tambov","baseScore":41.26827502365098,"baseScoreNoCommerce":38.49609590643275,"baseRank":218,"population":1024.8783896323241,"blocks":{"housing":0.5,"infra":0.4248047953216374,"transport":1,"work":0,"green":0,"commerce":0.5512917060974214},"indicators":[{"label":"Жильё: плотность","value":112.915},{"label":"Жильё: обеспеченность","value":3.255},{"label":"Жильё: износ","value":4},{"label":"Жильё: этажность","value":19},{"label":"Коммерческая инфраструктура: разнообразие","value":0.20833333333333334},{"label":"Коммерческая инфраструктура: полнота корзины","value":55.707},{"label":"Транспорт: доступность","value":100},{"label":"Экономика: активность ФНС","value":9.829},{"label":"Экономика: ККТ","value":5.937},{"label":"Экономика: медианный чек","value":331.696}]},"geometry":{"type":"Polygon","coordinates":[[[41.454582,52.672753],[41.456293,52.670946],[41.456379,52.670766],[41.456407,52.670662],[41.45675,52.670771],[41.457041,52.670833],[41.457208,52.670893],[41.457923,52.671172],[41.457924,52.671172],[41.458975,52.671575],[41.459901,52.671939],[41.459904,52.67194],[41.46072,52.672249],[41.460895,52.672315],[41.460898,52.672316],[41.460918,52.672324],[41.4595,52.673741],[41.459318,52.673837],[41.459153,52.673839],[41.457816,52.673923],[41.457826,52.673947],[41.457221,52.6738],[41.454793,52.672933],[41.454748,52.672973],[41.454471,52.672868],[41.454567,52.672778],[41.454582,52.672753]]]}},{"type":"Feature","id":"289","properties":{"id":"289","city":"tambov","baseScore":62.623643593836185,"baseScoreNoCommerce":59.38027669919814,"baseRank":38,"population":53.99499148359375,"blocks":{"housing":0.31651798700669065,"infra":0.7084958479532165,"transport":1,"work":0.944,"green":0,"commerce":0.7884047806702645},"indicators":[{"label":"Жильё: плотность","value":12.084},{"label":"Жильё: обеспеченность","value":37.892},{"label":"Жильё: износ","value":100},{"label":"Жильё: этажность","value":1.5},{"label":"Коммерческая инфраструктура: разнообразие","value":0.20833333333333334},{"label":"Коммерческая инфраструктура: полнота корзины","value":100},{"label":"Транспорт: доступность","value":100},{"label":"Крупные работодатели: обеспеченность","value":0.944},{"label":"Крупные работодатели: плотность","value":0.02},{"label":"Экономика: активность ФНС","value":8.153},{"label":"Экономика: ККТ","value":16.11},{"label":"Экономика: медианный чек","value":401.511}]},"geometry":{"type":"Polygon","coordinates":[[[41.436636,52.72425],[41.437032,52.723028],[41.437287,52.72306],[41.438302,52.723174],[41.438495,52.723196],[41.438604,52.723208],[41.439116,52.723265],[41.439482,52.723306],[41.440105,52.723376],[41.44175,52.723525],[41.441394,52.724759],[41.436636,52.72425]]]}},{"type":"Feature","id":"290","properties":{"id":"290","city":"tambov","baseScore":71.07793759499727,"baseScoreNoCommerce":65.86379699791091,"baseRank":9,"population":97.98763081049805,"blocks":{"housing":0.463366867439405,"infra":0.7403329824561403,"transport":1,"work":0.865,"green":0.22449,"commerce":0.9714864058042911},"indicators":[{"label":"Жильё: плотность","value":41.357},{"label":"Жильё: обеспеченность","value":50.084},{"label":"Жильё: износ","value":81.266},{"label":"Жильё: этажность","value":1.875},{"label":"Коммерческая инфраструктура: разнообразие","value":0.25},{"label":"Коммерческая инфраструктура: полнота корзины","value":100},{"label":"Транспорт: доступность","value":100},{"label":"Крупные работодатели: обеспеченность","value":0.865},{"label":"Крупные работодатели: плотность","value":0.027},{"label":"Зелёные зоны: доступность","value":22.449},{"label":"Экономика: активность ФНС","value":9.668},{"label":"Экономика: ККТ","value":29.329},{"label":"Экономика: медианный чек","value":524.788}]},"geometry":{"type":"Polygon","coordinates":[[[41.445947,52.725457],[41.445947,52.725457],[41.445947,52.725458],[41.446245,52.72549],[41.446398,52.725506],[41.446435,52.72551],[41.446397,52.725648],[41.446045,52.726928],[41.445669,52.726884],[41.444995,52.726806],[41.444516,52.72675],[41.443865,52.726675],[41.443906,52.726538],[41.444046,52.726058],[41.444071,52.725976],[41.444071,52.725976],[41.444071,52.725976],[41.44416,52.725672],[41.444276,52.725276],[41.444442,52.725294],[41.444511,52.725295],[41.444577,52.725309],[41.445947,52.725457]]]}},{"type":"Feature","id":"292","properties":{"id":"292","city":"tambov","baseScore":70.62703977163852,"baseScoreNoCommerce":67.37711565610661,"baseRank":10,"population":827.9004074757813,"blocks":{"housing":0.33219757617765017,"infra":0.8166582066276803,"transport":1,"work":0.22,"green":1,"commerce":0.8687666034929806},"indicators":[{"label":"Жильё: плотность","value":62.816},{"label":"Жильё: обеспеченность","value":12.815},{"label":"Жильё: износ","value":43.69},{"label":"Жильё: этажность","value":5},{"label":"Коммерческая инфраструктура: разнообразие","value":0.5277777777777778},{"label":"Коммерческая инфраструктура: полнота корзины","value":100},{"label":"Транспорт: доступность","value":100},{"label":"Крупные работодатели: обеспеченность","value":0.22},{"label":"Крупные работодатели: плотность","value":0.002},{"label":"Зелёные зоны: доступность","value":100},{"label":"Экономика: активность ФНС","value":8.564},{"label":"Экономика: ККТ","value":47.784},{"label":"Экономика: медианный чек","value":244.863}]},"geometry":{"type":"Polygon","coordinates":[[[41.452182,52.721779],[41.452446,52.721799],[41.452488,52.721802],[41.45255,52.721798],[41.452646,52.721778],[41.452685,52.721766],[41.45289,52.721677],[41.452925,52.721668],[41.452961,52.721671],[41.453322,52.721705],[41.453783,52.721752],[41.453784,52.721752],[41.45463,52.721836],[41.455227,52.721897],[41.45563,52.721939],[41.456127,52.721989],[41.455746,52.723418],[41.455682,52.723657],[41.455363,52.724822],[41.455363,52.724822],[41.455363,52.724822],[41.455291,52.725082],[41.455267,52.725171],[41.455017,52.726083],[41.454981,52.726215],[41.454595,52.726177],[41.454454,52.726162],[41.454453,52.726162],[41.453811,52.726099],[41.453361,52.726052],[41.45336,52.726052],[41.452809,52.725997],[41.452266,52.725942],[41.452266,52.725942],[41.452266,52.725942],[41.451748,52.72589],[41.451557,52.725871],[41.451553,52.725871],[41.45155,52.72587],[41.451512,52.725867],[41.451304,52.725846],[41.45115,52.725831],[41.451068,52.725823],[41.451089,52.725732],[41.45109,52.725728],[41.451324,52.72444],[41.451336,52.724385],[41.451884,52.721748],[41.452182,52.721779]]]}},{"type":"Feature","id":"300","properties":{"id":"300","city":"tambov","baseScore":43.53487456669372,"baseScoreNoCommerce":40.82120296890858,"baseRank":193,"population":505.93561205295407,"blocks":{"housing":0.38380213674952257,"infra":0.6512580116959065,"transport":1,"work":0.006,"green":0,"commerce":0.5710323255561945},"indicators":[{"label":"Жильё: плотность","value":273.933},{"label":"Жильё: обеспеченность","value":9.728},{"label":"Жильё: износ","value":30.381},{"label":"Жильё: этажность","value":5.5},{"label":"Коммерческая инфраструктура: разнообразие","value":0.041666666666666664},{"label":"Коммерческая инфраструктура: полнота корзины","value":100},{"label":"Транспорт: доступность","value":100},{"label":"Крупные работодатели: обеспеченность","value":0.006},{"label":"Крупные работодатели: плотность","value":0},{"label":"Экономика: активность ФНС","value":6.734},{"label":"Экономика: ККТ","value":5.27},{"label":"Экономика: медианный чек","value":0}]},"geometry":{"type":"Polygon","coordinates":[[[41.455386,52.741632],[41.456511,52.742053],[41.455805,52.742743],[41.455251,52.743277],[41.454939,52.743577],[41.453741,52.74313],[41.455386,52.741632]]]}},{"type":"Feature","id":"313","properties":{"id":"313","city":"tambov","baseScore":15.997307111344758,"baseScoreNoCommerce":14.75679530481549,"baseRank":384,"population":671.9195640828125,"blocks":{"housing":0.33799239681972176,"infra":0.3879473684210526,"transport":0.0119,"work":0,"green":0,"commerce":0.22199866143991098},"indicators":[{"label":"Жильё: плотность","value":202.384},{"label":"Жильё: обеспеченность","value":9.815},{"label":"Жильё: износ","value":37.996},{"label":"Жильё: этажность","value":9},{"label":"Коммерческая инфраструктура: разнообразие","value":0},{"label":"Коммерческая инфраструктура: полнота корзины","value":35.565},{"label":"Транспорт: доступность","value":1.19},{"label":"Экономика: активность ФНС","value":7.25},{"label":"Экономика: ККТ","value":0.756},{"label":"Экономика: медианный чек","value":0}]},"geometry":{"type":"Polygon","coordinates":[[[41.470111,52.737129],[41.47012,52.737128],[41.470173,52.737123],[41.470234,52.737109],[41.470278,52.737091],[41.470381,52.737128],[41.470436,52.737221],[41.470485,52.737331],[41.470532,52.737602],[41.470523,52.737631],[41.470504,52.737664],[41.470107,52.738114],[41.469923,52.738201],[41.469754,52.738281],[41.469739,52.73829],[41.469555,52.738451],[41.469552,52.738454],[41.469363,52.738653],[41.468977,52.739059],[41.468713,52.739336],[41.465561,52.738454],[41.46654,52.737144],[41.467456,52.73743],[41.467026,52.737925],[41.467161,52.737973],[41.467226,52.737996],[41.467377,52.738048],[41.467548,52.738104],[41.467766,52.73818],[41.468369,52.738391],[41.468763,52.738528],[41.468871,52.738566],[41.468894,52.738542],[41.46893,52.738554],[41.468944,52.73854],[41.468955,52.738528],[41.46893,52.73852],[41.468956,52.738492],[41.46935,52.738064],[41.470111,52.737129]]]}},{"type":"Feature","id":"330","properties":{"id":"330","city":"tambov","baseScore":33.32610655208748,"baseScoreNoCommerce":38.19510584869038,"baseRank":311,"population":346.9530448104492,"blocks":{"housing":0.5503830117327646,"infra":0.6327922807017544,"transport":0.62824,"work":0.009,"green":0.08934,"commerce":0.08981110069073003},"indicators":[{"label":"Жильё: плотность","value":42.654},{"label":"Жильё: обеспеченность","value":33.63},{"label":"Коммерческая инфраструктура: разнообразие","value":0},{"label":"Коммерческая инфраструктура: полнота корзины","value":100},{"label":"Транспорт: доступность","value":62.824},{"label":"Крупные работодатели: обеспеченность","value":0.009},{"label":"Крупные работодатели: плотность","value":0},{"label":"Зелёные зоны: доступность","value":8.934},{"label":"Экономика: активность ФНС","value":4},{"label":"Экономика: ККТ","value":0.16},{"label":"Экономика: медианный чек","value":0}]},"geometry":{"type":"Polygon","coordinates":[[[41.432069,52.749921],[41.432274,52.74994],[41.433504,52.750053],[41.436685,52.750316],[41.436159,52.752617],[41.432962,52.752339],[41.431762,52.75223],[41.431514,52.752207],[41.432069,52.749921]]]}},{"type":"Feature","id":"331","properties":{"id":"331","city":"tambov","baseScore":39.507053697561716,"baseScoreNoCommerce":44.7062648927176,"baseRank":240,"population":203.97021634765625,"blocks":{"housing":0.6090662270920199,"infra":0.6262470175438597,"transport":1,"work":0,"green":0,"commerce":0.1351099772178234},"indicators":[{"label":"Жильё: плотность","value":34.976},{"label":"Жильё: обеспеченность","value":36.656},{"label":"Коммерческая инфраструктура: разнообразие","value":0},{"label":"Коммерческая инфраструктура: полнота корзины","value":100},{"label":"Транспорт: доступность","value":100},{"label":"Экономика: активность ФНС","value":4.451},{"label":"Экономика: ККТ","value":0.699},{"label":"Экономика: медианный чек","value":0}]},"geometry":{"type":"Polygon","coordinates":[[[41.435835,52.748005],[41.436625,52.748588],[41.433903,52.749968],[41.432259,52.749821],[41.432076,52.749804],[41.43206,52.749726],[41.43205,52.749704],[41.431995,52.749624],[41.431973,52.7496],[41.431266,52.749083],[41.431234,52.749058],[41.431222,52.749044],[41.434848,52.74722],[41.434897,52.747258],[41.435835,52.748005]]]}},{"type":"Feature","id":"332","properties":{"id":"332","city":"tambov","baseScore":42.281991033250684,"baseScoreNoCommerce":43.42531675436045,"baseRank":208,"population":162.97630398791503,"blocks":{"housing":0.5397944342092506,"infra":0.631471403508772,"transport":1,"work":0,"green":0,"commerce":0.3656536242770187},"indicators":[{"label":"Жильё: плотность","value":41.495},{"label":"Жильё: обеспеченность","value":33.084},{"label":"Коммерческая инфраструктура: разнообразие","value":0},{"label":"Коммерческая инфраструктура: полнота корзины","value":100},{"label":"Транспорт: доступность","value":100},{"label":"Экономика: активность ФНС","value":8.092},{"label":"Экономика: ККТ","value":2.857},{"label":"Экономика: медианный чек","value":0}]},"geometry":{"type":"Polygon","coordinates":[[[41.435132,52.747149],[41.43513,52.747148],[41.435076,52.747106],[41.4351,52.747094],[41.437437,52.745921],[41.437478,52.745901],[41.437525,52.745935],[41.438405,52.746635],[41.439114,52.747185],[41.436847,52.748469],[41.43606,52.747887],[41.435132,52.747149]]]}},{"type":"Feature","id":"333","properties":{"id":"333","city":"tambov","baseScore":61.74099277279369,"baseScoreNoCommerce":61.66848872856949,"baseRank":44,"population":145.9795085239258,"blocks":{"housing":0.27600776976180796,"infra":0.6814166666666667,"transport":1,"work":0.126,"green":1,"commerce":0.6210351299391468},"indicators":[{"label":"Жильё: плотность","value":53.755},{"label":"Жильё: обеспеченность","value":28.549},{"label":"Жильё: износ","value":77.764},{"label":"Жильё: этажность","value":2.3},{"label":"Коммерческая инфраструктура: разнообразие","value":0.125},{"label":"Коммерческая инфраструктура: полнота корзины","value":100},{"label":"Транспорт: доступность","value":100},{"label":"Крупные работодатели: обеспеченность","value":0.126},{"label":"Крупные работодатели: плотность","value":0.001},{"label":"Зелёные зоны: доступность","value":100},{"label":"Экономика: активность ФНС","value":6.624},{"label":"Экономика: ККТ","value":5.237},{"label":"Экономика: медианный чек","value":638.199}]},"geometry":{"type":"Polygon","coordinates":[[[41.441933,52.743694],[41.441929,52.743691],[41.441923,52.743687],[41.443091,52.743095],[41.4431,52.743103],[41.443101,52.743103],[41.44447,52.742411],[41.445587,52.743286],[41.444198,52.743963],[41.443078,52.744552],[41.442998,52.744492],[41.442533,52.744143],[41.441933,52.743694]]]}},{"type":"Feature","id":"335","properties":{"id":"335","city":"tambov","baseScore":58.476829049825504,"baseScoreNoCommerce":59.56301842467,"baseRank":68,"population":321.95791546030273,"blocks":{"housing":0.38911107717891896,"infra":0.6861598440545809,"transport":1,"work":0.024,"green":0.87888,"commerce":0.5304588217560305},"indicators":[{"label":"Жильё: плотность","value":74.039},{"label":"Жильё: обеспеченность","value":26.437},{"label":"Жильё: износ","value":55.96},{"label":"Жильё: этажность","value":2.733333},{"label":"Коммерческая инфраструктура: разнообразие","value":0.1111111111111111},{"label":"Коммерческая инфраструктура: полнота корзины","value":100},{"label":"Транспорт: доступность","value":100},{"label":"Крупные работодатели: обеспеченность","value":0.024},{"label":"Крупные работодатели: плотность","value":0},{"label":"Зелёные зоны: доступность","value":87.888},{"label":"Экономика: активность ФНС","value":7.894},{"label":"Экономика: ККТ","value":3.524},{"label":"Экономика: медианный чек","value":299.634}]},"geometry":{"type":"Polygon","coordinates":[[[41.44471,52.742305],[41.444709,52.742304],[41.444699,52.742296],[41.445512,52.741886],[41.44559,52.74189],[41.445667,52.741879],[41.445735,52.741855],[41.446044,52.741698],[41.446046,52.741698],[41.446461,52.741485],[41.446476,52.741477],[41.446476,52.741477],[41.447738,52.74221],[41.449316,52.743058],[41.447101,52.744106],[41.44471,52.742305]]]}},{"type":"Feature","id":"336","properties":{"id":"336","city":"tambov","baseScore":45.56369003919286,"baseScoreNoCommerce":51.95847905684564,"baseRank":175,"population":124.9840298390625,"blocks":{"housing":0.28180114582473853,"infra":0.6491228070175438,"transport":1,"work":0.067,"green":0.6,"commerce":0.13589744950928956},"indicators":[{"label":"Жильё: плотность","value":40.896},{"label":"Жильё: обеспеченность","value":29.288},{"label":"Жильё: износ","value":77.988},{"label":"Жильё: этажность","value":2.666667},{"label":"Коммерческая инфраструктура: разнообразие","value":0},{"label":"Коммерческая инфраструктура: полнота корзины","value":100},{"label":"Транспорт: доступность","value":100},{"label":"Крупные работодатели: обеспеченность","value":0.067},{"label":"Крупные работодатели: плотность","value":0},{"label":"Зелёные зоны: доступность","value":60},{"label":"Экономика: активность ФНС","value":3.349},{"label":"Экономика: ККТ","value":1.053},{"label":"Экономика: медианный чек","value":0}]},"geometry":{"type":"Polygon","coordinates":[[[41.44536,52.741656],[41.445329,52.7417],[41.445322,52.741747],[41.444515,52.742155],[41.444476,52.742126],[41.444473,52.742123],[41.442223,52.740505],[41.443536,52.739874],[41.443552,52.739866],[41.443553,52.739865],[41.444495,52.740387],[41.444666,52.740482],[41.445657,52.741031],[41.445659,52.741032],[41.446099,52.741271],[41.445721,52.741464],[41.445412,52.74162],[41.44536,52.741656]]]}},{"type":"Feature","id":"338","properties":{"id":"338","city":"tambov","baseScore":53.52448300502929,"baseScoreNoCommerce":54.04521870363179,"baseRank":104,"population":182.97796305878907,"blocks":{"housing":0.4784788299184316,"infra":0.642412105263158,"transport":1,"work":0.33,"green":0.25137,"commerce":0.509208045120167},"indicators":[{"label":"Жильё: плотность","value":33.999},{"label":"Жильё: обеспеченность","value":42.179},{"label":"Жильё: износ","value":66.288},{"label":"Жильё: этажность","value":1.823529},{"label":"Коммерческая инфраструктура: разнообразие","value":0},{"label":"Коммерческая инфраструктура: полнота корзины","value":100},{"label":"Транспорт: доступность","value":100},{"label":"Крупные работодатели: обеспеченность","value":0.33},{"label":"Крупные работодатели: плотность","value":0.002},{"label":"Зелёные зоны: доступность","value":25.137},{"label":"Экономика: активность ФНС","value":7.696},{"label":"Экономика: ККТ","value":3.95},{"label":"Экономика: медианный чек","value":668.101}]},"geometry":{"type":"Polygon","coordinates":[[[41.441957,52.740601],[41.444286,52.74227],[41.441732,52.743549],[41.441728,52.743551],[41.44168,52.743518],[41.439511,52.741938],[41.43944,52.741913],[41.441957,52.740601]]]}},{"type":"Feature","id":"339","properties":{"id":"339","city":"tambov","baseScore":47.04369770762402,"baseScoreNoCommerce":38.63700319331494,"baseRank":156,"population":357.9527238995361,"blocks":{"housing":0.292038405279782,"infra":0.6398117543859649,"transport":1,"work":0,"green":0,"commerce":0.8907717027916944},"indicators":[{"label":"Жильё: плотность","value":117.799},{"label":"Жильё: обеспеченность","value":9.841},{"label":"Жильё: износ","value":45.538},{"label":"Жильё: этажность","value":5.75},{"label":"Коммерческая инфраструктура: разнообразие","value":0},{"label":"Коммерческая инфраструктура: полнота корзины","value":100},{"label":"Транспорт: доступность","value":100},{"label":"Экономика: активность ФНС","value":9.873},{"label":"Экономика: ККТ","value":13.74},{"label":"Экономика: медианный чек","value":307.424}]},"geometry":{"type":"Polygon","coordinates":[[[41.434377,52.739993],[41.434666,52.739837],[41.435443,52.739421],[41.435478,52.739403],[41.435584,52.739478],[41.435671,52.739631],[41.435701,52.739661],[41.437543,52.740908],[41.438281,52.741424],[41.438972,52.741916],[41.438664,52.742066],[41.438548,52.742087],[41.4385,52.742102],[41.438111,52.742283],[41.438079,52.742303],[41.438072,52.742312],[41.437758,52.742492],[41.436619,52.741339],[41.435686,52.740613],[41.434377,52.739993]]]}},{"type":"Feature","id":"342","properties":{"id":"342","city":"tambov","baseScore":57.294713775068374,"baseScoreNoCommerce":56.011049754092134,"baseRank":75,"population":1155.8351623763672,"blocks":{"housing":0.3254134623634758,"infra":0.7661290253411307,"transport":1,"work":0.036,"green":0.67301,"commerce":0.6371303387994954},"indicators":[{"label":"Жильё: плотность","value":77.676},{"label":"Жильё: обеспеченность","value":21.153},{"label":"Жильё: износ","value":57.994},{"label":"Жильё: этажность","value":4.666667},{"label":"Коммерческая инфраструктура: разнообразие","value":0.4444444444444444},{"label":"Коммерческая инфраструктура: полнота корзины","value":100},{"label":"Транспорт: доступность","value":100},{"label":"Крупные работодатели: обеспеченность","value":0.036},{"label":"Крупные работодатели: плотность","value":0},{"label":"Зелёные зоны: доступность","value":67.301},{"label":"Экономика: активность ФНС","value":8.779},{"label":"Экономика: ККТ","value":21.5},{"label":"Экономика: медианный чек","value":95.08}]},"geometry":{"type":"Polygon","coordinates":[[[41.429581,52.718705],[41.429574,52.718704],[41.429626,52.718606],[41.429631,52.718595],[41.429646,52.718552],[41.429767,52.718279],[41.429774,52.718241],[41.429761,52.718204],[41.429751,52.718193],[41.430018,52.717574],[41.430233,52.717077],[41.430578,52.716277],[41.430587,52.716257],[41.432379,52.71651],[41.432742,52.716583],[41.432744,52.716584],[41.434009,52.716729],[41.43486,52.716833],[41.438097,52.71724],[41.438101,52.71724],[41.438473,52.717277],[41.43856,52.717286],[41.438354,52.717957],[41.438246,52.7183],[41.438098,52.718771],[41.438024,52.718998],[41.437866,52.719462],[41.437866,52.719464],[41.437841,52.719544],[41.437753,52.719534],[41.43775,52.719534],[41.434579,52.719214],[41.429581,52.718705]],[[41.430821,52.718763],[41.430818,52.718761],[41.430812,52.718761],[41.430808,52.718764],[41.430809,52.718767],[41.430815,52.718769],[41.43082,52.718767],[41.430821,52.718763]],[[41.430797,52.718784],[41.430793,52.718781],[41.430787,52.718781],[41.430784,52.718784],[41.430785,52.718787],[41.430791,52.718789],[41.430796,52.718787],[41.430797,52.718784]]]}},{"type":"Feature","id":"343","properties":{"id":"343","city":"tambov","baseScore":43.82646582790423,"baseScoreNoCommerce":52.59175899348507,"baseRank":189,"population":224.97180237382815,"blocks":{"housing":0.48729514265670976,"infra":0.48452280701754386,"transport":0.81333,"work":0,"green":0.84444,"commerce":0},"indicators":[{"label":"Жильё: плотность","value":24.754},{"label":"Жильё: обеспеченность","value":43.854},{"label":"Жильё: износ","value":67.5},{"label":"Жильё: этажность","value":1},{"label":"Коммерческая инфраструктура: разнообразие","value":0},{"label":"Коммерческая инфраструктура: полнота корзины","value":60.889},{"label":"Транспорт: доступность","value":81.333},{"label":"Зелёные зоны: доступность","value":84.444}]},"geometry":{"type":"Polygon","coordinates":[[[41.430632,52.716144],[41.430816,52.715659],[41.430817,52.715655],[41.431059,52.714846],[41.431265,52.714866],[41.431729,52.714918],[41.431729,52.714918],[41.431775,52.714924],[41.432719,52.71504],[41.43273,52.715041],[41.433857,52.715127],[41.434004,52.715137],[41.434657,52.715184],[41.439015,52.715553],[41.439015,52.715553],[41.439108,52.715561],[41.439085,52.715631],[41.438596,52.717171],[41.438504,52.717162],[41.438133,52.717125],[41.434044,52.716614],[41.434038,52.716613],[41.433179,52.716543],[41.432802,52.716472],[41.432436,52.716398],[41.432426,52.716396],[41.430632,52.716144]]]}},{"type":"Feature","id":"344","properties":{"id":"344","city":"tambov","baseScore":47.75861159452411,"baseScoreNoCommerce":57.310333913428934,"baseRank":148,"population":128.98107696542968,"blocks":{"housing":0.5749511401158911,"infra":0.30606555555555554,"transport":1,"work":0,"green":0.9845,"commerce":0},"indicators":[{"label":"Жильё: плотность","value":22.244},{"label":"Жильё: обеспеченность","value":41.837},{"label":"Жильё: износ","value":50},{"label":"Жильё: этажность","value":1},{"label":"Коммерческая инфраструктура: разнообразие","value":0.16666666666666666},{"label":"Транспорт: доступность","value":100},{"label":"Зелёные зоны: доступность","value":98.45}]},"geometry":{"type":"Polygon","coordinates":[[[41.431317,52.714689],[41.431314,52.714689],[41.431123,52.71467],[41.431189,52.714516],[41.431333,52.714251],[41.431484,52.713997],[41.431702,52.71363],[41.432117,52.712929],[41.432118,52.712928],[41.432147,52.712877],[41.43226,52.712688],[41.432528,52.712235],[41.43253,52.712232],[41.43281,52.712275],[41.433359,52.712369],[41.435319,52.712742],[41.435311,52.712758],[41.43506,52.713259],[41.435059,52.713262],[41.43482,52.71388],[41.43482,52.713882],[41.434791,52.713967],[41.43479,52.713969],[41.434689,52.714343],[41.434636,52.714532],[41.434636,52.714535],[41.434601,52.714714],[41.4346,52.714719],[41.434585,52.714997],[41.433954,52.714953],[41.432772,52.714863],[41.431832,52.714747],[41.43183,52.714747],[41.431783,52.714742],[41.431317,52.714689]]]}},{"type":"Feature","id":"346","properties":{"id":"346","city":"tambov","baseScore":41.38917605905018,"baseScoreNoCommerce":42.611601640579686,"baseRank":216,"population":197.9703958638672,"blocks":{"housing":0.5831765732570542,"infra":0.5423535087719299,"transport":1,"work":0,"green":0.00505,"commerce":0.35277048151402657},"indicators":[{"label":"Жильё: плотность","value":28.606},{"label":"Жильё: обеспеченность","value":35.321},{"label":"Коммерческая инфраструктура: разнообразие","value":0},{"label":"Коммерческая инфраструктура: полнота корзины","value":100},{"label":"Транспорт: доступность","value":100},{"label":"Зелёные зоны: доступность","value":0.505},{"label":"Экономика: активность ФНС","value":8.181},{"label":"Экономика: ККТ","value":6.206},{"label":"Экономика: медианный чек","value":0}]},"geometry":{"type":"Polygon","coordinates":[[[41.436385,52.701389],[41.437469,52.702124],[41.437529,52.702185],[41.437359,52.702247],[41.434722,52.702983],[41.434493,52.70304],[41.431583,52.701335],[41.433902,52.699925],[41.436385,52.701389]]]}},{"type":"Feature","id":"367","properties":{"id":"367","city":"tambov","baseScore":49.85340008871473,"baseScoreNoCommerce":55.0569057060782,"baseRank":128,"population":148.97879934729005,"blocks":{"housing":0.27476961278929035,"infra":0.6395756725146199,"transport":0.96644,"work":0.013,"green":0.85906,"commerce":0.2383587200189737},"indicators":[{"label":"Жильё: плотность","value":32.965},{"label":"Жильё: обеспеченность","value":24.274},{"label":"Жильё: износ","value":71.2},{"label":"Жильё: этажность","value":4.5},{"label":"Коммерческая инфраструктура: разнообразие","value":0.08333333333333333},{"label":"Коммерческая инфраструктура: полнота корзины","value":100},{"label":"Транспорт: доступность","value":96.644},{"label":"Крупные работодатели: обеспеченность","value":0.013},{"label":"Крупные работодатели: плотность","value":0},{"label":"Зелёные зоны: доступность","value":85.906},{"label":"Экономика: активность ФНС","value":5.725},{"label":"Экономика: ККТ","value":0.973},{"label":"Экономика: медианный чек","value":0}]},"geometry":{"type":"Polygon","coordinates":[[[41.406766,52.713528],[41.406803,52.713493],[41.406821,52.713467],[41.406825,52.713439],[41.406815,52.713412],[41.406798,52.713395],[41.406874,52.713213],[41.407123,52.712621],[41.40728,52.712304],[41.40743,52.712067],[41.408017,52.712226],[41.408019,52.712226],[41.408021,52.712227],[41.40888,52.712443],[41.408883,52.712444],[41.409837,52.712671],[41.411014,52.712976],[41.411003,52.712983],[41.410961,52.71302],[41.410954,52.713027],[41.410881,52.713116],[41.410875,52.713125],[41.410737,52.713388],[41.410683,52.713466],[41.410616,52.71354],[41.410491,52.713667],[41.410447,52.713709],[41.410241,52.713901],[41.410239,52.713903],[41.40895,52.715213],[41.408949,52.715214],[41.408525,52.71567],[41.408501,52.715668],[41.408496,52.715668],[41.408448,52.715646],[41.408442,52.715643],[41.407826,52.715379],[41.408846,52.714397],[41.408676,52.714326],[41.409542,52.713431],[41.408593,52.713102],[41.407807,52.7139],[41.406781,52.71353],[41.406766,52.713528]]]}},{"type":"Feature","id":"369","properties":{"id":"369","city":"tambov","baseScore":36.3240330460364,"baseScoreNoCommerce":39.92077778492909,"baseRank":285,"population":936.8548283386231,"blocks":{"housing":0.27957970795990494,"infra":0.42857918128654976,"transport":1,"work":0.004,"green":0.28388,"commerce":0.18340309351572895},"indicators":[{"label":"Жильё: плотность","value":103.125},{"label":"Жильё: обеспеченность","value":12.512},{"label":"Жильё: износ","value":51.799},{"label":"Жильё: этажность","value":3.3125},{"label":"Коммерческая инфраструктура: разнообразие","value":0.20833333333333334},{"label":"Коммерческая инфраструктура: полнота корзины","value":27.855},{"label":"Транспорт: доступность","value":100},{"label":"Крупные работодатели: обеспеченность","value":0.004},{"label":"Крупные работодатели: плотность","value":0},{"label":"Зелёные зоны: доступность","value":28.388},{"label":"Экономика: активность ФНС","value":6.154},{"label":"Экономика: ККТ","value":0.96},{"label":"Экономика: медианный чек","value":0}]},"geometry":{"type":"Polygon","coordinates":[[[41.402676,52.713261],[41.401772,52.712867],[41.401253,52.712636],[41.401025,52.712531],[41.400804,52.712409],[41.400577,52.712267],[41.401022,52.712078],[41.401034,52.712073],[41.401293,52.711957],[41.402056,52.711616],[41.402057,52.711616],[41.402374,52.711471],[41.402721,52.711332],[41.402904,52.711277],[41.402906,52.711277],[41.403029,52.711238],[41.403046,52.711231],[41.403122,52.711193],[41.403141,52.71118],[41.403208,52.711119],[41.403284,52.711162],[41.403293,52.711167],[41.403364,52.711196],[41.40338,52.711201],[41.40349,52.711225],[41.403492,52.711225],[41.403493,52.711226],[41.403585,52.711243],[41.403588,52.711244],[41.403591,52.711244],[41.403775,52.71127],[41.403776,52.711271],[41.403776,52.711272],[41.407305,52.712016],[41.406621,52.713423],[41.405531,52.714458],[41.402676,52.713261]]]}},{"type":"Feature","id":"411","properties":{"id":"411","city":"tambov","baseScore":34.073348687879125,"baseScoreNoCommerce":38.826459381249926,"baseRank":304,"population":115.98113564758302,"blocks":{"housing":0.6531271211092796,"infra":0.23119584795321638,"transport":1,"work":0.057,"green":0,"commerce":0.1030779522102512},"indicators":[{"label":"Жильё: плотность","value":30.343},{"label":"Жильё: обеспеченность","value":38.928},{"label":"Коммерческая инфраструктура: разнообразие","value":0.08333333333333333},{"label":"Транспорт: доступность","value":100},{"label":"Крупные работодатели: обеспеченность","value":0.057},{"label":"Крупные работодатели: плотность","value":0},{"label":"Экономика: активность ФНС","value":2.948},{"label":"Экономика: ККТ","value":0.679},{"label":"Экономика: медианный чек","value":0}]},"geometry":{"type":"Polygon","coordinates":[[[41.396904,52.716504],[41.396758,52.716493],[41.396705,52.716488],[41.394499,52.716533],[41.393654,52.716546],[41.393589,52.71653],[41.393509,52.716482],[41.393445,52.716424],[41.393398,52.716355],[41.393365,52.716271],[41.39336,52.716146],[41.393223,52.715562],[41.394375,52.715386],[41.395227,52.715193],[41.396359,52.714803],[41.39718,52.714595],[41.396904,52.716504]]]}},{"type":"Feature","id":"412","properties":{"id":"412","city":"tambov","baseScore":39.01812675711107,"baseScoreNoCommerce":40.38702447186737,"baseRank":246,"population":1811.7061076554687,"blocks":{"housing":0.3104437382132516,"infra":0.29662748538011696,"transport":1,"work":0.005,"green":0.40728,"commerce":0.3217363818332958},"indicators":[{"label":"Жильё: плотность","value":124.512},{"label":"Жильё: обеспеченность","value":13.392},{"label":"Жильё: износ","value":48.154},{"label":"Жильё: этажность","value":5.764706},{"label":"Коммерческая инфраструктура: разнообразие","value":0.16666666666666666},{"label":"Коммерческая инфраструктура: полнота корзины","value":21.302},{"label":"Транспорт: доступность","value":100},{"label":"Крупные работодатели: обеспеченность","value":0.005},{"label":"Крупные работодатели: плотность","value":0},{"label":"Зелёные зоны: доступность","value":40.728},{"label":"Экономика: активность ФНС","value":6.913},{"label":"Экономика: ККТ","value":5.386},{"label":"Экономика: медианный чек","value":0}]},"geometry":{"type":"Polygon","coordinates":[[[41.393093,52.715913],[41.393065,52.716127],[41.392967,52.716323],[41.392939,52.716381],[41.392815,52.716565],[41.392812,52.71657],[41.392348,52.717387],[41.392176,52.717691],[41.392175,52.717693],[41.392012,52.718],[41.392009,52.718006],[41.391815,52.71847],[41.391847,52.718562],[41.396623,52.718017],[41.396621,52.718118],[41.396545,52.718608],[41.396545,52.718608],[41.396545,52.718608],[41.396543,52.718618],[41.392811,52.719009],[41.392811,52.719009],[41.388234,52.719494],[41.388086,52.719083],[41.388086,52.719082],[41.387926,52.718651],[41.387926,52.718651],[41.387683,52.717998],[41.387565,52.717675],[41.387468,52.717413],[41.387389,52.717198],[41.38731,52.716983],[41.387213,52.71672],[41.387198,52.71668],[41.387134,52.716491],[41.387067,52.716292],[41.387003,52.716101],[41.388104,52.716004],[41.389054,52.715924],[41.389055,52.715924],[41.38994,52.715847],[41.389941,52.715847],[41.392532,52.715605],[41.392716,52.715588],[41.392876,52.715593],[41.392927,52.715603],[41.392977,52.715623],[41.393028,52.715665],[41.393087,52.715756],[41.393094,52.715826],[41.393093,52.715913]]]}},{"type":"Feature","id":"413","properties":{"id":"413","city":"tambov","baseScore":36.60229188283339,"baseScoreNoCommerce":41.47686811781493,"baseRank":283,"population":95.98400881987303,"blocks":{"housing":0.8052651992630662,"infra":0.26857820662768034,"transport":1,"work":0,"green":0,"commerce":0.12229410707925714},"indicators":[{"label":"Жильё: плотность","value":21.958},{"label":"Жильё: обеспеченность","value":46.773},{"label":"Коммерческая инфраструктура: разнообразие","value":0.027777777777777776},{"label":"Коммерческая инфраструктура: полнота корзины","value":23.958},{"label":"Транспорт: доступность","value":100},{"label":"Экономика: активность ФНС","value":3.401},{"label":"Экономика: ККТ","value":0.927},{"label":"Экономика: медианный чек","value":0}]},"geometry":{"type":"Polygon","coordinates":[[[41.393059,52.716687],[41.393112,52.716685],[41.393277,52.716685],[41.393472,52.716695],[41.393572,52.71672],[41.393631,52.716726],[41.396687,52.716668],[41.396787,52.716689],[41.396762,52.716871],[41.396747,52.716978],[41.396682,52.71743],[41.396682,52.717432],[41.396682,52.717434],[41.396676,52.717518],[41.396656,52.717761],[41.396656,52.717761],[41.396656,52.717761],[41.39665,52.717836],[41.396647,52.717874],[41.394872,52.71808],[41.392245,52.718386],[41.392243,52.718386],[41.392151,52.718398],[41.392295,52.718053],[41.392456,52.717749],[41.392628,52.717446],[41.393059,52.716687]]]}},{"type":"Feature","id":"414","properties":{"id":"414","city":"tambov","baseScore":39.42576719233649,"baseScoreNoCommerce":43.6248962648063,"baseRank":242,"population":210.9687805322754,"blocks":{"housing":0.6092795500824203,"infra":0.5577452631578947,"transport":1,"work":0,"green":0.01422,"commerce":0.18430121829987403},"indicators":[{"label":"Жильё: плотность","value":27.494},{"label":"Жильё: обеспеченность","value":36.667},{"label":"Коммерческая инфраструктура: разнообразие","value":0},{"label":"Коммерческая инфраструктура: полнота корзины","value":93.365},{"label":"Транспорт: доступность","value":100},{"label":"Зелёные зоны: доступность","value":1.422},{"label":"Экономика: активность ФНС","value":8.164},{"label":"Экономика: ККТ","value":0.275},{"label":"Экономика: медианный чек","value":0}]},"geometry":{"type":"Polygon","coordinates":[[[41.394112,52.714072],[41.394113,52.71407],[41.394201,52.713922],[41.394311,52.713601],[41.394432,52.713388],[41.394457,52.713359],[41.395649,52.712737],[41.396854,52.712222],[41.397962,52.711686],[41.397094,52.710925],[41.397481,52.710629],[41.398576,52.711215],[41.399175,52.711584],[41.399538,52.712068],[41.399947,52.712498],[41.399334,52.712839],[41.39878,52.713081],[41.397113,52.713822],[41.396146,52.714334],[41.39531,52.714659],[41.39363,52.715119],[41.393405,52.714942],[41.393634,52.714687],[41.393652,52.714665],[41.393654,52.714662],[41.393748,52.714521],[41.393934,52.71432],[41.393937,52.714317],[41.394033,52.714189],[41.394034,52.714187],[41.394112,52.714072]]]}},{"type":"Feature","id":"416","properties":{"id":"416","city":"tambov","baseScore":40.38044504033436,"baseScoreNoCommerce":43.845984209335526,"baseRank":226,"population":273.957106228125,"blocks":{"housing":0.5570735964316883,"infra":0.4782956140350878,"transport":1,"work":0,"green":0.15693,"commerce":0.2305274919532852},"indicators":[{"label":"Жильё: плотность","value":30.848},{"label":"Жильё: обеспеченность","value":33.975},{"label":"Коммерческая инфраструктура: разнообразие","value":0},{"label":"Коммерческая инфраструктура: полнота корзины","value":83.577},{"label":"Транспорт: доступность","value":100},{"label":"Зелёные зоны: доступность","value":15.693},{"label":"Экономика: активность ФНС","value":7},{"label":"Экономика: ККТ","value":1.414},{"label":"Экономика: медианный чек","value":0}]},"geometry":{"type":"Polygon","coordinates":[[[41.388666,52.720289],[41.388604,52.720206],[41.388265,52.719605],[41.3966,52.718709],[41.39654,52.719373],[41.396397,52.720239],[41.396396,52.720257],[41.39614,52.720284],[41.39025,52.720922],[41.389753,52.720975],[41.389749,52.720975],[41.389577,52.720995],[41.38942,52.720898],[41.389194,52.720757],[41.389014,52.720625],[41.388834,52.720461],[41.388666,52.720289]]]}},{"type":"Feature","id":"448","properties":{"id":"448","city":"tambov","baseScore":59.710455577354395,"baseScoreNoCommerce":55.658110396480986,"baseRank":56,"population":2517.6144107119626,"blocks":{"housing":0.5299767284010473,"infra":0.676638791423002,"transport":0.57029,"work":0.006,"green":1,"commerce":0.7997218148172146},"indicators":[{"label":"Жильё: плотность","value":210.694},{"label":"Жильё: обеспеченность","value":8.341},{"label":"Жильё: износ","value":2.901},{"label":"Жильё: этажность","value":11.5},{"label":"Коммерческая инфраструктура: разнообразие","value":0.3611111111111111},{"label":"Коммерческая инфраструктура: полнота корзины","value":100},{"label":"Транспорт: доступность","value":57.029},{"label":"Крупные работодатели: обеспеченность","value":0.006},{"label":"Крупные работодатели: плотность","value":0},{"label":"Зелёные зоны: доступность","value":100},{"label":"Экономика: активность ФНС","value":9.119},{"label":"Экономика: ККТ","value":33.408},{"label":"Экономика: медианный чек","value":173.875}]},"geometry":{"type":"Polygon","coordinates":[[[41.40535,52.779971],[41.40627,52.778834],[41.406748,52.778202],[41.405718,52.7778],[41.404896,52.777423],[41.40646,52.77618],[41.407035,52.775725],[41.410898,52.776969],[41.410508,52.777434],[41.410343,52.77763],[41.410343,52.777631],[41.41011,52.777919],[41.409884,52.778192],[41.409364,52.778816],[41.409364,52.778817],[41.408544,52.779808],[41.407988,52.780477],[41.407787,52.780715],[41.40535,52.779971]]]}},{"type":"Feature","id":"449","properties":{"id":"449","city":"tambov","baseScore":56.25330102518119,"baseScoreNoCommerce":54.25635685650343,"baseRank":86,"population":1845.7130117114257,"blocks":{"housing":0.4721931059830667,"infra":0.5863247368421053,"transport":1,"work":0.001,"green":0.6533,"commerce":0.6623802186857},"indicators":[{"label":"Жильё: плотность","value":201.58},{"label":"Жильё: обеспеченность","value":5.885},{"label":"Жильё: износ","value":9.871},{"label":"Жильё: этажность","value":11.9},{"label":"Коммерческая инфраструктура: разнообразие","value":0.125},{"label":"Коммерческая инфраструктура: полнота корзины","value":100},{"label":"Транспорт: доступность","value":100},{"label":"Крупные работодатели: обеспеченность","value":0.001},{"label":"Крупные работодатели: плотность","value":0},{"label":"Зелёные зоны: доступность","value":65.33},{"label":"Экономика: активность ФНС","value":9.161},{"label":"Экономика: ККТ","value":14.615},{"label":"Экономика: медианный чек","value":40.917}]},"geometry":{"type":"Polygon","coordinates":[[[41.403229,52.778048],[41.400261,52.776713],[41.400792,52.776286],[41.400792,52.776286],[41.403493,52.774117],[41.406212,52.775347],[41.406436,52.775448],[41.406437,52.775448],[41.406437,52.775448],[41.406547,52.775498],[41.403229,52.778048]]]}},{"type":"Feature","id":"451","properties":{"id":"451","city":"tambov","baseScore":66.66193896345078,"baseScoreNoCommerce":60.718800652440855,"baseRank":25,"population":3364.4791022035156,"blocks":{"housing":0.4600730345713604,"infra":0.7871769980506822,"transport":1,"work":0.03,"green":0.75869,"commerce":0.9637763051850037},"indicators":[{"label":"Жильё: плотность","value":231.497},{"label":"Жильё: обеспеченность","value":5.833},{"label":"Жильё: износ","value":11.767},{"label":"Жильё: этажность","value":10.45},{"label":"Коммерческая инфраструктура: разнообразие","value":0.5138888888888888},{"label":"Коммерческая инфраструктура: полнота корзины","value":100},{"label":"Транспорт: доступность","value":100},{"label":"Крупные работодатели: обеспеченность","value":0.03},{"label":"Крупные работодатели: плотность","value":0.001},{"label":"Зелёные зоны: доступность","value":75.869},{"label":"Экономика: активность ФНС","value":8.971},{"label":"Экономика: ККТ","value":85.378},{"label":"Экономика: медианный чек","value":310.392}]},"geometry":{"type":"Polygon","coordinates":[[[41.400246,52.766562],[41.397115,52.765069],[41.397103,52.76506],[41.401644,52.761443],[41.401771,52.761416],[41.402022,52.761385],[41.402347,52.761368],[41.402537,52.761373],[41.402616,52.761397],[41.40271,52.761435],[41.402877,52.761513],[41.404138,52.7622],[41.404942,52.762748],[41.404957,52.762756],[41.400246,52.766562]]]}},{"type":"Feature","id":"453","properties":{"id":"453","city":"tambov","baseScore":36.8340132728649,"baseScoreNoCommerce":31.487936723938837,"baseRank":280,"population":1676.7459703733641,"blocks":{"housing":0.32912724555366685,"infra":0.6829395906432749,"transport":0.55933,"work":0.003,"green":0,"commerce":0.6356439601749522},"indicators":[{"label":"Жильё: плотность","value":192.159},{"label":"Жильё: обеспеченность","value":10.244},{"label":"Жильё: износ","value":40.122},{"label":"Жильё: этажность","value":7.533333},{"label":"Коммерческая инфраструктура: разнообразие","value":0.16666666666666666},{"label":"Коммерческая инфраструктура: полнота корзины","value":100},{"label":"Транспорт: доступность","value":55.933},{"label":"Крупные работодатели: обеспеченность","value":0.003},{"label":"Крупные работодатели: плотность","value":0},{"label":"Экономика: активность ФНС","value":8.979},{"label":"Экономика: ККТ","value":12.766},{"label":"Экономика: медианный чек","value":49.699}]},"geometry":{"type":"Polygon","coordinates":[[[41.408918,52.759949],[41.407224,52.75916],[41.406988,52.759299],[41.405542,52.758625],[41.407706,52.756935],[41.40784,52.756833],[41.407996,52.756716],[41.407998,52.756715],[41.40821,52.75655],[41.408824,52.756823],[41.408825,52.756824],[41.408916,52.756864],[41.409478,52.757117],[41.409553,52.757153],[41.409622,52.757188],[41.409625,52.757189],[41.409888,52.757316],[41.409889,52.757317],[41.410162,52.757447],[41.410243,52.757487],[41.410245,52.757487],[41.410511,52.757615],[41.410514,52.757616],[41.410911,52.757796],[41.410912,52.757796],[41.412319,52.758417],[41.412312,52.758422],[41.41139,52.759156],[41.41139,52.759156],[41.41139,52.759156],[41.410931,52.759521],[41.409818,52.759039],[41.409698,52.759122],[41.409661,52.759251],[41.408892,52.75985],[41.408982,52.75989],[41.408918,52.759949]]]}},{"type":"Feature","id":"463","properties":{"id":"463","city":"tambov","baseScore":31.874460354358863,"baseScoreNoCommerce":38.24935242523063,"baseRank":329,"population":576.9094005194092,"blocks":{"housing":0.7043246388053913,"infra":0.30180298245614035,"transport":0.79549,"work":0.019,"green":0.09185,"commerce":0},"indicators":[{"label":"Жильё: плотность","value":26.045},{"label":"Жильё: обеспеченность","value":41.568},{"label":"Коммерческая инфраструктура: разнообразие","value":0},{"label":"Коммерческая инфраструктура: полнота корзины","value":32.409},{"label":"Транспорт: доступность","value":79.549},{"label":"Крупные работодатели: обеспеченность","value":0.019},{"label":"Крупные работодатели: плотность","value":0},{"label":"Зелёные зоны: доступность","value":9.185}]},"geometry":{"type":"Polygon","coordinates":[[[41.40047,52.747771],[41.400518,52.74769],[41.400846,52.747713],[41.401169,52.747653],[41.401396,52.747577],[41.401536,52.747515],[41.401761,52.747502],[41.402217,52.747477],[41.402685,52.747467],[41.403013,52.747525],[41.402852,52.748245],[41.402852,52.748245],[41.402852,52.748245],[41.402566,52.752048],[41.402336,52.752839],[41.40165,52.754439],[41.400569,52.754482],[41.400377,52.754469],[41.399587,52.755394],[41.399358,52.755474],[41.397182,52.755038],[41.394371,52.754411],[41.394552,52.754204],[41.397873,52.752712],[41.399301,52.751098],[41.399658,52.750791],[41.400072,52.749614],[41.400148,52.749239],[41.400313,52.748857],[41.400479,52.748488],[41.400481,52.74848],[41.400518,52.748249],[41.400518,52.748245],[41.400518,52.747991],[41.400518,52.747985],[41.40047,52.747771]]]}},{"type":"Feature","id":"470","properties":{"id":"470","city":"tambov","baseScore":31.94763833530949,"baseScoreNoCommerce":38.33716600237139,"baseRank":328,"population":60.989485480224616,"blocks":{"housing":0.881770580820324,"infra":0.03508771929824561,"transport":1,"work":0,"green":0,"commerce":0},"indicators":[{"label":"Жильё: плотность","value":20.326},{"label":"Жильё: обеспеченность","value":50.718},{"label":"Коммерческая инфраструктура: разнообразие","value":0},{"label":"Транспорт: доступность","value":100}]},"geometry":{"type":"Polygon","coordinates":[[[41.378358,52.787332],[41.378359,52.787332],[41.377759,52.787587],[41.376992,52.7875],[41.377516,52.787141],[41.37759,52.787091],[41.37771,52.787031],[41.377977,52.786918],[41.378257,52.786814],[41.378688,52.786662],[41.378828,52.786615],[41.378833,52.786613],[41.378981,52.786559],[41.38005,52.786194],[41.380185,52.786151],[41.380198,52.786146],[41.380324,52.786095],[41.380324,52.786095],[41.380365,52.786079],[41.381083,52.785822],[41.381093,52.785818],[41.381322,52.785721],[41.381327,52.785719],[41.381555,52.785615],[41.381575,52.785603],[41.381699,52.78552],[41.381704,52.785517],[41.382414,52.784987],[41.38242,52.784983],[41.382493,52.784922],[41.382603,52.784837],[41.382604,52.784836],[41.383308,52.784287],[41.383308,52.784286],[41.38331,52.784285],[41.383387,52.78432],[41.383427,52.784338],[41.384316,52.784753],[41.384322,52.784756],[41.384269,52.784827],[41.384105,52.784916],[41.383442,52.785254],[41.382931,52.785493],[41.38293,52.785494],[41.382667,52.785622],[41.382415,52.785742],[41.382358,52.785768],[41.382357,52.785769],[41.382187,52.785849],[41.382186,52.78585],[41.382115,52.785884],[41.382115,52.785885],[41.382114,52.785885],[41.381985,52.78595],[41.381982,52.785951],[41.381979,52.785953],[41.38182,52.786052],[41.380618,52.786479],[41.380302,52.786579],[41.379715,52.786762],[41.379712,52.786764],[41.379499,52.78684],[41.379498,52.78684],[41.37902,52.787021],[41.378332,52.787248],[41.378314,52.787257],[41.3783,52.787269],[41.378294,52.787282],[41.378295,52.787296],[41.378302,52.787309],[41.378317,52.78732],[41.378336,52.787328],[41.378358,52.787332]]]}},{"type":"Feature","id":"483","properties":{"id":"483","city":"tambov","baseScore":63.76336389002447,"baseScoreNoCommerce":64.82347953216374,"baseRank":35,"population":479.9147884335938,"blocks":{"housing":1,"infra":0.5841739766081872,"transport":1,"work":0.057,"green":0.6,"commerce":0.5846278567932816},"indicators":[{"label":"Жильё: плотность","value":24.686},{"label":"Жильё: обеспеченность","value":61.325},{"label":"Коммерческая инфраструктура: разнообразие","value":0.041666666666666664},{"label":"Коммерческая инфраструктура: полнота корзины","value":100},{"label":"Транспорт: доступность","value":100},{"label":"Крупные работодатели: обеспеченность","value":0.057},{"label":"Крупные работодатели: плотность","value":0},{"label":"Зелёные зоны: доступность","value":60},{"label":"Экономика: активность ФНС","value":8.344},{"label":"Экономика: ККТ","value":13.331},{"label":"Экономика: медианный чек","value":382.301}]},"geometry":{"type":"Polygon","coordinates":[[[41.389662,52.772153],[41.395585,52.774928],[41.39268,52.777203],[41.386699,52.77447],[41.38608,52.774184],[41.385609,52.773964],[41.385608,52.773964],[41.385611,52.773961],[41.385612,52.773961],[41.386642,52.773163],[41.386645,52.77316],[41.386882,52.772963],[41.387388,52.772568],[41.387906,52.772185],[41.387927,52.772164],[41.387938,52.772139],[41.387966,52.772006],[41.387964,52.771976],[41.387945,52.771947],[41.387911,52.771924],[41.387906,52.771922],[41.387953,52.771888],[41.387954,52.771887],[41.38833,52.771608],[41.388387,52.771565],[41.388405,52.771574],[41.38841,52.771576],[41.388776,52.771743],[41.389662,52.772153]]]}},{"type":"Feature","id":"484","properties":{"id":"484","city":"tambov","baseScore":70.37827262400992,"baseScoreNoCommerce":65.30770323570113,"baseRank":11,"population":1884.6958424909178,"blocks":{"housing":0.509400756326966,"infra":0.7409844054580897,"transport":1,"work":0.015,"green":1,"commerce":0.9573111956555392},"indicators":[{"label":"Жильё: плотность","value":230.403},{"label":"Жильё: обеспеченность","value":6.219},{"label":"Жильё: износ","value":3.13},{"label":"Жильё: этажность","value":10.166667},{"label":"Коммерческая инфраструктура: разнообразие","value":0.4861111111111111},{"label":"Коммерческая инфраструктура: полнота корзины","value":100},{"label":"Транспорт: доступность","value":100},{"label":"Крупные работодатели: обеспеченность","value":0.015},{"label":"Крупные работодатели: плотность","value":0},{"label":"Зелёные зоны: доступность","value":100},{"label":"Экономика: активность ФНС","value":9.656},{"label":"Экономика: ККТ","value":50.481},{"label":"Экономика: медианный чек","value":379.209}]},"geometry":{"type":"Polygon","coordinates":[[[41.388705,52.771328],[41.390371,52.770062],[41.391919,52.768886],[41.392002,52.768825],[41.392004,52.768824],[41.392012,52.768828],[41.392012,52.768829],[41.392284,52.768962],[41.392288,52.768964],[41.394601,52.770031],[41.394653,52.770055],[41.394569,52.770123],[41.394568,52.770124],[41.391562,52.772526],[41.391457,52.772607],[41.3914,52.77258],[41.391253,52.772509],[41.39125,52.772507],[41.390088,52.771965],[41.390087,52.771965],[41.38908,52.7715],[41.389079,52.771499],[41.388715,52.771333],[41.388705,52.771328]]]}},{"type":"Feature","id":"485","properties":{"id":"485","city":"tambov","baseScore":69.05361162310504,"baseScoreNoCommerce":65.10772984745262,"baseRank":16,"population":2778.5611426160153,"blocks":{"housing":0.4537477984155162,"infra":0.771638693957115,"transport":1,"work":0.03,"green":1,"commerce":0.8878302050136716},"indicators":[{"label":"Жильё: плотность","value":149.083},{"label":"Жильё: обеспеченность","value":6.136},{"label":"Жильё: износ","value":13.279},{"label":"Жильё: этажность","value":12.588235},{"label":"Коммерческая инфраструктура: разнообразие","value":0.5555555555555555},{"label":"Коммерческая инфраструктура: полнота корзины","value":100},{"label":"Транспорт: доступность","value":100},{"label":"Крупные работодатели: обеспеченность","value":0.03},{"label":"Крупные работодатели: плотность","value":0},{"label":"Зелёные зоны: доступность","value":100},{"label":"Экономика: активность ФНС","value":9.519},{"label":"Экономика: ККТ","value":104.41},{"label":"Экономика: медианный чек","value":377.483}]},"geometry":{"type":"Polygon","coordinates":[[[41.396795,52.765305],[41.401297,52.767446],[41.397107,52.770799],[41.392329,52.768591],[41.396795,52.765305]]]}},{"type":"Feature","id":"489","properties":{"id":"489","city":"tambov","baseScore":38.964172976402914,"baseScoreNoCommerce":39.14327986898952,"baseRank":248,"population":235.95814104003904,"blocks":{"housing":0.8134684378939203,"infra":0.5999355555555556,"transport":0,"work":0.048,"green":0.49576,"commerce":0.38068638513469927},"indicators":[{"label":"Жильё: плотность","value":19.72},{"label":"Жильё: обеспеченность","value":47.196},{"label":"Коммерческая инфраструктура: разнообразие","value":0.16666666666666666},{"label":"Коммерческая инфраструктура: полнота корзины","value":100},{"label":"Крупные работодатели: обеспеченность","value":0.048},{"label":"Крупные работодатели: плотность","value":0},{"label":"Зелёные зоны: доступность","value":49.576},{"label":"Экономика: активность ФНС","value":9.999},{"label":"Экономика: ККТ","value":7.325},{"label":"Экономика: медианный чек","value":0}]},"geometry":{"type":"Polygon","coordinates":[[[41.390003,52.761878],[41.385598,52.759845],[41.388606,52.757558],[41.392899,52.759616],[41.390074,52.761821],[41.390003,52.761878]]]}},{"type":"Feature","id":"500","properties":{"id":"500","city":"tambov","baseScore":34.522937964644434,"baseScoreNoCommerce":35.33153147784293,"baseRank":298,"population":477.9261139414063,"blocks":{"housing":0.9743915446523805,"infra":0.22588502923976606,"transport":0.5523,"work":0.014,"green":0,"commerce":0.3047997039865196},"indicators":[{"label":"Жильё: плотность","value":24.28},{"label":"Жильё: обеспеченность","value":55.494},{"label":"Коммерческая инфраструктура: разнообразие","value":0.041666666666666664},{"label":"Коммерческая инфраструктура: полнота корзины","value":12.762},{"label":"Транспорт: доступность","value":55.23},{"label":"Крупные работодатели: обеспеченность","value":0.014},{"label":"Крупные работодатели: плотность","value":0},{"label":"Экономика: активность ФНС","value":9.403},{"label":"Экономика: ККТ","value":3.373},{"label":"Экономика: медианный чек","value":0}]},"geometry":{"type":"Polygon","coordinates":[[[41.380337,52.778083],[41.380337,52.778083],[41.383264,52.77579],[41.384377,52.776284],[41.390372,52.779028],[41.387372,52.781392],[41.380337,52.778083]]]}},{"type":"Feature","id":"501","properties":{"id":"501","city":"tambov","baseScore":34.072981293980746,"baseScoreNoCommerce":37.1787417115248,"baseRank":305,"population":487.92502161774905,"blocks":{"housing":0.9428585280713664,"infra":0.13612855750487332,"transport":0.74795,"work":0.032,"green":0,"commerce":0.18544179206260483},"indicators":[{"label":"Жильё: плотность","value":22.623},{"label":"Жильё: обеспеченность","value":53.868},{"label":"Коммерческая инфраструктура: разнообразие","value":0.027777777777777776},{"label":"Транспорт: доступность","value":74.795},{"label":"Крупные работодатели: обеспеченность","value":0.032},{"label":"Крупные работодатели: плотность","value":0},{"label":"Экономика: активность ФНС","value":7},{"label":"Экономика: ККТ","value":0.902},{"label":"Экономика: медианный чек","value":0}]},"geometry":{"type":"Polygon","coordinates":[[[41.377782,52.781485],[41.37679,52.781027],[41.376645,52.78096],[41.378891,52.77921],[41.378891,52.77921],[41.380104,52.778262],[41.380154,52.778224],[41.381253,52.778743],[41.381254,52.778744],[41.386734,52.781326],[41.383255,52.784035],[41.377782,52.781485]]]}},{"type":"Feature","id":"502","properties":{"id":"502","city":"tambov","baseScore":37.831116408893294,"baseScoreNoCommerce":38.24751793359088,"baseRank":266,"population":424.92461122397464,"blocks":{"housing":0.306341510714632,"infra":0.5983243859649122,"transport":0.96471,"work":0.043,"green":0,"commerce":0.35749108785405354},"indicators":[{"label":"Жильё: плотность","value":32.262},{"label":"Жильё: обеспеченность","value":21.046},{"label":"Коммерческая инфраструктура: разнообразие","value":0.125},{"label":"Коммерческая инфраструктура: полнота корзины","value":98.824},{"label":"Транспорт: доступность","value":96.471},{"label":"Крупные работодатели: обеспеченность","value":0.043},{"label":"Крупные работодатели: плотность","value":0},{"label":"Экономика: активность ФНС","value":9.543},{"label":"Экономика: ККТ","value":4.742},{"label":"Экономика: медианный чек","value":0}]},"geometry":{"type":"Polygon","coordinates":[[[41.383754,52.775402],[41.384746,52.774628],[41.385231,52.774256],[41.385232,52.774255],[41.38551,52.77404],[41.385517,52.774034],[41.385518,52.774035],[41.38599,52.774256],[41.38599,52.774256],[41.38599,52.774256],[41.38661,52.774541],[41.386606,52.774544],[41.392477,52.777335],[41.390575,52.778863],[41.384561,52.776143],[41.383444,52.775647],[41.383754,52.775402]]]}},{"type":"Feature","id":"506","properties":{"id":"506","city":"tambov","baseScore":46.18858873249694,"baseScoreNoCommerce":52.55845828582899,"baseRank":165,"population":378.93799912294924,"blocks":{"housing":0.7839716862212741,"infra":0.31889122807017545,"transport":0.77836,"work":0,"green":0.7467,"commerce":0.1433924096583669},"indicators":[{"label":"Жильё: плотность","value":26.698},{"label":"Жильё: обеспеченность","value":45.675},{"label":"Коммерческая инфраструктура: разнообразие","value":0},{"label":"Коммерческая инфраструктура: полнота корзины","value":35.884},{"label":"Транспорт: доступность","value":77.836},{"label":"Зелёные зоны: доступность","value":74.67},{"label":"Экономика: активность ФНС","value":3.907},{"label":"Экономика: ККТ","value":1.764},{"label":"Экономика: медианный чек","value":0}]},"geometry":{"type":"Polygon","coordinates":[[[41.383111,52.774406],[41.376245,52.772464],[41.378765,52.770418],[41.385636,52.772384],[41.383111,52.774406]]]}},{"type":"Feature","id":"509","properties":{"id":"509","city":"tambov","baseScore":37.25683625730994,"baseScoreNoCommerce":44.70820350877192,"baseRank":274,"population":188.96958354150394,"blocks":{"housing":1,"infra":0.3253501754385965,"transport":0.19577,"work":0,"green":0.71429,"commerce":0},"indicators":[{"label":"Жильё: плотность","value":20.03},{"label":"Жильё: обеспеченность","value":69.993},{"label":"Коммерческая инфраструктура: разнообразие","value":0},{"label":"Коммерческая инфраструктура: полнота корзины","value":37.037},{"label":"Транспорт: доступность","value":19.577},{"label":"Зелёные зоны: доступность","value":71.429}]},"geometry":{"type":"Polygon","coordinates":[[[41.37479,52.768369],[41.377378,52.766333],[41.381248,52.76815],[41.378699,52.770179],[41.37479,52.768369]]]}},{"type":"Feature","id":"512","properties":{"id":"512","city":"tambov","baseScore":53.27738606244433,"baseScoreNoCommerce":63.9328632749332,"baseRank":105,"population":261.951579930664,"blocks":{"housing":0.7761950935712209,"infra":0.5654880701754386,"transport":1,"work":0,"green":0.85496,"commerce":0},"indicators":[{"label":"Жильё: плотность","value":21.29},{"label":"Жильё: обеспеченность","value":45.274},{"label":"Коммерческая инфраструктура: разнообразие","value":0},{"label":"Коммерческая инфраструктура: полнота корзины","value":100},{"label":"Транспорт: доступность","value":100},{"label":"Зелёные зоны: доступность","value":85.496},{"label":"Экономика: ККТ","value":0}]},"geometry":{"type":"Polygon","coordinates":[[[41.380996,52.763517],[41.38478,52.765329],[41.381422,52.768005],[41.377561,52.766192],[41.380996,52.763517]]]}},{"type":"Feature","id":"515","properties":{"id":"515","city":"tambov","baseScore":38.22766573230045,"baseScoreNoCommerce":44.66049943437086,"baseRank":258,"population":317.9513118583008,"blocks":{"housing":0.8099583050518764,"infra":0.4110666666666667,"transport":1,"work":0.012,"green":0,"commerce":0.06063497221948444},"indicators":[{"label":"Жильё: плотность","value":30.332},{"label":"Жильё: обеспеченность","value":47.015},{"label":"Коммерческая инфраструктура: разнообразие","value":0},{"label":"Коммерческая инфраструктура: полнота корзины","value":62.264},{"label":"Транспорт: доступность","value":100},{"label":"Крупные работодатели: обеспеченность","value":0.012},{"label":"Крупные работодатели: плотность","value":0},{"label":"Экономика: активность ФНС","value":1},{"label":"Экономика: ККТ","value":0.861},{"label":"Экономика: медианный чек","value":0}]},"geometry":{"type":"Polygon","coordinates":[[[41.380756,52.763407],[41.377358,52.766054],[41.374068,52.764478],[41.377431,52.761868],[41.380756,52.763407]]]}},{"type":"Feature","id":"517","properties":{"id":"517","city":"tambov","baseScore":35.070467390219484,"baseScoreNoCommerce":39.683517304622626,"baseRank":294,"population":427.92904305048825,"blocks":{"housing":0.7949287307282072,"infra":0.3578371345029239,"transport":0.69159,"work":0.023,"green":0.11682,"commerce":0.1200521781820378},"indicators":[{"label":"Жильё: плотность","value":16.834},{"label":"Жильё: обеспеченность","value":46.24},{"label":"Коммерческая инфраструктура: разнообразие","value":0.041666666666666664},{"label":"Коммерческая инфраструктура: полнота корзины","value":52.336},{"label":"Транспорт: доступность","value":69.159},{"label":"Крупные работодатели: обеспеченность","value":0.023},{"label":"Крупные работодатели: плотность","value":0},{"label":"Зелёные зоны: доступность","value":11.682},{"label":"Экономика: активность ФНС","value":6},{"label":"Экономика: ККТ","value":0.001},{"label":"Экономика: медианный чек","value":0}]},"geometry":{"type":"Polygon","coordinates":[[[41.375562,52.759802],[41.378379,52.757678],[41.377168,52.757147],[41.379424,52.756755],[41.380072,52.757444],[41.385101,52.759848],[41.38099,52.763289],[41.377361,52.76161],[41.374776,52.760403],[41.375562,52.759802]]]}},{"type":"Feature","id":"531","properties":{"id":"531","city":"tambov","baseScore":19.1258918128655,"baseScoreNoCommerce":22.9510701754386,"baseRank":377,"population":94.98376471684571,"blocks":{"housing":1,"infra":0.03176350877192982,"transport":0.11579,"work":0,"green":0,"commerce":0},"indicators":[{"label":"Жильё: плотность","value":23.481},{"label":"Жильё: обеспеченность","value":59.318},{"label":"Коммерческая инфраструктура: разнообразие","value":0},{"label":"Транспорт: доступность","value":11.579}]},"geometry":{"type":"Polygon","coordinates":[[[41.36964,52.762846],[41.369942,52.762842],[41.370861,52.763218],[41.369954,52.763958],[41.369109,52.764622],[41.368998,52.764708],[41.368996,52.76471],[41.368923,52.76477],[41.368202,52.765345],[41.368186,52.765357],[41.368131,52.765333],[41.368129,52.765333],[41.367577,52.765094],[41.367371,52.764992],[41.367283,52.764924],[41.367242,52.764849],[41.367232,52.764763],[41.36726,52.764359],[41.36726,52.764359],[41.367283,52.763959],[41.367336,52.763484],[41.367364,52.763317],[41.367379,52.763269],[41.367395,52.76324],[41.36742,52.763208],[41.367447,52.763189],[41.367489,52.763164],[41.367593,52.763131],[41.36771,52.763114],[41.36964,52.762846]]]}},{"type":"Feature","id":"539","properties":{"id":"539","city":"tambov","baseScore":33.13845095033745,"baseScoreNoCommerce":39.35470394239259,"baseRank":312,"population":239.95671212600098,"blocks":{"housing":0.8599146708038399,"infra":0.10782052631578948,"transport":1,"work":0,"green":0,"commerce":0.02057185990061769},"indicators":[{"label":"Жильё: плотность","value":29.843},{"label":"Жильё: обеспеченность","value":49.591},{"label":"Коммерческая инфраструктура: разнообразие","value":0},{"label":"Коммерческая инфраструктура: полнота корзины","value":2.083},{"label":"Транспорт: доступность","value":100},{"label":"Экономика: активность ФНС","value":1},{"label":"Экономика: ККТ","value":0.009},{"label":"Экономика: медианный чек","value":0}]},"geometry":{"type":"Polygon","coordinates":[[[41.374625,52.760559],[41.377194,52.76176],[41.373833,52.764368],[41.373713,52.764312],[41.371276,52.763185],[41.374625,52.760559]]]}},{"type":"Feature","id":"546","properties":{"id":"546","city":"tambov","baseScore":31.76253775652486,"baseScoreNoCommerce":38.11504530782984,"baseRank":331,"population":281.94842206538084,"blocks":{"housing":0.833210511005527,"infra":0.05854175438596491,"transport":1,"work":0.014,"green":0,"commerce":0},"indicators":[{"label":"Жильё: плотность","value":22.158},{"label":"Жильё: обеспеченность","value":48.214},{"label":"Коммерческая инфраструктура: разнообразие","value":0},{"label":"Транспорт: доступность","value":100},{"label":"Крупные работодатели: обеспеченность","value":0.014},{"label":"Крупные работодатели: плотность","value":0}]},"geometry":{"type":"Polygon","coordinates":[[[41.372554,52.784223],[41.372555,52.784222],[41.37382,52.783203],[41.37383,52.783195],[41.373852,52.783204],[41.373969,52.78326],[41.374886,52.783696],[41.374888,52.783697],[41.37493,52.783717],[41.379872,52.786048],[41.378496,52.786521],[41.377526,52.78689],[41.376535,52.787543],[41.372672,52.785781],[41.372438,52.78567],[41.37235,52.785628],[41.372349,52.785628],[41.371519,52.785239],[41.371517,52.785238],[41.371459,52.785211],[41.371358,52.785166],[41.371401,52.785132],[41.371401,52.785132],[41.372554,52.784223]]]}},{"type":"Feature","id":"554","properties":{"id":"554","city":"tambov","baseScore":24.456866612457,"baseScoreNoCommerce":29.3482399349484,"baseRank":365,"population":315.9430224550781,"blocks":{"housing":0.7492776107825077,"infra":0.025094385964912282,"transport":0.69304,"work":0,"green":0,"commerce":0},"indicators":[{"label":"Жильё: плотность","value":31.144},{"label":"Жильё: обеспеченность","value":43.886},{"label":"Коммерческая инфраструктура: разнообразие","value":0},{"label":"Транспорт: доступность","value":69.304}]},"geometry":{"type":"Polygon","coordinates":[[[41.368244,52.765606],[41.370879,52.766792],[41.36698,52.769871],[41.363885,52.769016],[41.368244,52.765606]]]}},{"type":"Feature","id":"555","properties":{"id":"555","city":"tambov","baseScore":33.5253857822952,"baseScoreNoCommerce":37.21249065036293,"baseRank":310,"population":287.9505615717773,"blocks":{"housing":0.8459904974304276,"infra":0.0501340350877193,"transport":0.9375,"work":0.027,"green":0,"commerce":0.15089861441956548},"indicators":[{"label":"Жильё: плотность","value":26.244},{"label":"Жильё: обеспеченность","value":48.873},{"label":"Коммерческая инфраструктура: разнообразие","value":0},{"label":"Транспорт: доступность","value":93.75},{"label":"Крупные работодатели: обеспеченность","value":0.027},{"label":"Крупные работодатели: плотность","value":0},{"label":"Экономика: активность ФНС","value":6},{"label":"Экономика: ККТ","value":0.355},{"label":"Экономика: медианный чек","value":0}]},"geometry":{"type":"Polygon","coordinates":[[[41.371115,52.766901],[41.374372,52.76841],[41.371057,52.771016],[41.367258,52.769953],[41.367248,52.76995],[41.367251,52.769948],[41.371115,52.766901]]]}},{"type":"Feature","id":"558","properties":{"id":"558","city":"tambov","baseScore":32.033527972957536,"baseScoreNoCommerce":35.9835346632848,"baseRank":324,"population":279.94758144677735,"blocks":{"housing":0.8140890138659945,"infra":0.11008771929824562,"transport":0.77143,"work":0,"green":0.10357,"commerce":0.12283494521321212},"indicators":[{"label":"Жильё: плотность","value":25.963},{"label":"Жильё: обеспеченность","value":47.228},{"label":"Коммерческая инфраструктура: разнообразие","value":0},{"label":"Транспорт: доступность","value":77.143},{"label":"Зелёные зоны: доступность","value":10.357},{"label":"Экономика: активность ФНС","value":6},{"label":"Экономика: ККТ","value":0.03},{"label":"Экономика: медианный чек","value":0}]},"geometry":{"type":"Polygon","coordinates":[[[41.378491,52.770311],[41.37597,52.772389],[41.371349,52.771079],[41.374614,52.768513],[41.378491,52.770311]]]}},{"type":"Feature","id":"562","properties":{"id":"562","city":"tambov","baseScore":19.228986637543148,"baseScoreNoCommerce":23.074783965051775,"baseRank":376,"population":152.97229049626466,"blocks":{"housing":0.9224570929894309,"infra":0.0678821052631579,"transport":0.1634,"work":0,"green":0,"commerce":0},"indicators":[{"label":"Жильё: плотность","value":24.047},{"label":"Жильё: обеспеченность","value":52.816},{"label":"Коммерческая инфраструктура: разнообразие","value":0},{"label":"Транспорт: доступность","value":16.34}]},"geometry":{"type":"Polygon","coordinates":[[[41.369233,52.764818],[41.369343,52.764732],[41.369344,52.764732],[41.370195,52.764063],[41.370198,52.76406],[41.370278,52.763993],[41.370384,52.763907],[41.370385,52.763907],[41.370992,52.763406],[41.371096,52.763327],[41.371422,52.763479],[41.371422,52.763479],[41.373532,52.764454],[41.373649,52.764509],[41.372814,52.765142],[41.372814,52.765143],[41.371718,52.765977],[41.371708,52.765986],[41.371039,52.76664],[41.370932,52.766589],[41.370928,52.766587],[41.370584,52.766437],[41.368533,52.765512],[41.368533,52.765512],[41.368425,52.765464],[41.368434,52.765457],[41.368436,52.765455],[41.369159,52.764878],[41.36916,52.764877],[41.369233,52.764818]]]}},{"type":"Feature","id":"563","properties":{"id":"563","city":"tambov","baseScore":16.48740161852156,"baseScoreNoCommerce":19.784881942225873,"baseRank":383,"population":137.97372332377927,"blocks":{"housing":0.7599049743042762,"infra":0.11339912280701753,"transport":0.11594,"work":0,"green":0,"commerce":0},"indicators":[{"label":"Жильё: плотность","value":16.598},{"label":"Жильё: обеспеченность","value":44.434},{"label":"Коммерческая инфраструктура: разнообразие","value":0},{"label":"Транспорт: доступность","value":11.594}]},"geometry":{"type":"Polygon","coordinates":[[[41.377171,52.766204],[41.374548,52.768265],[41.372221,52.767185],[41.371275,52.76675],[41.371955,52.766085],[41.373045,52.765255],[41.373885,52.764619],[41.377171,52.766204]]]}},{"type":"Feature","id":"572","properties":{"id":"572","city":"tambov","baseScore":34.7448728178992,"baseScoreNoCommerce":39.749431335003855,"baseRank":296,"population":357.9322895835938,"blocks":{"housing":0.9347910404344032,"infra":0.052680526315789476,"transport":1,"work":0,"green":0,"commerce":0.09722080232375901},"indicators":[{"label":"Жильё: плотность","value":23.484},{"label":"Жильё: обеспеченность","value":53.452},{"label":"Коммерческая инфраструктура: разнообразие","value":0},{"label":"Транспорт: доступность","value":100},{"label":"Экономика: активность ФНС","value":2.22},{"label":"Экономика: ККТ","value":1.18},{"label":"Экономика: медианный чек","value":0}]},"geometry":{"type":"Polygon","coordinates":[[[41.376449,52.781111],[41.376462,52.781101],[41.37661,52.78117],[41.377598,52.781626],[41.383073,52.784177],[41.38217,52.784884],[41.381222,52.785542],[41.38016,52.785946],[41.375115,52.783576],[41.375068,52.783555],[41.374152,52.783119],[41.37403,52.783061],[41.37402,52.783056],[41.374011,52.783053],[41.374925,52.782313],[41.375863,52.781572],[41.375864,52.781572],[41.376198,52.781303],[41.376449,52.781111]]]}},{"type":"Feature","id":"598","properties":{"id":"598","city":"tambov","baseScore":58.38615165318224,"baseScoreNoCommerce":59.79275282057562,"baseRank":70,"population":2618.569846664111,"blocks":{"housing":0.505890623484922,"infra":0.6829670175438597,"transport":0.81367,"work":0.002,"green":0.98511,"commerce":0.5135314581621533},"indicators":[{"label":"Жильё: плотность","value":148.129},{"label":"Жильё: обеспеченность","value":5.857},{"label":"Жильё: износ","value":1.792},{"label":"Жильё: этажность","value":17.125},{"label":"Коммерческая инфраструктура: разнообразие","value":0.375},{"label":"Коммерческая инфраструктура: полнота корзины","value":100},{"label":"Транспорт: доступность","value":81.367},{"label":"Крупные работодатели: обеспеченность","value":0.002},{"label":"Крупные работодатели: плотность","value":0},{"label":"Зелёные зоны: доступность","value":98.511},{"label":"Экономика: активность ФНС","value":9.566},{"label":"Экономика: ККТ","value":26.363},{"label":"Экономика: медианный чек","value":0}]},"geometry":{"type":"Polygon","coordinates":[[[41.385343,52.759953],[41.38982,52.76202],[41.385525,52.765408],[41.381237,52.763403],[41.385343,52.759953]]]}},{"type":"Feature","id":"600","properties":{"id":"600","city":"tambov","baseScore":55.65672453123661,"baseScoreNoCommerce":66.78806943748394,"baseRank":91,"population":482.91534222216796,"blocks":{"housing":0.7550373315233202,"infra":0.5783661403508772,"transport":1,"work":0.006,"green":1,"commerce":0},"indicators":[{"label":"Жильё: плотность","value":25.714},{"label":"Жильё: обеспеченность","value":44.183},{"label":"Коммерческая инфраструктура: разнообразие","value":0},{"label":"Коммерческая инфраструктура: полнота корзины","value":100},{"label":"Транспорт: доступность","value":100},{"label":"Крупные работодатели: обеспеченность","value":0.006},{"label":"Крупные работодатели: плотность","value":0},{"label":"Зелёные зоны: доступность","value":100}]},"geometry":{"type":"Polygon","coordinates":[[[41.385026,52.76543],[41.390898,52.768176],[41.387548,52.770857],[41.381656,52.768116],[41.381684,52.768091],[41.385026,52.76543]]]}},{"type":"Feature","id":"610","properties":{"id":"610","city":"tambov","baseScore":33.76630731544179,"baseScoreNoCommerce":38.65967685547623,"baseRank":309,"population":414.9398935880859,"blocks":{"housing":0.8477164743527588,"infra":0.08526736842105263,"transport":1,"work":0,"green":0,"commerce":0.09299459615269595},"indicators":[{"label":"Жильё: плотность","value":21.516},{"label":"Жильё: обеспеченность","value":48.962},{"label":"Коммерческая инфраструктура: разнообразие","value":0},{"label":"Транспорт: доступность","value":100},{"label":"Экономика: активность ФНС","value":4},{"label":"Экономика: ККТ","value":0.25},{"label":"Экономика: медианный чек","value":0}]},"geometry":{"type":"Polygon","coordinates":[[[41.387064,52.782155],[41.387064,52.782155],[41.387064,52.782155],[41.387347,52.782287],[41.387357,52.782291],[41.391076,52.783967],[41.393863,52.785384],[41.392399,52.786401],[41.389822,52.787163],[41.386882,52.785809],[41.387325,52.785438],[41.387097,52.785323],[41.385883,52.784807],[41.3857,52.784808],[41.385296,52.784862],[41.38503,52.784842],[41.38445,52.784589],[41.383606,52.784195],[41.383604,52.784194],[41.383563,52.784175],[41.383491,52.784143],[41.383509,52.78413],[41.384187,52.783604],[41.384285,52.783532],[41.384286,52.783531],[41.384288,52.78353],[41.384288,52.78353],[41.384288,52.78353],[41.384375,52.783461],[41.385063,52.782922],[41.385168,52.78284],[41.385169,52.782839],[41.385169,52.782839],[41.385169,52.782839],[41.385169,52.782839],[41.385269,52.78276],[41.385988,52.782197],[41.385989,52.782196],[41.386059,52.78214],[41.386134,52.782082],[41.386297,52.781959],[41.386298,52.781958],[41.386347,52.78192],[41.386412,52.781868],[41.386776,52.782022],[41.387027,52.782138],[41.387064,52.782155]]]}},{"type":"Feature","id":"611","properties":{"id":"611","city":"tambov","baseScore":38.64031068647676,"baseScoreNoCommerce":44.228092740724115,"baseRank":252,"population":521.911268233789,"blocks":{"housing":0.8859400756326967,"infra":0.1530545614035088,"transport":1,"work":0,"green":0.17241,"commerce":0.1070140041523997},"indicators":[{"label":"Жильё: плотность","value":22.732},{"label":"Жильё: обеспеченность","value":50.933},{"label":"Коммерческая инфраструктура: разнообразие","value":0},{"label":"Коммерческая инфраструктура: полнота корзины","value":7.088},{"label":"Транспорт: доступность","value":100},{"label":"Зелёные зоны: доступность","value":17.241},{"label":"Экономика: активность ФНС","value":4},{"label":"Экономика: ККТ","value":0.594},{"label":"Экономика: медианный чек","value":0}]},"geometry":{"type":"Polygon","coordinates":[[[41.390501,52.779222],[41.397554,52.782488],[41.39405,52.785244],[41.387071,52.781932],[41.390501,52.779222]]]}},{"type":"Feature","id":"649","properties":{"id":"649","city":"tambov","baseScore":44.91187036910133,"baseScoreNoCommerce":48.19404389860524,"baseRank":180,"population":156.97464614589845,"blocks":{"housing":0.5471637738776303,"infra":0.5504384210526315,"transport":1,"work":0,"green":0.3121,"commerce":0.2850100272158179},"indicators":[{"label":"Жильё: плотность","value":29.624},{"label":"Жильё: обеспеченность","value":33.464},{"label":"Коммерческая инфраструктура: разнообразие","value":0.125},{"label":"Коммерческая инфраструктура: полнота корзины","value":100},{"label":"Транспорт: доступность","value":100},{"label":"Зелёные зоны: доступность","value":31.21},{"label":"Экономика: активность ФНС","value":7.761},{"label":"Экономика: ККТ","value":1.65},{"label":"Экономика: медианный чек","value":0}]},"geometry":{"type":"Polygon","coordinates":[[[41.40049,52.732402],[41.400493,52.732396],[41.400551,52.732223],[41.400594,52.732094],[41.400595,52.732088],[41.40074,52.731289],[41.400896,52.730425],[41.400896,52.730421],[41.400897,52.730409],[41.400901,52.730333],[41.401084,52.729561],[41.401084,52.729559],[41.401261,52.72849],[41.401453,52.727503],[41.402644,52.727549],[41.402522,52.728191],[41.402522,52.728194],[41.402314,52.729489],[41.402162,52.730318],[41.401932,52.731529],[41.401743,52.732473],[41.401692,52.732731],[41.401682,52.732781],[41.401681,52.732784],[41.40163,52.733095],[41.40162,52.733132],[41.401608,52.733131],[41.401527,52.73313],[41.40144,52.733137],[41.40144,52.733137],[41.401265,52.733151],[41.401246,52.733155],[41.401226,52.733156],[41.400244,52.733316],[41.400275,52.733163],[41.400405,52.732538],[41.400417,52.732531],[41.400431,52.732515],[41.40049,52.732402]]]}},{"type":"Feature","id":"666","properties":{"id":"666","city":"tambov","baseScore":55.30474214563847,"baseScoreNoCommerce":50.497547247914355,"baseRank":92,"population":4221.34299216167,"blocks":{"housing":0.4888089803294408,"infra":0.6991283820662768,"transport":1,"work":0.007,"green":0.32994,"commerce":0.7934071663425903},"indicators":[{"label":"Жильё: плотность","value":339.602},{"label":"Жильё: обеспеченность","value":5.542},{"label":"Жильё: износ","value":6.616},{"label":"Жильё: этажность","value":13.333333},{"label":"Коммерческая инфраструктура: разнообразие","value":0.40277777777777773},{"label":"Коммерческая инфраструктура: полнота корзины","value":100},{"label":"Транспорт: доступность","value":100},{"label":"Крупные работодатели: обеспеченность","value":0.007},{"label":"Крупные работодатели: плотность","value":0},{"label":"Зелёные зоны: доступность","value":32.994},{"label":"Экономика: активность ФНС","value":8.444},{"label":"Экономика: ККТ","value":32.123},{"label":"Экономика: медианный чек","value":245.069}]},"geometry":{"type":"Polygon","coordinates":[[[41.395979,52.774726],[41.399098,52.772204],[41.399185,52.772137],[41.399554,52.772306],[41.402657,52.773735],[41.403154,52.773963],[41.403256,52.774009],[41.400026,52.776603],[41.395979,52.774726]]]}},{"type":"Feature","id":"668","properties":{"id":"668","city":"tambov","baseScore":55.08586403852814,"baseScoreNoCommerce":46.70397387026568,"baseRank":93,"population":6092.05465067246,"blocks":{"housing":0.4164124167101648,"infra":0.772316276803119,"transport":1,"work":0.037,"green":0.10947,"commerce":0.9699531487984047},"indicators":[{"label":"Жильё: плотность","value":381.188},{"label":"Жильё: обеспеченность","value":5.1},{"label":"Жильё: износ","value":17.97},{"label":"Жильё: этажность","value":12.605263},{"label":"Коммерческая инфраструктура: разнообразие","value":0.5277777777777778},{"label":"Коммерческая инфраструктура: полнота корзины","value":100},{"label":"Транспорт: доступность","value":100},{"label":"Крупные работодатели: обеспеченность","value":0.037},{"label":"Крупные работодатели: плотность","value":0.001},{"label":"Зелёные зоны: доступность","value":10.947},{"label":"Экономика: активность ФНС","value":9.469},{"label":"Экономика: ККТ","value":121.11},{"label":"Экономика: медианный чек","value":275.785}]},"geometry":{"type":"Polygon","coordinates":[[[41.397344,52.770907],[41.401531,52.767556],[41.405477,52.769458],[41.401443,52.772806],[41.397344,52.770907]]]}},{"type":"Feature","id":"678","properties":{"id":"678","city":"tambov","baseScore":31.367572546095317,"baseScoreNoCommerce":34.1848826216613,"baseRank":335,"population":463.92034072617184,"blocks":{"housing":0.7667700959953457,"infra":0.5679440350877193,"transport":0.36853,"work":0.006,"green":0,"commerce":0.17281022168265409},"indicators":[{"label":"Жильё: плотность","value":24.208},{"label":"Жильё: обеспеченность","value":44.788},{"label":"Коммерческая инфраструктура: разнообразие","value":0},{"label":"Коммерческая инфраструктура: полнота корзины","value":95.474},{"label":"Транспорт: доступность","value":36.853},{"label":"Крупные работодатели: обеспеченность","value":0.006},{"label":"Крупные работодатели: плотность","value":0},{"label":"Экономика: активность ФНС","value":7.991},{"label":"Экономика: ККТ","value":0.22},{"label":"Экономика: медианный чек","value":0}]},"geometry":{"type":"Polygon","coordinates":[[[41.399388,52.755585],[41.399717,52.755514],[41.40051,52.754599],[41.401567,52.754577],[41.39865,52.759323],[41.397472,52.758646],[41.390544,52.755305],[41.391241,52.754719],[41.393931,52.754396],[41.399388,52.755585]]]}},{"type":"Feature","id":"685","properties":{"id":"685","city":"tambov","baseScore":69.50199664230836,"baseScoreNoCommerce":64.68702937431148,"baseRank":15,"population":3232.480442519531,"blocks":{"housing":0.468542423881266,"infra":0.714809044834308,"transport":1,"work":0.051,"green":1,"commerce":0.9357683298229263},"indicators":[{"label":"Жильё: плотность","value":261.9},{"label":"Жильё: обеспеченность","value":6.503},{"label":"Жильё: износ","value":11.445},{"label":"Жильё: этажность","value":11.666667},{"label":"Коммерческая инфраструктура: разнообразие","value":0.4305555555555555},{"label":"Коммерческая инфраструктура: полнота корзины","value":100},{"label":"Транспорт: доступность","value":100},{"label":"Крупные работодатели: обеспеченность","value":0.051},{"label":"Крупные работодатели: плотность","value":0.001},{"label":"Зелёные зоны: доступность","value":100},{"label":"Экономика: активность ФНС","value":9.326},{"label":"Экономика: ККТ","value":60.053},{"label":"Экономика: медианный чек","value":277.411}]},"geometry":{"type":"Polygon","coordinates":[[[41.39169,52.772718],[41.391796,52.772637],[41.391797,52.772636],[41.394806,52.770231],[41.394887,52.770166],[41.39495,52.770196],[41.394954,52.770198],[41.398919,52.772016],[41.398948,52.772029],[41.396694,52.773847],[41.396236,52.774218],[41.395744,52.774617],[41.39169,52.772718]]]}},{"type":"Feature","id":"687","properties":{"id":"687","city":"tambov","baseScore":50.34861395485398,"baseScoreNoCommerce":56.350442680929035,"baseRank":121,"population":291.9555077901123,"blocks":{"housing":0.9375642393096093,"infra":0.3525578947368421,"transport":1,"work":0,"green":0.5274,"commerce":0.2033947032447871},"indicators":[{"label":"Жильё: плотность","value":21.551},{"label":"Жильё: обеспеченность","value":53.595},{"label":"Коммерческая инфраструктура: разнообразие","value":0},{"label":"Коммерческая инфраструктура: полнота корзины","value":55.479},{"label":"Транспорт: доступность","value":100},{"label":"Зелёные зоны: доступность","value":52.74},{"label":"Экономика: активность ФНС","value":10},{"label":"Экономика: ККТ","value":0.046},{"label":"Экономика: медианный чек","value":0}]},"geometry":{"type":"Polygon","coordinates":[[[41.390697,52.779061],[41.391637,52.778328],[41.391643,52.778331],[41.391643,52.778331],[41.39274,52.777452],[41.399791,52.780743],[41.397737,52.782346],[41.397708,52.782334],[41.39763,52.782298],[41.390697,52.779061]]]}},{"type":"Feature","id":"689","properties":{"id":"689","city":"tambov","baseScore":52.65474349512333,"baseScoreNoCommerce":54.824449122807,"baseRank":109,"population":464.9275048561524,"blocks":{"housing":1,"infra":0.5459724561403508,"transport":0.9957,"work":0.006,"green":0.19355,"commerce":0.4180621535670491},"indicators":[{"label":"Жильё: плотность","value":24.273},{"label":"Жильё: обеспеченность","value":65.464},{"label":"Коммерческая инфраструктура: разнообразие","value":0},{"label":"Коммерческая инфраструктура: полнота корзины","value":100},{"label":"Транспорт: доступность","value":99.57},{"label":"Крупные работодатели: обеспеченность","value":0.006},{"label":"Крупные работодатели: плотность","value":0},{"label":"Зелёные зоны: доступность","value":19.355},{"label":"Экономика: активность ФНС","value":8.76},{"label":"Экономика: ККТ","value":2.757},{"label":"Экономика: медианный чек","value":91.268}]},"geometry":{"type":"Polygon","coordinates":[[[41.392919,52.777309],[41.395821,52.775037],[41.402811,52.778276],[41.399971,52.7806],[41.392919,52.777309]]]}},{"type":"Feature","id":"698","properties":{"id":"698","city":"tambov","baseScore":45.289298563824126,"baseScoreNoCommerce":50.58669060182947,"baseRank":177,"population":367.94554239538576,"blocks":{"housing":0.3866378634248069,"infra":0.1707666666666667,"transport":1,"work":0.029,"green":0.94293,"commerce":0.1880233837379743},"indicators":[{"label":"Жильё: плотность","value":24.985},{"label":"Жильё: обеспеченность","value":37.896},{"label":"Жильё: износ","value":74.5},{"label":"Жильё: этажность","value":1},{"label":"Коммерческая инфраструктура: разнообразие","value":0},{"label":"Транспорт: доступность","value":100},{"label":"Крупные работодатели: обеспеченность","value":0.029},{"label":"Крупные работодатели: плотность","value":0},{"label":"Зелёные зоны: доступность","value":94.293},{"label":"Экономика: активность ФНС","value":6},{"label":"Экономика: ККТ","value":1},{"label":"Экономика: медианный чек","value":0}]},"geometry":{"type":"Polygon","coordinates":[[[41.40189,52.745599],[41.402072,52.745257],[41.402197,52.74505],[41.402198,52.745048],[41.40232,52.744826],[41.403306,52.743325],[41.404653,52.74194],[41.404863,52.741728],[41.407111,52.741968],[41.406916,52.742839],[41.406911,52.743223],[41.40723,52.743227],[41.407158,52.743924],[41.406256,52.744548],[41.405669,52.746214],[41.405184,52.747045],[41.401985,52.747159],[41.401124,52.747013],[41.401103,52.746933],[41.40189,52.745599]]]}},{"type":"Feature","id":"716","properties":{"id":"716","city":"tambov","baseScore":36.0515521733765,"baseScoreNoCommerce":31.040642510429358,"baseRank":289,"population":2828.5670664650393,"blocks":{"housing":0.32615674540450856,"infra":0.5169753801169591,"transport":0.7059,"work":0.003,"green":0,"commerce":0.6110610048811222},"indicators":[{"label":"Жильё: плотность","value":188.334},{"label":"Жильё: обеспеченность","value":5.163},{"label":"Жильё: износ","value":32.702},{"label":"Жильё: этажность","value":8.5},{"label":"Коммерческая инфраструктура: разнообразие","value":0.16666666666666666},{"label":"Коммерческая инфраструктура: полнота корзины","value":90.103},{"label":"Транспорт: доступность","value":70.59},{"label":"Крупные работодатели: обеспеченность","value":0.003},{"label":"Крупные работодатели: плотность","value":0},{"label":"Экономика: активность ФНС","value":9.082},{"label":"Экономика: ККТ","value":16.602},{"label":"Экономика: медианный чек","value":63.048}]},"geometry":{"type":"Polygon","coordinates":[[[41.404853,52.73126],[41.404428,52.73123],[41.40445,52.731182],[41.40449,52.731101],[41.404493,52.731094],[41.404543,52.730949],[41.404544,52.730944],[41.404566,52.730857],[41.404579,52.730805],[41.40458,52.7308],[41.404615,52.730568],[41.404695,52.730039],[41.404695,52.730039],[41.404695,52.730039],[41.404706,52.729965],[41.404706,52.729965],[41.40475,52.729664],[41.404766,52.729562],[41.404766,52.729562],[41.404766,52.729562],[41.404773,52.729511],[41.40478,52.729463],[41.40478,52.729463],[41.40478,52.729463],[41.404787,52.729414],[41.404787,52.729413],[41.404792,52.729376],[41.404827,52.72912],[41.404954,52.728251],[41.405117,52.727353],[41.405117,52.727351],[41.40513,52.727268],[41.405148,52.727161],[41.405158,52.727108],[41.40518,52.726983],[41.40518,52.726982],[41.405249,52.726556],[41.405307,52.726196],[41.405764,52.726226],[41.405765,52.726226],[41.408924,52.726434],[41.408932,52.726434],[41.409103,52.726437],[41.40905,52.727883],[41.409044,52.727942],[41.409,52.728466],[41.409098,52.730816],[41.407473,52.730734],[41.407413,52.731226],[41.407391,52.7314],[41.406664,52.731349],[41.404853,52.73126]]]}},{"type":"Feature","id":"717","properties":{"id":"717","city":"tambov","baseScore":53.996264844802575,"baseScoreNoCommerce":57.31672510729942,"baseRank":102,"population":125.98167115146484,"blocks":{"housing":0.5644041501018133,"infra":0.6346421052631578,"transport":1,"work":0.016,"green":0.65079,"commerce":0.37393963532318386},"indicators":[{"label":"Жильё: плотность","value":24.887},{"label":"Жильё: обеспеченность","value":34.353},{"label":"Коммерческая инфраструктура: разнообразие","value":0},{"label":"Коммерческая инфраструктура: полнота корзины","value":100},{"label":"Транспорт: доступность","value":100},{"label":"Крупные работодатели: обеспеченность","value":0.016},{"label":"Крупные работодатели: плотность","value":0},{"label":"Зелёные зоны: доступность","value":65.079},{"label":"Экономика: активность ФНС","value":6.768},{"label":"Экономика: ККТ","value":1.274},{"label":"Экономика: медианный чек","value":138.462}]},"geometry":{"type":"Polygon","coordinates":[[[41.415785,52.721298],[41.414999,52.721258],[41.414055,52.721196],[41.414064,52.721161],[41.414064,52.72116],[41.414375,52.719776],[41.414815,52.717887],[41.417152,52.718313],[41.416398,52.720023],[41.4158,52.721255],[41.415798,52.721259],[41.415785,52.721298]]]}},{"type":"Feature","id":"719","properties":{"id":"719","city":"tambov","baseScore":60.45149694545703,"baseScoreNoCommerce":59.94087184146649,"baseRank":52,"population":845.8748739149414,"blocks":{"housing":0.2001797519173791,"infra":0.6848638401559454,"transport":1,"work":0.112,"green":1,"commerce":0.6300462246540968},"indicators":[{"label":"Жильё: плотность","value":120.978},{"label":"Жильё: обеспеченность","value":11.556},{"label":"Жильё: износ","value":63.246},{"label":"Жильё: этажность","value":4.777778},{"label":"Коммерческая инфраструктура: разнообразие","value":0.13888888888888887},{"label":"Коммерческая инфраструктура: полнота корзины","value":100},{"label":"Транспорт: доступность","value":100},{"label":"Крупные работодатели: обеспеченность","value":0.112},{"label":"Крупные работодатели: плотность","value":0.002},{"label":"Зелёные зоны: доступность","value":100},{"label":"Экономика: активность ФНС","value":7.596},{"label":"Экономика: ККТ","value":8.031},{"label":"Экономика: медианный чек","value":200.822}]},"geometry":{"type":"Polygon","coordinates":[[[41.415745,52.717765],[41.415745,52.717765],[41.415009,52.717629],[41.414971,52.717622],[41.415052,52.717475],[41.415946,52.715667],[41.416206,52.715159],[41.416225,52.715122],[41.416538,52.715224],[41.416975,52.715365],[41.417221,52.715445],[41.417223,52.715446],[41.417226,52.715447],[41.417337,52.715479],[41.417337,52.715479],[41.417337,52.715479],[41.418031,52.715683],[41.418031,52.715683],[41.418031,52.715683],[41.418092,52.715701],[41.418165,52.715723],[41.418387,52.715788],[41.418391,52.715789],[41.418394,52.71579],[41.418662,52.715859],[41.418811,52.715897],[41.419199,52.715998],[41.419332,52.716032],[41.419356,52.716036],[41.419377,52.716044],[41.419443,52.716061],[41.419747,52.71614],[41.419433,52.716753],[41.419179,52.717248],[41.419179,52.71725],[41.418842,52.717944],[41.418668,52.718303],[41.417965,52.718171],[41.417962,52.71817],[41.417375,52.718065],[41.416428,52.717891],[41.415746,52.717765],[41.415745,52.717765]]]}},{"type":"Feature","id":"721","properties":{"id":"721","city":"tambov","baseScore":63.73612643068771,"baseScoreNoCommerce":59.72672855383871,"baseRank":36,"population":616.9094248794922,"blocks":{"housing":0.18591069669778384,"infra":0.761425730994152,"transport":1,"work":0.039,"green":1,"commerce":0.837831158149327},"indicators":[{"label":"Жильё: плотность","value":93.337},{"label":"Жильё: обеспеченность","value":12.474},{"label":"Жильё: износ","value":67.028},{"label":"Жильё: этажность","value":5.5},{"label":"Коммерческая инфраструктура: разнообразие","value":0.4166666666666667},{"label":"Коммерческая инфраструктура: полнота корзины","value":100},{"label":"Транспорт: доступность","value":100},{"label":"Крупные работодатели: обеспеченность","value":0.039},{"label":"Крупные работодатели: плотность","value":0},{"label":"Зелёные зоны: доступность","value":100},{"label":"Экономика: активность ФНС","value":9.429},{"label":"Экономика: ККТ","value":21.697},{"label":"Экономика: медианный чек","value":233.735}]},"geometry":{"type":"Polygon","coordinates":[[[41.415804,52.715642],[41.414912,52.717447],[41.41483,52.717595],[41.414767,52.717582],[41.41378,52.717383],[41.4124,52.717104],[41.412349,52.717091],[41.411996,52.716983],[41.411995,52.716983],[41.41137,52.716805],[41.413689,52.714351],[41.415032,52.714729],[41.415135,52.714763],[41.416092,52.715079],[41.416065,52.715133],[41.415805,52.715641],[41.415804,52.715642]]]}},{"type":"Feature","id":"818","properties":{"id":"818","city":"tambov","baseScore":31.999508051134022,"baseScoreNoCommerce":34.54634875379189,"baseRank":326,"population":707.8939442145995,"blocks":{"housing":0.5364733831086977,"infra":0.15984405458089668,"transport":1,"work":0.031,"green":0,"commerce":0.1926530453784469},"indicators":[{"label":"Жильё: плотность","value":58.69},{"label":"Жильё: обеспеченность","value":9.011},{"label":"Жильё: износ","value":3.524},{"label":"Жильё: этажность","value":10.5},{"label":"Коммерческая инфраструктура: разнообразие","value":0.1111111111111111},{"label":"Транспорт: доступность","value":100},{"label":"Крупные работодатели: обеспеченность","value":0.031},{"label":"Крупные работодатели: плотность","value":0},{"label":"Экономика: активность ФНС","value":4.027},{"label":"Экономика: ККТ","value":3.899},{"label":"Экономика: медианный чек","value":0}]},"geometry":{"type":"Polygon","coordinates":[[[41.421662,52.78493],[41.42114,52.784792],[41.418484,52.784055],[41.418591,52.78392],[41.418591,52.78392],[41.418591,52.78392],[41.419488,52.782797],[41.419083,52.782687],[41.419587,52.782027],[41.418782,52.779853],[41.421457,52.780682],[41.421458,52.780682],[41.4235,52.781405],[41.424248,52.781669],[41.424219,52.781708],[41.421662,52.78493]]]}},{"type":"Feature","id":"820","properties":{"id":"820","city":"tambov","baseScore":46.51156434512742,"baseScoreNoCommerce":38.25066361840865,"baseRank":161,"population":558.916469420752,"blocks":{"housing":0.18541253764557897,"infra":0.7231206432748537,"transport":1,"work":0.004,"green":0,"commerce":0.8781606797872124},"indicators":[{"label":"Жильё: плотность","value":232.366},{"label":"Жильё: обеспеченность","value":9.484},{"label":"Жильё: износ","value":62.377},{"label":"Жильё: этажность","value":7.666667},{"label":"Коммерческая инфраструктура: разнообразие","value":0.2916666666666667},{"label":"Коммерческая инфраструктура: полнота корзины","value":100},{"label":"Транспорт: доступность","value":100},{"label":"Крупные работодатели: обеспеченность","value":0.004},{"label":"Крупные работодатели: плотность","value":0},{"label":"Экономика: активность ФНС","value":9.233},{"label":"Экономика: ККТ","value":15.207},{"label":"Экономика: медианный чек","value":99.649}]},"geometry":{"type":"Polygon","coordinates":[[[41.416808,52.767201],[41.416512,52.767366],[41.415858,52.767073],[41.415858,52.767072],[41.41538,52.766859],[41.413515,52.766024],[41.413372,52.765944],[41.413363,52.765939],[41.413126,52.765827],[41.413129,52.765825],[41.41313,52.765824],[41.41326,52.765705],[41.413613,52.765411],[41.413614,52.76541],[41.413842,52.765212],[41.414064,52.765312],[41.415387,52.765877],[41.415623,52.765989],[41.415986,52.766186],[41.416034,52.766284],[41.416055,52.76631],[41.416088,52.766331],[41.417215,52.766835],[41.417262,52.766859],[41.416808,52.767201]]]}},{"type":"Feature","id":"821","properties":{"id":"821","city":"tambov","baseScore":39.68082619508063,"baseScoreNoCommerce":41.260969580898546,"baseRank":235,"population":1027.8490704637695,"blocks":{"housing":0.39689762134512246,"infra":0.6661508576998051,"transport":1,"work":0,"green":0,"commerce":0.31780109265991},"indicators":[{"label":"Жильё: плотность","value":131.621},{"label":"Жильё: обеспеченность","value":8.229},{"label":"Жильё: износ","value":25.871},{"label":"Жильё: этажность","value":7.6},{"label":"Коммерческая инфраструктура: разнообразие","value":0.13888888888888887},{"label":"Коммерческая инфраструктура: полнота корзины","value":100},{"label":"Транспорт: доступность","value":100},{"label":"Экономика: активность ФНС","value":4.028},{"label":"Экономика: ККТ","value":2.716},{"label":"Экономика: медианный чек","value":65.773}]},"geometry":{"type":"Polygon","coordinates":[[[41.417447,52.766719],[41.4174,52.766695],[41.417394,52.766692],[41.416304,52.766204],[41.416258,52.76611],[41.41625,52.766101],[41.416244,52.766091],[41.41624,52.766088],[41.416237,52.766085],[41.416225,52.766077],[41.416214,52.766069],[41.415817,52.765853],[41.415809,52.765849],[41.415477,52.765692],[41.415474,52.765691],[41.415472,52.765689],[41.414703,52.765355],[41.414698,52.765353],[41.41435,52.765215],[41.414193,52.765147],[41.413995,52.765057],[41.414002,52.76505],[41.414552,52.764587],[41.415142,52.764128],[41.415204,52.76408],[41.41575,52.763655],[41.41575,52.763655],[41.416258,52.763253],[41.416269,52.763244],[41.416272,52.763246],[41.417036,52.763602],[41.417043,52.763605],[41.41707,52.763617],[41.417228,52.763684],[41.417233,52.76368],[41.418174,52.763947],[41.419847,52.764742],[41.419849,52.764743],[41.419878,52.764756],[41.418948,52.765494],[41.418857,52.765566],[41.418857,52.765566],[41.41857,52.765794],[41.418566,52.765792],[41.418453,52.765886],[41.418455,52.765887],[41.418457,52.765888],[41.418065,52.766227],[41.418032,52.766211],[41.418032,52.766211],[41.417915,52.766304],[41.417951,52.766321],[41.417546,52.766641],[41.417447,52.766719]]]}},{"type":"Feature","id":"823","properties":{"id":"823","city":"tambov","baseScore":44.110274853801165,"baseScoreNoCommerce":52.9323298245614,"baseRank":187,"population":20.997391198242187,"blocks":{"housing":1,"infra":0.6466164912280702,"transport":1,"work":0,"green":0,"commerce":0},"indicators":[{"label":"Жильё: плотность","value":14.44},{"label":"Жильё: обеспеченность","value":72.164},{"label":"Коммерческая инфраструктура: разнообразие","value":0},{"label":"Коммерческая инфраструктура: полнота корзины","value":100},{"label":"Транспорт: доступность","value":100}]},"geometry":{"type":"Polygon","coordinates":[[[41.419684,52.761583],[41.418919,52.761191],[41.418917,52.76119],[41.418881,52.761173],[41.420116,52.76019],[41.420226,52.760111],[41.420227,52.76011],[41.420418,52.759969],[41.420494,52.75997],[41.420927,52.76001],[41.42159,52.760079],[41.421272,52.760362],[41.421188,52.760437],[41.420759,52.760804],[41.419801,52.761621],[41.419734,52.761597],[41.419711,52.76159],[41.419684,52.761583]]]}},{"type":"Feature","id":"827","properties":{"id":"827","city":"tambov","baseScore":40.12848354043785,"baseScoreNoCommerce":44.90196035976709,"baseRank":230,"population":223.96854521228028,"blocks":{"housing":0.5827390706199332,"infra":0.6623589473684212,"transport":1,"work":0,"green":0,"commerce":0.16261099443791655},"indicators":[{"label":"Жильё: плотность","value":30.455},{"label":"Жильё: обеспеченность","value":50.538},{"label":"Жильё: износ","value":62.5},{"label":"Жильё: этажность","value":1},{"label":"Коммерческая инфраструктура: разнообразие","value":0},{"label":"Коммерческая инфраструктура: полнота корзины","value":100},{"label":"Транспорт: доступность","value":100},{"label":"Экономика: активность ФНС","value":7},{"label":"Экономика: ККТ","value":0.266},{"label":"Экономика: медианный чек","value":0}]},"geometry":{"type":"Polygon","coordinates":[[[41.416469,52.759187],[41.416387,52.759166],[41.416765,52.758864],[41.416904,52.758759],[41.416905,52.758758],[41.416957,52.758718],[41.416959,52.758716],[41.417174,52.758544],[41.419356,52.7568],[41.419357,52.756799],[41.419394,52.756769],[41.419471,52.756804],[41.422321,52.758117],[41.420058,52.759952],[41.416469,52.759187]]]}},{"type":"Feature","id":"828","properties":{"id":"828","city":"tambov","baseScore":37.9056392425843,"baseScoreNoCommerce":45.48676709110116,"baseRank":264,"population":219.96532861303712,"blocks":{"housing":0.5859109861340057,"infra":0.6664273684210525,"transport":1,"work":0.022,"green":0,"commerce":0},"indicators":[{"label":"Жильё: плотность","value":34.461},{"label":"Жильё: обеспеченность","value":35.462},{"label":"Коммерческая инфраструктура: разнообразие","value":0},{"label":"Коммерческая инфраструктура: полнота корзины","value":100},{"label":"Транспорт: доступность","value":100},{"label":"Крупные работодатели: обеспеченность","value":0.022},{"label":"Крупные работодатели: плотность","value":0}]},"geometry":{"type":"Polygon","coordinates":[[[41.419513,52.756677],[41.42185,52.754844],[41.424767,52.756185],[41.422437,52.758023],[41.419513,52.756677]]]}},{"type":"Feature","id":"829","properties":{"id":"829","city":"tambov","baseScore":39.22072267311578,"baseScoreNoCommerce":45.03675543931097,"baseRank":244,"population":179.97305195361326,"blocks":{"housing":0.5857558421409872,"infra":0.6660819298245614,"transport":1,"work":0,"green":0,"commerce":0.10140558842139857},"indicators":[{"label":"Жильё: плотность","value":31.659},{"label":"Жильё: обеспеченность","value":35.454},{"label":"Коммерческая инфраструктура: разнообразие","value":0},{"label":"Коммерческая инфраструктура: полнота корзины","value":100},{"label":"Транспорт: доступность","value":100},{"label":"Экономика: активность ФНС","value":3.675},{"label":"Экономика: ККТ","value":0.461},{"label":"Экономика: медианный чек","value":0}]},"geometry":{"type":"Polygon","coordinates":[[[41.421967,52.754751],[41.424065,52.753117],[41.4241,52.753134],[41.425765,52.75391],[41.425768,52.753911],[41.42618,52.754095],[41.426979,52.754464],[41.424886,52.756093],[41.421967,52.754751]]]}},{"type":"Feature","id":"830","properties":{"id":"830","city":"tambov","baseScore":40.72168686708352,"baseScoreNoCommerce":46.45748458579787,"baseRank":222,"population":167.9738395595703,"blocks":{"housing":0.6565208959565598,"infra":0.6663533333333334,"transport":1,"work":0,"green":0,"commerce":0.12042698273511787},"indicators":[{"label":"Жильё: плотность","value":32.33},{"label":"Жильё: обеспеченность","value":39.103},{"label":"Коммерческая инфраструктура: разнообразие","value":0},{"label":"Коммерческая инфраструктура: полнота корзины","value":100},{"label":"Транспорт: доступность","value":100},{"label":"Экономика: активность ФНС","value":3.2},{"label":"Экономика: ККТ","value":1.045},{"label":"Экономика: медианный чек","value":0}]},"geometry":{"type":"Polygon","coordinates":[[[41.423829,52.753008],[41.423741,52.753075],[41.423741,52.753076],[41.421731,52.754643],[41.42121,52.754405],[41.421056,52.754335],[41.420548,52.754103],[41.419073,52.753435],[41.421179,52.751782],[41.423778,52.752985],[41.423829,52.753008]]]}},{"type":"Feature","id":"838","properties":{"id":"838","city":"tambov","baseScore":37.98031807755536,"baseScoreNoCommerce":44.67493343165924,"baseRank":262,"population":198.96831835766602,"blocks":{"housing":0.558780180354892,"infra":0.6599664912280702,"transport":1,"work":0.015,"green":0,"commerce":0.04507241307035954},"indicators":[{"label":"Жильё: плотность","value":34.53},{"label":"Жильё: обеспеченность","value":34.063},{"label":"Коммерческая инфраструктура: разнообразие","value":0},{"label":"Коммерческая инфраструктура: полнота корзины","value":100},{"label":"Транспорт: доступность","value":100},{"label":"Крупные работодатели: обеспеченность","value":0.015},{"label":"Крупные работодатели: плотность","value":0},{"label":"Экономика: активность ФНС","value":2},{"label":"Экономика: ККТ","value":0.074},{"label":"Экономика: медианный чек","value":0}]},"geometry":{"type":"Polygon","coordinates":[[[41.419536,52.753792],[41.419531,52.753796],[41.421613,52.754736],[41.419275,52.75657],[41.416723,52.755396],[41.41672,52.755395],[41.416634,52.755359],[41.416661,52.755338],[41.416665,52.755335],[41.416822,52.755203],[41.417781,52.75445],[41.41799,52.754286],[41.41799,52.754286],[41.41799,52.754286],[41.418157,52.754155],[41.418157,52.754155],[41.418157,52.754155],[41.418334,52.754016],[41.418524,52.753867],[41.418524,52.753867],[41.418524,52.753867],[41.418865,52.753599],[41.418955,52.753528],[41.419536,52.753792]]]}},{"type":"Feature","id":"839","properties":{"id":"839","city":"tambov","baseScore":38.59022674614742,"baseScoreNoCommerce":45.41483727844774,"baseRank":253,"population":228.96865739606932,"blocks":{"housing":0.615175021817124,"infra":0.6345668421052632,"transport":1,"work":0.021,"green":0,"commerce":0.04467174084645799},"indicators":[{"label":"Жильё: плотность","value":36.421},{"label":"Жильё: обеспеченность","value":36.971},{"label":"Коммерческая инфраструктура: разнообразие","value":0},{"label":"Коммерческая инфраструктура: полнота корзины","value":100},{"label":"Транспорт: доступность","value":100},{"label":"Крупные работодатели: обеспеченность","value":0.021},{"label":"Крупные работодатели: плотность","value":0},{"label":"Экономика: активность ФНС","value":2},{"label":"Экономика: ККТ","value":0.07},{"label":"Экономика: медианный чек","value":0}]},"geometry":{"type":"Polygon","coordinates":[[[41.416625,52.758682],[41.414301,52.757602],[41.414068,52.75749],[41.414067,52.75749],[41.414016,52.757465],[41.414059,52.757432],[41.414061,52.757431],[41.414485,52.757092],[41.414485,52.757092],[41.414486,52.757091],[41.414921,52.756735],[41.415041,52.756637],[41.415041,52.756637],[41.415041,52.756637],[41.415218,52.756493],[41.415219,52.756492],[41.415503,52.756253],[41.415744,52.756061],[41.415785,52.756029],[41.415785,52.756029],[41.41583,52.755993],[41.416487,52.755471],[41.416514,52.755451],[41.416515,52.755451],[41.416609,52.75549],[41.419157,52.756662],[41.416625,52.758682]]]}},{"type":"Feature","id":"840","properties":{"id":"840","city":"tambov","baseScore":52.86036731154462,"baseScoreNoCommerce":51.66025714307596,"baseRank":106,"population":1312.80645772688,"blocks":{"housing":0.15091137567231663,"infra":0.7219814814814814,"transport":1,"work":0.014,"green":0.69612,"commerce":0.5886091815388795},"indicators":[{"label":"Жильё: плотность","value":171.899},{"label":"Жильё: обеспеченность","value":9.418},{"label":"Жильё: износ","value":67.904},{"label":"Жильё: этажность","value":6.545455},{"label":"Коммерческая инфраструктура: разнообразие","value":0.19444444444444442},{"label":"Коммерческая инфраструктура: полнота корзины","value":100},{"label":"Транспорт: доступность","value":100},{"label":"Крупные работодатели: обеспеченность","value":0.014},{"label":"Крупные работодатели: плотность","value":0},{"label":"Зелёные зоны: доступность","value":69.612},{"label":"Экономика: активность ФНС","value":6.691},{"label":"Экономика: ККТ","value":11.301},{"label":"Экономика: медианный чек","value":152.059}]},"geometry":{"type":"Polygon","coordinates":[[[41.415021,52.751627],[41.415608,52.751195],[41.417118,52.750086],[41.417138,52.750067],[41.41715,52.750046],[41.417178,52.749959],[41.417295,52.750011],[41.41797,52.750322],[41.418459,52.750547],[41.419307,52.750937],[41.419308,52.750937],[41.419309,52.750937],[41.420941,52.751674],[41.420795,52.751771],[41.420787,52.751777],[41.419726,52.752625],[41.419082,52.753133],[41.419003,52.753196],[41.418942,52.753244],[41.418778,52.753373],[41.418688,52.753444],[41.415021,52.751627]]]}},{"type":"Feature","id":"841","properties":{"id":"841","city":"tambov","baseScore":55.01494333661636,"baseScoreNoCommerce":49.80816567005231,"baseRank":94,"population":1303.8081563849853,"blocks":{"housing":0.22539025231353177,"infra":0.7952080311890839,"transport":1,"work":0.058,"green":0.41181,"commerce":0.8104883166943662},"indicators":[{"label":"Жильё: плотность","value":173.751},{"label":"Жильё: обеспеченность","value":8.618},{"label":"Жильё: износ","value":54.481},{"label":"Жильё: этажность","value":6.307692},{"label":"Коммерческая инфраструктура: разнообразие","value":0.40277777777777773},{"label":"Коммерческая инфраструктура: полнота корзины","value":100},{"label":"Транспорт: доступность","value":100},{"label":"Крупные работодатели: обеспеченность","value":0.058},{"label":"Крупные работодатели: плотность","value":0.001},{"label":"Зелёные зоны: доступность","value":41.181},{"label":"Экономика: активность ФНС","value":9.677},{"label":"Экономика: ККТ","value":46.562},{"label":"Экономика: медианный чек","value":183.041}]},"geometry":{"type":"Polygon","coordinates":[[[41.4175,52.749723],[41.420248,52.747796],[41.421028,52.748402],[41.42137,52.748668],[41.421774,52.749002],[41.421815,52.749037],[41.421818,52.74904],[41.422386,52.749491],[41.422548,52.749626],[41.422549,52.749627],[41.423049,52.750028],[41.422364,52.750561],[41.42236,52.750564],[41.42221,52.750692],[41.421786,52.751027],[41.421265,52.751439],[41.41961,52.750693],[41.418763,52.750303],[41.418275,52.750079],[41.417598,52.749768],[41.417596,52.749767],[41.4175,52.749723]]]}},{"type":"Feature","id":"842","properties":{"id":"842","city":"tambov","baseScore":62.77345054812331,"baseScoreNoCommerce":57.644823203742355,"baseRank":37,"population":11.996734653320312,"blocks":{"housing":0.999718801512654,"infra":0.7395223586744639,"transport":1,"work":0.143,"green":0,"commerce":0.8841658727002806},"indicators":[{"label":"Жильё: плотность","value":2.981},{"label":"Жильё: обеспеченность","value":56.8},{"label":"Коммерческая инфраструктура: разнообразие","value":0.3194444444444444},{"label":"Коммерческая инфраструктура: полнота корзины","value":100},{"label":"Транспорт: доступность","value":100},{"label":"Крупные работодатели: обеспеченность","value":0.143},{"label":"Крупные работодатели: плотность","value":0},{"label":"Экономика: активность ФНС","value":9.865},{"label":"Экономика: ККТ","value":37.105},{"label":"Экономика: медианный чек","value":28.749}]},"geometry":{"type":"Polygon","coordinates":[[[41.409015,52.755939],[41.409479,52.755607],[41.409999,52.755848],[41.41,52.755849],[41.411827,52.756673],[41.412307,52.756893],[41.412308,52.756894],[41.412788,52.75711],[41.412972,52.757193],[41.413292,52.757345],[41.413585,52.757489],[41.413548,52.757515],[41.413542,52.757519],[41.413326,52.75769],[41.413232,52.757761],[41.412514,52.758281],[41.411087,52.757651],[41.410693,52.757473],[41.410429,52.757346],[41.410348,52.757307],[41.410346,52.757306],[41.410072,52.757175],[41.409811,52.757049],[41.409741,52.757014],[41.409737,52.757012],[41.40966,52.756975],[41.409657,52.756974],[41.409092,52.756719],[41.40909,52.756718],[41.408998,52.756678],[41.408394,52.756409],[41.409015,52.755939]]]}},{"type":"Feature","id":"848","properties":{"id":"848","city":"tambov","baseScore":61.991277244155285,"baseScoreNoCommerce":62.075532961425004,"baseRank":42,"population":449.93285488110354,"blocks":{"housing":0.29819770070282914,"infra":0.7565789473684211,"transport":1,"work":0.049,"green":1,"commerce":0.6156999865780669},"indicators":[{"label":"Жильё: плотность","value":217.526},{"label":"Жильё: обеспеченность","value":8.467},{"label":"Жильё: износ","value":42.358},{"label":"Жильё: этажность","value":10.333333},{"label":"Коммерческая инфраструктура: разнообразие","value":0.375},{"label":"Коммерческая инфраструктура: полнота корзины","value":100},{"label":"Транспорт: доступность","value":100},{"label":"Крупные работодатели: обеспеченность","value":0.049},{"label":"Крупные работодатели: плотность","value":0.001},{"label":"Зелёные зоны: доступность","value":100},{"label":"Экономика: активность ФНС","value":9.108},{"label":"Экономика: ККТ","value":8.349},{"label":"Экономика: медианный чек","value":0}]},"geometry":{"type":"Polygon","coordinates":[[[41.412877,52.765699],[41.412867,52.765694],[41.412413,52.765486],[41.411785,52.765186],[41.411784,52.765185],[41.411312,52.764965],[41.410925,52.764779],[41.410923,52.764778],[41.41083,52.764735],[41.410272,52.764475],[41.409968,52.764333],[41.409981,52.764321],[41.409984,52.764319],[41.41006,52.764249],[41.410703,52.763734],[41.410788,52.763773],[41.410929,52.763841],[41.41093,52.763841],[41.412019,52.764355],[41.412097,52.764391],[41.412207,52.764445],[41.412209,52.764446],[41.412769,52.764709],[41.41277,52.76471],[41.412882,52.764761],[41.412951,52.764793],[41.412952,52.764793],[41.413593,52.765086],[41.413601,52.76509],[41.413613,52.765096],[41.413603,52.765105],[41.413372,52.765306],[41.413019,52.765601],[41.413016,52.765604],[41.412898,52.76571],[41.412877,52.765699]]]}},{"type":"Feature","id":"849","properties":{"id":"849","city":"tambov","baseScore":50.03517246682133,"baseScoreNoCommerce":53.67860857163171,"baseRank":125,"population":798.8780596783447,"blocks":{"housing":0.1045665689324628,"infra":0.6762538596491229,"transport":1,"work":0.012,"green":0.89111,"commerce":0.3181799194276941},"indicators":[{"label":"Жильё: плотность","value":101.105},{"label":"Жильё: обеспеченность","value":12.197},{"label":"Жильё: износ","value":79.867},{"label":"Жильё: этажность","value":9},{"label":"Коммерческая инфраструктура: разнообразие","value":0.125},{"label":"Коммерческая инфраструктура: полнота корзины","value":100},{"label":"Транспорт: доступность","value":100},{"label":"Крупные работодатели: обеспеченность","value":0.012},{"label":"Крупные работодатели: плотность","value":0},{"label":"Зелёные зоны: доступность","value":89.111},{"label":"Экономика: активность ФНС","value":7.158},{"label":"Экономика: ККТ","value":4.576},{"label":"Экономика: медианный чек","value":0}]},"geometry":{"type":"Polygon","coordinates":[[[41.407358,52.763097],[41.408038,52.762514],[41.407941,52.762211],[41.410144,52.760429],[41.412344,52.761434],[41.412886,52.76168],[41.409738,52.764219],[41.409733,52.764223],[41.407358,52.763097]]]}},{"type":"Feature","id":"855","properties":{"id":"855","city":"tambov","baseScore":45.1027329759067,"baseScoreNoCommerce":47.655831839902284,"baseRank":179,"population":182.97199787343752,"blocks":{"housing":0.7355861533986232,"infra":0.6472054385964912,"transport":1,"work":0,"green":0,"commerce":0.32337238655928713},"indicators":[{"label":"Жильё: плотность","value":31.824},{"label":"Жильё: обеспеченность","value":43.18},{"label":"Коммерческая инфраструктура: разнообразие","value":0},{"label":"Коммерческая инфраструктура: полнота корзины","value":100},{"label":"Транспорт: доступность","value":100},{"label":"Экономика: активность ФНС","value":6.266},{"label":"Экономика: ККТ","value":0.518},{"label":"Экономика: медианный чек","value":171.158}]},"geometry":{"type":"Polygon","coordinates":[[[41.413066,52.761537],[41.410383,52.760314],[41.410327,52.760288],[41.410371,52.760254],[41.410576,52.760094],[41.410622,52.760058],[41.410622,52.760058],[41.410667,52.760022],[41.410875,52.75986],[41.410875,52.75986],[41.410875,52.75986],[41.411044,52.759727],[41.411138,52.759653],[41.411139,52.759652],[41.411626,52.759265],[41.412544,52.758534],[41.412568,52.758518],[41.412623,52.758538],[41.415306,52.759752],[41.413066,52.761537]]]}},{"type":"Feature","id":"874","properties":{"id":"874","city":"tambov","baseScore":46.843127055890214,"baseScoreNoCommerce":40.91943139498884,"baseRank":158,"population":490.9276332375,"blocks":{"housing":0.34883706682546567,"infra":0.6871345029239766,"transport":1,"work":0.01,"green":0,"commerce":0.7646160536039707},"indicators":[{"label":"Жильё: плотность","value":195.236},{"label":"Жильё: обеспеченность","value":4.957},{"label":"Жильё: износ","value":29},{"label":"Жильё: этажность","value":10.5},{"label":"Коммерческая инфраструктура: разнообразие","value":0.16666666666666666},{"label":"Коммерческая инфраструктура: полнота корзины","value":100},{"label":"Транспорт: доступность","value":100},{"label":"Крупные работодатели: обеспеченность","value":0.01},{"label":"Крупные работодатели: плотность","value":0},{"label":"Экономика: активность ФНС","value":8.977},{"label":"Экономика: ККТ","value":9.311},{"label":"Экономика: медианный чек","value":258.939}]},"geometry":{"type":"Polygon","coordinates":[[[41.41356,52.7578],[41.413775,52.75763],[41.413818,52.7576],[41.413823,52.757602],[41.413884,52.757631],[41.414117,52.757743],[41.414117,52.757743],[41.414361,52.75786],[41.414456,52.757906],[41.414457,52.757906],[41.414546,52.757947],[41.414754,52.758045],[41.414754,52.758045],[41.414946,52.758134],[41.414948,52.758134],[41.415106,52.758205],[41.41517,52.758236],[41.415173,52.758237],[41.415268,52.75828],[41.4157,52.758485],[41.415702,52.758486],[41.415835,52.758547],[41.416443,52.758824],[41.416036,52.75915],[41.416036,52.75915],[41.415594,52.759505],[41.415473,52.759603],[41.415455,52.759594],[41.415455,52.759594],[41.415412,52.759574],[41.415407,52.759571],[41.414928,52.75936],[41.414925,52.759359],[41.414847,52.759326],[41.414839,52.759323],[41.414679,52.759265],[41.414111,52.759017],[41.413442,52.758724],[41.412805,52.758396],[41.412785,52.758387],[41.412765,52.75838],[41.41346,52.757875],[41.413461,52.757874],[41.413558,52.757802],[41.41356,52.7578]]]}},{"type":"Feature","id":"875","properties":{"id":"875","city":"tambov","baseScore":42.636388295474454,"baseScoreNoCommerce":51.163665954569346,"baseRank":203,"population":212.97100907592773,"blocks":{"housing":0.6300106661495201,"infra":0.6324026315789474,"transport":1,"work":0,"green":0.29577,"commerce":0},"indicators":[{"label":"Жильё: плотность","value":34.278},{"label":"Жильё: обеспеченность","value":37.736},{"label":"Коммерческая инфраструктура: разнообразие","value":0},{"label":"Коммерческая инфраструктура: полнота корзины","value":100},{"label":"Транспорт: доступность","value":100},{"label":"Зелёные зоны: доступность","value":29.577}]},"geometry":{"type":"Polygon","coordinates":[[[41.413,52.761888],[41.413001,52.761888],[41.413123,52.761788],[41.413182,52.761816],[41.416033,52.763135],[41.413767,52.76494],[41.411113,52.7637],[41.41097,52.763631],[41.410967,52.76363],[41.410882,52.763591],[41.41107,52.763436],[41.411726,52.762908],[41.413,52.761888]]]}},{"type":"Feature","id":"883","properties":{"id":"883","city":"tambov","baseScore":56.90939342453832,"baseScoreNoCommerce":62.28991461988305,"baseRank":79,"population":33.9950939197998,"blocks":{"housing":1,"infra":0.662495730994152,"transport":1,"work":0.452,"green":0,"commerce":0.30006787447814703},"indicators":[{"label":"Жильё: плотность","value":14.745},{"label":"Жильё: обеспеченность","value":76.306},{"label":"Коммерческая инфраструктура: разнообразие","value":0.041666666666666664},{"label":"Коммерческая инфраструктура: полнота корзины","value":100},{"label":"Транспорт: доступность","value":100},{"label":"Крупные работодатели: обеспеченность","value":0.452},{"label":"Крупные работодатели: плотность","value":0.001},{"label":"Экономика: активность ФНС","value":7},{"label":"Экономика: ККТ","value":1.05},{"label":"Экономика: медианный чек","value":0}]},"geometry":{"type":"Polygon","coordinates":[[[41.417164,52.76038],[41.417163,52.76038],[41.417061,52.760333],[41.41706,52.760332],[41.416523,52.760089],[41.416435,52.760047],[41.416363,52.760013],[41.41636,52.760011],[41.415775,52.759745],[41.415707,52.759713],[41.415831,52.759613],[41.416203,52.759314],[41.416356,52.759353],[41.41636,52.759354],[41.417172,52.759545],[41.417174,52.759545],[41.418016,52.759734],[41.418018,52.759735],[41.418992,52.759944],[41.418992,52.759944],[41.419453,52.760042],[41.419465,52.760045],[41.41985,52.760105],[41.418648,52.761062],[41.418627,52.761053],[41.418052,52.760789],[41.418051,52.760788],[41.417914,52.760727],[41.417271,52.76043],[41.417164,52.76038]]]}},{"type":"Feature","id":"884","properties":{"id":"884","city":"tambov","baseScore":39.62934772062172,"baseScoreNoCommerce":44.73576646372063,"baseRank":237,"population":218.96990328371584,"blocks":{"housing":0.5984000775719966,"infra":0.638388245614035,"transport":1,"work":0,"green":0,"commerce":0.1409725400512716},"indicators":[{"label":"Жильё: плотность","value":35.341},{"label":"Жильё: обеспеченность","value":36.106},{"label":"Коммерческая инфраструктура: разнообразие","value":0},{"label":"Коммерческая инфраструктура: полнота корзины","value":100},{"label":"Транспорт: доступность","value":100},{"label":"Экономика: активность ФНС","value":7},{"label":"Экономика: ККТ","value":0.01},{"label":"Экономика: медианный чек","value":0}]},"geometry":{"type":"Polygon","coordinates":[[[41.415536,52.759866],[41.41554,52.759863],[41.415541,52.759862],[41.415595,52.759888],[41.415596,52.759888],[41.418471,52.761206],[41.41622,52.762995],[41.413362,52.761673],[41.413362,52.761673],[41.413303,52.761645],[41.413347,52.76161],[41.413348,52.76161],[41.413497,52.76149],[41.413805,52.761249],[41.413807,52.761248],[41.414376,52.760783],[41.415536,52.759866]]]}},{"type":"Feature","id":"909","properties":{"id":"909","city":"tambov","baseScore":30.599681962228598,"baseScoreNoCommerce":36.71961835467432,"baseRank":340,"population":177.97580055476072,"blocks":{"housing":0.43928822767523645,"infra":0.3966926900584795,"transport":1,"work":0,"green":0,"commerce":0},"indicators":[{"label":"Жильё: плотность","value":30.497},{"label":"Жильё: обеспеченность","value":44.695},{"label":"Жильё: износ","value":76.667},{"label":"Жильё: этажность","value":1.5},{"label":"Коммерческая инфраструктура: разнообразие","value":0.08333333333333333},{"label":"Коммерческая инфраструктура: полнота корзины","value":37.079},{"label":"Транспорт: доступность","value":100}]},"geometry":{"type":"Polygon","coordinates":[[[41.424759,52.707117],[41.424409,52.707231],[41.423749,52.707428],[41.422639,52.707742],[41.42262,52.707748],[41.422479,52.707815],[41.422461,52.707827],[41.422444,52.707841],[41.422444,52.707841],[41.422872,52.708004],[41.422275,52.709016],[41.421832,52.708938],[41.42117,52.710079],[41.418725,52.709235],[41.420287,52.70826],[41.423907,52.706062],[41.424218,52.706375],[41.424336,52.706506],[41.424517,52.706707],[41.424526,52.706715],[41.424923,52.706994],[41.42493,52.707035],[41.424918,52.70706],[41.424759,52.707117]]]}},{"type":"Feature","id":"916","properties":{"id":"916","city":"tambov","baseScore":42.403084942610185,"baseScoreNoCommerce":39.287634550449916,"baseRank":205,"population":610.9123437667481,"blocks":{"housing":0.23664615247376258,"infra":0.6767355750487329,"transport":1,"work":0.051,"green":0,"commerce":0.5798033690341159},"indicators":[{"label":"Жильё: плотность","value":137.491},{"label":"Жильё: обеспеченность","value":13.729},{"label":"Жильё: износ","value":60.733},{"label":"Жильё: этажность","value":4.111111},{"label":"Коммерческая инфраструктура: разнообразие","value":0.27777777777777773},{"label":"Коммерческая инфраструктура: полнота корзины","value":87.561},{"label":"Транспорт: доступность","value":100},{"label":"Крупные работодатели: обеспеченность","value":0.051},{"label":"Крупные работодатели: плотность","value":0.001},{"label":"Экономика: активность ФНС","value":6.89},{"label":"Экономика: ККТ","value":6.614},{"label":"Экономика: медианный чек","value":132.083}]},"geometry":{"type":"Polygon","coordinates":[[[41.420476,52.721123],[41.420768,52.720351],[41.420849,52.720148],[41.421105,52.719528],[41.421106,52.719524],[41.421207,52.719233],[41.421281,52.719039],[41.421798,52.719117],[41.422295,52.719195],[41.422573,52.719253],[41.422753,52.719308],[41.422883,52.71935],[41.422995,52.719389],[41.422995,52.71939],[41.423102,52.719427],[41.423251,52.719489],[41.423338,52.719531],[41.423321,52.719543],[41.423312,52.719551],[41.423297,52.719568],[41.423292,52.719574],[41.423268,52.719614],[41.423267,52.719617],[41.423242,52.719669],[41.42324,52.719673],[41.423187,52.719839],[41.423186,52.719842],[41.4231,52.720223],[41.423099,52.720224],[41.423075,52.720355],[41.423075,52.720357],[41.422994,52.720936],[41.422937,52.721278],[41.422937,52.721279],[41.422909,52.721474],[41.422909,52.721477],[41.422901,52.721623],[41.422901,52.721628],[41.422909,52.721684],[41.422911,52.721692],[41.422934,52.721747],[41.422935,52.72175],[41.422078,52.721803],[41.422071,52.721802],[41.421635,52.721756],[41.421632,52.721756],[41.420832,52.721687],[41.420831,52.721687],[41.420321,52.721646],[41.420476,52.721123]],[[41.422503,52.719361],[41.422523,52.719311],[41.422435,52.719298],[41.422415,52.719348],[41.422503,52.719361]]]}},{"type":"Feature","id":"934","properties":{"id":"934","city":"tambov","baseScore":51.98426372951796,"baseScoreNoCommerce":58.73249510088612,"baseRank":115,"population":83.98906209082031,"blocks":{"housing":0.9660719480267623,"infra":0.6491228070175438,"transport":1,"work":0,"green":0.32143,"commerce":0.18243106872677203},"indicators":[{"label":"Жильё: плотность","value":21.185},{"label":"Жильё: обеспеченность","value":55.065},{"label":"Коммерческая инфраструктура: разнообразие","value":0},{"label":"Коммерческая инфраструктура: полнота корзины","value":100},{"label":"Транспорт: доступность","value":100},{"label":"Зелёные зоны: доступность","value":32.143},{"label":"Экономика: активность ФНС","value":5.567},{"label":"Экономика: ККТ","value":0.485},{"label":"Экономика: медианный чек","value":0}]},"geometry":{"type":"Polygon","coordinates":[[[41.420333,52.716281],[41.420339,52.716282],[41.422237,52.716671],[41.422269,52.716677],[41.422263,52.716689],[41.421759,52.717728],[41.421759,52.717729],[41.421311,52.718729],[41.421254,52.718721],[41.421251,52.71872],[41.420631,52.718632],[41.420036,52.718544],[41.419396,52.718436],[41.418951,52.718355],[41.419126,52.717995],[41.419462,52.717301],[41.419716,52.716806],[41.420023,52.716207],[41.420146,52.716237],[41.420333,52.716281]]]}},{"type":"Feature","id":"939","properties":{"id":"939","city":"tambov","baseScore":53.7658162821126,"baseScoreNoCommerce":56.154505330409634,"baseRank":103,"population":183.97647375668947,"blocks":{"housing":0.6195578396198973,"infra":0.5771674269005848,"transport":1,"work":0.611,"green":0,"commerce":0.41822371040627404},"indicators":[{"label":"Жильё: плотность","value":29.579},{"label":"Жильё: обеспеченность","value":37.197},{"label":"Коммерческая инфраструктура: разнообразие","value":0.08333333333333333},{"label":"Коммерческая инфраструктура: полнота корзины","value":100},{"label":"Транспорт: доступность","value":100},{"label":"Крупные работодатели: обеспеченность","value":0.611},{"label":"Крупные работодатели: плотность","value":0.005},{"label":"Экономика: активность ФНС","value":10},{"label":"Экономика: ККТ","value":6.968},{"label":"Экономика: медианный чек","value":0}]},"geometry":{"type":"Polygon","coordinates":[[[41.43444,52.703098],[41.431559,52.703876],[41.430013,52.704219],[41.429175,52.703687],[41.428482,52.703249],[41.428491,52.703244],[41.428492,52.703243],[41.428559,52.703203],[41.430915,52.701788],[41.431526,52.701421],[41.432218,52.701858],[41.432218,52.701858],[41.43444,52.703098]]]}},{"type":"Feature","id":"948","properties":{"id":"948","city":"tambov","baseScore":41.25909998083153,"baseScoreNoCommerce":39.14051078437877,"baseRank":220,"population":92.9869915706543,"blocks":{"housing":0.39562203044700867,"infra":0.5614035087719298,"transport":1,"work":0,"green":0,"commerce":0.5185204596309536},"indicators":[{"label":"Жильё: плотность","value":30.523},{"label":"Жильё: обеспеченность","value":46.05},{"label":"Жильё: износ","value":100},{"label":"Жильё: этажность","value":3},{"label":"Коммерческая инфраструктура: разнообразие","value":0},{"label":"Коммерческая инфраструктура: полнота корзины","value":100},{"label":"Транспорт: доступность","value":100},{"label":"Экономика: активность ФНС","value":9},{"label":"Экономика: ККТ","value":1.78},{"label":"Экономика: медианный чек","value":303}]},"geometry":{"type":"Polygon","coordinates":[[[41.424635,52.705621],[41.426892,52.704216],[41.42834,52.703298],[41.429929,52.704263],[41.429838,52.704353],[41.427731,52.704958],[41.42703,52.705049],[41.425022,52.705615],[41.424875,52.705638],[41.424742,52.705644],[41.424601,52.705642],[41.424635,52.705621]]]}},{"type":"Feature","id":"958","properties":{"id":"958","city":"tambov","baseScore":52.05686975886766,"baseScoreNoCommerce":45.0842514618852,"baseRank":113,"population":1239.8220205843506,"blocks":{"housing":0.32101309941004985,"infra":0.7388794736842105,"transport":1,"work":0.029,"green":0.16532,"commerce":0.8691996124377994},"indicators":[{"label":"Жильё: плотность","value":162.327},{"label":"Жильё: обеспеченность","value":8.927},{"label":"Жильё: износ","value":39.362},{"label":"Жильё: этажность","value":6.8},{"label":"Коммерческая инфраструктура: разнообразие","value":0.25},{"label":"Коммерческая инфраструктура: полнота корзины","value":100},{"label":"Транспорт: доступность","value":100},{"label":"Крупные работодатели: обеспеченность","value":0.029},{"label":"Крупные работодатели: плотность","value":0},{"label":"Зелёные зоны: доступность","value":16.532},{"label":"Экономика: активность ФНС","value":9.445},{"label":"Экономика: ККТ","value":36.507},{"label":"Экономика: медианный чек","value":448.587}]},"geometry":{"type":"Polygon","coordinates":[[[41.424943,52.75634],[41.424983,52.756309],[41.425061,52.756249],[41.426029,52.755499],[41.42603,52.755498],[41.427141,52.754632],[41.427142,52.754631],[41.427214,52.754573],[41.427295,52.75461],[41.427297,52.754611],[41.427546,52.754724],[41.42903,52.7554],[41.429879,52.755787],[41.430479,52.75606],[41.430833,52.756223],[41.430833,52.756223],[41.430875,52.756242],[41.430775,52.756322],[41.430775,52.756322],[41.430289,52.756711],[41.430287,52.756713],[41.430284,52.756715],[41.430101,52.756872],[41.430066,52.756915],[41.430055,52.756963],[41.430057,52.756969],[41.429153,52.757423],[41.429138,52.757432],[41.428904,52.757589],[41.428895,52.757596],[41.428857,52.757627],[41.428561,52.757869],[41.42846,52.757952],[41.428448,52.757961],[41.424943,52.75634]]]}},{"type":"Feature","id":"959","properties":{"id":"959","city":"tambov","baseScore":47.5756413792362,"baseScoreNoCommerce":49.22627886491033,"baseRank":149,"population":796.8899321732422,"blocks":{"housing":0.2738942746295323,"infra":0.7119996686159844,"transport":0.48934,"work":0.099,"green":0.88708,"commerce":0.39322453950865544},"indicators":[{"label":"Жильё: плотность","value":99.902},{"label":"Жильё: обеспеченность","value":10.372},{"label":"Жильё: износ","value":49.34},{"label":"Жильё: этажность","value":3.636364},{"label":"Коммерческая инфраструктура: разнообразие","value":0.23611111111111108},{"label":"Коммерческая инфраструктура: полнота корзины","value":100},{"label":"Транспорт: доступность","value":48.934},{"label":"Крупные работодатели: обеспеченность","value":0.099},{"label":"Крупные работодатели: плотность","value":0.001},{"label":"Зелёные зоны: доступность","value":88.708},{"label":"Экономика: активность ФНС","value":7.362},{"label":"Экономика: ККТ","value":6.896},{"label":"Экономика: медианный чек","value":0}]},"geometry":{"type":"Polygon","coordinates":[[[41.428357,52.752924],[41.428417,52.752849],[41.428418,52.752847],[41.42842,52.752846],[41.42851,52.752722],[41.428923,52.752153],[41.42989,52.752241],[41.430198,52.752269],[41.431324,52.752372],[41.431718,52.752407],[41.433014,52.752525],[41.43462,52.752672],[41.435668,52.752767],[41.434955,52.753308],[41.434953,52.75331],[41.434589,52.753598],[41.433812,52.754214],[41.43381,52.754215],[41.432872,52.754988],[41.428357,52.752924]]]}},{"type":"Feature","id":"960","properties":{"id":"960","city":"tambov","baseScore":45.86264809714527,"baseScoreNoCommerce":51.805050583406064,"baseRank":171,"population":126.98026290080567,"blocks":{"housing":0.6665858625036363,"infra":0.6666666666666666,"transport":1,"work":0.257,"green":0,"commerce":0.16150635665841329},"indicators":[{"label":"Жильё: плотность","value":35.813},{"label":"Жильё: обеспеченность","value":39.622},{"label":"Коммерческая инфраструктура: разнообразие","value":0},{"label":"Коммерческая инфраструктура: полнота корзины","value":100},{"label":"Транспорт: доступность","value":100},{"label":"Крупные работодатели: обеспеченность","value":0.257},{"label":"Крупные работодатели: плотность","value":0.001},{"label":"Экономика: активность ФНС","value":5},{"label":"Экономика: ККТ","value":0.988},{"label":"Экономика: медианный чек","value":0}]},"geometry":{"type":"Polygon","coordinates":[[[41.424083,52.752741],[41.424082,52.752741],[41.422824,52.752166],[41.42218,52.751861],[41.422178,52.75186],[41.421501,52.751547],[41.421963,52.751182],[41.423191,52.750178],[41.425268,52.751863],[41.424583,52.752401],[41.424137,52.752766],[41.424083,52.752741]]]}},{"type":"Feature","id":"963","properties":{"id":"963","city":"tambov","baseScore":37.11084148037764,"baseScoreNoCommerce":44.53300977645316,"baseRank":277,"population":79.98841799545899,"blocks":{"housing":0.5257732958402017,"infra":0.6633771929824562,"transport":1,"work":0,"green":0.0375,"commerce":0},"indicators":[{"label":"Жильё: плотность","value":37.362},{"label":"Жильё: обеспеченность","value":32.361},{"label":"Коммерческая инфраструктура: разнообразие","value":0},{"label":"Коммерческая инфраструктура: полнота корзины","value":100},{"label":"Транспорт: доступность","value":100},{"label":"Зелёные зоны: доступность","value":3.75}]},"geometry":{"type":"Polygon","coordinates":[[[41.426776,52.752548],[41.426775,52.752548],[41.426726,52.752542],[41.426683,52.752534],[41.426683,52.752534],[41.426683,52.752534],[41.426501,52.752498],[41.426424,52.752476],[41.426293,52.75239],[41.425654,52.751892],[41.42727,52.751036],[41.427984,52.751622],[41.427985,52.751623],[41.428659,52.752071],[41.428239,52.75265],[41.428196,52.752708],[41.427441,52.752623],[41.427441,52.752623],[41.427441,52.752623],[41.426776,52.752548],[41.426776,52.752548]]]}},{"type":"Feature","id":"965","properties":{"id":"965","city":"tambov","baseScore":37.20713877845653,"baseScoreNoCommerce":44.64856653414784,"baseRank":275,"population":132.98054229506837,"blocks":{"housing":0.5657616600407254,"infra":0.6666666666666666,"transport":1,"work":0,"green":0,"commerce":0},"indicators":[{"label":"Жильё: плотность","value":41.261},{"label":"Жильё: обеспеченность","value":34.423},{"label":"Коммерческая инфраструктура: разнообразие","value":0},{"label":"Коммерческая инфраструктура: полнота корзины","value":100},{"label":"Транспорт: доступность","value":100}]},"geometry":{"type":"Polygon","coordinates":[[[41.425504,52.751732],[41.423438,52.750043],[41.424002,52.74976],[41.424953,52.749254],[41.427095,52.750889],[41.426073,52.751426],[41.426076,52.751428],[41.426079,52.751431],[41.425505,52.751732],[41.425504,52.751732]]]}},{"type":"Feature","id":"968","properties":{"id":"968","city":"tambov","baseScore":43.33468150715638,"baseScoreNoCommerce":45.61705291056596,"baseRank":196,"population":107.98352042983399,"blocks":{"housing":0.6141859788616311,"infra":0.6666666666666666,"transport":1,"work":0,"green":0,"commerce":0.3192282449010849},"indicators":[{"label":"Жильё: плотность","value":38.566},{"label":"Жильё: обеспеченность","value":36.92},{"label":"Коммерческая инфраструктура: разнообразие","value":0},{"label":"Коммерческая инфраструктура: полнота корзины","value":100},{"label":"Транспорт: доступность","value":100},{"label":"Экономика: активность ФНС","value":8},{"label":"Экономика: ККТ","value":1.9},{"label":"Экономика: медианный чек","value":0}]},"geometry":{"type":"Polygon","coordinates":[[[41.421607,52.74856],[41.421605,52.748558],[41.421358,52.748367],[41.423023,52.747668],[41.424778,52.749099],[41.42326,52.749899],[41.421953,52.748846],[41.421607,52.74856]]]}},{"type":"Feature","id":"971","properties":{"id":"971","city":"tambov","baseScore":39.92658025392859,"baseScoreNoCommerce":45.16208397100577,"baseRank":231,"population":268.9619261267578,"blocks":{"housing":0.6370891108309901,"infra":0.6210150877192983,"transport":1,"work":0,"green":0,"commerce":0.1374906166854268},"indicators":[{"label":"Жильё: плотность","value":36.866},{"label":"Жильё: обеспеченность","value":38.101},{"label":"Коммерческая инфраструктура: разнообразие","value":0},{"label":"Коммерческая инфраструктура: полнота корзины","value":90.335},{"label":"Транспорт: доступность","value":100},{"label":"Экономика: активность ФНС","value":5.586},{"label":"Экономика: ККТ","value":0.256},{"label":"Экономика: медианный чек","value":0}]},"geometry":{"type":"Polygon","coordinates":[[[41.427321,52.75077],[41.427313,52.750763],[41.425177,52.749115],[41.42523,52.749081],[41.428698,52.747314],[41.430831,52.749005],[41.427322,52.750771],[41.427321,52.75077]]]}},{"type":"Feature","id":"974","properties":{"id":"974","city":"tambov","baseScore":40.365400828952886,"baseScoreNoCommerce":43.87131110147131,"baseRank":227,"population":264.9643972694824,"blocks":{"housing":0.5334529234946185,"infra":0.6601126315789473,"transport":1,"work":0,"green":0,"commerce":0.22835849466360733},"indicators":[{"label":"Жильё: плотность","value":44.577},{"label":"Жильё: обеспеченность","value":32.757},{"label":"Коммерческая инфраструктура: разнообразие","value":0},{"label":"Коммерческая инфраструктура: полнота корзины","value":100},{"label":"Транспорт: доступность","value":100},{"label":"Экономика: активность ФНС","value":7},{"label":"Экономика: ККТ","value":0.755},{"label":"Экономика: медианный чек","value":0}]},"geometry":{"type":"Polygon","coordinates":[[[41.423261,52.747561],[41.425109,52.746682],[41.426878,52.745854],[41.426942,52.745824],[41.428522,52.747168],[41.424991,52.748972],[41.423261,52.747561]]]}},{"type":"Feature","id":"975","properties":{"id":"975","city":"tambov","baseScore":40.164064822533526,"baseScoreNoCommerce":39.27729798073781,"baseRank":229,"population":559.9182607320557,"blocks":{"housing":0.26290897311096484,"infra":0.6629559259259259,"transport":1,"work":0.038,"green":0,"commerce":0.4459789903151208},"indicators":[{"label":"Жильё: плотность","value":132.877},{"label":"Жильё: обеспеченность","value":11.707},{"label":"Жильё: износ","value":53.246},{"label":"Жильё: этажность","value":4.857143},{"label":"Коммерческая инфраструктура: разнообразие","value":0.027777777777777776},{"label":"Коммерческая инфраструктура: полнота корзины","value":100},{"label":"Транспорт: доступность","value":100},{"label":"Крупные работодатели: обеспеченность","value":0.038},{"label":"Крупные работодатели: плотность","value":0.001},{"label":"Экономика: активность ФНС","value":6.719},{"label":"Экономика: ККТ","value":2.724},{"label":"Экономика: медианный чек","value":184.806}]},"geometry":{"type":"Polygon","coordinates":[[[41.42281,52.747208],[41.422809,52.747207],[41.421933,52.746536],[41.421921,52.746523],[41.422216,52.746369],[41.423316,52.745794],[41.423444,52.745727],[41.423928,52.745477],[41.424293,52.74529],[41.424295,52.745288],[41.42545,52.744677],[41.426244,52.745293],[41.426314,52.745348],[41.426553,52.745543],[41.426561,52.745549],[41.426755,52.745685],[41.426697,52.745712],[41.424927,52.74654],[41.424926,52.74654],[41.42308,52.747419],[41.42281,52.747208]]]}},{"type":"Feature","id":"979","properties":{"id":"979","city":"tambov","baseScore":42.356770496000664,"baseScoreNoCommerce":45.14917809407646,"baseRank":206,"population":273.9639823449707,"blocks":{"housing":0.625879957335402,"infra":0.6315789473684211,"transport":1,"work":0,"green":0,"commerce":0.28394732505621667},"indicators":[{"label":"Жильё: плотность","value":37.495},{"label":"Жильё: обеспеченность","value":37.523},{"label":"Коммерческая инфраструктура: разнообразие","value":0},{"label":"Коммерческая инфраструктура: полнота корзины","value":100},{"label":"Транспорт: доступность","value":100},{"label":"Экономика: активность ФНС","value":6.35},{"label":"Экономика: ККТ","value":1.939},{"label":"Экономика: медианный чек","value":0}]},"geometry":{"type":"Polygon","coordinates":[[[41.428925,52.747197],[41.432492,52.745473],[41.434663,52.74708],[41.431061,52.748891],[41.428925,52.747197]]]}},{"type":"Feature","id":"982","properties":{"id":"982","city":"tambov","baseScore":38.757411094121636,"baseScoreNoCommerce":43.707849749305204,"baseRank":251,"population":235.9654431524414,"blocks":{"housing":0.5480895050091201,"infra":0.6373029824561404,"transport":1,"work":0,"green":0,"commerce":0.1400521781820378},"indicators":[{"label":"Жильё: плотность","value":44.116},{"label":"Жильё: обеспеченность","value":34.172},{"label":"Жильё: износ","value":42.253},{"label":"Жильё: этажность","value":1.571429},{"label":"Коммерческая инфраструктура: разнообразие","value":0},{"label":"Коммерческая инфраструктура: полнота корзины","value":100},{"label":"Транспорт: доступность","value":100},{"label":"Экономика: активность ФНС","value":7},{"label":"Экономика: ККТ","value":0.001},{"label":"Экономика: медианный чек","value":0}]},"geometry":{"type":"Polygon","coordinates":[[[41.427177,52.745716],[41.427199,52.745706],[41.427476,52.74558],[41.429377,52.744727],[41.429378,52.744727],[41.429886,52.744495],[41.430476,52.744245],[41.430477,52.744244],[41.430715,52.744141],[41.430721,52.744138],[41.432306,52.745333],[41.42875,52.747052],[41.427177,52.745716]]]}},{"type":"Feature","id":"983","properties":{"id":"983","city":"tambov","baseScore":37.33684054958314,"baseScoreNoCommerce":37.83808531950369,"baseRank":272,"population":444.93679115031733,"blocks":{"housing":0.2344908156827869,"infra":0.6574134502923976,"transport":1,"work":0,"green":0,"commerce":0.3483061669998035},"indicators":[{"label":"Жильё: плотность","value":96.511},{"label":"Жильё: обеспеченность","value":13.012},{"label":"Жильё: износ","value":59.95},{"label":"Жильё: этажность","value":4.571429},{"label":"Коммерческая инфраструктура: разнообразие","value":0.041666666666666664},{"label":"Коммерческая инфраструктура: полнота корзины","value":100},{"label":"Транспорт: доступность","value":100},{"label":"Экономика: активность ФНС","value":5.717},{"label":"Экономика: ККТ","value":1.191},{"label":"Экономика: медианный чек","value":165.279}]},"geometry":{"type":"Polygon","coordinates":[[[41.426788,52.745433],[41.426551,52.74524],[41.426549,52.745238],[41.426478,52.745183],[41.425678,52.744562],[41.426082,52.74435],[41.426813,52.743966],[41.426813,52.743965],[41.426915,52.743912],[41.427137,52.743796],[41.428284,52.743198],[41.428284,52.743198],[41.428284,52.743198],[41.428969,52.742841],[41.429014,52.742817],[41.429036,52.742806],[41.429866,52.74347],[41.429867,52.74347],[41.430536,52.743997],[41.430305,52.744098],[41.429714,52.744349],[41.42971,52.744351],[41.429201,52.744583],[41.427299,52.745436],[41.427299,52.745436],[41.427022,52.745562],[41.426992,52.745576],[41.426788,52.745433]]]}},{"type":"Feature","id":"984","properties":{"id":"984","city":"tambov","baseScore":47.20197113409827,"baseScoreNoCommerce":43.34118166316402,"baseRank":155,"population":484.9303102222412,"blocks":{"housing":0.24748060362603752,"infra":0.6655784795321638,"transport":1,"work":0.254,"green":0,"commerce":0.6650591848876946},"indicators":[{"label":"Жильё: плотность","value":158.499},{"label":"Жильё: обеспеченность","value":15.01},{"label":"Жильё: износ","value":60.992},{"label":"Жильё: этажность","value":5.375},{"label":"Коммерческая инфраструктура: разнообразие","value":0.08333333333333333},{"label":"Коммерческая инфраструктура: полнота корзины","value":100},{"label":"Транспорт: доступность","value":100},{"label":"Крупные работодатели: обеспеченность","value":0.254},{"label":"Крупные работодатели: плотность","value":0.005},{"label":"Экономика: активность ФНС","value":7.52},{"label":"Экономика: ККТ","value":5.912},{"label":"Экономика: медианный чек","value":148.668}]},"geometry":{"type":"Polygon","coordinates":[[[41.426809,52.743564],[41.426809,52.743564],[41.426586,52.743681],[41.426584,52.743681],[41.426483,52.743735],[41.425752,52.744119],[41.425354,52.744328],[41.425147,52.744164],[41.425141,52.74416],[41.424305,52.743582],[41.424312,52.743577],[41.424553,52.743463],[41.424822,52.743339],[41.424823,52.743338],[41.425965,52.742804],[41.426162,52.742715],[41.426164,52.742714],[41.42737,52.742155],[41.427663,52.742021],[41.427665,52.742021],[41.427925,52.741899],[41.427933,52.741896],[41.427943,52.741902],[41.42859,52.742434],[41.428594,52.742437],[41.428712,52.742525],[41.428749,52.742553],[41.428686,52.742585],[41.428641,52.742609],[41.427956,52.742966],[41.426809,52.743564]]]}},{"type":"Feature","id":"985","properties":{"id":"985","city":"tambov","baseScore":43.76975331929895,"baseScoreNoCommerce":37.41126053891805,"baseRank":191,"population":313.95688088935543,"blocks":{"housing":0.16774910881724772,"infra":0.651813918128655,"transport":1,"work":0.051,"green":0,"commerce":0.755622172212034},"indicators":[{"label":"Жильё: плотность","value":181.754},{"label":"Жильё: обеспеченность","value":13.031},{"label":"Жильё: износ","value":70.874},{"label":"Жильё: этажность","value":4.75},{"label":"Коммерческая инфраструктура: разнообразие","value":0.08333333333333333},{"label":"Коммерческая инфраструктура: полнота корзины","value":100},{"label":"Транспорт: доступность","value":100},{"label":"Крупные работодатели: обеспеченность","value":0.051},{"label":"Крупные работодатели: плотность","value":0.001},{"label":"Экономика: активность ФНС","value":8.925},{"label":"Экономика: ККТ","value":4.611},{"label":"Экономика: медианный чек","value":111.505}]},"geometry":{"type":"Polygon","coordinates":[[[41.428183,52.74178],[41.428185,52.741779],[41.428452,52.741649],[41.428705,52.741532],[41.430042,52.740931],[41.430048,52.740928],[41.430331,52.740788],[41.430334,52.740786],[41.430566,52.740664],[41.43112,52.741105],[41.43112,52.741106],[41.431283,52.741233],[41.431278,52.741235],[41.431277,52.741236],[41.431091,52.741329],[41.431089,52.74133],[41.431087,52.741331],[41.429144,52.742346],[41.429034,52.742404],[41.428973,52.742436],[41.428942,52.742412],[41.428826,52.742325],[41.428179,52.741794],[41.428175,52.741791],[41.428169,52.741786],[41.428183,52.74178]]]}},{"type":"Feature","id":"993","properties":{"id":"993","city":"tambov","baseScore":45.68931494946777,"baseScoreNoCommerce":39.996166780729546,"baseRank":173,"population":533.922192417627,"blocks":{"housing":0.2523189628181537,"infra":0.7474893762183236,"transport":1,"work":0,"green":0,"commerce":0.7415505579315891},"indicators":[{"label":"Жильё: плотность","value":145.506},{"label":"Жильё: обеспеченность","value":12.873},{"label":"Жильё: износ","value":56.82},{"label":"Жильё: этажность","value":4.444444},{"label":"Коммерческая инфраструктура: разнообразие","value":0.3194444444444444},{"label":"Коммерческая инфраструктура: полнота корзины","value":100},{"label":"Транспорт: доступность","value":100},{"label":"Экономика: активность ФНС","value":8.444},{"label":"Экономика: ККТ","value":10.673},{"label":"Экономика: медианный чек","value":69.843}]},"geometry":{"type":"Polygon","coordinates":[[[41.422321,52.744519],[41.422948,52.744233],[41.422955,52.744229],[41.423208,52.744098],[41.423757,52.743854],[41.42409,52.743705],[41.424916,52.744276],[41.425126,52.744443],[41.423966,52.745058],[41.423603,52.745245],[41.423118,52.745494],[41.423116,52.745495],[41.422987,52.745562],[41.422987,52.745562],[41.422987,52.745562],[41.421888,52.746137],[41.421589,52.746293],[41.421395,52.746143],[41.420855,52.745704],[41.420491,52.745387],[41.421409,52.74494],[41.421634,52.744839],[41.421636,52.744838],[41.421994,52.744671],[41.422321,52.744519]]]}},{"type":"Feature","id":"995","properties":{"id":"995","city":"tambov","baseScore":43.55461702414412,"baseScoreNoCommerce":50.008948929387365,"baseRank":192,"population":164.9746988394531,"blocks":{"housing":0.7418113061184912,"infra":0.6313661403508771,"transport":1,"work":0,"green":0.12727,"commerce":0.11282957497927874},"indicators":[{"label":"Жильё: плотность","value":36.184},{"label":"Жильё: обеспеченность","value":43.501},{"label":"Коммерческая инфраструктура: разнообразие","value":0},{"label":"Коммерческая инфраструктура: полнота корзины","value":100},{"label":"Транспорт: доступность","value":100},{"label":"Зелёные зоны: доступность","value":12.727},{"label":"Экономика: активность ФНС","value":3},{"label":"Экономика: ККТ","value":0.912},{"label":"Экономика: медианный чек","value":0}]},"geometry":{"type":"Polygon","coordinates":[[[41.414655,52.743066],[41.417341,52.741843],[41.417351,52.74185],[41.41915,52.743255],[41.419178,52.743278],[41.416473,52.744485],[41.414655,52.743066]]]}},{"type":"Feature","id":"996","properties":{"id":"996","city":"tambov","baseScore":31.479854258266,"baseScoreNoCommerce":33.867990309624545,"baseRank":333,"population":179.97268709013673,"blocks":{"housing":0.6343353049549114,"infra":0.47017421052631575,"transport":0.58889,"work":0,"green":0,"commerce":0.19539174001473258},"indicators":[{"label":"Жильё: плотность","value":40.481},{"label":"Жильё: обеспеченность","value":37.959},{"label":"Коммерческая инфраструктура: разнообразие","value":0},{"label":"Коммерческая инфраструктура: полнота корзины","value":53.333},{"label":"Транспорт: доступность","value":58.889},{"label":"Экономика: активность ФНС","value":8},{"label":"Экономика: ККТ","value":0.311},{"label":"Экономика: медианный чек","value":0}]},"geometry":{"type":"Polygon","coordinates":[[[41.42003,52.740628],[41.420258,52.74069],[41.421912,52.742012],[41.419333,52.743208],[41.419303,52.743184],[41.419303,52.743184],[41.417502,52.741778],[41.4175,52.741776],[41.417484,52.741765],[41.417501,52.741753],[41.417694,52.741662],[41.417862,52.741583],[41.418008,52.741517],[41.42003,52.740628]]]}},{"type":"Feature","id":"998","properties":{"id":"998","city":"tambov","baseScore":45.91804551769385,"baseScoreNoCommerce":55.10165462123261,"baseRank":169,"population":168.9762469515869,"blocks":{"housing":0.5953165907107535,"infra":0.6331361403508772,"transport":1,"work":0,"green":0.52663,"commerce":0},"indicators":[{"label":"Жильё: плотность","value":37.111},{"label":"Жильё: обеспеченность","value":35.947},{"label":"Коммерческая инфраструктура: разнообразие","value":0},{"label":"Коммерческая инфраструктура: полнота корзины","value":100},{"label":"Транспорт: доступность","value":100},{"label":"Зелёные зоны: доступность","value":52.663}]},"geometry":{"type":"Polygon","coordinates":[[[41.41848,52.746082],[41.416652,52.744628],[41.419357,52.743421],[41.4194,52.743455],[41.42007,52.744004],[41.420072,52.744005],[41.421152,52.744835],[41.41848,52.746082]]]}},{"type":"Feature","id":"999","properties":{"id":"999","city":"tambov","baseScore":39.76029559492071,"baseScoreNoCommerce":45.359029550167485,"baseRank":233,"population":175.9757668942383,"blocks":{"housing":0.6228158634732862,"infra":0.6451356140350878,"transport":1,"work":0,"green":0,"commerce":0.11766625818686857},"indicators":[{"label":"Жильё: плотность","value":40.334},{"label":"Жильё: обеспеченность","value":37.365},{"label":"Коммерческая инфраструктура: разнообразие","value":0},{"label":"Коммерческая инфраструктура: полнота корзины","value":100},{"label":"Транспорт: доступность","value":100},{"label":"Экономика: активность ФНС","value":3},{"label":"Экономика: ККТ","value":1},{"label":"Экономика: медианный чек","value":0}]},"geometry":{"type":"Polygon","coordinates":[[[41.421304,52.744764],[41.420224,52.743933],[41.419554,52.743386],[41.419554,52.743385],[41.419512,52.743352],[41.420267,52.743018],[41.422093,52.742154],[41.423899,52.743568],[41.422063,52.744412],[41.421814,52.744529],[41.421457,52.744695],[41.421304,52.744764]]]}},{"type":"Feature","id":"1001","properties":{"id":"1001","city":"tambov","baseScore":59.181807000625376,"baseScoreNoCommerce":53.85009746588694,"baseRank":64,"population":284.9583915376953,"blocks":{"housing":0,"infra":0.682504873294347,"transport":1,"work":0.01,"green":1,"commerce":0.8584035467431761},"indicators":[{"label":"Жильё: плотность","value":146.888},{"label":"Жильё: обеспеченность","value":4.354},{"label":"Коммерческая инфраструктура: разнообразие","value":0.15277777777777776},{"label":"Коммерческая инфраструктура: полнота корзины","value":100},{"label":"Транспорт: доступность","value":100},{"label":"Крупные работодатели: обеспеченность","value":0.01},{"label":"Крупные работодатели: плотность","value":0},{"label":"Зелёные зоны: доступность","value":100},{"label":"Экономика: активность ФНС","value":9.96},{"label":"Экономика: ККТ","value":10.158},{"label":"Экономика: медианный чек","value":83.887}]},"geometry":{"type":"Polygon","coordinates":[[[41.420736,52.745757],[41.421277,52.746198],[41.421278,52.746199],[41.421479,52.746353],[41.420009,52.747234],[41.419949,52.74727],[41.419135,52.746603],[41.419134,52.746603],[41.418673,52.74623],[41.418672,52.74623],[41.418664,52.746223],[41.418819,52.746153],[41.419058,52.746047],[41.419058,52.746046],[41.419489,52.745852],[41.419491,52.745851],[41.419883,52.74567],[41.420374,52.745442],[41.420734,52.745756],[41.420736,52.745757]]]}},{"type":"Feature","id":"1010","properties":{"id":"1010","city":"tambov","baseScore":38.809838310640686,"baseScoreNoCommerce":38.450852913570124,"baseRank":249,"population":642.9113748896485,"blocks":{"housing":0.23970923437246355,"infra":0.6828334113060429,"transport":1,"work":0,"green":0,"commerce":0.4060476529599349},"indicators":[{"label":"Жильё: плотность","value":177.02},{"label":"Жильё: обеспеченность","value":12.296},{"label":"Жильё: износ","value":57.965},{"label":"Жильё: этажность","value":4.6},{"label":"Коммерческая инфраструктура: разнообразие","value":0.19444444444444442},{"label":"Коммерческая инфраструктура: полнота корзины","value":100},{"label":"Транспорт: доступность","value":100},{"label":"Экономика: активность ФНС","value":6.858},{"label":"Экономика: ККТ","value":3.838},{"label":"Экономика: медианный чек","value":0}]},"geometry":{"type":"Polygon","coordinates":[[[41.431414,52.741564],[41.431597,52.741471],[41.431604,52.741468],[41.432473,52.742168],[41.432476,52.74217],[41.432512,52.742197],[41.432872,52.742466],[41.433212,52.742722],[41.433236,52.742739],[41.43323,52.742743],[41.43298,52.742864],[41.432919,52.742893],[41.43269,52.743002],[41.431315,52.74364],[41.43105,52.743763],[41.430775,52.743891],[41.430102,52.743361],[41.429268,52.742693],[41.429268,52.742693],[41.429261,52.742688],[41.429281,52.742678],[41.429363,52.742635],[41.429472,52.742578],[41.429472,52.742578],[41.429472,52.742578],[41.431414,52.741564]]]}},{"type":"Feature","id":"1011","properties":{"id":"1011","city":"tambov","baseScore":41.26294047128694,"baseScoreNoCommerce":43.00699280334533,"baseRank":219,"population":206.97178745786135,"blocks":{"housing":0.49133186238948845,"infra":0.6590177777777778,"transport":1,"work":0,"green":0,"commerce":0.32542678810995024},"indicators":[{"label":"Жильё: плотность","value":60.066},{"label":"Жильё: обеспеченность","value":37.844},{"label":"Жильё: износ","value":57.329},{"label":"Жильё: этажность","value":2.266667},{"label":"Коммерческая инфраструктура: разнообразие","value":0.08333333333333333},{"label":"Коммерческая инфраструктура: полнота корзины","value":100},{"label":"Транспорт: доступность","value":100},{"label":"Экономика: активность ФНС","value":8.854},{"label":"Экономика: ККТ","value":2.032},{"label":"Экономика: медианный чек","value":0}]},"geometry":{"type":"Polygon","coordinates":[[[41.430959,52.744031],[41.431229,52.743906],[41.431495,52.743782],[41.43287,52.743144],[41.432871,52.743144],[41.433101,52.743035],[41.433163,52.743006],[41.433165,52.743005],[41.433415,52.742883],[41.433426,52.742877],[41.433527,52.742949],[41.434892,52.743995],[41.432536,52.74522],[41.430959,52.744031]]]}},{"type":"Feature","id":"1013","properties":{"id":"1013","city":"tambov","baseScore":36.322499901058855,"baseScoreNoCommerce":39.65418328833822,"baseRank":286,"population":615.9174356256103,"blocks":{"housing":0.2939921468730513,"infra":0.6777170175438596,"transport":1,"work":0.011,"green":0,"commerce":0.19664082964662064},"indicators":[{"label":"Жильё: плотность","value":126.925},{"label":"Жильё: обеспеченность","value":13.63},{"label":"Жильё: износ","value":51.216},{"label":"Жильё: этажность","value":4.428571},{"label":"Коммерческая инфраструктура: разнообразие","value":0.125},{"label":"Коммерческая инфраструктура: полнота корзины","value":100},{"label":"Транспорт: доступность","value":100},{"label":"Крупные работодатели: обеспеченность","value":0.011},{"label":"Крупные работодатели: плотность","value":0},{"label":"Экономика: активность ФНС","value":6.304},{"label":"Экономика: ККТ","value":0.895},{"label":"Экономика: медианный чек","value":0}]},"geometry":{"type":"Polygon","coordinates":[[[41.434892,52.746965],[41.433667,52.746059],[41.432722,52.74536],[41.432956,52.745243],[41.432958,52.745242],[41.433008,52.745215],[41.433499,52.744961],[41.433813,52.744798],[41.433973,52.744715],[41.434468,52.744459],[41.434583,52.744399],[41.434585,52.744398],[41.435076,52.744136],[41.435251,52.74427],[41.435689,52.744608],[41.437285,52.745764],[41.434892,52.746965]]]}},{"type":"Feature","id":"1014","properties":{"id":"1014","city":"tambov","baseScore":41.82170026165431,"baseScoreNoCommerce":45.53046995825969,"baseRank":215,"population":196.97057966474608,"blocks":{"housing":0.5948511587316979,"infra":0.6616723391812865,"transport":1,"work":0.02,"green":0,"commerce":0.23277851778627418},"indicators":[{"label":"Жильё: плотность","value":37.082},{"label":"Жильё: обеспеченность","value":35.923},{"label":"Коммерческая инфраструктура: разнообразие","value":0.08333333333333333},{"label":"Коммерческая инфраструктура: полнота корзины","value":100},{"label":"Транспорт: доступность","value":100},{"label":"Крупные работодатели: обеспеченность","value":0.02},{"label":"Крупные работодатели: плотность","value":0},{"label":"Экономика: активность ФНС","value":4.518},{"label":"Экономика: ККТ","value":2.334},{"label":"Экономика: медианный чек","value":0}]},"geometry":{"type":"Polygon","coordinates":[[[41.429855,52.749731],[41.429863,52.749733],[41.429951,52.749755],[41.429979,52.74976],[41.430578,52.749816],[41.431796,52.749882],[41.431221,52.752181],[41.429002,52.751978],[41.428845,52.751923],[41.428206,52.751503],[41.428147,52.751459],[41.427541,52.750954],[41.427537,52.750951],[41.427494,52.750918],[41.428194,52.750565],[41.428195,52.750564],[41.42923,52.750028],[41.429827,52.749723],[41.429855,52.749731]]]}},{"type":"Feature","id":"1021","properties":{"id":"1021","city":"tambov","baseScore":51.80307479523072,"baseScoreNoCommerce":44.87108958424984,"baseRank":117,"population":169.97900950078122,"blocks":{"housing":0.24409833886161497,"infra":0.7324561403508771,"transport":1,"work":0.267,"green":0,"commerce":0.8646300085013513},"indicators":[{"label":"Жильё: плотность","value":18.656},{"label":"Жильё: обеспеченность","value":18.08},{"label":"Жильё: износ","value":66.403},{"label":"Жильё: этажность","value":5.5},{"label":"Коммерческая инфраструктура: разнообразие","value":0.25},{"label":"Коммерческая инфраструктура: полнота корзины","value":100},{"label":"Транспорт: доступность","value":100},{"label":"Крупные работодатели: обеспеченность","value":0.267},{"label":"Крупные работодатели: плотность","value":0.001},{"label":"Экономика: активность ФНС","value":9.496},{"label":"Экономика: ККТ","value":33.656},{"label":"Экономика: медианный чек","value":407.881}]},"geometry":{"type":"Polygon","coordinates":[[[41.436091,52.73869],[41.435428,52.739029],[41.435385,52.739051],[41.435336,52.739014],[41.435079,52.73882],[41.435077,52.738818],[41.43382,52.73791],[41.433194,52.737433],[41.432842,52.737158],[41.432839,52.737155],[41.434019,52.736586],[41.43533,52.73597],[41.435331,52.735969],[41.436788,52.735275],[41.436794,52.735272],[41.436829,52.735253],[41.437627,52.735838],[41.438475,52.736459],[41.438538,52.736505],[41.438538,52.736505],[41.438538,52.736505],[41.43861,52.736558],[41.439054,52.736898],[41.439227,52.737038],[41.43778,52.737776],[41.437718,52.73782],[41.437683,52.737869],[41.437506,52.737963],[41.437219,52.738115],[41.436909,52.738279],[41.4367,52.738385],[41.436233,52.738616],[41.436227,52.738619],[41.436091,52.73869]]]}},{"type":"Feature","id":"1024","properties":{"id":"1024","city":"tambov","baseScore":32.501441868067495,"baseScoreNoCommerce":39.001730241680995,"baseRank":318,"population":100.98684788708498,"blocks":{"housing":0.5936487927858043,"infra":0.5742577192982455,"transport":0,"work":0,"green":0.78218,"commerce":0},"indicators":[{"label":"Жильё: плотность","value":33.215},{"label":"Жильё: обеспеченность","value":35.861},{"label":"Коммерческая инфраструктура: разнообразие","value":0},{"label":"Коммерческая инфраструктура: полнота корзины","value":89.109},{"label":"Зелёные зоны: доступность","value":78.218}]},"geometry":{"type":"Polygon","coordinates":[[[41.430418,52.73554],[41.429521,52.735964],[41.428597,52.735296],[41.429417,52.734879],[41.428567,52.734111],[41.429848,52.73353],[41.431746,52.734913],[41.430418,52.73554]]]}},{"type":"Feature","id":"1028","properties":{"id":"1028","city":"tambov","baseScore":31.305673667266227,"baseScoreNoCommerce":32.162289103686206,"baseRank":337,"population":125.98311296645505,"blocks":{"housing":0.7192960341316786,"infra":0.6189084210526316,"transport":0.2381,"work":0.008,"green":0.02381,"commerce":0.2702259648516633},"indicators":[{"label":"Жильё: плотность","value":32.611},{"label":"Жильё: обеспеченность","value":42.34},{"label":"Коммерческая инфраструктура: разнообразие","value":0},{"label":"Коммерческая инфраструктура: полнота корзины","value":100},{"label":"Транспорт: доступность","value":23.81},{"label":"Крупные работодатели: обеспеченность","value":0.008},{"label":"Крупные работодатели: плотность","value":0},{"label":"Зелёные зоны: доступность","value":2.381},{"label":"Экономика: активность ФНС","value":10},{"label":"Экономика: ККТ","value":0.428},{"label":"Экономика: медианный чек","value":0}]},"geometry":{"type":"Polygon","coordinates":[[[41.431562,52.73755],[41.429708,52.736103],[41.431915,52.735062],[41.433794,52.73643],[41.431562,52.73755]]]}},{"type":"Feature","id":"1029","properties":{"id":"1029","city":"tambov","baseScore":29.82565110873503,"baseScoreNoCommerce":23.970503954603117,"baseRank":344,"population":535.9268472297852,"blocks":{"housing":0.31144788778863575,"infra":0.7427773099415204,"transport":0,"work":0.079,"green":0.0653,"commerce":0.5910138687939458},"indicators":[{"label":"Жильё: плотность","value":116.057},{"label":"Жильё: обеспеченность","value":14.624},{"label":"Жильё: износ","value":49.94},{"label":"Жильё: этажность","value":5.5},{"label":"Коммерческая инфраструктура: разнообразие","value":0.2916666666666667},{"label":"Коммерческая инфраструктура: полнота корзины","value":100},{"label":"Крупные работодатели: обеспеченность","value":0.079},{"label":"Крупные работодатели: плотность","value":0.001},{"label":"Зелёные зоны: доступность","value":6.53},{"label":"Экономика: активность ФНС","value":7.007},{"label":"Экономика: ККТ","value":3.233},{"label":"Экономика: медианный чек","value":698.732}]},"geometry":{"type":"Polygon","coordinates":[[[41.433953,52.736357],[41.433937,52.736342],[41.43208,52.73498],[41.433177,52.734461],[41.434706,52.733696],[41.436641,52.735115],[41.435069,52.735865],[41.433974,52.73638],[41.433953,52.736357]]]}},{"type":"Feature","id":"1086","properties":{"id":"1086","city":"tambov","baseScore":37.83199883265016,"baseScoreNoCommerce":37.72983270994384,"baseRank":265,"population":629.9193352994872,"blocks":{"housing":0.2519126881287708,"infra":0.6315789473684211,"transport":1,"work":0.003,"green":0,"commerce":0.38342829446181764},"indicators":[{"label":"Жильё: плотность","value":187.909},{"label":"Жильё: обеспеченность","value":8.946},{"label":"Жильё: износ","value":50.671},{"label":"Жильё: этажность","value":6.857143},{"label":"Коммерческая инфраструктура: разнообразие","value":0},{"label":"Коммерческая инфраструктура: полнота корзины","value":100},{"label":"Транспорт: доступность","value":100},{"label":"Крупные работодатели: обеспеченность","value":0.003},{"label":"Крупные работодатели: плотность","value":0},{"label":"Экономика: активность ФНС","value":8.05},{"label":"Экономика: ККТ","value":2.623},{"label":"Экономика: медианный чек","value":0}]},"geometry":{"type":"Polygon","coordinates":[[[41.452617,52.744216],[41.453198,52.744592],[41.453199,52.744592],[41.453499,52.744784],[41.453607,52.744852],[41.453726,52.744932],[41.453729,52.744933],[41.453908,52.745046],[41.454159,52.745206],[41.454159,52.745206],[41.454656,52.745518],[41.455269,52.745924],[41.456025,52.746426],[41.456026,52.746426],[41.456328,52.746623],[41.456551,52.746768],[41.456554,52.74677],[41.456076,52.747051],[41.455558,52.746732],[41.45449,52.747305],[41.453262,52.746546],[41.454158,52.745977],[41.452095,52.744742],[41.45202,52.744526],[41.452617,52.744216]]]}},{"type":"Feature","id":"1088","properties":{"id":"1088","city":"tambov","baseScore":62.566930959435574,"baseScoreNoCommerce":61.362290436050316,"baseRank":39,"population":3895.5129337511717,"blocks":{"housing":0.3507438395413073,"infra":0.8279706822612086,"transport":0.8424,"work":0.047,"green":1,"commerce":0.6859013357636188},"indicators":[{"label":"Жильё: плотность","value":181.261},{"label":"Жильё: обеспеченность","value":8.568},{"label":"Жильё: износ","value":33.941},{"label":"Жильё: этажность","value":7.25},{"label":"Коммерческая инфраструктура: разнообразие","value":0.5138888888888888},{"label":"Коммерческая инфраструктура: полнота корзины","value":100},{"label":"Транспорт: доступность","value":84.24},{"label":"Крупные работодатели: обеспеченность","value":0.047},{"label":"Крупные работодатели: плотность","value":0.001},{"label":"Зелёные зоны: доступность","value":100},{"label":"Экономика: активность ФНС","value":8.569},{"label":"Экономика: ККТ","value":40.025},{"label":"Экономика: медианный чек","value":33.117}]},"geometry":{"type":"Polygon","coordinates":[[[41.457685,52.736331],[41.457228,52.736283],[41.456985,52.736257],[41.456683,52.736219],[41.456681,52.736219],[41.456579,52.736207],[41.456449,52.736191],[41.456151,52.736156],[41.45615,52.736156],[41.456062,52.736145],[41.454652,52.735977],[41.454305,52.735935],[41.454299,52.735934],[41.45423,52.735928],[41.453418,52.735837],[41.453416,52.735836],[41.453414,52.735836],[41.453393,52.735836],[41.453372,52.735836],[41.45337,52.735836],[41.453367,52.735836],[41.453347,52.73584],[41.453327,52.735844],[41.453326,52.735845],[41.453323,52.735845],[41.453306,52.735853],[41.453289,52.73586],[41.453288,52.735861],[41.453286,52.735862],[41.453274,52.735872],[41.453261,52.735882],[41.45326,52.735883],[41.453259,52.735884],[41.453253,52.735897],[41.453246,52.735909],[41.453246,52.73591],[41.453245,52.735911],[41.453161,52.736243],[41.453123,52.736253],[41.453002,52.736242],[41.452706,52.736208],[41.453335,52.733989],[41.453363,52.73389],[41.453773,52.732443],[41.453774,52.732443],[41.454338,52.73251],[41.454339,52.73251],[41.455397,52.732631],[41.455549,52.732651],[41.45555,52.732651],[41.45711,52.73284],[41.458636,52.733036],[41.458637,52.733037],[41.459018,52.733083],[41.459019,52.733083],[41.459019,52.733083],[41.459377,52.733126],[41.459378,52.733126],[41.459378,52.733126],[41.46101,52.733317],[41.461101,52.733328],[41.461105,52.733328],[41.461504,52.73337],[41.461955,52.733416],[41.462756,52.733506],[41.462766,52.733508],[41.462677,52.733827],[41.462675,52.733836],[41.462651,52.73389],[41.462609,52.733964],[41.462381,52.734312],[41.462269,52.734437],[41.462266,52.73444],[41.462121,52.73462],[41.462117,52.734624],[41.462004,52.734785],[41.461895,52.734888],[41.461875,52.734886],[41.461731,52.735052],[41.4614,52.735395],[41.46101,52.735793],[41.460927,52.735873],[41.460925,52.735874],[41.460153,52.736637],[41.460117,52.736624],[41.460105,52.73662],[41.459892,52.736559],[41.459781,52.736517],[41.459676,52.736439],[41.459634,52.736417],[41.459581,52.736407],[41.459423,52.736393],[41.45936,52.736397],[41.459277,52.736412],[41.459232,52.736426],[41.459197,52.736449],[41.459178,52.736466],[41.459144,52.736481],[41.459102,52.736484],[41.458528,52.736423],[41.45802,52.736368],[41.458002,52.736363],[41.457971,52.736358],[41.457802,52.736341],[41.457798,52.736341],[41.457685,52.736331]]]}},{"type":"Feature","id":"1089","properties":{"id":"1089","city":"tambov","baseScore":64.52659888513406,"baseScoreNoCommerce":60.80893485853072,"baseRank":32,"population":2278.717246194409,"blocks":{"housing":0.33114110939827107,"infra":0.7296356335282651,"transport":0.97367,"work":0.006,"green":1,"commerce":0.8311491901815081},"indicators":[{"label":"Жильё: плотность","value":168.947},{"label":"Жильё: обеспеченность","value":9.497},{"label":"Жильё: износ","value":38.611},{"label":"Жильё: этажность","value":6.12},{"label":"Коммерческая инфраструктура: разнообразие","value":0.23611111111111108},{"label":"Коммерческая инфраструктура: полнота корзины","value":100},{"label":"Транспорт: доступность","value":97.367},{"label":"Крупные работодатели: обеспеченность","value":0.006},{"label":"Крупные работодатели: плотность","value":0},{"label":"Зелёные зоны: доступность","value":100},{"label":"Экономика: активность ФНС","value":9.179},{"label":"Экономика: ККТ","value":43.709},{"label":"Экономика: медианный чек","value":287.066}]},"geometry":{"type":"Polygon","coordinates":[[[41.459434,52.73295],[41.459076,52.732906],[41.458696,52.73286],[41.45717,52.732664],[41.457169,52.732664],[41.455609,52.732475],[41.455456,52.732455],[41.455454,52.732455],[41.454395,52.732333],[41.453826,52.732266],[41.453828,52.732258],[41.453953,52.731846],[41.453953,52.731846],[41.454126,52.731262],[41.454126,52.731259],[41.454247,52.730795],[41.454975,52.730875],[41.454977,52.730875],[41.454979,52.730875],[41.455349,52.730913],[41.455349,52.730913],[41.455349,52.730913],[41.455978,52.730976],[41.455978,52.730976],[41.455979,52.730976],[41.456612,52.731038],[41.456612,52.731038],[41.456612,52.731038],[41.457853,52.731158],[41.457858,52.731158],[41.457863,52.731159],[41.457959,52.731166],[41.458139,52.731184],[41.458141,52.731184],[41.458142,52.731184],[41.458584,52.731224],[41.458663,52.731232],[41.458671,52.731232],[41.458679,52.731233],[41.458856,52.731243],[41.458884,52.731244],[41.459064,52.731242],[41.45912,52.731238],[41.459257,52.731217],[41.459258,52.731217],[41.459258,52.731217],[41.459411,52.731194],[41.459459,52.731183],[41.459522,52.731165],[41.459522,52.731165],[41.459522,52.731165],[41.459705,52.731112],[41.459754,52.731097],[41.459773,52.731091],[41.459998,52.731011],[41.460587,52.7308],[41.460599,52.730795],[41.460743,52.730737],[41.460968,52.73066],[41.461312,52.730561],[41.461712,52.730457],[41.46184,52.730429],[41.462011,52.730422],[41.462149,52.730427],[41.462526,52.730479],[41.46288,52.73056],[41.462934,52.730596],[41.463017,52.730625],[41.463602,52.730758],[41.463448,52.731277],[41.463447,52.731315],[41.463465,52.731351],[41.463476,52.731361],[41.463431,52.731515],[41.463274,52.731997],[41.463273,52.731997],[41.463174,52.732317],[41.463174,52.732317],[41.463069,52.73266],[41.462995,52.732902],[41.462982,52.732947],[41.462946,52.733038],[41.46286,52.733252],[41.462829,52.733331],[41.462822,52.73333],[41.462008,52.73324],[41.462006,52.733239],[41.461554,52.733192],[41.461554,52.733192],[41.461554,52.733192],[41.461156,52.733151],[41.461067,52.733141],[41.461067,52.733141],[41.461067,52.73314],[41.459434,52.73295]]]}},{"type":"Feature","id":"1090","properties":{"id":"1090","city":"tambov","baseScore":69.70906984752735,"baseScoreNoCommerce":65.38341521420533,"baseRank":13,"population":866.8956472224121,"blocks":{"housing":0.3457614624646526,"infra":0.7764092982456141,"transport":1,"work":0.147,"green":1,"commerce":0.9133734301413743},"indicators":[{"label":"Жильё: плотность","value":117.266},{"label":"Жильё: обеспеченность","value":16.091},{"label":"Жильё: износ","value":46.661},{"label":"Жильё: этажность","value":3.894737},{"label":"Коммерческая инфраструктура: разнообразие","value":0.375},{"label":"Коммерческая инфраструктура: полнота корзины","value":100},{"label":"Транспорт: доступность","value":100},{"label":"Крупные работодатели: обеспеченность","value":0.147},{"label":"Крупные работодатели: плотность","value":0.002},{"label":"Зелёные зоны: доступность","value":100},{"label":"Экономика: активность ФНС","value":9.18},{"label":"Экономика: ККТ","value":30.412},{"label":"Экономика: медианный чек","value":269.4}]},"geometry":{"type":"Polygon","coordinates":[[[41.454684,52.72915],[41.454722,52.729011],[41.454836,52.728596],[41.455026,52.727714],[41.457619,52.728006],[41.458164,52.728058],[41.458273,52.728068],[41.459244,52.72816],[41.459301,52.728166],[41.459836,52.728216],[41.459974,52.728229],[41.460199,52.728251],[41.460568,52.728286],[41.46076,52.728304],[41.460761,52.728304],[41.460786,52.728306],[41.461513,52.728387],[41.461592,52.728388],[41.461646,52.728379],[41.461683,52.728399],[41.461847,52.728511],[41.462055,52.728655],[41.462317,52.728891],[41.462324,52.728896],[41.462793,52.729257],[41.46292,52.7294],[41.462954,52.729465],[41.462965,52.729541],[41.462927,52.729602],[41.462373,52.72963],[41.461911,52.729544],[41.460663,52.72944],[41.460172,52.729472],[41.458757,52.729436],[41.454684,52.72915]]]}},{"type":"Feature","id":"1092","properties":{"id":"1092","city":"tambov","baseScore":85.87891634998627,"baseScoreNoCommerce":86.79430799220273,"baseRank":2,"population":17.999142563964845,"blocks":{"housing":0.5,"infra":0.8667153996101365,"transport":1,"work":0.973,"green":1,"commerce":0.8130195813890388},"indicators":[{"label":"Жильё: плотность","value":2.996},{"label":"Жильё: обеспеченность","value":193.538},{"label":"Жильё: износ","value":100},{"label":"Жильё: этажность","value":3},{"label":"Коммерческая инфраструктура: разнообразие","value":0.6527777777777778},{"label":"Коммерческая инфраструктура: полнота корзины","value":100},{"label":"Транспорт: доступность","value":100},{"label":"Крупные работодатели: обеспеченность","value":0.973},{"label":"Крупные работодатели: плотность","value":0.011},{"label":"Зелёные зоны: доступность","value":100},{"label":"Экономика: активность ФНС","value":8.143},{"label":"Экономика: ККТ","value":20.524},{"label":"Экономика: медианный чек","value":631.174}]},"geometry":{"type":"Polygon","coordinates":[[[41.456692,52.72073],[41.456355,52.721304],[41.455838,52.72125],[41.455352,52.7212],[41.454628,52.721124],[41.454046,52.721064],[41.454046,52.721064],[41.454046,52.721064],[41.453515,52.721008],[41.453506,52.721008],[41.452877,52.720961],[41.452874,52.72096],[41.452745,52.720952],[41.452734,52.720951],[41.452655,52.720949],[41.452635,52.720949],[41.452358,52.720957],[41.452228,52.720933],[41.452039,52.720891],[41.452016,52.720881],[41.452351,52.720275],[41.452435,52.720124],[41.452612,52.719811],[41.452687,52.719684],[41.452959,52.719251],[41.453165,52.718924],[41.453166,52.718923],[41.453175,52.718907],[41.453293,52.718932],[41.454489,52.719199],[41.454828,52.719276],[41.454959,52.719306],[41.455281,52.719379],[41.455284,52.71938],[41.456471,52.719635],[41.456801,52.719706],[41.456857,52.719718],[41.457208,52.719794],[41.457215,52.719832],[41.457253,52.719883],[41.456984,52.720236],[41.456977,52.720246],[41.456692,52.72073]]]}},{"type":"Feature","id":"1093","properties":{"id":"1093","city":"tambov","baseScore":72.71555774306184,"baseScoreNoCommerce":70.05004634840672,"baseRank":6,"population":927.8835805287598,"blocks":{"housing":0.46073469558797797,"infra":0.8389376218323586,"transport":1,"work":0.233,"green":0.96983,"commerce":0.8604311471633738},"indicators":[{"label":"Жильё: плотность","value":177.507},{"label":"Жильё: обеспеченность","value":7.58},{"label":"Жильё: износ","value":14.424},{"label":"Жильё: этажность","value":9},{"label":"Коммерческая инфраструктура: разнообразие","value":0.5694444444444444},{"label":"Коммерческая инфраструктура: полнота корзины","value":100},{"label":"Транспорт: доступность","value":100},{"label":"Крупные работодатели: обеспеченность","value":0.233},{"label":"Крупные работодатели: плотность","value":0.005},{"label":"Зелёные зоны: доступность","value":96.983},{"label":"Экономика: активность ФНС","value":9.454},{"label":"Экономика: ККТ","value":32.985},{"label":"Экономика: медианный чек","value":98.323}]},"geometry":{"type":"Polygon","coordinates":[[[41.457422,52.71965],[41.456956,52.719549],[41.4569,52.719537],[41.45657,52.719466],[41.455384,52.71921],[41.455063,52.719137],[41.454932,52.719108],[41.454931,52.719107],[41.454592,52.719031],[41.454592,52.719031],[41.453394,52.718764],[41.453393,52.718763],[41.453276,52.718738],[41.453511,52.718326],[41.453888,52.717721],[41.454171,52.717268],[41.454184,52.71727],[41.455924,52.717663],[41.456598,52.717815],[41.458375,52.718211],[41.457422,52.71965]]]}},{"type":"Feature","id":"1096","properties":{"id":"1096","city":"tambov","baseScore":59.526865610262355,"baseScoreNoCommerce":55.84017075979143,"baseRank":57,"population":186.977062475,"blocks":{"housing":0.38994128652758336,"infra":0.7185672514619883,"transport":1,"work":0.122,"green":0.5615,"commerce":0.7796033986261697},"indicators":[{"label":"Жильё: плотность","value":35.912},{"label":"Жильё: обеспеченность","value":43.079},{"label":"Жильё: износ","value":82.164},{"label":"Жильё: этажность","value":2.222222},{"label":"Коммерческая инфраструктура: разнообразие","value":0.20833333333333334},{"label":"Коммерческая инфраструктура: полнота корзины","value":100},{"label":"Транспорт: доступность","value":100},{"label":"Крупные работодатели: обеспеченность","value":0.122},{"label":"Крупные работодатели: плотность","value":0},{"label":"Зелёные зоны: доступность","value":56.15},{"label":"Экономика: активность ФНС","value":8.93},{"label":"Экономика: ККТ","value":13.163},{"label":"Экономика: медианный чек","value":1219.163}]},"geometry":{"type":"Polygon","coordinates":[[[41.458452,52.718047],[41.456702,52.717647],[41.456028,52.717494],[41.454281,52.7171],[41.454276,52.717099],[41.454282,52.71709],[41.455187,52.715647],[41.455193,52.715638],[41.459333,52.716583],[41.458452,52.718047]]]}},{"type":"Feature","id":"1097","properties":{"id":"1097","city":"tambov","baseScore":38.29360911383707,"baseScoreNoCommerce":42.13616478301153,"baseRank":257,"population":224.97277001640626,"blocks":{"housing":0.5326940286242607,"infra":0.5741142105263157,"transport":1,"work":0,"green":0,"commerce":0.19080830767964765},"indicators":[{"label":"Жильё: плотность","value":25.294},{"label":"Жильё: обеспеченность","value":47.091},{"label":"Жильё: износ","value":65.213},{"label":"Жильё: этажность","value":1.714286},{"label":"Коммерческая инфраструктура: разнообразие","value":0},{"label":"Коммерческая инфраструктура: полнота корзины","value":78.667},{"label":"Транспорт: доступность","value":100},{"label":"Экономика: активность ФНС","value":7.292},{"label":"Экономика: ККТ","value":0.719},{"label":"Экономика: медианный чек","value":0}]},"geometry":{"type":"Polygon","coordinates":[[[41.454006,52.717026],[41.453991,52.717049],[41.453965,52.717044],[41.453871,52.717026],[41.453853,52.717024],[41.446685,52.716244],[41.447124,52.714738],[41.447255,52.714754],[41.447257,52.714745],[41.448877,52.714919],[41.450161,52.715057],[41.454829,52.715558],[41.454886,52.715571],[41.454915,52.715577],[41.454911,52.715583],[41.454006,52.717026]]]}},{"type":"Feature","id":"1098","properties":{"id":"1098","city":"tambov","baseScore":34.608953265099736,"baseScoreNoCommerce":37.76331890596267,"baseRank":297,"population":231.96767169726562,"blocks":{"housing":0.4231019102104141,"infra":0.46506403508771926,"transport":1,"work":0,"green":0,"commerce":0.18837125060785057},"indicators":[{"label":"Жильё: плотность","value":26.22},{"label":"Жильё: обеспеченность","value":48.884},{"label":"Жильё: износ","value":86.839},{"label":"Жильё: этажность","value":2},{"label":"Коммерческая инфраструктура: разнообразие","value":0},{"label":"Коммерческая инфраструктура: полнота корзины","value":47.845},{"label":"Транспорт: доступность","value":100},{"label":"Экономика: активность ФНС","value":8.94},{"label":"Экономика: ККТ","value":0.117},{"label":"Экономика: медианный чек","value":0}]},"geometry":{"type":"Polygon","coordinates":[[[41.45502,52.715407],[41.455019,52.715408],[41.454986,52.715401],[41.454917,52.715386],[41.454893,52.715382],[41.450212,52.71488],[41.448929,52.714742],[41.447305,52.714567],[41.447307,52.714559],[41.447221,52.714544],[41.447621,52.713139],[41.447711,52.713143],[41.450959,52.713494],[41.455512,52.713985],[41.45579,52.71402],[41.45582,52.714026],[41.45582,52.714026],[41.455859,52.714035],[41.455856,52.714039],[41.455856,52.714039],[41.455485,52.71465],[41.45502,52.715407],[41.45502,52.715407]]]}},{"type":"Feature","id":"1099","properties":{"id":"1099","city":"tambov","baseScore":56.501059997448685,"baseScoreNoCommerce":53.10852812833786,"baseRank":84,"population":433.9455258937989,"blocks":{"housing":0.5689348274695253,"infra":0.7053015789473683,"transport":1,"work":0.054,"green":0.32719,"commerce":0.7346371934300278},"indicators":[{"label":"Жильё: плотность","value":88.043},{"label":"Жильё: обеспеченность","value":22.378},{"label":"Жильё: износ","value":20.184},{"label":"Жильё: этажность","value":3.888889},{"label":"Коммерческая инфраструктура: разнообразие","value":0.125},{"label":"Коммерческая инфраструктура: полнота корзины","value":100},{"label":"Транспорт: доступность","value":100},{"label":"Крупные работодатели: обеспеченность","value":0.054},{"label":"Крупные работодатели: плотность","value":0.001},{"label":"Зелёные зоны: доступность","value":32.719},{"label":"Экономика: активность ФНС","value":8.711},{"label":"Экономика: ККТ","value":8.545},{"label":"Экономика: медианный чек","value":593.428}]},"geometry":{"type":"Polygon","coordinates":[[[41.456134,52.714101],[41.456137,52.714095],[41.458656,52.714653],[41.460086,52.714989],[41.460305,52.715022],[41.459438,52.716422],[41.455297,52.71547],[41.455762,52.714712],[41.455763,52.714712],[41.456134,52.714101]]]}},{"type":"Feature","id":"1100","properties":{"id":"1100","city":"tambov","baseScore":68.72084070027218,"baseScoreNoCommerce":65.70823620628428,"baseRank":21,"population":494.9385991660156,"blocks":{"housing":0.4908419662596332,"infra":0.6885698440545808,"transport":1,"work":0.106,"green":1,"commerce":0.8378386317021166},"indicators":[{"label":"Жильё: плотность","value":156.935},{"label":"Жильё: обеспеченность","value":13.87},{"label":"Жильё: износ","value":19.465},{"label":"Жильё: этажность","value":2.909091},{"label":"Коммерческая инфраструктура: разнообразие","value":0.1111111111111111},{"label":"Коммерческая инфраструктура: полнота корзины","value":100},{"label":"Транспорт: доступность","value":100},{"label":"Крупные работодатели: обеспеченность","value":0.106},{"label":"Крупные работодатели: плотность","value":0.002},{"label":"Зелёные зоны: доступность","value":100},{"label":"Экономика: активность ФНС","value":8.639},{"label":"Экономика: ККТ","value":10.438},{"label":"Экономика: медианный чек","value":1103.304}]},"geometry":{"type":"Polygon","coordinates":[[[41.460584,52.715116],[41.462086,52.715448],[41.462086,52.715449],[41.462125,52.715457],[41.463277,52.715718],[41.463228,52.715795],[41.46284,52.716407],[41.462811,52.716453],[41.462654,52.716686],[41.46258,52.716797],[41.462578,52.7168],[41.462404,52.717093],[41.461224,52.716834],[41.461164,52.71682],[41.460255,52.716601],[41.46012,52.716568],[41.459751,52.716493],[41.460584,52.715116]]]}},{"type":"Feature","id":"1101","properties":{"id":"1101","city":"tambov","baseScore":63.87542323272184,"baseScoreNoCommerce":65.60296355502292,"baseRank":34,"population":266.96827826967774,"blocks":{"housing":0.5350741036770725,"infra":0.6990740740740741,"transport":1,"work":0.046,"green":1,"commerce":0.5523772162121643},"indicators":[{"label":"Жильё: плотность","value":91.111},{"label":"Жильё: обеспеченность","value":23.195},{"label":"Жильё: износ","value":27.004},{"label":"Жильё: этажность","value":6},{"label":"Коммерческая инфраструктура: разнообразие","value":0.09722222222222221},{"label":"Коммерческая инфраструктура: полнота корзины","value":100},{"label":"Транспорт: доступность","value":100},{"label":"Крупные работодатели: обеспеченность","value":0.046},{"label":"Крупные работодатели: плотность","value":0},{"label":"Зелёные зоны: доступность","value":100},{"label":"Экономика: активность ФНС","value":6.658},{"label":"Экономика: ККТ","value":2.628},{"label":"Экономика: медианный чек","value":1604.467}]},"geometry":{"type":"Polygon","coordinates":[[[41.463397,52.715541],[41.46339,52.715551],[41.462229,52.715289],[41.462228,52.715289],[41.462189,52.71528],[41.460852,52.714975],[41.460713,52.714947],[41.461659,52.713501],[41.462925,52.714011],[41.463281,52.714167],[41.463281,52.714167],[41.463281,52.714167],[41.463367,52.714204],[41.463367,52.714204],[41.463367,52.714204],[41.463396,52.714217],[41.463424,52.714229],[41.463424,52.714229],[41.463424,52.714229],[41.463499,52.714262],[41.464124,52.714535],[41.463921,52.714816],[41.46391,52.714843],[41.463912,52.714871],[41.463924,52.71489],[41.463845,52.715],[41.463845,52.715],[41.463845,52.715],[41.463683,52.715224],[41.463652,52.715231],[41.463616,52.715249],[41.463591,52.715272],[41.463397,52.715541]]]}},{"type":"Feature","id":"1102","properties":{"id":"1102","city":"tambov","baseScore":64.37528829108516,"baseScoreNoCommerce":59.31487558265529,"baseRank":33,"population":104.9854671375,"blocks":{"housing":0.6941395686064478,"infra":0.8269842105263159,"transport":1,"work":0.397,"green":0.04762,"commerce":0.8967735183323452},"indicators":[{"label":"Жильё: плотность","value":16.424},{"label":"Жильё: обеспеченность","value":46.988},{"label":"Жильё: износ","value":38.698},{"label":"Жильё: этажность","value":1.833333},{"label":"Коммерческая инфраструктура: разнообразие","value":0.5},{"label":"Коммерческая инфраструктура: полнота корзины","value":100},{"label":"Транспорт: доступность","value":100},{"label":"Крупные работодатели: обеспеченность","value":0.397},{"label":"Крупные работодатели: плотность","value":0.001},{"label":"Зелёные зоны: доступность","value":4.762},{"label":"Экономика: активность ФНС","value":9.736},{"label":"Экономика: ККТ","value":39.437},{"label":"Экономика: медианный чек","value":404.117}]},"geometry":{"type":"Polygon","coordinates":[[[41.460328,52.714853],[41.460189,52.71482],[41.458761,52.714485],[41.458759,52.714485],[41.456239,52.713927],[41.456241,52.713923],[41.457365,52.712077],[41.457369,52.712072],[41.459104,52.712335],[41.459503,52.71251],[41.459503,52.71251],[41.459503,52.71251],[41.460796,52.713095],[41.461197,52.713289],[41.461327,52.713349],[41.460784,52.71415],[41.460328,52.714853]]]}},{"type":"Feature","id":"1103","properties":{"id":"1103","city":"tambov","baseScore":39.4700256947121,"baseScoreNoCommerce":45.051076089145916,"baseRank":241,"population":523.9373122207274,"blocks":{"housing":0.668652400948524,"infra":0.5839014035087718,"transport":1,"work":0,"green":0,"commerce":0.11564773722543016},"indicators":[{"label":"Жильё: плотность","value":41.327},{"label":"Жильё: обеспеченность","value":25.327},{"label":"Жильё: износ","value":8.575},{"label":"Жильё: этажность","value":3.8},{"label":"Коммерческая инфраструктура: разнообразие","value":0},{"label":"Коммерческая инфраструктура: полнота корзины","value":79.389},{"label":"Транспорт: доступность","value":100},{"label":"Экономика: активность ФНС","value":3.114},{"label":"Экономика: ККТ","value":1.266},{"label":"Экономика: медианный чек","value":0}]},"geometry":{"type":"Polygon","coordinates":[[[41.455963,52.713862],[41.455961,52.713866],[41.455919,52.713857],[41.45588,52.713848],[41.455859,52.713845],[41.455569,52.713809],[41.455566,52.713809],[41.451011,52.713317],[41.447678,52.712962],[41.448214,52.711065],[41.448919,52.711119],[41.449123,52.711142],[41.449417,52.711174],[41.449633,52.711197],[41.449784,52.711213],[41.449952,52.711233],[41.449958,52.711234],[41.450043,52.711242],[41.450142,52.711253],[41.450142,52.711253],[41.450142,52.711253],[41.450397,52.71128],[41.451014,52.711347],[41.451544,52.711406],[41.454127,52.711696],[41.454809,52.711772],[41.454811,52.711773],[41.456659,52.711962],[41.456937,52.711996],[41.457082,52.712025],[41.455964,52.713861],[41.455963,52.713862]]]}},{"type":"Feature","id":"1104","properties":{"id":"1104","city":"tambov","baseScore":42.736176017749926,"baseScoreNoCommerce":48.49942429111122,"baseRank":202,"population":359.9506461523437,"blocks":{"housing":0.7762290313196936,"infra":0.5887421832358675,"transport":1,"work":0.06,"green":0,"commerce":0.13919934650943439},"indicators":[{"label":"Жильё: плотность","value":32.62},{"label":"Жильё: обеспеченность","value":33.737},{"label":"Жильё: износ","value":0},{"label":"Жильё: этажность","value":4.333333},{"label":"Коммерческая инфраструктура: разнообразие","value":0.06944444444444443},{"label":"Коммерческая инфраструктура: полнота корзины","value":73.611},{"label":"Транспорт: доступность","value":100},{"label":"Крупные работодатели: обеспеченность","value":0.06},{"label":"Крупные работодатели: плотность","value":0},{"label":"Экономика: активность ФНС","value":4.156},{"label":"Экономика: ККТ","value":1.331},{"label":"Экономика: медианный чек","value":0}]},"geometry":{"type":"Polygon","coordinates":[[[41.457398,52.71159],[41.457196,52.711859],[41.457181,52.711856],[41.457021,52.711824],[41.457004,52.711821],[41.456715,52.711786],[41.45671,52.711785],[41.454862,52.711596],[41.454181,52.711519],[41.451597,52.711229],[41.451596,52.711229],[41.451066,52.711171],[41.451066,52.711171],[41.451066,52.711171],[41.450449,52.711103],[41.450449,52.711103],[41.450449,52.711103],[41.450195,52.711076],[41.450093,52.711065],[41.450091,52.711065],[41.450089,52.711064],[41.450005,52.711056],[41.449839,52.711037],[41.449838,52.711037],[41.449837,52.711037],[41.449685,52.71102],[41.449469,52.710997],[41.449469,52.710997],[41.449469,52.710997],[41.449176,52.710965],[41.449175,52.710965],[41.449175,52.710965],[41.44897,52.710942],[41.44897,52.710942],[41.448261,52.710879],[41.448822,52.708802],[41.449153,52.70827],[41.449221,52.708062],[41.449232,52.708037],[41.449306,52.708066],[41.452651,52.709535],[41.452652,52.709535],[41.455569,52.710797],[41.457379,52.711581],[41.457398,52.71159]]]}},{"type":"Feature","id":"1106","properties":{"id":"1106","city":"tambov","baseScore":46.006265048452725,"baseScoreNoCommerce":46.97999421741785,"baseRank":166,"population":228.97181633020017,"blocks":{"housing":0.37837008124126265,"infra":0.7546296296296297,"transport":1,"work":0.216,"green":0,"commerce":0.41137619203627124},"indicators":[{"label":"Жильё: плотность","value":37.565},{"label":"Жильё: обеспеченность","value":28.508},{"label":"Жильё: износ","value":60.991},{"label":"Жильё: этажность","value":3.5},{"label":"Коммерческая инфраструктура: разнообразие","value":0.2638888888888889},{"label":"Коммерческая инфраструктура: полнота корзины","value":100},{"label":"Транспорт: доступность","value":100},{"label":"Крупные работодатели: обеспеченность","value":0.216},{"label":"Крупные работодатели: плотность","value":0.001},{"label":"Экономика: активность ФНС","value":6.751},{"label":"Экономика: ККТ","value":2.327},{"label":"Экономика: медианный чек","value":120.67}]},"geometry":{"type":"Polygon","coordinates":[[[41.459255,52.712179],[41.459255,52.712179],[41.459254,52.712179],[41.458899,52.712024],[41.457775,52.711532],[41.457781,52.711526],[41.459449,52.710087],[41.45945,52.710086],[41.460443,52.710525],[41.460443,52.710525],[41.460443,52.710525],[41.460918,52.710735],[41.460955,52.710751],[41.460989,52.710766],[41.460989,52.710766],[41.460989,52.710766],[41.461138,52.710832],[41.461792,52.711122],[41.461792,52.711122],[41.461792,52.711122],[41.462401,52.71139],[41.463188,52.711726],[41.46152,52.713152],[41.460428,52.712693],[41.460428,52.712693],[41.460428,52.712693],[41.460366,52.712666],[41.460311,52.712642],[41.459677,52.712364],[41.459255,52.712179]]]}},{"type":"Feature","id":"1107","properties":{"id":"1107","city":"tambov","baseScore":38.78123911085934,"baseScoreNoCommerce":46.53748693303121,"baseRank":250,"population":481.9396152228027,"blocks":{"housing":0.7491661010375255,"infra":0.5777082456140351,"transport":1,"work":0,"green":0,"commerce":0},"indicators":[{"label":"Жильё: плотность","value":34.538},{"label":"Жильё: обеспеченность","value":30.946},{"label":"Жильё: износ","value":1.492},{"label":"Жильё: этажность","value":6.666667},{"label":"Коммерческая инфраструктура: разнообразие","value":0},{"label":"Коммерческая инфраструктура: полнота корзины","value":76.763},{"label":"Транспорт: доступность","value":100}]},"geometry":{"type":"Polygon","coordinates":[[[41.457534,52.711427],[41.457533,52.711427],[41.455741,52.710651],[41.452824,52.709389],[41.449518,52.707937],[41.449476,52.707919],[41.44947,52.707917],[41.449427,52.7079],[41.449448,52.707881],[41.449508,52.707831],[41.449551,52.707775],[41.44965,52.70751],[41.449805,52.707113],[41.449821,52.707074],[41.449976,52.706944],[41.450118,52.706813],[41.450435,52.706566],[41.450647,52.706373],[41.450753,52.706276],[41.450763,52.706258],[41.451586,52.706617],[41.451783,52.706703],[41.451851,52.706733],[41.451852,52.706733],[41.451904,52.706756],[41.452368,52.706958],[41.452368,52.706958],[41.452368,52.706958],[41.454951,52.708085],[41.459183,52.709967],[41.459211,52.70998],[41.459209,52.709981],[41.457534,52.711427]]]}},{"type":"Feature","id":"1109","properties":{"id":"1109","city":"tambov","baseScore":42.17203138256585,"baseScoreNoCommerce":46.22492711233896,"baseRank":211,"population":278.9602305356689,"blocks":{"housing":0.665150780568215,"infra":0.578335575048733,"transport":1,"work":0.014,"green":0.05376,"commerce":0.21907552733700325},"indicators":[{"label":"Жильё: плотность","value":20.493},{"label":"Жильё: обеспеченность","value":39.548},{"label":"Коммерческая инфраструктура: разнообразие","value":0.027777777777777776},{"label":"Коммерческая инфраструктура: полнота корзины","value":78.495},{"label":"Транспорт: доступность","value":100},{"label":"Крупные работодатели: обеспеченность","value":0.014},{"label":"Крупные работодатели: плотность","value":0},{"label":"Зелёные зоны: доступность","value":5.376},{"label":"Экономика: активность ФНС","value":10},{"label":"Экономика: ККТ","value":0.35},{"label":"Экономика: медианный чек","value":0}]},"geometry":{"type":"Polygon","coordinates":[[[41.455124,52.707939],[41.452541,52.706812],[41.452077,52.70661],[41.452077,52.70661],[41.452077,52.70661],[41.452024,52.706587],[41.451956,52.706557],[41.451956,52.706557],[41.451956,52.706557],[41.451758,52.706471],[41.451758,52.706471],[41.451758,52.706471],[41.450908,52.706099],[41.450883,52.706089],[41.45101,52.705964],[41.451392,52.705692],[41.451774,52.705418],[41.452837,52.70479],[41.452875,52.704806],[41.461028,52.708383],[41.461034,52.708385],[41.459389,52.709836],[41.459388,52.709836],[41.459358,52.709823],[41.459358,52.709822],[41.455125,52.70794],[41.455124,52.707939]]]}},{"type":"Feature","id":"1110","properties":{"id":"1110","city":"tambov","baseScore":48.041047467076226,"baseScoreNoCommerce":54.54435081169986,"baseRank":146,"population":303.9572765260254,"blocks":{"housing":0.6852916146590671,"infra":0.5813959259259259,"transport":1,"work":0,"green":0.46053,"commerce":0.15524530743958093},"indicators":[{"label":"Жильё: плотность","value":23.757},{"label":"Жильё: обеспеченность","value":31.74},{"label":"Жильё: износ","value":16.009},{"label":"Жильё: этажность","value":2.5},{"label":"Коммерческая инфраструктура: разнообразие","value":0.027777777777777776},{"label":"Коммерческая инфраструктура: полнота корзины","value":79.605},{"label":"Транспорт: доступность","value":100},{"label":"Зелёные зоны: доступность","value":46.053},{"label":"Экономика: активность ФНС","value":5.733},{"label":"Экономика: ККТ","value":0.878},{"label":"Экономика: медианный чек","value":0}]},"geometry":{"type":"Polygon","coordinates":[[[41.461203,52.708238],[41.461201,52.708237],[41.453071,52.704671],[41.453341,52.704545],[41.453805,52.704191],[41.454461,52.703679],[41.454497,52.703684],[41.455504,52.703923],[41.456019,52.704012],[41.456042,52.704017],[41.456058,52.704019],[41.456089,52.704024],[41.456569,52.704129],[41.456774,52.704185],[41.457517,52.704412],[41.458477,52.704824],[41.458573,52.704867],[41.458709,52.704923],[41.458841,52.70498],[41.458841,52.70498],[41.458841,52.70498],[41.458877,52.704995],[41.458919,52.705013],[41.459699,52.705347],[41.459801,52.705394],[41.459984,52.705477],[41.459984,52.705477],[41.459984,52.705477],[41.460802,52.705847],[41.460802,52.705847],[41.460802,52.705847],[41.461263,52.706055],[41.461264,52.706056],[41.461401,52.706116],[41.461401,52.706116],[41.461401,52.706116],[41.461477,52.70615],[41.461569,52.706191],[41.46226,52.706498],[41.46226,52.706498],[41.46226,52.706498],[41.462896,52.706781],[41.462898,52.706781],[41.462896,52.706783],[41.462449,52.707164],[41.462448,52.707165],[41.461209,52.708232],[41.461203,52.708238]]]}},{"type":"Feature","id":"1124","properties":{"id":"1124","city":"tambov","baseScore":29.73282742527316,"baseScoreNoCommerce":35.67939291032779,"baseRank":345,"population":250.96987944887698,"blocks":{"housing":0.5856006981479687,"infra":0.11469894736842103,"transport":0.19124,"work":0,"green":0.89243,"commerce":0},"indicators":[{"label":"Жильё: плотность","value":29.091},{"label":"Жильё: обеспеченность","value":35.446},{"label":"Коммерческая инфраструктура: разнообразие","value":0},{"label":"Транспорт: доступность","value":19.124},{"label":"Зелёные зоны: доступность","value":89.243}]},"geometry":{"type":"Polygon","coordinates":[[[41.454965,52.693213],[41.454927,52.693646],[41.454962,52.694233],[41.454992,52.694377],[41.455026,52.694482],[41.455133,52.694794],[41.454934,52.694873],[41.454002,52.695022],[41.452912,52.695198],[41.451347,52.695447],[41.449764,52.695675],[41.449067,52.695745],[41.448885,52.695789],[41.44849,52.695875],[41.448466,52.695844],[41.448476,52.69577],[41.448539,52.695673],[41.449158,52.695076],[41.44989,52.69442],[41.450618,52.693823],[41.451193,52.693471],[41.451933,52.693039],[41.452042,52.692992],[41.45212,52.692971],[41.452215,52.692966],[41.452219,52.692966],[41.452293,52.692961],[41.453079,52.692921],[41.453083,52.692921],[41.454287,52.692842],[41.455008,52.692803],[41.454995,52.69307],[41.454965,52.693213]]]}},{"type":"Feature","id":"1126","properties":{"id":"1126","city":"tambov","baseScore":49.24801520519507,"baseScoreNoCommerce":41.90851505317088,"baseRank":136,"population":454.94348547656244,"blocks":{"housing":0.14551368638174111,"infra":0.7833820662768032,"transport":1,"work":0.094,"green":0.07253,"commerce":0.8594551596531602},"indicators":[{"label":"Жильё: плотность","value":99.99},{"label":"Жильё: обеспеченность","value":13.377},{"label":"Жильё: износ","value":75.051},{"label":"Жильё: этажность","value":4.5},{"label":"Коммерческая инфраструктура: разнообразие","value":0.40277777777777773},{"label":"Коммерческая инфраструктура: полнота корзины","value":100},{"label":"Транспорт: доступность","value":100},{"label":"Крупные работодатели: обеспеченность","value":0.094},{"label":"Крупные работодатели: плотность","value":0.001},{"label":"Зелёные зоны: доступность","value":7.253},{"label":"Экономика: активность ФНС","value":9.081},{"label":"Экономика: ККТ","value":21.705},{"label":"Экономика: медианный чек","value":300.405}]},"geometry":{"type":"Polygon","coordinates":[[[41.449625,52.742826],[41.449602,52.74281],[41.449449,52.742732],[41.448192,52.742051],[41.446797,52.74124],[41.446796,52.74124],[41.446817,52.741172],[41.446955,52.740731],[41.447048,52.740446],[41.448365,52.740577],[41.448692,52.74061],[41.448933,52.740634],[41.44926,52.740667],[41.449261,52.740667],[41.449885,52.740728],[41.449886,52.740728],[41.450071,52.740745],[41.450843,52.740823],[41.450836,52.740851],[41.450684,52.741378],[41.450684,52.741379],[41.450684,52.741379],[41.450559,52.741835],[41.450559,52.741836],[41.450503,52.742052],[41.450475,52.742145],[41.450475,52.742145],[41.450475,52.742146],[41.450467,52.742173],[41.450361,52.742555],[41.450308,52.74271],[41.450262,52.742778],[41.450223,52.742801],[41.450146,52.742829],[41.449863,52.742852],[41.449754,52.742849],[41.449651,52.74283],[41.449636,52.742828],[41.449625,52.742826]]]}},{"type":"Feature","id":"1129","properties":{"id":"1129","city":"tambov","baseScore":69.00848978294628,"baseScoreNoCommerce":65.1615393545424,"baseRank":18,"population":1951.7549503325927,"blocks":{"housing":0.3396325232826751,"infra":0.8194444444444443,"transport":1,"work":0.099,"green":1,"commerce":0.8824324192496569},"indicators":[{"label":"Жильё: плотность","value":182.027},{"label":"Жильё: обеспеченность","value":8.536},{"label":"Жильё: износ","value":35.704},{"label":"Жильё: этажность","value":6.85},{"label":"Коммерческая инфраструктура: разнообразие","value":0.4583333333333333},{"label":"Коммерческая инфраструктура: полнота корзины","value":100},{"label":"Транспорт: доступность","value":100},{"label":"Крупные работодатели: обеспеченность","value":0.099},{"label":"Крупные работодатели: плотность","value":0.002},{"label":"Зелёные зоны: доступность","value":100},{"label":"Экономика: активность ФНС","value":8.896},{"label":"Экономика: ККТ","value":37.547},{"label":"Экономика: медианный чек","value":217.344}]},"geometry":{"type":"Polygon","coordinates":[[[41.447896,52.73719],[41.448942,52.733578],[41.450541,52.733757],[41.450873,52.733794],[41.452761,52.734017],[41.452762,52.734017],[41.452801,52.734022],[41.452469,52.735178],[41.452469,52.735178],[41.452469,52.735178],[41.452128,52.736398],[41.451882,52.737235],[41.451787,52.737545],[41.451787,52.737546],[41.447896,52.73719]]]}},{"type":"Feature","id":"1134","properties":{"id":"1134","city":"tambov","baseScore":57.53876945608649,"baseScoreNoCommerce":52.22088848916847,"baseRank":73,"population":2939.6112663955078,"blocks":{"housing":0.30982960964360895,"infra":0.8148148148148149,"transport":1,"work":0.033,"green":0.4534,"commerce":0.8412817429067658},"indicators":[{"label":"Жильё: плотность","value":243.18},{"label":"Жильё: обеспеченность","value":3.846},{"label":"Жильё: износ","value":35.367},{"label":"Жильё: этажность","value":9.2},{"label":"Коммерческая инфраструктура: разнообразие","value":0.4444444444444444},{"label":"Коммерческая инфраструктура: полнота корзины","value":100},{"label":"Транспорт: доступность","value":100},{"label":"Крупные работодатели: обеспеченность","value":0.033},{"label":"Крупные работодатели: плотность","value":0.001},{"label":"Зелёные зоны: доступность","value":45.34},{"label":"Экономика: активность ФНС","value":8.931},{"label":"Экономика: ККТ","value":49.508},{"label":"Экономика: медианный чек","value":181.133}]},"geometry":{"type":"Polygon","coordinates":[[[41.449005,52.731725],[41.447231,52.731527],[41.446367,52.73143],[41.446053,52.731395],[41.445622,52.731347],[41.445622,52.731347],[41.445622,52.731347],[41.444885,52.731265],[41.44474,52.731249],[41.444582,52.731231],[41.444582,52.731231],[41.444582,52.731231],[41.444535,52.731226],[41.444398,52.731211],[41.444204,52.731189],[41.443495,52.73111],[41.442819,52.731034],[41.442571,52.731001],[41.443237,52.728735],[41.445932,52.728922],[41.446125,52.728931],[41.446128,52.728932],[41.446461,52.728946],[41.447229,52.728978],[41.44723,52.728978],[41.448043,52.729012],[41.44875,52.729041],[41.449053,52.729053],[41.449241,52.729062],[41.449354,52.729131],[41.449387,52.729152],[41.449489,52.729242],[41.44953,52.729282],[41.449642,52.729415],[41.449666,52.729445],[41.449635,52.729556],[41.449476,52.730102],[41.449476,52.730102],[41.449476,52.730102],[41.44938,52.730433],[41.449312,52.730666],[41.449121,52.731323],[41.449008,52.731715],[41.449005,52.731725]]]}},{"type":"Feature","id":"1135","properties":{"id":"1135","city":"tambov","baseScore":83.76437484823288,"baseScoreNoCommerce":81.15080033032591,"baseRank":4,"population":498.93743941008296,"blocks":{"housing":0.5090542855221434,"infra":0.708545730994152,"transport":1,"work":0.868,"green":0.97194,"commerce":0.9683224743776769},"indicators":[{"label":"Жильё: плотность","value":119.729},{"label":"Жильё: обеспеченность","value":20.25},{"label":"Жильё: износ","value":26.59},{"label":"Жильё: этажность","value":4.769231},{"label":"Коммерческая инфраструктура: разнообразие","value":0.16666666666666666},{"label":"Коммерческая инфраструктура: полнота корзины","value":100},{"label":"Транспорт: доступность","value":100},{"label":"Крупные работодатели: обеспеченность","value":0.868},{"label":"Крупные работодатели: плотность","value":0.079},{"label":"Зелёные зоны: доступность","value":97.194},{"label":"Экономика: активность ФНС","value":9.429},{"label":"Экономика: ККТ","value":31.725},{"label":"Экономика: медианный чек","value":470.034}]},"geometry":{"type":"Polygon","coordinates":[[[41.446337,52.726959],[41.446689,52.725677],[41.446726,52.725541],[41.447657,52.725633],[41.447872,52.725656],[41.447872,52.725656],[41.447872,52.725656],[41.448039,52.725674],[41.448245,52.725696],[41.448581,52.725732],[41.448581,52.725732],[41.448581,52.725732],[41.448676,52.725742],[41.448833,52.725759],[41.448963,52.725773],[41.449346,52.725814],[41.449518,52.725833],[41.449518,52.725833],[41.449518,52.725833],[41.449683,52.72585],[41.450331,52.72592],[41.45041,52.725934],[41.450484,52.725955],[41.450512,52.725966],[41.450523,52.725969],[41.450394,52.726463],[41.450393,52.726466],[41.450386,52.726497],[41.450275,52.726967],[41.45019,52.727317],[41.450189,52.727318],[41.450183,52.727347],[41.450172,52.727346],[41.449784,52.727304],[41.449667,52.727292],[41.449665,52.727291],[41.448525,52.727178],[41.447553,52.727081],[41.447227,52.727048],[41.446337,52.726959]]]}},{"type":"Feature","id":"1136","properties":{"id":"1136","city":"tambov","baseScore":68.77638455396053,"baseScoreNoCommerce":63.457054797857516,"baseRank":20,"population":508.9359495043701,"blocks":{"housing":0.3884977106531097,"infra":0.746345029239766,"transport":1,"work":0.205,"green":0.83301,"commerce":0.9537303333447555},"indicators":[{"label":"Жильё: плотность","value":157.493},{"label":"Жильё: обеспеченность","value":15.071},{"label":"Жильё: износ","value":38.071},{"label":"Жильё: этажность","value":4.555556},{"label":"Коммерческая инфраструктура: разнообразие","value":0.2916666666666667},{"label":"Коммерческая инфраструктура: полнота корзины","value":100},{"label":"Транспорт: доступность","value":100},{"label":"Крупные работодатели: обеспеченность","value":0.205},{"label":"Крупные работодатели: плотность","value":0.004},{"label":"Зелёные зоны: доступность","value":83.301},{"label":"Экономика: активность ФНС","value":9.484},{"label":"Экономика: ККТ","value":22.161},{"label":"Экономика: медианный чек","value":941.923}]},"geometry":{"type":"Polygon","coordinates":[[[41.448126,52.725373],[41.448126,52.725373],[41.447959,52.725355],[41.447743,52.725332],[41.447741,52.725332],[41.44774,52.725332],[41.44686,52.725244],[41.446868,52.725215],[41.446869,52.725214],[41.446977,52.724808],[41.447018,52.724656],[41.447164,52.724111],[41.449156,52.72432],[41.449159,52.72432],[41.449286,52.724332],[41.449989,52.724409],[41.449993,52.72441],[41.450803,52.724486],[41.450809,52.724486],[41.450597,52.725651],[41.450573,52.725645],[41.450462,52.725625],[41.450434,52.725621],[41.449771,52.725549],[41.449771,52.725549],[41.44977,52.725549],[41.449605,52.725532],[41.449434,52.725513],[41.449434,52.725513],[41.449433,52.725513],[41.44905,52.725472],[41.448921,52.725458],[41.448764,52.725442],[41.448763,52.725442],[41.448763,52.725442],[41.448668,52.725431],[41.448332,52.725395],[41.448332,52.725395],[41.448332,52.725395],[41.448126,52.725373],[41.448126,52.725373]]]}},{"type":"Feature","id":"1137","properties":{"id":"1137","city":"tambov","baseScore":86.93919703230645,"baseScoreNoCommerce":84.78829326669182,"baseRank":1,"population":51.99249586083984,"blocks":{"housing":0.4605707452059355,"infra":0.838843918128655,"transport":1,"work":0.94,"green":1,"commerce":0.9769371586037966},"indicators":[{"label":"Жильё: плотность","value":11.235},{"label":"Жильё: обеспеченность","value":52.606},{"label":"Жильё: износ","value":85.714},{"label":"Жильё: этажность","value":2.5},{"label":"Коммерческая инфраструктура: разнообразие","value":0.5833333333333334},{"label":"Коммерческая инфраструктура: полнота корзины","value":100},{"label":"Транспорт: доступность","value":100},{"label":"Крупные работодатели: обеспеченность","value":0.94},{"label":"Крупные работодатели: плотность","value":0.018},{"label":"Зелёные зоны: доступность","value":100},{"label":"Экономика: активность ФНС","value":9.943},{"label":"Экономика: ККТ","value":52.352},{"label":"Экономика: медианный чек","value":868.92}]},"geometry":{"type":"Polygon","coordinates":[[[41.447587,52.722664],[41.447587,52.722664],[41.447612,52.722575],[41.447792,52.721943],[41.447835,52.721793],[41.447835,52.721792],[41.447984,52.721258],[41.448045,52.72104],[41.448072,52.720945],[41.448869,52.721027],[41.449351,52.721078],[41.450592,52.721209],[41.451192,52.721273],[41.451573,52.721317],[41.451534,52.7215],[41.451472,52.721529],[41.451428,52.721568],[41.451405,52.721614],[41.451324,52.721993],[41.451324,52.721994],[41.451324,52.721994],[41.451291,52.722155],[41.451277,52.72222],[41.451277,52.722221],[41.451253,52.722339],[41.451253,52.722339],[41.451253,52.722339],[41.45122,52.722496],[41.451159,52.722794],[41.451139,52.722894],[41.451117,52.722997],[41.451109,52.723038],[41.447587,52.722664]]]}},{"type":"Feature","id":"1138","properties":{"id":"1138","city":"tambov","baseScore":54.212597234590476,"baseScoreNoCommerce":48.91545846657664,"baseRank":99,"population":1283.8362382681885,"blocks":{"housing":0.35251056465436803,"infra":0.8247823586744639,"transport":1,"work":0.161,"green":0.10748,"commerce":0.8069829107465971},"indicators":[{"label":"Жильё: плотность","value":118.565},{"label":"Жильё: обеспеченность","value":10.652},{"label":"Жильё: износ","value":36.951},{"label":"Жильё: этажность","value":6.6},{"label":"Коммерческая инфраструктура: разнообразие","value":0.5694444444444444},{"label":"Коммерческая инфраструктура: полнота корзины","value":100},{"label":"Транспорт: доступность","value":100},{"label":"Крупные работодатели: обеспеченность","value":0.161},{"label":"Крупные работодатели: плотность","value":0.002},{"label":"Зелёные зоны: доступность","value":10.748},{"label":"Экономика: активность ФНС","value":8.365},{"label":"Экономика: ККТ","value":28.016},{"label":"Экономика: медианный чек","value":707.192}]},"geometry":{"type":"Polygon","coordinates":[[[41.451668,52.720992],[41.451285,52.720953],[41.45036,52.720853],[41.450356,52.720852],[41.449514,52.720771],[41.448124,52.720621],[41.447968,52.720605],[41.447718,52.720578],[41.447716,52.720578],[41.446186,52.720427],[41.445694,52.720371],[41.445652,52.720366],[41.445671,52.720287],[41.445744,52.720035],[41.44581,52.719804],[41.445897,52.719503],[41.44597,52.719253],[41.44597,52.719251],[41.445976,52.719228],[41.446126,52.71869],[41.446303,52.718146],[41.446304,52.718143],[41.446305,52.71814],[41.446869,52.718199],[41.446939,52.718207],[41.44694,52.718207],[41.447444,52.718259],[41.447847,52.718302],[41.448822,52.718404],[41.449332,52.718457],[41.449629,52.718488],[41.45113,52.718646],[41.451966,52.718737],[41.452888,52.718844],[41.452897,52.718846],[41.452888,52.71886],[41.452683,52.719187],[41.45241,52.719621],[41.452409,52.719622],[41.452333,52.71975],[41.452332,52.719752],[41.452155,52.720066],[41.452154,52.720067],[41.452071,52.720218],[41.451726,52.720841],[41.451722,52.72085],[41.451668,52.720992]]]}},{"type":"Feature","id":"1140","properties":{"id":"1140","city":"tambov","baseScore":35.359958114213455,"baseScoreNoCommerce":38.60379236358131,"baseRank":292,"population":125.98312399121095,"blocks":{"housing":0.6476776883545041,"infra":0.28251192982456147,"transport":1,"work":0,"green":0,"commerce":0.19140786867374188},"indicators":[{"label":"Жильё: плотность","value":29.137},{"label":"Жильё: обеспеченность","value":38.647},{"label":"Коммерческая инфраструктура: разнообразие","value":0},{"label":"Транспорт: доступность","value":100},{"label":"Экономика: активность ФНС","value":4.293},{"label":"Экономика: ККТ","value":2.262},{"label":"Экономика: медианный чек","value":0}]},"geometry":{"type":"Polygon","coordinates":[[[41.447844,52.708217],[41.448287,52.707896],[41.448308,52.707882],[41.448769,52.708083],[41.447933,52.710837],[41.44496,52.710525],[41.444957,52.710525],[41.444803,52.710511],[41.444672,52.710486],[41.444622,52.710472],[41.447177,52.708638],[41.447195,52.708638],[41.447253,52.708623],[41.4473,52.708599],[41.447842,52.708218],[41.447844,52.708217]]]}},{"type":"Feature","id":"1141","properties":{"id":"1141","city":"tambov","baseScore":38.444223753961545,"baseScoreNoCommerce":35.59927472054518,"baseRank":255,"population":77.99099431347656,"blocks":{"housing":0.7153786483079608,"infra":0.25753508771929823,"transport":0.47436,"work":0.025,"green":0.30769,"commerce":0.5266896892104332},"indicators":[{"label":"Жильё: плотность","value":23.205},{"label":"Жильё: обеспеченность","value":42.138},{"label":"Коммерческая инфраструктура: разнообразие","value":0},{"label":"Транспорт: доступность","value":47.436},{"label":"Крупные работодатели: обеспеченность","value":0.025},{"label":"Крупные работодатели: плотность","value":0},{"label":"Зелёные зоны: доступность","value":30.769},{"label":"Экономика: активность ФНС","value":9.374},{"label":"Экономика: ККТ","value":5.722},{"label":"Экономика: медианный чек","value":0}]},"geometry":{"type":"Polygon","coordinates":[[[41.446039,52.708344],[41.446363,52.708147],[41.446997,52.708441],[41.446965,52.708472],[41.44695,52.708509],[41.446952,52.708522],[41.444289,52.710433],[41.441785,52.712193],[41.441743,52.712222],[41.441683,52.712187],[41.441657,52.712175],[41.440971,52.711932],[41.446039,52.708344]]]}},{"type":"Feature","id":"1143","properties":{"id":"1143","city":"tambov","baseScore":45.841211701458555,"baseScoreNoCommerce":48.48362865037769,"baseRank":172,"population":146.98064563872072,"blocks":{"housing":0.862998157665083,"infra":0.3351832748538011,"transport":1,"work":0.226,"green":0,"commerce":0.32629126956862897},"indicators":[{"label":"Жильё: плотность","value":29.954},{"label":"Жильё: обеспеченность","value":49.75},{"label":"Коммерческая инфраструктура: разнообразие","value":0.16666666666666666},{"label":"Транспорт: доступность","value":100},{"label":"Крупные работодатели: обеспеченность","value":0.226},{"label":"Крупные работодатели: плотность","value":0.001},{"label":"Экономика: активность ФНС","value":6.783},{"label":"Экономика: ККТ","value":3.549},{"label":"Экономика: медианный чек","value":0}]},"geometry":{"type":"Polygon","coordinates":[[[41.447543,52.707037],[41.447543,52.707037],[41.446552,52.706607],[41.445602,52.706192],[41.446603,52.705461],[41.447511,52.704824],[41.44753,52.704834],[41.45012,52.706182],[41.450134,52.706189],[41.450142,52.706193],[41.450391,52.706327],[41.449216,52.707262],[41.448823,52.707482],[41.448815,52.707487],[41.448765,52.707524],[41.448722,52.707546],[41.448147,52.7073],[41.447543,52.707037],[41.447543,52.707037]]]}},{"type":"Feature","id":"1144","properties":{"id":"1144","city":"tambov","baseScore":31.39369920210851,"baseScoreNoCommerce":37.67243904253021,"baseRank":334,"population":72.99116218620605,"blocks":{"housing":0.6932900223019491,"infra":0.25883192982456144,"transport":0.57534,"work":0,"green":0.35616,"commerce":0},"indicators":[{"label":"Жильё: плотность","value":23.579},{"label":"Жильё: обеспеченность","value":40.999},{"label":"Коммерческая инфраструктура: разнообразие","value":0},{"label":"Транспорт: доступность","value":57.534},{"label":"Зелёные зоны: доступность","value":35.616}]},"geometry":{"type":"Polygon","coordinates":[[[41.445446,52.706124],[41.444675,52.705788],[41.444454,52.70569],[41.444453,52.70569],[41.443676,52.705351],[41.443708,52.705324],[41.443768,52.705272],[41.444925,52.704409],[41.445345,52.704103],[41.445695,52.70386],[41.44575,52.70389],[41.447325,52.704725],[41.447366,52.704747],[41.446457,52.705385],[41.446456,52.705386],[41.445449,52.706122],[41.445446,52.706124]]]}},{"type":"Feature","id":"1145","properties":{"id":"1145","city":"tambov","baseScore":37.99505550751039,"baseScoreNoCommerce":44.020102217096124,"baseRank":260,"population":75.99009770429689,"blocks":{"housing":0.8942596722583148,"infra":0.25969543859649125,"transport":0.92105,"work":0.126,"green":0,"commerce":0.07869821959581769},"indicators":[{"label":"Жильё: плотность","value":26.132},{"label":"Жильё: обеспеченность","value":51.362},{"label":"Коммерческая инфраструктура: разнообразие","value":0},{"label":"Транспорт: доступность","value":92.105},{"label":"Крупные работодатели: обеспеченность","value":0.126},{"label":"Крупные работодатели: плотность","value":0},{"label":"Экономика: активность ФНС","value":2},{"label":"Экономика: ККТ","value":0.516},{"label":"Экономика: медианный чек","value":0}]},"geometry":{"type":"Polygon","coordinates":[[[41.445889,52.703725],[41.446206,52.703504],[41.446207,52.703503],[41.447743,52.702405],[41.447804,52.702434],[41.449401,52.703244],[41.449435,52.703264],[41.449423,52.703272],[41.449422,52.703272],[41.447559,52.704609],[41.447558,52.70461],[41.447519,52.70459],[41.445945,52.703754],[41.445944,52.703754],[41.445889,52.703725]]]}},{"type":"Feature","id":"1146","properties":{"id":"1146","city":"tambov","baseScore":31.349509752070144,"baseScoreNoCommerce":37.61941170248417,"baseRank":336,"population":77.98931460087891,"blocks":{"housing":0.6418791816154369,"infra":0.23909140350877192,"transport":1,"work":0,"green":0,"commerce":0},"indicators":[{"label":"Жильё: плотность","value":26.388},{"label":"Жильё: обеспеченность","value":38.348},{"label":"Коммерческая инфраструктура: разнообразие","value":0},{"label":"Транспорт: доступность","value":100}]},"geometry":{"type":"Polygon","coordinates":[[[41.447935,52.702268],[41.448879,52.701587],[41.448939,52.701546],[41.448941,52.701544],[41.44969,52.701007],[41.449795,52.700939],[41.449799,52.700935],[41.449818,52.700922],[41.449855,52.700939],[41.449856,52.70094],[41.450064,52.701039],[41.450305,52.70117],[41.450307,52.701171],[41.450647,52.701344],[41.450647,52.701344],[41.450719,52.701381],[41.451494,52.701792],[41.451525,52.701808],[41.451499,52.701826],[41.451498,52.701826],[41.449629,52.703128],[41.449604,52.703113],[41.449595,52.703108],[41.447992,52.702296],[41.44799,52.702295],[41.447935,52.702268]]]}},{"type":"Feature","id":"1156","properties":{"id":"1156","city":"tambov","baseScore":27.06010863510489,"baseScoreNoCommerce":32.47213036212587,"baseRank":359,"population":135.98131912902832,"blocks":{"housing":0.543750728632609,"infra":0.5430857894736842,"transport":0.27206,"work":0,"green":0.26471,"commerce":0},"indicators":[{"label":"Жильё: плотность","value":39.085},{"label":"Жильё: обеспеченность","value":43.358},{"label":"Жильё: износ","value":57.5},{"label":"Жильё: этажность","value":1},{"label":"Коммерческая инфраструктура: разнообразие","value":0},{"label":"Коммерческая инфраструктура: полнота корзины","value":100},{"label":"Транспорт: доступность","value":27.206},{"label":"Зелёные зоны: доступность","value":26.471}]},"geometry":{"type":"Polygon","coordinates":[[[41.435717,52.703968],[41.435284,52.704029],[41.435279,52.704026],[41.435183,52.7039],[41.435113,52.703742],[41.434757,52.703839],[41.434154,52.70325],[41.437677,52.702272],[41.438102,52.702883],[41.438419,52.703345],[41.438438,52.703375],[41.437083,52.703798],[41.437307,52.704065],[41.43623,52.704361],[41.435944,52.703993],[41.435717,52.703968]]]}},{"type":"Feature","id":"1160","properties":{"id":"1160","city":"tambov","baseScore":51.81991614765808,"baseScoreNoCommerce":55.11101403508773,"baseRank":116,"population":58.993606041992194,"blocks":{"housing":1,"infra":0.21677070175438595,"transport":0.40678,"work":0.132,"green":1,"commerce":0.35364426710509844},"indicators":[{"label":"Жильё: плотность","value":17.765},{"label":"Жильё: обеспеченность","value":56.829},{"label":"Коммерческая инфраструктура: разнообразие","value":0},{"label":"Транспорт: доступность","value":40.678},{"label":"Крупные работодатели: обеспеченность","value":0.132},{"label":"Крупные работодатели: плотность","value":0},{"label":"Зелёные зоны: доступность","value":100},{"label":"Экономика: активность ФНС","value":5.724},{"label":"Экономика: ККТ","value":3.205},{"label":"Экономика: медианный чек","value":0}]},"geometry":{"type":"Polygon","coordinates":[[[41.43987,52.713394],[41.439856,52.713391],[41.439246,52.713283],[41.437841,52.713034],[41.437848,52.713016],[41.438087,52.712445],[41.438087,52.712444],[41.438193,52.712165],[41.438393,52.711642],[41.438529,52.711357],[41.440515,52.711979],[41.441493,52.712325],[41.44155,52.712358],[41.440033,52.713433],[41.43987,52.713394]]]}},{"type":"Feature","id":"1161","properties":{"id":"1161","city":"tambov","baseScore":45.9281995666121,"baseScoreNoCommerce":53.54143393116579,"baseRank":168,"population":151.9798107424072,"blocks":{"housing":0.4401566088389919,"infra":0.22391508771929824,"transport":1,"work":0.013,"green":1,"commerce":0.07862027743843629},"indicators":[{"label":"Жильё: плотность","value":39.919},{"label":"Жильё: обеспеченность","value":37.722},{"label":"Жильё: износ","value":65.489},{"label":"Жильё: этажность","value":2.857143},{"label":"Коммерческая инфраструктура: разнообразие","value":0},{"label":"Транспорт: доступность","value":100},{"label":"Крупные работодатели: обеспеченность","value":0.013},{"label":"Крупные работодатели: плотность","value":0},{"label":"Зелёные зоны: доступность","value":100},{"label":"Экономика: активность ФНС","value":2},{"label":"Экономика: ККТ","value":0.58},{"label":"Экономика: медианный чек","value":0}]},"geometry":{"type":"Polygon","coordinates":[[[41.43309,52.711491],[41.433287,52.711322],[41.433482,52.711153],[41.433966,52.710736],[41.434554,52.710266],[41.434764,52.710098],[41.434854,52.710026],[41.436199,52.710575],[41.435986,52.711132],[41.43545,52.712228],[41.435449,52.71223],[41.435314,52.712551],[41.435313,52.712553],[41.433614,52.712229],[41.433414,52.712188],[41.43341,52.712191],[41.432888,52.712102],[41.432884,52.712101],[41.43263,52.712062],[41.43269,52.71196],[41.432821,52.711755],[41.432888,52.711674],[41.43305,52.711528],[41.43309,52.711491]]]}},{"type":"Feature","id":"1167","properties":{"id":"1167","city":"tambov","baseScore":60.6760792609048,"baseScoreNoCommerce":60.828599234595316,"baseRank":48,"population":1385.813840628516,"blocks":{"housing":0.3072932365835667,"infra":0.7231367251461989,"transport":1,"work":0.011,"green":1,"commerce":0.5991347939245225},"indicators":[{"label":"Жильё: плотность","value":162.312},{"label":"Жильё: обеспеченность","value":4.595},{"label":"Жильё: износ","value":35.781},{"label":"Жильё: этажность","value":9.5},{"label":"Коммерческая инфраструктура: разнообразие","value":0.20833333333333334},{"label":"Коммерческая инфраструктура: полнота корзины","value":100},{"label":"Транспорт: доступность","value":100},{"label":"Крупные работодатели: обеспеченность","value":0.011},{"label":"Крупные работодатели: плотность","value":0},{"label":"Зелёные зоны: доступность","value":100},{"label":"Экономика: активность ФНС","value":7.971},{"label":"Экономика: ККТ","value":9.39},{"label":"Экономика: медианный чек","value":148.799}]},"geometry":{"type":"Polygon","coordinates":[[[41.441281,52.738038],[41.43997,52.737111],[41.440767,52.736708],[41.441163,52.736514],[41.441167,52.736512],[41.441323,52.736469],[41.441368,52.736481],[41.441368,52.736481],[41.441368,52.736481],[41.441792,52.736602],[41.441794,52.736602],[41.441915,52.736635],[41.441916,52.736635],[41.441916,52.736635],[41.442101,52.736685],[41.44212,52.736689],[41.442168,52.736695],[41.442178,52.7367],[41.442221,52.736716],[41.442423,52.736772],[41.442483,52.736782],[41.442546,52.73678],[41.442602,52.736768],[41.443059,52.736822],[41.44306,52.736822],[41.443062,52.736823],[41.443386,52.736859],[41.44502,52.737046],[41.445022,52.737046],[41.446007,52.737151],[41.446018,52.73716],[41.446068,52.737183],[41.446127,52.737195],[41.446997,52.737288],[41.447092,52.737298],[41.447157,52.737352],[41.447157,52.737353],[41.44734,52.737503],[41.447375,52.737549],[41.447342,52.737662],[41.447192,52.738135],[41.44719,52.738183],[41.44719,52.738184],[41.447167,52.738225],[41.446939,52.739017],[41.445928,52.738901],[41.444592,52.738746],[41.444592,52.738746],[41.443644,52.738637],[41.443641,52.738637],[41.443423,52.738615],[41.443115,52.73858],[41.442893,52.738554],[41.442878,52.738553],[41.442552,52.738535],[41.4425,52.738538],[41.442453,52.738551],[41.442218,52.738652],[41.44221,52.738656],[41.441281,52.738038]]]}},{"type":"Feature","id":"1170","properties":{"id":"1170","city":"tambov","baseScore":55.927372920455966,"baseScoreNoCommerce":55.87129196385641,"baseRank":89,"population":198.97478337597653,"blocks":{"housing":0.43618173269574445,"infra":0.6902128654970761,"transport":1,"work":0.034,"green":0.63317,"commerce":0.5620777770345372},"indicators":[{"label":"Жильё: плотность","value":37.352},{"label":"Жильё: обеспеченность","value":27.726},{"label":"Жильё: износ","value":50.317},{"label":"Жильё: этажность","value":4.666667},{"label":"Коммерческая инфраструктура: разнообразие","value":0.08333333333333333},{"label":"Коммерческая инфраструктура: полнота корзины","value":100},{"label":"Транспорт: доступность","value":100},{"label":"Крупные работодатели: обеспеченность","value":0.034},{"label":"Крупные работодатели: плотность","value":0},{"label":"Зелёные зоны: доступность","value":63.317},{"label":"Экономика: активность ФНС","value":7.452},{"label":"Экономика: ККТ","value":6.97},{"label":"Экономика: медианный чек","value":71.265}]},"geometry":{"type":"Polygon","coordinates":[[[41.440979,52.735839],[41.44095,52.736237],[41.439652,52.736874],[41.438767,52.736194],[41.438015,52.735643],[41.438015,52.735643],[41.438015,52.735643],[41.437119,52.734987],[41.436457,52.734498],[41.436457,52.734498],[41.436457,52.734498],[41.435969,52.734138],[41.435966,52.734136],[41.435947,52.734122],[41.436074,52.73413],[41.436146,52.734136],[41.441211,52.734681],[41.440979,52.735839]]]}},{"type":"Feature","id":"1171","properties":{"id":"1171","city":"tambov","baseScore":50.02873550479475,"baseScoreNoCommerce":48.81901189958963,"baseRank":126,"population":265.96241330083006,"blocks":{"housing":0.651982934160768,"infra":0.6630776608187134,"transport":0.77444,"work":0.171,"green":0.18045,"commerce":0.5607735353082036},"indicators":[{"label":"Жильё: плотность","value":29.066},{"label":"Жильё: обеспеченность","value":38.869},{"label":"Коммерческая инфраструктура: разнообразие","value":0.041666666666666664},{"label":"Коммерческая инфраструктура: полнота корзины","value":100},{"label":"Транспорт: доступность","value":77.444},{"label":"Крупные работодатели: обеспеченность","value":0.171},{"label":"Крупные работодатели: плотность","value":0.001},{"label":"Зелёные зоны: доступность","value":18.045},{"label":"Экономика: активность ФНС","value":8.022},{"label":"Экономика: ККТ","value":7.969},{"label":"Экономика: медианный чек","value":114.293}]},"geometry":{"type":"Polygon","coordinates":[[[41.435006,52.733437],[41.434332,52.732891],[41.434185,52.732764],[41.4341,52.732681],[41.434059,52.732611],[41.434051,52.73253],[41.434055,52.732473],[41.434212,52.732049],[41.434213,52.732045],[41.43423,52.731993],[41.434234,52.731963],[41.434234,52.731962],[41.441627,52.732766],[41.441556,52.733009],[41.44124,52.734096],[41.441125,52.734486],[41.436191,52.733958],[41.436183,52.733957],[41.436107,52.733952],[41.435909,52.733938],[41.435878,52.733938],[41.435773,52.733944],[41.435734,52.733949],[41.435716,52.733955],[41.435006,52.733437]]]}},{"type":"Feature","id":"1172","properties":{"id":"1172","city":"tambov","baseScore":37.53865592899132,"baseScoreNoCommerce":38.08103707120818,"baseRank":271,"population":247.96317636757814,"blocks":{"housing":0.3374137833849703,"infra":0.6553480701754385,"transport":0.69355,"work":0,"green":0.21774,"commerce":0.3482675021790703},"indicators":[{"label":"Жильё: плотность","value":29.882},{"label":"Жильё: обеспеченность","value":34.715},{"label":"Жильё: износ","value":77.5},{"label":"Жильё: этажность","value":2},{"label":"Коммерческая инфраструктура: разнообразие","value":0},{"label":"Коммерческая инфраструктура: полнота корзины","value":100},{"label":"Транспорт: доступность","value":69.355},{"label":"Зелёные зоны: доступность","value":21.774},{"label":"Экономика: активность ФНС","value":9.556},{"label":"Экономика: ККТ","value":4.471},{"label":"Экономика: медианный чек","value":0}]},"geometry":{"type":"Polygon","coordinates":[[[41.43421,52.731731],[41.43422,52.731663],[41.434437,52.73114],[41.434438,52.731139],[41.43475,52.730359],[41.442094,52.731134],[41.442092,52.731139],[41.441849,52.732001],[41.441723,52.732449],[41.441683,52.732579],[41.44168,52.732589],[41.434221,52.731778],[41.43421,52.731731]]]}},{"type":"Feature","id":"1174","properties":{"id":"1174","city":"tambov","baseScore":40.32862521608111,"baseScoreNoCommerce":39.80403183623874,"baseRank":228,"population":408.93924238571776,"blocks":{"housing":0.37248591929731756,"infra":0.6907556725146199,"transport":0.82396,"work":0.103,"green":0,"commerce":0.42951592115292925},"indicators":[{"label":"Жильё: плотность","value":31.587},{"label":"Жильё: обеспеченность","value":39.837},{"label":"Жильё: износ","value":79.882},{"label":"Жильё: этажность","value":1.666667},{"label":"Коммерческая инфраструктура: разнообразие","value":0.08333333333333333},{"label":"Коммерческая инфраструктура: полнота корзины","value":100},{"label":"Транспорт: доступность","value":82.396},{"label":"Крупные работодатели: обеспеченность","value":0.103},{"label":"Крупные работодатели: плотность","value":0},{"label":"Экономика: активность ФНС","value":8.103},{"label":"Экономика: ККТ","value":3.228},{"label":"Экономика: медианный чек","value":74.029}]},"geometry":{"type":"Polygon","coordinates":[[[41.442272,52.730978],[41.434745,52.730182],[41.435355,52.728201],[41.435649,52.72819],[41.435668,52.72819],[41.435958,52.728171],[41.436553,52.728114],[41.436642,52.72811],[41.436959,52.728116],[41.437067,52.728125],[41.437411,52.728154],[41.437787,52.728189],[41.438327,52.728239],[41.439319,52.728332],[41.440373,52.728433],[41.440594,52.728454],[41.442874,52.728689],[41.442272,52.730978]]]}},{"type":"Feature","id":"1176","properties":{"id":"1176","city":"tambov","baseScore":54.148232947299505,"baseScoreNoCommerce":50.21443330541842,"baseRank":101,"population":88.98931236086426,"blocks":{"housing":0.6288106711188741,"infra":0.6699109941520467,"transport":1,"work":0.212,"green":0,"commerce":0.7381723115670497},"indicators":[{"label":"Жильё: плотность","value":37.223},{"label":"Жильё: обеспеченность","value":27.489},{"label":"Жильё: износ","value":18.5},{"label":"Жильё: этажность","value":4},{"label":"Коммерческая инфраструктура: разнообразие","value":0.041666666666666664},{"label":"Коммерческая инфраструктура: полнота корзины","value":100},{"label":"Транспорт: доступность","value":100},{"label":"Крупные работодатели: обеспеченность","value":0.212},{"label":"Крупные работодатели: плотность","value":0.001},{"label":"Экономика: активность ФНС","value":6.69},{"label":"Экономика: ККТ","value":6.4},{"label":"Экономика: медианный чек","value":359.991}]},"geometry":{"type":"Polygon","coordinates":[[[41.441192,52.726397],[41.441557,52.724982],[41.441603,52.724987],[41.442557,52.725091],[41.44378,52.725224],[41.443664,52.725619],[41.443575,52.725922],[41.443551,52.726005],[41.44341,52.726484],[41.443371,52.726618],[41.441192,52.726397]]]}},{"type":"Feature","id":"1177","properties":{"id":"1177","city":"tambov","baseScore":42.17815598286429,"baseScoreNoCommerce":39.159691802261726,"baseRank":210,"population":174.97858922131346,"blocks":{"housing":0.28679821584408033,"infra":0.671186374269006,"transport":1,"work":0,"green":0,"commerce":0.5727047688587708},"indicators":[{"label":"Жильё: плотность","value":34.239},{"label":"Жильё: обеспеченность","value":34.827},{"label":"Жильё: износ","value":98.125},{"label":"Жильё: этажность","value":2.5},{"label":"Коммерческая инфраструктура: разнообразие","value":0.08333333333333333},{"label":"Коммерческая инфраструктура: полнота корзины","value":100},{"label":"Транспорт: доступность","value":100},{"label":"Экономика: активность ФНС","value":7.89},{"label":"Экономика: ККТ","value":5.586},{"label":"Экономика: медианный чек","value":190.645}]},"geometry":{"type":"Polygon","coordinates":[[[41.439391,52.726225],[41.437774,52.726053],[41.436194,52.725855],[41.436345,52.725265],[41.436581,52.724501],[41.43795,52.724642],[41.438045,52.724643],[41.438123,52.724628],[41.438278,52.724644],[41.438599,52.724677],[41.439717,52.724792],[41.440097,52.724831],[41.440535,52.724877],[41.44058,52.724881],[41.440581,52.724881],[41.441265,52.724952],[41.4409,52.726368],[41.439391,52.726225]]]}},{"type":"Feature","id":"1178","properties":{"id":"1178","city":"tambov","baseScore":76.22970801311985,"baseScoreNoCommerce":72.6604678362573,"baseRank":5,"population":4.999699772338867,"blocks":{"housing":1,"infra":0.7010233918128655,"transport":1,"work":0.932,"green":0,"commerce":0.9407590889743256},"indicators":[{"label":"Жильё: плотность","value":1.147},{"label":"Жильё: обеспеченность","value":77.294},{"label":"Жильё: этажность","value":11},{"label":"Коммерческая инфраструктура: разнообразие","value":0.20833333333333334},{"label":"Коммерческая инфраструктура: полнота корзины","value":100},{"label":"Транспорт: доступность","value":100},{"label":"Крупные работодатели: обеспеченность","value":0.932},{"label":"Крупные работодатели: плотность","value":0.002},{"label":"Экономика: активность ФНС","value":9.309},{"label":"Экономика: ККТ","value":25.546},{"label":"Экономика: медианный чек","value":301.327}]},"geometry":{"type":"Polygon","coordinates":[[[41.440159,52.7232],[41.439536,52.72313],[41.437341,52.722883],[41.437069,52.722861],[41.437487,52.721653],[41.437719,52.721686],[41.438295,52.721751],[41.438295,52.721751],[41.439264,52.721859],[41.439456,52.721881],[41.440759,52.722026],[41.44086,52.722038],[41.442132,52.722188],[41.441776,52.723382],[41.440159,52.7232]]]}},{"type":"Feature","id":"1179","properties":{"id":"1179","city":"tambov","baseScore":61.894564087788375,"baseScoreNoCommerce":55.18263107697155,"baseRank":43,"population":705.9047566417726,"blocks":{"housing":0.399171378409981,"infra":0.7505901754385964,"transport":1,"work":0.319,"green":0.29037,"commerce":0.9545422914187249},"indicators":[{"label":"Жильё: плотность","value":128.443},{"label":"Жильё: обеспеченность","value":8.684},{"label":"Жильё: износ","value":26.22},{"label":"Жильё: этажность","value":9},{"label":"Коммерческая инфраструктура: разнообразие","value":0.375},{"label":"Коммерческая инфраструктура: полнота корзины","value":100},{"label":"Транспорт: доступность","value":100},{"label":"Крупные работодатели: обеспеченность","value":0.319},{"label":"Крупные работодатели: плотность","value":0.006},{"label":"Зелёные зоны: доступность","value":29.037},{"label":"Экономика: активность ФНС","value":9.73},{"label":"Экономика: ККТ","value":35.535},{"label":"Экономика: медианный чек","value":299.775}]},"geometry":{"type":"Polygon","coordinates":[[[41.440914,52.721861],[41.440813,52.72185],[41.440156,52.721776],[41.439509,52.721704],[41.439317,52.721682],[41.438349,52.721574],[41.437773,52.721509],[41.437772,52.721509],[41.437623,52.721492],[41.437618,52.721486],[41.437821,52.720875],[41.438008,52.720317],[41.438008,52.720317],[41.438008,52.720316],[41.438113,52.719998],[41.438114,52.719994],[41.438138,52.719908],[41.441044,52.720214],[41.441044,52.720214],[41.441045,52.720214],[41.442343,52.720346],[41.442522,52.720365],[41.442496,52.720458],[41.442455,52.720606],[41.442341,52.721015],[41.442064,52.72199],[41.440914,52.721861]]]}},{"type":"Feature","id":"1180","properties":{"id":"1180","city":"tambov","baseScore":57.51397118104388,"baseScoreNoCommerce":54.63724273187827,"baseRank":74,"population":1105.8492736706544,"blocks":{"housing":0.25100529448864983,"infra":0.8414668421052632,"transport":1,"work":0.011,"green":0.62839,"commerce":0.7189761342687192},"indicators":[{"label":"Жильё: плотность","value":91.653},{"label":"Жильё: обеспеченность","value":14.228},{"label":"Жильё: износ","value":59.179},{"label":"Жильё: этажность","value":5.2},{"label":"Коммерческая инфраструктура: разнообразие","value":0.625},{"label":"Коммерческая инфраструктура: полнота корзины","value":100},{"label":"Транспорт: доступность","value":100},{"label":"Крупные работодатели: обеспеченность","value":0.011},{"label":"Крупные работодатели: плотность","value":0},{"label":"Зелёные зоны: доступность","value":62.839},{"label":"Экономика: активность ФНС","value":8.983},{"label":"Экономика: ККТ","value":21.938},{"label":"Экономика: медианный чек","value":366.818}]},"geometry":{"type":"Polygon","coordinates":[[[41.438719,52.719638],[41.438226,52.719584],[41.438224,52.719584],[41.438132,52.719575],[41.438156,52.719498],[41.438314,52.719034],[41.438314,52.719033],[41.438388,52.718805],[41.438388,52.718805],[41.438537,52.718334],[41.438645,52.717991],[41.438645,52.71799],[41.438843,52.717346],[41.438854,52.717347],[41.444491,52.717945],[41.445809,52.718088],[41.445809,52.718089],[41.445632,52.718633],[41.44563,52.718637],[41.44548,52.719178],[41.44548,52.719179],[41.445474,52.719201],[41.445402,52.71945],[41.445315,52.719751],[41.445248,52.719982],[41.445174,52.720236],[41.445173,52.720241],[41.445157,52.720308],[41.438719,52.719638]]]}},{"type":"Feature","id":"1181","properties":{"id":"1181","city":"tambov","baseScore":39.24807023514019,"baseScoreNoCommerce":43.79177251281618,"baseRank":243,"population":283.9661307693848,"blocks":{"housing":0.4623408478630311,"infra":0.6321777777777777,"transport":0.81338,"work":0,"green":0.28169,"commerce":0.16529558846760234},"indicators":[{"label":"Жильё: плотность","value":33.682},{"label":"Жильё: обеспеченность","value":46.143},{"label":"Жильё: износ","value":75.196},{"label":"Жильё: этажность","value":1.25},{"label":"Коммерческая инфраструктура: разнообразие","value":0.08333333333333333},{"label":"Коммерческая инфраструктура: полнота корзины","value":92.254},{"label":"Транспорт: доступность","value":81.338},{"label":"Зелёные зоны: доступность","value":28.169},{"label":"Экономика: активность ФНС","value":5.911},{"label":"Экономика: ККТ","value":0.654},{"label":"Экономика: медианный чек","value":0}]},"geometry":{"type":"Polygon","coordinates":[[[41.438898,52.717169],[41.439376,52.715666],[41.439379,52.715655],[41.439381,52.715655],[41.444878,52.716239],[41.446405,52.716399],[41.445944,52.717971],[41.438906,52.71717],[41.438903,52.71717],[41.438898,52.717169]]]}},{"type":"Feature","id":"1182","properties":{"id":"1182","city":"tambov","baseScore":49.04706684150257,"baseScoreNoCommerce":56.70341266703072,"baseRank":137,"population":201.97461300007322,"blocks":{"housing":0.8622660719480268,"infra":0.4778545614035088,"transport":0.81188,"work":0,"green":0.68317,"commerce":0.10765337713861803},"indicators":[{"label":"Жильё: плотность","value":24.319},{"label":"Жильё: обеспеченность","value":42.61},{"label":"Жильё: износ","value":0},{"label":"Жильё: этажность","value":1},{"label":"Коммерческая инфраструктура: разнообразие","value":0},{"label":"Коммерческая инфраструктура: полнота корзины","value":55.446},{"label":"Транспорт: доступность","value":81.188},{"label":"Зелёные зоны: доступность","value":68.317},{"label":"Экономика: активность ФНС","value":5},{"label":"Экономика: ККТ","value":0.124},{"label":"Экономика: медианный чек","value":0}]},"geometry":{"type":"Polygon","coordinates":[[[41.439434,52.715478],[41.439813,52.714307],[41.439813,52.714307],[41.43993,52.713941],[41.440085,52.713958],[41.445045,52.714503],[41.446882,52.714713],[41.44644,52.716259],[41.444929,52.716062],[41.439434,52.715478]]]}},{"type":"Feature","id":"1193","properties":{"id":"1193","city":"tambov","baseScore":59.47867854979344,"baseScoreNoCommerce":51.71284280796499,"baseRank":58,"population":282.9607729506836,"blocks":{"housing":0.33187303708440963,"infra":0.82041910331384,"transport":1,"work":0.239,"green":0.19435,"commerce":0.9830785725893568},"indicators":[{"label":"Жильё: плотность","value":44.69},{"label":"Жильё: обеспеченность","value":31.984},{"label":"Жильё: износ","value":74.082},{"label":"Жильё: этажность","value":3.055556},{"label":"Коммерческая инфраструктура: разнообразие","value":0.5138888888888888},{"label":"Коммерческая инфраструктура: полнота корзины","value":100},{"label":"Транспорт: доступность","value":100},{"label":"Крупные работодатели: обеспеченность","value":0.239},{"label":"Крупные работодатели: плотность","value":0.001},{"label":"Зелёные зоны: доступность","value":19.435},{"label":"Экономика: активность ФНС","value":9.676},{"label":"Экономика: ККТ","value":79.009},{"label":"Экономика: медианный чек","value":365.155}]},"geometry":{"type":"Polygon","coordinates":[[[41.442431,52.722121],[41.442456,52.722036],[41.442456,52.722035],[41.442735,52.721056],[41.442735,52.721056],[41.442849,52.720646],[41.44289,52.720499],[41.442916,52.720406],[41.443731,52.72049],[41.443732,52.72049],[41.443732,52.720491],[41.444587,52.720576],[41.445105,52.72063],[41.445174,52.720638],[41.445182,52.720644],[41.445247,52.720672],[41.445322,52.720686],[41.4454,52.720685],[41.445475,52.72067],[41.445476,52.720669],[41.445601,52.720682],[41.44673,52.720804],[41.446731,52.720804],[41.447629,52.720897],[41.447678,52.720902],[41.447651,52.720999],[41.447651,52.721],[41.44759,52.721218],[41.447441,52.721752],[41.447398,52.721902],[41.447218,52.722533],[41.447193,52.722622],[41.447193,52.722623],[41.442431,52.722121]]]}},{"type":"Feature","id":"1194","properties":{"id":"1194","city":"tambov","baseScore":39.744081215437106,"baseScoreNoCommerce":45.04345057490037,"baseRank":234,"population":132.98041099001466,"blocks":{"housing":0.7313972655871231,"infra":0.27265526315789473,"transport":1,"work":0,"green":0.24812,"commerce":0.13247234418120774},"indicators":[{"label":"Жильё: плотность","value":20.071},{"label":"Жильё: обеспеченность","value":42.964},{"label":"Коммерческая инфраструктура: разнообразие","value":0},{"label":"Транспорт: доступность","value":100},{"label":"Зелёные зоны: доступность","value":24.812},{"label":"Экономика: активность ФНС","value":5.225},{"label":"Экономика: ККТ","value":0.271},{"label":"Экономика: медианный чек","value":0}]},"geometry":{"type":"Polygon","coordinates":[[[41.444748,52.710688],[41.444912,52.710702],[41.447917,52.711026],[41.447383,52.712956],[41.446699,52.712854],[41.446468,52.712829],[41.446468,52.712829],[41.446468,52.712829],[41.446226,52.712804],[41.446064,52.712787],[41.445896,52.712769],[41.445707,52.712749],[41.445496,52.712727],[41.445496,52.712727],[41.445496,52.712727],[41.445013,52.712676],[41.445013,52.712676],[41.445013,52.712676],[41.444062,52.712576],[41.442383,52.712391],[41.442038,52.71234],[41.442033,52.712339],[41.441986,52.712326],[41.442008,52.712311],[41.442008,52.712311],[41.444423,52.710614],[41.444471,52.710628],[41.444556,52.710652],[41.444575,52.710656],[41.444726,52.710685],[41.444748,52.710688]]]}},{"type":"Feature","id":"1195","properties":{"id":"1195","city":"tambov","baseScore":37.948514253789,"baseScoreNoCommerce":43.43264549490423,"baseRank":263,"population":145.98403984140623,"blocks":{"housing":0.3516423137315659,"infra":0.28178996101364523,"transport":0.85616,"work":0.093,"green":0.58904,"commerce":0.10527858048212865},"indicators":[{"label":"Жильё: плотность","value":21.208},{"label":"Жильё: обеспеченность","value":41.237},{"label":"Жильё: износ","value":85.5},{"label":"Жильё: этажность","value":1},{"label":"Коммерческая инфраструктура: разнообразие","value":0.027777777777777776},{"label":"Транспорт: доступность","value":85.616},{"label":"Крупные работодатели: обеспеченность","value":0.093},{"label":"Крупные работодатели: плотность","value":0},{"label":"Зелёные зоны: доступность","value":58.904},{"label":"Экономика: активность ФНС","value":3.095},{"label":"Экономика: ККТ","value":0.817},{"label":"Экономика: медианный чек","value":0}]},"geometry":{"type":"Polygon","coordinates":[[[41.447215,52.71309],[41.447212,52.713099],[41.447324,52.713126],[41.446924,52.714531],[41.446809,52.714514],[41.445097,52.714326],[41.440138,52.713781],[41.440011,52.713767],[41.440039,52.713731],[41.440194,52.713595],[41.441776,52.712474],[41.441783,52.712468],[41.441914,52.712503],[41.441914,52.712503],[41.441931,52.712508],[41.441956,52.712513],[41.442318,52.712566],[41.442326,52.712567],[41.44401,52.712753],[41.444011,52.712753],[41.444963,52.712853],[41.445446,52.712904],[41.445657,52.712926],[41.445657,52.712926],[41.445657,52.712926],[41.445845,52.712946],[41.446013,52.712964],[41.446175,52.712981],[41.446175,52.712981],[41.446176,52.712981],[41.446418,52.713006],[41.446648,52.713031],[41.446648,52.713031],[41.446648,52.713031],[41.447215,52.71309]]]}},{"type":"Feature","id":"1196","properties":{"id":"1196","city":"tambov","baseScore":58.39050470267343,"baseScoreNoCommerce":54.618348280698484,"baseRank":69,"population":1702.7764035629882,"blocks":{"housing":0.3772763029238132,"infra":0.736111111111111,"transport":1,"work":0.018,"green":0.59953,"commerce":0.7725128681254823},"indicators":[{"label":"Жильё: плотность","value":260.34},{"label":"Жильё: обеспеченность","value":3.443},{"label":"Жильё: износ","value":24.358},{"label":"Жильё: этажность","value":10.4},{"label":"Коммерческая инфраструктура: разнообразие","value":0.20833333333333334},{"label":"Коммерческая инфраструктура: полнота корзины","value":100},{"label":"Транспорт: доступность","value":100},{"label":"Крупные работодатели: обеспеченность","value":0.018},{"label":"Крупные работодатели: плотность","value":0},{"label":"Зелёные зоны: доступность","value":59.953},{"label":"Экономика: активность ФНС","value":8.945},{"label":"Экономика: ККТ","value":17.964},{"label":"Экономика: медианный чек","value":307.981}]},"geometry":{"type":"Polygon","coordinates":[[[41.442124,52.732813],[41.443128,52.732933],[41.44313,52.732933],[41.445424,52.733193],[41.445426,52.733193],[41.445723,52.733224],[41.44577,52.733229],[41.445832,52.733236],[41.446289,52.733284],[41.447043,52.733362],[41.441706,52.736008],[41.441253,52.735677],[41.441736,52.73415],[41.441736,52.734149],[41.442052,52.733062],[41.442124,52.732813]]]}},{"type":"Feature","id":"1197","properties":{"id":"1197","city":"tambov","baseScore":68.82555504896054,"baseScoreNoCommerce":65.54633248624192,"baseRank":19,"population":685.9107668717775,"blocks":{"housing":0.37276106875654,"infra":0.8055555555555557,"transport":1,"work":0.099,"green":1,"commerce":0.8522166786255362},"indicators":[{"label":"Жильё: плотность","value":101.549},{"label":"Жильё: обеспеченность","value":4.915},{"label":"Жильё: износ","value":25.095},{"label":"Жильё: этажность","value":11.166667},{"label":"Коммерческая инфраструктура: разнообразие","value":0.4166666666666667},{"label":"Коммерческая инфраструктура: полнота корзины","value":100},{"label":"Транспорт: доступность","value":100},{"label":"Крупные работодатели: обеспеченность","value":0.099},{"label":"Крупные работодатели: плотность","value":0.001},{"label":"Зелёные зоны: доступность","value":100},{"label":"Экономика: активность ФНС","value":9.954},{"label":"Экономика: ККТ","value":128.908},{"label":"Экономика: медианный чек","value":259.878}]},"geometry":{"type":"Polygon","coordinates":[[[41.442345,52.732052],[41.442588,52.731191],[41.442766,52.731211],[41.443441,52.731287],[41.44415,52.731366],[41.444345,52.731387],[41.444345,52.731387],[41.444345,52.731387],[41.444482,52.731403],[41.444529,52.731408],[41.444686,52.731426],[41.444831,52.731442],[41.444831,52.731442],[41.444831,52.731442],[41.445568,52.731524],[41.446,52.731572],[41.448951,52.731902],[41.448766,52.732506],[41.447364,52.733205],[41.445788,52.733049],[41.445774,52.733047],[41.445477,52.733016],[41.443185,52.732757],[41.442177,52.732636],[41.442178,52.732635],[41.442218,52.732504],[41.442219,52.732501],[41.442345,52.732052]]]}},{"type":"Feature","id":"1198","properties":{"id":"1198","city":"tambov","baseScore":62.121462030168075,"baseScoreNoCommerce":64.71041906325394,"baseRank":41,"population":490.93224941621094,"blocks":{"housing":0.662298906379072,"infra":0.6791620467836257,"transport":1,"work":0.002,"green":0.89206,"commerce":0.4917667686473874},"indicators":[{"label":"Жильё: плотность","value":50.851},{"label":"Жильё: обеспеченность","value":25.677},{"label":"Жильё: износ","value":10.166},{"label":"Жильё: этажность","value":8.2},{"label":"Коммерческая инфраструктура: разнообразие","value":0.041666666666666664},{"label":"Коммерческая инфраструктура: полнота корзины","value":100},{"label":"Транспорт: доступность","value":100},{"label":"Крупные работодатели: обеспеченность","value":0.002},{"label":"Крупные работодатели: плотность","value":0},{"label":"Зелёные зоны: доступность","value":89.206},{"label":"Экономика: активность ФНС","value":8.918},{"label":"Экономика: ККТ","value":12.395},{"label":"Экономика: медианный чек","value":0.607}]},"geometry":{"type":"Polygon","coordinates":[[[41.442195,52.736374],[41.442019,52.736247],[41.442495,52.736022],[41.4425,52.73602],[41.442672,52.735934],[41.443105,52.735719],[41.447697,52.733435],[41.448625,52.733541],[41.448122,52.735342],[41.447631,52.737148],[41.445074,52.736869],[41.44344,52.736682],[41.44344,52.736682],[41.442667,52.736592],[41.442641,52.736572],[41.442589,52.736551],[41.442409,52.736501],[41.442305,52.736451],[41.442195,52.736374]]]}},{"type":"Feature","id":"1200","properties":{"id":"1200","city":"tambov","baseScore":67.24769007779663,"baseScoreNoCommerce":67.69656074347996,"baseRank":24,"population":10.999075297949219,"blocks":{"housing":0.7079274523786767,"infra":0.6769005847953217,"transport":1,"work":0,"green":1,"commerce":0.6500333674937999},"indicators":[{"label":"Жильё: плотность","value":3.398},{"label":"Жильё: обеспеченность","value":61.366},{"label":"Жильё: износ","value":52},{"label":"Жильё: этажность","value":3},{"label":"Коммерческая инфраструктура: разнообразие","value":0.08333333333333333},{"label":"Коммерческая инфраструктура: полнота корзины","value":100},{"label":"Транспорт: доступность","value":100},{"label":"Зелёные зоны: доступность","value":100},{"label":"Экономика: активность ФНС","value":7.781},{"label":"Экономика: ККТ","value":6.213},{"label":"Экономика: медианный чек","value":340.516}]},"geometry":{"type":"Polygon","coordinates":[[[41.444537,52.738923],[41.445872,52.739077],[41.446891,52.739195],[41.446707,52.739759],[41.446563,52.740199],[41.446513,52.740238],[41.44648,52.740292],[41.446359,52.74066],[41.446358,52.740662],[41.446268,52.740952],[41.445996,52.740804],[41.445005,52.740256],[41.444834,52.740161],[41.443789,52.739582],[41.443276,52.739284],[41.442615,52.7389],[41.442754,52.738726],[41.442844,52.738731],[41.443059,52.738756],[41.44306,52.738756],[41.443369,52.738792],[41.443372,52.738792],[41.44359,52.738814],[41.444537,52.738923]]]}},{"type":"Feature","id":"1203","properties":{"id":"1203","city":"tambov","baseScore":47.45470633864916,"baseScoreNoCommerce":44.68087664658197,"baseRank":151,"population":1846.752452191455,"blocks":{"housing":0.5674791539665253,"infra":0.6719746783625732,"transport":0.69843,"work":0,"green":0.29616,"commerce":0.6132385479898514},"indicators":[{"label":"Жильё: плотность","value":211.921},{"label":"Жильё: обеспеченность","value":13.273},{"label":"Жильё: износ","value":6.011},{"label":"Жильё: этажность","value":5},{"label":"Коммерческая инфраструктура: разнообразие","value":0.16666666666666666},{"label":"Коммерческая инфраструктура: полнота корзины","value":100},{"label":"Транспорт: доступность","value":69.843},{"label":"Зелёные зоны: доступность","value":29.616},{"label":"Экономика: активность ФНС","value":7.654},{"label":"Экономика: ККТ","value":8.032},{"label":"Экономика: медианный чек","value":451.693}]},"geometry":{"type":"Polygon","coordinates":[[[41.439359,52.758033],[41.439319,52.758033],[41.438583,52.758037],[41.438276,52.758038],[41.437886,52.758038],[41.437403,52.758038],[41.437411,52.757766],[41.43756,52.757687],[41.437565,52.757684],[41.437571,52.75768],[41.437573,52.757678],[41.437575,52.757677],[41.437578,52.757672],[41.437582,52.757668],[41.437583,52.757666],[41.437584,52.757664],[41.437584,52.757659],[41.437586,52.757654],[41.437601,52.757007],[41.437601,52.757007],[41.437607,52.756333],[41.437615,52.75554],[41.438049,52.755402],[41.438712,52.755191],[41.439344,52.75499],[41.440029,52.754773],[41.440667,52.75457],[41.440668,52.75457],[41.441324,52.754354],[41.441361,52.75445],[41.441348,52.755486],[41.441348,52.755487],[41.441335,52.757004],[41.44133,52.757674],[41.441327,52.75803],[41.440994,52.758031],[41.440662,52.758031],[41.440518,52.758031],[41.440516,52.758031],[41.439853,52.758034],[41.439362,52.758033],[41.439359,52.758033]]]}},{"type":"Feature","id":"1206","properties":{"id":"1206","city":"tambov","baseScore":32.02086574430841,"baseScoreNoCommerce":38.4250388931701,"baseRank":325,"population":141.9823305591797,"blocks":{"housing":0.6233782604479783,"infra":0.26266368421052627,"transport":1,"work":0,"green":0.03521,"commerce":0},"indicators":[{"label":"Жильё: плотность","value":28.952},{"label":"Жильё: обеспеченность","value":37.394},{"label":"Коммерческая инфраструктура: разнообразие","value":0},{"label":"Транспорт: доступность","value":100},{"label":"Зелёные зоны: доступность","value":3.521}]},"geometry":{"type":"Polygon","coordinates":[[[41.449726,52.703422],[41.449901,52.703515],[41.44991,52.703519],[41.4524,52.704598],[41.452444,52.704617],[41.451812,52.705068],[41.451811,52.705069],[41.451626,52.705204],[41.451626,52.705204],[41.450988,52.705672],[41.450918,52.705721],[41.450916,52.705723],[41.450824,52.705792],[41.450818,52.705797],[41.450776,52.705833],[41.450745,52.70586],[41.450741,52.705864],[41.450543,52.706057],[41.450542,52.706058],[41.450478,52.706122],[41.45047,52.706118],[41.450469,52.706118],[41.450324,52.706052],[41.450314,52.706046],[41.450313,52.706046],[41.447723,52.704697],[41.447703,52.704687],[41.447706,52.704685],[41.449569,52.703348],[41.449578,52.703342],[41.449591,52.703349],[41.449724,52.703421],[41.449726,52.703422]]]}},{"type":"Feature","id":"1207","properties":{"id":"1207","city":"tambov","baseScore":38.10000769057165,"baseScoreNoCommerce":45.72000922868599,"baseRank":259,"population":75.98827831689455,"blocks":{"housing":0.5796276544167556,"infra":0.25900280701754386,"transport":1,"work":0,"green":0.44737,"commerce":0},"indicators":[{"label":"Жильё: плотность","value":17.42},{"label":"Жильё: обеспеченность","value":35.138},{"label":"Коммерческая инфраструктура: разнообразие","value":0},{"label":"Транспорт: доступность","value":100},{"label":"Зелёные зоны: доступность","value":44.737}]},"geometry":{"type":"Polygon","coordinates":[[[41.452573,52.704452],[41.452572,52.704451],[41.451668,52.704061],[41.451664,52.70406],[41.45146,52.703977],[41.451249,52.703891],[41.45107,52.703817],[41.450575,52.703597],[41.450091,52.703377],[41.449921,52.703287],[41.449787,52.703214],[41.449783,52.703212],[41.449771,52.703206],[41.451643,52.701903],[41.451671,52.701884],[41.451713,52.701906],[41.453296,52.702728],[41.453524,52.702849],[41.453527,52.70287],[41.453545,52.702896],[41.453575,52.702917],[41.453615,52.702932],[41.453624,52.702933],[41.453741,52.703106],[41.453899,52.703352],[41.453902,52.703357],[41.453979,52.703453],[41.453981,52.703454],[41.454048,52.703533],[41.454038,52.703536],[41.453962,52.703564],[41.453936,52.703577],[41.453796,52.703661],[41.453792,52.703663],[41.45359,52.703795],[41.453585,52.703798],[41.452637,52.70448],[41.452573,52.704452]]]}},{"type":"Feature","id":"1211","properties":{"id":"1211","city":"tambov","baseScore":68.43783813874175,"baseScoreNoCommerce":67.65596801840294,"baseRank":22,"population":110.98602401567382,"blocks":{"housing":0.326428030549777,"infra":0.7453703703703703,"transport":1,"work":0.311,"green":1,"commerce":0.7234718874043577},"indicators":[{"label":"Жильё: плотность","value":63.089},{"label":"Жильё: обеспеченность","value":26.764},{"label":"Жильё: износ","value":66.709},{"label":"Жильё: этажность","value":3.5},{"label":"Коммерческая инфраструктура: разнообразие","value":0.23611111111111108},{"label":"Коммерческая инфраструктура: полнота корзины","value":100},{"label":"Транспорт: доступность","value":100},{"label":"Крупные работодатели: обеспеченность","value":0.311},{"label":"Крупные работодатели: плотность","value":0.003},{"label":"Зелёные зоны: доступность","value":100},{"label":"Экономика: активность ФНС","value":9.774},{"label":"Экономика: ККТ","value":4.132},{"label":"Экономика: медианный чек","value":149.053}]},"geometry":{"type":"Polygon","coordinates":[[[41.452937,52.732169],[41.451242,52.731985],[41.450734,52.731929],[41.450924,52.731833],[41.451397,52.731596],[41.452182,52.731209],[41.452184,52.731208],[41.452353,52.731123],[41.453115,52.73075],[41.453123,52.730746],[41.453169,52.730722],[41.453222,52.730704],[41.453241,52.730701],[41.453262,52.730698],[41.4533,52.730696],[41.453355,52.730695],[41.453726,52.73073],[41.453596,52.731236],[41.453447,52.731755],[41.453436,52.731793],[41.453436,52.731794],[41.453435,52.731796],[41.453331,52.732202],[41.453328,52.732213],[41.452938,52.732169],[41.452938,52.732169],[41.452937,52.732169]]]}},{"type":"Feature","id":"1212","properties":{"id":"1212","city":"tambov","baseScore":66.24806041980914,"baseScoreNoCommerce":62.94054346728052,"baseRank":27,"population":1063.8656778863524,"blocks":{"housing":0.34165680299365536,"infra":0.7453703703703703,"transport":1,"work":0.06,"green":1,"commerce":0.8278564518245224},"indicators":[{"label":"Жильё: плотность","value":255.245},{"label":"Жильё: обеспеченность","value":4.958},{"label":"Жильё: износ","value":30.172},{"label":"Жильё: этажность","value":12.8},{"label":"Коммерческая инфраструктура: разнообразие","value":0.23611111111111108},{"label":"Коммерческая инфраструктура: полнота корзины","value":100},{"label":"Транспорт: доступность","value":100},{"label":"Крупные работодатели: обеспеченность","value":0.06},{"label":"Крупные работодатели: плотность","value":0.002},{"label":"Зелёные зоны: доступность","value":100},{"label":"Экономика: активность ФНС","value":8.027},{"label":"Экономика: ККТ","value":13.57},{"label":"Экономика: медианный чек","value":551.085}]},"geometry":{"type":"Polygon","coordinates":[[[41.451077,52.73136],[41.450603,52.731597],[41.450602,52.731598],[41.450602,52.731598],[41.450289,52.731757],[41.450289,52.731757],[41.450214,52.731795],[41.450104,52.731849],[41.450088,52.731856],[41.450019,52.731848],[41.449883,52.731832],[41.449499,52.731784],[41.449503,52.731768],[41.449617,52.731376],[41.449808,52.730719],[41.449875,52.730486],[41.449941,52.730258],[41.449961,52.73019],[41.449971,52.730155],[41.450131,52.729609],[41.450131,52.729608],[41.450131,52.729608],[41.450259,52.729145],[41.450799,52.729247],[41.450799,52.729247],[41.450799,52.729247],[41.450971,52.72928],[41.4512,52.729323],[41.4512,52.729323],[41.4512,52.729323],[41.451813,52.729439],[41.452071,52.729488],[41.453038,52.729697],[41.452733,52.730545],[41.452035,52.730886],[41.452032,52.730887],[41.451864,52.730973],[41.451079,52.731359],[41.451078,52.731359],[41.451077,52.73136]],[[41.450536,52.731489],[41.450369,52.73137],[41.450284,52.731306],[41.450267,52.731315],[41.450521,52.731496],[41.450536,52.731489]]]}},{"type":"Feature","id":"1214","properties":{"id":"1214","city":"tambov","baseScore":71.364850951552,"baseScoreNoCommerce":66.72433867651459,"baseRank":8,"population":537.9298734140624,"blocks":{"housing":0.34017845429356597,"infra":0.7660384795321638,"transport":1,"work":0.23,"green":1,"commerce":0.945674123267391},"indicators":[{"label":"Жильё: плотность","value":128.624},{"label":"Жильё: обеспеченность","value":14.002},{"label":"Жильё: износ","value":44.266},{"label":"Жильё: этажность","value":4.583333},{"label":"Коммерческая инфраструктура: разнообразие","value":0.3333333333333333},{"label":"Коммерческая инфраструктура: полнота корзины","value":100},{"label":"Транспорт: доступность","value":100},{"label":"Крупные работодатели: обеспеченность","value":0.23},{"label":"Крупные работодатели: плотность","value":0.004},{"label":"Зелёные зоны: доступность","value":100},{"label":"Экономика: активность ФНС","value":9.497},{"label":"Экономика: ККТ","value":37.25},{"label":"Экономика: медианный чек","value":478.143}]},"geometry":{"type":"Polygon","coordinates":[[[41.451444,52.727454],[41.450682,52.727386],[41.450687,52.727362],[41.450773,52.727011],[41.450773,52.72701],[41.450884,52.72654],[41.450884,52.72654],[41.450891,52.72651],[41.451024,52.726001],[41.451102,52.726008],[41.451256,52.726024],[41.451467,52.726045],[41.451474,52.726046],[41.451512,52.726048],[41.4517,52.726067],[41.452218,52.726119],[41.45276,52.726174],[41.453088,52.726207],[41.453311,52.726229],[41.453761,52.726277],[41.453763,52.726277],[41.454406,52.72634],[41.454547,52.726354],[41.454933,52.726393],[41.454842,52.726724],[41.454773,52.726979],[41.454773,52.726979],[41.454628,52.727513],[41.454612,52.72757],[41.454612,52.727571],[41.454612,52.727571],[41.454612,52.727571],[41.454612,52.727571],[41.454587,52.727661],[41.454548,52.727806],[41.453585,52.727697],[41.452667,52.727592],[41.451448,52.727454],[41.451446,52.727454],[41.451444,52.727454]]]}},{"type":"Feature","id":"1218","properties":{"id":"1218","city":"tambov","baseScore":67.37278308286221,"baseScoreNoCommerce":61.85182474715904,"baseRank":23,"population":1692.7853620605467,"blocks":{"housing":0.3055482549018118,"infra":0.7907029824561403,"transport":1,"work":0.056,"green":0.94034,"commerce":0.9497757476137811},"indicators":[{"label":"Жильё: плотность","value":198.225},{"label":"Жильё: обеспеченность","value":8.259},{"label":"Жильё: износ","value":40.829},{"label":"Жильё: этажность","value":7.588235},{"label":"Коммерческая инфраструктура: разнообразие","value":0.375},{"label":"Коммерческая инфраструктура: полнота корзины","value":100},{"label":"Транспорт: доступность","value":100},{"label":"Крупные работодатели: обеспеченность","value":0.056},{"label":"Крупные работодатели: плотность","value":0.001},{"label":"Зелёные зоны: доступность","value":94.034},{"label":"Экономика: активность ФНС","value":9.444},{"label":"Экономика: ККТ","value":43.668},{"label":"Экономика: медианный чек","value":248.686}]},"geometry":{"type":"Polygon","coordinates":[[[41.452802,52.737656],[41.452323,52.737607],[41.452305,52.737605],[41.452306,52.737602],[41.452306,52.7376],[41.452656,52.736385],[41.45295,52.736419],[41.452957,52.73642],[41.453123,52.736434],[41.453163,52.736434],[41.453202,52.736428],[41.453354,52.736388],[41.453396,52.736371],[41.453426,52.736347],[41.453441,52.736319],[41.453447,52.736298],[41.453514,52.73603],[41.454178,52.736105],[41.45418,52.736105],[41.454181,52.736105],[41.454249,52.736112],[41.454594,52.736154],[41.454594,52.736154],[41.454595,52.736154],[41.456005,52.736322],[41.456005,52.736322],[41.456005,52.736322],[41.456094,52.736332],[41.456391,52.736368],[41.456521,52.736383],[41.456522,52.736383],[41.456522,52.736383],[41.456623,52.736395],[41.457033,52.736445],[41.459127,52.736593],[41.45929,52.736554],[41.459391,52.736507],[41.459561,52.736518],[41.459694,52.736634],[41.46006,52.736728],[41.458335,52.738358],[41.457881,52.738259],[41.455018,52.737935],[41.454805,52.737911],[41.454068,52.737828],[41.453798,52.737797],[41.453797,52.737797],[41.453442,52.737758],[41.453431,52.737749],[41.453381,52.737726],[41.453322,52.737713],[41.452804,52.737657],[41.452803,52.737656],[41.452802,52.737656]]]}},{"type":"Feature","id":"1233","properties":{"id":"1233","city":"tambov","baseScore":38.45220030316225,"baseScoreNoCommerce":44.0334437526474,"baseRank":254,"population":198.97776540332032,"blocks":{"housing":0.5713274507902648,"infra":0.6303447368421052,"transport":1,"work":0,"green":0,"commerce":0.10545983055736481},"indicators":[{"label":"Жильё: плотность","value":31.745},{"label":"Жильё: обеспеченность","value":34.71},{"label":"Коммерческая инфраструктура: разнообразие","value":0},{"label":"Коммерческая инфраструктура: полнота корзины","value":100},{"label":"Транспорт: доступность","value":100},{"label":"Экономика: активность ФНС","value":5},{"label":"Экономика: ККТ","value":0.082},{"label":"Экономика: медианный чек","value":0}]},"geometry":{"type":"Polygon","coordinates":[[[41.458035,52.742459],[41.456893,52.742022],[41.458146,52.740847],[41.459656,52.7394],[41.46172,52.740684],[41.45931,52.742964],[41.458035,52.742459]]]}},{"type":"Feature","id":"1235","properties":{"id":"1235","city":"tambov","baseScore":40.934792559089004,"baseScoreNoCommerce":39.656900241895556,"baseRank":221,"population":891.8893307975098,"blocks":{"housing":0.32766992437548,"infra":0.6341750877192982,"transport":1,"work":0.021,"green":0,"commerce":0.4732425414505621},"indicators":[{"label":"Жильё: плотность","value":276.093},{"label":"Жильё: обеспеченность","value":8.559},{"label":"Жильё: износ","value":37.693},{"label":"Жильё: этажность","value":6},{"label":"Коммерческая инфраструктура: разнообразие","value":0},{"label":"Коммерческая инфраструктура: полнота корзины","value":100},{"label":"Транспорт: доступность","value":100},{"label":"Крупные работодатели: обеспеченность","value":0.021},{"label":"Крупные работодатели: плотность","value":0.001},{"label":"Экономика: активность ФНС","value":9.025},{"label":"Экономика: ККТ","value":5.018},{"label":"Экономика: медианный чек","value":0}]},"geometry":{"type":"Polygon","coordinates":[[[41.458473,52.738671],[41.459445,52.739268],[41.45944,52.739273],[41.459104,52.739579],[41.459101,52.739581],[41.457946,52.740703],[41.456669,52.741901],[41.456418,52.741808],[41.456053,52.741671],[41.455628,52.741511],[41.455542,52.741479],[41.456669,52.740376],[41.456702,52.740372],[41.456741,52.740357],[41.456771,52.740336],[41.456835,52.740274],[41.457479,52.739644],[41.458183,52.738955],[41.458431,52.738712],[41.458473,52.738671]]]}},{"type":"Feature","id":"1239","properties":{"id":"1239","city":"tambov","baseScore":21.60947691430528,"baseScoreNoCommerce":20.472777708236176,"baseRank":369,"population":954.8848008832032,"blocks":{"housing":0.3405266047100543,"infra":0.4202822807017544,"transport":0,"work":0,"green":0.26283,"commerce":0.2729297294465078},"indicators":[{"label":"Жильё: плотность","value":275.223},{"label":"Жильё: обеспеченность","value":7.429},{"label":"Жильё: износ","value":33.806},{"label":"Жильё: этажность","value":7},{"label":"Коммерческая инфраструктура: разнообразие","value":0},{"label":"Коммерческая инфраструктура: полнота корзины","value":36.859},{"label":"Зелёные зоны: доступность","value":26.283},{"label":"Экономика: активность ФНС","value":5.509},{"label":"Экономика: ККТ","value":2.423},{"label":"Экономика: медианный чек","value":0}]},"geometry":{"type":"Polygon","coordinates":[[[41.467858,52.73629],[41.467689,52.736235],[41.466865,52.735969],[41.465976,52.735681],[41.465074,52.73539],[41.464883,52.735328],[41.464752,52.735262],[41.464736,52.735252],[41.464655,52.735198],[41.464552,52.735091],[41.464475,52.735011],[41.464414,52.734936],[41.464378,52.734908],[41.464245,52.734838],[41.464219,52.734827],[41.464078,52.734781],[41.462953,52.734392],[41.462758,52.734325],[41.462752,52.734323],[41.462703,52.734307],[41.462886,52.734028],[41.462888,52.734024],[41.462933,52.733945],[41.462936,52.733939],[41.462963,52.733878],[41.462965,52.73387],[41.462969,52.733857],[41.463076,52.733475],[41.463148,52.733295],[41.463207,52.733055],[41.463984,52.733162],[41.463881,52.733348],[41.463975,52.73337],[41.46371,52.733807],[41.465353,52.734356],[41.465458,52.734447],[41.466013,52.73463],[41.465723,52.734931],[41.468201,52.735877],[41.467858,52.73629]]]}},{"type":"Feature","id":"1240","properties":{"id":"1240","city":"tambov","baseScore":52.52583524099295,"baseScoreNoCommerce":54.36647298606256,"baseRank":110,"population":13.998312473950195,"blocks":{"housing":0.6757199650926017,"infra":0.1854636842105263,"transport":1,"work":0,"green":0.85714,"commerce":0.43322646515644864},"indicators":[{"label":"Жильё: плотность","value":7.663},{"label":"Жильё: обеспеченность","value":40.093},{"label":"Коммерческая инфраструктура: разнообразие","value":0},{"label":"Транспорт: доступность","value":100},{"label":"Зелёные зоны: доступность","value":85.714},{"label":"Экономика: активность ФНС","value":9.064},{"label":"Экономика: ККТ","value":1.369},{"label":"Экономика: медианный чек","value":0}]},"geometry":{"type":"Polygon","coordinates":[[[41.47854,52.735233],[41.477767,52.735051],[41.47778,52.734932],[41.47793,52.734449],[41.47816,52.734047],[41.47816,52.734045],[41.478203,52.733959],[41.479593,52.733733],[41.479619,52.733726],[41.479989,52.733553],[41.480003,52.733545],[41.480037,52.733517],[41.480066,52.733522],[41.480009,52.733628],[41.480007,52.733632],[41.479849,52.734069],[41.479848,52.73407],[41.479641,52.734686],[41.479551,52.734906],[41.479551,52.734906],[41.479423,52.735245],[41.478665,52.73523],[41.478655,52.73523],[41.47854,52.735233]]]}},{"type":"Feature","id":"1275","properties":{"id":"1275","city":"tambov","baseScore":42.54938597608531,"baseScoreNoCommerce":48.91108137223924,"baseRank":204,"population":73.99355672460938,"blocks":{"housing":0.36328757738389145,"infra":0.08226649122807017,"transport":1,"work":0,"green":1,"commerce":0.10740908995315705},"indicators":[{"label":"Жильё: плотность","value":12.432},{"label":"Жильё: обеспеченность","value":39.409},{"label":"Жильё: износ","value":80.706},{"label":"Жильё: этажность","value":2.5},{"label":"Коммерческая инфраструктура: разнообразие","value":0},{"label":"Транспорт: доступность","value":100},{"label":"Зелёные зоны: доступность","value":100},{"label":"Экономика: активность ФНС","value":1.714},{"label":"Экономика: ККТ","value":1.555},{"label":"Экономика: медианный чек","value":0}]},"geometry":{"type":"Polygon","coordinates":[[[41.509949,52.715477],[41.509949,52.715474],[41.509985,52.715466],[41.510554,52.715354],[41.510554,52.715354],[41.511678,52.715132],[41.511678,52.715132],[41.512667,52.714935],[41.512758,52.71509],[41.512771,52.715104],[41.512961,52.715242],[41.513081,52.715329],[41.513265,52.715518],[41.513391,52.715709],[41.513438,52.715867],[41.513426,52.716087],[41.513421,52.716181],[41.513421,52.716182],[41.513424,52.716531],[41.513399,52.716666],[41.513311,52.716803],[41.513153,52.716956],[41.512218,52.717499],[41.51114,52.718126],[41.51027,52.717316],[41.509804,52.716609],[41.509728,52.716486],[41.509726,52.716468],[41.509727,52.716453],[41.509737,52.71643],[41.509756,52.716409],[41.509844,52.716348],[41.509852,52.716341],[41.509902,52.716291],[41.509907,52.716285],[41.509939,52.716238],[41.51002,52.716123],[41.510026,52.716109],[41.510023,52.716094],[41.509841,52.715687],[41.509823,52.715612],[41.509852,52.715602],[41.509906,52.715567],[41.509939,52.715524],[41.509949,52.715477]]]}},{"type":"Feature","id":"1301","properties":{"id":"1301","city":"tambov","baseScore":56.04507174400501,"baseScoreNoCommerce":54.00404089400717,"baseRank":87,"population":1195.86136871416,"blocks":{"housing":0.26159145990503657,"infra":0.6769005847953217,"transport":0.76171,"work":0,"green":1,"commerce":0.6625022599399426},"indicators":[{"label":"Жильё: плотность","value":219.988},{"label":"Жильё: обеспеченность","value":6.55},{"label":"Жильё: износ","value":45.299},{"label":"Жильё: этажность","value":8.666667},{"label":"Коммерческая инфраструктура: разнообразие","value":0.08333333333333333},{"label":"Коммерческая инфраструктура: полнота корзины","value":100},{"label":"Транспорт: доступность","value":76.171},{"label":"Зелёные зоны: доступность","value":100},{"label":"Экономика: активность ФНС","value":9.869},{"label":"Экономика: ККТ","value":17.828},{"label":"Экономика: медианный чек","value":11.779}]},"geometry":{"type":"Polygon","coordinates":[[[41.472307,52.71065],[41.472274,52.710636],[41.472273,52.710635],[41.471336,52.710232],[41.471335,52.710231],[41.471289,52.710211],[41.471289,52.710211],[41.469977,52.709656],[41.469617,52.709497],[41.469398,52.7094],[41.468806,52.70914],[41.468817,52.70913],[41.468817,52.70913],[41.468817,52.70913],[41.46887,52.709086],[41.468951,52.709018],[41.469316,52.708735],[41.469322,52.708729],[41.469478,52.708588],[41.470077,52.708098],[41.470078,52.708097],[41.470078,52.708097],[41.470173,52.708016],[41.470269,52.707942],[41.470271,52.70794],[41.470436,52.707805],[41.470666,52.707907],[41.470669,52.707908],[41.470876,52.707994],[41.471553,52.708287],[41.471681,52.708343],[41.471682,52.708343],[41.471906,52.708439],[41.472497,52.708693],[41.473166,52.70899],[41.473812,52.709315],[41.473815,52.709316],[41.47399,52.709399],[41.473999,52.709403],[41.473873,52.709496],[41.473601,52.709696],[41.4736,52.709697],[41.473594,52.709701],[41.473147,52.710029],[41.473147,52.710029],[41.473019,52.710124],[41.472688,52.710368],[41.472307,52.71065]]]}},{"type":"Feature","id":"1302","properties":{"id":"1302","city":"tambov","baseScore":61.07891479714623,"baseScoreNoCommerce":59.34847419698001,"baseRank":46,"population":1894.7811674241213,"blocks":{"housing":0.24862238431293798,"infra":0.7926413255360624,"transport":0.87916,"work":0.047,"green":1,"commerce":0.6973111779797743},"indicators":[{"label":"Жильё: плотность","value":200.412},{"label":"Жильё: обеспеченность","value":7.7},{"label":"Жильё: износ","value":49.236},{"label":"Жильё: этажность","value":7.75},{"label":"Коммерческая инфраструктура: разнообразие","value":0.4305555555555555},{"label":"Коммерческая инфраструктура: полнота корзины","value":100},{"label":"Транспорт: доступность","value":87.916},{"label":"Крупные работодатели: обеспеченность","value":0.047},{"label":"Крупные работодатели: плотность","value":0.001},{"label":"Зелёные зоны: доступность","value":100},{"label":"Экономика: активность ФНС","value":8.058},{"label":"Экономика: ККТ","value":15.751},{"label":"Экономика: медианный чек","value":277.757}]},"geometry":{"type":"Polygon","coordinates":[[[41.470543,52.707631],[41.470418,52.707583],[41.470418,52.707584],[41.47041,52.707591],[41.470402,52.70759],[41.470402,52.70759],[41.470401,52.70759],[41.470379,52.707592],[41.470357,52.707594],[41.470356,52.707594],[41.470356,52.707595],[41.470336,52.707601],[41.470315,52.707607],[41.470315,52.707607],[41.470315,52.707607],[41.470299,52.707617],[41.470283,52.707627],[41.470283,52.707627],[41.470282,52.707627],[41.470216,52.707684],[41.470034,52.707832],[41.469938,52.707907],[41.469937,52.707909],[41.469934,52.70791],[41.469838,52.707992],[41.469238,52.708483],[41.469237,52.708485],[41.469234,52.708486],[41.469079,52.708626],[41.468716,52.708908],[41.468715,52.70891],[41.468713,52.708911],[41.46863,52.708981],[41.46863,52.708981],[41.46863,52.708981],[41.468578,52.709025],[41.468566,52.709034],[41.467541,52.708584],[41.467557,52.708571],[41.467561,52.708568],[41.469395,52.706998],[41.469826,52.70666],[41.469941,52.706569],[41.469941,52.706569],[41.469941,52.706569],[41.470114,52.706433],[41.470289,52.706295],[41.470296,52.706289],[41.470806,52.705859],[41.470874,52.705803],[41.470908,52.705774],[41.470931,52.705751],[41.471177,52.705857],[41.472156,52.706289],[41.472156,52.706289],[41.47253,52.706453],[41.472531,52.706453],[41.473713,52.706961],[41.475326,52.707675],[41.475326,52.707675],[41.475898,52.707927],[41.475933,52.707944],[41.47595,52.707958],[41.475938,52.707968],[41.475425,52.708341],[41.475423,52.708343],[41.475022,52.708646],[41.474799,52.708815],[41.474187,52.709264],[41.474172,52.709257],[41.473999,52.709175],[41.473351,52.70885],[41.473344,52.708846],[41.472671,52.708547],[41.472669,52.708546],[41.472077,52.708293],[41.471853,52.708196],[41.471725,52.708141],[41.471046,52.707847],[41.471043,52.707845],[41.470838,52.707761],[41.470543,52.707631]]]}},{"type":"Feature","id":"1303","properties":{"id":"1303","city":"tambov","baseScore":65.82537567800583,"baseScoreNoCommerce":66.37807208602402,"baseRank":28,"population":461.9464552379883,"blocks":{"housing":0.6117096276930137,"infra":0.7875939766081871,"transport":0.9026,"work":0.017,"green":1,"commerce":0.6306189363791487},"indicators":[{"label":"Жильё: плотность","value":40.972},{"label":"Жильё: обеспеченность","value":24.245},{"label":"Жильё: износ","value":16.157},{"label":"Жильё: этажность","value":6},{"label":"Коммерческая инфраструктура: разнообразие","value":0.4166666666666667},{"label":"Коммерческая инфраструктура: полнота корзины","value":100},{"label":"Транспорт: доступность","value":90.26},{"label":"Крупные работодатели: обеспеченность","value":0.017},{"label":"Крупные работодатели: плотность","value":0},{"label":"Зелёные зоны: доступность","value":100},{"label":"Экономика: активность ФНС","value":9.527},{"label":"Экономика: ККТ","value":14.627},{"label":"Экономика: медианный чек","value":202.81}]},"geometry":{"type":"Polygon","coordinates":[[[41.470917,52.705553],[41.471251,52.70464],[41.471384,52.704662],[41.471574,52.704685],[41.472707,52.704842],[41.47528,52.7052],[41.476484,52.705372],[41.476485,52.705372],[41.477524,52.705518],[41.477525,52.705519],[41.478631,52.70567],[41.478763,52.705689],[41.478764,52.70569],[41.479785,52.705835],[41.479786,52.705835],[41.480067,52.705874],[41.480091,52.705878],[41.479834,52.706312],[41.479638,52.706591],[41.479577,52.706656],[41.479516,52.706709],[41.479332,52.706842],[41.479032,52.706969],[41.47866,52.707099],[41.478444,52.707154],[41.478442,52.707155],[41.478331,52.707184],[41.478327,52.707185],[41.477879,52.707312],[41.477454,52.707431],[41.477452,52.707431],[41.476629,52.707668],[41.476626,52.707668],[41.476255,52.70778],[41.47624,52.707785],[41.47615,52.707821],[41.476134,52.707811],[41.47608,52.707785],[41.476075,52.707783],[41.4755,52.707529],[41.473886,52.706816],[41.473885,52.706816],[41.473884,52.706815],[41.472703,52.706307],[41.47233,52.706143],[41.47135,52.705711],[41.471348,52.70571],[41.470917,52.705553]]]}},{"type":"Feature","id":"1304","properties":{"id":"1304","city":"tambov","baseScore":60.07703305689909,"baseScoreNoCommerce":56.57842177099995,"baseRank":54,"population":1147.8725544683348,"blocks":{"housing":0.24840140044083586,"infra":0.7856396881091618,"transport":0.61847,"work":0.24,"green":0.93641,"commerce":0.7757008948639476},"indicators":[{"label":"Жильё: плотность","value":107.249},{"label":"Жильё: обеспеченность","value":13.859},{"label":"Жильё: износ","value":59.02},{"label":"Жильё: этажность","value":5.923077},{"label":"Коммерческая инфраструктура: разнообразие","value":0.47222222222222215},{"label":"Коммерческая инфраструктура: полнота корзины","value":100},{"label":"Транспорт: доступность","value":61.847},{"label":"Крупные работодатели: обеспеченность","value":0.24},{"label":"Крупные работодатели: плотность","value":0.003},{"label":"Зелёные зоны: доступность","value":93.641},{"label":"Экономика: активность ФНС","value":8.858},{"label":"Экономика: ККТ","value":31.846},{"label":"Экономика: медианный чек","value":147.354}]},"geometry":{"type":"Polygon","coordinates":[[[41.471312,52.704457],[41.471898,52.702918],[41.472413,52.70298],[41.473748,52.703161],[41.477892,52.703732],[41.477893,52.703733],[41.477894,52.703733],[41.478444,52.703805],[41.478485,52.70381],[41.478486,52.70381],[41.478528,52.703816],[41.479055,52.703885],[41.479258,52.703913],[41.479831,52.70401],[41.479838,52.704011],[41.479984,52.704031],[41.48,52.704033],[41.480285,52.704053],[41.480275,52.70416],[41.480275,52.704166],[41.48028,52.704471],[41.480262,52.704831],[41.480234,52.705239],[41.480201,52.705563],[41.480183,52.705676],[41.480172,52.705705],[41.480137,52.705699],[41.480134,52.705699],[41.479852,52.70566],[41.478832,52.705515],[41.478699,52.705495],[41.478697,52.705495],[41.477591,52.705343],[41.476552,52.705197],[41.475347,52.705025],[41.475346,52.705024],[41.472773,52.704667],[41.471638,52.704509],[41.471634,52.704509],[41.471312,52.704457]]]}},{"type":"Feature","id":"1305","properties":{"id":"1305","city":"tambov","baseScore":70.06453369259135,"baseScoreNoCommerce":64.80771000582244,"baseRank":12,"population":2184.7411397799074,"blocks":{"housing":0.32509861919950456,"infra":0.848196881091618,"transport":1,"work":0.187,"green":0.88009,"commerce":0.9634865212643587},"indicators":[{"label":"Жильё: плотность","value":202.585},{"label":"Жильё: обеспеченность","value":8.75},{"label":"Жильё: износ","value":38.415},{"label":"Жильё: этажность","value":7.25},{"label":"Коммерческая инфраструктура: разнообразие","value":0.5972222222222222},{"label":"Коммерческая инфраструктура: полнота корзины","value":100},{"label":"Транспорт: доступность","value":100},{"label":"Крупные работодатели: обеспеченность","value":0.187},{"label":"Крупные работодатели: плотность","value":0.005},{"label":"Зелёные зоны: доступность","value":88.009},{"label":"Экономика: активность ФНС","value":9.379},{"label":"Экономика: ККТ","value":59.177},{"label":"Экономика: медианный чек","value":340.987}]},"geometry":{"type":"Polygon","coordinates":[[[41.47135,52.702852],[41.471541,52.702899],[41.470548,52.705524],[41.469642,52.706269],[41.469154,52.706014],[41.469153,52.706014],[41.469129,52.706003],[41.469004,52.705946],[41.468686,52.705801],[41.468598,52.705756],[41.468399,52.705655],[41.468388,52.705647],[41.468387,52.705647],[41.468345,52.705616],[41.468309,52.70559],[41.46821,52.705506],[41.468168,52.705465],[41.46783,52.705106],[41.467811,52.705087],[41.467512,52.704769],[41.466809,52.704022],[41.466807,52.704019],[41.466681,52.703891],[41.466573,52.703782],[41.464934,52.701952],[41.465092,52.701973],[41.465584,52.702043],[41.465584,52.702043],[41.465584,52.702043],[41.466138,52.70212],[41.466138,52.70212],[41.466138,52.70212],[41.466398,52.702156],[41.466398,52.702156],[41.466734,52.702203],[41.467549,52.702316],[41.467549,52.702316],[41.467549,52.702316],[41.469171,52.702542],[41.469405,52.702576],[41.469406,52.702576],[41.469407,52.702576],[41.470178,52.702682],[41.470607,52.702741],[41.470962,52.702796],[41.470963,52.702796],[41.470964,52.702796],[41.47135,52.702852]]]}},{"type":"Feature","id":"1306","properties":{"id":"1306","city":"tambov","baseScore":45.867006227314164,"baseScoreNoCommerce":42.26212388747238,"baseRank":170,"population":1822.788387156494,"blocks":{"housing":0.24277252965626958,"infra":0.7338136647173489,"transport":1,"work":0.012,"green":0.12452,"commerce":0.6389141792652313},"indicators":[{"label":"Жильё: плотность","value":190.355},{"label":"Жильё: обеспеченность","value":7.448},{"label":"Жильё: износ","value":49.792},{"label":"Жильё: этажность","value":7.846154},{"label":"Коммерческая инфраструктура: разнообразие","value":0.2638888888888889},{"label":"Коммерческая инфраструктура: полнота корзины","value":100},{"label":"Транспорт: доступность","value":100},{"label":"Крупные работодатели: обеспеченность","value":0.012},{"label":"Крупные работодатели: плотность","value":0},{"label":"Зелёные зоны: доступность","value":12.452},{"label":"Экономика: активность ФНС","value":7.637},{"label":"Экономика: ККТ","value":19.921},{"label":"Экономика: медианный чек","value":136.342}]},"geometry":{"type":"Polygon","coordinates":[[[41.471033,52.702622],[41.470678,52.702567],[41.470676,52.702567],[41.470675,52.702566],[41.470244,52.702506],[41.470243,52.702506],[41.469473,52.702401],[41.469239,52.702367],[41.469238,52.702367],[41.469237,52.702366],[41.467615,52.702141],[41.4668,52.702028],[41.4668,52.702028],[41.4668,52.702028],[41.466464,52.701981],[41.466464,52.701981],[41.466464,52.701981],[41.466204,52.701945],[41.465651,52.701868],[41.465159,52.701798],[41.465158,52.701798],[41.465158,52.701798],[41.464805,52.70175],[41.464734,52.701733],[41.4647,52.701697],[41.4647,52.701696],[41.4647,52.701696],[41.464574,52.701561],[41.464445,52.701421],[41.464123,52.701038],[41.464121,52.701037],[41.464121,52.701035],[41.463546,52.700383],[41.4635,52.700326],[41.463442,52.700244],[41.463448,52.700232],[41.463485,52.700202],[41.463545,52.700167],[41.463563,52.700172],[41.463566,52.700172],[41.463568,52.700173],[41.463588,52.700176],[41.463608,52.700179],[41.46361,52.700179],[41.463613,52.700179],[41.463665,52.700181],[41.463698,52.700184],[41.463708,52.700184],[41.463991,52.700195],[41.465407,52.700288],[41.467743,52.700469],[41.467893,52.700483],[41.467894,52.700483],[41.468392,52.700527],[41.468988,52.700609],[41.469285,52.700649],[41.469576,52.700689],[41.471388,52.700938],[41.47209,52.701034],[41.472056,52.701108],[41.472056,52.701108],[41.472055,52.701109],[41.472016,52.701197],[41.472014,52.701202],[41.471887,52.701511],[41.471742,52.701864],[41.471691,52.70199],[41.471468,52.702531],[41.471468,52.702532],[41.471425,52.702637],[41.471423,52.702645],[41.471412,52.702676],[41.471033,52.702622]]]}},{"type":"Feature","id":"1308","properties":{"id":"1308","city":"tambov","baseScore":31.167339628479024,"baseScoreNoCommerce":33.95447449735558,"baseRank":338,"population":273.96780681704104,"blocks":{"housing":0.7840298652186561,"infra":0.5596738596491228,"transport":0.34307,"work":0,"green":0.01095,"commerce":0.1723166528409626},"indicators":[{"label":"Жильё: плотность","value":25.222},{"label":"Жильё: обеспеченность","value":45.678},{"label":"Коммерческая инфраструктура: разнообразие","value":0},{"label":"Коммерческая инфраструктура: полнота корзины","value":87.591},{"label":"Транспорт: доступность","value":34.307},{"label":"Зелёные зоны: доступность","value":1.095},{"label":"Экономика: активность ФНС","value":6},{"label":"Экономика: ККТ","value":0.626},{"label":"Экономика: медианный чек","value":0}]},"geometry":{"type":"Polygon","coordinates":[[[41.469824,52.698817],[41.46981,52.698805],[41.46979,52.698783],[41.469777,52.698757],[41.469772,52.698725],[41.469768,52.698663],[41.469785,52.698484],[41.469813,52.698225],[41.469862,52.69784],[41.469945,52.697448],[41.469945,52.697447],[41.470024,52.697061],[41.470135,52.696603],[41.470136,52.696603],[41.47024,52.696147],[41.47024,52.696147],[41.470315,52.695806],[41.470384,52.69556],[41.470416,52.695498],[41.470472,52.695454],[41.470497,52.695421],[41.470528,52.695343],[41.470532,52.695331],[41.470666,52.694564],[41.471513,52.694595],[41.471736,52.694543],[41.473565,52.69468],[41.473037,52.699339],[41.470139,52.698948],[41.469974,52.698902],[41.469869,52.69884],[41.469848,52.69883],[41.469824,52.698817]]]}},{"type":"Feature","id":"1311","properties":{"id":"1311","city":"tambov","baseScore":26.19219577799666,"baseScoreNoCommerce":31.43063493359599,"baseRank":361,"population":141.98261595336916,"blocks":{"housing":0.658382623872782,"infra":0.23708912280701755,"transport":0.67606,"work":0,"green":0,"commerce":0},"indicators":[{"label":"Жильё: плотность","value":30.465},{"label":"Жильё: обеспеченность","value":39.199},{"label":"Коммерческая инфраструктура: разнообразие","value":0},{"label":"Транспорт: доступность","value":67.606}]},"geometry":{"type":"Polygon","coordinates":[[[41.466396,52.694106],[41.466393,52.694099],[41.46643,52.693933],[41.466481,52.693713],[41.466481,52.693711],[41.466606,52.693057],[41.466641,52.693058],[41.468851,52.693119],[41.468852,52.693119],[41.470311,52.69315],[41.470312,52.69315],[41.471804,52.69318],[41.471858,52.693181],[41.471855,52.693231],[41.471788,52.693664],[41.471729,52.694024],[41.471632,52.694463],[41.471587,52.69448],[41.470685,52.694448],[41.470391,52.694427],[41.470129,52.6944],[41.469605,52.694308],[41.469587,52.694306],[41.468628,52.69425],[41.468624,52.69425],[41.468569,52.694248],[41.467481,52.694176],[41.466462,52.694109],[41.466456,52.694108],[41.466396,52.694106]]]}},{"type":"Feature","id":"1312","properties":{"id":"1312","city":"tambov","baseScore":15.050624666363868,"baseScoreNoCommerce":18.06074959963664,"baseRank":385,"population":118.98680155742187,"blocks":{"housing":0.6746727431397267,"infra":0.22836473684210531,"transport":0,"work":0,"green":0,"commerce":0},"indicators":[{"label":"Жильё: плотность","value":28.264},{"label":"Жильё: обеспеченность","value":40.039},{"label":"Коммерческая инфраструктура: разнообразие","value":0},{"label":"Коммерческая инфраструктура: полнота корзины","value":5.042}]},"geometry":{"type":"Polygon","coordinates":[[[41.47205,52.693186],[41.47207,52.693186],[41.472071,52.693186],[41.472732,52.693199],[41.472733,52.693199],[41.473572,52.693211],[41.475174,52.693244],[41.47531,52.693249],[41.475399,52.693254],[41.475492,52.693262],[41.475541,52.693268],[41.475577,52.693276],[41.475654,52.693302],[41.475696,52.693322],[41.475736,52.693348],[41.475794,52.693396],[41.475819,52.693421],[41.47583,52.693438],[41.475829,52.693549],[41.475829,52.693549],[41.475829,52.693678],[41.475829,52.693681],[41.475854,52.693994],[41.475856,52.694001],[41.475915,52.694221],[41.475921,52.694234],[41.476101,52.69449],[41.476105,52.694495],[41.47632,52.694737],[41.476314,52.69478],[41.476301,52.694807],[41.47528,52.694742],[41.473832,52.694619],[41.473539,52.694593],[41.471831,52.694439],[41.47192,52.694039],[41.471921,52.694037],[41.47198,52.693676],[41.47198,52.693675],[41.472047,52.693241],[41.472047,52.693237],[41.47205,52.693186]]]}},{"type":"Feature","id":"1319","properties":{"id":"1319","city":"tambov","baseScore":37.98816304381194,"baseScoreNoCommerce":37.14930792646311,"baseRank":261,"population":112.98718017121583,"blocks":{"housing":0.622253466498594,"infra":0.2352119298245614,"transport":1,"work":0,"green":0,"commerce":0.421824386305561},"indicators":[{"label":"Жильё: плотность","value":40.633},{"label":"Жильё: обеспеченность","value":37.336},{"label":"Коммерческая инфраструктура: разнообразие","value":0},{"label":"Транспорт: доступность","value":100},{"label":"Экономика: активность ФНС","value":7},{"label":"Экономика: ККТ","value":1.068},{"label":"Экономика: медианный чек","value":230}]},"geometry":{"type":"Polygon","coordinates":[[[41.460526,52.692752],[41.460526,52.692752],[41.461337,52.692811],[41.461752,52.692846],[41.461756,52.692846],[41.461883,52.692855],[41.462089,52.692875],[41.462089,52.692875],[41.462208,52.692887],[41.462318,52.692899],[41.462332,52.6929],[41.463136,52.692939],[41.463138,52.69294],[41.463383,52.69295],[41.463385,52.693003],[41.463254,52.693574],[41.46319,52.693916],[41.46316,52.693955],[41.463159,52.693955],[41.463041,52.693951],[41.462531,52.693917],[41.462528,52.693916],[41.462086,52.693895],[41.461969,52.69389],[41.461797,52.69388],[41.4615,52.693857],[41.461493,52.693856],[41.46131,52.693851],[41.461301,52.693851],[41.461133,52.693855],[41.461127,52.693855],[41.460809,52.693876],[41.460611,52.693888],[41.460608,52.693888],[41.460475,52.693899],[41.460162,52.693913],[41.46016,52.693913],[41.459978,52.693925],[41.459899,52.693929],[41.459898,52.693863],[41.459897,52.693853],[41.459825,52.69361],[41.459811,52.693294],[41.459808,52.692698],[41.459852,52.692701],[41.460526,52.692752]]]}},{"type":"Feature","id":"1320","properties":{"id":"1320","city":"tambov","baseScore":44.084196875100254,"baseScoreNoCommerce":51.36803372563051,"baseRank":188,"population":521.935402950586,"blocks":{"housing":0.6585913354043328,"infra":0.608790350877193,"transport":1,"work":0.006,"green":0.29502,"commerce":0.07665012622448934},"indicators":[{"label":"Жильё: плотность","value":53.922},{"label":"Жильё: обеспеченность","value":22.725},{"label":"Жильё: износ","value":6.099},{"label":"Жильё: этажность","value":5},{"label":"Коммерческая инфраструктура: разнообразие","value":0},{"label":"Коммерческая инфраструктура: полнота корзины","value":89.08},{"label":"Транспорт: доступность","value":100},{"label":"Крупные работодатели: обеспеченность","value":0.006},{"label":"Крупные работодатели: плотность","value":0},{"label":"Зелёные зоны: доступность","value":29.502},{"label":"Экономика: активность ФНС","value":2.447},{"label":"Экономика: ККТ","value":0.528},{"label":"Экономика: медианный чек","value":0}]},"geometry":{"type":"Polygon","coordinates":[[[41.461743,52.706046],[41.461743,52.706046],[41.461743,52.706046],[41.461652,52.706005],[41.461576,52.705971],[41.46144,52.705911],[41.460979,52.705702],[41.460161,52.705333],[41.459977,52.70525],[41.459977,52.70525],[41.459977,52.70525],[41.459874,52.705203],[41.459871,52.705201],[41.459089,52.704866],[41.459089,52.704866],[41.459089,52.704866],[41.459047,52.704848],[41.459011,52.704833],[41.458801,52.704743],[41.458688,52.704695],[41.458688,52.704695],[41.458688,52.704695],[41.457095,52.704012],[41.457472,52.703919],[41.45748,52.703917],[41.459639,52.703294],[41.459644,52.703292],[41.460501,52.703019],[41.460696,52.702957],[41.460726,52.702983],[41.460736,52.702992],[41.460799,52.703036],[41.460805,52.703039],[41.460903,52.703101],[41.460909,52.703104],[41.460993,52.703151],[41.461,52.703155],[41.461395,52.703346],[41.461918,52.703603],[41.462372,52.703832],[41.462372,52.703832],[41.462804,52.704049],[41.462806,52.70405],[41.463296,52.704289],[41.463711,52.704494],[41.463797,52.704537],[41.463798,52.704537],[41.463865,52.70457],[41.464772,52.705021],[41.464773,52.705021],[41.464893,52.70508],[41.464919,52.705093],[41.464177,52.705709],[41.464132,52.705747],[41.464045,52.705817],[41.464044,52.705818],[41.463086,52.706622],[41.46307,52.706635],[41.462435,52.706353],[41.461743,52.706046]]]}},{"type":"Feature","id":"1322","properties":{"id":"1322","city":"tambov","baseScore":48.438168589183675,"baseScoreNoCommerce":46.090118386564946,"baseRank":139,"population":462.9434154813476,"blocks":{"housing":0.5509042234218146,"infra":0.6630116959064327,"transport":1,"work":0.015,"green":0.07559,"commerce":0.6017841960227729},"indicators":[{"label":"Жильё: плотность","value":79.942},{"label":"Жильё: обеспеченность","value":16.411},{"label":"Жильё: износ","value":13.683},{"label":"Жильё: этажность","value":6.666667},{"label":"Коммерческая инфраструктура: разнообразие","value":0.041666666666666664},{"label":"Коммерческая инфраструктура: полнота корзины","value":100},{"label":"Транспорт: доступность","value":100},{"label":"Крупные работодатели: обеспеченность","value":0.015},{"label":"Крупные работодатели: плотность","value":0},{"label":"Зелёные зоны: доступность","value":7.559},{"label":"Экономика: активность ФНС","value":9.644},{"label":"Экономика: ККТ","value":5.759},{"label":"Экономика: медианный чек","value":399.369}]},"geometry":{"type":"Polygon","coordinates":[[[41.461598,52.70276],[41.461527,52.702677],[41.461687,52.702622],[41.461719,52.702612],[41.461804,52.702706],[41.462155,52.702592],[41.462483,52.70248],[41.463147,52.702232],[41.464296,52.701808],[41.46624,52.703961],[41.465094,52.704948],[41.465082,52.704941],[41.46508,52.704941],[41.464959,52.704881],[41.464052,52.704431],[41.464051,52.70443],[41.463984,52.704398],[41.463899,52.704355],[41.463899,52.704355],[41.463483,52.704149],[41.463482,52.704149],[41.462992,52.70391],[41.462561,52.703694],[41.462107,52.703465],[41.462105,52.703464],[41.461581,52.703206],[41.46158,52.703205],[41.461189,52.703016],[41.461112,52.702974],[41.461104,52.702969],[41.461283,52.702871],[41.461329,52.702851],[41.461598,52.70276]]]}},{"type":"Feature","id":"1324","properties":{"id":"1324","city":"tambov","baseScore":61.71230297661161,"baseScoreNoCommerce":61.23261729499019,"baseRank":45,"population":194.97743125000002,"blocks":{"housing":0.45578846708869053,"infra":0.5769223976608187,"transport":1,"work":0.152,"green":0.87692,"commerce":0.6411073138471872},"indicators":[{"label":"Жильё: плотность","value":38.71},{"label":"Жильё: обеспеченность","value":15.398},{"label":"Жильё: износ","value":27.605},{"label":"Жильё: этажность","value":7},{"label":"Коммерческая инфраструктура: разнообразие","value":0.16666666666666666},{"label":"Коммерческая инфраструктура: полнота корзины","value":65.128},{"label":"Транспорт: доступность","value":100},{"label":"Крупные работодатели: обеспеченность","value":0.152},{"label":"Крупные работодатели: плотность","value":0.001},{"label":"Зелёные зоны: доступность","value":87.692},{"label":"Экономика: активность ФНС","value":9.006},{"label":"Экономика: ККТ","value":7.788},{"label":"Экономика: медианный чек","value":302.644}]},"geometry":{"type":"Polygon","coordinates":[[[41.463904,52.701673],[41.463151,52.701921],[41.462558,52.702116],[41.462556,52.702117],[41.461899,52.702344],[41.460674,52.702761],[41.460364,52.70286],[41.459565,52.703114],[41.459553,52.703106],[41.459553,52.703105],[41.459225,52.702872],[41.459064,52.702756],[41.459306,52.702616],[41.459307,52.702615],[41.459476,52.702513],[41.459482,52.702509],[41.459578,52.702438],[41.459588,52.702429],[41.459644,52.702368],[41.459651,52.702359],[41.459879,52.701964],[41.460022,52.701721],[41.460102,52.701598],[41.460224,52.701452],[41.460382,52.701322],[41.460876,52.700963],[41.460882,52.700957],[41.461091,52.700764],[41.461324,52.700553],[41.461443,52.700593],[41.461449,52.700595],[41.46163,52.700648],[41.461651,52.700652],[41.461674,52.700653],[41.461756,52.700652],[41.461791,52.700647],[41.461875,52.700625],[41.461901,52.700615],[41.461921,52.700601],[41.461981,52.700539],[41.462075,52.700454],[41.462076,52.700452],[41.462163,52.70037],[41.462165,52.700368],[41.462233,52.700296],[41.462601,52.700106],[41.462751,52.700036],[41.463039,52.700449],[41.463046,52.700458],[41.463097,52.700521],[41.4631,52.700523],[41.463101,52.700525],[41.463676,52.701178],[41.464,52.701562],[41.464002,52.701564],[41.464004,52.701567],[41.464058,52.701626],[41.463908,52.701672],[41.463906,52.701673],[41.463904,52.701673]]]}},{"type":"Feature","id":"1334","properties":{"id":"1334","city":"tambov","baseScore":32.4553471120566,"baseScoreNoCommerce":37.68072719391809,"baseRank":320,"population":135.98464715722656,"blocks":{"housing":0.6408707456608165,"infra":0.1990456140350877,"transport":1,"work":0,"green":0.04412,"commerce":0.06328446702749169},"indicators":[{"label":"Жильё: плотность","value":31.148},{"label":"Жильё: обеспеченность","value":38.296},{"label":"Коммерческая инфраструктура: разнообразие","value":0},{"label":"Транспорт: доступность","value":100},{"label":"Зелёные зоны: доступность","value":4.412},{"label":"Экономика: активность ФНС","value":3},{"label":"Экономика: ККТ","value":0.044},{"label":"Экономика: медианный чек","value":0}]},"geometry":{"type":"Polygon","coordinates":[[[41.452804,52.697774],[41.452841,52.697778],[41.453008,52.697815],[41.453051,52.697134],[41.453082,52.696501],[41.454951,52.696573],[41.454924,52.697287],[41.455609,52.697312],[41.455559,52.698018],[41.455447,52.698552],[41.455324,52.699262],[41.45514,52.699315],[41.454827,52.699512],[41.453494,52.698612],[41.453199,52.698418],[41.453131,52.698362],[41.453131,52.698362],[41.452857,52.698134],[41.452607,52.697897],[41.452607,52.697896],[41.452532,52.697825],[41.45257,52.697809],[41.452692,52.697785],[41.45273,52.697778],[41.452768,52.697774],[41.452804,52.697774]]]}},{"type":"Feature","id":"1337","properties":{"id":"1337","city":"tambov","baseScore":20.27656148487998,"baseScoreNoCommerce":24.33187378185598,"baseRank":371,"population":61.992298329199215,"blocks":{"housing":0.3699650926015709,"infra":0.24985859649122807,"transport":0.59677,"work":0,"green":0,"commerce":0},"indicators":[{"label":"Жильё: плотность","value":30.074},{"label":"Жильё: обеспеченность","value":43.404},{"label":"Жильё: износ","value":100},{"label":"Жильё: этажность","value":1},{"label":"Коммерческая инфраструктура: разнообразие","value":0},{"label":"Транспорт: доступность","value":59.677}]},"geometry":{"type":"Polygon","coordinates":[[[41.455408,52.699375],[41.455603,52.699402],[41.455614,52.699403],[41.455946,52.699424],[41.455947,52.699424],[41.457175,52.699497],[41.458796,52.699585],[41.458201,52.699974],[41.457251,52.700547],[41.456754,52.700808],[41.456424,52.70055],[41.456419,52.700546],[41.454981,52.699594],[41.454975,52.69959],[41.454975,52.69959],[41.454981,52.699587],[41.454992,52.699581],[41.455236,52.699418],[41.455287,52.699393],[41.455328,52.699379],[41.455408,52.699375]]]}},{"type":"Feature","id":"1342","properties":{"id":"1342","city":"tambov","baseScore":57.654750560406484,"baseScoreNoCommerce":56.21214979810364,"baseRank":72,"population":468.94584151875,"blocks":{"housing":0.41165489731258964,"infra":0.7175925925925926,"transport":1,"work":0.24,"green":0.44136,"commerce":0.6486775437192075},"indicators":[{"label":"Жильё: плотность","value":75.648},{"label":"Жильё: обеспеченность","value":30.248},{"label":"Жильё: износ","value":58.312},{"label":"Жильё: этажность","value":4},{"label":"Коммерческая инфраструктура: разнообразие","value":0.15277777777777776},{"label":"Коммерческая инфраструктура: полнота корзины","value":100},{"label":"Транспорт: доступность","value":100},{"label":"Крупные работодатели: обеспеченность","value":0.24},{"label":"Крупные работодатели: плотность","value":0.002},{"label":"Зелёные зоны: доступность","value":44.136},{"label":"Экономика: активность ФНС","value":8.866},{"label":"Экономика: ККТ","value":12.744},{"label":"Экономика: медианный чек","value":45.629}]},"geometry":{"type":"Polygon","coordinates":[[[41.46312,52.709279],[41.46312,52.709279],[41.46312,52.709279],[41.463162,52.709298],[41.4632,52.709315],[41.4632,52.709315],[41.4632,52.709315],[41.463245,52.709335],[41.463247,52.709336],[41.463783,52.709568],[41.464361,52.709821],[41.465061,52.710133],[41.463337,52.711584],[41.462575,52.711245],[41.461967,52.710976],[41.461312,52.710687],[41.461163,52.710621],[41.46113,52.710606],[41.461092,52.710589],[41.461092,52.710589],[41.461092,52.710589],[41.460617,52.710379],[41.459628,52.709942],[41.459631,52.709939],[41.459632,52.709938],[41.461277,52.708487],[41.461304,52.708498],[41.461446,52.708554],[41.462134,52.708851],[41.462416,52.708973],[41.462956,52.709206],[41.46312,52.709279]]]}},{"type":"Feature","id":"1343","properties":{"id":"1343","city":"tambov","baseScore":55.74050422664588,"baseScoreNoCommerce":54.7329230796334,"baseRank":90,"population":537.9368558214355,"blocks":{"housing":0.2997576354631515,"infra":0.7685185185185185,"transport":1,"work":0.068,"green":0.60037,"commerce":0.6077840996170828},"indicators":[{"label":"Жильё: плотность","value":86.191},{"label":"Жильё: обеспеченность","value":4.347},{"label":"Жильё: износ","value":37.011},{"label":"Жильё: этажность","value":12},{"label":"Коммерческая инфраструктура: разнообразие","value":0.3055555555555555},{"label":"Коммерческая инфраструктура: полнота корзины","value":100},{"label":"Транспорт: доступность","value":100},{"label":"Крупные работодатели: обеспеченность","value":0.068},{"label":"Крупные работодатели: плотность","value":0.001},{"label":"Зелёные зоны: доступность","value":60.037},{"label":"Экономика: активность ФНС","value":8.574},{"label":"Экономика: ККТ","value":8.682},{"label":"Экономика: медианный чек","value":69.355}]},"geometry":{"type":"Polygon","coordinates":[[[41.46313,52.709061],[41.463128,52.70906],[41.462588,52.708827],[41.462305,52.708705],[41.461615,52.708406],[41.46161,52.708404],[41.461466,52.708347],[41.461447,52.70834],[41.461451,52.708336],[41.46269,52.707268],[41.463136,52.706888],[41.463168,52.706901],[41.465478,52.707905],[41.465481,52.707917],[41.46551,52.707951],[41.465554,52.707977],[41.465664,52.708025],[41.466215,52.708264],[41.466993,52.708578],[41.465211,52.709998],[41.464536,52.709676],[41.464535,52.709675],[41.463956,52.709422],[41.463955,52.709422],[41.463419,52.70919],[41.463375,52.70917],[41.463336,52.709153],[41.463336,52.709153],[41.463295,52.709134],[41.46313,52.709061]]]}},{"type":"Feature","id":"1345","properties":{"id":"1345","city":"tambov","baseScore":69.03540185730391,"baseScoreNoCommerce":66.21291513375438,"baseRank":17,"population":631.9222109291992,"blocks":{"housing":0.37096739411462004,"infra":0.8296783625730993,"transport":1,"work":0.11,"green":1,"commerce":0.8314783547505152},"indicators":[{"label":"Жильё: плотность","value":163.42},{"label":"Жильё: обеспеченность","value":12.34},{"label":"Жильё: износ","value":36.61},{"label":"Жильё: этажность","value":5.625},{"label":"Коммерческая инфраструктура: разнообразие","value":0.5416666666666666},{"label":"Коммерческая инфраструктура: полнота корзины","value":100},{"label":"Транспорт: доступность","value":100},{"label":"Крупные работодатели: обеспеченность","value":0.11},{"label":"Крупные работодатели: плотность","value":0.002},{"label":"Зелёные зоны: доступность","value":100},{"label":"Экономика: активность ФНС","value":8.553},{"label":"Экономика: ККТ","value":18.723},{"label":"Экономика: медианный чек","value":251.331}]},"geometry":{"type":"Polygon","coordinates":[[[41.460976,52.720033],[41.460974,52.720033],[41.460973,52.720034],[41.460923,52.720043],[41.460845,52.720055],[41.46055,52.720099],[41.460405,52.72012],[41.46032,52.720125],[41.460245,52.720129],[41.460096,52.720119],[41.459897,52.720083],[41.459897,52.720083],[41.459896,52.720083],[41.459351,52.719991],[41.459112,52.719949],[41.459112,52.719949],[41.459111,52.719949],[41.459023,52.719933],[41.457951,52.719748],[41.457957,52.719738],[41.457856,52.719646],[41.458669,52.718294],[41.459774,52.718565],[41.459835,52.718572],[41.459897,52.718567],[41.459916,52.718562],[41.461883,52.718982],[41.462318,52.719079],[41.462304,52.719097],[41.462304,52.719097],[41.46203,52.719459],[41.461966,52.719526],[41.461836,52.719651],[41.461711,52.719762],[41.461566,52.719858],[41.461441,52.719921],[41.461316,52.719966],[41.461078,52.720015],[41.460976,52.720033]]]}},{"type":"Feature","id":"1346","properties":{"id":"1346","city":"tambov","baseScore":71.61547548887243,"baseScoreNoCommerce":70.8592871096532,"baseRank":7,"population":283.96426067915036,"blocks":{"housing":0.49558228920585645,"infra":0.7833820662768032,"transport":1,"work":0.264,"green":1,"commerce":0.7539641738496865},"indicators":[{"label":"Жильё: плотность","value":61.347},{"label":"Жильё: обеспеченность","value":25.709},{"label":"Жильё: износ","value":37.429},{"label":"Жильё: этажность","value":4.3},{"label":"Коммерческая инфраструктура: разнообразие","value":0.40277777777777773},{"label":"Коммерческая инфраструктура: полнота корзины","value":100},{"label":"Транспорт: доступность","value":100},{"label":"Крупные работодатели: обеспеченность","value":0.264},{"label":"Крупные работодатели: плотность","value":0.002},{"label":"Зелёные зоны: доступность","value":100},{"label":"Экономика: активность ФНС","value":9.634},{"label":"Экономика: ККТ","value":11.611},{"label":"Экономика: медианный чек","value":525.947}]},"geometry":{"type":"Polygon","coordinates":[[[41.461984,52.718813],[41.461982,52.718812],[41.460015,52.718393],[41.460008,52.718383],[41.459965,52.718355],[41.45991,52.718336],[41.458766,52.718089],[41.459648,52.716657],[41.46001,52.716736],[41.460146,52.716768],[41.461055,52.716987],[41.461117,52.717002],[41.461121,52.717003],[41.462362,52.717275],[41.46244,52.717292],[41.462583,52.717323],[41.463005,52.717416],[41.463058,52.717427],[41.463059,52.717427],[41.463473,52.717518],[41.463509,52.717526],[41.463509,52.717526],[41.463518,52.717528],[41.46349,52.717566],[41.462591,52.718742],[41.462468,52.718903],[41.462455,52.718918],[41.461984,52.718813]]]}},{"type":"Feature","id":"1348","properties":{"id":"1348","city":"tambov","baseScore":48.09496852101654,"baseScoreNoCommerce":48.602782577677374,"baseRank":143,"population":55.99311572497559,"blocks":{"housing":0.5105837292737322,"infra":0.6586953996101365,"transport":0.01786,"work":0.243,"green":1,"commerce":0.45555898237712417},"indicators":[{"label":"Жильё: плотность","value":34.743},{"label":"Жильё: обеспеченность","value":6.341},{"label":"Жильё: износ","value":0},{"label":"Жильё: этажность","value":11},{"label":"Коммерческая инфраструктура: разнообразие","value":0.027777777777777776},{"label":"Коммерческая инфраструктура: полнота корзины","value":100},{"label":"Транспорт: доступность","value":1.786},{"label":"Крупные работодатели: обеспеченность","value":0.243},{"label":"Крупные работодатели: плотность","value":0.001},{"label":"Зелёные зоны: доступность","value":100},{"label":"Экономика: активность ФНС","value":7.57},{"label":"Экономика: ККТ","value":0.577},{"label":"Экономика: медианный чек","value":2355.286}]},"geometry":{"type":"Polygon","coordinates":[[[41.463606,52.715699],[41.463668,52.715613],[41.463863,52.715345],[41.463874,52.715318],[41.463872,52.715289],[41.46386,52.715271],[41.464021,52.715047],[41.464101,52.714937],[41.464132,52.714929],[41.464167,52.714912],[41.464192,52.714888],[41.46437,52.714642],[41.464371,52.714642],[41.466002,52.715371],[41.465969,52.715394],[41.465966,52.715396],[41.465744,52.715558],[41.46561,52.715655],[41.465606,52.715657],[41.465507,52.715735],[41.465455,52.715775],[41.465444,52.715785],[41.465398,52.715832],[41.465386,52.715847],[41.465338,52.715931],[41.465333,52.715942],[41.465284,52.716078],[41.465254,52.716141],[41.46523,52.716169],[41.465185,52.716201],[41.465092,52.716241],[41.464978,52.716286],[41.464974,52.716287],[41.464769,52.716372],[41.46472,52.716392],[41.464732,52.716354],[41.46477,52.716238],[41.464771,52.716209],[41.464758,52.716181],[41.464731,52.716158],[41.464692,52.716141],[41.464618,52.716117],[41.46403,52.715933],[41.463569,52.71579],[41.463552,52.715784],[41.463606,52.715699]]]}},{"type":"Feature","id":"1357","properties":{"id":"1357","city":"tambov","baseScore":40.582201707141614,"baseScoreNoCommerce":36.045607570754676,"baseRank":224,"population":53.99357317470704,"blocks":{"housing":0.5566663434500146,"infra":0.24561403508771928,"transport":1,"work":0,"green":0,"commerce":0.6326517238907629},"indicators":[{"label":"Жильё: плотность","value":34.587},{"label":"Жильё: обеспеченность","value":33.954},{"label":"Коммерческая инфраструктура: разнообразие","value":0},{"label":"Транспорт: доступность","value":100},{"label":"Экономика: активность ФНС","value":9.611},{"label":"Экономика: ККТ","value":4.288},{"label":"Экономика: медианный чек","value":29.823}]},"geometry":{"type":"Polygon","coordinates":[[[41.464238,52.694005],[41.464115,52.693999],[41.464093,52.693998],[41.464322,52.692988],[41.464398,52.692989],[41.464399,52.692989],[41.464551,52.69299],[41.465302,52.693019],[41.465464,52.693025],[41.465467,52.693025],[41.46563,52.693029],[41.4663,52.693049],[41.466301,52.693049],[41.466309,52.693049],[41.466188,52.693689],[41.466137,52.693908],[41.466137,52.693908],[41.466097,52.694091],[41.466097,52.694097],[41.465366,52.69406],[41.465365,52.69406],[41.465202,52.694053],[41.465119,52.694047],[41.465118,52.694047],[41.465118,52.694047],[41.465118,52.694047],[41.465116,52.694047],[41.464918,52.694037],[41.464918,52.694037],[41.464238,52.694005]]]}},{"type":"Feature","id":"1358","properties":{"id":"1358","city":"tambov","baseScore":32.72461061409463,"baseScoreNoCommerce":39.269532736913554,"baseRank":317,"population":335.96188933125,"blocks":{"housing":0.6285755842140988,"infra":0.334901052631579,"transport":1,"work":0,"green":0,"commerce":0},"indicators":[{"label":"Жильё: плотность","value":34.688},{"label":"Жильё: обеспеченность","value":37.662},{"label":"Коммерческая инфраструктура: разнообразие","value":0},{"label":"Коммерческая инфраструктура: полнота корзины","value":22.917},{"label":"Транспорт: доступность","value":100}]},"geometry":{"type":"Polygon","coordinates":[[[41.46614,52.694216],[41.466164,52.69426],[41.466152,52.694358],[41.466152,52.694359],[41.466114,52.694774],[41.466114,52.694775],[41.466093,52.69506],[41.466085,52.695153],[41.466076,52.695223],[41.466076,52.695223],[41.466038,52.695538],[41.465949,52.695914],[41.465949,52.695917],[41.465856,52.696481],[41.465734,52.697046],[41.465733,52.697049],[41.465697,52.697294],[41.465541,52.698341],[41.465491,52.698657],[41.465283,52.700087],[41.465283,52.700091],[41.465282,52.700099],[41.464106,52.700022],[41.463658,52.700001],[41.463218,52.699844],[41.463104,52.699772],[41.463656,52.69628],[41.464087,52.694115],[41.465194,52.694172],[41.465194,52.69417],[41.465351,52.694177],[41.466128,52.694216],[41.466133,52.694216],[41.46614,52.694216]]]}},{"type":"Feature","id":"1360","properties":{"id":"1360","city":"tambov","baseScore":34.21378310021711,"baseScoreNoCommerce":41.056539720260524,"baseRank":302,"population":1005.8748426863525,"blocks":{"housing":0.5573086039467492,"infra":0.5650983820662768,"transport":0.93042,"work":0,"green":0,"commerce":0},"indicators":[{"label":"Жильё: плотность","value":60.021},{"label":"Жильё: обеспеченность","value":18.658},{"label":"Жильё: износ","value":16.194},{"label":"Жильё: этажность","value":13.333333},{"label":"Коммерческая инфраструктура: разнообразие","value":0.027777777777777776},{"label":"Коммерческая инфраструктура: полнота корзины","value":82.604},{"label":"Транспорт: доступность","value":93.042}]},"geometry":{"type":"Polygon","coordinates":[[[41.469418,52.699507],[41.468617,52.699476],[41.468589,52.699804],[41.469135,52.69986],[41.468906,52.700413],[41.465577,52.70012],[41.465578,52.7001],[41.465735,52.698979],[41.465785,52.698674],[41.465785,52.698674],[41.465835,52.698358],[41.465835,52.698357],[41.465991,52.69731],[41.466027,52.697067],[41.466149,52.696503],[41.46615,52.696501],[41.466243,52.695937],[41.466332,52.695561],[41.466333,52.695555],[41.466371,52.695237],[41.466372,52.695225],[41.466455,52.694226],[41.468677,52.694337],[41.470372,52.694543],[41.469418,52.699507]]]}},{"type":"Feature","id":"1362","properties":{"id":"1362","city":"tambov","baseScore":59.0935006583933,"baseScoreNoCommerce":54.7522074329072,"baseRank":65,"population":1632.8078857848632,"blocks":{"housing":0.447397038312026,"infra":0.8333333333333334,"transport":0.7673,"work":0.027,"green":0.66258,"commerce":0.8079996678582381},"indicators":[{"label":"Жильё: плотность","value":218.938},{"label":"Жильё: обеспеченность","value":7.513},{"label":"Жильё: износ","value":16.495},{"label":"Жильё: этажность","value":11.4},{"label":"Коммерческая инфраструктура: разнообразие","value":0.5},{"label":"Коммерческая инфраструктура: полнота корзины","value":100},{"label":"Транспорт: доступность","value":76.73},{"label":"Крупные работодатели: обеспеченность","value":0.027},{"label":"Крупные работодатели: плотность","value":0.001},{"label":"Зелёные зоны: доступность","value":66.258},{"label":"Экономика: активность ФНС","value":9.397},{"label":"Экономика: ККТ","value":23.489},{"label":"Экономика: медианный чек","value":340.246}]},"geometry":{"type":"Polygon","coordinates":[[[41.465232,52.710536],[41.465235,52.710533],[41.465239,52.710531],[41.465317,52.710458],[41.465461,52.710329],[41.465474,52.710317],[41.466124,52.710597],[41.466673,52.710833],[41.466933,52.710945],[41.467118,52.711025],[41.467118,52.711025],[41.467118,52.711025],[41.467549,52.71121],[41.467596,52.711231],[41.467596,52.711231],[41.468178,52.711481],[41.468178,52.711481],[41.468178,52.711481],[41.468213,52.711496],[41.468255,52.711514],[41.468294,52.711531],[41.468295,52.711531],[41.468295,52.711532],[41.468507,52.711623],[41.469252,52.711943],[41.46956,52.712076],[41.47003,52.712278],[41.470055,52.712289],[41.469909,52.712404],[41.46962,52.712623],[41.469131,52.712992],[41.468574,52.713383],[41.46819,52.713652],[41.468137,52.713688],[41.468115,52.713677],[41.468111,52.713675],[41.467215,52.713283],[41.465125,52.712367],[41.463777,52.711773],[41.463815,52.71174],[41.463816,52.711739],[41.463954,52.711616],[41.464817,52.710892],[41.464818,52.710891],[41.464819,52.71089],[41.464881,52.710837],[41.465232,52.710536]]]}},{"type":"Feature","id":"1363","properties":{"id":"1363","city":"tambov","baseScore":59.04024048729747,"baseScoreNoCommerce":56.094522225588975,"baseRank":67,"population":1723.7972821979736,"blocks":{"housing":0.35531595533402927,"infra":0.8326001559454191,"transport":0.56381,"work":0.053,"green":1,"commerce":0.7376883179584001},"indicators":[{"label":"Жильё: плотность","value":219.999},{"label":"Жильё: обеспеченность","value":8.378},{"label":"Жильё: износ","value":32.894},{"label":"Жильё: этажность","value":8.666667},{"label":"Коммерческая инфраструктура: разнообразие","value":0.5138888888888888},{"label":"Коммерческая инфраструктура: полнота корзины","value":100},{"label":"Транспорт: доступность","value":56.381},{"label":"Крупные работодатели: обеспеченность","value":0.053},{"label":"Крупные работодатели: плотность","value":0.001},{"label":"Зелёные зоны: доступность","value":100},{"label":"Экономика: активность ФНС","value":8.946},{"label":"Экономика: ККТ","value":16.189},{"label":"Экономика: медианный чек","value":579.534}]},"geometry":{"type":"Polygon","coordinates":[[[41.468426,52.711368],[41.468384,52.71135],[41.468349,52.711334],[41.467768,52.711084],[41.46772,52.711064],[41.46772,52.711064],[41.46772,52.711064],[41.467289,52.710878],[41.467104,52.710799],[41.467104,52.710799],[41.467104,52.710799],[41.466844,52.710687],[41.466295,52.71045],[41.465521,52.710117],[41.467235,52.708684],[41.467361,52.708736],[41.467368,52.70873],[41.46844,52.709201],[41.46844,52.709201],[41.468513,52.709233],[41.469224,52.709546],[41.469443,52.709643],[41.469804,52.709802],[41.469807,52.709803],[41.471119,52.710359],[41.471165,52.710378],[41.472101,52.710782],[41.472118,52.710789],[41.472058,52.710834],[41.472058,52.710834],[41.471697,52.711101],[41.471125,52.711509],[41.471075,52.711544],[41.471074,52.711545],[41.470836,52.711719],[41.470573,52.711907],[41.470572,52.711907],[41.47024,52.712149],[41.470201,52.712132],[41.469731,52.711929],[41.469423,52.711797],[41.468678,52.711476],[41.468678,52.711476],[41.468678,52.711476],[41.468466,52.711385],[41.468426,52.711368],[41.468426,52.711368],[41.468426,52.711368]]]}},{"type":"Feature","id":"1408","properties":{"id":"1408","city":"tambov","baseScore":45.37309151606817,"baseScoreNoCommerce":49.089073449149204,"baseRank":176,"population":329.96315027197267,"blocks":{"housing":0.6529680584223724,"infra":0.5620956140350878,"transport":0.54242,"work":0,"green":0.69697,"commerce":0.26793181850663056},"indicators":[{"label":"Жильё: плотность","value":49.329},{"label":"Жильё: обеспеченность","value":23.978},{"label":"Жильё: износ","value":9},{"label":"Жильё: этажность","value":7},{"label":"Коммерческая инфраструктура: разнообразие","value":0},{"label":"Коммерческая инфраструктура: полнота корзины","value":86.97},{"label":"Транспорт: доступность","value":54.242},{"label":"Зелёные зоны: доступность","value":69.697},{"label":"Экономика: активность ФНС","value":8.613},{"label":"Экономика: ККТ","value":1.436},{"label":"Экономика: медианный чек","value":0}]},"geometry":{"type":"Polygon","coordinates":[[[41.478004,52.695094],[41.478008,52.695095],[41.478277,52.695147],[41.478293,52.695149],[41.478512,52.695168],[41.478515,52.695168],[41.478511,52.695192],[41.478511,52.695195],[41.478493,52.695384],[41.478493,52.695387],[41.478484,52.695579],[41.478484,52.695581],[41.478484,52.695646],[41.478479,52.69569],[41.478479,52.695692],[41.478458,52.695995],[41.478458,52.695996],[41.478441,52.696314],[41.478347,52.698058],[41.478346,52.698071],[41.478161,52.700642],[41.476559,52.700743],[41.476552,52.699444],[41.476735,52.698044],[41.4771,52.694977],[41.477107,52.694977],[41.477409,52.695003],[41.477779,52.695045],[41.478004,52.695094]]]}},{"type":"Feature","id":"1411","properties":{"id":"1411","city":"tambov","baseScore":25.951894786458702,"baseScoreNoCommerce":31.142273743750437,"baseRank":362,"population":230.97221436582032,"blocks":{"housing":0.846320178415592,"infra":0.5679335087719298,"transport":0.14286,"work":0,"green":0,"commerce":0},"indicators":[{"label":"Жильё: плотность","value":25.016},{"label":"Жильё: обеспеченность","value":48.89},{"label":"Коммерческая инфраструктура: разнообразие","value":0},{"label":"Коммерческая инфраструктура: полнота корзины","value":89.61},{"label":"Транспорт: доступность","value":14.286}]},"geometry":{"type":"Polygon","coordinates":[[[41.474268,52.698668],[41.474078,52.698689],[41.473238,52.698695],[41.473708,52.694724],[41.475165,52.69485],[41.476907,52.694973],[41.476455,52.698644],[41.474268,52.698668]]]}},{"type":"Feature","id":"1414","properties":{"id":"1414","city":"tambov","baseScore":24.282810164909453,"baseScoreNoCommerce":25.713802294498006,"baseRank":366,"population":227.97032350898442,"blocks":{"housing":0.5844759041985843,"infra":0.6485842105263159,"transport":0,"work":0,"green":0.05263,"commerce":0.17127849516966698},"indicators":[{"label":"Жильё: плотность","value":37.776},{"label":"Жильё: обеспеченность","value":35.388},{"label":"Коммерческая инфраструктура: разнообразие","value":0},{"label":"Коммерческая инфраструктура: полнота корзины","value":100},{"label":"Зелёные зоны: доступность","value":5.263},{"label":"Экономика: активность ФНС","value":6.737},{"label":"Экономика: ККТ","value":0.548},{"label":"Экономика: медианный чек","value":0}]},"geometry":{"type":"Polygon","coordinates":[[[41.439918,52.752822],[41.439908,52.75286],[41.439891,52.75289],[41.439853,52.752928],[41.439815,52.752948],[41.439765,52.752969],[41.439536,52.752947],[41.438273,52.752818],[41.438273,52.752818],[41.436801,52.752669],[41.436798,52.752668],[41.436454,52.752637],[41.436633,52.751717],[41.436978,52.750343],[41.440352,52.750658],[41.440064,52.752042],[41.439949,52.752658],[41.439918,52.752822]]]}},{"type":"Feature","id":"1421","properties":{"id":"1421","city":"tambov","baseScore":36.03278718283611,"baseScoreNoCommerce":39.40517930766993,"baseRank":291,"population":185.97752695173338,"blocks":{"housing":0.6025889653834967,"infra":0.64186,"transport":0.72581,"work":0,"green":0,"commerce":0.1917082655866693},"indicators":[{"label":"Жильё: плотность","value":27.909},{"label":"Жильё: обеспеченность","value":36.322},{"label":"Коммерческая инфраструктура: разнообразие","value":0},{"label":"Коммерческая инфраструктура: полнота корзины","value":100},{"label":"Транспорт: доступность","value":72.581},{"label":"Экономика: активность ФНС","value":4.024},{"label":"Экономика: ККТ","value":3.006},{"label":"Экономика: медианный чек","value":0}]},"geometry":{"type":"Polygon","coordinates":[[[41.440376,52.750542],[41.437007,52.750228],[41.437139,52.749651],[41.437266,52.748854],[41.43697,52.748559],[41.439235,52.747277],[41.440652,52.748321],[41.440779,52.74858],[41.440491,52.749974],[41.440376,52.750542]]]}},{"type":"Feature","id":"1549","properties":{"id":"1549","city":"tambov","baseScore":24.869569669349367,"baseScoreNoCommerce":29.84348360321924,"baseRank":364,"population":407.9198240882324,"blocks":{"housing":0.807534180160962,"infra":0.00817,"transport":0.67647,"work":0,"green":0,"commerce":0},"indicators":[{"label":"Жильё: плотность","value":22.771},{"label":"Жильё: обеспеченность","value":46.89},{"label":"Коммерческая инфраструктура: разнообразие","value":0},{"label":"Транспорт: доступность","value":67.647}]},"geometry":{"type":"Polygon","coordinates":[[[41.359626,52.763985],[41.361263,52.764002],[41.361264,52.764012],[41.366981,52.764043],[41.366948,52.764873],[41.367034,52.765023],[41.368005,52.7655],[41.363604,52.768942],[41.361709,52.768392],[41.361798,52.767859],[41.362458,52.766233],[41.362641,52.766063],[41.362262,52.765759],[41.360998,52.765554],[41.360192,52.765436],[41.35953,52.76534],[41.359445,52.765329],[41.359286,52.765309],[41.359626,52.763985]]]}},{"type":"Feature","id":"1555","properties":{"id":"1555","city":"tambov","baseScore":32.087674905445034,"baseScoreNoCommerce":23.78242610528276,"baseRank":322,"population":4211.326492100977,"blocks":{"housing":0.4995000771939627,"infra":0.6836212280701753,"transport":0,"work":0.006,"green":0,"commerce":0.736139189062564},"indicators":[{"label":"Жильё: плотность","value":420.047},{"label":"Жильё: обеспеченность","value":3.501},{"label":"Жильё: износ","value":4.408},{"label":"Жильё: этажность","value":18.363636},{"label":"Коммерческая инфраструктура: разнообразие","value":0.375},{"label":"Коммерческая инфраструктура: полнота корзины","value":100},{"label":"Крупные работодатели: обеспеченность","value":0.006},{"label":"Крупные работодатели: плотность","value":0},{"label":"Экономика: активность ФНС","value":7.996},{"label":"Экономика: ККТ","value":19.614},{"label":"Экономика: медианный чек","value":262.13}]},"geometry":{"type":"Polygon","coordinates":[[[41.390659,52.755912],[41.396105,52.758424],[41.396107,52.758425],[41.394104,52.75995],[41.394104,52.759951],[41.394101,52.75995],[41.388698,52.757487],[41.390659,52.755912]]]}},{"type":"Feature","id":"5557","properties":{"id":"5557","city":"tambov","baseScore":45.986767922183155,"baseScoreNoCommerce":43.40617231624746,"baseRank":167,"population":1054.8489509806639,"blocks":{"housing":0.48197520450633013,"infra":0.6834334113060428,"transport":0.1346,"work":0.003,"green":0.8673,"commerce":0.5888974595186165},"indicators":[{"label":"Жильё: плотность","value":53.574},{"label":"Жильё: обеспеченность","value":7.199},{"label":"Жильё: износ","value":10.354},{"label":"Жильё: этажность","value":10.8},{"label":"Коммерческая инфраструктура: разнообразие","value":0.3194444444444444},{"label":"Коммерческая инфраструктура: полнота корзины","value":100},{"label":"Транспорт: доступность","value":13.46},{"label":"Крупные работодатели: обеспеченность","value":0.003},{"label":"Крупные работодатели: плотность","value":0},{"label":"Зелёные зоны: доступность","value":86.73},{"label":"Экономика: активность ФНС","value":9.151},{"label":"Экономика: ККТ","value":18.182},{"label":"Экономика: медианный чек","value":82.026}]},"geometry":{"type":"Polygon","coordinates":[[[41.407311,52.775398],[41.410468,52.772873],[41.411085,52.773183],[41.411226,52.773179],[41.41146,52.773209],[41.411796,52.773148],[41.411984,52.773183],[41.412451,52.773035],[41.412684,52.773121],[41.414104,52.773465],[41.414577,52.773222],[41.416604,52.773887],[41.415309,52.775903],[41.415046,52.776278],[41.415525,52.776511],[41.414025,52.777732],[41.407311,52.775398]]]}},{"type":"Feature","id":"5558","properties":{"id":"5558","city":"tambov","baseScore":47.37781760145111,"baseScoreNoCommerce":45.19722680487113,"baseRank":153,"population":904.8677598149902,"blocks":{"housing":0.30015377689073003,"infra":0.6565775633528265,"transport":1,"work":0.007,"green":0.29613,"commerce":0.5828077158435105},"indicators":[{"label":"Жильё: плотность","value":164.462},{"label":"Жильё: обеспеченность","value":5.327},{"label":"Жильё: износ","value":37.069},{"label":"Жильё: этажность","value":10.25},{"label":"Коммерческая инфраструктура: разнообразие","value":0.1111111111111111},{"label":"Коммерческая инфраструктура: полнота корзины","value":100},{"label":"Транспорт: доступность","value":100},{"label":"Крупные работодатели: обеспеченность","value":0.007},{"label":"Крупные работодатели: плотность","value":0},{"label":"Зелёные зоны: доступность","value":29.613},{"label":"Экономика: активность ФНС","value":7.391},{"label":"Экономика: ККТ","value":5.121},{"label":"Экономика: медианный чек","value":133.782}]},"geometry":{"type":"Polygon","coordinates":[[[41.41396,52.769987],[41.416061,52.768313],[41.417082,52.76816],[41.41847,52.768511],[41.420107,52.769215],[41.419573,52.769688],[41.417909,52.768925],[41.416881,52.76981],[41.417107,52.769882],[41.416596,52.770331],[41.416832,52.770456],[41.416045,52.771046],[41.41396,52.769987]]]}},{"type":"Feature","id":"5559","properties":{"id":"5559","city":"tambov","baseScore":46.2315630448373,"baseScoreNoCommerce":41.61500133783734,"baseRank":162,"population":518.9246217101074,"blocks":{"housing":0.4157890532466432,"infra":0.6649610136452241,"transport":1,"work":0,"green":0,"commerce":0.6931437157983709},"indicators":[{"label":"Жильё: плотность","value":131.661},{"label":"Жильё: обеспеченность","value":6.658},{"label":"Жильё: износ","value":20.301},{"label":"Жильё: этажность","value":9},{"label":"Коммерческая инфраструктура: разнообразие","value":0.15277777777777776},{"label":"Коммерческая инфраструктура: полнота корзины","value":100},{"label":"Транспорт: доступность","value":100},{"label":"Экономика: активность ФНС","value":7.302},{"label":"Экономика: ККТ","value":6.62},{"label":"Экономика: медианный чек","value":223.323}]},"geometry":{"type":"Polygon","coordinates":[[[41.419095,52.76862],[41.418427,52.768289],[41.418208,52.76828],[41.417263,52.7678],[41.419586,52.765923],[41.420477,52.766344],[41.420483,52.766452],[41.421073,52.766791],[41.420998,52.767105],[41.419803,52.768113],[41.419095,52.76862]]]}},{"type":"Feature","id":"5560","properties":{"id":"5560","city":"tambov","baseScore":46.2315630448373,"baseScoreNoCommerce":41.61500133783734,"baseRank":162,"population":833.0674944878175,"blocks":{"housing":0.4157890532466432,"infra":0.6649610136452241,"transport":1,"work":0,"green":0,"commerce":0.6931437157983709},"indicators":[{"label":"Жильё: плотность","value":131.661},{"label":"Жильё: обеспеченность","value":6.658},{"label":"Жильё: износ","value":20.301},{"label":"Жильё: этажность","value":9},{"label":"Коммерческая инфраструктура: разнообразие","value":0.15277777777777776},{"label":"Коммерческая инфраструктура: полнота корзины","value":100},{"label":"Транспорт: доступность","value":100},{"label":"Экономика: активность ФНС","value":7.302},{"label":"Экономика: ККТ","value":6.62},{"label":"Экономика: медианный чек","value":223.323}]},"geometry":{"type":"Polygon","coordinates":[[[41.419586,52.765923],[41.425558,52.761202],[41.426451,52.761602],[41.426672,52.761463],[41.426902,52.76148],[41.428306,52.761961],[41.427822,52.762284],[41.42713,52.761989],[41.426263,52.762625],[41.425634,52.762327],[41.423778,52.763888],[41.422,52.765134],[41.420541,52.766275],[41.420477,52.766344],[41.419586,52.765923]]]}},{"type":"Feature","id":"5563","properties":{"id":"5563","city":"tambov","baseScore":57.11489932270234,"baseScoreNoCommerce":53.95142741209917,"baseRank":76,"population":1046.8551019729491,"blocks":{"housing":0.3145631444841008,"infra":0.7331982261208577,"transport":1,"work":0.05,"green":0.59981,"commerce":0.7293225887571817},"indicators":[{"label":"Жильё: плотность","value":182.044},{"label":"Жильё: обеспеченность","value":5.641},{"label":"Жильё: износ","value":35.214},{"label":"Жильё: этажность","value":8.714286},{"label":"Коммерческая инфраструктура: разнообразие","value":0.2638888888888889},{"label":"Коммерческая инфраструктура: полнота корзины","value":100},{"label":"Транспорт: доступность","value":100},{"label":"Крупные работодатели: обеспеченность","value":0.05},{"label":"Крупные работодатели: плотность","value":0.001},{"label":"Зелёные зоны: доступность","value":59.981},{"label":"Экономика: активность ФНС","value":8.311},{"label":"Экономика: ККТ","value":17.882},{"label":"Экономика: медианный чек","value":6.029}]},"geometry":{"type":"Polygon","coordinates":[[[41.426028,52.760828],[41.429053,52.758422],[41.430391,52.759012],[41.429876,52.759388],[41.431188,52.759994],[41.430285,52.760715],[41.429781,52.760508],[41.428616,52.761365],[41.427538,52.761152],[41.427167,52.761389],[41.426028,52.760828]]]}},{"type":"Feature","id":"5564","properties":{"id":"5564","city":"tambov","baseScore":48.28101741005678,"baseScoreNoCommerce":41.23718400905961,"baseRank":140,"population":5480.183910379029,"blocks":{"housing":0.2543602335913817,"infra":0.7804989668615985,"transport":1,"work":0.027,"green":0,"commerce":0.8350018441504264},"indicators":[{"label":"Жильё: плотность","value":277.781},{"label":"Жильё: обеспеченность","value":5.007},{"label":"Жильё: износ","value":44.421},{"label":"Жильё: этажность","value":10},{"label":"Коммерческая инфраструктура: разнообразие","value":0.4861111111111111},{"label":"Коммерческая инфраструктура: полнота корзины","value":100},{"label":"Транспорт: доступность","value":100},{"label":"Крупные работодатели: обеспеченность","value":0.027},{"label":"Крупные работодатели: плотность","value":0.001},{"label":"Экономика: активность ФНС","value":8.736},{"label":"Экономика: ККТ","value":52.267},{"label":"Экономика: медианный чек","value":226.661}]},"geometry":{"type":"Polygon","coordinates":[[[41.411832,52.765996],[41.412224,52.766182],[41.412228,52.766184],[41.41234,52.766233],[41.412675,52.76638],[41.413241,52.766629],[41.413259,52.766636],[41.413553,52.76673],[41.413954,52.766858],[41.413955,52.766859],[41.414523,52.767036],[41.41453,52.767061],[41.414567,52.767103],[41.414623,52.767136],[41.415178,52.767373],[41.415268,52.767414],[41.415272,52.767416],[41.415369,52.767458],[41.41563,52.767579],[41.415699,52.767601],[41.415777,52.76761],[41.415795,52.767608],[41.415798,52.767612],[41.415816,52.767759],[41.415817,52.767762],[41.415817,52.767765],[41.415861,52.767945],[41.415861,52.767945],[41.415861,52.767945],[41.415875,52.768002],[41.415873,52.768102],[41.415855,52.768149],[41.415826,52.768203],[41.415786,52.768236],[41.415356,52.768586],[41.414831,52.768996],[41.414795,52.769025],[41.414794,52.769025],[41.414794,52.769026],[41.414637,52.76915],[41.414417,52.769326],[41.413724,52.769878],[41.413724,52.769878],[41.413724,52.769878],[41.41273,52.770673],[41.412672,52.770718],[41.412475,52.770876],[41.412392,52.770942],[41.412212,52.771083],[41.411944,52.77128],[41.411934,52.771279],[41.411856,52.771286],[41.411785,52.771307],[41.411729,52.77134],[41.4113,52.771687],[41.411201,52.771765],[41.41107,52.771704],[41.410271,52.771329],[41.40949,52.770958],[41.40949,52.770958],[41.40949,52.770958],[41.409022,52.770737],[41.409019,52.770736],[41.408921,52.770691],[41.408841,52.770653],[41.40884,52.770653],[41.40884,52.770653],[41.408473,52.770484],[41.407997,52.770253],[41.407994,52.770252],[41.407592,52.770063],[41.407523,52.77003],[41.407001,52.769783],[41.407,52.769783],[41.407,52.769783],[41.411832,52.765996]]]}},{"type":"Feature","id":"5565","properties":{"id":"5565","city":"tambov","baseScore":48.28101741005678,"baseScoreNoCommerce":41.23718400905961,"baseRank":140,"population":5224.098223619433,"blocks":{"housing":0.2543602335913817,"infra":0.7804989668615985,"transport":1,"work":0.027,"green":0,"commerce":0.8350018441504264},"indicators":[{"label":"Жильё: плотность","value":277.781},{"label":"Жильё: обеспеченность","value":5.007},{"label":"Жильё: износ","value":44.421},{"label":"Жильё: этажность","value":10},{"label":"Коммерческая инфраструктура: разнообразие","value":0.4861111111111111},{"label":"Коммерческая инфраструктура: полнота корзины","value":100},{"label":"Транспорт: доступность","value":100},{"label":"Крупные работодатели: обеспеченность","value":0.027},{"label":"Крупные работодатели: плотность","value":0.001},{"label":"Экономика: активность ФНС","value":8.736},{"label":"Экономика: ККТ","value":52.267},{"label":"Экономика: медианный чек","value":226.661}]},"geometry":{"type":"Polygon","coordinates":[[[41.40773,52.764074],[41.411832,52.765996],[41.411832,52.765996],[41.407,52.769783],[41.402829,52.767794],[41.40773,52.764074]]]}},{"type":"Feature","id":"5566","properties":{"id":"5566","city":"tambov","baseScore":66.66193896345078,"baseScoreNoCommerce":60.718800652440855,"baseRank":25,"population":2816.571934782129,"blocks":{"housing":0.4600730345713604,"infra":0.7871769980506822,"transport":1,"work":0.03,"green":0.75869,"commerce":0.9637763051850037},"indicators":[{"label":"Жильё: плотность","value":231.497},{"label":"Жильё: обеспеченность","value":5.833},{"label":"Жильё: износ","value":11.767},{"label":"Жильё: этажность","value":10.45},{"label":"Коммерческая инфраструктура: разнообразие","value":0.5138888888888888},{"label":"Коммерческая инфраструктура: полнота корзины","value":100},{"label":"Транспорт: доступность","value":100},{"label":"Крупные работодатели: обеспеченность","value":0.03},{"label":"Крупные работодатели: плотность","value":0.001},{"label":"Зелёные зоны: доступность","value":75.869},{"label":"Экономика: активность ФНС","value":8.971},{"label":"Экономика: ККТ","value":85.378},{"label":"Экономика: медианный чек","value":310.392}]},"geometry":{"type":"Polygon","coordinates":[[[41.404957,52.762756],[41.405118,52.762832],[41.407175,52.763814],[41.40773,52.764074],[41.402829,52.767794],[41.400246,52.766562],[41.404957,52.762756]]]}},{"type":"Feature","id":"5567","properties":{"id":"5567","city":"tambov","baseScore":27.711824062685885,"baseScoreNoCommerce":33.254188875223065,"baseRank":355,"population":458.93168934999994,"blocks":{"housing":0.8121303209541357,"infra":0.05526912280701755,"transport":0.78431,"work":0.011,"green":0,"commerce":0},"indicators":[{"label":"Жильё: плотность","value":16.336},{"label":"Жильё: обеспеченность","value":47.127},{"label":"Коммерческая инфраструктура: разнообразие","value":0},{"label":"Транспорт: доступность","value":78.431},{"label":"Крупные работодатели: обеспеченность","value":0.011},{"label":"Крупные работодатели: плотность","value":0}]},"geometry":{"type":"Polygon","coordinates":[[[41.366552,52.758579],[41.376694,52.756999],[41.378085,52.757712],[41.375445,52.759748],[41.374659,52.760348],[41.371042,52.763075],[41.370021,52.762656],[41.369851,52.762648],[41.368508,52.762827],[41.366552,52.758579]]]}},{"type":"Feature","id":"5568","properties":{"id":"5568","city":"tambov","baseScore":24.14592021170124,"baseScoreNoCommerce":28.97510425404149,"baseRank":367,"population":41.99174728874512,"blocks":{"housing":0.8372248618248813,"infra":0.49248035087719294,"transport":0,"work":0,"green":0.11905,"commerce":0},"indicators":[{"label":"Жильё: плотность","value":9.647},{"label":"Жильё: обеспеченность","value":48.421},{"label":"Коммерческая инфраструктура: разнообразие","value":0},{"label":"Коммерческая инфраструктура: полнота корзины","value":88.095},{"label":"Зелёные зоны: доступность","value":11.905}]},"geometry":{"type":"Polygon","coordinates":[[[41.388004,52.75773],[41.387794,52.757892],[41.387792,52.757894],[41.387287,52.758305],[41.386957,52.758565],[41.38648,52.758928],[41.386479,52.758929],[41.386161,52.759177],[41.386161,52.759178],[41.385546,52.759663],[41.385323,52.759723],[41.384864,52.759531],[41.382881,52.758657],[41.381908,52.758124],[41.3819,52.75812],[41.381148,52.757764],[41.381144,52.757762],[41.380946,52.757674],[41.380546,52.757473],[41.380037,52.757172],[41.380095,52.757015],[41.3803,52.756846],[41.380512,52.756799],[41.380656,52.756813],[41.380944,52.756998],[41.381525,52.757168],[41.382055,52.757318],[41.384097,52.758339],[41.385482,52.758979],[41.387588,52.757515],[41.388004,52.75773]]]}},{"type":"Feature","id":"5569","properties":{"id":"5569","city":"tambov","baseScore":62.29335249224924,"baseScoreNoCommerce":62.59296099785245,"baseRank":40,"population":1718.724551784741,"blocks":{"housing":0.4758150089569503,"infra":0.6439930409356726,"transport":0.99884,"work":0.011,"green":1,"commerce":0.6079530996423317},"indicators":[{"label":"Жильё: плотность","value":321.573},{"label":"Жильё: обеспеченность","value":5.164},{"label":"Жильё: износ","value":8.274},{"label":"Жильё: этажность","value":18.222222},{"label":"Коммерческая инфраструктура: разнообразие","value":0.20833333333333334},{"label":"Коммерческая инфраструктура: полнота корзины","value":100},{"label":"Транспорт: доступность","value":99.884},{"label":"Крупные работодатели: обеспеченность","value":0.011},{"label":"Крупные работодатели: плотность","value":0},{"label":"Зелёные зоны: доступность","value":100},{"label":"Экономика: активность ФНС","value":7.463},{"label":"Экономика: ККТ","value":6.018},{"label":"Экономика: медианный чек","value":266.204}]},"geometry":{"type":"Polygon","coordinates":[[[41.39808,52.763745],[41.397758,52.763999],[41.397754,52.764003],[41.39775,52.764005],[41.397586,52.76415],[41.397375,52.764327],[41.396648,52.764919],[41.396629,52.764942],[41.396523,52.764917],[41.396059,52.764703],[41.395585,52.764484],[41.39289,52.763232],[41.392532,52.763066],[41.392214,52.762918],[41.392055,52.762838],[41.392052,52.762837],[41.390299,52.762006],[41.390297,52.762005],[41.390245,52.761982],[41.390309,52.76193],[41.390798,52.76155],[41.390907,52.761589],[41.391829,52.761857],[41.393734,52.76272],[41.395543,52.763268],[41.39808,52.763745]]]}},{"type":"Feature","id":"5570","properties":{"id":"5570","city":"tambov","baseScore":40.599275317361894,"baseScoreNoCommerce":48.71913038083427,"baseRank":223,"population":219.96925754309083,"blocks":{"housing":0.7813342383399594,"infra":0.17735228070175435,"transport":1,"work":0,"green":0.47727,"commerce":0},"indicators":[{"label":"Жильё: плотность","value":19.015},{"label":"Жильё: обеспеченность","value":45.539},{"label":"Коммерческая инфраструктура: разнообразие","value":0},{"label":"Транспорт: доступность","value":100},{"label":"Зелёные зоны: доступность","value":47.727}]},"geometry":{"type":"Polygon","coordinates":[[[41.405593,52.75097],[41.405353,52.751144],[41.405268,52.75167],[41.404674,52.752696],[41.404964,52.752768],[41.404849,52.752973],[41.404785,52.753141],[41.404721,52.753377],[41.404704,52.754401],[41.403655,52.754436],[41.402946,52.754446],[41.401978,52.754411],[41.402653,52.75281],[41.402935,52.751166],[41.403148,52.748257],[41.403369,52.747379],[41.404673,52.747307],[41.404959,52.749467],[41.405528,52.749815],[41.405593,52.75097]]]}},{"type":"Feature","id":"5571","properties":{"id":"5571","city":"tambov","baseScore":42.26980101282861,"baseScoreNoCommerce":36.66690818166149,"baseRank":209,"population":571.9105803222412,"blocks":{"housing":0.1834214324748874,"infra":0.6279239766081871,"transport":1,"work":0.022,"green":0,"commerce":0.7028426516866422},"indicators":[{"label":"Жильё: плотность","value":263.269},{"label":"Жильё: обеспеченность","value":1.223},{"label":"Жильё: износ","value":56},{"label":"Жильё: этажность","value":9},{"label":"Коммерческая инфраструктура: разнообразие","value":0.041666666666666664},{"label":"Коммерческая инфраструктура: полнота корзины","value":100},{"label":"Транспорт: доступность","value":100},{"label":"Крупные работодатели: обеспеченность","value":0.022},{"label":"Крупные работодатели: плотность","value":0.001},{"label":"Экономика: активность ФНС","value":9.372},{"label":"Экономика: ККТ","value":4.729},{"label":"Экономика: медианный чек","value":546.204}]},"geometry":{"type":"Polygon","coordinates":[[[41.404044,52.758983],[41.40402,52.759002],[41.403818,52.759153],[41.403777,52.759183],[41.403776,52.759184],[41.403775,52.759185],[41.40341,52.759465],[41.403409,52.759466],[41.402892,52.759869],[41.40289,52.75987],[41.402473,52.760204],[41.402436,52.760247],[41.402422,52.760294],[41.402424,52.760303],[41.401752,52.760628],[41.401709,52.760638],[41.401685,52.760646],[41.401635,52.760665],[41.40144,52.760627],[41.401428,52.760611],[41.401396,52.760591],[41.40093,52.760372],[41.402188,52.75938],[41.401734,52.759168],[41.402691,52.758395],[41.404044,52.758983]]]}},{"type":"Feature","id":"5573","properties":{"id":"5573","city":"tambov","baseScore":56.95873519967392,"baseScoreNoCommerce":58.82222261110552,"baseRank":78,"population":3359.4824004497314,"blocks":{"housing":0.3320136841615142,"infra":0.7303274463937622,"transport":1,"work":0.013,"green":0.86577,"commerce":0.47641298142515887},"indicators":[{"label":"Жильё: плотность","value":143.253},{"label":"Жильё: обеспеченность","value":5.172},{"label":"Жильё: износ","value":31.746},{"label":"Жильё: этажность","value":8.916667},{"label":"Коммерческая инфраструктура: разнообразие","value":0.3194444444444444},{"label":"Коммерческая инфраструктура: полнота корзины","value":100},{"label":"Транспорт: доступность","value":100},{"label":"Крупные работодатели: обеспеченность","value":0.013},{"label":"Крупные работодатели: плотность","value":0},{"label":"Зелёные зоны: доступность","value":86.577},{"label":"Экономика: активность ФНС","value":8.106},{"label":"Экономика: ККТ","value":20.216},{"label":"Экономика: медианный чек","value":1.38}]},"geometry":{"type":"Polygon","coordinates":[[[41.409941,52.748811],[41.414709,52.751042],[41.414123,52.751464],[41.414119,52.751467],[41.413529,52.751912],[41.41341,52.752002],[41.413145,52.752197],[41.412973,52.75232],[41.412173,52.752881],[41.412172,52.752882],[41.41217,52.752883],[41.411445,52.753414],[41.410387,52.754168],[41.409474,52.754818],[41.408929,52.755199],[41.408922,52.755204],[41.408524,52.755506],[41.408364,52.755628],[41.408363,52.755629],[41.408021,52.755895],[41.406874,52.756785],[41.405712,52.756171],[41.405902,52.755981],[41.405682,52.755885],[41.40661,52.755095],[41.4071,52.754387],[41.406701,52.753901],[41.406614,52.753734],[41.406831,52.75275],[41.407292,52.752043],[41.407519,52.751622],[41.407871,52.750635],[41.408069,52.750332],[41.409089,52.749738],[41.408932,52.749652],[41.408873,52.749607],[41.408841,52.74953],[41.408857,52.749467],[41.409676,52.748831],[41.409826,52.748794],[41.409941,52.748811]]]}},{"type":"Feature","id":"5574","properties":{"id":"5574","city":"tambov","baseScore":56.82140778503141,"baseScoreNoCommerce":59.90556385567256,"baseRank":80,"population":874.8753340356689,"blocks":{"housing":0.4212106879103334,"infra":0.5802075048732944,"transport":1,"work":0.003,"green":0.99086,"commerce":0.41400627431825665},"indicators":[{"label":"Жильё: плотность","value":78.541},{"label":"Жильё: обеспеченность","value":10.236},{"label":"Жильё: износ","value":25.079},{"label":"Жильё: этажность","value":9.5},{"label":"Коммерческая инфраструктура: разнообразие","value":0.15277777777777776},{"label":"Коммерческая инфраструктура: полнота корзины","value":74.171},{"label":"Транспорт: доступность","value":100},{"label":"Крупные работодатели: обеспеченность","value":0.003},{"label":"Крупные работодатели: плотность","value":0},{"label":"Зелёные зоны: доступность","value":99.086},{"label":"Экономика: активность ФНС","value":8.786},{"label":"Экономика: ККТ","value":6.217},{"label":"Экономика: медианный чек","value":0}]},"geometry":{"type":"Polygon","coordinates":[[[41.41172,52.745215],[41.411406,52.744836],[41.411387,52.74482],[41.411339,52.744742],[41.411315,52.744678],[41.411321,52.744569],[41.411329,52.744502],[41.411434,52.744264],[41.411506,52.744098],[41.41161,52.743902],[41.411758,52.743681],[41.412206,52.743266],[41.412432,52.743255],[41.412631,52.743246],[41.412975,52.743231],[41.413194,52.743223],[41.413197,52.743223],[41.413379,52.743214],[41.413386,52.743213],[41.413543,52.743202],[41.413629,52.743199],[41.413631,52.743199],[41.413783,52.743195],[41.413784,52.743195],[41.414177,52.743181],[41.414366,52.743178],[41.41441,52.743186],[41.41446,52.743202],[41.41449,52.743221],[41.414556,52.743274],[41.414557,52.743274],[41.414902,52.743543],[41.414903,52.743544],[41.41535,52.743883],[41.415786,52.744225],[41.416209,52.744571],[41.41621,52.744573],[41.416325,52.744663],[41.416474,52.744783],[41.416474,52.744784],[41.417131,52.745305],[41.418221,52.746174],[41.418224,52.746176],[41.418339,52.746262],[41.418437,52.746339],[41.418897,52.746711],[41.418971,52.746771],[41.41838,52.747536],[41.416941,52.74682],[41.416421,52.746852],[41.414957,52.74582],[41.414342,52.746071],[41.413381,52.745605],[41.412201,52.745581],[41.412011,52.745492],[41.41172,52.745215]]]}},{"type":"Feature","id":"5575","properties":{"id":"5575","city":"tambov","baseScore":37.31538472950967,"baseScoreNoCommerce":38.99493816547899,"baseRank":273,"population":147.9779944055176,"blocks":{"housing":0.6722098322505576,"infra":0.3451070760233918,"transport":0.93243,"work":0,"green":0,"commerce":0.2891761754966303},"indicators":[{"label":"Жильё: плотность","value":21.085},{"label":"Жильё: обеспеченность","value":39.912},{"label":"Коммерческая инфраструктура: разнообразие","value":0.08333333333333333},{"label":"Коммерческая инфраструктура: полнота корзины","value":28.378},{"label":"Транспорт: доступность","value":93.243},{"label":"Экономика: активность ФНС","value":8},{"label":"Экономика: ККТ","value":2.241},{"label":"Экономика: медианный чек","value":0}]},"geometry":{"type":"Polygon","coordinates":[[[41.404693,52.754514],[41.404548,52.755393],[41.404164,52.755424],[41.404025,52.755487],[41.404025,52.755487],[41.403831,52.755488],[41.40362,52.755803],[41.403455,52.755997],[41.402803,52.756459],[41.401546,52.75829],[41.40122,52.758594],[41.400813,52.75867],[41.40034,52.758761],[41.400064,52.758764],[41.399439,52.758633],[41.40095,52.756239],[41.401912,52.754528],[41.404067,52.754537],[41.404693,52.754514]]]}},{"type":"Feature","id":"5576","properties":{"id":"5576","city":"tambov","baseScore":36.8340132728649,"baseScoreNoCommerce":31.487936723938837,"baseRank":280,"population":2265.576950360303,"blocks":{"housing":0.32912724555366685,"infra":0.6829395906432749,"transport":0.55933,"work":0.003,"green":0,"commerce":0.6356439601749522},"indicators":[{"label":"Жильё: плотность","value":192.159},{"label":"Жильё: обеспеченность","value":10.244},{"label":"Жильё: износ","value":40.122},{"label":"Жильё: этажность","value":7.533333},{"label":"Коммерческая инфраструктура: разнообразие","value":0.16666666666666666},{"label":"Коммерческая инфраструктура: полнота корзины","value":100},{"label":"Транспорт: доступность","value":55.933},{"label":"Крупные работодатели: обеспеченность","value":0.003},{"label":"Крупные работодатели: плотность","value":0},{"label":"Экономика: активность ФНС","value":8.979},{"label":"Экономика: ККТ","value":12.766},{"label":"Экономика: медианный чек","value":49.699}]},"geometry":{"type":"Polygon","coordinates":[[[41.408616,52.761354],[41.408523,52.761431],[41.408431,52.761507],[41.408429,52.761509],[41.408047,52.761833],[41.407633,52.762158],[41.40761,52.762185],[41.407602,52.762215],[41.407612,52.762244],[41.407637,52.762271],[41.407811,52.762397],[41.4078,52.762407],[41.407726,52.76247],[41.407651,52.762532],[41.407648,52.762535],[41.407154,52.762964],[41.407122,52.762988],[41.406359,52.762631],[41.405358,52.762162],[41.405357,52.762162],[41.405357,52.762162],[41.405355,52.762161],[41.405355,52.762161],[41.404332,52.761708],[41.40429,52.761696],[41.404245,52.761691],[41.404199,52.761695],[41.404157,52.761708],[41.404125,52.761728],[41.404103,52.761753],[41.404096,52.761781],[41.404098,52.761787],[41.403967,52.761721],[41.403692,52.761582],[41.403685,52.761578],[41.403126,52.761327],[41.403103,52.761314],[41.403096,52.76131],[41.402906,52.761218],[41.402823,52.761156],[41.40275,52.761093],[41.402749,52.761093],[41.402749,52.761092],[41.402708,52.761058],[41.402676,52.7609],[41.402644,52.760741],[41.402643,52.7606],[41.402686,52.760531],[41.402686,52.760531],[41.402686,52.760531],[41.402719,52.760476],[41.40274,52.760443],[41.402747,52.760443],[41.402818,52.760422],[41.402875,52.760389],[41.40329,52.760055],[41.403805,52.759654],[41.404169,52.759375],[41.404209,52.759345],[41.404413,52.759193],[41.404414,52.759192],[41.404416,52.759191],[41.404855,52.75885],[41.404855,52.75885],[41.405176,52.758599],[41.405178,52.758597],[41.405201,52.758579],[41.405334,52.758641],[41.405334,52.758641],[41.405334,52.758641],[41.405354,52.758648],[41.405374,52.758655],[41.405375,52.758655],[41.405375,52.758655],[41.405397,52.758658],[41.40542,52.75866],[41.40542,52.75866],[41.40542,52.75866],[41.405443,52.758659],[41.405466,52.758657],[41.405466,52.758657],[41.405466,52.758657],[41.405487,52.758651],[41.405508,52.758645],[41.405508,52.758645],[41.405508,52.758645],[41.405525,52.758635],[41.405542,52.758626],[41.405542,52.758626],[41.405542,52.758626],[41.405542,52.758625],[41.406988,52.759299],[41.407224,52.75916],[41.408918,52.759949],[41.407866,52.760776],[41.407972,52.760819],[41.407979,52.761058],[41.408616,52.761354]]]}},{"type":"Feature","id":"5577","properties":{"id":"5577","city":"tambov","baseScore":49.03197154442745,"baseScoreNoCommerce":41.28404124417607,"baseRank":138,"population":402.9419679972656,"blocks":{"housing":0.364153329265334,"infra":0.7000487329434698,"transport":1,"work":0,"green":0,"commerce":0.8777162304568433},"indicators":[{"label":"Жильё: плотность","value":348.472},{"label":"Жильё: обеспеченность","value":4.9},{"label":"Жильё: износ","value":26.5},{"label":"Жильё: этажность","value":10},{"label":"Коммерческая инфраструктура: разнообразие","value":0.15277777777777776},{"label":"Коммерческая инфраструктура: полнота корзины","value":100},{"label":"Транспорт: доступность","value":100},{"label":"Экономика: активность ФНС","value":9.869},{"label":"Экономика: ККТ","value":6.684},{"label":"Экономика: медианный чек","value":281.518}]},"geometry":{"type":"Polygon","coordinates":[[[41.423066,52.760116],[41.423217,52.76012],[41.423232,52.76012],[41.423619,52.760108],[41.423624,52.760107],[41.423872,52.760094],[41.42388,52.760093],[41.424332,52.760054],[41.424341,52.760053],[41.424581,52.760022],[41.42459,52.760021],[41.424882,52.759973],[41.424893,52.759971],[41.425526,52.759833],[41.425543,52.759829],[41.425694,52.759782],[41.426216,52.759624],[41.426355,52.759591],[41.426382,52.75959],[41.425608,52.760188],[41.425606,52.76019],[41.424886,52.760771],[41.423048,52.760427],[41.423066,52.760116]]]}},{"type":"Feature","id":"5578","properties":{"id":"5578","city":"tambov","baseScore":41.856154664285725,"baseScoreNoCommerce":43.796302334518984,"baseRank":212,"population":1241.8139666226562,"blocks":{"housing":0.17214287501054984,"infra":0.6566022417153996,"transport":1,"work":0.006,"green":0.35507,"commerce":0.32155416313119406},"indicators":[{"label":"Жильё: плотность","value":176.142},{"label":"Жильё: обеспеченность","value":9.527},{"label":"Жильё: износ","value":64.611},{"label":"Жильё: этажность","value":6.181818},{"label":"Коммерческая инфраструктура: разнообразие","value":0.027777777777777776},{"label":"Коммерческая инфраструктура: полнота корзины","value":100},{"label":"Транспорт: доступность","value":100},{"label":"Крупные работодатели: обеспеченность","value":0.006},{"label":"Крупные работодатели: плотность","value":0},{"label":"Зелёные зоны: доступность","value":35.507},{"label":"Экономика: активность ФНС","value":5.98},{"label":"Экономика: ККТ","value":4.384},{"label":"Экономика: медианный чек","value":0}]},"geometry":{"type":"Polygon","coordinates":[[[41.415677,52.755819],[41.415595,52.755884],[41.415595,52.755884],[41.415595,52.755884],[41.41555,52.75592],[41.415509,52.755952],[41.415509,52.755952],[41.415509,52.755952],[41.415266,52.756145],[41.415264,52.756147],[41.414979,52.756387],[41.414804,52.75653],[41.414684,52.756628],[41.414684,52.756628],[41.414248,52.756984],[41.413826,52.757321],[41.413783,52.757354],[41.413477,52.757204],[41.413475,52.757203],[41.413152,52.757051],[41.41315,52.75705],[41.412966,52.756966],[41.412965,52.756966],[41.412485,52.75675],[41.412005,52.756529],[41.412004,52.756529],[41.410178,52.755705],[41.40967,52.75547],[41.410021,52.755214],[41.410021,52.755214],[41.410021,52.755214],[41.411417,52.754193],[41.41146,52.754161],[41.411808,52.754341],[41.41215,52.754326],[41.413473,52.754988],[41.413652,52.754863],[41.415677,52.755819]]]}},{"type":"Feature","id":"5579","properties":{"id":"5579","city":"tambov","baseScore":52.86036731154462,"baseScoreNoCommerce":51.66025714307596,"baseRank":106,"population":1953.0170714808837,"blocks":{"housing":0.15091137567231663,"infra":0.7219814814814814,"transport":1,"work":0.014,"green":0.69612,"commerce":0.5886091815388795},"indicators":[{"label":"Жильё: плотность","value":171.899},{"label":"Жильё: обеспеченность","value":9.418},{"label":"Жильё: износ","value":67.904},{"label":"Жильё: этажность","value":6.545455},{"label":"Коммерческая инфраструктура: разнообразие","value":0.19444444444444442},{"label":"Коммерческая инфраструктура: полнота корзины","value":100},{"label":"Транспорт: доступность","value":100},{"label":"Крупные работодатели: обеспеченность","value":0.014},{"label":"Крупные работодатели: плотность","value":0},{"label":"Зелёные зоны: доступность","value":69.612},{"label":"Экономика: активность ФНС","value":6.691},{"label":"Экономика: ККТ","value":11.301},{"label":"Экономика: медианный чек","value":152.059}]},"geometry":{"type":"Polygon","coordinates":[[[41.418688,52.753444],[41.418631,52.753489],[41.418631,52.753489],[41.418631,52.753489],[41.418289,52.753757],[41.418099,52.753906],[41.417923,52.754045],[41.417755,52.754176],[41.417546,52.75434],[41.417546,52.75434],[41.417546,52.75434],[41.416587,52.755094],[41.416584,52.755096],[41.416426,52.755228],[41.416341,52.755294],[41.41634,52.755294],[41.416254,52.755361],[41.416253,52.755362],[41.415677,52.755819],[41.413652,52.754863],[41.413473,52.754988],[41.41215,52.754326],[41.411808,52.754341],[41.41146,52.754161],[41.412049,52.753731],[41.412049,52.75373],[41.412049,52.75373],[41.412123,52.753676],[41.413825,52.75251],[41.413829,52.752507],[41.414072,52.752325],[41.414774,52.751808],[41.415021,52.751627],[41.418688,52.753444]]]}},{"type":"Feature","id":"5580","properties":{"id":"5580","city":"tambov","baseScore":52.05686975886766,"baseScoreNoCommerce":45.0842514618852,"baseRank":113,"population":1803.440165348218,"blocks":{"housing":0.32101309941004985,"infra":0.7388794736842105,"transport":1,"work":0.029,"green":0.16532,"commerce":0.8691996124377994},"indicators":[{"label":"Жильё: плотность","value":162.327},{"label":"Жильё: обеспеченность","value":8.927},{"label":"Жильё: износ","value":39.362},{"label":"Жильё: этажность","value":6.8},{"label":"Коммерческая инфраструктура: разнообразие","value":0.25},{"label":"Коммерческая инфраструктура: полнота корзины","value":100},{"label":"Транспорт: доступность","value":100},{"label":"Крупные работодатели: обеспеченность","value":0.029},{"label":"Крупные работодатели: плотность","value":0},{"label":"Зелёные зоны: доступность","value":16.532},{"label":"Экономика: активность ФНС","value":9.445},{"label":"Экономика: ККТ","value":36.507},{"label":"Экономика: медианный чек","value":448.587}]},"geometry":{"type":"Polygon","coordinates":[[[41.428448,52.757961],[41.42803,52.758303],[41.427427,52.758785],[41.426686,52.759355],[41.426686,52.759355],[41.426624,52.759403],[41.426528,52.759403],[41.426517,52.759403],[41.42631,52.759413],[41.426268,52.759419],[41.426102,52.759458],[41.426089,52.759461],[41.425561,52.759622],[41.425561,52.759622],[41.425561,52.759622],[41.425418,52.759665],[41.424798,52.759801],[41.424516,52.759847],[41.424285,52.759876],[41.423842,52.759915],[41.4236,52.759928],[41.423224,52.759941],[41.422573,52.759922],[41.422567,52.759922],[41.421776,52.759916],[41.420975,52.759833],[41.420973,52.759833],[41.420627,52.7598],[41.421753,52.758876],[41.421982,52.758691],[41.422616,52.758177],[41.422802,52.758029],[41.422802,52.758029],[41.422802,52.758029],[41.423405,52.757547],[41.423801,52.757236],[41.424115,52.75699],[41.424115,52.75699],[41.424115,52.75699],[41.424158,52.756956],[41.424206,52.756918],[41.424206,52.756918],[41.424206,52.756918],[41.424577,52.756627],[41.424838,52.756423],[41.424838,52.756423],[41.424838,52.756423],[41.424942,52.756341],[41.424943,52.75634],[41.428448,52.757961]]]}},{"type":"Feature","id":"5581","properties":{"id":"5581","city":"tambov","baseScore":47.5756413792362,"baseScoreNoCommerce":49.22627886491033,"baseRank":149,"population":576.6706267673828,"blocks":{"housing":0.2738942746295323,"infra":0.7119996686159844,"transport":0.48934,"work":0.099,"green":0.88708,"commerce":0.39322453950865544},"indicators":[{"label":"Жильё: плотность","value":99.902},{"label":"Жильё: обеспеченность","value":10.372},{"label":"Жильё: износ","value":49.34},{"label":"Жильё: этажность","value":3.636364},{"label":"Коммерческая инфраструктура: разнообразие","value":0.23611111111111108},{"label":"Коммерческая инфраструктура: полнота корзины","value":100},{"label":"Транспорт: доступность","value":48.934},{"label":"Крупные работодатели: обеспеченность","value":0.099},{"label":"Крупные работодатели: плотность","value":0.001},{"label":"Зелёные зоны: доступность","value":88.708},{"label":"Экономика: активность ФНС","value":7.362},{"label":"Экономика: ККТ","value":6.896},{"label":"Экономика: медианный чек","value":0}]},"geometry":{"type":"Polygon","coordinates":[[[41.432872,52.754988],[41.432573,52.755234],[41.432339,52.755406],[41.431927,52.755711],[41.431908,52.755712],[41.431851,52.755727],[41.431804,52.755753],[41.431359,52.756081],[41.431138,52.755979],[41.431138,52.755979],[41.431138,52.755979],[41.430783,52.755816],[41.430782,52.755815],[41.430182,52.755542],[41.429333,52.755156],[41.427848,52.75448],[41.4276,52.754367],[41.4274,52.754274],[41.427298,52.754227],[41.427985,52.753381],[41.428125,52.753209],[41.428275,52.753024],[41.428275,52.753024],[41.428275,52.753024],[41.428357,52.752924],[41.432872,52.754988]]]}},{"type":"Feature","id":"5582","properties":{"id":"5582","city":"tambov","baseScore":43.13533231214879,"baseScoreNoCommerce":44.28279134970171,"baseRank":198,"population":133.98378335998535,"blocks":{"housing":0.613196935906138,"infra":0.6009426315789473,"transport":0.49254,"work":0,"green":0.50746,"commerce":0.37398037124384187},"indicators":[{"label":"Жильё: плотность","value":24.747},{"label":"Жильё: обеспеченность","value":36.869},{"label":"Коммерческая инфраструктура: разнообразие","value":0},{"label":"Коммерческая инфраструктура: полнота корзины","value":100},{"label":"Транспорт: доступность","value":49.254},{"label":"Зелёные зоны: доступность","value":50.746},{"label":"Экономика: активность ФНС","value":8.171},{"label":"Экономика: ККТ","value":5.509},{"label":"Экономика: медианный чек","value":0}]},"geometry":{"type":"Polygon","coordinates":[[[41.429438,52.738463],[41.429397,52.738477],[41.429018,52.738663],[41.429018,52.738663],[41.428591,52.738872],[41.428587,52.738868],[41.42602,52.740083],[41.424989,52.739284],[41.424955,52.739257],[41.424951,52.739254],[41.424739,52.739096],[41.424736,52.739094],[41.424645,52.739031],[41.42464,52.739027],[41.424576,52.738987],[41.424561,52.738979],[41.42451,52.738954],[41.42449,52.738946],[41.424475,52.738941],[41.427148,52.737251],[41.429879,52.738279],[41.429438,52.738463]]]}},{"type":"Feature","id":"5583","properties":{"id":"5583","city":"tambov","baseScore":20.139281999440893,"baseScoreNoCommerce":24.167138399329076,"baseRank":372,"population":112.98637530104982,"blocks":{"housing":0.5783283234752254,"infra":0.5592285964912281,"transport":0,"work":0,"green":0.0708,"commerce":0},"indicators":[{"label":"Жильё: плотность","value":22.469},{"label":"Жильё: обеспеченность","value":35.071},{"label":"Коммерческая инфраструктура: разнообразие","value":0},{"label":"Коммерческая инфраструктура: полнота корзины","value":92.92},{"label":"Зелёные зоны: доступность","value":7.08}]},"geometry":{"type":"Polygon","coordinates":[[[41.425124,52.736488],[41.425055,52.736411],[41.425299,52.736497],[41.425349,52.736472],[41.42539,52.736397],[41.425423,52.736227],[41.425464,52.735754],[41.425543,52.735694],[41.425871,52.735658],[41.425936,52.735651],[41.425989,52.735628],[41.426036,52.735599],[41.426684,52.735135],[41.426699,52.735096],[41.426681,52.735057],[41.426496,52.734842],[41.426416,52.734776],[41.426183,52.734417],[41.426448,52.734312],[41.426572,52.734319],[41.426811,52.734352],[41.427059,52.734316],[41.427174,52.734282],[41.427424,52.734255],[41.427545,52.73423],[41.427607,52.734235],[41.427713,52.734386],[41.428085,52.734869],[41.428141,52.734891],[41.428182,52.734921],[41.428244,52.734935],[41.428303,52.734923],[41.428412,52.73488],[41.428474,52.734869],[41.428536,52.734874],[41.428648,52.734914],[41.42871,52.734926],[41.428727,52.734966],[41.428668,52.735039],[41.428279,52.73524],[41.428446,52.735368],[41.42937,52.736037],[41.427022,52.737197],[41.425124,52.736488]]]}},{"type":"Feature","id":"5584","properties":{"id":"5584","city":"tambov","baseScore":43.13533231214879,"baseScoreNoCommerce":44.28279134970171,"baseRank":198,"population":73.13256821564941,"blocks":{"housing":0.613196935906138,"infra":0.6009426315789473,"transport":0.49254,"work":0,"green":0.50746,"commerce":0.37398037124384187},"indicators":[{"label":"Жильё: плотность","value":24.747},{"label":"Жильё: обеспеченность","value":36.869},{"label":"Коммерческая инфраструктура: разнообразие","value":0},{"label":"Коммерческая инфраструктура: полнота корзины","value":100},{"label":"Транспорт: доступность","value":49.254},{"label":"Зелёные зоны: доступность","value":50.746},{"label":"Экономика: активность ФНС","value":8.171},{"label":"Экономика: ККТ","value":5.509},{"label":"Экономика: медианный чек","value":0}]},"geometry":{"type":"Polygon","coordinates":[[[41.424475,52.738941],[41.424085,52.738931],[41.423937,52.738819],[41.424311,52.738001],[41.424579,52.737616],[41.424128,52.737196],[41.424855,52.73641],[41.427148,52.737251],[41.424475,52.738941]]]}},{"type":"Feature","id":"5585","properties":{"id":"5585","city":"tambov","baseScore":19.029907971270266,"baseScoreNoCommerce":17.186842643189422,"baseRank":378,"population":543.9178915114746,"blocks":{"housing":0.47127020233490974,"infra":0.30208192982456145,"transport":0.05699,"work":0.029,"green":0,"commerce":0.28245234611674463},"indicators":[{"label":"Жильё: плотность","value":50.922},{"label":"Жильё: обеспеченность","value":22.235},{"label":"Жильё: износ","value":35.899},{"label":"Жильё: этажность","value":3.333333},{"label":"Коммерческая инфраструктура: разнообразие","value":0},{"label":"Коммерческая инфраструктура: полнота корзины","value":7.904},{"label":"Транспорт: доступность","value":5.699},{"label":"Крупные работодатели: обеспеченность","value":0.029},{"label":"Крупные работодатели: плотность","value":0},{"label":"Экономика: активность ФНС","value":7.503},{"label":"Экономика: ККТ","value":2.089},{"label":"Экономика: медианный чек","value":0}]},"geometry":{"type":"Polygon","coordinates":[[[41.420482,52.740573],[41.420465,52.740562],[41.420403,52.740528],[41.420391,52.740521],[41.420366,52.74051],[41.420267,52.740476],[41.420237,52.740468],[41.420188,52.740459],[41.420179,52.740457],[41.420139,52.740452],[41.420117,52.74045],[41.42007,52.740447],[41.420045,52.740447],[41.419997,52.74045],[41.41999,52.740451],[41.419982,52.740451],[41.419899,52.740461],[41.419852,52.740471],[41.419773,52.7405],[41.419762,52.740504],[41.419487,52.740624],[41.419484,52.740625],[41.419174,52.740766],[41.419171,52.740768],[41.419072,52.740815],[41.418965,52.740863],[41.418964,52.740863],[41.418643,52.740604],[41.419244,52.740366],[41.418844,52.74011],[41.416749,52.7402],[41.416687,52.739209],[41.417308,52.73919],[41.417308,52.739191],[41.420706,52.739117],[41.421512,52.739135],[41.42281,52.739102],[41.422937,52.739099],[41.422937,52.739099],[41.423078,52.739095],[41.423201,52.739092],[41.423281,52.73909],[41.42397,52.739073],[41.424101,52.73907],[41.424175,52.73907],[41.424225,52.739075],[41.42428,52.739084],[41.424307,52.73909],[41.424335,52.739099],[41.42437,52.739116],[41.424424,52.739151],[41.424512,52.739211],[41.42472,52.739366],[41.424762,52.7394],[41.425347,52.739867],[41.42535,52.739869],[41.425761,52.740174],[41.425786,52.740193],[41.425752,52.740208],[41.425751,52.740209],[41.424093,52.740981],[41.424092,52.740982],[41.423155,52.741426],[41.422147,52.741902],[41.42214,52.741896],[41.42211,52.741872],[41.421699,52.741541],[41.421142,52.741066],[41.420551,52.740625],[41.420482,52.740573]]]}},{"type":"Feature","id":"5586","properties":{"id":"5586","city":"tambov","baseScore":39.590064305279974,"baseScoreNoCommerce":44.79804768534349,"baseRank":239,"population":176.97289648398439,"blocks":{"housing":0.6531271211092796,"infra":0.6263252631578947,"transport":0.96045,"work":0,"green":0,"commerce":0.13550147404962395},"indicators":[{"label":"Жильё: плотность","value":28.978},{"label":"Жильё: обеспеченность","value":38.928},{"label":"Коммерческая инфраструктура: разнообразие","value":0},{"label":"Коммерческая инфраструктура: полнота корзины","value":97.74},{"label":"Транспорт: доступность","value":96.045},{"label":"Экономика: активность ФНС","value":4.965},{"label":"Экономика: ККТ","value":0.519},{"label":"Экономика: медианный чек","value":0}]},"geometry":{"type":"Polygon","coordinates":[[[41.42775,52.741754],[41.427746,52.741756],[41.427745,52.741757],[41.427485,52.741878],[41.427192,52.742012],[41.427191,52.742012],[41.425985,52.742571],[41.425787,52.74266],[41.425785,52.742661],[41.424642,52.743196],[41.424373,52.743321],[41.424372,52.743321],[41.424117,52.743441],[41.424114,52.743442],[41.423229,52.742725],[41.422334,52.742049],[41.422328,52.742044],[41.423337,52.741568],[41.423337,52.741568],[41.424274,52.741123],[41.42593,52.740352],[41.425965,52.740336],[41.426,52.740364],[41.426001,52.740365],[41.426846,52.741043],[41.426963,52.741136],[41.427716,52.741727],[41.427716,52.741728],[41.42775,52.741754]]]}},{"type":"Feature","id":"5587","properties":{"id":"5587","city":"tambov","baseScore":44.157909270135235,"baseScoreNoCommerce":40.702808890734374,"baseRank":185,"population":797.8880711826172,"blocks":{"housing":0.3013701521390578,"infra":0.6786702923976607,"transport":0.9411,"work":0.114,"green":0,"commerce":0.614334111671395},"indicators":[{"label":"Жильё: плотность","value":183.092},{"label":"Жильё: обеспеченность","value":6.198},{"label":"Жильё: износ","value":38.249},{"label":"Жильё: этажность","value":8},{"label":"Коммерческая инфраструктура: разнообразие","value":0.16666666666666666},{"label":"Коммерческая инфраструктура: полнота корзины","value":100},{"label":"Транспорт: доступность","value":94.11},{"label":"Крупные работодатели: обеспеченность","value":0.114},{"label":"Крупные работодатели: плотность","value":0.002},{"label":"Экономика: активность ФНС","value":9.427},{"label":"Экономика: ККТ","value":3.338},{"label":"Экономика: медианный чек","value":487.593}]},"geometry":{"type":"Polygon","coordinates":[[[41.430362,52.7383],[41.430461,52.738254],[41.43073,52.738128],[41.430734,52.738126],[41.431116,52.737934],[41.431184,52.737902],[41.431187,52.7379],[41.431249,52.737869],[41.431487,52.737761],[41.431606,52.737747],[41.43164,52.73774],[41.43167,52.737728],[41.432607,52.737268],[41.432961,52.737544],[41.432962,52.737544],[41.43359,52.738023],[41.433592,52.738025],[41.434849,52.738933],[41.435105,52.739127],[41.435106,52.739127],[41.435159,52.739167],[41.435116,52.739188],[41.435112,52.739191],[41.434332,52.739608],[41.434329,52.73961],[41.434012,52.739784],[41.433955,52.739814],[41.430153,52.738382],[41.430362,52.7383]]]}},{"type":"Feature","id":"5588","properties":{"id":"5588","city":"tambov","baseScore":44.157909270135235,"baseScoreNoCommerce":40.702808890734374,"baseRank":185,"population":1697.32997522334,"blocks":{"housing":0.3013701521390578,"infra":0.6786702923976607,"transport":0.9411,"work":0.114,"green":0,"commerce":0.614334111671395},"indicators":[{"label":"Жильё: плотность","value":183.092},{"label":"Жильё: обеспеченность","value":6.198},{"label":"Жильё: износ","value":38.249},{"label":"Жильё: этажность","value":8},{"label":"Коммерческая инфраструктура: разнообразие","value":0.16666666666666666},{"label":"Коммерческая инфраструктура: полнота корзины","value":100},{"label":"Транспорт: доступность","value":94.11},{"label":"Крупные работодатели: обеспеченность","value":0.114},{"label":"Крупные работодатели: плотность","value":0.002},{"label":"Экономика: активность ФНС","value":9.427},{"label":"Экономика: ККТ","value":3.338},{"label":"Экономика: медианный чек","value":487.593}]},"geometry":{"type":"Polygon","coordinates":[[[41.430153,52.738382],[41.433955,52.739814],[41.433825,52.739882],[41.433822,52.739884],[41.433154,52.740245],[41.431522,52.74111],[41.430608,52.740411],[41.427985,52.741645],[41.4262,52.740226],[41.428865,52.739026],[41.428863,52.739025],[41.428818,52.738992],[41.429204,52.738802],[41.429534,52.738641],[41.429534,52.738641],[41.430153,52.738382]]]}},{"type":"Feature","id":"5589","properties":{"id":"5589","city":"tambov","baseScore":41.324618080646516,"baseScoreNoCommerce":40.81889566326243,"baseRank":217,"population":209.97255034899902,"blocks":{"housing":0.4379358357947002,"infra":0.6030089473684211,"transport":0,"work":0,"green":1,"commerce":0.4385323016756697},"indicators":[{"label":"Жильё: плотность","value":46.695},{"label":"Жильё: обеспеченность","value":22.652},{"label":"Жильё: износ","value":42},{"label":"Жильё: этажность","value":6},{"label":"Коммерческая инфраструктура: разнообразие","value":0},{"label":"Коммерческая инфраструктура: полнота корзины","value":89.048},{"label":"Зелёные зоны: доступность","value":100},{"label":"Экономика: активность ФНС","value":9},{"label":"Экономика: ККТ","value":0.927},{"label":"Экономика: медианный чек","value":267.068}]},"geometry":{"type":"Polygon","coordinates":[[[41.433559,52.732419],[41.433553,52.732445],[41.433548,52.732525],[41.433548,52.732541],[41.433559,52.732651],[41.433573,52.732694],[41.433592,52.732727],[41.433592,52.732727],[41.434522,52.733554],[41.431892,52.734841],[41.430737,52.734104],[41.429968,52.7335],[41.432754,52.732407],[41.432813,52.732324],[41.432814,52.73232],[41.433559,52.732419]]]}},{"type":"Feature","id":"5590","properties":{"id":"5590","city":"tambov","baseScore":52.0952211781242,"baseScoreNoCommerce":51.83211234646167,"baseRank":112,"population":259.9661618936523,"blocks":{"housing":0.6198551299936488,"infra":0.6557504873294348,"transport":1,"work":0.316,"green":0,"commerce":0.5341076533643685},"indicators":[{"label":"Жильё: плотность","value":44.234},{"label":"Жильё: обеспеченность","value":28.193},{"label":"Жильё: износ","value":21.076},{"label":"Жильё: этажность","value":5.5},{"label":"Коммерческая инфраструктура: разнообразие","value":0.027777777777777776},{"label":"Коммерческая инфраструктура: полнота корзины","value":100},{"label":"Транспорт: доступность","value":100},{"label":"Крупные работодатели: обеспеченность","value":0.316},{"label":"Крупные работодатели: плотность","value":0.002},{"label":"Экономика: активность ФНС","value":8.9},{"label":"Экономика: ККТ","value":12.87},{"label":"Экономика: медианный чек","value":0}]},"geometry":{"type":"Polygon","coordinates":[[[41.44094,52.740903],[41.44094,52.740904],[41.440937,52.740905],[41.440558,52.741102],[41.4392,52.741801],[41.438605,52.741378],[41.438412,52.741242],[41.437832,52.740836],[41.437705,52.740749],[41.435941,52.739555],[41.435862,52.739415],[41.435779,52.73934],[41.435704,52.739287],[41.435752,52.739263],[41.436417,52.738923],[41.43642,52.738922],[41.436554,52.738851],[41.437019,52.738622],[41.437022,52.73862],[41.437234,52.738512],[41.437238,52.73851],[41.437543,52.738349],[41.44094,52.740903]]]}},{"type":"Feature","id":"5591","properties":{"id":"5591","city":"tambov","baseScore":56.57557595095554,"baseScoreNoCommerce":55.755921310168354,"baseRank":82,"population":583.9214571038818,"blocks":{"housing":0.35014548071309587,"infra":0.6769005847953217,"transport":1,"work":0.295,"green":0.46575,"commerce":0.6067384915489142},"indicators":[{"label":"Жильё: плотность","value":185.685},{"label":"Жильё: обеспеченность","value":11.256},{"label":"Жильё: износ","value":38.293},{"label":"Жильё: этажность","value":5.111111},{"label":"Коммерческая инфраструктура: разнообразие","value":0.08333333333333333},{"label":"Коммерческая инфраструктура: полнота корзины","value":100},{"label":"Транспорт: доступность","value":100},{"label":"Крупные работодатели: обеспеченность","value":0.295},{"label":"Крупные работодатели: плотность","value":0.008},{"label":"Зелёные зоны: доступность","value":46.575},{"label":"Экономика: активность ФНС","value":8.641},{"label":"Экономика: ККТ","value":7.202},{"label":"Экономика: медианный чек","value":0}]},"geometry":{"type":"Polygon","coordinates":[[[41.438403,52.742373],[41.438658,52.742255],[41.438777,52.742234],[41.438828,52.742217],[41.439198,52.742036],[41.439341,52.742086],[41.439454,52.742168],[41.439498,52.7422],[41.439498,52.7422],[41.439498,52.7422],[41.440086,52.742627],[41.440086,52.742627],[41.440086,52.742627],[41.440119,52.742652],[41.440157,52.742679],[41.440178,52.742694],[41.441185,52.743436],[41.441453,52.743633],[41.441456,52.743635],[41.441499,52.743666],[41.4407,52.744059],[41.440337,52.744238],[41.440336,52.744238],[41.439912,52.74445],[41.439911,52.74445],[41.439823,52.744494],[41.437907,52.742656],[41.438403,52.742373]]]}},{"type":"Feature","id":"5592","properties":{"id":"5592","city":"tambov","baseScore":47.04369770762402,"baseScoreNoCommerce":38.63700319331494,"baseRank":156,"population":1049.720880507202,"blocks":{"housing":0.292038405279782,"infra":0.6398117543859649,"transport":1,"work":0,"green":0,"commerce":0.8907717027916944},"indicators":[{"label":"Жильё: плотность","value":117.799},{"label":"Жильё: обеспеченность","value":9.841},{"label":"Жильё: износ","value":45.538},{"label":"Жильё: этажность","value":5.75},{"label":"Коммерческая инфраструктура: разнообразие","value":0},{"label":"Коммерческая инфраструктура: полнота корзины","value":100},{"label":"Транспорт: доступность","value":100},{"label":"Экономика: активность ФНС","value":9.873},{"label":"Экономика: ККТ","value":13.74},{"label":"Экономика: медианный чек","value":307.424}]},"geometry":{"type":"Polygon","coordinates":[[[41.437758,52.742492],[41.437446,52.742671],[41.436436,52.743195],[41.436324,52.743253],[41.43544,52.743715],[41.435118,52.743878],[41.434325,52.743271],[41.433757,52.742836],[41.433753,52.742833],[41.433558,52.742695],[41.433442,52.742608],[41.433102,52.742353],[41.432743,52.742084],[41.432708,52.742058],[41.43183,52.741352],[41.431854,52.741339],[41.431855,52.741339],[41.432321,52.741089],[41.432523,52.740981],[41.432739,52.740868],[41.433405,52.74052],[41.433416,52.740511],[41.433424,52.740508],[41.434377,52.739993],[41.435686,52.740613],[41.436619,52.741339],[41.437758,52.742492]]]}},{"type":"Feature","id":"5593","properties":{"id":"5593","city":"tambov","baseScore":56.57557595095554,"baseScoreNoCommerce":55.755921310168354,"baseRank":82,"population":958.4588868845215,"blocks":{"housing":0.35014548071309587,"infra":0.6769005847953217,"transport":1,"work":0.295,"green":0.46575,"commerce":0.6067384915489142},"indicators":[{"label":"Жильё: плотность","value":185.685},{"label":"Жильё: обеспеченность","value":11.256},{"label":"Жильё: износ","value":38.293},{"label":"Жильё: этажность","value":5.111111},{"label":"Коммерческая инфраструктура: разнообразие","value":0.08333333333333333},{"label":"Коммерческая инфраструктура: полнота корзины","value":100},{"label":"Транспорт: доступность","value":100},{"label":"Крупные работодатели: обеспеченность","value":0.295},{"label":"Крупные работодатели: плотность","value":0.008},{"label":"Зелёные зоны: доступность","value":46.575},{"label":"Экономика: активность ФНС","value":8.641},{"label":"Экономика: ККТ","value":7.202},{"label":"Экономика: медианный чек","value":0}]},"geometry":{"type":"Polygon","coordinates":[[[41.439823,52.744494],[41.439811,52.7445],[41.439377,52.744715],[41.439376,52.744715],[41.43752,52.745645],[41.437517,52.745646],[41.437512,52.745649],[41.437496,52.745637],[41.437264,52.74546],[41.43726,52.745457],[41.436434,52.744884],[41.436245,52.744746],[41.435922,52.744497],[41.435484,52.744159],[41.435302,52.744019],[41.435631,52.743852],[41.435632,52.743851],[41.43657,52.743362],[41.437671,52.742791],[41.437907,52.742656],[41.439823,52.744494]]]}},{"type":"Feature","id":"5594","properties":{"id":"5594","city":"tambov","baseScore":44.72183075083441,"baseScoreNoCommerce":45.43916601175139,"baseRank":182,"population":890.8792911621094,"blocks":{"housing":0.3754638561431248,"infra":0.6607744444444444,"transport":0.5073,"work":0.064,"green":0.66442,"commerce":0.41135154446249533},"indicators":[{"label":"Жильё: плотность","value":225.375},{"label":"Жильё: обеспеченность","value":8.144},{"label":"Жильё: износ","value":29.235},{"label":"Жильё: этажность","value":8},{"label":"Коммерческая инфраструктура: разнообразие","value":0.08333333333333333},{"label":"Коммерческая инфраструктура: полнота корзины","value":100},{"label":"Транспорт: доступность","value":50.73},{"label":"Крупные работодатели: обеспеченность","value":0.064},{"label":"Крупные работодатели: плотность","value":0.002},{"label":"Зелёные зоны: доступность","value":66.442},{"label":"Экономика: активность ФНС","value":7.753},{"label":"Экономика: ККТ","value":4.949},{"label":"Экономика: медианный чек","value":0}]},"geometry":{"type":"Polygon","coordinates":[[[41.434046,52.754324],[41.434048,52.754322],[41.434824,52.753708],[41.435188,52.75342],[41.436013,52.752793],[41.43609,52.752795],[41.436274,52.752802],[41.436323,52.752806],[41.436753,52.752846],[41.438224,52.752995],[41.439487,52.753124],[41.439488,52.753124],[41.439777,52.753152],[41.439788,52.753152],[41.439798,52.753153],[41.439811,52.753152],[41.43932,52.753312],[41.437572,52.753863],[41.435649,52.754408],[41.43612,52.755302],[41.434046,52.754324]]]}},{"type":"Feature","id":"5596","properties":{"id":"5596","city":"tambov","baseScore":27.65556033000513,"baseScoreNoCommerce":30.56656996249036,"baseRank":357,"population":89.988535021875,"blocks":{"housing":0.38520569110697417,"infra":0.6491228070175438,"transport":0,"work":0.494,"green":0,"commerce":0.13100512167578962},"indicators":[{"label":"Жильё: плотность","value":29.221},{"label":"Жильё: обеспеченность","value":34.967},{"label":"Жильё: износ","value":70.098},{"label":"Жильё: этажность","value":1.857143},{"label":"Коммерческая инфраструктура: разнообразие","value":0},{"label":"Коммерческая инфраструктура: полнота корзины","value":100},{"label":"Крупные работодатели: обеспеченность","value":0.494},{"label":"Крупные работодатели: плотность","value":0.003},{"label":"Экономика: активность ФНС","value":2.627},{"label":"Экономика: ККТ","value":1.253},{"label":"Экономика: медианный чек","value":0}]},"geometry":{"type":"Polygon","coordinates":[[[41.440199,52.752895],[41.440211,52.752847],[41.440212,52.752844],[41.440243,52.752678],[41.440575,52.751033],[41.442301,52.751108],[41.441834,52.753463],[41.440155,52.753395],[41.440199,52.752895]]]}},{"type":"Feature","id":"5597","properties":{"id":"5597","city":"tambov","baseScore":44.72183075083441,"baseScoreNoCommerce":45.43916601175139,"baseRank":182,"population":2167.729655731201,"blocks":{"housing":0.3754638561431248,"infra":0.6607744444444444,"transport":0.5073,"work":0.064,"green":0.66442,"commerce":0.41135154446249533},"indicators":[{"label":"Жильё: плотность","value":225.375},{"label":"Жильё: обеспеченность","value":8.144},{"label":"Жильё: износ","value":29.235},{"label":"Жильё: этажность","value":8},{"label":"Коммерческая инфраструктура: разнообразие","value":0.08333333333333333},{"label":"Коммерческая инфраструктура: полнота корзины","value":100},{"label":"Транспорт: доступность","value":50.73},{"label":"Крупные работодатели: обеспеченность","value":0.064},{"label":"Крупные работодатели: плотность","value":0.002},{"label":"Зелёные зоны: доступность","value":66.442},{"label":"Экономика: активность ФНС","value":7.753},{"label":"Экономика: ККТ","value":4.949},{"label":"Экономика: медианный чек","value":0}]},"geometry":{"type":"Polygon","coordinates":[[[41.43612,52.755302],[41.436085,52.755452],[41.437467,52.755513],[41.437459,52.756332],[41.437453,52.757006],[41.437438,52.757632],[41.437289,52.757711],[41.437275,52.75772],[41.437266,52.757732],[41.437263,52.757744],[41.437255,52.758036],[41.436624,52.758027],[41.43662,52.758027],[41.436616,52.758027],[41.436408,52.758028],[41.436262,52.758019],[41.436065,52.757987],[41.435873,52.757956],[41.435666,52.757914],[41.435275,52.757802],[41.434896,52.757649],[41.433562,52.757079],[41.433537,52.757072],[41.433519,52.757061],[41.433112,52.75689],[41.433034,52.756853],[41.432572,52.756636],[41.432572,52.756636],[41.432572,52.756636],[41.43202,52.756376],[41.431895,52.756318],[41.431688,52.75622],[41.432113,52.755906],[41.432145,52.755874],[41.432158,52.755837],[41.432156,52.755825],[41.432568,52.755521],[41.432804,52.755346],[41.432809,52.755343],[41.434046,52.754324],[41.43612,52.755302]]]}},{"type":"Feature","id":"5598","properties":{"id":"5598","city":"tambov","baseScore":34.108131029120905,"baseScoreNoCommerce":36.576722788305005,"baseRank":303,"population":817.8915929091797,"blocks":{"housing":0.5325850867836711,"infra":0.468621052631579,"transport":0.82763,"work":0,"green":0,"commerce":0.21765172233200417},"indicators":[{"label":"Жильё: плотность","value":245.91},{"label":"Жильё: обеспеченность","value":8.61},{"label":"Жильё: износ","value":0.647},{"label":"Жильё: этажность","value":7},{"label":"Коммерческая инфраструктура: разнообразие","value":0},{"label":"Коммерческая инфраструктура: полнота корзины","value":58.557},{"label":"Транспорт: доступность","value":82.763},{"label":"Экономика: активность ФНС","value":7.204},{"label":"Экономика: ККТ","value":0.431},{"label":"Экономика: медианный чек","value":0}]},"geometry":{"type":"Polygon","coordinates":[[[41.441487,52.756609],[41.441496,52.755487],[41.44151,52.754445],[41.441508,52.754434],[41.441446,52.754277],[41.441442,52.754271],[41.441439,52.754266],[41.441438,52.754265],[41.441437,52.754264],[41.441431,52.754259],[41.441425,52.754254],[41.441423,52.754254],[41.441422,52.754253],[41.441414,52.75425],[41.441406,52.754246],[41.441404,52.754246],[41.441402,52.754246],[41.441393,52.754244],[41.441384,52.754242],[41.441382,52.754242],[41.44138,52.754242],[41.44137,52.754243],[41.44188,52.754101],[41.443087,52.754089],[41.443152,52.755635],[41.443461,52.755668],[41.443466,52.756643],[41.441487,52.756609]]]}},{"type":"Feature","id":"5599","properties":{"id":"5599","city":"tambov","baseScore":27.65556033000513,"baseScoreNoCommerce":30.56656996249036,"baseRank":357,"population":114.24516106875001,"blocks":{"housing":0.38520569110697417,"infra":0.6491228070175438,"transport":0,"work":0.494,"green":0,"commerce":0.13100512167578962},"indicators":[{"label":"Жильё: плотность","value":29.221},{"label":"Жильё: обеспеченность","value":34.967},{"label":"Жильё: износ","value":70.098},{"label":"Жильё: этажность","value":1.857143},{"label":"Коммерческая инфраструктура: разнообразие","value":0},{"label":"Коммерческая инфраструктура: полнота корзины","value":100},{"label":"Крупные работодатели: обеспеченность","value":0.494},{"label":"Крупные работодатели: плотность","value":0.003},{"label":"Экономика: активность ФНС","value":2.627},{"label":"Экономика: ККТ","value":1.253},{"label":"Экономика: медианный чек","value":0}]},"geometry":{"type":"Polygon","coordinates":[[[41.442016,52.746701],[41.442096,52.746781],[41.442542,52.747228],[41.441662,52.75108],[41.440575,52.751033],[41.440644,52.750691],[41.440658,52.750625],[41.440658,52.750625],[41.440796,52.749941],[41.440937,52.749251],[41.441075,52.74859],[41.441075,52.748566],[41.441043,52.74843],[41.441036,52.748413],[41.440988,52.74833],[41.440981,52.74832],[41.440909,52.748231],[41.440898,52.748222],[41.440888,52.748212],[41.440604,52.748016],[41.440545,52.747972],[41.44091,52.747988],[41.44112,52.747026],[41.442016,52.746701]]]}},{"type":"Feature","id":"5600","properties":{"id":"5600","city":"tambov","baseScore":18.07885517418525,"baseScoreNoCommerce":18.442713773643653,"baseRank":379,"population":344.8768734063232,"blocks":{"housing":0.2938221799102529,"infra":0.5451935087719298,"transport":0.07612,"work":0.007,"green":0,"commerce":0.1625956217689324},"indicators":[{"label":"Жильё: плотность","value":73.909},{"label":"Жильё: обеспеченность","value":21.008},{"label":"Жильё: износ","value":62.921},{"label":"Жильё: этажность","value":2.3},{"label":"Коммерческая инфраструктура: разнообразие","value":0},{"label":"Коммерческая инфраструктура: полнота корзины","value":74.048},{"label":"Транспорт: доступность","value":7.612},{"label":"Крупные работодатели: обеспеченность","value":0.007},{"label":"Крупные работодатели: плотность","value":0},{"label":"Экономика: активность ФНС","value":4.031},{"label":"Экономика: ККТ","value":1.502},{"label":"Экономика: медианный чек","value":0}]},"geometry":{"type":"Polygon","coordinates":[[[41.442125,52.74681],[41.442096,52.746781],[41.441105,52.745787],[41.440403,52.745087],[41.439962,52.744657],[41.439998,52.744639],[41.439999,52.744639],[41.4401,52.744589],[41.440524,52.744378],[41.440887,52.744199],[41.441694,52.743801],[41.441705,52.743808],[41.442303,52.744256],[41.442768,52.744605],[41.442944,52.744738],[41.442945,52.744738],[41.444058,52.74556],[41.444142,52.74563],[41.444297,52.745676],[41.442125,52.74681]]]}},{"type":"Feature","id":"5601","properties":{"id":"5601","city":"tambov","baseScore":56.26869097205748,"baseScoreNoCommerce":58.1647169918339,"baseRank":85,"population":1484.2269874338865,"blocks":{"housing":0.2627680133343848,"infra":0.64546783625731,"transport":1,"work":0,"green":1,"commerce":0.4678856087317544},"indicators":[{"label":"Жильё: плотность","value":107.996},{"label":"Жильё: обеспеченность","value":16.96},{"label":"Жильё: износ","value":61.583},{"label":"Жильё: этажность","value":3.461538},{"label":"Коммерческая инфраструктура: разнообразие","value":0.041666666666666664},{"label":"Коммерческая инфраструктура: полнота корзины","value":100},{"label":"Транспорт: доступность","value":100},{"label":"Зелёные зоны: доступность","value":100},{"label":"Экономика: активность ФНС","value":7.171},{"label":"Экономика: ККТ","value":7.995},{"label":"Экономика: медианный чек","value":0}]},"geometry":{"type":"Polygon","coordinates":[[[41.448545,52.749971],[41.448479,52.750241],[41.448479,52.750241],[41.448479,52.750241],[41.44843,52.750439],[41.448332,52.75084],[41.448332,52.75084],[41.448332,52.75084],[41.44828,52.751052],[41.448144,52.751021],[41.447673,52.750905],[41.446664,52.750555],[41.445839,52.750165],[41.445417,52.749909],[41.444939,52.749536],[41.443844,52.748533],[41.442125,52.74681],[41.444297,52.745676],[41.444438,52.745719],[41.444444,52.745716],[41.44702,52.744387],[41.447169,52.74431],[41.447288,52.74441],[41.446411,52.748139],[41.447538,52.748246],[41.447308,52.749871],[41.448545,52.749971]]]}},{"type":"Feature","id":"5602","properties":{"id":"5602","city":"tambov","baseScore":20.453712365456198,"baseScoreNoCommerce":19.35094822987849,"baseRank":370,"population":169.9769319574219,"blocks":{"housing":0.6399010957044509,"infra":0.21052631578947367,"transport":0.05294,"work":0.023,"green":0.04118,"commerce":0.25967533043344726},"indicators":[{"label":"Жильё: плотность","value":22.126},{"label":"Жильё: обеспеченность","value":38.246},{"label":"Коммерческая инфраструктура: разнообразие","value":0},{"label":"Транспорт: доступность","value":5.294},{"label":"Крупные работодатели: обеспеченность","value":0.023},{"label":"Крупные работодатели: плотность","value":0},{"label":"Зелёные зоны: доступность","value":4.118},{"label":"Экономика: активность ФНС","value":5.985},{"label":"Экономика: ККТ","value":3.273},{"label":"Экономика: медианный чек","value":0}]},"geometry":{"type":"Polygon","coordinates":[[[41.44865,52.758694],[41.447418,52.758684],[41.447419,52.758612],[41.447419,52.758589],[41.447069,52.758489],[41.447017,52.758473],[41.447112,52.758376],[41.447112,52.758376],[41.447234,52.758251],[41.447368,52.758244],[41.447574,52.75824],[41.449287,52.758242],[41.449349,52.758236],[41.449404,52.758219],[41.4495,52.758226],[41.449621,52.758249],[41.450559,52.758455],[41.450829,52.758477],[41.450807,52.757965],[41.458022,52.757937],[41.458215,52.758197],[41.457586,52.758453],[41.457551,52.758937],[41.457569,52.758984],[41.457558,52.758986],[41.457583,52.759188],[41.457454,52.759191],[41.457268,52.759196],[41.457257,52.759168],[41.457256,52.759166],[41.457256,52.759166],[41.457256,52.759166],[41.457213,52.75917],[41.457188,52.759172],[41.45683,52.759184],[41.45683,52.759184],[41.45683,52.759184],[41.45683,52.759186],[41.456831,52.759211],[41.456715,52.759213],[41.456714,52.759205],[41.456714,52.759205],[41.456714,52.759205],[41.456478,52.759221],[41.45628,52.759234],[41.455874,52.759254],[41.455427,52.759275],[41.455416,52.759273],[41.455409,52.759272],[41.455355,52.759278],[41.455348,52.759278],[41.455087,52.759289],[41.455063,52.759294],[41.455051,52.759278],[41.454604,52.759298],[41.454475,52.759292],[41.454337,52.759293],[41.454193,52.759295],[41.454112,52.759301],[41.454039,52.759306],[41.453387,52.759279],[41.453387,52.759253],[41.45332,52.759253],[41.45332,52.759275],[41.453252,52.759272],[41.453252,52.759263],[41.453167,52.759266],[41.45316,52.759269],[41.45316,52.759291],[41.452876,52.759267],[41.452876,52.759264],[41.452876,52.759261],[41.452876,52.759261],[41.452876,52.759261],[41.452797,52.759254],[41.452725,52.759248],[41.452728,52.759236],[41.452728,52.759234],[41.452728,52.759234],[41.452728,52.759234],[41.452497,52.759222],[41.452434,52.759219],[41.452461,52.758971],[41.452467,52.758889],[41.451612,52.758882],[41.449026,52.758864],[41.448981,52.758852],[41.448957,52.758834],[41.448947,52.758794],[41.44894,52.75878],[41.448926,52.758769],[41.448908,52.758761],[41.448887,52.758756],[41.448885,52.758753],[41.448781,52.758759],[41.448656,52.758766],[41.44865,52.758694]]]}},{"type":"Feature","id":"5603","properties":{"id":"5603","city":"tambov","baseScore":50.536509394843584,"baseScoreNoCommerce":53.97319095099577,"baseRank":120,"population":861.8979984812011,"blocks":{"housing":0.36850112649715694,"infra":0.5169384210526315,"transport":0.87819,"work":0,"green":0.93503,"commerce":0.33353101614082614},"indicators":[{"label":"Жильё: плотность","value":154.742},{"label":"Жильё: обеспеченность","value":12.835},{"label":"Жильё: износ","value":37.796},{"label":"Жильё: этажность","value":3.882353},{"label":"Коммерческая инфраструктура: разнообразие","value":0.125},{"label":"Коммерческая инфраструктура: полнота корзины","value":100},{"label":"Транспорт: доступность","value":87.819},{"label":"Зелёные зоны: доступность","value":93.503},{"label":"Экономика: активность ФНС","value":7.719},{"label":"Экономика: ККТ","value":2.215},{"label":"Экономика: медианный чек","value":0}]},"geometry":{"type":"Polygon","coordinates":[[[41.473385,52.758804],[41.4744,52.758537],[41.474319,52.758637],[41.474336,52.758659],[41.474221,52.758815],[41.474219,52.758844],[41.474216,52.758901],[41.474237,52.758939],[41.474252,52.758965],[41.474102,52.759],[41.473981,52.759023],[41.473868,52.759045],[41.473868,52.759045],[41.473868,52.759045],[41.473919,52.759142],[41.47392,52.759145],[41.473917,52.759146],[41.473915,52.759146],[41.473943,52.759192],[41.473952,52.759207],[41.474024,52.759194],[41.474079,52.759184],[41.474171,52.759162],[41.474225,52.759258],[41.474261,52.759322],[41.474261,52.759322],[41.474261,52.759322],[41.474265,52.759321],[41.474267,52.759324],[41.474268,52.759327],[41.474222,52.759337],[41.474084,52.759366],[41.474182,52.759542],[41.474371,52.759504],[41.47444,52.759625],[41.47449,52.759616],[41.474526,52.759609],[41.474535,52.759625],[41.474575,52.759698],[41.474791,52.759658],[41.474815,52.759654],[41.474892,52.759788],[41.475008,52.759988],[41.47513,52.760252],[41.475113,52.760254],[41.475109,52.760255],[41.475127,52.760298],[41.475122,52.7603],[41.475118,52.760301],[41.475118,52.760301],[41.475118,52.760301],[41.47514,52.76033],[41.47511,52.760337],[41.47511,52.760337],[41.47511,52.760337],[41.47515,52.760418],[41.47515,52.760418],[41.47515,52.760418],[41.475166,52.760416],[41.475169,52.760422],[41.475191,52.760462],[41.475116,52.760474],[41.475081,52.760479],[41.475081,52.760479],[41.475081,52.760479],[41.475128,52.760559],[41.475158,52.76061],[41.475215,52.760732],[41.475226,52.760768],[41.475209,52.760772],[41.4752,52.760774],[41.4752,52.760774],[41.4752,52.760774],[41.475214,52.760865],[41.475211,52.760975],[41.475211,52.760975],[41.475211,52.760975],[41.475289,52.760975],[41.475367,52.760975],[41.475393,52.760979],[41.475396,52.76098],[41.475404,52.760993],[41.475414,52.761009],[41.475396,52.761016],[41.475383,52.76102],[41.475402,52.761056],[41.4754,52.761057],[41.475395,52.761059],[41.475438,52.761148],[41.475495,52.761267],[41.475477,52.76127],[41.475479,52.761276],[41.475499,52.761324],[41.47552,52.761319],[41.475597,52.761477],[41.474646,52.761674],[41.474366,52.761732],[41.474316,52.761742],[41.474238,52.761737],[41.474158,52.761577],[41.474013,52.761288],[41.474018,52.761282],[41.47435,52.761207],[41.47435,52.761207],[41.47435,52.761207],[41.474236,52.760974],[41.474227,52.760966],[41.474219,52.760958],[41.474219,52.760958],[41.474219,52.760958],[41.473313,52.761132],[41.473313,52.761132],[41.473313,52.761132],[41.473331,52.761165],[41.473298,52.76117],[41.47327,52.761175],[41.473275,52.761186],[41.47303,52.761234],[41.473004,52.761173],[41.472982,52.76112],[41.472982,52.76112],[41.472982,52.76112],[41.472727,52.761167],[41.472701,52.761172],[41.472559,52.761005],[41.472543,52.760993],[41.472482,52.760945],[41.472455,52.760934],[41.472434,52.760925],[41.472393,52.760874],[41.472349,52.760821],[41.472363,52.760817],[41.472411,52.760803],[41.472417,52.760802],[41.472419,52.760804],[41.472421,52.760807],[41.472469,52.760799],[41.472548,52.760785],[41.472534,52.760754],[41.472511,52.760704],[41.472511,52.760704],[41.472511,52.760704],[41.472501,52.760705],[41.472492,52.760705],[41.472465,52.760665],[41.472409,52.760581],[41.472409,52.760581],[41.472409,52.760581],[41.472355,52.760592],[41.472271,52.76061],[41.472214,52.760507],[41.472164,52.760416],[41.472164,52.760416],[41.472164,52.760416],[41.472133,52.760421],[41.472127,52.760422],[41.472096,52.760365],[41.4719,52.760002],[41.471782,52.759817],[41.471678,52.759851],[41.471609,52.759874],[41.471267,52.759975],[41.470685,52.760148],[41.470652,52.760095],[41.470636,52.760068],[41.470632,52.760063],[41.470587,52.76],[41.470283,52.759688],[41.470473,52.759635],[41.473138,52.758919],[41.473385,52.758804]]]}},{"type":"Feature","id":"5604","properties":{"id":"5604","city":"tambov","baseScore":60.83992233690025,"baseScoreNoCommerce":58.98346918500644,"baseRank":47,"population":427.9503758040527,"blocks":{"housing":0.2846897750397962,"infra":0.5754836842105263,"transport":1,"work":0.089,"green":1,"commerce":0.701221880963693},"indicators":[{"label":"Жильё: плотность","value":107.659},{"label":"Жильё: обеспеченность","value":11.558},{"label":"Жильё: износ","value":49.455},{"label":"Жильё: этажность","value":5.25},{"label":"Коммерческая инфраструктура: разнообразие","value":0.125},{"label":"Коммерческая инфраструктура: полнота корзины","value":100},{"label":"Транспорт: доступность","value":100},{"label":"Крупные работодатели: обеспеченность","value":0.089},{"label":"Крупные работодатели: плотность","value":0.001},{"label":"Зелёные зоны: доступность","value":100},{"label":"Экономика: активность ФНС","value":8.006},{"label":"Экономика: ККТ","value":7.912},{"label":"Экономика: медианный чек","value":145.794}]},"geometry":{"type":"Polygon","coordinates":[[[41.474918,52.756644],[41.474731,52.757549],[41.474393,52.75778],[41.474357,52.757747],[41.473859,52.757417],[41.473451,52.757145],[41.47345,52.757144],[41.473449,52.757143],[41.472936,52.756811],[41.472825,52.756735],[41.472765,52.756704],[41.472691,52.756686],[41.472613,52.756683],[41.472606,52.756684],[41.472105,52.75636],[41.472103,52.756359],[41.471459,52.755937],[41.474224,52.754419],[41.474491,52.754643],[41.473466,52.755206],[41.474146,52.755684],[41.47432,52.755589],[41.474896,52.755956],[41.474694,52.756627],[41.474918,52.756644]]]}},{"type":"Feature","id":"5605","properties":{"id":"5605","city":"tambov","baseScore":48.19343271072358,"baseScoreNoCommerce":54.77030175438596,"baseRank":142,"population":20.998048316748047,"blocks":{"housing":1,"infra":0.5480350877192982,"transport":0.19048,"work":0,"green":1,"commerce":0.1530908749241166},"indicators":[{"label":"Жильё: плотность","value":5.022},{"label":"Жильё: обеспеченность","value":57.712},{"label":"Коммерческая инфраструктура: разнообразие","value":0},{"label":"Коммерческая инфраструктура: полнота корзины","value":76.19},{"label":"Транспорт: доступность","value":19.048},{"label":"Зелёные зоны: доступность","value":100},{"label":"Экономика: активность ФНС","value":4},{"label":"Экономика: ККТ","value":1.334},{"label":"Экономика: медианный чек","value":0}]},"geometry":{"type":"Polygon","coordinates":[[[41.463048,52.729164],[41.463033,52.729151],[41.462559,52.728787],[41.462317,52.728569],[41.462309,52.728493],[41.46232,52.728423],[41.462358,52.728363],[41.462397,52.728335],[41.462431,52.728337],[41.462507,52.728327],[41.463194,52.72816],[41.463198,52.728159],[41.463429,52.728099],[41.463698,52.72803],[41.463709,52.728028],[41.463976,52.72795],[41.463994,52.727945],[41.464283,52.727843],[41.464314,52.72783],[41.464491,52.727745],[41.46454,52.727712],[41.464667,52.727602],[41.464682,52.727587],[41.464745,52.727515],[41.464755,52.727502],[41.464816,52.727413],[41.464834,52.727366],[41.464828,52.727318],[41.4648,52.727276],[41.464925,52.7271],[41.464905,52.727181],[41.464916,52.727255],[41.464991,52.727298],[41.465001,52.72735],[41.465079,52.727371],[41.465546,52.727406],[41.465809,52.727436],[41.466383,52.727464],[41.466471,52.727458],[41.466798,52.727389],[41.466822,52.727469],[41.466815,52.727469],[41.466707,52.727555],[41.466686,52.72761],[41.466678,52.727895],[41.466656,52.728012],[41.466656,52.728229],[41.46663,52.728283],[41.466476,52.728384],[41.466453,52.7284],[41.466383,52.728439],[41.466232,52.7285],[41.466152,52.7286],[41.465932,52.72877],[41.46575,52.728767],[41.465653,52.728769],[41.465565,52.728778],[41.465479,52.728798],[41.465431,52.728842],[41.465433,52.728895],[41.465498,52.728932],[41.465672,52.728957],[41.465744,52.728988],[41.465736,52.729045],[41.465693,52.72909],[41.46557,52.729175],[41.465342,52.729231],[41.465254,52.729251],[41.464752,52.729295],[41.464655,52.729311],[41.46425,52.729357],[41.463495,52.729264],[41.463048,52.729164]]]}},{"type":"Feature","id":"5607","properties":{"id":"5607","city":"tambov","baseScore":36.35942051731511,"baseScoreNoCommerce":35.32421424909117,"baseRank":284,"population":420.94663355468754,"blocks":{"housing":0.10734509841947058,"infra":0.6732456140350878,"transport":0.97862,"work":0.007,"green":0,"commerce":0.4153545185843484},"indicators":[{"label":"Жильё: плотность","value":98.8},{"label":"Жильё: обеспеченность","value":16.32},{"label":"Жильё: износ","value":100},{"label":"Жильё: этажность","value":3.75},{"label":"Коммерческая инфраструктура: разнообразие","value":0.125},{"label":"Коммерческая инфраструктура: полнота корзины","value":100},{"label":"Транспорт: доступность","value":97.862},{"label":"Крупные работодатели: обеспеченность","value":0.007},{"label":"Крупные работодатели: плотность","value":0},{"label":"Экономика: активность ФНС","value":8.406},{"label":"Экономика: ККТ","value":3.902},{"label":"Экономика: медианный чек","value":0}]},"geometry":{"type":"Polygon","coordinates":[[[41.456827,52.743709],[41.456829,52.743781],[41.455804,52.74494],[41.456492,52.745286],[41.455565,52.745854],[41.455487,52.745803],[41.454873,52.745395],[41.454871,52.745394],[41.454373,52.745081],[41.454122,52.744922],[41.454121,52.744922],[41.453944,52.74481],[41.453922,52.744795],[41.454012,52.744743],[41.454033,52.744728],[41.454647,52.744172],[41.45508,52.743779],[41.455082,52.743777],[41.455502,52.743372],[41.456109,52.742787],[41.456109,52.742787],[41.456744,52.742166],[41.45679,52.742121],[41.458013,52.742589],[41.458013,52.742589],[41.456827,52.743709]]]}},{"type":"Feature","id":"5608","properties":{"id":"5608","city":"tambov","baseScore":46.20046920271748,"baseScoreNoCommerce":46.21722065996357,"baseRank":164,"population":592.9231731310547,"blocks":{"housing":0.3923779920625061,"infra":0.6517830409356725,"transport":1,"work":0.007,"green":0.2597,"commerce":0.4611671191648698},"indicators":[{"label":"Жильё: плотность","value":232.548},{"label":"Жильё: обеспеченность","value":5.355},{"label":"Жильё: износ","value":22.06},{"label":"Жильё: этажность","value":10.166667},{"label":"Коммерческая инфраструктура: разнообразие","value":0.08333333333333333},{"label":"Коммерческая инфраструктура: полнота корзины","value":100},{"label":"Транспорт: доступность","value":100},{"label":"Крупные работодатели: обеспеченность","value":0.007},{"label":"Крупные работодатели: плотность","value":0},{"label":"Зелёные зоны: доступность","value":25.97},{"label":"Экономика: активность ФНС","value":9},{"label":"Экономика: ККТ","value":4.361},{"label":"Экономика: медианный чек","value":0}]},"geometry":{"type":"Polygon","coordinates":[[[41.448831,52.75088],[41.448928,52.750484],[41.448977,52.750286],[41.449044,52.750013],[41.449088,52.749833],[41.449118,52.749716],[41.449118,52.749715],[41.449118,52.749715],[41.449259,52.749135],[41.449259,52.749134],[41.44926,52.749133],[41.449346,52.748736],[41.449438,52.748356],[41.449438,52.748355],[41.449438,52.748354],[41.449465,52.748231],[41.450541,52.74834],[41.450447,52.749209],[41.450218,52.749201],[41.450094,52.749801],[41.450504,52.749836],[41.450378,52.750398],[41.450593,52.750411],[41.450504,52.751002],[41.448831,52.75088]]]}},{"type":"Feature","id":"5609","properties":{"id":"5609","city":"tambov","baseScore":55.00706672124082,"baseScoreNoCommerce":54.597759763155906,"baseRank":95,"population":491.93927234965815,"blocks":{"housing":0.5130951226607194,"infra":0.6418128654970761,"transport":0.56098,"work":0.014,"green":1,"commerce":0.5705360151166535},"indicators":[{"label":"Жильё: плотность","value":297.203},{"label":"Жильё: обеспеченность","value":6.6},{"label":"Жильё: износ","value":1.815},{"label":"Жильё: этажность","value":11},{"label":"Коммерческая инфраструктура: разнообразие","value":0.08333333333333333},{"label":"Коммерческая инфраструктура: полнота корзины","value":100},{"label":"Транспорт: доступность","value":56.098},{"label":"Крупные работодатели: обеспеченность","value":0.014},{"label":"Крупные работодатели: плотность","value":0},{"label":"Зелёные зоны: доступность","value":100},{"label":"Экономика: активность ФНС","value":8.655},{"label":"Экономика: ККТ","value":4.84},{"label":"Экономика: медианный чек","value":0}]},"geometry":{"type":"Polygon","coordinates":[[[41.455759,52.749923],[41.456713,52.749625],[41.457426,52.749338],[41.458195,52.749941],[41.458454,52.750218],[41.456388,52.75095],[41.456308,52.7508],[41.456306,52.750384],[41.455759,52.749923]]]}},{"type":"Feature","id":"5610","properties":{"id":"5610","city":"tambov","baseScore":43.53487456669372,"baseScoreNoCommerce":40.82120296890858,"baseRank":193,"population":732.0094138056884,"blocks":{"housing":0.38380213674952257,"infra":0.6512580116959065,"transport":1,"work":0.006,"green":0,"commerce":0.5710323255561945},"indicators":[{"label":"Жильё: плотность","value":273.933},{"label":"Жильё: обеспеченность","value":9.728},{"label":"Жильё: износ","value":30.381},{"label":"Жильё: этажность","value":5.5},{"label":"Коммерческая инфраструктура: разнообразие","value":0.041666666666666664},{"label":"Коммерческая инфраструктура: полнота корзины","value":100},{"label":"Транспорт: доступность","value":100},{"label":"Крупные работодатели: обеспеченность","value":0.006},{"label":"Крупные работодатели: плотность","value":0},{"label":"Экономика: активность ФНС","value":6.734},{"label":"Экономика: ККТ","value":5.27},{"label":"Экономика: медианный чек","value":0}]},"geometry":{"type":"Polygon","coordinates":[[[41.453741,52.74313],[41.454939,52.743577],[41.454832,52.74368],[41.454401,52.744072],[41.453796,52.74462],[41.45372,52.744664],[41.453714,52.74466],[41.453414,52.744469],[41.452789,52.744064],[41.452789,52.744064],[41.452789,52.744064],[41.452537,52.743901],[41.452306,52.743751],[41.452224,52.743698],[41.45218,52.74367],[41.452177,52.743668],[41.452175,52.743667],[41.451525,52.743281],[41.452427,52.74237],[41.453741,52.74313]]]}},{"type":"Feature","id":"5611","properties":{"id":"5611","city":"tambov","baseScore":57.8285693164623,"baseScoreNoCommerce":49.72305291996285,"baseRank":71,"population":1401.8235963786865,"blocks":{"housing":0.3377250826453164,"infra":0.8229975633528266,"transport":1,"work":0.125,"green":0.20043,"commerce":0.983561512989595},"indicators":[{"label":"Жильё: плотность","value":235.639},{"label":"Жильё: обеспеченность","value":9.088},{"label":"Жильё: износ","value":36.889},{"label":"Жильё: этажность","value":8.125},{"label":"Коммерческая инфраструктура: разнообразие","value":0.4861111111111111},{"label":"Коммерческая инфраструктура: полнота корзины","value":100},{"label":"Транспорт: доступность","value":100},{"label":"Крупные работодатели: обеспеченность","value":0.125},{"label":"Крупные работодатели: плотность","value":0.003},{"label":"Зелёные зоны: доступность","value":20.043},{"label":"Экономика: активность ФНС","value":9.557},{"label":"Экономика: ККТ","value":53.726},{"label":"Экономика: медианный чек","value":399.299}]},"geometry":{"type":"Polygon","coordinates":[[[41.456138,52.740079],[41.454855,52.739896],[41.451729,52.739589],[41.452017,52.738597],[41.452017,52.738596],[41.452169,52.738064],[41.452169,52.738064],[41.452223,52.737872],[41.452232,52.737843],[41.452248,52.737845],[41.452253,52.737846],[41.452734,52.737895],[41.453251,52.737952],[41.453313,52.737953],[41.453373,52.737942],[41.453389,52.737935],[41.453744,52.737974],[41.454014,52.738005],[41.454751,52.738088],[41.454963,52.738112],[41.456614,52.738299],[41.456615,52.738299],[41.456611,52.738313],[41.456534,52.738566],[41.456533,52.738567],[41.456292,52.73943],[41.456234,52.739625],[41.456138,52.740079]]]}},{"type":"Feature","id":"5612","properties":{"id":"5612","city":"tambov","baseScore":55.99831361358706,"baseScoreNoCommerce":51.88442135237249,"baseRank":88,"population":95.98783163608398,"blocks":{"housing":0.648046155337923,"infra":0.6838449122807018,"transport":0.95833,"work":0.304,"green":0,"commerce":0.7656777491965989},"indicators":[{"label":"Жильё: плотность","value":20.099},{"label":"Жильё: обеспеченность","value":38.666},{"label":"Коммерческая инфраструктура: разнообразие","value":0.125},{"label":"Коммерческая инфраструктура: полнота корзины","value":100},{"label":"Транспорт: доступность","value":95.833},{"label":"Крупные работодатели: обеспеченность","value":0.304},{"label":"Крупные работодатели: плотность","value":0.001},{"label":"Экономика: активность ФНС","value":8.879},{"label":"Экономика: ККТ","value":9.961},{"label":"Экономика: медианный чек","value":655.676}]},"geometry":{"type":"Polygon","coordinates":[[[41.435841,52.727059],[41.436031,52.72644],[41.436032,52.726437],[41.436131,52.726082],[41.436145,52.726035],[41.436145,52.726033],[41.437717,52.726229],[41.437721,52.72623],[41.439342,52.726403],[41.439345,52.726403],[41.443319,52.726795],[41.443313,52.726815],[41.443293,52.726882],[41.443293,52.726882],[41.443293,52.726882],[41.443161,52.727333],[41.443161,52.727333],[41.443161,52.727333],[41.443117,52.727483],[41.443108,52.727513],[41.443108,52.727514],[41.443106,52.727522],[41.442214,52.727483],[41.441902,52.727494],[41.4418,52.72749],[41.441725,52.72749],[41.4411,52.727493],[41.441039,52.7275],[41.440532,52.727618],[41.440027,52.727609],[41.439684,52.727477],[41.439593,52.72741],[41.439169,52.727211],[41.438965,52.727035],[41.43753,52.727022],[41.436246,52.72705],[41.435841,52.727059]]]}},{"type":"Feature","id":"5613","properties":{"id":"5613","city":"tambov","baseScore":59.983853021301414,"baseScoreNoCommerce":69.56197679304438,"baseRank":55,"population":16.9980173081543,"blocks":{"housing":0.8114321729855524,"infra":0.6666666666666666,"transport":1,"work":0,"green":1,"commerce":0.12093234162586626},"indicators":[{"label":"Жильё: плотность","value":23.614},{"label":"Жильё: обеспеченность","value":47.091},{"label":"Коммерческая инфраструктура: разнообразие","value":0},{"label":"Коммерческая инфраструктура: полнота корзины","value":100},{"label":"Транспорт: доступность","value":100},{"label":"Зелёные зоны: доступность","value":100},{"label":"Экономика: активность ФНС","value":4},{"label":"Экономика: ККТ","value":0.238},{"label":"Экономика: медианный чек","value":0}]},"geometry":{"type":"Polygon","coordinates":[[[41.453422,52.729534],[41.451388,52.729072],[41.451582,52.728691],[41.452957,52.728938],[41.453084,52.728965],[41.45365,52.729081],[41.453422,52.729534]]]}},{"type":"Feature","id":"5614","properties":{"id":"5614","city":"tambov","baseScore":45.636275101980175,"baseScoreNoCommerce":40.301075216428686,"baseRank":174,"population":2109.2683418225834,"blocks":{"housing":0.28688779590915364,"infra":0.7281659649122808,"transport":1,"work":0,"green":0,"commerce":0.7231227452973764},"indicators":[{"label":"Жильё: плотность","value":257.057},{"label":"Жильё: обеспеченность","value":10.044},{"label":"Жильё: износ","value":46.7},{"label":"Жильё: этажность","value":5.2},{"label":"Коммерческая инфраструктура: разнообразие","value":0.25},{"label":"Коммерческая инфраструктура: полнота корзины","value":100},{"label":"Транспорт: доступность","value":100},{"label":"Экономика: активность ФНС","value":7.851},{"label":"Экономика: ККТ","value":6.945},{"label":"Экономика: медианный чек","value":47.274}]},"geometry":{"type":"Polygon","coordinates":[[[41.456223,52.740091],[41.456587,52.740192],[41.455383,52.741413],[41.455226,52.741566],[41.454958,52.741829],[41.454719,52.742063],[41.454554,52.742224],[41.453163,52.741745],[41.45263,52.741652],[41.452427,52.74237],[41.451525,52.743281],[41.451264,52.743126],[41.451213,52.743062],[41.451208,52.743057],[41.451204,52.743052],[41.45119,52.743042],[41.451177,52.743031],[41.45117,52.743027],[41.451164,52.743023],[41.451041,52.742958],[41.450943,52.742828],[41.450875,52.7427],[41.450873,52.742611],[41.450976,52.742226],[41.451009,52.742103],[41.451038,52.742004],[41.451184,52.741505],[41.451184,52.741503],[41.451348,52.740903],[41.451349,52.740903],[41.451379,52.740786],[41.45141,52.740687],[41.45141,52.740686],[41.451729,52.739589],[41.454855,52.739896],[41.456223,52.740091]]]}},{"type":"Feature","id":"5615","properties":{"id":"5615","city":"tambov","baseScore":69.70906984752735,"baseScoreNoCommerce":65.38341521420533,"baseRank":13,"population":877.7257664026367,"blocks":{"housing":0.3457614624646526,"infra":0.7764092982456141,"transport":1,"work":0.147,"green":1,"commerce":0.9133734301413743},"indicators":[{"label":"Жильё: плотность","value":117.266},{"label":"Жильё: обеспеченность","value":16.091},{"label":"Жильё: износ","value":46.661},{"label":"Жильё: этажность","value":3.894737},{"label":"Коммерческая инфраструктура: разнообразие","value":0.375},{"label":"Коммерческая инфраструктура: полнота корзины","value":100},{"label":"Транспорт: доступность","value":100},{"label":"Крупные работодатели: обеспеченность","value":0.147},{"label":"Крупные работодатели: плотность","value":0.002},{"label":"Зелёные зоны: доступность","value":100},{"label":"Экономика: активность ФНС","value":9.18},{"label":"Экономика: ККТ","value":30.412},{"label":"Экономика: медианный чек","value":269.4}]},"geometry":{"type":"Polygon","coordinates":[[[41.462927,52.729602],[41.462842,52.729741],[41.462842,52.729742],[41.462842,52.729742],[41.462805,52.729804],[41.462715,52.729937],[41.462552,52.730169],[41.46224,52.730126],[41.462219,52.730126],[41.462199,52.730123],[41.462025,52.730117],[41.461995,52.730117],[41.461772,52.730125],[41.461737,52.73013],[41.461701,52.730134],[41.461533,52.730172],[41.46152,52.730175],[41.461109,52.730282],[41.4611,52.730284],[41.460745,52.730386],[41.46073,52.730391],[41.460488,52.730473],[41.460471,52.73048],[41.460325,52.730539],[41.459743,52.730747],[41.459527,52.730825],[41.459487,52.730836],[41.459487,52.730836],[41.459304,52.730889],[41.459264,52.730901],[41.459136,52.73092],[41.459027,52.730937],[41.458889,52.730938],[41.458734,52.730929],[41.458662,52.730922],[41.458661,52.730922],[41.45866,52.730922],[41.458218,52.730882],[41.458035,52.730864],[41.458025,52.730863],[41.457928,52.730856],[41.456692,52.730736],[41.456059,52.730674],[41.455431,52.730611],[41.455063,52.730574],[41.454323,52.730493],[41.454638,52.729321],[41.454639,52.72932],[41.454639,52.72932],[41.454684,52.72915],[41.458757,52.729436],[41.460172,52.729472],[41.460663,52.72944],[41.461911,52.729544],[41.462373,52.72963],[41.462927,52.729602]]]}},{"type":"Feature","id":"5618","properties":{"id":"5618","city":"tambov","baseScore":36.07050463528197,"baseScoreNoCommerce":36.23159051210191,"baseRank":288,"population":82.98950864956055,"blocks":{"housing":0.27808163086825344,"infra":0.6298878947368421,"transport":0.90361,"work":0,"green":0,"commerce":0.35265075251182265},"indicators":[{"label":"Жильё: плотность","value":46.798},{"label":"Жильё: обеспеченность","value":21.821},{"label":"Жильё: износ","value":66.777},{"label":"Жильё: этажность","value":2.2},{"label":"Коммерческая инфраструктура: разнообразие","value":0},{"label":"Коммерческая инфраструктура: полнота корзины","value":100},{"label":"Транспорт: доступность","value":90.361},{"label":"Экономика: активность ФНС","value":9.988},{"label":"Экономика: ККТ","value":0.806},{"label":"Экономика: медианный чек","value":0}]},"geometry":{"type":"Polygon","coordinates":[[[41.434252,52.726302],[41.435606,52.726298],[41.435254,52.727497],[41.434917,52.727487],[41.433781,52.727656],[41.433531,52.72739],[41.433538,52.726759],[41.433511,52.726337],[41.433891,52.726293],[41.434252,52.726302]]]}},{"type":"Feature","id":"5619","properties":{"id":"5619","city":"tambov","baseScore":27.777229957590578,"baseScoreNoCommerce":33.33267594910869,"baseRank":354,"population":127.98418371298827,"blocks":{"housing":0.5460195869291187,"infra":0.12061421052631578,"transport":0,"work":0,"green":1,"commerce":0},"indicators":[{"label":"Жильё: плотность","value":20.031},{"label":"Жильё: обеспеченность","value":33.405},{"label":"Коммерческая инфраструктура: разнообразие","value":0},{"label":"Зелёные зоны: доступность","value":100}]},"geometry":{"type":"Polygon","coordinates":[[[41.473063,52.718841],[41.473344,52.718879],[41.473344,52.718879],[41.473344,52.718886],[41.473374,52.719086],[41.473373,52.719587],[41.473374,52.719594],[41.47339,52.719732],[41.473402,52.719835],[41.473408,52.719928],[41.47338,52.720016],[41.473283,52.720179],[41.473277,52.720192],[41.473249,52.720281],[41.473246,52.7203],[41.472734,52.720171],[41.47273,52.72017],[41.472456,52.720112],[41.472177,52.720052],[41.472071,52.72003],[41.472052,52.720027],[41.471941,52.720022],[41.47194,52.720022],[41.471928,52.720022],[41.471913,52.720022],[41.471823,52.72003],[41.471811,52.720031],[41.471672,52.720058],[41.471653,52.720063],[41.471459,52.720141],[41.471417,52.720143],[41.471387,52.720144],[41.471305,52.720133],[41.47122,52.720118],[41.471145,52.720093],[41.471086,52.720063],[41.471047,52.720027],[41.470982,52.719957],[41.470836,52.719844],[41.470617,52.719773],[41.470592,52.719769],[41.470264,52.719747],[41.470075,52.719717],[41.469968,52.719673],[41.469894,52.719613],[41.46969,52.719664],[41.469499,52.719633],[41.469019,52.719528],[41.468358,52.719325],[41.468497,52.719008],[41.468598,52.718856],[41.468727,52.718719],[41.469043,52.718599],[41.469634,52.718563],[41.470047,52.718654],[41.470208,52.718333],[41.469848,52.71829],[41.46987,52.718027],[41.469993,52.717764],[41.470068,52.717728],[41.470315,52.717757],[41.47046,52.717566],[41.47061,52.717299],[41.470969,52.717208],[41.471897,52.717109],[41.47186,52.71764],[41.471933,52.71818],[41.472117,52.718402],[41.4723,52.718606],[41.472337,52.718631],[41.472447,52.718681],[41.472795,52.718782],[41.473063,52.718841]]]}},{"type":"Feature","id":"5620","properties":{"id":"5620","city":"tambov","baseScore":43.17905399673018,"baseScoreNoCommerce":42.334991723272104,"baseRank":197,"population":183.97549261679688,"blocks":{"housing":0.47268011247939495,"infra":0.6440694736842105,"transport":1,"work":0,"green":0,"commerce":0.47399365364020574},"indicators":[{"label":"Жильё: плотность","value":22.349},{"label":"Жильё: обеспеченность","value":53.997},{"label":"Жильё: износ","value":98.2},{"label":"Жильё: этажность","value":1.6},{"label":"Коммерческая инфраструктура: разнообразие","value":0},{"label":"Коммерческая инфраструктура: полнота корзины","value":100},{"label":"Транспорт: доступность","value":100},{"label":"Экономика: активность ФНС","value":8.516},{"label":"Экономика: ККТ","value":2.506},{"label":"Экономика: медианный чек","value":917.794}]},"geometry":{"type":"Polygon","coordinates":[[[41.453611,52.717658],[41.45327,52.718204],[41.452997,52.718677],[41.452976,52.718673],[41.452955,52.718669],[41.45202,52.718561],[41.452019,52.718561],[41.451182,52.718469],[41.451181,52.718469],[41.449679,52.718311],[41.449382,52.71828],[41.44622,52.717992],[41.446629,52.716435],[41.453792,52.7172],[41.453879,52.717216],[41.453879,52.717216],[41.453886,52.717217],[41.453611,52.717658]]]}},{"type":"Feature","id":"5621","properties":{"id":"5621","city":"tambov","baseScore":64.73663807565111,"baseScoreNoCommerce":62.179336039428264,"baseRank":31,"population":1416.8291260725343,"blocks":{"housing":0.40811650957375234,"infra":0.7063002923976608,"transport":1,"work":0.099,"green":0.89555,"commerce":0.7752314825676534},"indicators":[{"label":"Жильё: плотность","value":184.961},{"label":"Жильё: обеспеченность","value":9.779},{"label":"Жильё: износ","value":26.493},{"label":"Жильё: этажность","value":8.538462},{"label":"Коммерческая инфраструктура: разнообразие","value":0.16666666666666666},{"label":"Коммерческая инфраструктура: полнота корзины","value":100},{"label":"Транспорт: доступность","value":100},{"label":"Крупные работодатели: обеспеченность","value":0.099},{"label":"Крупные работодатели: плотность","value":0.002},{"label":"Зелёные зоны: доступность","value":89.555},{"label":"Экономика: активность ФНС","value":8.867},{"label":"Экономика: ККТ","value":16.936},{"label":"Экономика: медианный чек","value":149.714}]},"geometry":{"type":"Polygon","coordinates":[[[41.463309,52.706742],[41.463325,52.706728],[41.464283,52.705924],[41.464369,52.705854],[41.46437,52.705853],[41.464416,52.705816],[41.46524,52.705131],[41.466382,52.704183],[41.467075,52.704921],[41.467075,52.704921],[41.467075,52.704921],[41.467375,52.705239],[41.467394,52.705258],[41.467734,52.705619],[41.467739,52.705624],[41.467787,52.705671],[41.467796,52.70568],[41.467906,52.705772],[41.467917,52.705781],[41.467959,52.705811],[41.467969,52.705819],[41.467954,52.705831],[41.467953,52.705832],[41.468184,52.705944],[41.468276,52.705991],[41.468368,52.706038],[41.468378,52.706042],[41.468702,52.70619],[41.466449,52.708068],[41.466448,52.708067],[41.465909,52.707833],[41.46564,52.707751],[41.465637,52.707753],[41.465637,52.707754],[41.46334,52.706755],[41.463309,52.706742]]]}},{"type":"Feature","id":"5622","properties":{"id":"5622","city":"tambov","baseScore":54.77439274185908,"baseScoreNoCommerce":52.79629540188559,"baseRank":96,"population":2137.762451305615,"blocks":{"housing":0.2380768363710826,"infra":0.7324179337231969,"transport":0.66932,"work":0,"green":1,"commerce":0.6466487944172654},"indicators":[{"label":"Жильё: плотность","value":162.646},{"label":"Жильё: обеспеченность","value":10.332},{"label":"Жильё: износ","value":55.123},{"label":"Жильё: этажность","value":5.1875},{"label":"Коммерческая инфраструктура: разнообразие","value":0.34722222222222215},{"label":"Коммерческая инфраструктура: полнота корзины","value":100},{"label":"Транспорт: доступность","value":66.932},{"label":"Зелёные зоны: доступность","value":100},{"label":"Экономика: активность ФНС","value":9.094},{"label":"Экономика: ККТ","value":17.445},{"label":"Экономика: медианный чек","value":169.94}]},"geometry":{"type":"Polygon","coordinates":[[[41.474713,52.700987],[41.477028,52.700896],[41.47703,52.700896],[41.478145,52.700824],[41.478443,52.700806],[41.478515,52.700803],[41.478517,52.700802],[41.478941,52.700777],[41.479047,52.700771],[41.479182,52.700763],[41.479273,52.700776],[41.479291,52.700781],[41.479308,52.700832],[41.479496,52.701392],[41.479609,52.701767],[41.47961,52.701769],[41.479759,52.702203],[41.479827,52.702416],[41.479938,52.702773],[41.479938,52.702773],[41.480153,52.703445],[41.480154,52.703446],[41.480274,52.7038],[41.480281,52.703872],[41.480043,52.703855],[41.479907,52.703836],[41.479334,52.703739],[41.47933,52.703739],[41.479327,52.703738],[41.47912,52.703709],[41.479118,52.703709],[41.47859,52.70364],[41.47859,52.70364],[41.47859,52.70364],[41.478548,52.703635],[41.478507,52.703629],[41.478507,52.703629],[41.478507,52.703629],[41.478106,52.703577],[41.473812,52.702986],[41.472477,52.702805],[41.472476,52.702805],[41.47211,52.702756],[41.472116,52.702737],[41.472158,52.702635],[41.472379,52.702094],[41.472431,52.701968],[41.472576,52.701615],[41.472576,52.701615],[41.472576,52.701615],[41.472702,52.701308],[41.47274,52.701223],[41.472814,52.701063],[41.472863,52.701059],[41.473353,52.70104],[41.473441,52.701037],[41.473486,52.701035],[41.473487,52.701035],[41.474256,52.701005],[41.474256,52.701005],[41.474686,52.700988],[41.474711,52.700987],[41.474713,52.700987]],[[41.474763,52.701037],[41.474771,52.701037],[41.474769,52.700988],[41.474761,52.700988],[41.474763,52.701037]]]}},{"type":"Feature","id":"5623","properties":{"id":"5623","city":"tambov","baseScore":40.42870775724581,"baseScoreNoCommerce":43.39399018850269,"baseRank":225,"population":348.9594097897705,"blocks":{"housing":0.5162044217058361,"infra":0.6140350877192983,"transport":1,"work":0.028,"green":0.01146,"commerce":0.2560229560096141},"indicators":[{"label":"Жильё: плотность","value":369.543},{"label":"Жильё: обеспеченность","value":8.294},{"label":"Жильё: износ","value":6.5},{"label":"Жильё: этажность","value":11},{"label":"Коммерческая инфраструктура: разнообразие","value":0},{"label":"Коммерческая инфраструктура: полнота корзины","value":100},{"label":"Транспорт: доступность","value":100},{"label":"Крупные работодатели: обеспеченность","value":0.028},{"label":"Крупные работодатели: плотность","value":0.001},{"label":"Зелёные зоны: доступность","value":1.146},{"label":"Экономика: активность ФНС","value":5.019},{"label":"Экономика: ККТ","value":0.471},{"label":"Экономика: медианный чек","value":0}]},"geometry":{"type":"Polygon","coordinates":[[[41.470914,52.699147],[41.472979,52.699425],[41.472694,52.700131],[41.471108,52.6999],[41.471295,52.699354],[41.470869,52.699306],[41.470914,52.699147]]]}},{"type":"Feature","id":"5624","properties":{"id":"5624","city":"tambov","baseScore":33.095642779903386,"baseScoreNoCommerce":35.13047992704558,"baseRank":313,"population":196.97754036738283,"blocks":{"housing":0.5888414817323961,"infra":0.497632514619883,"transport":0.09137,"work":0,"green":0.57868,"commerce":0.22921457044192411},"indicators":[{"label":"Жильё: плотность","value":23.596},{"label":"Жильё: обеспеченность","value":40.353},{"label":"Жильё: износ","value":45.384},{"label":"Жильё: этажность","value":5},{"label":"Коммерческая инфраструктура: разнообразие","value":0.08333333333333333},{"label":"Коммерческая инфраструктура: полнота корзины","value":64.467},{"label":"Транспорт: доступность","value":9.137},{"label":"Зелёные зоны: доступность","value":57.868},{"label":"Экономика: активность ФНС","value":9},{"label":"Экономика: ККТ","value":0.75},{"label":"Экономика: медианный чек","value":0}]},"geometry":{"type":"Polygon","coordinates":[[[41.481674,52.69579],[41.481947,52.695799],[41.481953,52.696264],[41.481825,52.696309],[41.4815,52.696296],[41.481192,52.696243],[41.481079,52.696244],[41.48105,52.696256],[41.48101,52.696241],[41.480956,52.696245],[41.480863,52.696245],[41.480817,52.696264],[41.480565,52.696285],[41.480468,52.696331],[41.480417,52.696392],[41.480463,52.696532],[41.480581,52.69661],[41.480635,52.696671],[41.480578,52.69682],[41.480466,52.69694],[41.480495,52.697072],[41.4806,52.697199],[41.480565,52.697382],[41.480527,52.697444],[41.480538,52.697478],[41.480584,52.697501],[41.480597,52.697535],[41.4806,52.697686],[41.480543,52.697989],[41.48049,52.698042],[41.480495,52.698211],[41.480474,52.698343],[41.480429,52.698431],[41.479897,52.699923],[41.4799,52.700002],[41.479908,52.700158],[41.479903,52.700252],[41.479814,52.700393],[41.479731,52.700507],[41.4796,52.700546],[41.479179,52.700583],[41.479019,52.700592],[41.478913,52.700598],[41.478912,52.700598],[41.478488,52.700624],[41.47846,52.700625],[41.478586,52.699139],[41.478638,52.698135],[41.478642,52.698065],[41.478642,52.698064],[41.478736,52.69632],[41.478753,52.696002],[41.478774,52.6957],[41.47878,52.695583],[41.478788,52.695393],[41.478806,52.695207],[41.478817,52.695131],[41.47883,52.695056],[41.47883,52.695052],[41.478858,52.694762],[41.479121,52.694702],[41.479289,52.694689],[41.479512,52.694674],[41.479638,52.694693],[41.479885,52.694771],[41.480421,52.694972],[41.480943,52.695209],[41.481479,52.695483],[41.481558,52.695554],[41.481606,52.695663],[41.481605,52.695698],[41.481674,52.69579]]]}},{"type":"Feature","id":"5625","properties":{"id":"5625","city":"tambov","baseScore":13.820014074667583,"baseScoreNoCommerce":16.5840168896011,"baseRank":387,"population":37.99610115930176,"blocks":{"housing":0.6292931251818094,"infra":0.19990771929824558,"transport":0,"work":0,"green":0,"commerce":0},"indicators":[{"label":"Жильё: плотность","value":16.347},{"label":"Жильё: обеспеченность","value":37.699},{"label":"Коммерческая инфраструктура: разнообразие","value":0}]},"geometry":{"type":"Polygon","coordinates":[[[41.477274,52.693272],[41.477401,52.693487],[41.477551,52.693597],[41.477916,52.693825],[41.478163,52.69402],[41.478396,52.694298],[41.47856,52.694491],[41.478628,52.694568],[41.478625,52.694614],[41.478599,52.694628],[41.478576,52.694653],[41.478567,52.694681],[41.478563,52.694743],[41.478535,52.69504],[41.478533,52.695052],[41.478328,52.695034],[41.478068,52.694984],[41.477837,52.694934],[41.477822,52.694931],[41.477443,52.694888],[41.477438,52.694887],[41.477128,52.694861],[41.477118,52.694861],[41.477013,52.694859],[41.476882,52.694856],[41.476494,52.694822],[41.476501,52.694808],[41.476505,52.694796],[41.476514,52.694729],[41.476512,52.694712],[41.476503,52.694697],[41.476276,52.694442],[41.476102,52.694195],[41.476046,52.693985],[41.476021,52.693677],[41.476022,52.693549],[41.476022,52.693427],[41.476016,52.693407],[41.476003,52.693386],[41.477274,52.693272]]]}},{"type":"Feature","id":"5626","properties":{"id":"5626","city":"tambov","baseScore":32.31839205061818,"baseScoreNoCommerce":31.21490336071602,"baseRank":321,"population":303.9590785546875,"blocks":{"housing":0.796150489673228,"infra":0.28062467836257304,"transport":0.47697,"work":0.007,"green":0,"commerce":0.37835835500128995},"indicators":[{"label":"Жильё: плотность","value":24.78},{"label":"Жильё: обеспеченность","value":46.303},{"label":"Коммерческая инфраструктура: разнообразие","value":0.16666666666666666},{"label":"Транспорт: доступность","value":47.697},{"label":"Крупные работодатели: обеспеченность","value":0.007},{"label":"Крупные работодатели: плотность","value":0},{"label":"Экономика: активность ФНС","value":9.883},{"label":"Экономика: ККТ","value":7.176},{"label":"Экономика: медианный чек","value":0}]},"geometry":{"type":"Polygon","coordinates":[[[41.475919,52.693302],[41.475886,52.693276],[41.47588,52.693271],[41.475832,52.693239],[41.47582,52.693233],[41.475767,52.693208],[41.475755,52.693203],[41.475665,52.693172],[41.475651,52.693168],[41.4756,52.693157],[41.475585,52.693154],[41.475526,52.693147],[41.475522,52.693147],[41.475423,52.693138],[41.475418,52.693138],[41.475326,52.693133],[41.475323,52.693133],[41.475267,52.693131],[41.475265,52.693123],[41.475072,52.693125],[41.473578,52.693094],[41.473577,52.693094],[41.472738,52.693082],[41.472078,52.693069],[41.471963,52.693066],[41.471962,52.693066],[41.471962,52.693066],[41.471962,52.693066],[41.471961,52.693066],[41.471811,52.693063],[41.471811,52.693063],[41.470318,52.693034],[41.46886,52.693002],[41.465639,52.692913],[41.465638,52.692913],[41.465567,52.692911],[41.465375,52.692904],[41.465315,52.692902],[41.465315,52.692902],[41.464561,52.692873],[41.464555,52.692873],[41.4644,52.692872],[41.464272,52.692871],[41.464285,52.692847],[41.464337,52.692754],[41.464342,52.692743],[41.464527,52.692199],[41.464638,52.691876],[41.464798,52.691602],[41.464804,52.691588],[41.464825,52.691514],[41.464828,52.691498],[41.464826,52.691431],[41.464817,52.6914],[41.464786,52.69135],[41.464765,52.691327],[41.464724,52.691295],[41.464694,52.691277],[41.464596,52.691233],[41.464608,52.691126],[41.464609,52.691117],[41.46461,52.691019],[41.464858,52.69102],[41.46591,52.691186],[41.467353,52.691402],[41.467966,52.691497],[41.46854,52.691645],[41.468953,52.691705],[41.469483,52.69179],[41.469719,52.69179],[41.469935,52.691845],[41.470116,52.691881],[41.470738,52.691881],[41.470996,52.691887],[41.471371,52.691849],[41.471972,52.691829],[41.472519,52.691712],[41.473308,52.69148],[41.473669,52.691455],[41.474032,52.691484],[41.474348,52.691577],[41.474525,52.691679],[41.474676,52.691751],[41.475019,52.691966],[41.475427,52.692037],[41.475609,52.692278],[41.475909,52.692434],[41.476135,52.692544],[41.476135,52.692616],[41.476296,52.692765],[41.476316,52.692931],[41.476116,52.693241],[41.475919,52.693302]]]}},{"type":"Feature","id":"5627","properties":{"id":"5627","city":"tambov","baseScore":37.70564248747576,"baseScoreNoCommerce":35.11698667614635,"baseRank":269,"population":635.926663024292,"blocks":{"housing":0.17564892445059221,"infra":0.6479504093567252,"transport":0.92925,"work":0.003,"green":0,"commerce":0.506489215441228},"indicators":[{"label":"Жильё: плотность","value":116.925},{"label":"Жильё: обеспеченность","value":11.501},{"label":"Жильё: износ","value":67.163},{"label":"Жильё: этажность","value":4.333333},{"label":"Коммерческая инфраструктура: разнообразие","value":0.20833333333333334},{"label":"Коммерческая инфраструктура: полнота корзины","value":100},{"label":"Транспорт: доступность","value":92.925},{"label":"Крупные работодатели: обеспеченность","value":0.003},{"label":"Крупные работодатели: плотность","value":0},{"label":"Экономика: активность ФНС","value":7.39},{"label":"Экономика: ККТ","value":3.596},{"label":"Экономика: медианный чек","value":79.013}]},"geometry":{"type":"Polygon","coordinates":[[[41.46768,52.684701],[41.466133,52.684431],[41.465938,52.684397],[41.465934,52.684397],[41.464882,52.684253],[41.464466,52.684187],[41.463447,52.684013],[41.463446,52.684013],[41.463119,52.68396],[41.462542,52.683858],[41.462457,52.683843],[41.462481,52.683793],[41.462483,52.683789],[41.462617,52.683484],[41.462653,52.683412],[41.462655,52.683409],[41.462981,52.682703],[41.462982,52.682702],[41.46304,52.682574],[41.463086,52.682479],[41.463086,52.682478],[41.463132,52.68238],[41.463176,52.682286],[41.463222,52.682188],[41.465205,52.682512],[41.465707,52.682596],[41.46605,52.682654],[41.466503,52.682731],[41.466401,52.683],[41.466465,52.683011],[41.466125,52.683818],[41.466601,52.683884],[41.467947,52.684051],[41.468011,52.68405],[41.46768,52.684701]]]}},{"type":"Feature","id":"5629","properties":{"id":"5629","city":"tambov","baseScore":54.19833452708348,"baseScoreNoCommerce":51.913856314902716,"baseRank":100,"population":645.9225468222656,"blocks":{"housing":0.18377490151511663,"infra":0.6442079142300194,"transport":1,"work":0.003,"green":0.76471,"commerce":0.6562072558798729},"indicators":[{"label":"Жильё: плотность","value":138.96},{"label":"Жильё: обеспеченность","value":10.242},{"label":"Жильё: износ","value":63.844},{"label":"Жильё: этажность","value":5.4},{"label":"Коммерческая инфраструктура: разнообразие","value":0.23611111111111108},{"label":"Коммерческая инфраструктура: полнота корзины","value":100},{"label":"Транспорт: доступность","value":100},{"label":"Крупные работодатели: обеспеченность","value":0.003},{"label":"Крупные работодатели: плотность","value":0},{"label":"Зелёные зоны: доступность","value":76.471},{"label":"Экономика: активность ФНС","value":7.809},{"label":"Экономика: ККТ","value":10.067},{"label":"Экономика: медианный чек","value":71.748}]},"geometry":{"type":"Polygon","coordinates":[[[41.464169,52.680159],[41.464466,52.679525],[41.464498,52.679456],[41.464852,52.678698],[41.464985,52.678412],[41.465269,52.677818],[41.465388,52.677568],[41.465581,52.677164],[41.465582,52.677162],[41.465807,52.676664],[41.465807,52.676664],[41.46594,52.676369],[41.467663,52.676682],[41.466428,52.679438],[41.465543,52.679301],[41.464993,52.680305],[41.464169,52.680159]]]}},{"type":"Feature","id":"5636","properties":{"id":"5636","city":"tambov","baseScore":59.43606051363409,"baseScoreNoCommerce":59.073464517012006,"baseRank":59,"population":1299.844483960254,"blocks":{"housing":0.32979644222486987,"infra":0.672876783625731,"transport":1,"work":0.001,"green":0.95,"commerce":0.6124904049674448},"indicators":[{"label":"Жильё: плотность","value":113.886},{"label":"Жильё: обеспеченность","value":12.695},{"label":"Жильё: износ","value":43.892},{"label":"Жильё: этажность","value":2.777778},{"label":"Коммерческая инфраструктура: разнообразие","value":0.2916666666666667},{"label":"Коммерческая инфраструктура: полнота корзины","value":100},{"label":"Транспорт: доступность","value":100},{"label":"Крупные работодатели: обеспеченность","value":0.001},{"label":"Крупные работодатели: плотность","value":0},{"label":"Зелёные зоны: доступность","value":95},{"label":"Экономика: активность ФНС","value":8.132},{"label":"Экономика: ККТ","value":16.034},{"label":"Экономика: медианный чек","value":72.323}]},"geometry":{"type":"Polygon","coordinates":[[[41.459317,52.679179],[41.459897,52.678272],[41.460944,52.678462],[41.462096,52.678684],[41.462129,52.678625],[41.462176,52.678512],[41.462226,52.678404],[41.462938,52.678507],[41.463514,52.678488],[41.464362,52.678627],[41.464014,52.679372],[41.463982,52.679441],[41.463633,52.680189],[41.46361,52.680239],[41.463451,52.680579],[41.463428,52.680627],[41.463428,52.680627],[41.463406,52.680675],[41.463235,52.681042],[41.463235,52.681042],[41.463235,52.681042],[41.462912,52.681732],[41.462912,52.681732],[41.462912,52.681732],[41.462692,52.682203],[41.462648,52.682297],[41.462603,52.682394],[41.462557,52.682489],[41.462557,52.68249],[41.462556,52.682492],[41.462497,52.682621],[41.462171,52.683325],[41.462144,52.683379],[41.46204,52.683371],[41.461876,52.683356],[41.461875,52.683356],[41.461683,52.683341],[41.461232,52.683305],[41.461954,52.681498],[41.459169,52.681045],[41.458496,52.680933],[41.459317,52.679179]]]}},{"type":"Feature","id":"5637","properties":{"id":"5637","city":"tambov","baseScore":59.43606051363409,"baseScoreNoCommerce":59.073464517012006,"baseRank":59,"population":490.0355095113281,"blocks":{"housing":0.32979644222486987,"infra":0.672876783625731,"transport":1,"work":0.001,"green":0.95,"commerce":0.6124904049674448},"indicators":[{"label":"Жильё: плотность","value":113.886},{"label":"Жильё: обеспеченность","value":12.695},{"label":"Жильё: износ","value":43.892},{"label":"Жильё: этажность","value":2.777778},{"label":"Коммерческая инфраструктура: разнообразие","value":0.2916666666666667},{"label":"Коммерческая инфраструктура: полнота корзины","value":100},{"label":"Транспорт: доступность","value":100},{"label":"Крупные работодатели: обеспеченность","value":0.001},{"label":"Крупные работодатели: плотность","value":0},{"label":"Зелёные зоны: доступность","value":95},{"label":"Экономика: активность ФНС","value":8.132},{"label":"Экономика: ККТ","value":16.034},{"label":"Экономика: медианный чек","value":72.323}]},"geometry":{"type":"Polygon","coordinates":[[[41.461232,52.683305],[41.460443,52.683241],[41.460441,52.683241],[41.459373,52.683174],[41.459242,52.683163],[41.459242,52.683163],[41.459188,52.683159],[41.459064,52.683134],[41.458929,52.683106],[41.458792,52.68307],[41.458541,52.682909],[41.458535,52.682905],[41.458409,52.68284],[41.458383,52.682832],[41.45838,52.682831],[41.45857,52.682392],[41.458785,52.681896],[41.459169,52.681045],[41.461954,52.681498],[41.461232,52.683305]]]}},{"type":"Feature","id":"5638","properties":{"id":"5638","city":"tambov","baseScore":59.43606051363409,"baseScoreNoCommerce":59.073464517012006,"baseRank":59,"population":349.93881621694334,"blocks":{"housing":0.32979644222486987,"infra":0.672876783625731,"transport":1,"work":0.001,"green":0.95,"commerce":0.6124904049674448},"indicators":[{"label":"Жильё: плотность","value":113.886},{"label":"Жильё: обеспеченность","value":12.695},{"label":"Жильё: износ","value":43.892},{"label":"Жильё: этажность","value":2.777778},{"label":"Коммерческая инфраструктура: разнообразие","value":0.2916666666666667},{"label":"Коммерческая инфраструктура: полнота корзины","value":100},{"label":"Транспорт: доступность","value":100},{"label":"Крупные работодатели: обеспеченность","value":0.001},{"label":"Крупные работодатели: плотность","value":0},{"label":"Зелёные зоны: доступность","value":95},{"label":"Экономика: активность ФНС","value":8.132},{"label":"Экономика: ККТ","value":16.034},{"label":"Экономика: медианный чек","value":72.323}]},"geometry":{"type":"Polygon","coordinates":[[[41.459169,52.681045],[41.458785,52.681896],[41.45857,52.682392],[41.458374,52.682362],[41.457856,52.682272],[41.456697,52.68208],[41.456263,52.682006],[41.456001,52.681972],[41.455725,52.681921],[41.455796,52.681781],[41.4562,52.68091],[41.456322,52.680651],[41.456358,52.68058],[41.459169,52.681045]]]}},{"type":"Feature","id":"5639","properties":{"id":"5639","city":"tambov","baseScore":59.43606051363409,"baseScoreNoCommerce":59.073464517012006,"baseRank":59,"population":318.8565881033203,"blocks":{"housing":0.32979644222486987,"infra":0.672876783625731,"transport":1,"work":0.001,"green":0.95,"commerce":0.6124904049674448},"indicators":[{"label":"Жильё: плотность","value":113.886},{"label":"Жильё: обеспеченность","value":12.695},{"label":"Жильё: износ","value":43.892},{"label":"Жильё: этажность","value":2.777778},{"label":"Коммерческая инфраструктура: разнообразие","value":0.2916666666666667},{"label":"Коммерческая инфраструктура: полнота корзины","value":100},{"label":"Транспорт: доступность","value":100},{"label":"Крупные работодатели: обеспеченность","value":0.001},{"label":"Крупные работодатели: плотность","value":0},{"label":"Зелёные зоны: доступность","value":95},{"label":"Экономика: активность ФНС","value":8.132},{"label":"Экономика: ККТ","value":16.034},{"label":"Экономика: медианный чек","value":72.323}]},"geometry":{"type":"Polygon","coordinates":[[[41.458496,52.680933],[41.456358,52.68058],[41.456525,52.680257],[41.456588,52.680104],[41.456809,52.679608],[41.456833,52.679556],[41.457064,52.679036],[41.457282,52.679067],[41.457905,52.67916],[41.458055,52.679108],[41.458619,52.679198],[41.459317,52.679179],[41.458496,52.680933]]]}},{"type":"Feature","id":"5644","properties":{"id":"5644","city":"tambov","baseScore":39.13164827276723,"baseScoreNoCommerce":40.30031306651516,"baseRank":245,"population":40.99453740600586,"blocks":{"housing":0.4082905071269272,"infra":0.6067251461988304,"transport":1,"work":0,"green":0,"commerce":0.3328832430402755},"indicators":[{"label":"Жильё: плотность","value":22.105},{"label":"Жильё: обеспеченность","value":26.303},{"label":"Коммерческая инфраструктура: разнообразие","value":0.08333333333333333},{"label":"Коммерческая инфраструктура: полнота корзины","value":100},{"label":"Транспорт: доступность","value":100},{"label":"Экономика: активность ФНС","value":9},{"label":"Экономика: ККТ","value":1.204},{"label":"Экономика: медианный чек","value":0}]},"geometry":{"type":"Polygon","coordinates":[[[41.460515,52.683675],[41.460719,52.68368],[41.46176,52.68372],[41.461835,52.683727],[41.461982,52.683742],[41.461954,52.683799],[41.461954,52.683799],[41.461863,52.683987],[41.461857,52.684002],[41.461811,52.684153],[41.461808,52.684167],[41.461788,52.684305],[41.461787,52.684312],[41.46178,52.684404],[41.46178,52.684416],[41.461785,52.684523],[41.461788,52.684539],[41.461828,52.684715],[41.46183,52.684724],[41.461936,52.685047],[41.461939,52.685057],[41.462041,52.685291],[41.462042,52.685293],[41.462174,52.68558],[41.462206,52.68565],[41.462274,52.685798],[41.461796,52.685624],[41.461373,52.685515],[41.461122,52.685484],[41.461135,52.685421],[41.461182,52.685251],[41.46114,52.685254],[41.460494,52.685257],[41.460489,52.684763],[41.460516,52.683709],[41.460515,52.683675]]]}},{"type":"Feature","id":"5651","properties":{"id":"5651","city":"tambov","baseScore":19.528887402375812,"baseScoreNoCommerce":23.434664882850974,"baseRank":375,"population":161.98020982265624,"blocks":{"housing":0.5962474546688645,"infra":0.1927657894736842,"transport":0.38272,"work":0,"green":0,"commerce":0},"indicators":[{"label":"Жильё: плотность","value":31.698},{"label":"Жильё: обеспеченность","value":35.995},{"label":"Коммерческая инфраструктура: разнообразие","value":0},{"label":"Транспорт: доступность","value":38.272}]},"geometry":{"type":"Polygon","coordinates":[[[41.45507,52.692799],[41.455637,52.692768],[41.456721,52.692723],[41.457241,52.692701],[41.457704,52.692698],[41.458648,52.692692],[41.459283,52.692691],[41.459284,52.692691],[41.459491,52.69269],[41.459615,52.692691],[41.459615,52.692692],[41.459619,52.693295],[41.459619,52.693296],[41.459619,52.693296],[41.459633,52.693617],[41.459635,52.693626],[41.459706,52.693869],[41.459707,52.693943],[41.459518,52.693961],[41.45849,52.694042],[41.458487,52.694042],[41.457219,52.694167],[41.456683,52.694214],[41.456671,52.694215],[41.456424,52.694255],[41.456417,52.694257],[41.456265,52.69429],[41.456107,52.694397],[41.455721,52.694597],[41.45526,52.694742],[41.455159,52.694508],[41.455118,52.694328],[41.45508,52.694177],[41.455119,52.693641],[41.455119,52.693641],[41.455095,52.693266],[41.455089,52.693248],[41.45507,52.692799]]]}},{"type":"Feature","id":"5652","properties":{"id":"5652","city":"tambov","baseScore":28.010313210828553,"baseScoreNoCommerce":33.61237585299426,"baseRank":352,"population":53.99457245288086,"blocks":{"housing":0.6383884417725202,"infra":0.227420350877193,"transport":0.81481,"work":0,"green":0,"commerce":0},"indicators":[{"label":"Жильё: плотность","value":22.923},{"label":"Жильё: обеспеченность","value":38.168},{"label":"Коммерческая инфраструктура: разнообразие","value":0},{"label":"Транспорт: доступность","value":81.481}]},"geometry":{"type":"Polygon","coordinates":[[[41.457387,52.694997],[41.457396,52.694782],[41.457396,52.694776],[41.457375,52.694594],[41.457375,52.694593],[41.457336,52.694274],[41.458404,52.694169],[41.45957,52.694074],[41.459566,52.694581],[41.459486,52.695855],[41.459401,52.695981],[41.459385,52.696407],[41.458492,52.696385],[41.458593,52.695028],[41.458358,52.695023],[41.457387,52.694997]]]}},{"type":"Feature","id":"5653","properties":{"id":"5653","city":"tambov","baseScore":49.53243274853801,"baseScoreNoCommerce":59.43891929824561,"baseRank":131,"population":111.98461538815917,"blocks":{"housing":1,"infra":0.1503759649122807,"transport":1,"work":0.018,"green":0.80357,"commerce":0},"indicators":[{"label":"Жильё: плотность","value":21.383},{"label":"Жильё: обеспеченность","value":62.033},{"label":"Коммерческая инфраструктура: разнообразие","value":0},{"label":"Транспорт: доступность","value":100},{"label":"Крупные работодатели: обеспеченность","value":0.018},{"label":"Крупные работодатели: плотность","value":0},{"label":"Зелёные зоны: доступность","value":80.357}]},"geometry":{"type":"Polygon","coordinates":[[[41.448825,52.700175],[41.448882,52.700123],[41.449176,52.699855],[41.44928,52.699756],[41.449402,52.699715],[41.44944,52.699685],[41.449463,52.69965],[41.449507,52.699608],[41.449458,52.699589],[41.449533,52.699523],[41.449496,52.699502],[41.449606,52.699392],[41.449563,52.69932],[41.449418,52.699249],[41.449172,52.699018],[41.448458,52.698696],[41.448372,52.698647],[41.448085,52.698523],[41.447444,52.698008],[41.447353,52.69791],[41.447313,52.69783],[41.449048,52.697048],[41.449114,52.697122],[41.449128,52.697136],[41.449537,52.697447],[41.450062,52.69786],[41.450064,52.697861],[41.450184,52.697952],[41.450204,52.697968],[41.450911,52.698507],[41.450915,52.69851],[41.451039,52.698598],[41.45156,52.698987],[41.451561,52.698989],[41.451849,52.699195],[41.451714,52.699291],[41.451472,52.699462],[41.45147,52.699463],[41.451018,52.699793],[41.451017,52.699794],[41.450822,52.699937],[41.450638,52.700061],[41.450635,52.700064],[41.450596,52.700092],[41.450502,52.700156],[41.450499,52.700158],[41.450132,52.700426],[41.449812,52.700645],[41.449807,52.700649],[41.448825,52.700175]]]}},{"type":"Feature","id":"5654","properties":{"id":"5654","city":"tambov","baseScore":28.61901903993658,"baseScoreNoCommerce":32.974077192982456,"baseRank":350,"population":41.994745125,"blocks":{"housing":1,"infra":0.2201338596491228,"transport":0.42857,"work":0,"green":0,"commerce":0.06843728274707174},"indicators":[{"label":"Жильё: плотность","value":21.26},{"label":"Жильё: обеспеченность","value":68.079},{"label":"Коммерческая инфраструктура: разнообразие","value":0},{"label":"Транспорт: доступность","value":42.857},{"label":"Экономика: активность ФНС","value":2},{"label":"Экономика: ККТ","value":0.3},{"label":"Экономика: медианный чек","value":0}]},"geometry":{"type":"Polygon","coordinates":[[[41.448677,52.701454],[41.448657,52.701468],[41.448654,52.70147],[41.447611,52.702222],[41.446023,52.703357],[41.44529,52.702982],[41.447571,52.701164],[41.447913,52.70109],[41.448677,52.701454]]]}},{"type":"Feature","id":"5655","properties":{"id":"5655","city":"tambov","baseScore":26.80168625572116,"baseScoreNoCommerce":31.115163149899384,"baseRank":360,"population":14.997967473120116,"blocks":{"housing":0.21892271889847767,"infra":0.07017543859649122,"transport":0.73333,"work":0,"green":0.53333,"commerce":0.0523430178483007},"indicators":[{"label":"Жильё: плотность","value":18.607},{"label":"Жильё: обеспеченность","value":27.827},{"label":"Жильё: износ","value":100},{"label":"Жильё: этажность","value":1},{"label":"Коммерческая инфраструктура: разнообразие","value":0},{"label":"Транспорт: доступность","value":73.333},{"label":"Зелёные зоны: доступность","value":53.333},{"label":"Экономика: активность ФНС","value":1},{"label":"Экономика: ККТ","value":0.198},{"label":"Экономика: медианный чек","value":0}]},"geometry":{"type":"Polygon","coordinates":[[[41.447181,52.695442],[41.4471,52.695435],[41.447005,52.695407],[41.446931,52.695427],[41.446669,52.695356],[41.4468,52.695105],[41.446884,52.694966],[41.446897,52.694957],[41.446925,52.694921],[41.44697,52.694841],[41.446964,52.694839],[41.447032,52.694742],[41.447039,52.694744],[41.447203,52.694533],[41.446999,52.694457],[41.447038,52.694392],[41.447117,52.694214],[41.447216,52.694227],[41.448163,52.694306],[41.447977,52.69474],[41.447376,52.69548],[41.447181,52.695442]]]}},{"type":"Feature","id":"5657","properties":{"id":"5657","city":"tambov","baseScore":41.822248094985184,"baseScoreNoCommerce":42.66809926403002,"baseRank":214,"population":164.97910279047852,"blocks":{"housing":0.8599146708038399,"infra":0.3040402923976608,"transport":0.94545,"work":0.024,"green":0,"commerce":0.3759299224976103},"indicators":[{"label":"Жильё: плотность","value":25.262},{"label":"Жильё: обеспеченность","value":49.591},{"label":"Коммерческая инфраструктура: разнообразие","value":0.16666666666666666},{"label":"Транспорт: доступность","value":94.545},{"label":"Крупные работодатели: обеспеченность","value":0.024},{"label":"Крупные работодатели: плотность","value":0},{"label":"Экономика: активность ФНС","value":9.738},{"label":"Экономика: ККТ","value":4.126},{"label":"Экономика: медианный чек","value":0}]},"geometry":{"type":"Polygon","coordinates":[[[41.462407,52.699368],[41.461495,52.699491],[41.461088,52.699525],[41.460847,52.699546],[41.460298,52.69953],[41.459923,52.699511],[41.4593,52.699466],[41.459275,52.699466],[41.459127,52.699479],[41.459129,52.699472],[41.459165,52.699182],[41.459208,52.698907],[41.459221,52.698828],[41.459221,52.698826],[41.459236,52.698716],[41.459236,52.698716],[41.459295,52.698223],[41.459306,52.698135],[41.45934,52.697964],[41.459341,52.69796],[41.459412,52.697394],[41.459481,52.696946],[41.459505,52.696791],[41.459505,52.696789],[41.459516,52.696702],[41.460319,52.696714],[41.461065,52.696755],[41.461129,52.696758],[41.461321,52.696766],[41.461388,52.696767],[41.461837,52.696819],[41.461838,52.696819],[41.462349,52.696876],[41.462352,52.696876],[41.46273,52.696913],[41.462734,52.696913],[41.462738,52.696913],[41.462722,52.696965],[41.462558,52.697627],[41.462499,52.698],[41.462396,52.698638],[41.462378,52.69874],[41.462413,52.69892],[41.462446,52.698922],[41.462443,52.698948],[41.462426,52.699066],[41.462409,52.699234],[41.462409,52.699236],[41.462403,52.699314],[41.462403,52.69933],[41.462407,52.699368]]]}},{"type":"Feature","id":"5658","properties":{"id":"5658","city":"tambov","baseScore":27.939544918892466,"baseScoreNoCommerce":33.52745390267096,"baseRank":353,"population":180.97768456435546,"blocks":{"housing":0.6065839232037235,"infra":0.23000877192982458,"transport":0.83978,"work":0,"green":0,"commerce":0},"indicators":[{"label":"Жильё: плотность","value":33.606},{"label":"Жильё: обеспеченность","value":36.528},{"label":"Коммерческая инфраструктура: разнообразие","value":0},{"label":"Транспорт: доступность","value":83.978}]},"geometry":{"type":"Polygon","coordinates":[[[41.459159,52.69711],[41.458941,52.698702],[41.458935,52.69875],[41.458917,52.698866],[41.458913,52.698889],[41.458913,52.69889],[41.45887,52.699166],[41.45887,52.699167],[41.458834,52.699454],[41.458825,52.699487],[41.458712,52.699482],[41.457196,52.699381],[41.457195,52.699381],[41.455966,52.699308],[41.45564,52.699287],[41.455516,52.69927],[41.455517,52.699261],[41.455585,52.698974],[41.455586,52.698971],[41.455622,52.698697],[41.455622,52.698695],[41.455639,52.698562],[41.455802,52.697316],[41.457516,52.697393],[41.457556,52.69708],[41.459159,52.69711]]]}},{"type":"Feature","id":"5660","properties":{"id":"5660","city":"tambov","baseScore":36.88007488993395,"baseScoreNoCommerce":37.74685074977758,"baseRank":279,"population":149.98313833710935,"blocks":{"housing":0.6068748181906333,"infra":0.2804677192982456,"transport":0.74,"work":0,"green":0.26,"commerce":0.3254619559071581},"indicators":[{"label":"Жильё: плотность","value":24.432},{"label":"Жильё: обеспеченность","value":36.543},{"label":"Коммерческая инфраструктура: разнообразие","value":0},{"label":"Коммерческая инфраструктура: полнота корзины","value":4},{"label":"Транспорт: доступность","value":74},{"label":"Зелёные зоны: доступность","value":26},{"label":"Экономика: активность ФНС","value":9.09},{"label":"Экономика: ККТ","value":2.744},{"label":"Экономика: медианный чек","value":0}]},"geometry":{"type":"Polygon","coordinates":[[[41.46267,52.699927],[41.462482,52.700014],[41.462478,52.700016],[41.462095,52.700213],[41.462074,52.700229],[41.461999,52.700308],[41.461915,52.700389],[41.46182,52.700475],[41.461816,52.700478],[41.461771,52.700525],[41.461732,52.700535],[41.461691,52.700536],[41.461534,52.70049],[41.461341,52.700424],[41.461314,52.700418],[41.461285,52.700417],[41.461258,52.700421],[41.461233,52.70043],[41.461214,52.700443],[41.460931,52.700699],[41.46093,52.700699],[41.460725,52.70089],[41.460232,52.701249],[41.460229,52.701252],[41.460065,52.701386],[41.460056,52.701395],[41.459928,52.701548],[41.459924,52.701553],[41.459842,52.701679],[41.459841,52.701681],[41.459698,52.701925],[41.459698,52.701925],[41.459472,52.702315],[41.459424,52.702368],[41.459337,52.702432],[41.459172,52.702532],[41.458937,52.702668],[41.45862,52.702454],[41.458436,52.702279],[41.45843,52.702229],[41.458321,52.70192],[41.456945,52.700945],[41.458148,52.700198],[41.458903,52.699711],[41.45906,52.699616],[41.459078,52.699601],[41.45929,52.699583],[41.459902,52.699627],[41.459905,52.699628],[41.460284,52.699647],[41.460287,52.699647],[41.460659,52.699657],[41.461115,52.699641],[41.461526,52.699606],[41.461533,52.699605],[41.462428,52.699484],[41.462441,52.699541],[41.462444,52.699552],[41.462486,52.699671],[41.462493,52.699683],[41.462498,52.699695],[41.462581,52.699826],[41.462595,52.699844],[41.46267,52.699927]]]}},{"type":"Feature","id":"5661","properties":{"id":"5661","city":"tambov","baseScore":49.6162712216966,"baseScoreNoCommerce":58.195601524221686,"baseRank":130,"population":169.9808653005371,"blocks":{"housing":0.6457965674391545,"infra":0.26398350877192983,"transport":1,"work":0,"green":1,"commerce":0.06719619709071178},"indicators":[{"label":"Жильё: плотность","value":25.33},{"label":"Жильё: обеспеченность","value":38.55},{"label":"Коммерческая инфраструктура: разнообразие","value":0},{"label":"Транспорт: доступность","value":100},{"label":"Зелёные зоны: доступность","value":100},{"label":"Экономика: активность ФНС","value":2},{"label":"Экономика: ККТ","value":0.471},{"label":"Экономика: медианный чек","value":0}]},"geometry":{"type":"Polygon","coordinates":[[[41.454347,52.703491],[41.454269,52.703494],[41.454249,52.703496],[41.454235,52.703497],[41.454152,52.703401],[41.454077,52.703308],[41.45392,52.703063],[41.453919,52.703062],[41.453804,52.702892],[41.453846,52.702863],[41.454899,52.702108],[41.455641,52.701701],[41.455676,52.701682],[41.456806,52.701026],[41.458218,52.702044],[41.45832,52.702387],[41.458463,52.702522],[41.458472,52.702529],[41.45886,52.702791],[41.459078,52.702947],[41.459078,52.702947],[41.459387,52.703167],[41.457357,52.703754],[41.456956,52.703852],[41.456952,52.703853],[41.45692,52.703861],[41.456787,52.703882],[41.456438,52.703888],[41.456286,52.703868],[41.455451,52.703696],[41.454711,52.703533],[41.454699,52.70353],[41.454578,52.703511],[41.454572,52.70351],[41.454464,52.703495],[41.454437,52.703493],[41.454362,52.703491],[41.454347,52.703491]]]}},{"type":"Feature","id":"5662","properties":{"id":"5662","city":"tambov","baseScore":50.06099766686315,"baseScoreNoCommerce":56.97321324269659,"baseRank":123,"population":95.98776119992677,"blocks":{"housing":0.6498303112576361,"infra":0.198830350877193,"transport":1,"work":0,"green":1,"commerce":0.15499919787695998},"indicators":[{"label":"Жильё: плотность","value":30.603},{"label":"Жильё: обеспеченность","value":38.758},{"label":"Коммерческая инфраструктура: разнообразие","value":0},{"label":"Транспорт: доступность","value":100},{"label":"Зелёные зоны: доступность","value":100},{"label":"Экономика: активность ФНС","value":2.316},{"label":"Экономика: ККТ","value":1.999},{"label":"Экономика: медианный чек","value":0}]},"geometry":{"type":"Polygon","coordinates":[[[41.436172,52.711162],[41.436321,52.710805],[41.436376,52.710675],[41.436376,52.710672],[41.43639,52.710632],[41.437292,52.71095],[41.437461,52.711008],[41.438354,52.711302],[41.438208,52.711611],[41.438206,52.711614],[41.438006,52.712139],[41.4379,52.712417],[41.437662,52.712988],[41.437656,52.713001],[41.436693,52.71282],[41.435499,52.712589],[41.435497,52.712588],[41.4355,52.71258],[41.435635,52.71226],[41.436171,52.711165],[41.436172,52.711162]]]}},{"type":"Feature","id":"5663","properties":{"id":"5663","city":"tambov","baseScore":54.22823879104134,"baseScoreNoCommerce":63.530038596491224,"baseRank":98,"population":32.99607101162109,"blocks":{"housing":1,"infra":0.1765019298245614,"transport":1,"work":0,"green":1,"commerce":0.07719239763791856},"indicators":[{"label":"Жильё: плотность","value":30.462},{"label":"Жильё: обеспеченность","value":68.259},{"label":"Коммерческая инфраструктура: разнообразие","value":0},{"label":"Транспорт: доступность","value":100},{"label":"Зелёные зоны: доступность","value":100},{"label":"Экономика: активность ФНС","value":3.241},{"label":"Экономика: ККТ","value":0.087},{"label":"Экономика: медианный чек","value":0}]},"geometry":{"type":"Polygon","coordinates":[[[41.439555,52.711476],[41.438552,52.711163],[41.437527,52.710825],[41.437108,52.710677],[41.438129,52.710399],[41.440004,52.710876],[41.439555,52.711476]]]}},{"type":"Feature","id":"5665","properties":{"id":"5665","city":"tambov","baseScore":38.444223753961545,"baseScoreNoCommerce":35.59927472054518,"baseRank":255,"population":59.55164300756835,"blocks":{"housing":0.7153786483079608,"infra":0.25753508771929823,"transport":0.47436,"work":0.025,"green":0.30769,"commerce":0.5266896892104332},"indicators":[{"label":"Жильё: плотность","value":23.205},{"label":"Жильё: обеспеченность","value":42.138},{"label":"Коммерческая инфраструктура: разнообразие","value":0},{"label":"Транспорт: доступность","value":47.436},{"label":"Крупные работодатели: обеспеченность","value":0.025},{"label":"Крупные работодатели: плотность","value":0},{"label":"Зелёные зоны: доступность","value":30.769},{"label":"Экономика: активность ФНС","value":9.374},{"label":"Экономика: ККТ","value":5.722},{"label":"Экономика: медианный чек","value":0}]},"geometry":{"type":"Polygon","coordinates":[[[41.446304,52.706875],[41.446626,52.707015],[41.447251,52.707286],[41.447855,52.707549],[41.447856,52.707549],[41.447857,52.707549],[41.447945,52.707587],[41.447956,52.707625],[41.447958,52.707681],[41.447946,52.707717],[41.44799,52.707734],[41.447984,52.707738],[41.447982,52.70774],[41.447539,52.70806],[41.446998,52.70844],[41.446997,52.708441],[41.446363,52.708147],[41.446039,52.708344],[41.444473,52.707644],[41.445154,52.707166],[41.445326,52.707016],[41.44529,52.706988],[41.445177,52.706936],[41.445124,52.706909],[41.445335,52.706759],[41.445511,52.706618],[41.445824,52.706763],[41.445975,52.706833],[41.44601,52.706845],[41.44615,52.70688],[41.446194,52.706886],[41.446239,52.706884],[41.446304,52.706875]]]}},{"type":"Feature","id":"5666","properties":{"id":"5666","city":"tambov","baseScore":32.46695906432748,"baseScoreNoCommerce":38.96035087719298,"baseRank":319,"population":26.996387546875,"blocks":{"housing":1,"infra":0.2072775438596491,"transport":0.62963,"work":0,"green":0.11111,"commerce":0},"indicators":[{"label":"Жильё: плотность","value":16.048},{"label":"Жильё: обеспеченность","value":62.641},{"label":"Коммерческая инфраструктура: разнообразие","value":0},{"label":"Транспорт: доступность","value":62.963},{"label":"Зелёные зоны: доступность","value":11.111}]},"geometry":{"type":"Polygon","coordinates":[[[41.440619,52.708635],[41.439999,52.708943],[41.439017,52.709624],[41.438483,52.709713],[41.437549,52.710298],[41.437081,52.710062],[41.437358,52.709864],[41.43736,52.709863],[41.437814,52.709526],[41.438347,52.709152],[41.438347,52.709152],[41.439317,52.708465],[41.439317,52.708465],[41.43974,52.708163],[41.440619,52.708635]]]}},{"type":"Feature","id":"5667","properties":{"id":"5667","city":"tambov","baseScore":42.32646522946266,"baseScoreNoCommerce":50.38239267591067,"baseRank":207,"population":196.9717419253906,"blocks":{"housing":0.8138029671288665,"infra":0.26876666666666665,"transport":0.43655,"work":0,"green":1,"commerce":0.020468279972226593},"indicators":[{"label":"Жильё: плотность","value":28.144},{"label":"Жильё: обеспеченность","value":37.612},{"label":"Жильё: износ","value":0},{"label":"Жильё: этажность","value":3},{"label":"Коммерческая инфраструктура: разнообразие","value":0},{"label":"Коммерческая инфраструктура: полнота корзины","value":2.03},{"label":"Транспорт: доступность","value":43.655},{"label":"Зелёные зоны: доступность","value":100},{"label":"Экономика: активность ФНС","value":1},{"label":"Экономика: ККТ","value":0.007},{"label":"Экономика: медианный чек","value":0}]},"geometry":{"type":"Polygon","coordinates":[[[41.439163,52.715384],[41.439055,52.715375],[41.434777,52.715012],[41.434792,52.714725],[41.434827,52.714551],[41.434879,52.714363],[41.434879,52.714362],[41.43498,52.71399],[41.43499,52.713959],[41.435032,52.713844],[41.435245,52.713291],[41.435495,52.712792],[41.435503,52.712778],[41.43652,52.712976],[41.436521,52.712976],[41.437668,52.713191],[41.43767,52.713191],[41.439164,52.713456],[41.439767,52.713562],[41.439848,52.713582],[41.439788,52.713635],[41.439776,52.713648],[41.439715,52.713727],[41.439708,52.713738],[41.439671,52.71381],[41.439668,52.71382],[41.439541,52.714215],[41.439504,52.71433],[41.439163,52.715384]]]}},{"type":"Feature","id":"5668","properties":{"id":"5668","city":"tambov","baseScore":44.23188943803515,"baseScoreNoCommerce":43.138305491351844,"baseRank":184,"population":1025.862687804419,"blocks":{"housing":0.29709129795940514,"infra":0.7529239766081872,"transport":0.74854,"work":0.18,"green":0.17836,"commerce":0.49699809171451637},"indicators":[{"label":"Жильё: плотность","value":102.419},{"label":"Жильё: обеспеченность","value":11.035},{"label":"Жильё: износ","value":46.603},{"label":"Жильё: этажность","value":6.066667},{"label":"Коммерческая инфраструктура: разнообразие","value":0.4166666666666667},{"label":"Коммерческая инфраструктура: полнота корзины","value":100},{"label":"Транспорт: доступность","value":74.854},{"label":"Крупные работодатели: обеспеченность","value":0.18},{"label":"Крупные работодатели: плотность","value":0.002},{"label":"Зелёные зоны: доступность","value":17.836},{"label":"Экономика: активность ФНС","value":7.571},{"label":"Экономика: ККТ","value":9.193},{"label":"Экономика: медианный чек","value":22.171}]},"geometry":{"type":"Polygon","coordinates":[[[41.437619,52.71994],[41.437125,52.721424],[41.437105,52.721435],[41.437088,52.721433],[41.436812,52.721403],[41.436811,52.721403],[41.434194,52.721126],[41.433091,52.721009],[41.431606,52.720841],[41.430736,52.720743],[41.430591,52.720726],[41.429017,52.720549],[41.428852,52.720527],[41.428875,52.720462],[41.428889,52.720427],[41.429111,52.719835],[41.429112,52.719831],[41.429161,52.719668],[41.429177,52.719661],[41.429215,52.719631],[41.429236,52.719595],[41.429289,52.719415],[41.429289,52.719415],[41.429346,52.719224],[41.429346,52.719224],[41.429352,52.719201],[41.429366,52.719157],[41.429368,52.719119],[41.429351,52.719082],[41.429348,52.71908],[41.429379,52.719013],[41.429481,52.719024],[41.429485,52.719024],[41.430679,52.719142],[41.43117,52.71919],[41.431316,52.719205],[41.433259,52.719398],[41.433342,52.719407],[41.434491,52.719528],[41.43709,52.719802],[41.437092,52.719803],[41.437642,52.719857],[41.437619,52.71994]]]}},{"type":"Feature","id":"5669","properties":{"id":"5669","city":"tambov","baseScore":30.285099072702376,"baseScoreNoCommerce":32.21114177602703,"baseRank":342,"population":211.97222794006348,"blocks":{"housing":0.5009967379241582,"infra":0.180900350877193,"transport":0.74528,"work":0.023,"green":0.16038,"commerce":0.20654885556079144},"indicators":[{"label":"Жильё: плотность","value":29.475},{"label":"Жильё: обеспеченность","value":41.792},{"label":"Жильё: износ","value":62},{"label":"Жильё: этажность","value":2},{"label":"Коммерческая инфраструктура: разнообразие","value":0},{"label":"Транспорт: доступность","value":74.528},{"label":"Крупные работодатели: обеспеченность","value":0.023},{"label":"Крупные работодатели: плотность","value":0},{"label":"Зелёные зоны: доступность","value":16.038},{"label":"Экономика: активность ФНС","value":7.161},{"label":"Экономика: ККТ","value":0.82},{"label":"Экономика: медианный чек","value":0}]},"geometry":{"type":"Polygon","coordinates":[[[41.442572,52.705566],[41.442876,52.705364],[41.44312,52.705484],[41.443132,52.70549],[41.443138,52.705493],[41.443066,52.705542],[41.443064,52.705543],[41.441351,52.706768],[41.440625,52.707261],[41.440624,52.707261],[41.440342,52.707456],[41.44034,52.707457],[41.440137,52.707602],[41.440137,52.707602],[41.439092,52.708348],[41.438123,52.709034],[41.437589,52.709409],[41.437587,52.709411],[41.437132,52.709748],[41.436494,52.710204],[41.436482,52.710214],[41.43629,52.7104],[41.436117,52.710354],[41.435035,52.709884],[41.435547,52.709489],[41.435881,52.709162],[41.436022,52.708994],[41.435897,52.708937],[41.43545,52.708724],[41.436845,52.707174],[41.437229,52.706754],[41.437436,52.706692],[41.437632,52.706445],[41.438039,52.70656],[41.43773,52.706959],[41.437893,52.706994],[41.438432,52.707234],[41.438566,52.7073],[41.438662,52.707343],[41.438943,52.707423],[41.439244,52.707572],[41.439329,52.707615],[41.44155,52.706217],[41.441578,52.706196],[41.442549,52.70558],[41.442572,52.705566]]]}},{"type":"Feature","id":"5670","properties":{"id":"5670","city":"tambov","baseScore":30.56798953608295,"baseScoreNoCommerce":36.68158744329954,"baseRank":341,"population":62.99145024052735,"blocks":{"housing":0.15059984000123444,"infra":0.6834795321637426,"transport":1,"work":0,"green":0,"commerce":0},"indicators":[{"label":"Жильё: плотность","value":37.426},{"label":"Жильё: обеспеченность","value":20.597},{"label":"Жильё: износ","value":85.648},{"label":"Жильё: этажность","value":3},{"label":"Коммерческая инфраструктура: разнообразие","value":0.20833333333333334},{"label":"Коммерческая инфраструктура: полнота корзины","value":100},{"label":"Транспорт: доступность","value":100}]},"geometry":{"type":"Polygon","coordinates":[[[41.428886,52.719404],[41.428842,52.719552],[41.428841,52.71959],[41.428859,52.719626],[41.42887,52.719635],[41.428822,52.719797],[41.4286,52.720387],[41.428586,52.720423],[41.428586,52.720424],[41.428564,52.720486],[41.428461,52.72047],[41.427609,52.720294],[41.427489,52.720266],[41.426512,52.720036],[41.426504,52.720035],[41.426496,52.720033],[41.426488,52.720032],[41.426906,52.71918],[41.427099,52.719187],[41.427151,52.719091],[41.428886,52.719404]]]}},{"type":"Feature","id":"5673","properties":{"id":"5673","city":"tambov","baseScore":33.07912339249333,"baseScoreNoCommerce":39.69494807099199,"baseRank":314,"population":64.99003254101564,"blocks":{"housing":0.8265781053039853,"infra":0.17354929824561405,"transport":0,"work":0,"green":0.98462,"commerce":0},"indicators":[{"label":"Жильё: плотность","value":29.245},{"label":"Жильё: обеспеченность","value":47.872},{"label":"Коммерческая инфраструктура: разнообразие","value":0},{"label":"Зелёные зоны: доступность","value":98.462}]},"geometry":{"type":"Polygon","coordinates":[[[41.420917,52.730798],[41.420986,52.730852],[41.420817,52.731027],[41.420317,52.731462],[41.420157,52.731597],[41.420102,52.731641],[41.420092,52.731634],[41.419988,52.731579],[41.419834,52.731471],[41.419448,52.73127],[41.418535,52.730711],[41.418381,52.730642],[41.417795,52.730413],[41.418484,52.729631],[41.418733,52.729617],[41.418855,52.729676],[41.420917,52.730798]]]}},{"type":"Feature","id":"5674","properties":{"id":"5674","city":"tambov","baseScore":36.0515521733765,"baseScoreNoCommerce":31.040642510429358,"baseRank":289,"population":759.3192415164551,"blocks":{"housing":0.32615674540450856,"infra":0.5169753801169591,"transport":0.7059,"work":0.003,"green":0,"commerce":0.6110610048811222},"indicators":[{"label":"Жильё: плотность","value":188.334},{"label":"Жильё: обеспеченность","value":5.163},{"label":"Жильё: износ","value":32.702},{"label":"Жильё: этажность","value":8.5},{"label":"Коммерческая инфраструктура: разнообразие","value":0.16666666666666666},{"label":"Коммерческая инфраструктура: полнота корзины","value":90.103},{"label":"Транспорт: доступность","value":70.59},{"label":"Крупные работодатели: обеспеченность","value":0.003},{"label":"Крупные работодатели: плотность","value":0},{"label":"Экономика: активность ФНС","value":9.082},{"label":"Экономика: ККТ","value":16.602},{"label":"Экономика: медианный чек","value":63.048}]},"geometry":{"type":"Polygon","coordinates":[[[41.405609,52.734321],[41.405596,52.734317],[41.404686,52.734058],[41.404342,52.73396],[41.403832,52.733805],[41.402796,52.733491],[41.402793,52.73349],[41.402842,52.733418],[41.402997,52.733187],[41.403337,52.732729],[41.403537,52.732461],[41.403712,52.732227],[41.403712,52.732226],[41.404249,52.731494],[41.404249,52.731494],[41.404318,52.731398],[41.40435,52.731355],[41.404351,52.731352],[41.404417,52.731253],[41.404422,52.731244],[41.404428,52.73123],[41.404853,52.73126],[41.405312,52.731433],[41.40508,52.731754],[41.405506,52.731842],[41.405193,52.732519],[41.405526,52.732594],[41.405341,52.732875],[41.405842,52.733026],[41.405472,52.733566],[41.406059,52.733715],[41.405744,52.734149],[41.405669,52.734248],[41.405609,52.734321]]]}},{"type":"Feature","id":"5676","properties":{"id":"5676","city":"tambov","baseScore":10.184002706835802,"baseScoreNoCommerce":11.408317843083001,"baseRank":391,"population":69.98969986169433,"blocks":{"housing":0.3766815061892377,"infra":0.1937343859649123,"transport":0,"work":0,"green":0,"commerce":0.04062427025599814},"indicators":[{"label":"Жильё: плотность","value":77.129},{"label":"Жильё: обеспеченность","value":27.086},{"label":"Жильё: износ","value":59.016},{"label":"Жильё: этажность","value":3},{"label":"Коммерческая инфраструктура: разнообразие","value":0},{"label":"Экономика: активность ФНС","value":2},{"label":"Экономика: ККТ","value":0.004},{"label":"Экономика: медианный чек","value":0}]},"geometry":{"type":"Polygon","coordinates":[[[41.423797,52.723481],[41.423461,52.723949],[41.423459,52.723954],[41.423386,52.724091],[41.423384,52.724095],[41.423339,52.724232],[41.423338,52.724238],[41.423307,52.724538],[41.423306,52.724541],[41.423303,52.724662],[41.423304,52.724665],[41.422772,52.724452],[41.422711,52.724432],[41.4223,52.724232],[41.422086,52.724143],[41.422014,52.72412],[41.422272,52.723926],[41.422356,52.723884],[41.423567,52.72316],[41.423892,52.723329],[41.423797,52.723481]]]}},{"type":"Feature","id":"5679","properties":{"id":"5679","city":"tambov","baseScore":44.753360293535074,"baseScoreNoCommerce":42.389027360073165,"baseRank":181,"population":436.93937575380863,"blocks":{"housing":0.30976234266252745,"infra":0.4860690253411306,"transport":0.29062,"work":0.033,"green":1,"commerce":0.565750249608447},"indicators":[{"label":"Жильё: плотность","value":75.358},{"label":"Жильё: обеспеченность","value":21.272},{"label":"Жильё: износ","value":60.737},{"label":"Жильё: этажность","value":3.428571},{"label":"Коммерческая инфраструктура: разнообразие","value":0.19444444444444442},{"label":"Коммерческая инфраструктура: полнота корзины","value":53.776},{"label":"Транспорт: доступность","value":29.062},{"label":"Крупные работодатели: обеспеченность","value":0.033},{"label":"Крупные работодатели: плотность","value":0},{"label":"Зелёные зоны: доступность","value":100},{"label":"Экономика: активность ФНС","value":6.869},{"label":"Экономика: ККТ","value":7.09},{"label":"Экономика: медианный чек","value":79.023}]},"geometry":{"type":"Polygon","coordinates":[[[41.4284,52.724748],[41.427776,52.724727],[41.427606,52.7249],[41.427582,52.724996],[41.427486,52.725477],[41.427789,52.725526],[41.42771,52.725768],[41.427602,52.726207],[41.426504,52.726117],[41.426531,52.725981],[41.42659,52.725703],[41.426595,52.725684],[41.426595,52.725684],[41.426604,52.725651],[41.426743,52.72513],[41.426788,52.724961],[41.426517,52.724848],[41.426388,52.724806],[41.426241,52.72475],[41.426037,52.724674],[41.425794,52.72458],[41.426019,52.723373],[41.426023,52.723374],[41.426311,52.723421],[41.426321,52.723423],[41.427093,52.723538],[41.431133,52.723916],[41.430921,52.724978],[41.432105,52.725018],[41.432008,52.725406],[41.430778,52.725193],[41.430564,52.725179],[41.430629,52.724941],[41.43028,52.724898],[41.428842,52.724783],[41.4284,52.724748]]]}},{"type":"Feature","id":"5680","properties":{"id":"5680","city":"tambov","baseScore":13.253457638694568,"baseScoreNoCommerce":13.582361943792204,"baseRank":389,"population":98.98203901171874,"blocks":{"housing":0.2860602024527682,"infra":0.039517894736842106,"transport":0,"work":0,"green":0.35354,"commerce":0.11608936113206376},"indicators":[{"label":"Жильё: плотность","value":12.84},{"label":"Жильё: обеспеченность","value":25.899},{"label":"Жильё: износ","value":71.929},{"label":"Жильё: этажность","value":1.636364},{"label":"Коммерческая инфраструктура: разнообразие","value":0},{"label":"Зелёные зоны: доступность","value":35.354},{"label":"Экономика: активность ФНС","value":4},{"label":"Экономика: ККТ","value":0.684},{"label":"Экономика: медианный чек","value":0}]},"geometry":{"type":"Polygon","coordinates":[[[41.402537,52.737724],[41.403817,52.735934],[41.406597,52.736884],[41.406291,52.737159],[41.407406,52.737565],[41.406072,52.739152],[41.405445,52.739698],[41.404107,52.739249],[41.403406,52.738335],[41.402537,52.737724]]]}},{"type":"Feature","id":"5681","properties":{"id":"5681","city":"tambov","baseScore":29.4278221727245,"baseScoreNoCommerce":29.60000501665213,"baseRank":348,"population":554.9058286773682,"blocks":{"housing":0.29484820404898093,"infra":0.11915204678362573,"transport":1,"work":0.066,"green":0,"commerce":0.2856690795308633},"indicators":[{"label":"Жильё: плотность","value":67.115},{"label":"Жильё: обеспеченность","value":19.708},{"label":"Жильё: износ","value":60.696},{"label":"Жильё: этажность","value":2.6875},{"label":"Коммерческая инфраструктура: разнообразие","value":0.041666666666666664},{"label":"Транспорт: доступность","value":100},{"label":"Крупные работодатели: обеспеченность","value":0.066},{"label":"Крупные работодатели: плотность","value":0},{"label":"Экономика: активность ФНС","value":6.807},{"label":"Экономика: ККТ","value":3.072},{"label":"Экономика: медианный чек","value":0}]},"geometry":{"type":"Polygon","coordinates":[[[41.372305,52.746361],[41.371377,52.744922],[41.370429,52.74514],[41.369557,52.743685],[41.370425,52.743482],[41.371984,52.7431],[41.373205,52.742897],[41.373495,52.743304],[41.373743,52.743334],[41.374068,52.743793],[41.374582,52.744491],[41.374669,52.744597],[41.375025,52.74484],[41.375211,52.74521],[41.374037,52.7455],[41.374224,52.746001],[41.374094,52.746019],[41.373934,52.746062],[41.373804,52.746079],[41.373638,52.746111],[41.372305,52.746361]]]}},{"type":"Feature","id":"5682","properties":{"id":"5682","city":"tambov","baseScore":31.98218585552896,"baseScoreNoCommerce":38.378623026634756,"baseRank":327,"population":97.9846741852539,"blocks":{"housing":0.8025695723843693,"infra":0.11636157894736843,"transport":1,"work":0,"green":0,"commerce":0},"indicators":[{"label":"Жильё: плотность","value":17.284},{"label":"Жильё: обеспеченность","value":46.634},{"label":"Коммерческая инфраструктура: разнообразие","value":0},{"label":"Коммерческая инфраструктура: полнота корзины","value":3.061},{"label":"Транспорт: доступность","value":100}]},"geometry":{"type":"Polygon","coordinates":[[[41.365428,52.741228],[41.365375,52.740449],[41.365673,52.739026],[41.365902,52.738514],[41.36614,52.738152],[41.366476,52.737837],[41.366622,52.737756],[41.366794,52.737778],[41.367057,52.737877],[41.367893,52.738189],[41.36834,52.739324],[41.368006,52.739584],[41.368537,52.740584],[41.365428,52.741228]]]}},{"type":"Feature","id":"5683","properties":{"id":"5683","city":"tambov","baseScore":46.825606689896325,"baseScoreNoCommerce":49.892990379753456,"baseRank":159,"population":752.8726918805177,"blocks":{"housing":0.3162869458882574,"infra":0.1783625730994152,"transport":1,"work":0,"green":1,"commerce":0.3148868824061067},"indicators":[{"label":"Жильё: плотность","value":183.386},{"label":"Жильё: обеспеченность","value":3.555},{"label":"Жильё: износ","value":34.313},{"label":"Жильё: этажность","value":10.666667},{"label":"Коммерческая инфраструктура: разнообразие","value":0.16666666666666666},{"label":"Транспорт: доступность","value":100},{"label":"Зелёные зоны: доступность","value":100},{"label":"Экономика: активность ФНС","value":9},{"label":"Экономика: ККТ","value":1.852},{"label":"Экономика: медианный чек","value":0}]},"geometry":{"type":"Polygon","coordinates":[[[41.375925,52.737097],[41.379198,52.736291],[41.380141,52.737781],[41.377634,52.738371],[41.377356,52.738373],[41.377028,52.738347],[41.376781,52.738282],[41.376646,52.738228],[41.375925,52.737097]]]}},{"type":"Feature","id":"5684","properties":{"id":"5684","city":"tambov","baseScore":19.8811831207624,"baseScoreNoCommerce":15.932286949698184,"baseRank":373,"population":665.8951954476563,"blocks":{"housing":0.21810621882993858,"infra":0.48391812865497075,"transport":0.09459,"work":0,"green":0,"commerce":0.39625663976083486},"indicators":[{"label":"Жильё: плотность","value":128.346},{"label":"Жильё: обеспеченность","value":10.13},{"label":"Жильё: износ","value":58.063},{"label":"Жильё: этажность","value":3.6},{"label":"Коммерческая инфраструктура: разнообразие","value":0.08333333333333333},{"label":"Коммерческая инфраструктура: полнота корзины","value":100},{"label":"Транспорт: доступность","value":9.459},{"label":"Экономика: активность ФНС","value":7.415},{"label":"Экономика: ККТ","value":1.863},{"label":"Экономика: медианный чек","value":126.57}]},"geometry":{"type":"Polygon","coordinates":[[[41.397063,52.730137],[41.396776,52.731564],[41.395419,52.73146],[41.395365,52.73212],[41.394742,52.732182],[41.394712,52.731743],[41.393071,52.731786],[41.392775,52.730885],[41.392937,52.729892],[41.394384,52.730006],[41.397063,52.730137]]]}},{"type":"Feature","id":"5685","properties":{"id":"5685","city":"tambov","baseScore":49.65261658254263,"baseScoreNoCommerce":45.341529923892764,"baseRank":129,"population":588.9079730625,"blocks":{"housing":0.25863924473265026,"infra":0.5956672514619883,"transport":0.91511,"work":0.007,"green":0.49066,"commerce":0.712080498757919},"indicators":[{"label":"Жильё: плотность","value":99.372},{"label":"Жильё: обеспеченность","value":15.486},{"label":"Жильё: износ","value":59.924},{"label":"Жильё: этажность","value":5.714286},{"label":"Коммерческая инфраструктура: разнообразие","value":0.3333333333333333},{"label":"Коммерческая инфраструктура: полнота корзины","value":100},{"label":"Транспорт: доступность","value":91.511},{"label":"Крупные работодатели: обеспеченность","value":0.007},{"label":"Крупные работодатели: плотность","value":0},{"label":"Зелёные зоны: доступность","value":49.066},{"label":"Экономика: активность ФНС","value":9.319},{"label":"Экономика: ККТ","value":14.332},{"label":"Экономика: медианный чек","value":148.732}]},"geometry":{"type":"Polygon","coordinates":[[[41.398766,52.733588],[41.398763,52.733582],[41.3987,52.733417],[41.398669,52.733276],[41.398599,52.732166],[41.398599,52.732166],[41.398593,52.73208],[41.398573,52.731858],[41.398411,52.731738],[41.397294,52.731573],[41.39716,52.731553],[41.397116,52.731539],[41.397081,52.731522],[41.397059,52.731515],[41.397036,52.731453],[41.397026,52.73134],[41.397024,52.731214],[41.39703,52.731127],[41.397123,52.730634],[41.397152,52.730482],[41.3972,52.730227],[41.397209,52.730175],[41.397212,52.730158],[41.399906,52.73033],[41.400706,52.73038],[41.400704,52.730405],[41.400704,52.730414],[41.400549,52.731276],[41.400404,52.732073],[41.400362,52.7322],[41.400362,52.7322],[41.400128,52.733152],[41.400089,52.733341],[41.400039,52.733349],[41.399953,52.733372],[41.399892,52.733405],[41.399676,52.73344],[41.399339,52.733495],[41.39899,52.733552],[41.398803,52.733582],[41.398803,52.733582],[41.398766,52.733588]]]}},{"type":"Feature","id":"5686","properties":{"id":"5686","city":"tambov","baseScore":31.61852327434531,"baseScoreNoCommerce":37.942227929214376,"baseRank":332,"population":253.962976494458,"blocks":{"housing":0.47722981751335053,"infra":0.4946815789473684,"transport":0.9252,"work":0,"green":0,"commerce":0},"indicators":[{"label":"Жильё: плотность","value":34.201},{"label":"Жильё: обеспеченность","value":31.759},{"label":"Жильё: износ","value":50},{"label":"Жильё: этажность","value":2},{"label":"Коммерческая инфраструктура: разнообразие","value":0},{"label":"Коммерческая инфраструктура: полнота корзины","value":100},{"label":"Транспорт: доступность","value":92.52}]},"geometry":{"type":"Polygon","coordinates":[[[41.400275,52.727393],[41.401261,52.727494],[41.401069,52.728477],[41.401069,52.728478],[41.400893,52.729546],[41.400723,52.730264],[41.399736,52.730201],[41.399699,52.730199],[41.397235,52.730042],[41.397528,52.728611],[41.397528,52.72861],[41.397528,52.72861],[41.397528,52.72861],[41.397528,52.72861],[41.397654,52.727907],[41.397811,52.727242],[41.398871,52.727313],[41.400275,52.727393]]]}},{"type":"Feature","id":"5688","properties":{"id":"5688","city":"tambov","baseScore":41.82430078651282,"baseScoreNoCommerce":47.166591604533856,"baseRank":213,"population":398.93973819428714,"blocks":{"housing":0.40788870303370994,"infra":0.5043308771929825,"transport":0.87218,"work":0,"green":0.57393,"commerce":0.15112846696407686},"indicators":[{"label":"Жильё: плотность","value":37.283},{"label":"Жильё: обеспеченность","value":30.094},{"label":"Жильё: износ","value":58.683},{"label":"Жильё: этажность","value":1.96},{"label":"Коммерческая инфраструктура: разнообразие","value":0},{"label":"Коммерческая инфраструктура: полнота корзины","value":100},{"label":"Транспорт: доступность","value":87.218},{"label":"Зелёные зоны: доступность","value":57.393},{"label":"Экономика: активность ФНС","value":4.003},{"label":"Экономика: ККТ","value":1.442},{"label":"Экономика: медианный чек","value":0}]},"geometry":{"type":"Polygon","coordinates":[[[41.401361,52.727349],[41.39783,52.727117],[41.397969,52.726312],[41.398074,52.725669],[41.39815,52.725296],[41.398151,52.725296],[41.398151,52.725296],[41.398151,52.725296],[41.398151,52.725294],[41.398228,52.724816],[41.398353,52.724306],[41.398353,52.724305],[41.398363,52.724256],[41.39837,52.724256],[41.400971,52.724447],[41.40186,52.724505],[41.403275,52.724607],[41.402768,52.727435],[41.401361,52.727349]]]}},{"type":"Feature","id":"5690","properties":{"id":"5690","city":"tambov","baseScore":45.191312497789944,"baseScoreNoCommerce":50.48762617510517,"baseRank":178,"population":302.95647149238283,"blocks":{"housing":0.4499806070008727,"infra":0.46054070175438594,"transport":0.9868,"work":0,"green":0.62706,"commerce":0.1870974411121382},"indicators":[{"label":"Жильё: плотность","value":28.674},{"label":"Жильё: обеспеченность","value":51.656},{"label":"Жильё: износ","value":97.923},{"label":"Жильё: этажность","value":1},{"label":"Коммерческая инфраструктура: разнообразие","value":0},{"label":"Коммерческая инфраструктура: полнота корзины","value":79.868},{"label":"Транспорт: доступность","value":98.68},{"label":"Зелёные зоны: доступность","value":62.706},{"label":"Экономика: активность ФНС","value":6.176},{"label":"Экономика: ККТ","value":0.796},{"label":"Экономика: медианный чек","value":0}]},"geometry":{"type":"Polygon","coordinates":[[[41.398573,52.724121],[41.398967,52.722041],[41.398959,52.721974],[41.398905,52.721602],[41.398986,52.721581],[41.400047,52.721447],[41.403055,52.721142],[41.403769,52.721085],[41.403594,52.72211],[41.403288,52.724471],[41.400695,52.724295],[41.398573,52.724121]]]}},{"type":"Feature","id":"5691","properties":{"id":"5691","city":"tambov","baseScore":48.08889531777981,"baseScoreNoCommerce":53.702272766467665,"baseRank":144,"population":276.95565067744144,"blocks":{"housing":0.478964690954962,"infra":0.559938947368421,"transport":1,"work":0,"green":0.64621,"commerce":0.2002200807434058},"indicators":[{"label":"Жильё: плотность","value":43.466},{"label":"Жильё: обеспеченность","value":24.356},{"label":"Жильё: износ","value":38},{"label":"Жильё: этажность","value":6},{"label":"Коммерческая инфраструктура: разнообразие","value":0.125},{"label":"Коммерческая инфраструктура: полнота корзины","value":100},{"label":"Транспорт: доступность","value":100},{"label":"Зелёные зоны: доступность","value":64.621},{"label":"Экономика: активность ФНС","value":7.556},{"label":"Экономика: ККТ","value":0.806},{"label":"Экономика: медианный чек","value":0}]},"geometry":{"type":"Polygon","coordinates":[[[41.404832,52.727273],[41.404822,52.727334],[41.40466,52.728233],[41.40466,52.728234],[41.404532,52.729104],[41.404532,52.729104],[41.404531,52.729105],[41.404497,52.729361],[41.404497,52.729361],[41.404497,52.729361],[41.404492,52.729398],[41.404485,52.729447],[41.404478,52.729495],[41.404471,52.729546],[41.404456,52.729648],[41.404411,52.729949],[41.4044,52.730023],[41.40432,52.730552],[41.40432,52.730552],[41.40432,52.730552],[41.404286,52.730781],[41.404273,52.730829],[41.404252,52.730915],[41.404204,52.731053],[41.404166,52.731131],[41.404165,52.731133],[41.404139,52.731191],[41.404077,52.731284],[41.404047,52.731326],[41.403978,52.731421],[41.403442,52.732153],[41.403267,52.732387],[41.403068,52.732655],[41.402726,52.733115],[41.402724,52.733118],[41.402649,52.733228],[41.402562,52.733122],[41.40238,52.733072],[41.402558,52.732832],[41.402672,52.732863],[41.402851,52.732622],[41.402579,52.732548],[41.402528,52.732553],[41.402443,52.732684],[41.402421,52.732697],[41.402395,52.732712],[41.402333,52.732747],[41.402319,52.732698],[41.402306,52.732654],[41.402288,52.732588],[41.402234,52.732555],[41.402243,52.73251],[41.402432,52.731566],[41.402432,52.731565],[41.402662,52.730353],[41.402662,52.730352],[41.402814,52.729522],[41.402815,52.72952],[41.403023,52.728225],[41.403162,52.727487],[41.403209,52.727247],[41.404832,52.727273]]]}},{"type":"Feature","id":"5692","properties":{"id":"5692","city":"tambov","baseScore":48.08889531777981,"baseScoreNoCommerce":53.702272766467665,"baseRank":144,"population":330.39319146782225,"blocks":{"housing":0.478964690954962,"infra":0.559938947368421,"transport":1,"work":0,"green":0.64621,"commerce":0.2002200807434058},"indicators":[{"label":"Жильё: плотность","value":43.466},{"label":"Жильё: обеспеченность","value":24.356},{"label":"Жильё: износ","value":38},{"label":"Жильё: этажность","value":6},{"label":"Коммерческая инфраструктура: разнообразие","value":0.125},{"label":"Коммерческая инфраструктура: полнота корзины","value":100},{"label":"Транспорт: доступность","value":100},{"label":"Зелёные зоны: доступность","value":64.621},{"label":"Экономика: активность ФНС","value":7.556},{"label":"Экономика: ККТ","value":0.806},{"label":"Экономика: медианный чек","value":0}]},"geometry":{"type":"Polygon","coordinates":[[[41.4061,52.720881],[41.406049,52.720892],[41.406044,52.720894],[41.406038,52.720895],[41.406024,52.720901],[41.406009,52.720906],[41.406005,52.720909],[41.406,52.720911],[41.405943,52.720943],[41.405923,52.720957],[41.40589,52.720986],[41.405878,52.720998],[41.405852,52.721031],[41.405837,52.721061],[41.405755,52.721541],[41.405726,52.721709],[41.405725,52.72171],[41.405638,52.722345],[41.405561,52.722859],[41.405455,52.723549],[41.405455,52.723549],[41.405455,52.723549],[41.4054,52.723906],[41.405372,52.724087],[41.405374,52.724107],[41.405366,52.724126],[41.405353,52.724209],[41.405347,52.724249],[41.405328,52.724371],[41.405303,52.724512],[41.405303,52.724512],[41.405303,52.724512],[41.405225,52.724961],[41.405225,52.724961],[41.405224,52.724961],[41.405191,52.725151],[41.405178,52.72523],[41.405178,52.72523],[41.405178,52.72523],[41.405121,52.725556],[41.405121,52.725556],[41.405121,52.725556],[41.405116,52.725584],[41.40511,52.725618],[41.405074,52.725824],[41.405074,52.725824],[41.405072,52.725832],[41.405068,52.725857],[41.405068,52.725857],[41.405068,52.725857],[41.405023,52.726118],[41.405022,52.726118],[41.404954,52.726538],[41.404954,52.726538],[41.404954,52.726538],[41.404885,52.726964],[41.404863,52.727089],[41.404863,52.727089],[41.404863,52.727089],[41.404854,52.727142],[41.404835,52.727249],[41.404835,52.727251],[41.404832,52.727273],[41.403209,52.727247],[41.40321,52.72724],[41.403211,52.727239],[41.403454,52.725875],[41.403454,52.725875],[41.403684,52.72455],[41.403684,52.72455],[41.403705,52.724426],[41.403777,52.723993],[41.404093,52.722154],[41.404093,52.722153],[41.404166,52.721704],[41.40421,52.721663],[41.404235,52.721607],[41.404331,52.721021],[41.404331,52.72102],[41.404337,52.720977],[41.405169,52.720908],[41.405884,52.72087],[41.4061,52.720881]]]}},{"type":"Feature","id":"5695","properties":{"id":"5695","city":"tambov","baseScore":14.595481389735369,"baseScoreNoCommerce":14.046418566088883,"baseRank":386,"population":666.8992338830078,"blocks":{"housing":0.21269601602374244,"infra":0.48662491228070176,"transport":0,"work":0.003,"green":0,"commerce":0.17340795507967788},"indicators":[{"label":"Жильё: плотность","value":61.556},{"label":"Жильё: обеспеченность","value":19.263},{"label":"Жильё: износ","value":73.401},{"label":"Жильё: этажность","value":4.6},{"label":"Коммерческая инфраструктура: разнообразие","value":0},{"label":"Коммерческая инфраструктура: полнота корзины","value":69.865},{"label":"Крупные работодатели: обеспеченность","value":0.003},{"label":"Крупные работодатели: плотность","value":0},{"label":"Экономика: активность ФНС","value":6.47},{"label":"Экономика: ККТ","value":0.914},{"label":"Экономика: медианный чек","value":0}]},"geometry":{"type":"Polygon","coordinates":[[[41.41116,52.726458],[41.411141,52.72646],[41.409564,52.726367],[41.409383,52.726343],[41.409476,52.726101],[41.409476,52.7261],[41.409868,52.725005],[41.410377,52.72367],[41.410377,52.723669],[41.410602,52.72307],[41.410985,52.722082],[41.411322,52.721284],[41.413355,52.721444],[41.413287,52.721603],[41.41348,52.721628],[41.414057,52.721724],[41.413745,52.723375],[41.413523,52.723687],[41.413275,52.723915],[41.413203,52.724424],[41.413611,52.724437],[41.413543,52.724699],[41.413476,52.725617],[41.413495,52.725697],[41.412869,52.725662],[41.41265,52.725525],[41.412735,52.72506],[41.412036,52.724956],[41.411846,52.724936],[41.411256,52.726257],[41.411164,52.726454],[41.41116,52.726458]]]}},{"type":"Feature","id":"5696","properties":{"id":"5696","city":"tambov","baseScore":56.652543596339676,"baseScoreNoCommerce":50.91648812702104,"baseRank":81,"population":1851.693287238281,"blocks":{"housing":0.4418649131736637,"infra":0.5964794931773879,"transport":0.63013,"work":0.028,"green":0.84935,"commerce":0.8533282094293284},"indicators":[{"label":"Жильё: плотность","value":125.856},{"label":"Жильё: обеспеченность","value":7.35},{"label":"Жильё: износ","value":17.14},{"label":"Жильё: этажность","value":10.214286},{"label":"Коммерческая инфраструктура: разнообразие","value":0.3611111111111111},{"label":"Коммерческая инфраструктура: полнота корзины","value":100},{"label":"Транспорт: доступность","value":63.013},{"label":"Крупные работодатели: обеспеченность","value":0.028},{"label":"Крупные работодатели: плотность","value":0},{"label":"Зелёные зоны: доступность","value":84.935},{"label":"Экономика: активность ФНС","value":9.536},{"label":"Экономика: ККТ","value":53.796},{"label":"Экономика: медианный чек","value":280.549}]},"geometry":{"type":"Polygon","coordinates":[[[41.382102,52.722187],[41.382102,52.722187],[41.382102,52.722187],[41.382073,52.722102],[41.382222,52.722084],[41.382321,52.722073],[41.382765,52.722026],[41.383139,52.721987],[41.383483,52.72195],[41.383603,52.721938],[41.383604,52.721937],[41.383606,52.721937],[41.383696,52.721927],[41.384298,52.721863],[41.384298,52.721863],[41.384298,52.721863],[41.385079,52.72178],[41.385523,52.721733],[41.385523,52.721733],[41.385523,52.721733],[41.386544,52.721625],[41.386609,52.721618],[41.387278,52.721547],[41.38729,52.721545],[41.387315,52.721624],[41.387316,52.721626],[41.387334,52.721677],[41.387336,52.721684],[41.387415,52.721845],[41.387498,52.722016],[41.387498,52.722017],[41.387545,52.722108],[41.387761,52.722593],[41.387832,52.722764],[41.387888,52.722906],[41.387945,52.723051],[41.38795,52.723067],[41.387952,52.723071],[41.388017,52.723221],[41.388122,52.723473],[41.388309,52.723925],[41.388498,52.724384],[41.388564,52.724543],[41.388678,52.724818],[41.388711,52.724899],[41.388969,52.725589],[41.389021,52.725738],[41.389022,52.72574],[41.389387,52.726655],[41.389375,52.726656],[41.389371,52.726657],[41.388666,52.726744],[41.388294,52.726789],[41.388293,52.726789],[41.387731,52.726858],[41.38768,52.726865],[41.387679,52.726862],[41.387665,52.726832],[41.387646,52.726796],[41.387377,52.726842],[41.387225,52.726512],[41.387272,52.726289],[41.387321,52.726051],[41.387013,52.726042],[41.386583,52.725147],[41.386036,52.725218],[41.385982,52.72504],[41.384304,52.725227],[41.383917,52.724887],[41.383938,52.724881],[41.383955,52.724871],[41.383966,52.724859],[41.383971,52.724845],[41.383968,52.724831],[41.3839,52.724684],[41.383817,52.724473],[41.383744,52.724285],[41.383707,52.724183],[41.383585,52.723846],[41.383564,52.723786],[41.383563,52.723784],[41.383533,52.723707],[41.383519,52.723669],[41.383372,52.723249],[41.38337,52.723216],[41.383378,52.723182],[41.383416,52.723107],[41.383456,52.723031],[41.383458,52.723028],[41.38347,52.722996],[41.383472,52.722985],[41.383471,52.722953],[41.38347,52.722945],[41.383444,52.722857],[41.383444,52.722857],[41.383421,52.722783],[41.383421,52.722782],[41.383366,52.722627],[41.383135,52.722653],[41.383094,52.722646],[41.383094,52.722646],[41.383065,52.722641],[41.383031,52.72264],[41.382265,52.722732],[41.382149,52.722337],[41.382137,52.722295],[41.382137,52.722295],[41.382137,52.722295],[41.382108,52.722206],[41.382102,52.722187]]]}},{"type":"Feature","id":"5697","properties":{"id":"5697","city":"tambov","baseScore":43.336906132912056,"baseScoreNoCommerce":48.936237561857716,"baseRank":195,"population":202.97149877050785,"blocks":{"housing":0.6316590710753418,"infra":0.6467028070175439,"transport":1,"work":0.065,"green":0.10345,"commerce":0.15340248988183758},"indicators":[{"label":"Жильё: плотность","value":24.135},{"label":"Жильё: обеспеченность","value":37.821},{"label":"Коммерческая инфраструктура: разнообразие","value":0},{"label":"Коммерческая инфраструктура: полнота корзины","value":100},{"label":"Транспорт: доступность","value":100},{"label":"Крупные работодатели: обеспеченность","value":0.065},{"label":"Крупные работодатели: плотность","value":0},{"label":"Зелёные зоны: доступность","value":10.345},{"label":"Экономика: активность ФНС","value":3.702},{"label":"Экономика: ККТ","value":1.709},{"label":"Экономика: медианный чек","value":0}]},"geometry":{"type":"Polygon","coordinates":[[[41.420019,52.721591],[41.418734,52.721491],[41.418731,52.721491],[41.416081,52.721315],[41.416087,52.721298],[41.416616,52.720062],[41.417317,52.718342],[41.421074,52.718954],[41.420444,52.720405],[41.420187,52.721083],[41.420019,52.721591]]]}},{"type":"Feature","id":"5698","properties":{"id":"5698","city":"tambov","baseScore":43.12162780004316,"baseScoreNoCommerce":48.925224789696536,"baseRank":200,"population":252.9633752138672,"blocks":{"housing":0.6724619412392127,"infra":0.6156992982456141,"transport":0.97628,"work":0,"green":0.18182,"commerce":0.14103642851776238},"indicators":[{"label":"Жильё: плотность","value":26.952},{"label":"Жильё: обеспеченность","value":39.925},{"label":"Коммерческая инфраструктура: разнообразие","value":0},{"label":"Коммерческая инфраструктура: полнота корзины","value":100},{"label":"Транспорт: доступность","value":97.628},{"label":"Зелёные зоны: доступность","value":18.182},{"label":"Экономика: активность ФНС","value":5},{"label":"Экономика: ККТ","value":0.848},{"label":"Экономика: медианный чек","value":0}]},"geometry":{"type":"Polygon","coordinates":[[[41.408611,52.720849],[41.408024,52.720813],[41.407685,52.720788],[41.407687,52.720783],[41.40793,52.720493],[41.407999,52.720414],[41.407999,52.720414],[41.408021,52.720388],[41.408577,52.719777],[41.409192,52.71913],[41.409782,52.718504],[41.409809,52.718511],[41.409949,52.718546],[41.409978,52.718551],[41.411707,52.718734],[41.413318,52.71883],[41.4143,52.718908],[41.414097,52.719754],[41.414096,52.719756],[41.414028,52.720121],[41.413772,52.721133],[41.41376,52.721177],[41.411214,52.721005],[41.408611,52.720849],[41.408611,52.720849]]]}},{"type":"Feature","id":"5699","properties":{"id":"5699","city":"tambov","baseScore":60.40719040654265,"baseScoreNoCommerce":58.495641355513115,"baseRank":53,"population":259.96173625195314,"blocks":{"housing":0.2843685590037257,"infra":0.6577935087719299,"transport":1,"work":0.048,"green":0.93462,"commerce":0.6996493566169033},"indicators":[{"label":"Жильё: плотность","value":72.28},{"label":"Жильё: обеспеченность","value":24.344},{"label":"Жильё: износ","value":69.744},{"label":"Жильё: этажность","value":3.8},{"label":"Коммерческая инфраструктура: разнообразие","value":0.125},{"label":"Коммерческая инфраструктура: полнота корзины","value":100},{"label":"Транспорт: доступность","value":100},{"label":"Крупные работодатели: обеспеченность","value":0.048},{"label":"Крупные работодатели: плотность","value":0},{"label":"Зелёные зоны: доступность","value":93.462},{"label":"Экономика: активность ФНС","value":10},{"label":"Экономика: ККТ","value":10.165},{"label":"Экономика: медианный чек","value":172.457}]},"geometry":{"type":"Polygon","coordinates":[[[41.409932,52.718348],[41.411173,52.717075],[41.411179,52.717077],[41.41177,52.717256],[41.412278,52.717402],[41.412279,52.717401],[41.413621,52.717673],[41.413622,52.717673],[41.414594,52.717869],[41.41457,52.717915],[41.414567,52.717922],[41.414538,52.717999],[41.414536,52.718005],[41.414329,52.718792],[41.413343,52.718714],[41.413343,52.718714],[41.411893,52.718604],[41.411034,52.718519],[41.410046,52.718375],[41.409932,52.718348]]]}},{"type":"Feature","id":"5700","properties":{"id":"5700","city":"tambov","baseScore":52.736083410688884,"baseScoreNoCommerce":57.12580026173531,"baseRank":108,"population":266.95747298125,"blocks":{"housing":0.41365714758968913,"infra":0.6418128654970761,"transport":1,"work":0.254,"green":0.54682,"commerce":0.3078749915545677},"indicators":[{"label":"Жильё: плотность","value":27.008},{"label":"Жильё: обеспеченность","value":44.246},{"label":"Жильё: износ","value":80.14},{"label":"Жильё: этажность","value":1.428571},{"label":"Коммерческая инфраструктура: разнообразие","value":0.08333333333333333},{"label":"Коммерческая инфраструктура: полнота корзины","value":100},{"label":"Транспорт: доступность","value":100},{"label":"Крупные работодатели: обеспеченность","value":0.254},{"label":"Крупные работодатели: плотность","value":0.001},{"label":"Зелёные зоны: доступность","value":54.682},{"label":"Экономика: активность ФНС","value":8.839},{"label":"Экономика: ККТ","value":3.914},{"label":"Экономика: медианный чек","value":0}]},"geometry":{"type":"Polygon","coordinates":[[[41.406612,52.720691],[41.406433,52.720665],[41.406231,52.720621],[41.40537,52.720463],[41.404865,52.720371],[41.404535,52.720301],[41.404521,52.720297],[41.404521,52.720297],[41.404808,52.719956],[41.404942,52.719817],[41.406549,52.718157],[41.406551,52.718155],[41.407505,52.717131],[41.40803,52.716597],[41.408031,52.716597],[41.408568,52.716046],[41.408654,52.716085],[41.408667,52.716091],[41.410029,52.716582],[41.410834,52.716959],[41.41084,52.716962],[41.410913,52.716989],[41.40959,52.718346],[41.409589,52.718347],[41.408902,52.719029],[41.408295,52.719723],[41.408295,52.719723],[41.407762,52.720301],[41.40776,52.720303],[41.407736,52.720331],[41.407667,52.720411],[41.407667,52.720412],[41.407418,52.720708],[41.40741,52.72072],[41.407385,52.720765],[41.406882,52.720725],[41.406612,52.720691]]]}},{"type":"Feature","id":"5701","properties":{"id":"5701","city":"tambov","baseScore":50.11595311613226,"baseScoreNoCommerce":57.13264216946741,"baseRank":122,"population":331.9468835317383,"blocks":{"housing":0.4941712702667425,"infra":0.5522208382066277,"transport":1,"work":0,"green":0.81024,"commerce":0.1503250784945654},"indicators":[{"label":"Жильё: плотность","value":32.268},{"label":"Жильё: обеспеченность","value":34.948},{"label":"Жильё: износ","value":52.282},{"label":"Жильё: этажность","value":2},{"label":"Коммерческая инфраструктура: разнообразие","value":0.027777777777777776},{"label":"Коммерческая инфраструктура: полнота корзины","value":82.229},{"label":"Транспорт: доступность","value":100},{"label":"Зелёные зоны: доступность","value":81.024},{"label":"Экономика: активность ФНС","value":4.74},{"label":"Экономика: ККТ","value":1.183},{"label":"Экономика: медианный чек","value":0}]},"geometry":{"type":"Polygon","coordinates":[[[41.404508,52.719663],[41.40437,52.719805],[41.404363,52.719813],[41.404074,52.720157],[41.404047,52.720151],[41.404033,52.720148],[41.403184,52.719992],[41.403181,52.719992],[41.403033,52.719966],[41.402758,52.719918],[41.402744,52.719915],[41.402417,52.71987],[41.402406,52.719869],[41.402246,52.719851],[41.402471,52.719225],[41.402472,52.719224],[41.402539,52.71902],[41.402678,52.71858],[41.402848,52.718127],[41.402921,52.718013],[41.403481,52.717438],[41.40428,52.716624],[41.404282,52.716621],[41.404785,52.716072],[41.405917,52.714838],[41.407362,52.715429],[41.408191,52.715833],[41.407598,52.716441],[41.407117,52.71693],[41.407021,52.717031],[41.406171,52.717943],[41.404508,52.719663]]]}},{"type":"Feature","id":"5702","properties":{"id":"5702","city":"tambov","baseScore":34.24740024631887,"baseScoreNoCommerce":36.897832852080754,"baseRank":301,"population":194.96760616113284,"blocks":{"housing":0.6230291864636867,"infra":0.22186245614035086,"transport":1,"work":0,"green":0,"commerce":0.2099523721750948},"indicators":[{"label":"Жильё: плотность","value":37.56},{"label":"Жильё: обеспеченность","value":37.376},{"label":"Коммерческая инфраструктура: разнообразие","value":0},{"label":"Транспорт: доступность","value":100},{"label":"Экономика: активность ФНС","value":6.31},{"label":"Экономика: ККТ","value":0.922},{"label":"Экономика: медианный чек","value":0}]},"geometry":{"type":"Polygon","coordinates":[[[41.396695,52.720225],[41.396762,52.719321],[41.396827,52.718719],[41.400165,52.718666],[41.402363,52.718623],[41.402231,52.719042],[41.402198,52.71914],[41.402158,52.719255],[41.401954,52.719823],[41.401854,52.719814],[41.401845,52.719813],[41.401633,52.7198],[41.401622,52.719799],[41.401414,52.719791],[41.401401,52.719791],[41.401182,52.719789],[41.401174,52.719789],[41.400963,52.719792],[41.40095,52.719792],[41.400765,52.7198],[41.400748,52.719801],[41.400371,52.719832],[41.400361,52.719833],[41.398848,52.719995],[41.398309,52.720052],[41.398037,52.720081],[41.39776,52.720111],[41.396695,52.720225]]]}},{"type":"Feature","id":"5703","properties":{"id":"5703","city":"tambov","baseScore":29.977517408618997,"baseScoreNoCommerce":35.9730208903428,"baseRank":343,"population":183.96965080546875,"blocks":{"housing":0.5926015708329294,"infra":0.2223494736842105,"transport":0.9837,"work":0,"green":0,"commerce":0},"indicators":[{"label":"Жильё: плотность","value":38.552},{"label":"Жильё: обеспеченность","value":35.807},{"label":"Коммерческая инфраструктура: разнообразие","value":0},{"label":"Транспорт: доступность","value":98.37}]},"geometry":{"type":"Polygon","coordinates":[[[41.403156,52.717418],[41.403157,52.717418],[41.402721,52.717963],[41.402402,52.718506],[41.400162,52.718549],[41.396843,52.718602],[41.396916,52.718135],[41.396916,52.718135],[41.396916,52.718135],[41.396923,52.718087],[41.396937,52.717953],[41.396942,52.717892],[41.396942,52.717892],[41.396942,52.717892],[41.396946,52.717845],[41.396952,52.71777],[41.396971,52.717526],[41.396971,52.717526],[41.396974,52.717497],[41.400113,52.717463],[41.403156,52.717418]]]}},{"type":"Feature","id":"5704","properties":{"id":"5704","city":"tambov","baseScore":33.9631104650632,"baseScoreNoCommerce":38.661884661328486,"baseRank":307,"population":141.97406470839843,"blocks":{"housing":0.6649956365751964,"infra":0.2328885964912281,"transport":0.97887,"work":0,"green":0.05634,"commerce":0.10469239483736788},"indicators":[{"label":"Жильё: плотность","value":17.288},{"label":"Жильё: обеспеченность","value":39.54},{"label":"Коммерческая инфраструктура: разнообразие","value":0},{"label":"Транспорт: доступность","value":97.887},{"label":"Зелёные зоны: доступность","value":5.634},{"label":"Экономика: активность ФНС","value":3},{"label":"Экономика: ККТ","value":0.908},{"label":"Экономика: медианный чек","value":0}]},"geometry":{"type":"Polygon","coordinates":[[[41.403166,52.717301],[41.400111,52.717347],[41.396987,52.71738],[41.397042,52.716993],[41.397042,52.716993],[41.397042,52.716993],[41.397057,52.716886],[41.397057,52.716886],[41.397057,52.716886],[41.397089,52.716655],[41.397104,52.716565],[41.39722,52.715881],[41.397302,52.715879],[41.397305,52.715879],[41.401183,52.71572],[41.401183,52.71572],[41.402524,52.71566],[41.403201,52.715648],[41.403386,52.715658],[41.403469,52.715689],[41.403545,52.715732],[41.403566,52.715741],[41.404563,52.716052],[41.404078,52.71659],[41.40335,52.717332],[41.403195,52.717303],[41.403166,52.717301]]]}},{"type":"Feature","id":"5705","properties":{"id":"5705","city":"tambov","baseScore":37.720506548540804,"baseScoreNoCommerce":38.74823938050775,"baseRank":267,"population":747.8794880154297,"blocks":{"housing":0.43648255382070933,"infra":0.4203894152046784,"transport":1,"work":0.003,"green":0.07754,"commerce":0.32581842388706106},"indicators":[{"label":"Жильё: плотность","value":57.703},{"label":"Жильё: обеспеченность","value":21.785},{"label":"Жильё: износ","value":40.865},{"label":"Жильё: этажность","value":2.714286},{"label":"Коммерческая инфраструктура: разнообразие","value":0.16666666666666666},{"label":"Коммерческая инфраструктура: полнота корзины","value":34.225},{"label":"Транспорт: доступность","value":100},{"label":"Крупные работодатели: обеспеченность","value":0.003},{"label":"Крупные работодатели: плотность","value":0},{"label":"Зелёные зоны: доступность","value":7.754},{"label":"Экономика: активность ФНС","value":7.213},{"label":"Экономика: ККТ","value":5.076},{"label":"Экономика: медианный чек","value":0}]},"geometry":{"type":"Polygon","coordinates":[[[41.405817,52.71478],[41.40464,52.715966],[41.403545,52.715616],[41.403236,52.715568],[41.402639,52.715558],[41.40117,52.715603],[41.397232,52.715796],[41.3973,52.71529],[41.3973,52.715289],[41.397305,52.715246],[41.397402,52.714556],[41.397422,52.714487],[41.397461,52.714419],[41.397551,52.714343],[41.397714,52.71423],[41.398175,52.713937],[41.398425,52.713778],[41.399835,52.712984],[41.400152,52.712834],[41.40016,52.71283],[41.400631,52.712569],[41.405817,52.71478]]]}},{"type":"Feature","id":"5706","properties":{"id":"5706","city":"tambov","baseScore":59.065855540945996,"baseScoreNoCommerce":66.03961520467836,"baseRank":66,"population":146.9720437939453,"blocks":{"housing":1,"infra":0.48308076023391816,"transport":0.90476,"work":0.574,"green":0.34014,"commerce":0.2419705722228424},"indicators":[{"label":"Жильё: плотность","value":14.62},{"label":"Жильё: обеспеченность","value":71.387},{"label":"Коммерческая инфраструктура: разнообразие","value":0.08333333333333333},{"label":"Коммерческая инфраструктура: полнота корзины","value":76.19},{"label":"Транспорт: доступность","value":90.476},{"label":"Крупные работодатели: обеспеченность","value":0.574},{"label":"Крупные работодатели: плотность","value":0.002},{"label":"Зелёные зоны: доступность","value":34.014},{"label":"Экономика: активность ФНС","value":7.287},{"label":"Экономика: ККТ","value":1.629},{"label":"Экономика: медианный чек","value":0}]},"geometry":{"type":"Polygon","coordinates":[[[41.390355,52.72126],[41.390843,52.72113],[41.393777,52.720827],[41.396682,52.720511],[41.399328,52.72023],[41.400562,52.720095],[41.401439,52.72007],[41.402294,52.720143],[41.403962,52.72039],[41.403765,52.720992],[41.402698,52.721059],[41.397247,52.72156],[41.395931,52.721691],[41.394358,52.721848],[41.393605,52.721907],[41.392878,52.721921],[41.391928,52.721875],[41.391336,52.721779],[41.390724,52.721603],[41.390478,52.721454],[41.390355,52.72126]]]}},{"type":"Feature","id":"5707","properties":{"id":"5707","city":"tambov","baseScore":60.59709797418865,"baseScoreNoCommerce":65.0137013959746,"baseRank":51,"population":166.97583483750003,"blocks":{"housing":0.6496751672646176,"infra":0.6788499025341131,"transport":1,"work":0,"green":0.92216,"commerce":0.38514080865258815},"indicators":[{"label":"Жильё: плотность","value":23.937},{"label":"Жильё: обеспеченность","value":38.75},{"label":"Коммерческая инфраструктура: разнообразие","value":0.19444444444444442},{"label":"Коммерческая инфраструктура: полнота корзины","value":100},{"label":"Транспорт: доступность","value":100},{"label":"Зелёные зоны: доступность","value":92.216},{"label":"Экономика: активность ФНС","value":7.902},{"label":"Экономика: ККТ","value":4.263},{"label":"Экономика: медианный чек","value":4.71}]},"geometry":{"type":"Polygon","coordinates":[[[41.411377,52.713059],[41.412094,52.713238],[41.413104,52.7135],[41.413106,52.713501],[41.413618,52.71363],[41.413623,52.713631],[41.413835,52.713679],[41.413791,52.713751],[41.41372,52.713853],[41.413539,52.714076],[41.413448,52.71418],[41.412541,52.715109],[41.412539,52.715111],[41.412297,52.715366],[41.412296,52.715368],[41.411362,52.716378],[41.411362,52.716378],[41.411075,52.71669],[41.410255,52.716366],[41.408952,52.715839],[41.408806,52.715772],[41.408698,52.715722],[41.409116,52.715272],[41.410403,52.713964],[41.410609,52.713772],[41.41061,52.713771],[41.410654,52.713728],[41.410655,52.713727],[41.41075,52.713632],[41.410853,52.713521],[41.410854,52.71352],[41.410858,52.713514],[41.410916,52.713431],[41.410919,52.713426],[41.411056,52.713164],[41.411123,52.713083],[41.411153,52.713057],[41.411205,52.713032],[41.411215,52.713029],[41.41125,52.713038],[41.41126,52.713039],[41.41127,52.713042],[41.411377,52.713059]]]}},{"type":"Feature","id":"5708","properties":{"id":"5708","city":"tambov","baseScore":47.32987522814238,"baseScoreNoCommerce":43.71526666558568,"baseRank":154,"population":480.9233336844727,"blocks":{"housing":0.3020123391272377,"infra":0.5579809941520467,"transport":1,"work":0.016,"green":0.30977,"commerce":0.6540291804092581},"indicators":[{"label":"Жильё: плотность","value":77.766},{"label":"Жильё: обеспеченность","value":12.398},{"label":"Жильё: износ","value":47.957},{"label":"Жильё: этажность","value":7},{"label":"Коммерческая инфраструктура: разнообразие","value":0.16666666666666666},{"label":"Коммерческая инфраструктура: полнота корзины","value":100},{"label":"Транспорт: доступность","value":100},{"label":"Крупные работодатели: обеспеченность","value":0.016},{"label":"Крупные работодатели: плотность","value":0},{"label":"Зелёные зоны: доступность","value":30.977},{"label":"Экономика: активность ФНС","value":9.423},{"label":"Экономика: ККТ","value":7.184},{"label":"Экономика: медианный чек","value":292.643}]},"geometry":{"type":"Polygon","coordinates":[[[41.387979,52.719626],[41.388064,52.719855],[41.388069,52.719866],[41.388163,52.720023],[41.388164,52.720024],[41.388274,52.720199],[41.388277,52.720204],[41.3884,52.720367],[41.388407,52.720376],[41.388581,52.720555],[41.388585,52.720559],[41.388772,52.720729],[41.388781,52.720736],[41.38897,52.720875],[41.388977,52.72088],[41.389208,52.721024],[41.389208,52.721024],[41.389221,52.721032],[41.389096,52.721044],[41.38907,52.721026],[41.389064,52.721028],[41.389088,52.721045],[41.389026,52.721051],[41.389025,52.721051],[41.389023,52.721051],[41.388561,52.7211],[41.388561,52.7211],[41.388561,52.7211],[41.388512,52.721105],[41.388509,52.721102],[41.388508,52.721094],[41.3885,52.721094],[41.388502,52.721102],[41.388506,52.721106],[41.388438,52.721113],[41.388293,52.721129],[41.387671,52.721193],[41.387669,52.721193],[41.387667,52.721193],[41.387344,52.721229],[41.387191,52.721246],[41.386522,52.721317],[41.386522,52.721317],[41.386522,52.721317],[41.386457,52.721324],[41.385437,52.721432],[41.384992,52.721479],[41.384992,52.721479],[41.384992,52.721479],[41.384211,52.721562],[41.383609,52.721626],[41.383608,52.721627],[41.383517,52.721636],[41.383398,52.721649],[41.383397,52.721649],[41.383397,52.721649],[41.383115,52.721679],[41.383078,52.721527],[41.383038,52.721391],[41.382963,52.721172],[41.383439,52.721119],[41.383167,52.720061],[41.387979,52.719626]]]}},{"type":"Feature","id":"5709","properties":{"id":"5709","city":"tambov","baseScore":64.8895330010416,"baseScoreNoCommerce":61.46110917271691,"baseRank":29,"population":4023.373748914649,"blocks":{"housing":0.3668935288112838,"infra":0.6981619298245615,"transport":1,"work":0.008,"green":1,"commerce":0.8203165214266503},"indicators":[{"label":"Жильё: плотность","value":243.176},{"label":"Жильё: обеспеченность","value":7.166},{"label":"Жильё: износ","value":29.086},{"label":"Жильё: этажность","value":8.333333},{"label":"Коммерческая инфраструктура: разнообразие","value":0.375},{"label":"Коммерческая инфраструктура: полнота корзины","value":100},{"label":"Транспорт: доступность","value":100},{"label":"Крупные работодатели: обеспеченность","value":0.008},{"label":"Крупные работодатели: плотность","value":0},{"label":"Зелёные зоны: доступность","value":100},{"label":"Экономика: активность ФНС","value":9.294},{"label":"Экономика: ККТ","value":63.164},{"label":"Экономика: медианный чек","value":101.498}]},"geometry":{"type":"Polygon","coordinates":[[[41.393063,52.707326],[41.39314,52.707196],[41.393294,52.70688],[41.392801,52.70677],[41.393137,52.706162],[41.392558,52.706057],[41.393985,52.703209],[41.395656,52.703537],[41.395656,52.703537],[41.395656,52.703537],[41.396305,52.703664],[41.396554,52.703713],[41.396554,52.703713],[41.396554,52.703713],[41.396908,52.703782],[41.397105,52.703822],[41.39721,52.703843],[41.397211,52.703843],[41.398153,52.704026],[41.398623,52.70412],[41.398625,52.70412],[41.398788,52.704152],[41.399073,52.704228],[41.399323,52.704301],[41.399327,52.704318],[41.399335,52.704335],[41.399352,52.704363],[41.399356,52.704367],[41.399346,52.704388],[41.399187,52.704663],[41.399187,52.704663],[41.399061,52.704881],[41.399059,52.704886],[41.39904,52.704926],[41.398937,52.705121],[41.398937,52.705121],[41.398879,52.705233],[41.398695,52.705585],[41.398695,52.705585],[41.398695,52.705585],[41.398539,52.705885],[41.398265,52.70641],[41.398089,52.706748],[41.398049,52.706825],[41.398,52.70692],[41.397994,52.706932],[41.397994,52.706932],[41.397993,52.706932],[41.397916,52.707081],[41.397735,52.707428],[41.39764,52.70761],[41.397432,52.708],[41.397348,52.708096],[41.397341,52.708105],[41.393063,52.707326]]]}},{"type":"Feature","id":"5712","properties":{"id":"5712","city":"tambov","baseScore":60.66109583845377,"baseScoreNoCommerce":58.789159198745246,"baseRank":49,"population":1615.750410393677,"blocks":{"housing":0.3238195388846305,"infra":0.6006384210526315,"transport":1,"work":0.015,"green":1,"commerce":0.7002077903699644},"indicators":[{"label":"Жильё: плотность","value":259.119},{"label":"Жильё: обеспеченность","value":6.377},{"label":"Жильё: износ","value":34.868},{"label":"Жильё: этажность","value":8.428571},{"label":"Коммерческая инфраструктура: разнообразие","value":0.125},{"label":"Коммерческая инфраструктура: полнота корзины","value":100},{"label":"Транспорт: доступность","value":100},{"label":"Крупные работодатели: обеспеченность","value":0.015},{"label":"Крупные работодатели: плотность","value":0},{"label":"Зелёные зоны: доступность","value":100},{"label":"Экономика: активность ФНС","value":9.115},{"label":"Экономика: ККТ","value":17.413},{"label":"Экономика: медианный чек","value":225.047}]},"geometry":{"type":"Polygon","coordinates":[[[41.398822,52.705937],[41.398977,52.705639],[41.399161,52.705287],[41.399219,52.705176],[41.399322,52.704979],[41.399323,52.704977],[41.399342,52.704938],[41.399466,52.704722],[41.399626,52.704445],[41.399629,52.704441],[41.399633,52.704432],[41.399674,52.704423],[41.399739,52.704397],[41.399781,52.704371],[41.399824,52.704332],[41.399833,52.70432],[41.399842,52.704308],[41.399855,52.704282],[41.399857,52.704277],[41.39998,52.704021],[41.39998,52.704021],[41.39999,52.704021],[41.40116,52.704315],[41.402715,52.704818],[41.402759,52.704828],[41.402805,52.704828],[41.402848,52.70482],[41.402916,52.704838],[41.402941,52.704842],[41.402967,52.704843],[41.403039,52.704837],[41.403065,52.704832],[41.403089,52.704823],[41.403155,52.704789],[41.403176,52.704773],[41.403284,52.704655],[41.403285,52.704655],[41.403488,52.704427],[41.403709,52.704609],[41.403747,52.704655],[41.403748,52.704656],[41.403778,52.704691],[41.403786,52.70472],[41.403773,52.704779],[41.403732,52.704881],[41.403732,52.704882],[41.403476,52.705575],[41.403041,52.706753],[41.40234,52.706617],[41.400446,52.706229],[41.398822,52.705937]]]}},{"type":"Feature","id":"5713","properties":{"id":"5713","city":"tambov","baseScore":60.66109583845377,"baseScoreNoCommerce":58.789159198745246,"baseRank":49,"population":1700.9710246111817,"blocks":{"housing":0.3238195388846305,"infra":0.6006384210526315,"transport":1,"work":0.015,"green":1,"commerce":0.7002077903699644},"indicators":[{"label":"Жильё: плотность","value":259.119},{"label":"Жильё: обеспеченность","value":6.377},{"label":"Жильё: износ","value":34.868},{"label":"Жильё: этажность","value":8.428571},{"label":"Коммерческая инфраструктура: разнообразие","value":0.125},{"label":"Коммерческая инфраструктура: полнота корзины","value":100},{"label":"Транспорт: доступность","value":100},{"label":"Крупные работодатели: обеспеченность","value":0.015},{"label":"Крупные работодатели: плотность","value":0},{"label":"Зелёные зоны: доступность","value":100},{"label":"Экономика: активность ФНС","value":9.115},{"label":"Экономика: ККТ","value":17.413},{"label":"Экономика: медианный чек","value":225.047}]},"geometry":{"type":"Polygon","coordinates":[[[41.40234,52.706617],[41.403041,52.706753],[41.403033,52.706774],[41.403032,52.706775],[41.402684,52.707748],[41.402483,52.708285],[41.402076,52.709326],[41.401963,52.709582],[41.401523,52.709865],[41.400994,52.710168],[41.400539,52.709892],[41.400097,52.709625],[41.398751,52.708809],[41.39808,52.708378],[41.398198,52.708168],[41.398059,52.708074],[41.397739,52.708009],[41.397922,52.707665],[41.397922,52.707665],[41.398017,52.707483],[41.398152,52.707224],[41.400049,52.707617],[41.400405,52.707691],[41.401798,52.707948],[41.40234,52.706617]]]}},{"type":"Feature","id":"5714","properties":{"id":"5714","city":"tambov","baseScore":28.961398309561986,"baseScoreNoCommerce":30.274725485633024,"baseRank":349,"population":243.9603534641113,"blocks":{"housing":0.5455929409483178,"infra":0.5009333333333333,"transport":0.46721,"work":0,"green":0,"commerce":0.22394762429206808},"indicators":[{"label":"Жильё: плотность","value":28.822},{"label":"Жильё: обеспеченность","value":33.383},{"label":"Коммерческая инфраструктура: разнообразие","value":0},{"label":"Коммерческая инфраструктура: полнота корзины","value":74.18},{"label":"Транспорт: доступность","value":46.721},{"label":"Экономика: активность ФНС","value":8},{"label":"Экономика: ККТ","value":1.032},{"label":"Экономика: медианный чек","value":0}]},"geometry":{"type":"Polygon","coordinates":[[[41.402651,52.708328],[41.403944,52.708488],[41.403987,52.708396],[41.405365,52.708637],[41.405132,52.709206],[41.405622,52.709299],[41.405919,52.709356],[41.406025,52.709377],[41.405918,52.709539],[41.405752,52.709743],[41.405616,52.709878],[41.405443,52.709979],[41.405436,52.709983],[41.405262,52.710107],[41.404902,52.710336],[41.40448,52.710593],[41.404473,52.710598],[41.404194,52.71081],[41.404187,52.710816],[41.404001,52.711],[41.403996,52.711005],[41.403883,52.71115],[41.403877,52.711157],[41.40387,52.711158],[41.403829,52.71117],[41.40381,52.711182],[41.403626,52.711157],[41.403539,52.71114],[41.403439,52.711118],[41.403381,52.711095],[41.403202,52.710986],[41.402989,52.711108],[41.402931,52.711137],[41.402818,52.711173],[41.402631,52.711228],[41.402621,52.711232],[41.402265,52.711374],[41.40226,52.711376],[41.401942,52.711522],[41.401179,52.711863],[41.401179,52.711863],[41.400926,52.711976],[41.400824,52.712008],[41.400726,52.71202],[41.4001,52.711799],[41.399917,52.711744],[41.399442,52.71144],[41.39934,52.711371],[41.40005,52.710928],[41.400118,52.710886],[41.400118,52.710886],[41.40106,52.710291],[41.401657,52.709949],[41.401661,52.709946],[41.402092,52.709621],[41.402262,52.709356],[41.402263,52.709354],[41.402651,52.708328]]]}},{"type":"Feature","id":"5715","properties":{"id":"5715","city":"tambov","baseScore":25.039780083236547,"baseScoreNoCommerce":27.997421386735528,"baseRank":363,"population":357.95045092678225,"blocks":{"housing":0.6582080868806361,"infra":0.24963298245614032,"transport":0.3743,"work":0.006,"green":0.11173,"commerce":0.10251573565741645},"indicators":[{"label":"Жильё: плотность","value":25.913},{"label":"Жильё: обеспеченность","value":39.19},{"label":"Коммерческая инфраструктура: разнообразие","value":0},{"label":"Коммерческая инфраструктура: полнота корзины","value":15.084},{"label":"Транспорт: доступность","value":37.43},{"label":"Крупные работодатели: обеспеченность","value":0.006},{"label":"Крупные работодатели: плотность","value":0},{"label":"Зелёные зоны: доступность","value":11.173},{"label":"Экономика: активность ФНС","value":4.774},{"label":"Экономика: ККТ","value":0.124},{"label":"Экономика: медианный чек","value":0}]},"geometry":{"type":"Polygon","coordinates":[[[41.402872,52.707773],[41.40318,52.706793],[41.403663,52.705601],[41.403919,52.704908],[41.403961,52.704804],[41.403962,52.704798],[41.403978,52.704727],[41.403978,52.704709],[41.403965,52.704662],[41.403955,52.704645],[41.403919,52.704602],[41.403878,52.704553],[41.403869,52.704544],[41.403731,52.704431],[41.403802,52.70443],[41.403966,52.704438],[41.405388,52.704577],[41.406688,52.704765],[41.407424,52.704908],[41.407779,52.704964],[41.408105,52.70437],[41.408407,52.703783],[41.408441,52.70374],[41.408477,52.703706],[41.408929,52.704016],[41.408932,52.704018],[41.40951,52.704393],[41.409466,52.704416],[41.409463,52.704417],[41.409145,52.704601],[41.409141,52.704603],[41.408963,52.704717],[41.40895,52.704727],[41.408855,52.704826],[41.408851,52.70483],[41.408746,52.704966],[41.408744,52.704969],[41.40869,52.705048],[41.408289,52.70564],[41.407914,52.706136],[41.407913,52.706138],[41.407431,52.706843],[41.40743,52.706845],[41.407361,52.706956],[41.407354,52.706978],[41.407357,52.707046],[41.407359,52.707057],[41.407403,52.707173],[41.407421,52.70736],[41.40738,52.707469],[41.407146,52.707822],[41.406796,52.708306],[41.406496,52.7087],[41.406495,52.708701],[41.406081,52.709293],[41.405964,52.709271],[41.405665,52.709213],[41.405661,52.709213],[41.40531,52.709157],[41.405559,52.708649],[41.405386,52.708614],[41.403999,52.708368],[41.403856,52.708373],[41.402693,52.708251],[41.402872,52.707773],[41.402872,52.707773]]]}},{"type":"Feature","id":"5716","properties":{"id":"5716","city":"tambov","baseScore":64.8895330010416,"baseScoreNoCommerce":61.46110917271691,"baseRank":29,"population":2828.873989439258,"blocks":{"housing":0.3668935288112838,"infra":0.6981619298245615,"transport":1,"work":0.008,"green":1,"commerce":0.8203165214266503},"indicators":[{"label":"Жильё: плотность","value":243.176},{"label":"Жильё: обеспеченность","value":7.166},{"label":"Жильё: износ","value":29.086},{"label":"Жильё: этажность","value":8.333333},{"label":"Коммерческая инфраструктура: разнообразие","value":0.375},{"label":"Коммерческая инфраструктура: полнота корзины","value":100},{"label":"Транспорт: доступность","value":100},{"label":"Крупные работодатели: обеспеченность","value":0.008},{"label":"Крупные работодатели: плотность","value":0},{"label":"Зелёные зоны: доступность","value":100},{"label":"Экономика: активность ФНС","value":9.294},{"label":"Экономика: ККТ","value":63.164},{"label":"Экономика: медианный чек","value":101.498}]},"geometry":{"type":"Polygon","coordinates":[[[41.397341,52.708105],[41.397336,52.708112],[41.39688,52.709032],[41.396879,52.709034],[41.396853,52.709094],[41.396806,52.7092],[41.396786,52.709246],[41.396742,52.709337],[41.396742,52.709337],[41.396742,52.709337],[41.396703,52.709418],[41.396699,52.709427],[41.396672,52.709514],[41.396671,52.709517],[41.396648,52.709614],[41.396647,52.709629],[41.396651,52.709748],[41.396654,52.709764],[41.396688,52.709867],[41.396689,52.709869],[41.396683,52.709873],[41.396647,52.709915],[41.396634,52.709962],[41.396646,52.71001],[41.39666,52.710036],[41.396614,52.710063],[41.396612,52.710064],[41.396364,52.710226],[41.396349,52.710241],[41.396273,52.710366],[41.396146,52.710571],[41.396146,52.710571],[41.396096,52.710653],[41.396034,52.710754],[41.395917,52.710943],[41.39579,52.711149],[41.395741,52.711228],[41.395722,52.711256],[41.395396,52.711298],[41.393944,52.711519],[41.393499,52.71107],[41.393335,52.710603],[41.393007,52.710436],[41.391343,52.710148],[41.391901,52.709103],[41.392124,52.708981],[41.392625,52.708061],[41.393063,52.707326],[41.397341,52.708105]]]}},{"type":"Feature","id":"5725","properties":{"id":"5725","city":"tambov","baseScore":49.99777141504519,"baseScoreNoCommerce":55.13114565367165,"baseRank":127,"population":185.9743996488281,"blocks":{"housing":0.33597886163095125,"infra":0.6302584210526315,"transport":1,"work":0,"green":0.79032,"commerce":0.24330900221912893},"indicators":[{"label":"Жильё: плотность","value":27.162},{"label":"Жильё: обеспеченность","value":39.899},{"label":"Жильё: износ","value":100},{"label":"Жильё: этажность","value":2},{"label":"Коммерческая инфраструктура: разнообразие","value":0},{"label":"Коммерческая инфраструктура: полнота корзины","value":100},{"label":"Транспорт: доступность","value":100},{"label":"Зелёные зоны: доступность","value":79.032},{"label":"Экономика: активность ФНС","value":9},{"label":"Экономика: ККТ","value":0.992},{"label":"Экономика: медианный чек","value":0}]},"geometry":{"type":"Polygon","coordinates":[[[41.417466,52.715318],[41.417357,52.715286],[41.417115,52.715207],[41.417115,52.715207],[41.417115,52.715207],[41.416678,52.715065],[41.416273,52.714934],[41.415256,52.714598],[41.413978,52.714226],[41.414174,52.713984],[41.41418,52.713976],[41.414256,52.713868],[41.41426,52.713862],[41.414355,52.713709],[41.414519,52.713471],[41.414777,52.713169],[41.414765,52.713165],[41.414956,52.712922],[41.415253,52.712576],[41.415399,52.712404],[41.415499,52.71244],[41.416836,52.712916],[41.419113,52.713717],[41.419209,52.713751],[41.419205,52.713762],[41.419053,52.714162],[41.418787,52.714766],[41.418404,52.715593],[41.418294,52.715561],[41.418294,52.715561],[41.418294,52.715561],[41.41822,52.715539],[41.41816,52.715521],[41.417466,52.715318]]]}},{"type":"Feature","id":"5728","properties":{"id":"5728","city":"tambov","baseScore":37.70612836060354,"baseScoreNoCommerce":44.05712857906116,"baseRank":268,"population":268.9628710135254,"blocks":{"housing":0.5165585342162157,"infra":0.5822078947368421,"transport":1,"work":0,"green":0.10409,"commerce":0.05951127268315487},"indicators":[{"label":"Жильё: плотность","value":27.819},{"label":"Жильё: обеспеченность","value":41.533},{"label":"Жильё: износ","value":59.05},{"label":"Жильё: этажность","value":1},{"label":"Коммерческая инфраструктура: разнообразие","value":0},{"label":"Коммерческая инфраструктура: полнота корзины","value":85.13},{"label":"Транспорт: доступность","value":100},{"label":"Зелёные зоны: доступность","value":10.409},{"label":"Экономика: активность ФНС","value":2.315},{"label":"Экономика: ККТ","value":0.216},{"label":"Экономика: медианный чек","value":0}]},"geometry":{"type":"Polygon","coordinates":[[[41.423428,52.714497],[41.425428,52.714796],[41.424845,52.715812],[41.424774,52.71599],[41.424652,52.716301],[41.424342,52.716947],[41.422527,52.716542],[41.420253,52.716069],[41.419984,52.716005],[41.419558,52.715895],[41.419558,52.715895],[41.419558,52.715895],[41.419493,52.715878],[41.419469,52.715875],[41.419448,52.715867],[41.419315,52.715832],[41.418927,52.715732],[41.418927,52.715732],[41.418927,52.715732],[41.418778,52.715694],[41.418778,52.715694],[41.418778,52.715694],[41.418581,52.715643],[41.418585,52.715635],[41.419002,52.714734],[41.419001,52.714734],[41.419239,52.714191],[41.41924,52.71419],[41.419371,52.71377],[41.423428,52.714497]]]}},{"type":"Feature","id":"5729","properties":{"id":"5729","city":"tambov","baseScore":34.404771032787956,"baseScoreNoCommerce":37.55154844809469,"baseRank":299,"population":217.96985957031248,"blocks":{"housing":0.37315286100122613,"infra":0.5044245614035088,"transport":1,"work":0,"green":0,"commerce":0.18670883956254258},"indicators":[{"label":"Жильё: плотность","value":27.2},{"label":"Жильё: обеспеченность","value":42.344},{"label":"Жильё: износ","value":83.741},{"label":"Жильё: этажность","value":1.5},{"label":"Коммерческая инфраструктура: разнообразие","value":0},{"label":"Коммерческая инфраструктура: полнота корзины","value":63.761},{"label":"Транспорт: доступность","value":100},{"label":"Экономика: активность ФНС","value":5.678},{"label":"Экономика: ККТ","value":1.398},{"label":"Экономика: медианный чек","value":0}]},"geometry":{"type":"Polygon","coordinates":[[[41.417726,52.710003],[41.418359,52.709471],[41.418563,52.709437],[41.419589,52.709927],[41.420288,52.710246],[41.420304,52.71028],[41.420312,52.710366],[41.420042,52.710901],[41.419709,52.711552],[41.419118,52.712596],[41.419161,52.713667],[41.416963,52.712825],[41.416932,52.712814],[41.415596,52.712339],[41.41549,52.712301],[41.416105,52.711615],[41.417077,52.710598],[41.417235,52.710435],[41.417436,52.710237],[41.41756,52.710126],[41.417726,52.710003]]]}},{"type":"Feature","id":"5740","properties":{"id":"5740","city":"tambov","baseScore":47.39502912289393,"baseScoreNoCommerce":47.988628952660655,"baseRank":152,"population":364.95078645322263,"blocks":{"housing":0.5521434944166583,"infra":0.6308479532163743,"transport":1,"work":0,"green":0.21644,"commerce":0.44427029974060356},"indicators":[{"label":"Жильё: плотность","value":38.158},{"label":"Жильё: обеспеченность","value":54.25},{"label":"Жильё: износ","value":73.369},{"label":"Жильё: этажность","value":1},{"label":"Коммерческая инфраструктура: разнообразие","value":0.20833333333333334},{"label":"Коммерческая инфраструктура: полнота корзины","value":100},{"label":"Транспорт: доступность","value":100},{"label":"Зелёные зоны: доступность","value":21.644},{"label":"Экономика: активность ФНС","value":9.474},{"label":"Экономика: ККТ","value":1.978},{"label":"Экономика: медианный чек","value":159.312}]},"geometry":{"type":"Polygon","coordinates":[[[41.426605,52.703957],[41.426603,52.703958],[41.424275,52.705407],[41.424066,52.705537],[41.424038,52.705521],[41.423287,52.705094],[41.422714,52.704761],[41.422029,52.704402],[41.423474,52.703466],[41.422745,52.703053],[41.422305,52.702819],[41.422054,52.702687],[41.422786,52.702119],[41.42362,52.701472],[41.424326,52.701615],[41.424654,52.701681],[41.424698,52.701693],[41.42488,52.701743],[41.425058,52.701805],[41.425233,52.701889],[41.425539,52.702036],[41.42641,52.702478],[41.426491,52.702519],[41.427657,52.703103],[41.427836,52.703208],[41.427155,52.703623],[41.426605,52.703957]]]}},{"type":"Feature","id":"5741","properties":{"id":"5741","city":"tambov","baseScore":50.044335441121056,"baseScoreNoCommerce":54.08046832659208,"baseRank":124,"population":1784.7451656996093,"blocks":{"housing":0.3443394397214167,"infra":0.5364439766081871,"transport":0.94958,"work":0.021,"green":0.85266,"commerce":0.2986367101376593},"indicators":[{"label":"Жильё: плотность","value":106.818},{"label":"Жильё: обеспеченность","value":12.372},{"label":"Жильё: износ","value":41.007},{"label":"Жильё: этажность","value":5.074074},{"label":"Коммерческая инфраструктура: разнообразие","value":0.16666666666666666},{"label":"Коммерческая инфраструктура: полнота корзины","value":100},{"label":"Транспорт: доступность","value":94.958},{"label":"Крупные работодатели: обеспеченность","value":0.021},{"label":"Крупные работодатели: плотность","value":0},{"label":"Зелёные зоны: доступность","value":85.266},{"label":"Экономика: активность ФНС","value":7.265},{"label":"Экономика: ККТ","value":5.329},{"label":"Экономика: медианный чек","value":0}]},"geometry":{"type":"Polygon","coordinates":[[[41.420839,52.6958],[41.420876,52.695768],[41.420962,52.695717],[41.421062,52.695625],[41.421206,52.69554],[41.421367,52.695477],[41.421413,52.695451],[41.42148,52.695391],[41.421593,52.695241],[41.421595,52.695165],[41.421619,52.69513],[41.421735,52.695147],[41.421799,52.695166],[41.421914,52.695171],[41.42244,52.695301],[41.423022,52.695431],[41.42366,52.695511],[41.423736,52.695444],[41.4238,52.695438],[41.424034,52.695539],[41.425226,52.695294],[41.425235,52.695294],[41.425392,52.69528],[41.425975,52.695229],[41.426152,52.69523],[41.426227,52.695242],[41.426796,52.695528],[41.426906,52.695603],[41.426933,52.695643],[41.427051,52.695818],[41.427167,52.695919],[41.427171,52.695922],[41.427293,52.696],[41.427301,52.696007],[41.427307,52.69601],[41.427317,52.696016],[41.427324,52.69602],[41.428598,52.696664],[41.429334,52.697072],[41.429446,52.697145],[41.429447,52.697146],[41.429548,52.697208],[41.429551,52.69721],[41.429717,52.697301],[41.429718,52.697301],[41.430185,52.697549],[41.430186,52.69755],[41.430275,52.697594],[41.430276,52.697594],[41.430431,52.69767],[41.430592,52.697748],[41.430655,52.697785],[41.430083,52.698555],[41.429322,52.699362],[41.428329,52.699045],[41.427734,52.698811],[41.423934,52.697431],[41.423539,52.697789],[41.422802,52.697514],[41.422646,52.697703],[41.42217,52.697555],[41.422307,52.697405],[41.422283,52.69743],[41.421895,52.697326],[41.421726,52.697359],[41.420513,52.696969],[41.420534,52.696901],[41.420542,52.696869],[41.420466,52.696763],[41.420419,52.696679],[41.420528,52.69661],[41.420608,52.696558],[41.420707,52.696515],[41.420737,52.696481],[41.42063,52.696446],[41.420447,52.696439],[41.420394,52.696426],[41.420367,52.696397],[41.420372,52.696364],[41.420412,52.696298],[41.420453,52.696268],[41.42064,52.696026],[41.420839,52.6958]]]}},{"type":"Feature","id":"5742","properties":{"id":"5742","city":"tambov","baseScore":37.18641945940899,"baseScoreNoCommerce":38.006972186557206,"baseRank":276,"population":755.8965053712402,"blocks":{"housing":0.33873211809979037,"infra":0.5456464912280702,"transport":1,"work":0.012,"green":0.00397,"commerce":0.33083655823667857},"indicators":[{"label":"Жильё: плотность","value":94.259},{"label":"Жильё: обеспеченность","value":14.666},{"label":"Жильё: износ","value":45.553},{"label":"Жильё: этажность","value":2.666667},{"label":"Коммерческая инфраструктура: разнообразие","value":0},{"label":"Коммерческая инфраструктура: полнота корзины","value":100},{"label":"Транспорт: доступность","value":100},{"label":"Крупные работодатели: обеспеченность","value":0.012},{"label":"Крупные работодатели: плотность","value":0},{"label":"Зелёные зоны: доступность","value":0.397},{"label":"Экономика: активность ФНС","value":9},{"label":"Экономика: ККТ","value":2.991},{"label":"Экономика: медианный чек","value":0}]},"geometry":{"type":"Polygon","coordinates":[[[41.42455,52.701384],[41.423672,52.70102],[41.423887,52.700837],[41.424319,52.7005],[41.424771,52.700049],[41.425978,52.698843],[41.426066,52.698802],[41.426133,52.698736],[41.426074,52.698655],[41.426294,52.698399],[41.427171,52.698729],[41.428556,52.69929],[41.428646,52.699324],[41.428648,52.699325],[41.429183,52.69952],[41.428912,52.69983],[41.428834,52.699919],[41.428694,52.700066],[41.428207,52.700577],[41.427877,52.700923],[41.427661,52.701148],[41.427346,52.701477],[41.426546,52.702313],[41.426534,52.702308],[41.425886,52.701976],[41.425815,52.70194],[41.425812,52.701938],[41.425417,52.701748],[41.425233,52.70166],[41.425215,52.701652],[41.424966,52.701566],[41.424949,52.701561],[41.424762,52.701514],[41.424757,52.701513],[41.424753,52.701512],[41.424726,52.701507],[41.424665,52.701447],[41.424646,52.701433],[41.42455,52.701384]]]}},{"type":"Feature","id":"5743","properties":{"id":"5743","city":"tambov","baseScore":49.51213471377321,"baseScoreNoCommerce":44.51407798854906,"baseRank":132,"population":271.96763572734375,"blocks":{"housing":0.5979734315911958,"infra":0.6277304678362573,"transport":1,"work":0,"green":0,"commerce":0.745024183398939},"indicators":[{"label":"Жильё: плотность","value":19.808},{"label":"Жильё: обеспеченность","value":36.084},{"label":"Коммерческая инфраструктура: разнообразие","value":0.2916666666666667},{"label":"Коммерческая инфраструктура: полнота корзины","value":100},{"label":"Транспорт: доступность","value":100},{"label":"Экономика: активность ФНС","value":9.378},{"label":"Экономика: ККТ","value":34.48},{"label":"Экономика: медианный чек","value":139.269}]},"geometry":{"type":"Polygon","coordinates":[[[41.431295,52.70113],[41.431292,52.701128],[41.430489,52.701615],[41.428206,52.702986],[41.428139,52.703026],[41.428059,52.703073],[41.428058,52.703074],[41.428046,52.703081],[41.427767,52.702927],[41.427335,52.702716],[41.426776,52.70243],[41.427602,52.701568],[41.427917,52.701239],[41.428133,52.701013],[41.428133,52.701013],[41.428463,52.700667],[41.42895,52.700156],[41.429091,52.700008],[41.429094,52.700005],[41.429174,52.699914],[41.429457,52.69959],[41.42951,52.69953],[41.429966,52.699011],[41.429981,52.698984],[41.429982,52.698956],[41.429973,52.698937],[41.430198,52.698681],[41.430232,52.698674],[41.430269,52.698658],[41.430297,52.698635],[41.430356,52.698565],[41.430357,52.698563],[41.430951,52.697827],[41.430965,52.6978],[41.430964,52.697772],[41.430949,52.697745],[41.430939,52.697737],[41.431511,52.697005],[41.431591,52.696909],[41.431748,52.696734],[41.43176,52.696735],[41.431805,52.696727],[41.431843,52.696712],[41.431872,52.69669],[41.432102,52.696445],[41.432395,52.696163],[41.432849,52.696494],[41.432858,52.6965],[41.43317,52.69669],[41.433174,52.696693],[41.433233,52.696725],[41.433239,52.696728],[41.433244,52.696731],[41.433319,52.696765],[41.433306,52.696868],[41.43327,52.697157],[41.433185,52.698089],[41.433227,52.698083],[41.433408,52.699145],[41.433438,52.699243],[41.433436,52.699244],[41.433393,52.699283],[41.433372,52.699329],[41.433375,52.699377],[41.433426,52.699529],[41.433457,52.699662],[41.433442,52.699757],[41.433396,52.699842],[41.432902,52.700145],[41.431295,52.70113]]]}},{"type":"Feature","id":"5744","properties":{"id":"5744","city":"tambov","baseScore":43.780801169590646,"baseScoreNoCommerce":52.536961403508776,"baseRank":190,"population":88.98702271882325,"blocks":{"housing":1,"infra":0.6268480701754385,"transport":1,"work":0,"green":0,"commerce":0},"indicators":[{"label":"Жильё: плотность","value":27.451},{"label":"Жильё: обеспеченность","value":62.962},{"label":"Коммерческая инфраструктура: разнообразие","value":0},{"label":"Коммерческая инфраструктура: полнота корзины","value":100},{"label":"Транспорт: доступность","value":100},{"label":"Экономика: ККТ","value":0}]},"geometry":{"type":"Polygon","coordinates":[[[41.420265,52.761971],[41.418096,52.763775],[41.41743,52.763541],[41.417265,52.76348],[41.417214,52.763458],[41.416455,52.763104],[41.417619,52.76218],[41.418351,52.761598],[41.418702,52.761318],[41.418704,52.761317],[41.418704,52.761317],[41.418729,52.761329],[41.419445,52.761696],[41.419607,52.76176],[41.419721,52.761802],[41.420265,52.761971]]]}},{"type":"Feature","id":"5745","properties":{"id":"5745","city":"tambov","baseScore":54.712227939719114,"baseScoreNoCommerce":51.57461052855968,"baseRank":97,"population":1867.755878395459,"blocks":{"housing":0.2856350293519611,"infra":0.8134054970760234,"transport":1,"work":0.045,"green":0.43469,"commerce":0.7040031499551629},"indicators":[{"label":"Жильё: плотность","value":221.142},{"label":"Жильё: обеспеченность","value":9.748},{"label":"Жильё: износ","value":46.436},{"label":"Жильё: этажность","value":5.933333},{"label":"Коммерческая инфраструктура: разнообразие","value":0.4583333333333333},{"label":"Коммерческая инфраструктура: полнота корзины","value":100},{"label":"Транспорт: доступность","value":100},{"label":"Крупные работодатели: обеспеченность","value":0.045},{"label":"Крупные работодатели: плотность","value":0.001},{"label":"Зелёные зоны: доступность","value":43.469},{"label":"Экономика: активность ФНС","value":9.201},{"label":"Экономика: ККТ","value":17.582},{"label":"Экономика: медианный чек","value":317.216}]},"geometry":{"type":"Polygon","coordinates":[[[41.450896,52.740632],[41.450892,52.740645],[41.450118,52.740567],[41.450117,52.740567],[41.449931,52.74055],[41.449309,52.74049],[41.448982,52.740457],[41.448981,52.740457],[41.44874,52.740433],[41.448413,52.7404],[41.44706,52.740266],[41.447057,52.740258],[41.447201,52.739818],[41.447393,52.739229],[41.447431,52.739083],[41.447663,52.738278],[41.447664,52.738231],[41.447687,52.738193],[41.447837,52.737718],[41.447837,52.737717],[41.44793,52.737405],[41.447935,52.737389],[41.451305,52.737746],[41.451307,52.737746],[41.451308,52.737747],[41.451721,52.737786],[41.451712,52.737818],[41.451426,52.738826],[41.451279,52.739298],[41.45106,52.740063],[41.450896,52.740632]]]}},{"type":"Feature","id":"5746","properties":{"id":"5746","city":"tambov","baseScore":28.156071047335995,"baseScoreNoCommerce":33.787285256803194,"baseRank":351,"population":194.97325807104494,"blocks":{"housing":0.6102879860370407,"infra":0.2175362768031189,"transport":0.76923,"work":0,"green":0.09231,"commerce":0},"indicators":[{"label":"Жильё: плотность","value":26.29},{"label":"Жильё: обеспеченность","value":36.719},{"label":"Коммерческая инфраструктура: разнообразие","value":0.027777777777777776},{"label":"Транспорт: доступность","value":76.923},{"label":"Зелёные зоны: доступность","value":9.231}]},"geometry":{"type":"Polygon","coordinates":[[[41.462136,52.692698],[41.461988,52.692683],[41.46179,52.692668],[41.461377,52.692633],[41.461374,52.692633],[41.460562,52.692573],[41.459886,52.692522],[41.459882,52.692522],[41.459725,52.692513],[41.459714,52.692513],[41.459495,52.69251],[41.459491,52.69251],[41.459282,52.692511],[41.458646,52.692512],[41.458645,52.692512],[41.457701,52.692518],[41.457701,52.692518],[41.457233,52.692522],[41.457225,52.692522],[41.456701,52.692544],[41.455615,52.692589],[41.455612,52.692589],[41.45426,52.692663],[41.454257,52.692664],[41.453053,52.692742],[41.452327,52.692779],[41.452307,52.692701],[41.453793,52.692165],[41.453903,52.692285],[41.454847,52.691994],[41.456251,52.691666],[41.456258,52.691785],[41.457116,52.691763],[41.457139,52.692038],[41.459163,52.692006],[41.45918,52.69206],[41.460686,52.692038],[41.460688,52.691988],[41.460796,52.69087],[41.461029,52.690886],[41.46149,52.690828],[41.462059,52.690763],[41.46226,52.690794],[41.462424,52.690899],[41.462638,52.690899],[41.462874,52.690899],[41.463207,52.690997],[41.463304,52.691068],[41.463711,52.691016],[41.463894,52.691016],[41.4639,52.691016],[41.463882,52.691084],[41.463882,52.691084],[41.463882,52.691085],[41.463817,52.691361],[41.463781,52.691486],[41.463781,52.691488],[41.463695,52.69185],[41.463694,52.691852],[41.463595,52.692352],[41.463509,52.692759],[41.463509,52.692779],[41.463418,52.692771],[41.463409,52.692771],[41.463159,52.69276],[41.462363,52.692721],[41.462258,52.69271],[41.462256,52.692709],[41.462136,52.692698]]]}},{"type":"Feature","id":"5747","properties":{"id":"5747","city":"tambov","baseScore":39.79449277424652,"baseScoreNoCommerce":32.34548345887084,"baseRank":232,"population":1893.7771845351563,"blocks":{"housing":0.27603963103321066,"infra":0.28623454191033143,"transport":1,"work":0.055,"green":0,"commerce":0.7703953935112493},"indicators":[{"label":"Жильё: плотность","value":135.773},{"label":"Жильё: обеспеченность","value":10.894},{"label":"Жильё: износ","value":49.816},{"label":"Жильё: этажность","value":4.884615},{"label":"Коммерческая инфраструктура: разнообразие","value":0.2638888888888889},{"label":"Транспорт: доступность","value":100},{"label":"Крупные работодатели: обеспеченность","value":0.055},{"label":"Крупные работодатели: плотность","value":0.001},{"label":"Экономика: активность ФНС","value":8.846},{"label":"Экономика: ККТ","value":43.259},{"label":"Экономика: медианный чек","value":477.379}]},"geometry":{"type":"Polygon","coordinates":[[[41.471279,52.690524],[41.470005,52.690604],[41.469586,52.690733],[41.46879,52.690997],[41.468694,52.691001],[41.466601,52.69074],[41.46525,52.690587],[41.465147,52.690533],[41.465134,52.690527],[41.464994,52.690468],[41.464978,52.690462],[41.464785,52.690401],[41.464756,52.690394],[41.464603,52.690369],[41.464568,52.690367],[41.464559,52.690297],[41.464558,52.690295],[41.464522,52.690066],[41.464519,52.690055],[41.464467,52.689871],[41.464616,52.689816],[41.466252,52.689296],[41.468126,52.688764],[41.471074,52.687963],[41.471234,52.687943],[41.47139,52.687943],[41.471592,52.687959],[41.473465,52.688238],[41.473526,52.688247],[41.473602,52.688292],[41.473719,52.68838],[41.47374,52.688392],[41.473843,52.688977],[41.473746,52.689398],[41.473599,52.689866],[41.473325,52.690475],[41.473299,52.690474],[41.473012,52.69043],[41.473012,52.69043],[41.472903,52.690534],[41.472848,52.690702],[41.471279,52.690524]]]}},{"type":"Feature","id":"5748","properties":{"id":"5748","city":"tambov","baseScore":57.11489932270234,"baseScoreNoCommerce":53.95142741209917,"baseRank":76,"population":1389.8204735419922,"blocks":{"housing":0.3145631444841008,"infra":0.7331982261208577,"transport":1,"work":0.05,"green":0.59981,"commerce":0.7293225887571817},"indicators":[{"label":"Жильё: плотность","value":182.044},{"label":"Жильё: обеспеченность","value":5.641},{"label":"Жильё: износ","value":35.214},{"label":"Жильё: этажность","value":8.714286},{"label":"Коммерческая инфраструктура: разнообразие","value":0.2638888888888889},{"label":"Коммерческая инфраструктура: полнота корзины","value":100},{"label":"Транспорт: доступность","value":100},{"label":"Крупные работодатели: обеспеченность","value":0.05},{"label":"Крупные работодатели: плотность","value":0.001},{"label":"Зелёные зоны: доступность","value":59.981},{"label":"Экономика: активность ФНС","value":8.311},{"label":"Экономика: ККТ","value":17.882},{"label":"Экономика: медианный чек","value":6.029}]},"geometry":{"type":"Polygon","coordinates":[[[41.430878,52.759227],[41.429053,52.758422],[41.43108,52.756776],[41.433169,52.757665],[41.433177,52.757315],[41.435439,52.758199],[41.43547,52.759256],[41.433132,52.759235],[41.430878,52.759227]]]}},{"type":"Feature","id":"5749","properties":{"id":"5749","city":"tambov","baseScore":29.483269037563993,"baseScoreNoCommerce":33.52456560294365,"baseRank":347,"population":105.98622553383788,"blocks":{"housing":0.997314069620867,"infra":0.1317442105263158,"transport":0,"work":0,"green":0.54717,"commerce":0.09276786210665683},"indicators":[{"label":"Жильё: плотность","value":15.658},{"label":"Жильё: обеспеченность","value":56.676},{"label":"Коммерческая инфраструктура: разнообразие","value":0},{"label":"Зелёные зоны: доступность","value":54.717},{"label":"Экономика: активность ФНС","value":3},{"label":"Экономика: ККТ","value":0.586},{"label":"Экономика: медианный чек","value":0}]},"geometry":{"type":"Polygon","coordinates":[[[41.451678,52.68595],[41.44945,52.686087],[41.447866,52.686169],[41.447688,52.685154],[41.447717,52.684521],[41.447879,52.684106],[41.448443,52.683084],[41.448672,52.682765],[41.448745,52.682834],[41.448808,52.682847],[41.448881,52.682852],[41.44902,52.682852],[41.449148,52.682822],[41.449219,52.682823],[41.449329,52.682872],[41.449551,52.683082],[41.449603,52.683107],[41.449729,52.683134],[41.449847,52.683179],[41.449988,52.683201],[41.450045,52.683221],[41.450079,52.683253],[41.450137,52.683279],[41.450197,52.683291],[41.450273,52.683291],[41.450385,52.683461],[41.450468,52.683529],[41.450713,52.684152],[41.450796,52.684521],[41.450944,52.685132],[41.450973,52.685251],[41.451107,52.685355],[41.451258,52.685433],[41.451496,52.685775],[41.451678,52.68595]]]}},{"type":"Feature","id":"5750","properties":{"id":"5750","city":"tambov","baseScore":36.71084065377015,"baseScoreNoCommerce":42.49535789473685,"baseRank":282,"population":169.97927623256834,"blocks":{"housing":1,"infra":0.12476789473684209,"transport":0,"work":0,"green":1,"commerce":0.07788254448936657},"indicators":[{"label":"Жильё: плотность","value":21.697},{"label":"Жильё: обеспеченность","value":59.181},{"label":"Коммерческая инфраструктура: разнообразие","value":0},{"label":"Зелёные зоны: доступность","value":100},{"label":"Экономика: активность ФНС","value":3},{"label":"Экономика: ККТ","value":0.305},{"label":"Экономика: медианный чек","value":0}]},"geometry":{"type":"Polygon","coordinates":[[[41.447879,52.686222],[41.449445,52.686142],[41.451748,52.686016],[41.452035,52.686326],[41.452244,52.686637],[41.45225,52.686763],[41.452178,52.686991],[41.45229,52.688609],[41.449874,52.688745],[41.448594,52.688801],[41.448141,52.687377],[41.447879,52.686222]]]}},{"type":"Feature","id":"5751","properties":{"id":"5751","city":"tambov","baseScore":27.685513998697616,"baseScoreNoCommerce":27.396835961260514,"baseRank":356,"population":402.93262080859375,"blocks":{"housing":0.36513056999285004,"infra":0.31766122807017544,"transport":0.08437,"work":0.027,"green":0.57568,"commerce":0.29128904185883114},"indicators":[{"label":"Жильё: плотность","value":39.536},{"label":"Жильё: обеспеченность","value":33.38},{"label":"Жильё: износ","value":70.863},{"label":"Жильё: этажность","value":1.272727},{"label":"Коммерческая инфраструктура: разнообразие","value":0},{"label":"Коммерческая инфраструктура: полнота корзины","value":51.861},{"label":"Транспорт: доступность","value":8.437},{"label":"Крупные работодатели: обеспеченность","value":0.027},{"label":"Крупные работодатели: плотность","value":0},{"label":"Зелёные зоны: доступность","value":57.568},{"label":"Экономика: активность ФНС","value":5.485},{"label":"Экономика: ККТ","value":4.034},{"label":"Экономика: медианный чек","value":0}]},"geometry":{"type":"Polygon","coordinates":[[[41.395487,52.726949],[41.39186,52.726684],[41.391939,52.72637],[41.392139,52.726355],[41.393133,52.726385],[41.393147,52.726216],[41.393209,52.72599],[41.393508,52.725975],[41.393586,52.725453],[41.393326,52.7254],[41.393698,52.723874],[41.395575,52.724021],[41.398172,52.724243],[41.398162,52.72429],[41.398037,52.724801],[41.398037,52.724804],[41.397969,52.725224],[41.397948,52.72534],[41.397883,52.725655],[41.397883,52.725657],[41.397787,52.726242],[41.397768,52.726358],[41.397642,52.727112],[41.395487,52.726949]]]}},{"type":"Feature","id":"5752","properties":{"id":"5752","city":"tambov","baseScore":17.606365885219528,"baseScoreNoCommerce":21.127639062263434,"baseRank":381,"population":404.9369776000488,"blocks":{"housing":0.5189275671482596,"infra":0.4609043859649123,"transport":0.06914,"work":0,"green":0.00741,"commerce":0},"indicators":[{"label":"Жильё: плотность","value":31.926},{"label":"Жильё: обеспеченность","value":32.008},{"label":"Коммерческая инфраструктура: разнообразие","value":0},{"label":"Коммерческая инфраструктура: полнота корзины","value":96.296},{"label":"Транспорт: доступность","value":6.914},{"label":"Зелёные зоны: доступность","value":0.741}]},"geometry":{"type":"Polygon","coordinates":[[[41.397619,52.727229],[41.397477,52.727835],[41.397453,52.727951],[41.397347,52.728539],[41.397325,52.728655],[41.397044,52.730031],[41.395911,52.729966],[41.394373,52.729906],[41.393909,52.729872],[41.393908,52.729872],[41.393165,52.72982],[41.393162,52.729818],[41.393137,52.729807],[41.393108,52.729803],[41.391663,52.729703],[41.391617,52.729699],[41.391582,52.729693],[41.391549,52.729682],[41.391521,52.729668],[41.391497,52.72965],[41.391479,52.729631],[41.391468,52.729609],[41.391464,52.729586],[41.391465,52.729551],[41.391465,52.72955],[41.391465,52.72955],[41.391493,52.726781],[41.391788,52.726815],[41.391797,52.726815],[41.392503,52.72687],[41.392504,52.72687],[41.39338,52.726933],[41.393382,52.726933],[41.394977,52.727032],[41.395463,52.727065],[41.397619,52.727229]]]}},{"type":"Feature","id":"5753","properties":{"id":"5753","city":"tambov","baseScore":39.59432734338175,"baseScoreNoCommerce":45.312507167300915,"baseRank":238,"population":114.98536093066407,"blocks":{"housing":0.5508872297100748,"infra":0.30603812865497076,"transport":1,"work":0,"green":0.4087,"commerce":0.11003428223785919},"indicators":[{"label":"Жильё: плотность","value":18.21},{"label":"Жильё: обеспеченность","value":33.656},{"label":"Коммерческая инфраструктура: разнообразие","value":0.08333333333333333},{"label":"Коммерческая инфраструктура: полнота корзины","value":21.739},{"label":"Транспорт: доступность","value":100},{"label":"Зелёные зоны: доступность","value":40.87},{"label":"Экономика: активность ФНС","value":4},{"label":"Экономика: ККТ","value":0.519},{"label":"Экономика: медианный чек","value":0}]},"geometry":{"type":"Polygon","coordinates":[[[41.408347,52.703616],[41.408343,52.703619],[41.408333,52.703626],[41.408277,52.703679],[41.40827,52.703686],[41.408231,52.703736],[41.408226,52.703744],[41.407921,52.704336],[41.40792,52.704337],[41.407685,52.704833],[41.407682,52.704839],[41.407483,52.704797],[41.407476,52.704795],[41.406645,52.704664],[41.406643,52.704664],[41.406643,52.704664],[41.406643,52.704664],[41.406643,52.704664],[41.405471,52.704496],[41.403997,52.704322],[41.403986,52.704321],[41.403812,52.704313],[41.403804,52.704313],[41.403739,52.704314],[41.403637,52.704292],[41.403678,52.704174],[41.403792,52.703942],[41.403853,52.703831],[41.404256,52.70315],[41.404727,52.702434],[41.405265,52.70193],[41.405458,52.70179],[41.405522,52.701755],[41.405549,52.701741],[41.405555,52.701745],[41.405615,52.701781],[41.406598,52.702424],[41.406945,52.702642],[41.407224,52.702822],[41.407251,52.702839],[41.407967,52.703349],[41.407968,52.70335],[41.408347,52.703616]]]}},{"type":"Feature","id":"5754","properties":{"id":"5754","city":"tambov","baseScore":50.86855807527254,"baseScoreNoCommerce":49.542184056108006,"baseRank":119,"population":725.91490789375,"blocks":{"housing":0.3158396121621258,"infra":0.6053295906432749,"transport":0.99311,"work":0.016,"green":0.54683,"commerce":0.5750042817109519},"indicators":[{"label":"Жильё: плотность","value":94.756},{"label":"Жильё: обеспеченность","value":16.091},{"label":"Жильё: износ","value":51.545},{"label":"Жильё: этажность","value":3},{"label":"Коммерческая инфраструктура: разнообразие","value":0.041666666666666664},{"label":"Коммерческая инфраструктура: полнота корзины","value":100},{"label":"Транспорт: доступность","value":99.311},{"label":"Крупные работодатели: обеспеченность","value":0.016},{"label":"Крупные работодатели: плотность","value":0},{"label":"Зелёные зоны: доступность","value":54.683},{"label":"Экономика: активность ФНС","value":7.838},{"label":"Экономика: ККТ","value":3.818},{"label":"Экономика: медианный чек","value":1463.325}]},"geometry":{"type":"Polygon","coordinates":[[[41.464849,52.684341],[41.465899,52.684484],[41.466129,52.684511],[41.468447,52.684882],[41.467875,52.686227],[41.467052,52.68607],[41.466954,52.68631],[41.466753,52.686735],[41.466007,52.68663],[41.465577,52.686541],[41.465445,52.686513],[41.464594,52.686343],[41.463843,52.686221],[41.46398,52.685531],[41.463265,52.685434],[41.463254,52.685434],[41.463096,52.685433],[41.463075,52.685435],[41.462912,52.685463],[41.46291,52.685464],[41.462664,52.68551],[41.462658,52.685498],[41.462527,52.685212],[41.462427,52.684983],[41.462325,52.684669],[41.462288,52.684505],[41.462283,52.684412],[41.462289,52.684329],[41.462308,52.684202],[41.462349,52.684065],[41.462415,52.683929],[41.4625,52.683945],[41.4625,52.683945],[41.463079,52.684046],[41.46308,52.684047],[41.463407,52.6841],[41.464427,52.684273],[41.464428,52.684273],[41.464846,52.68434],[41.464849,52.684341]]]}},{"type":"Feature","id":"5755","properties":{"id":"5755","city":"tambov","baseScore":29.680629914948003,"baseScoreNoCommerce":34.38347448512172,"baseRank":346,"population":375.9598884234375,"blocks":{"housing":0.5884606053477036,"infra":0.13071311890838208,"transport":0,"work":0,"green":1,"commerce":0.06166407064079449},"indicators":[{"label":"Жильё: плотность","value":20.428},{"label":"Жильё: обеспеченность","value":70.081},{"label":"Жильё: износ","value":71.5},{"label":"Жильё: этажность","value":1},{"label":"Коммерческая инфраструктура: разнообразие","value":0.027777777777777776},{"label":"Зелёные зоны: доступность","value":100},{"label":"Экономика: активность ФНС","value":1},{"label":"Экономика: ККТ","value":1},{"label":"Экономика: медианный чек","value":0}]},"geometry":{"type":"Polygon","coordinates":[[[41.457507,52.690396],[41.457543,52.690421],[41.457118,52.690531],[41.456831,52.69062],[41.456578,52.690699],[41.456305,52.690784],[41.456037,52.690867],[41.455767,52.690951],[41.455501,52.691027],[41.455377,52.690894],[41.455093,52.690985],[41.455024,52.690906],[41.454498,52.691055],[41.454679,52.691269],[41.454406,52.691362],[41.454153,52.691448],[41.454018,52.69131],[41.45352,52.691498],[41.45307,52.691661],[41.452497,52.691888],[41.452239,52.691992],[41.45212,52.692046],[41.451927,52.69211],[41.451947,52.692198],[41.451789,52.692217],[41.451796,52.692275],[41.451591,52.692404],[41.451529,52.692493],[41.451289,52.692647],[41.451172,52.69259],[41.450878,52.692687],[41.450567,52.69274],[41.45017,52.692803],[41.450092,52.692586],[41.449707,52.6927],[41.44963,52.692464],[41.449119,52.692534],[41.449042,52.69233],[41.449567,52.692276],[41.449522,52.69216],[41.449418,52.692143],[41.449321,52.69215],[41.449265,52.691891],[41.4493,52.69185],[41.449364,52.691832],[41.44943,52.691807],[41.449414,52.691724],[41.44925,52.691737],[41.449226,52.69176],[41.448936,52.691791],[41.4489,52.691578],[41.448739,52.691175],[41.448721,52.69099],[41.448786,52.690883],[41.448826,52.690863],[41.448884,52.690901],[41.44886,52.690937],[41.448918,52.690987],[41.449056,52.690978],[41.449109,52.690891],[41.44908,52.690733],[41.44903,52.690503],[41.448881,52.690508],[41.448728,52.689465],[41.44829,52.689465],[41.448314,52.688934],[41.448634,52.688927],[41.448605,52.688835],[41.449732,52.688795],[41.45339,52.688624],[41.453715,52.688613],[41.453751,52.688612],[41.453899,52.688608],[41.454408,52.688585],[41.454829,52.688575],[41.455018,52.688591],[41.455249,52.688631],[41.455527,52.688707],[41.455671,52.688748],[41.455747,52.688776],[41.455803,52.688822],[41.456005,52.689029],[41.456485,52.689574],[41.456486,52.689576],[41.456709,52.689805],[41.457146,52.689677],[41.457165,52.68967],[41.457173,52.689663],[41.45719,52.689681],[41.45752,52.690085],[41.457586,52.690165],[41.457527,52.690199],[41.457483,52.690305],[41.457507,52.690396]]]}},{"type":"Feature","id":"5756","properties":{"id":"5756","city":"tambov","baseScore":39.6750217693025,"baseScoreNoCommerce":37.0394194756058,"baseRank":236,"population":120.88878349296874,"blocks":{"housing":0.49439787436508487,"infra":0.28757309941520465,"transport":1,"work":0.07,"green":0,"commerce":0.52853033237786},"indicators":[{"label":"Жильё: плотность","value":15.584},{"label":"Жильё: обеспеченность","value":38.327},{"label":"Жильё: износ","value":57.593},{"label":"Жильё: этажность","value":1.166667},{"label":"Коммерческая инфраструктура: разнообразие","value":0.041666666666666664},{"label":"Транспорт: доступность","value":100},{"label":"Крупные работодатели: обеспеченность","value":0.07},{"label":"Крупные работодатели: плотность","value":0},{"label":"Экономика: активность ФНС","value":9.613},{"label":"Экономика: ККТ","value":5.406},{"label":"Экономика: медианный чек","value":0}]},"geometry":{"type":"Polygon","coordinates":[[[41.441575,52.706886],[41.442412,52.706287],[41.443289,52.70566],[41.443326,52.705635],[41.444102,52.70598],[41.445123,52.706438],[41.445511,52.706618],[41.445335,52.706759],[41.445124,52.706909],[41.445177,52.706936],[41.44529,52.706988],[41.445326,52.707016],[41.445154,52.707166],[41.444473,52.707644],[41.443588,52.708223],[41.444389,52.708567],[41.443794,52.709105],[41.443162,52.708965],[41.442943,52.709138],[41.442503,52.709238],[41.441252,52.708733],[41.441378,52.70859],[41.440993,52.708456],[41.440937,52.708432],[41.440013,52.707967],[41.440362,52.707718],[41.440565,52.707574],[41.441572,52.706887],[41.441575,52.706886]]]}},{"type":"Feature","id":"5757","properties":{"id":"5757","city":"tambov","baseScore":17.829013134567063,"baseScoreNoCommerce":21.394815761480473,"baseRank":380,"population":265.96394012128906,"blocks":{"housing":0.3059681954814313,"infra":0.34648259259259256,"transport":0.41729,"work":0,"green":0,"commerce":0},"indicators":[{"label":"Жильё: плотность","value":21.272},{"label":"Жильё: обеспеченность","value":36.804},{"label":"Жильё: износ","value":100},{"label":"Жильё: этажность","value":1},{"label":"Коммерческая инфраструктура: разнообразие","value":0.027777777777777776},{"label":"Коммерческая инфраструктура: полнота корзины","value":28.947},{"label":"Транспорт: доступность","value":41.729}]},"geometry":{"type":"Polygon","coordinates":[[[41.404348,52.71088],[41.40462,52.710673],[41.404992,52.710447],[41.405606,52.710068],[41.40671,52.708696],[41.406971,52.708354],[41.406971,52.708353],[41.40728,52.707926],[41.407356,52.707818],[41.407561,52.707508],[41.407565,52.707499],[41.407611,52.707378],[41.407614,52.707361],[41.407598,52.707204],[41.407605,52.707203],[41.40764,52.707201],[41.407681,52.707206],[41.40819,52.707342],[41.40819,52.707342],[41.408993,52.707554],[41.408995,52.707555],[41.409116,52.707585],[41.411172,52.708101],[41.409986,52.709725],[41.409,52.710868],[41.408099,52.712045],[41.407455,52.711877],[41.407446,52.711874],[41.406184,52.711592],[41.406178,52.711591],[41.404073,52.711179],[41.404168,52.711059],[41.404348,52.71088]]]}},{"type":"Feature","id":"5758","properties":{"id":"5758","city":"tambov","baseScore":31.15753257237482,"baseScoreNoCommerce":35.89881683550484,"baseRank":339,"population":227.96925550566405,"blocks":{"housing":0.5934936487927859,"infra":0.22337719298245615,"transport":0.97807,"work":0,"green":0,"commerce":0.07451111256724735},"indicators":[{"label":"Жильё: плотность","value":30.488},{"label":"Жильё: обеспеченность","value":35.853},{"label":"Коммерческая инфраструктура: разнообразие","value":0},{"label":"Коммерческая инфраструктура: полнота корзины","value":7.895},{"label":"Транспорт: доступность","value":97.807},{"label":"Экономика: активность ФНС","value":3},{"label":"Экономика: ККТ","value":0.24},{"label":"Экономика: медианный чек","value":0}]},"geometry":{"type":"Polygon","coordinates":[[[41.407573,52.707087],[41.407568,52.707088],[41.407549,52.707037],[41.407547,52.706987],[41.40761,52.706887],[41.40809,52.706184],[41.408498,52.70564],[41.408868,52.705093],[41.408921,52.705015],[41.409023,52.704882],[41.40911,52.704792],[41.409279,52.704685],[41.409594,52.704503],[41.409641,52.704478],[41.410539,52.705083],[41.410904,52.705334],[41.411036,52.705423],[41.411037,52.705424],[41.411307,52.705609],[41.411308,52.705609],[41.411965,52.706049],[41.411968,52.706051],[41.412605,52.706525],[41.411803,52.707487],[41.411338,52.708037],[41.40919,52.707477],[41.408987,52.707426],[41.408359,52.707259],[41.408182,52.707212],[41.40775,52.707097],[41.407731,52.707093],[41.407666,52.707085],[41.407636,52.707084],[41.407573,52.707087]]]}},{"type":"Feature","id":"5759","properties":{"id":"5759","city":"tambov","baseScore":32.924468087459026,"baseScoreNoCommerce":39.50936170495083,"baseRank":316,"population":384.93987888308106,"blocks":{"housing":0.5950838747212257,"infra":0.5234442105263158,"transport":0.84675,"work":0.005,"green":0.00519,"commerce":0},"indicators":[{"label":"Жильё: плотность","value":34.963},{"label":"Жильё: обеспеченность","value":35.935},{"label":"Коммерческая инфраструктура: разнообразие","value":0},{"label":"Коммерческая инфраструктура: полнота корзины","value":73.766},{"label":"Транспорт: доступность","value":84.675},{"label":"Крупные работодатели: обеспеченность","value":0.005},{"label":"Крупные работодатели: плотность","value":0},{"label":"Зелёные зоны: доступность","value":0.519}]},"geometry":{"type":"Polygon","coordinates":[[[41.414064,52.71334],[41.414057,52.713349],[41.413945,52.713512],[41.413729,52.713463],[41.41322,52.713335],[41.412301,52.713097],[41.408992,52.712277],[41.40827,52.712095],[41.408563,52.711656],[41.408795,52.711372],[41.409258,52.710847],[41.410083,52.709839],[41.410099,52.70982],[41.413397,52.710845],[41.413496,52.710875],[41.413716,52.710942],[41.413717,52.710942],[41.41397,52.711018],[41.414558,52.711193],[41.414734,52.711245],[41.415614,52.711524],[41.415006,52.712202],[41.415003,52.712205],[41.414806,52.712435],[41.414508,52.712783],[41.414505,52.712788],[41.414279,52.713073],[41.414064,52.71334]]]}},{"type":"Feature","id":"5760","properties":{"id":"5760","city":"tambov","baseScore":33.77506562819163,"baseScoreNoCommerce":36.63762800485165,"baseRank":308,"population":470.9372811530762,"blocks":{"housing":0.5737515756811792,"infra":0.2581298245614035,"transport":1,"work":0,"green":0,"commerce":0.19462253744891542},"indicators":[{"label":"Жильё: плотность","value":32.705},{"label":"Жильё: обеспеченность","value":34.835},{"label":"Коммерческая инфраструктура: разнообразие","value":0},{"label":"Коммерческая инфраструктура: полнота корзины","value":8.068},{"label":"Транспорт: доступность","value":100},{"label":"Экономика: активность ФНС","value":6.532},{"label":"Экономика: ККТ","value":1.266},{"label":"Экономика: медианный чек","value":0}]},"geometry":{"type":"Polygon","coordinates":[[[41.41577,52.711356],[41.415708,52.711422],[41.414821,52.711141],[41.414819,52.711141],[41.414643,52.711088],[41.414055,52.710913],[41.413802,52.710838],[41.413583,52.71077],[41.413484,52.71074],[41.412895,52.710559],[41.412723,52.710506],[41.410185,52.709715],[41.410216,52.709678],[41.410216,52.709678],[41.410216,52.709678],[41.410485,52.709353],[41.410517,52.709315],[41.410549,52.709277],[41.410549,52.709277],[41.410549,52.709276],[41.410697,52.709098],[41.410697,52.709098],[41.410697,52.709098],[41.410793,52.708981],[41.410879,52.708876],[41.411446,52.708169],[41.411532,52.708065],[41.412,52.707513],[41.412778,52.706581],[41.412788,52.70657],[41.41298,52.706688],[41.413287,52.706878],[41.413293,52.706881],[41.41516,52.707906],[41.415163,52.707907],[41.416178,52.708439],[41.416184,52.708442],[41.417083,52.708867],[41.417092,52.708871],[41.417263,52.70894],[41.418115,52.709284],[41.418074,52.709312],[41.417826,52.709477],[41.417714,52.709552],[41.417713,52.709553],[41.417347,52.709802],[41.417339,52.709807],[41.417164,52.709938],[41.417151,52.709948],[41.417017,52.710068],[41.417011,52.710073],[41.416805,52.710276],[41.416803,52.710279],[41.416595,52.710492],[41.416594,52.710493],[41.415993,52.711122],[41.415771,52.711355],[41.41577,52.711356]]]}},{"type":"Feature","id":"5761","properties":{"id":"5761","city":"tambov","baseScore":34.25069771186234,"baseScoreNoCommerce":36.19872566940037,"baseRank":300,"population":759.8950334208008,"blocks":{"housing":0.36412452908405346,"infra":0.2312317543859649,"transport":1,"work":0.208,"green":0.00658,"commerce":0.24510557924172227},"indicators":[{"label":"Жильё: плотность","value":45.142},{"label":"Жильё: обеспеченность","value":21.36},{"label":"Жильё: износ","value":52.003},{"label":"Жильё: этажность","value":4.75},{"label":"Коммерческая инфраструктура: разнообразие","value":0},{"label":"Коммерческая инфраструктура: полнота корзины","value":4.868},{"label":"Транспорт: доступность","value":100},{"label":"Крупные работодатели: обеспеченность","value":0.208},{"label":"Крупные работодатели: плотность","value":0.001},{"label":"Зелёные зоны: доступность","value":0.658},{"label":"Экономика: активность ФНС","value":4.963},{"label":"Экономика: ККТ","value":5.505},{"label":"Экономика: медианный чек","value":0}]},"geometry":{"type":"Polygon","coordinates":[[[41.42407,52.714068],[41.423602,52.713985],[41.422175,52.713713],[41.42072,52.713448],[41.419776,52.713227],[41.419734,52.713132],[41.419887,52.712839],[41.42001,52.712579],[41.420372,52.711878],[41.420428,52.711766],[41.420426,52.711766],[41.42093,52.710774],[41.421093,52.710455],[41.422059,52.710645],[41.421917,52.710986],[41.422075,52.711029],[41.421618,52.711661],[41.422092,52.711815],[41.422093,52.711812],[41.422956,52.711693],[41.424903,52.711072],[41.426471,52.710572],[41.427665,52.710802],[41.427878,52.710461],[41.42804,52.710526],[41.42804,52.710528],[41.428145,52.710718],[41.42815,52.710725],[41.428396,52.711024],[41.428308,52.711195],[41.428304,52.711215],[41.428312,52.711354],[41.428249,52.711461],[41.428036,52.711822],[41.428034,52.711826],[41.427849,52.712225],[41.428139,52.712409],[41.427672,52.713256],[41.427333,52.713359],[41.426713,52.71448],[41.426669,52.714572],[41.426587,52.71456],[41.426388,52.714525],[41.426066,52.714461],[41.42407,52.714068]]]}},{"type":"Feature","id":"5762","properties":{"id":"5762","city":"tambov","baseScore":35.04585300294285,"baseScoreNoCommerce":37.48744730871103,"baseRank":295,"population":317.95185499938964,"blocks":{"housing":0.6189760496460779,"infra":0.24169631578947368,"transport":0.9717,"work":0.042,"green":0,"commerce":0.2283788147410195},"indicators":[{"label":"Жильё: плотность","value":31.225},{"label":"Жильё: обеспеченность","value":37.167},{"label":"Коммерческая инфраструктура: разнообразие","value":0},{"label":"Коммерческая инфраструктура: полнота корзины","value":25.786},{"label":"Транспорт: доступность","value":97.17},{"label":"Крупные работодатели: обеспеченность","value":0.042},{"label":"Крупные работодатели: плотность","value":0},{"label":"Экономика: активность ФНС","value":9},{"label":"Экономика: ККТ","value":0.718},{"label":"Экономика: медианный чек","value":0}]},"geometry":{"type":"Polygon","coordinates":[[[41.401379,52.699085],[41.40079,52.698733],[41.400784,52.69873],[41.400491,52.698583],[41.400631,52.698546],[41.400775,52.698511],[41.400909,52.698494],[41.401486,52.69851],[41.401525,52.698506],[41.401588,52.698491],[41.401605,52.698486],[41.401804,52.698498],[41.402328,52.698555],[41.402324,52.698567],[41.402584,52.698589],[41.402585,52.698584],[41.402853,52.698607],[41.403124,52.698637],[41.403384,52.698661],[41.403996,52.698691],[41.404157,52.698706],[41.404164,52.69873],[41.404995,52.698789],[41.405507,52.698803],[41.40598,52.698849],[41.406815,52.698943],[41.406819,52.69893],[41.407111,52.698961],[41.407333,52.698978],[41.407596,52.699003],[41.407857,52.699022],[41.408108,52.699031],[41.408242,52.69904],[41.408443,52.69907],[41.409166,52.69913],[41.409201,52.699126],[41.409428,52.699143],[41.409493,52.699152],[41.409504,52.699151],[41.409538,52.699431],[41.409413,52.69962],[41.407773,52.70051],[41.407777,52.700512],[41.406404,52.701271],[41.405777,52.70161],[41.405764,52.701617],[41.405763,52.701617],[41.405763,52.701617],[41.405659,52.701555],[41.40316,52.700071],[41.401379,52.699085]]]}},{"type":"Feature","id":"5763","properties":{"id":"5763","city":"tambov","baseScore":36.12848280785424,"baseScoreNoCommerce":41.47424116997623,"baseRank":287,"population":224.9664211230713,"blocks":{"housing":0.6986618830602154,"infra":0.3750501754385964,"transport":1,"work":0,"green":0,"commerce":0.09399690997244285},"indicators":[{"label":"Жильё: плотность","value":28.109},{"label":"Жильё: обеспеченность","value":41.276},{"label":"Коммерческая инфраструктура: разнообразие","value":0},{"label":"Коммерческая инфраструктура: полнота корзины","value":55.556},{"label":"Транспорт: доступность","value":100},{"label":"Экономика: активность ФНС","value":4},{"label":"Экономика: ККТ","value":0.235},{"label":"Экономика: медианный чек","value":0}]},"geometry":{"type":"Polygon","coordinates":[[[41.406754,52.702263],[41.405898,52.701702],[41.405905,52.701698],[41.406536,52.701357],[41.407222,52.700981],[41.407909,52.700596],[41.408607,52.700213],[41.409405,52.699756],[41.409674,52.699515],[41.410117,52.699558],[41.410751,52.700137],[41.410789,52.700573],[41.41077,52.700608],[41.410767,52.700753],[41.410692,52.70106],[41.410477,52.701432],[41.41044,52.701593],[41.410174,52.702091],[41.410174,52.702128],[41.410161,52.702161],[41.409968,52.702544],[41.409633,52.703055],[41.408818,52.703669],[41.408622,52.703535],[41.408192,52.703233],[41.407633,52.702831],[41.40716,52.702518],[41.407159,52.702517],[41.406754,52.702263]]]}},{"type":"Feature","id":"5764","properties":{"id":"5764","city":"tambov","baseScore":37.05433216720168,"baseScoreNoCommerce":44.46519860064201,"baseRank":278,"population":122.9866298206787,"blocks":{"housing":0.6267720352952585,"infra":0.25502789473684206,"transport":1,"work":0,"green":0.34146,"commerce":0},"indicators":[{"label":"Жильё: плотность","value":24.237},{"label":"Жильё: обеспеченность","value":37.569},{"label":"Коммерческая инфраструктура: разнообразие","value":0},{"label":"Транспорт: доступность","value":100},{"label":"Зелёные зоны: доступность","value":34.146}]},"geometry":{"type":"Polygon","coordinates":[[[41.455491,52.701541],[41.454548,52.702081],[41.453622,52.702745],[41.453422,52.702639],[41.453421,52.702639],[41.451838,52.701817],[41.451837,52.701816],[41.451794,52.701795],[41.45182,52.701775],[41.4519,52.701718],[41.451998,52.701651],[41.451998,52.701651],[41.452864,52.701058],[41.452865,52.701057],[41.453784,52.700397],[41.453998,52.700258],[41.454403,52.699984],[41.454649,52.699818],[41.454654,52.699814],[41.45479,52.699703],[41.454835,52.699671],[41.454842,52.699674],[41.456274,52.700623],[41.456614,52.700889],[41.455491,52.701541]]]}},{"type":"Feature","id":"5765","properties":{"id":"5765","city":"tambov","baseScore":32.04115801721894,"baseScoreNoCommerce":38.44938962066273,"baseRank":323,"population":150.9817486376465,"blocks":{"housing":0.6840589547173471,"infra":0.21192052631578948,"transport":1,"work":0,"green":0.02649,"commerce":0},"indicators":[{"label":"Жильё: плотность","value":30.358},{"label":"Жильё: обеспеченность","value":40.523},{"label":"Коммерческая инфраструктура: разнообразие","value":0},{"label":"Транспорт: доступность","value":100},{"label":"Зелёные зоны: доступность","value":2.649}]},"geometry":{"type":"Polygon","coordinates":[[[41.454621,52.699555],[41.454626,52.699558],[41.45469,52.699594],[41.454642,52.699629],[41.454638,52.699632],[41.454502,52.699742],[41.45426,52.699906],[41.453654,52.70031],[41.453511,52.700408],[41.453404,52.700478],[41.4534,52.70048],[41.453211,52.700617],[41.452925,52.700822],[41.452922,52.700825],[41.452852,52.70088],[41.452851,52.700881],[41.452792,52.700929],[41.45272,52.70098],[41.451854,52.701573],[41.451755,52.701641],[41.451754,52.701642],[41.451672,52.7017],[41.45167,52.701702],[41.451648,52.701719],[41.451621,52.701704],[41.451621,52.701704],[41.450917,52.701331],[41.45077,52.701255],[41.450432,52.701082],[41.45019,52.700951],[41.450185,52.700948],[41.449975,52.700848],[41.449943,52.700832],[41.449972,52.700812],[41.449975,52.700809],[41.450036,52.700763],[41.450355,52.700544],[41.450358,52.700542],[41.450725,52.700274],[41.450818,52.70021],[41.450821,52.700208],[41.45086,52.700181],[41.451044,52.700056],[41.451049,52.700053],[41.451246,52.699908],[41.451696,52.699579],[41.451939,52.699408],[41.451939,52.699408],[41.452626,52.69887],[41.45308,52.698574],[41.453136,52.698538],[41.453195,52.698567],[41.453218,52.698576],[41.45327,52.698589],[41.453274,52.698604],[41.453284,52.698621],[41.453304,52.698644],[41.453305,52.698646],[41.453332,52.698675],[41.453343,52.698684],[41.453846,52.699038],[41.453847,52.699039],[41.454621,52.699555]]]}},{"type":"Feature","id":"5766","properties":{"id":"5766","city":"tambov","baseScore":37.55611404929154,"baseScoreNoCommerce":45.06733685914984,"baseRank":270,"population":158.98070915405273,"blocks":{"housing":0.40706245699257965,"infra":0.1544743859649123,"transport":0.93082,"work":0,"green":0.76101,"commerce":0},"indicators":[{"label":"Жильё: плотность","value":23.982},{"label":"Жильё: обеспеченность","value":45.057},{"label":"Жильё: износ","value":82.5},{"label":"Жильё: этажность","value":2},{"label":"Коммерческая инфраструктура: разнообразие","value":0},{"label":"Транспорт: доступность","value":93.082},{"label":"Зелёные зоны: доступность","value":76.101}]},"geometry":{"type":"Polygon","coordinates":[[[41.4527,52.698202],[41.452976,52.698431],[41.453004,52.698454],[41.45294,52.698494],[41.452939,52.698495],[41.452484,52.698791],[41.452482,52.698793],[41.452082,52.699078],[41.452077,52.699081],[41.451788,52.698873],[41.451267,52.698483],[41.451264,52.698481],[41.451141,52.698394],[41.450436,52.697856],[41.450415,52.69784],[41.449771,52.697336],[41.449769,52.697335],[41.449368,52.69703],[41.449299,52.696953],[41.449165,52.696794],[41.449165,52.696793],[41.44881,52.69638],[41.448616,52.696073],[41.448563,52.695984],[41.448951,52.695899],[41.448955,52.695898],[41.449148,52.695851],[41.449165,52.695846],[41.449352,52.695771],[41.449742,52.695758],[41.449744,52.695758],[41.450015,52.695746],[41.450029,52.695745],[41.4506,52.695666],[41.450602,52.695666],[41.452788,52.695308],[41.454204,52.695095],[41.454283,52.695388],[41.454224,52.695424],[41.453698,52.695409],[41.453546,52.696408],[41.453383,52.6964],[41.452897,52.696374],[41.452894,52.696374],[41.452191,52.696346],[41.451971,52.696334],[41.451934,52.696336],[41.451624,52.696395],[41.451621,52.696396],[41.451207,52.696484],[41.451197,52.696487],[41.451087,52.696519],[41.451086,52.696519],[41.451022,52.696668],[41.451115,52.696799],[41.451939,52.697539],[41.452057,52.69763],[41.452058,52.697631],[41.452177,52.697719],[41.452322,52.697842],[41.452445,52.697959],[41.452696,52.698199],[41.4527,52.698202]]]}},{"type":"Feature","id":"5767","properties":{"id":"5767","city":"tambov","baseScore":31.816834082798124,"baseScoreNoCommerce":36.61315626572491,"baseRank":330,"population":192.977947865625,"blocks":{"housing":0.5766799185494037,"infra":0.2439778947368421,"transport":1,"work":0.01,"green":0,"commerce":0.0783522316816417},"indicators":[{"label":"Жильё: плотность","value":29.328},{"label":"Жильё: обеспеченность","value":34.986},{"label":"Коммерческая инфраструктура: разнообразие","value":0},{"label":"Транспорт: доступность","value":100},{"label":"Крупные работодатели: обеспеченность","value":0.01},{"label":"Крупные работодатели: плотность","value":0},{"label":"Экономика: активность ФНС","value":2},{"label":"Экономика: ККТ","value":0.702},{"label":"Экономика: медианный чек","value":0}]},"geometry":{"type":"Polygon","coordinates":[[[41.462782,52.696736],[41.462773,52.696735],[41.4624,52.696699],[41.461892,52.696643],[41.460434,52.69654],[41.459491,52.696522],[41.459511,52.696407],[41.459512,52.696402],[41.459521,52.696009],[41.459613,52.695879],[41.459621,52.695861],[41.459665,52.695509],[41.459666,52.695506],[41.459682,52.695048],[41.459696,52.694978],[41.459696,52.694977],[41.459758,52.69459],[41.459759,52.694584],[41.45976,52.694294],[41.45976,52.694293],[41.459759,52.694155],[41.459761,52.694098],[41.459846,52.69405],[41.459996,52.694041],[41.459997,52.694041],[41.460178,52.69403],[41.460492,52.694015],[41.460497,52.694015],[41.460723,52.693999],[41.460828,52.693992],[41.460829,52.693992],[41.461144,52.693972],[41.461305,52.693967],[41.46207,52.694012],[41.46207,52.694012],[41.462511,52.694033],[41.463022,52.694067],[41.463027,52.694067],[41.463147,52.694071],[41.463207,52.694074],[41.463212,52.694074],[41.46324,52.694074],[41.463237,52.694079],[41.463168,52.694566],[41.463007,52.695546],[41.462893,52.696129],[41.462782,52.696736]]]}},{"type":"Feature","id":"5768","properties":{"id":"5768","city":"tambov","baseScore":59.43606051363409,"baseScoreNoCommerce":59.073464517012006,"baseRank":59,"population":2036.544613190332,"blocks":{"housing":0.32979644222486987,"infra":0.672876783625731,"transport":1,"work":0.001,"green":0.95,"commerce":0.6124904049674448},"indicators":[{"label":"Жильё: плотность","value":113.886},{"label":"Жильё: обеспеченность","value":12.695},{"label":"Жильё: износ","value":43.892},{"label":"Жильё: этажность","value":2.777778},{"label":"Коммерческая инфраструктура: разнообразие","value":0.2916666666666667},{"label":"Коммерческая инфраструктура: полнота корзины","value":100},{"label":"Транспорт: доступность","value":100},{"label":"Крупные работодатели: обеспеченность","value":0.001},{"label":"Крупные работодатели: плотность","value":0},{"label":"Зелёные зоны: доступность","value":95},{"label":"Экономика: активность ФНС","value":8.132},{"label":"Экономика: ККТ","value":16.034},{"label":"Экономика: медианный чек","value":72.323}]},"geometry":{"type":"Polygon","coordinates":[[[41.465098,52.677079],[41.465033,52.677216],[41.464906,52.677483],[41.464786,52.677733],[41.464502,52.678328],[41.464502,52.678329],[41.464368,52.678615],[41.464362,52.678627],[41.463514,52.678488],[41.462938,52.678507],[41.462226,52.678404],[41.462176,52.678512],[41.462129,52.678625],[41.462096,52.678684],[41.460944,52.678462],[41.460962,52.678427],[41.460973,52.678402],[41.461252,52.677884],[41.461169,52.677862],[41.461054,52.677834],[41.460986,52.67772],[41.461261,52.676904],[41.46039,52.676753],[41.460844,52.675582],[41.461635,52.675245],[41.461279,52.67494],[41.46155,52.674304],[41.461246,52.674256],[41.461038,52.6742],[41.461064,52.674166],[41.46094,52.674129],[41.460913,52.674163],[41.460388,52.674079],[41.46,52.673944],[41.46004,52.673905],[41.459982,52.673887],[41.460085,52.673777],[41.460149,52.673683],[41.460272,52.673543],[41.460412,52.673395],[41.460915,52.673564],[41.46178,52.672637],[41.461786,52.67264],[41.461786,52.67264],[41.462239,52.672815],[41.462716,52.673003],[41.462725,52.673006],[41.463226,52.67318],[41.463643,52.673326],[41.463652,52.673329],[41.463836,52.673385],[41.463871,52.673396],[41.463873,52.673397],[41.464261,52.673511],[41.464321,52.673523],[41.464383,52.673522],[41.464398,52.673519],[41.464661,52.6736],[41.464973,52.673711],[41.46593,52.674122],[41.465948,52.674143],[41.465958,52.674154],[41.465984,52.674176],[41.465993,52.674183],[41.466019,52.674201],[41.466034,52.67421],[41.466063,52.674226],[41.466125,52.674367],[41.466148,52.674433],[41.46617,52.674509],[41.466176,52.674606],[41.466174,52.674717],[41.466129,52.675033],[41.466088,52.675049],[41.466039,52.675087],[41.466012,52.675132],[41.465998,52.675173],[41.465995,52.675181],[41.465995,52.675181],[41.465976,52.675223],[41.465972,52.675232],[41.465563,52.676058],[41.465558,52.676067],[41.465542,52.676101],[41.46554,52.676103],[41.46548,52.676233],[41.465479,52.676235],[41.465322,52.676583],[41.465098,52.677079]]]}},{"type":"Feature","id":"5769","properties":{"id":"5769","city":"tambov","baseScore":52.50304424467559,"baseScoreNoCommerce":48.389722687560386,"baseRank":111,"population":610.9325051853515,"blocks":{"housing":0.4816125476333802,"infra":0.4269835867446394,"transport":1,"work":0.105,"green":0.40589,"commerce":0.7306965203025158},"indicators":[{"label":"Жильё: плотность","value":60.488},{"label":"Жильё: обеспеченность","value":12.081},{"label":"Жильё: износ","value":18.14},{"label":"Жильё: этажность","value":4.5},{"label":"Коммерческая инфраструктура: разнообразие","value":0.4444444444444444},{"label":"Транспорт: доступность","value":100},{"label":"Крупные работодатели: обеспеченность","value":0.105},{"label":"Крупные работодатели: плотность","value":0.001},{"label":"Зелёные зоны: доступность","value":40.589},{"label":"Экономика: активность ФНС","value":7.963},{"label":"Экономика: ККТ","value":13.612},{"label":"Экономика: медианный чек","value":446.959}]},"geometry":{"type":"Polygon","coordinates":[[[41.469341,52.731412],[41.469605,52.731662],[41.469606,52.731663],[41.470629,52.731975],[41.471708,52.732108],[41.472596,52.732168],[41.473047,52.732306],[41.473374,52.732533],[41.473604,52.732814],[41.473599,52.732971],[41.473905,52.733077],[41.474453,52.733187],[41.475398,52.733219],[41.47598,52.733155],[41.476399,52.733241],[41.476566,52.73342],[41.47679,52.733597],[41.477133,52.733859],[41.477417,52.733944],[41.477545,52.733941],[41.47799,52.73407],[41.477788,52.734422],[41.477785,52.734429],[41.477634,52.734918],[41.477633,52.734923],[41.477623,52.735015],[41.476158,52.734644],[41.475323,52.734422],[41.475322,52.734422],[41.475132,52.734372],[41.474404,52.734183],[41.473918,52.734029],[41.473631,52.733931],[41.473602,52.733897],[41.473558,52.73387],[41.473502,52.733853],[41.47344,52.733848],[41.473399,52.733852],[41.47321,52.733788],[41.472822,52.733649],[41.472743,52.733621],[41.471565,52.733152],[41.471561,52.733151],[41.470609,52.7328],[41.470607,52.7328],[41.470479,52.732754],[41.469803,52.732505],[41.468869,52.732152],[41.468773,52.732116],[41.46877,52.732115],[41.467393,52.731617],[41.467388,52.731615],[41.466058,52.73118],[41.465493,52.73096],[41.466015,52.730177],[41.467242,52.730416],[41.46809,52.730628],[41.46834,52.730734],[41.468323,52.730786],[41.468438,52.730836],[41.468586,52.730867],[41.468687,52.730842],[41.468969,52.730904],[41.469341,52.731412]]]}},{"type":"Feature","id":"5770","properties":{"id":"5770","city":"tambov","baseScore":85.82977149137488,"baseScoreNoCommerce":83.33352134078439,"baseRank":3,"population":134.9825783152588,"blocks":{"housing":0.5670730845830785,"infra":0.7736029824561403,"transport":1,"work":0.826,"green":1,"commerce":0.9831102224432737},"indicators":[{"label":"Жильё: плотность","value":42.147},{"label":"Жильё: обеспеченность","value":31.326},{"label":"Жильё: износ","value":34.65},{"label":"Жильё: этажность","value":5},{"label":"Коммерческая инфраструктура: разнообразие","value":0.375},{"label":"Коммерческая инфраструктура: полнота корзины","value":100},{"label":"Транспорт: доступность","value":100},{"label":"Крупные работодатели: обеспеченность","value":0.826},{"label":"Крупные работодатели: плотность","value":0.02},{"label":"Зелёные зоны: доступность","value":100},{"label":"Экономика: активность ФНС","value":9.961},{"label":"Экономика: ККТ","value":112.334},{"label":"Экономика: медианный чек","value":305.905}]},"geometry":{"type":"Polygon","coordinates":[[[41.45109,52.723131],[41.450995,52.72359],[41.450953,52.723797],[41.450901,52.724045],[41.450845,52.724308],[41.45004,52.724232],[41.449337,52.724154],[41.449333,52.724154],[41.449205,52.724142],[41.447214,52.723934],[41.447324,52.72356],[41.447331,52.723535],[41.447377,52.723378],[41.447436,52.723176],[41.447513,52.722916],[41.447547,52.722798],[41.45109,52.723131]]]}},{"type":"Feature","id":"5771","properties":{"id":"5771","city":"tambov","baseScore":35.28963440170614,"baseScoreNoCommerce":42.347561282047366,"baseRank":293,"population":164.97483650234375,"blocks":{"housing":0.9215068360321925,"infra":0.16087122807017543,"transport":1,"work":0.035,"green":0,"commerce":0},"indicators":[{"label":"Жильё: плотность","value":23.482},{"label":"Жильё: обеспеченность","value":52.767},{"label":"Коммерческая инфраструктура: разнообразие","value":0},{"label":"Коммерческая инфраструктура: полнота корзины","value":12.121},{"label":"Транспорт: доступность","value":100},{"label":"Крупные работодатели: обеспеченность","value":0.035},{"label":"Крупные работодатели: плотность","value":0}]},"geometry":{"type":"Polygon","coordinates":[[[41.397454,52.700513],[41.396617,52.70037],[41.396686,52.700079],[41.39646,52.699912],[41.396408,52.699739],[41.395988,52.699551],[41.396231,52.699201],[41.396602,52.699269],[41.396744,52.699209],[41.396974,52.698937],[41.397074,52.698814],[41.396898,52.698767],[41.3957,52.698151],[41.396971,52.697145],[41.396972,52.697146],[41.397148,52.697225],[41.397481,52.697432],[41.397494,52.69744],[41.398155,52.697763],[41.398564,52.697965],[41.39902,52.698203],[41.399133,52.698261],[41.39946,52.69843],[41.39949,52.698442],[41.399668,52.698496],[41.399676,52.698498],[41.399891,52.698554],[41.400074,52.69862],[41.399996,52.698675],[41.399992,52.698678],[41.399731,52.69889],[41.399726,52.698895],[41.399469,52.699148],[41.399466,52.699152],[41.399336,52.699304],[41.398818,52.699913],[41.398558,52.700215],[41.398527,52.700254],[41.398451,52.700363],[41.398091,52.700931],[41.397886,52.701252],[41.397885,52.701253],[41.397506,52.701909],[41.397425,52.702048],[41.397425,52.702049],[41.397397,52.702098],[41.397393,52.702108],[41.397376,52.702169],[41.397255,52.702348],[41.39664,52.702206],[41.397454,52.700513]]]}},{"type":"Feature","id":"5772","properties":{"id":"5772","city":"tambov","baseScore":34.055348897349226,"baseScoreNoCommerce":40.86641867681907,"baseRank":306,"population":263.9625071981689,"blocks":{"housing":0.6271211092795502,"infra":0.41619982456140353,"transport":1,"work":0,"green":0,"commerce":0},"indicators":[{"label":"Жильё: плотность","value":30.279},{"label":"Жильё: обеспеченность","value":37.587},{"label":"Коммерческая инфраструктура: разнообразие","value":0},{"label":"Коммерческая инфраструктура: полнота корзины","value":67.045},{"label":"Транспорт: доступность","value":100}]},"geometry":{"type":"Polygon","coordinates":[[[41.402014,52.700831],[41.4017,52.701168],[41.401041,52.701713],[41.401038,52.701716],[41.40076,52.702019],[41.40076,52.702019],[41.40076,52.702019],[41.40074,52.702041],[41.400482,52.702323],[41.400481,52.702323],[41.400481,52.702323],[41.399815,52.70305],[41.399168,52.702822],[41.399021,52.702781],[41.398633,52.702649],[41.398212,52.702514],[41.398151,52.702492],[41.398007,52.702437],[41.397952,52.702406],[41.397896,52.702363],[41.397881,52.702354],[41.397737,52.702283],[41.397727,52.702278],[41.397652,52.702251],[41.397578,52.702223],[41.397569,52.702179],[41.397581,52.702132],[41.397607,52.702087],[41.397688,52.701947],[41.398066,52.701293],[41.39827,52.700973],[41.398669,52.700346],[41.398732,52.700265],[41.398887,52.700065],[41.39959,52.6993],[41.400268,52.698704],[41.401415,52.699326],[41.402892,52.700165],[41.402771,52.70025],[41.402375,52.700529],[41.40237,52.700533],[41.402014,52.700831]]]}},{"type":"Feature","id":"5773","properties":{"id":"5773","city":"tambov","baseScore":38.969876545168454,"baseScoreNoCommerce":44.35166301284315,"baseRank":247,"population":421.93752282429205,"blocks":{"housing":0.517829115554438,"infra":0.5172940350877193,"transport":1,"work":0,"green":0.18246,"commerce":0.12060944206794999},"indicators":[{"label":"Жильё: плотность","value":50.597},{"label":"Жильё: обеспеченность","value":37.947},{"label":"Жильё: износ","value":53.167},{"label":"Жильё: этажность","value":1},{"label":"Коммерческая инфраструктура: разнообразие","value":0},{"label":"Коммерческая инфраструктура: полнота корзины","value":92.18},{"label":"Транспорт: доступность","value":100},{"label":"Зелёные зоны: доступность","value":18.246},{"label":"Экономика: активность ФНС","value":6},{"label":"Экономика: ККТ","value":0.005},{"label":"Экономика: медианный чек","value":0}]},"geometry":{"type":"Polygon","coordinates":[[[41.403358,52.704241],[41.3999,52.703244],[41.3999,52.703244],[41.399942,52.703151],[41.40065,52.70238],[41.400908,52.702098],[41.400908,52.702098],[41.400928,52.702076],[41.401204,52.701775],[41.402137,52.700927],[41.40217,52.7009],[41.40217,52.7009],[41.40217,52.7009],[41.402523,52.700603],[41.402916,52.700327],[41.403033,52.700245],[41.40357,52.700548],[41.405338,52.701614],[41.405327,52.70162],[41.405327,52.70162],[41.405254,52.701659],[41.405238,52.701669],[41.405032,52.701819],[41.405021,52.701828],[41.404519,52.702299],[41.40398,52.703084],[41.403978,52.703087],[41.403541,52.703827],[41.403538,52.703832],[41.403358,52.704241]]]}},{"type":"Feature","id":"5774","properties":{"id":"5774","city":"tambov","baseScore":49.49001658993497,"baseScoreNoCommerce":47.08873615158713,"baseRank":133,"population":1139.8343113885498,"blocks":{"housing":0.3080509401329627,"infra":0.6156458674463937,"transport":0.39474,"work":0.036,"green":1,"commerce":0.6149641878167419},"indicators":[{"label":"Жильё: плотность","value":109.531},{"label":"Жильё: обеспеченность","value":13.228},{"label":"Жильё: износ","value":48.285},{"label":"Жильё: этажность","value":3.333333},{"label":"Коммерческая инфраструктура: разнообразие","value":0.19444444444444442},{"label":"Коммерческая инфраструктура: полнота корзины","value":100},{"label":"Транспорт: доступность","value":39.474},{"label":"Крупные работодатели: обеспеченность","value":0.036},{"label":"Крупные работодатели: плотность","value":0},{"label":"Зелёные зоны: доступность","value":100},{"label":"Экономика: активность ФНС","value":9.095},{"label":"Экономика: ККТ","value":10.102},{"label":"Экономика: медианный чек","value":295.903}]},"geometry":{"type":"Polygon","coordinates":[[[41.415577,52.701805],[41.416687,52.701067],[41.418107,52.701678],[41.419079,52.702045],[41.419897,52.701538],[41.41985,52.701279],[41.420528,52.700663],[41.42072,52.70064],[41.421273,52.700869],[41.421702,52.701082],[41.423041,52.701304],[41.423064,52.701315],[41.423268,52.701394],[41.423298,52.701403],[41.423397,52.701456],[41.422693,52.702067],[41.421846,52.702659],[41.421832,52.702674],[41.421826,52.702692],[41.421828,52.702709],[41.42184,52.702726],[41.421859,52.702739],[41.42182,52.702782],[41.421472,52.703005],[41.421415,52.702972],[41.421225,52.703094],[41.420878,52.702895],[41.420706,52.703004],[41.420753,52.703031],[41.420184,52.703475],[41.420126,52.703439],[41.419929,52.703317],[41.419224,52.703893],[41.419197,52.70388],[41.41889,52.704096],[41.41858,52.704245],[41.418059,52.703933],[41.417345,52.703501],[41.417344,52.703501],[41.416664,52.703094],[41.415727,52.702533],[41.416001,52.702329],[41.415488,52.702007],[41.415577,52.701805]]]}},{"type":"Feature","id":"5775","properties":{"id":"5775","city":"tambov","baseScore":49.49001658993497,"baseScoreNoCommerce":47.08873615158713,"baseRank":133,"population":2372.9880400131347,"blocks":{"housing":0.3080509401329627,"infra":0.6156458674463937,"transport":0.39474,"work":0.036,"green":1,"commerce":0.6149641878167419},"indicators":[{"label":"Жильё: плотность","value":109.531},{"label":"Жильё: обеспеченность","value":13.228},{"label":"Жильё: износ","value":48.285},{"label":"Жильё: этажность","value":3.333333},{"label":"Коммерческая инфраструктура: разнообразие","value":0.19444444444444442},{"label":"Коммерческая инфраструктура: полнота корзины","value":100},{"label":"Транспорт: доступность","value":39.474},{"label":"Крупные работодатели: обеспеченность","value":0.036},{"label":"Крупные работодатели: плотность","value":0},{"label":"Зелёные зоны: доступность","value":100},{"label":"Экономика: активность ФНС","value":9.095},{"label":"Экономика: ККТ","value":10.102},{"label":"Экономика: медианный чек","value":295.903}]},"geometry":{"type":"Polygon","coordinates":[[[41.410408,52.703061],[41.410503,52.702876],[41.411125,52.701562],[41.41139,52.700914],[41.41144,52.700763],[41.411555,52.700556],[41.411659,52.700362],[41.411714,52.700213],[41.411612,52.700158],[41.411958,52.699936],[41.412433,52.700236],[41.414399,52.701415],[41.414426,52.701431],[41.414449,52.701445],[41.414473,52.701457],[41.414683,52.701401],[41.415142,52.70161],[41.415577,52.701805],[41.415488,52.702007],[41.416001,52.702329],[41.415727,52.702533],[41.415568,52.702635],[41.416557,52.703211],[41.417784,52.70402],[41.417169,52.704408],[41.415843,52.705234],[41.414526,52.706063],[41.413544,52.706644],[41.413431,52.706711],[41.413191,52.706562],[41.412861,52.706359],[41.412183,52.705928],[41.411528,52.705489],[41.409219,52.703942],[41.409432,52.703833],[41.410209,52.703348],[41.410271,52.703296],[41.410278,52.70329],[41.410335,52.703225],[41.410344,52.703212],[41.410408,52.703061]]]}},{"type":"Feature","id":"5776","properties":{"id":"5776","city":"tambov","baseScore":49.49001658993497,"baseScoreNoCommerce":47.08873615158713,"baseRank":133,"population":2334.1073187477787,"blocks":{"housing":0.3080509401329627,"infra":0.6156458674463937,"transport":0.39474,"work":0.036,"green":1,"commerce":0.6149641878167419},"indicators":[{"label":"Жильё: плотность","value":109.531},{"label":"Жильё: обеспеченность","value":13.228},{"label":"Жильё: износ","value":48.285},{"label":"Жильё: этажность","value":3.333333},{"label":"Коммерческая инфраструктура: разнообразие","value":0.19444444444444442},{"label":"Коммерческая инфраструктура: полнота корзины","value":100},{"label":"Транспорт: доступность","value":39.474},{"label":"Крупные работодатели: обеспеченность","value":0.036},{"label":"Крупные работодатели: плотность","value":0},{"label":"Зелёные зоны: доступность","value":100},{"label":"Экономика: активность ФНС","value":9.095},{"label":"Экономика: ККТ","value":10.102},{"label":"Экономика: медианный чек","value":295.903}]},"geometry":{"type":"Polygon","coordinates":[[[41.414665,52.706143],[41.415846,52.7054],[41.417306,52.704489],[41.41792,52.704103],[41.41838,52.704378],[41.41858,52.704245],[41.41889,52.704096],[41.41963,52.704335],[41.419941,52.704545],[41.420527,52.704174],[41.420868,52.704084],[41.420921,52.70407],[41.421089,52.704152],[41.421474,52.704351],[41.421758,52.704498],[41.422441,52.704852],[41.423836,52.705653],[41.423856,52.705664],[41.423631,52.705797],[41.423625,52.7058],[41.421486,52.707135],[41.418686,52.708889],[41.418633,52.708926],[41.418318,52.709143],[41.418306,52.70914],[41.418275,52.709132],[41.417427,52.70879],[41.41726,52.708723],[41.416368,52.708302],[41.415357,52.707772],[41.41357,52.706791],[41.413678,52.706728],[41.414529,52.706226],[41.414665,52.706143]]]}},{"type":"Feature","id":"5777","properties":{"id":"5777","city":"tambov","baseScore":33.05026732949992,"baseScoreNoCommerce":32.23318222376421,"baseRank":315,"population":1090.8351185063723,"blocks":{"housing":0.22009223009659273,"infra":0.6225468810916179,"transport":0.76902,"work":0,"green":0,"commerce":0.37135692858178426},"indicators":[{"label":"Жильё: плотность","value":69.733},{"label":"Жильё: обеспеченность","value":14.563},{"label":"Жильё: износ","value":64.755},{"label":"Жильё: этажность","value":2.75},{"label":"Коммерческая инфраструктура: разнообразие","value":0.09722222222222221},{"label":"Коммерческая инфраструктура: полнота корзины","value":100},{"label":"Транспорт: доступность","value":76.902},{"label":"Экономика: активность ФНС","value":8.447},{"label":"Экономика: ККТ","value":7.156},{"label":"Экономика: медианный чек","value":0}]},"geometry":{"type":"Polygon","coordinates":[[[41.409548,52.725053],[41.409187,52.726061],[41.409088,52.72632],[41.408941,52.726318],[41.407123,52.726198],[41.405285,52.726081],[41.405591,52.724531],[41.405634,52.724311],[41.405642,52.724266],[41.405642,52.724265],[41.405648,52.724226],[41.405661,52.724143],[41.405659,52.724123],[41.405667,52.724104],[41.405695,52.723922],[41.405695,52.723922],[41.405695,52.723922],[41.405749,52.723565],[41.405839,52.72298],[41.405867,52.722799],[41.405922,52.722434],[41.405939,52.722316],[41.40602,52.721726],[41.406049,52.72156],[41.406049,52.72156],[41.406049,52.72156],[41.406129,52.721096],[41.406139,52.721083],[41.406157,52.721068],[41.40618,52.721054],[41.406221,52.721056],[41.406361,52.721067],[41.407052,52.721175],[41.407187,52.721196],[41.407276,52.72121],[41.408624,52.72142],[41.410037,52.72164],[41.410503,52.721714],[41.41052,52.721716],[41.410673,52.721728],[41.410703,52.721729],[41.410796,52.721725],[41.410719,52.721983],[41.410336,52.722971],[41.410293,52.723085],[41.410121,52.723541],[41.410055,52.723716],[41.409613,52.724877],[41.409548,52.725053]]]}}]}