{"type":"FeatureCollection","name":"road_auto_site","xy_coordinate_resolution":0.000001,"features":[{"type":"Feature","properties":{"highway":"secondary","length":236.61891447481855},"geometry":{"type":"LineString","coordinates":[[41.438001,52.724461],[41.43832,52.724494],[41.438641,52.724527],[41.439759,52.724642],[41.44014,52.724681],[41.440578,52.724726],[41.440623,52.724731],[41.441311,52.724801],[41.441454,52.724816]]}},{"type":"Feature","properties":{"highway":"primary","length":50.54456590387923},"geometry":{"type":"LineString","coordinates":[[41.450633,52.74258],[41.450676,52.74272],[41.450756,52.742872],[41.450877,52.743032]]}},{"type":"Feature","properties":{"highway":"secondary","length":5.596911808579125},"geometry":{"type":"LineString","coordinates":[[41.450152,52.744094],[41.45014,52.744144]]}},{"type":"Feature","properties":{"highway":"secondary","length":38.705693820234465},"geometry":{"type":"LineString","coordinates":[[41.442506,52.736662],[41.442319,52.736655],[41.44214,52.736632],[41.441955,52.736582]]}},{"type":"Feature","properties":{"highway":"primary","length":1062.6809870728305},"geometry":{"type":"LineString","coordinates":[[41.378915,52.722296],[41.378174,52.722431],[41.377488,52.722508],[41.376506,52.722618],[41.375951,52.722686],[41.374737,52.722816],[41.372769,52.72303],[41.370059,52.723334],[41.369551,52.723388],[41.369375,52.723407],[41.365445,52.723822],[41.365132,52.723859],[41.363456,52.724038]]}},{"type":"Feature","properties":{"highway":"secondary","length":42.024567905832896},"geometry":{"type":"LineString","coordinates":[[41.414912,52.76908],[41.414755,52.769205],[41.414535,52.76938]]}},{"type":"Feature","properties":{"highway":"residential","length":37.82329444879302},"geometry":{"type":"LineString","coordinates":[[41.460882,52.720142],[41.460584,52.720186],[41.460429,52.720208],[41.460335,52.720214]]}},{"type":"Feature","properties":{"highway":"primary","length":378.8545702808034},"geometry":{"type":"LineString","coordinates":[[41.416756,52.749804],[41.414315,52.751562],[41.413725,52.752008],[41.413605,52.752098],[41.413338,52.752295],[41.413164,52.752419]]}},{"type":"Feature","properties":{"highway":"primary","length":41.209959906035756},"geometry":{"type":"LineString","coordinates":[[41.402336,52.7609],[41.402308,52.760966],[41.402248,52.76104],[41.402175,52.761102],[41.402096,52.761148],[41.401987,52.761187]]}},{"type":"Feature","properties":{"highway":"primary","length":58.3854383068755},"geometry":{"type":"LineString","coordinates":[[41.462173,52.7286],[41.461958,52.728452],[41.461789,52.728336],[41.461681,52.728275],[41.461559,52.728237]]}},{"type":"Feature","properties":{"highway":"secondary","length":29.35895271739307},"geometry":{"type":"LineString","coordinates":[[41.429287,52.718879],[41.42917,52.719134]]}},{"type":"Feature","properties":{"highway":"primary","length":43.64726835256299},"geometry":{"type":"LineString","coordinates":[[41.462598,52.730332],[41.462852,52.729971]]}},{"type":"Feature","properties":{"highway":"secondary","length":82.41686292287658},"geometry":{"type":"LineString","coordinates":[[41.43049,52.756803],[41.430975,52.756414],[41.431228,52.756213]]}},{"type":"Feature","properties":{"highway":"secondary","length":20.36219469361677},"geometry":{"type":"LineString","coordinates":[[41.46448,52.701771],[41.464762,52.701836]]}},{"type":"Feature","properties":{"highway":"residential","length":197.9444699916292},"geometry":{"type":"LineString","coordinates":[[41.476131,52.707957],[41.476092,52.707925],[41.476042,52.707881],[41.475988,52.707855],[41.475413,52.707602],[41.473799,52.706888]]}},{"type":"Feature","properties":{"highway":"residential","length":429.0830904250048},"geometry":{"type":"LineString","coordinates":[[41.457279,52.711966],[41.457138,52.711942],[41.456975,52.711909],[41.456686,52.711874],[41.454836,52.711684],[41.454154,52.711607],[41.45157,52.711317],[41.45104,52.711259]]}},{"type":"Feature","properties":{"highway":"secondary","length":8.673702750449632},"geometry":{"type":"LineString","coordinates":[[41.456487,52.721903],[41.456361,52.72189]]}},{"type":"Feature","properties":{"highway":"secondary","length":95.81416346528052},"geometry":{"type":"LineString","coordinates":[[41.452991,52.721551],[41.452815,52.721599],[41.452599,52.721693],[41.452503,52.721712],[41.452294,52.721699],[41.451781,52.721646],[41.451655,52.721634]]}},{"type":"Feature","properties":{"highway":"residential","length":205.98578987423898},"geometry":{"type":"LineString","coordinates":[[41.396599,52.703627],[41.396954,52.703697],[41.397152,52.703737],[41.397256,52.703757],[41.398199,52.703941],[41.39867,52.704035],[41.39884,52.704068],[41.399134,52.704147],[41.399416,52.704229],[41.399468,52.704245]]}},{"type":"Feature","properties":{"highway":"secondary","length":173.80258160327642},"geometry":{"type":"LineString","coordinates":[[41.419998,52.747456],[41.419873,52.747359],[41.419016,52.746657],[41.418555,52.746284],[41.418455,52.746206]]}},{"type":"Feature","properties":{"highway":"residential","length":186.40330910781108},"geometry":{"type":"LineString","coordinates":[[41.441023,52.726471],[41.44142,52.724931],[41.441454,52.724816]]}},{"type":"Feature","properties":{"highway":"secondary","length":57.83857670747418},"geometry":{"type":"LineString","coordinates":[[41.414386,52.743087],[41.414171,52.743091],[41.413775,52.743105],[41.413623,52.74311],[41.41353,52.743112]]}},{"type":"Feature","properties":{"highway":"secondary","length":266.98253823563317},"geometry":{"type":"LineString","coordinates":[[41.391328,52.735208],[41.391134,52.735284],[41.390925,52.73539],[41.390734,52.735511],[41.390527,52.735644],[41.390419,52.735692],[41.390243,52.735735],[41.390056,52.735751],[41.389912,52.735756],[41.389757,52.735739],[41.389654,52.735718],[41.389369,52.73567],[41.3893,52.735661],[41.388908,52.73562],[41.388731,52.735624],[41.388583,52.735637],[41.38853,52.735646],[41.388439,52.735661],[41.388361,52.735679],[41.388214,52.735735],[41.387847,52.735896]]}},{"type":"Feature","properties":{"highway":"secondary","length":47.22007135848475},"geometry":{"type":"LineString","coordinates":[[41.451744,52.721213],[41.451655,52.721634]]}},{"type":"Feature","properties":{"highway":"tertiary","length":361.1780509703325},"geometry":{"type":"LineString","coordinates":[[41.447909,52.720804],[41.447848,52.72102],[41.447787,52.721238],[41.447638,52.721772],[41.447595,52.721922],[41.447415,52.722554],[41.44739,52.722643],[41.447354,52.722764],[41.447316,52.722895],[41.44724,52.723155],[41.447181,52.723356],[41.447134,52.723514],[41.447127,52.723539],[41.446991,52.724002]]}},{"type":"Feature","properties":{"highway":"secondary","length":68.66758758504054},"geometry":{"type":"LineString","coordinates":[[41.441083,52.735702],[41.441689,52.736197]]}},{"type":"Feature","properties":{"highway":"primary","length":301.0063832474898},"geometry":{"type":"LineString","coordinates":[[41.41714,52.749532],[41.41778,52.749068],[41.417908,52.748976],[41.418095,52.748836],[41.418165,52.748785],[41.419488,52.747822],[41.419998,52.747456]]}},{"type":"Feature","properties":{"highway":"primary","length":84.28282401987913},"geometry":{"type":"LineString","coordinates":[[41.378915,52.722296],[41.380144,52.722164]]}},{"type":"Feature","properties":{"highway":"primary","length":149.34831386272427},"geometry":{"type":"LineString","coordinates":[[41.464278,52.691579],[41.464257,52.691684],[41.464211,52.691836],[41.46413,52.692116],[41.463946,52.692689],[41.463887,52.692899]]}},{"type":"Feature","properties":{"highway":"primary","length":179.23859734895044},"geometry":{"type":"LineString","coordinates":[[41.464584,52.727354],[41.464523,52.727443],[41.46446,52.727515],[41.464334,52.727625],[41.464157,52.727711],[41.463868,52.727812],[41.463601,52.72789],[41.463331,52.727959],[41.4631,52.728018],[41.462414,52.728185]]}},{"type":"Feature","properties":{"highway":"primary","length":24.75456167175157},"geometry":{"type":"LineString","coordinates":[[41.479692,52.722731],[41.479334,52.72278]]}},{"type":"Feature","properties":{"highway":"primary","length":174.69651851735748},"geometry":{"type":"LineString","coordinates":[[41.482209,52.722373],[41.481733,52.72244],[41.479692,52.722731]]}},{"type":"Feature","properties":{"highway":"primary","length":87.46451928666215},"geometry":{"type":"LineString","coordinates":[[41.465096,52.726632],[41.464584,52.727354]]}},{"type":"Feature","properties":{"highway":"tertiary","length":79.76995340879746},"geometry":{"type":"LineString","coordinates":[[41.462732,52.699639],[41.462943,52.699819],[41.463128,52.699916],[41.463323,52.699995],[41.463469,52.700049],[41.463622,52.700089]]}},{"type":"Feature","properties":{"highway":"primary","length":112.33903486191114},"geometry":{"type":"LineString","coordinates":[[41.466465,52.70397],[41.466591,52.704097],[41.467293,52.704845]]}},{"type":"Feature","properties":{"highway":"residential","length":387.33213253254365},"geometry":{"type":"LineString","coordinates":[[41.46512,52.705078],[41.464987,52.70501],[41.464866,52.704951],[41.463958,52.7045],[41.463891,52.704467],[41.463805,52.704425],[41.463389,52.704219],[41.462899,52.70398],[41.462467,52.703763],[41.462012,52.703534],[41.461488,52.703275],[41.461092,52.703084],[41.461009,52.703038],[41.460911,52.702976],[41.460848,52.702933],[41.460744,52.70284]]}},{"type":"Feature","properties":{"highway":"tertiary","length":48.90799449260308},"geometry":{"type":"LineString","coordinates":[[41.463622,52.700089],[41.463503,52.700129],[41.463429,52.700172],[41.463381,52.700211],[41.463358,52.700259],[41.463331,52.700343],[41.463323,52.700453]]}},{"type":"Feature","properties":{"highway":"residential","length":451.32485687567333},"geometry":{"type":"LineString","coordinates":[[41.458932,52.702752],[41.459239,52.702574],[41.459408,52.702472],[41.459504,52.702401],[41.45956,52.702339],[41.459788,52.701944],[41.459932,52.7017],[41.460014,52.701574],[41.460142,52.701421],[41.460306,52.701286],[41.460802,52.700925],[41.461011,52.700731],[41.461294,52.700475],[41.46149,52.700542],[41.461671,52.700595],[41.461753,52.700593],[41.461838,52.700572],[41.461899,52.700508],[41.461995,52.700421],[41.462082,52.700339],[41.462158,52.700258],[41.46254,52.70006],[41.462919,52.699885]]}},{"type":"Feature","properties":{"highway":"residential","length":121.25749208781934},"geometry":{"type":"MultiLineString","coordinates":[[[41.450179,52.697805],[41.450309,52.697757]],[[41.451685,52.697311],[41.451729,52.697321]]]}},{"type":"Feature","properties":{"highway":"residential","length":59.3005980236168},"geometry":{"type":"LineString","coordinates":[[41.452763,52.695252],[41.452751,52.695223]]}},{"type":"Feature","properties":{"highway":"residential","length":298.9148760570142},"geometry":{"type":"MultiLineString","coordinates":[[[41.460327,52.696625],[41.460335,52.69656],[41.460338,52.696538]],[[41.460627,52.694005],[41.460621,52.693946]]]}},{"type":"Feature","properties":{"highway":"residential","length":529.3800848949368},"geometry":{"type":"MultiLineString","coordinates":[[[41.473172,52.698724],[41.473239,52.698726],[41.474085,52.698748],[41.474294,52.698725],[41.474419,52.698696],[41.474496,52.698666]],[[41.475261,52.694857],[41.475262,52.694851],[41.475268,52.6948]]]}},{"type":"Feature","properties":{"highway":"residential","length":567.4589871441417},"geometry":{"type":"LineString","coordinates":[[41.467774,52.700313],[41.467764,52.70038]]}},{"type":"Feature","properties":{"highway":"residential","length":320.0969923634865},"geometry":{"type":"LineString","coordinates":[[41.470402,52.70768],[41.470753,52.707834],[41.47096,52.70792],[41.471639,52.708214],[41.471767,52.70827],[41.471992,52.708366],[41.472583,52.70862],[41.473257,52.708919],[41.473906,52.709245],[41.474081,52.709328],[41.47421,52.709389]]}},{"type":"Feature","properties":{"highway":"residential","length":227.83383287770513},"geometry":{"type":"LineString","coordinates":[[41.450781,52.701337],[41.450844,52.701293]]}},{"type":"Feature","properties":{"highway":"tertiary","length":440.04937589449685},"geometry":{"type":"LineString","coordinates":[[41.431959,52.755829],[41.432454,52.755463],[41.43269,52.755289],[41.433929,52.754269],[41.434706,52.753653],[41.435071,52.753364],[41.435944,52.752701]]}},{"type":"Feature","properties":{"highway":"residential","length":160.28257640726474},"geometry":{"type":"LineString","coordinates":[[41.464308,52.714505],[41.464458,52.71457],[41.46622,52.715357]]}},{"type":"Feature","properties":{"highway":"tertiary","length":344.89411841466307},"geometry":{"type":"LineString","coordinates":[[41.436411,52.72803],[41.43664,52.72802],[41.436971,52.728027],[41.437087,52.728036],[41.437432,52.728065],[41.43781,52.7281],[41.438349,52.72815],[41.439342,52.728243],[41.440396,52.728344],[41.440617,52.728366],[41.441463,52.728446]]}},{"type":"Feature","properties":{"highway":"residential","length":274.2551797831425},"geometry":{"type":"LineString","coordinates":[[41.461966,52.734988],[41.461848,52.734974],[41.461803,52.734969]]}},{"type":"Feature","properties":{"highway":"residential","length":290.6173891292489},"geometry":{"type":"LineString","coordinates":[[41.45041,52.72746],[41.450147,52.727434],[41.449758,52.727393],[41.449641,52.72738],[41.448501,52.727266],[41.447528,52.727169],[41.447203,52.727137],[41.446166,52.727033]]}},{"type":"Feature","properties":{"highway":"residential","length":8.972945644655919},"geometry":{"type":"LineString","coordinates":[[41.454788,52.727881],[41.454598,52.727871]]}},{"type":"Feature","properties":{"highway":"residential","length":293.33963112208863},"geometry":{"type":"LineString","coordinates":[[41.446778,52.740328],[41.446934,52.740344],[41.448389,52.740489],[41.448716,52.740521],[41.448957,52.740545],[41.449285,52.740579],[41.449908,52.740639],[41.450094,52.740656],[41.451064,52.740754]]}},{"type":"Feature","properties":{"highway":"primary","length":98.08635409852242},"geometry":{"type":"LineString","coordinates":[[41.451033,52.743115],[41.452072,52.743731]]}},{"type":"Feature","properties":{"highway":"residential","length":93.50271358791278},"geometry":{"type":"LineString","coordinates":[[41.448538,52.743504],[41.44936,52.743125],[41.449449,52.743039],[41.449439,52.742927]]}},{"type":"Feature","properties":{"highway":"residential","length":249.0863473511939},"geometry":{"type":"MultiLineString","coordinates":[[[41.437006,52.749579],[41.437149,52.749592]],[[41.440503,52.749916],[41.440649,52.74993]]]}},{"type":"Feature","properties":{"highway":"residential","length":249.6132310778628},"geometry":{"type":"MultiLineString","coordinates":[[[41.437136,52.748901],[41.437257,52.748912]],[[41.440646,52.749226],[41.44079,52.74924]]]}},{"type":"Feature","properties":{"highway":"secondary","length":100.25025467109737},"geometry":{"type":"LineString","coordinates":[[41.447051,52.758138],[41.44669,52.758154],[41.445567,52.758169]]}},{"type":"Feature","properties":{"highway":"residential","length":273.56375469883034},"geometry":{"type":"MultiLineString","coordinates":[[[41.433036,52.752437],[41.433057,52.752347]],[[41.4336,52.75006],[41.433613,52.750003]]]}},{"type":"Feature","properties":{"highway":"residential","length":275.2796304697699},"geometry":{"type":"MultiLineString","coordinates":[[[41.434642,52.752583],[41.434664,52.752487]],[[41.435186,52.750192],[41.435199,52.750132]]]}},{"type":"Feature","properties":{"highway":"residential","length":244.88744159823636},"geometry":{"type":"MultiLineString","coordinates":[[[41.437039,52.748749],[41.437141,52.748729]],[[41.440353,52.748101],[41.44049,52.748074]]]}},{"type":"Feature","properties":{"highway":"residential","length":194.462660153343},"geometry":{"type":"LineString","coordinates":[[41.440221,52.751997],[41.440378,52.752008]]}},{"type":"Feature","properties":{"highway":"residential","length":142.0088324725293},"geometry":{"type":"MultiLineString","coordinates":[[[41.444401,52.743975],[41.444313,52.743907]],[[41.443215,52.743045],[41.443115,52.742966]]]}},{"type":"Feature","properties":{"highway":"residential","length":252.7054962580454},"geometry":{"type":"MultiLineString","coordinates":[[[41.426246,52.751461],[41.42615,52.751391],[41.426146,52.751388]],[[41.424074,52.749722],[41.423987,52.749651]]]}},{"type":"Feature","properties":{"highway":"residential","length":245.39306245690244},"geometry":{"type":"MultiLineString","coordinates":[[[41.425421,52.75191],[41.425268,52.751863]],[[41.422593,52.750667],[41.422481,52.750616]]]}},{"type":"Feature","properties":{"highway":"residential","length":252.75813158569449},"geometry":{"type":"MultiLineString","coordinates":[[[41.429134,52.74996],[41.429069,52.749907],[41.429058,52.749898]],[[41.42698,52.748189],[41.426911,52.748132]]]}},{"type":"Feature","properties":{"highway":"residential","length":253.7772700700035},"geometry":{"type":"MultiLineString","coordinates":[[[41.428099,52.750495],[41.428018,52.750421]],[[41.425899,52.74874],[41.425887,52.748731],[41.425823,52.748681]]]}},{"type":"Feature","properties":{"highway":"residential","length":242.9225185697946},"geometry":{"type":"MultiLineString","coordinates":[[[41.424751,52.752415],[41.424642,52.752355]],[[41.42202,52.751135],[41.421904,52.751082]]]}},{"type":"Feature","properties":{"highway":"secondary","length":62.13791885613174},"geometry":{"type":"LineString","coordinates":[[41.415518,52.767335],[41.415419,52.767292],[41.415326,52.767249],[41.414768,52.767011]]}},{"type":"Feature","properties":{"highway":"secondary","length":256.62087166589185},"geometry":{"type":"LineString","coordinates":[[41.413421,52.766093],[41.415292,52.766931],[41.41577,52.767145],[41.416479,52.767463]]}},{"type":"Feature","properties":{"highway":"residential","length":1100.1841594529035},"geometry":{"type":"LineString","coordinates":[[41.447415,52.756716],[41.447595,52.756725],[41.448196,52.756741],[41.448908,52.756761],[41.45107,52.756777],[41.451944,52.756784],[41.455252,52.756761],[41.456325,52.756753],[41.461225,52.756772],[41.461619,52.756791],[41.461679,52.756818],[41.461703,52.756853],[41.461703,52.758037]]}},{"type":"Feature","properties":{"highway":"secondary","length":59.79464177271968},"geometry":{"type":"LineString","coordinates":[[41.462852,52.729971],[41.462833,52.730127],[41.462856,52.730213],[41.4629,52.730291],[41.462986,52.730366],[41.463124,52.730452]]}},{"type":"Feature","properties":{"highway":"tertiary","length":329.50104004559654},"geometry":{"type":"LineString","coordinates":[[41.400645,52.712457],[41.40051,52.712522],[41.400061,52.712763],[41.399739,52.712916],[41.398321,52.713714],[41.398068,52.713875],[41.397605,52.71417],[41.397436,52.714287],[41.397328,52.714377],[41.397278,52.714464],[41.397255,52.714544]]}},{"type":"Feature","properties":{"highway":"tertiary","length":126.94125167392153},"geometry":{"type":"LineString","coordinates":[[41.399852,52.703129],[41.399808,52.703228],[41.399766,52.70332],[41.39973,52.703446],[41.399591,52.703864],[41.399563,52.703945],[41.399522,52.704071],[41.399468,52.704245]]}},{"type":"Feature","properties":{"highway":"secondary","length":61.660047577231424},"geometry":{"type":"LineString","coordinates":[[41.452615,52.721502],[41.452557,52.721459],[41.452517,52.72141],[41.452496,52.721356],[41.452495,52.7213],[41.452515,52.721246],[41.452554,52.721196],[41.452611,52.721153],[41.452682,52.721118],[41.452764,52.721094],[41.452853,52.721081]]}},{"type":"Feature","properties":{"highway":"residential","length":40.69371576018988},"geometry":{"type":"LineString","coordinates":[[41.455911,52.723557],[41.455799,52.723546],[41.455714,52.723538]]}},{"type":"Feature","properties":{"highway":"primary","length":24.200146586810884},"geometry":{"type":"LineString","coordinates":[[41.402674,52.760297],[41.40258,52.760445],[41.402547,52.7605]]}},{"type":"Feature","properties":{"highway":"primary","length":57.625433889625974},"geometry":{"type":"LineString","coordinates":[[41.401258,52.76152],[41.401329,52.761451],[41.401404,52.761339],[41.401461,52.761191],[41.401496,52.761029]]}},{"type":"Feature","properties":{"highway":"secondary","length":33.66524779800544},"geometry":{"type":"LineString","coordinates":[[41.402336,52.7609],[41.402629,52.761145]]}},{"type":"Feature","properties":{"highway":"primary","length":78.35018857420428},"geometry":{"type":"LineString","coordinates":[[41.401258,52.76152],[41.40069,52.761973],[41.400555,52.762081]]}},{"type":"Feature","properties":{"highway":"primary","length":73.11671295690633},"geometry":{"type":"LineString","coordinates":[[41.401827,52.760706],[41.402674,52.760297]]}},{"type":"Feature","properties":{"highway":"secondary_link","length":84.71016889329937},"geometry":{"type":"LineString","coordinates":[[41.40269,52.761319],[41.402345,52.761309],[41.402008,52.761327],[41.401745,52.76136],[41.401459,52.761421]]}},{"type":"Feature","properties":{"highway":"secondary_link","length":72.09288360613849},"geometry":{"type":"LineString","coordinates":[[41.402547,52.7605],[41.402547,52.760744],[41.40258,52.760907],[41.402629,52.761145]]}},{"type":"Feature","properties":{"highway":"residential","length":28.489411044766264},"geometry":{"type":"LineString","coordinates":[[41.405092,52.758413],[41.405425,52.75857]]}},{"type":"Feature","properties":{"highway":"tertiary","length":43.764904782264345},"geometry":{"type":"LineString","coordinates":[[41.42232,52.762967],[41.422839,52.763203]]}},{"type":"Feature","properties":{"highway":"tertiary","length":60.42675081001146},"geometry":{"type":"LineString","coordinates":[[41.411188,52.7211],[41.411153,52.721191],[41.410976,52.721627]]}},{"type":"Feature","properties":{"highway":"tertiary","length":577.7520008357432},"geometry":{"type":"LineString","coordinates":[[41.412363,52.736375],[41.412728,52.736216],[41.412983,52.736045],[41.41419,52.735561],[41.414509,52.735433],[41.415162,52.735178],[41.41538,52.735084],[41.415667,52.734943],[41.415917,52.734758],[41.416452,52.734362],[41.41654,52.734297],[41.416763,52.734132],[41.417034,52.733937],[41.417057,52.733919],[41.41744,52.733651],[41.417468,52.733632],[41.417969,52.733286],[41.41822,52.733113],[41.418329,52.733037],[41.418517,52.732907],[41.418569,52.732871]]}},{"type":"Feature","properties":{"highway":"tertiary","length":19.341803035419066},"geometry":{"type":"LineString","coordinates":[[41.429324,52.723596],[41.429296,52.723683],[41.429286,52.723704],[41.429273,52.723722],[41.429256,52.72374]]}},{"type":"Feature","properties":{"highway":"residential","length":341.13329284321196},"geometry":{"type":"LineString","coordinates":[[41.420035,52.699593],[41.420721,52.698993],[41.420867,52.698866],[41.421045,52.69871],[41.421349,52.698445],[41.421526,52.698292],[41.421705,52.698118],[41.422246,52.697579]]}},{"type":"Feature","properties":{"highway":"residential","length":141.67191954978813},"geometry":{"type":"LineString","coordinates":[[41.430818,52.697787],[41.431445,52.696985],[41.431526,52.696888],[41.431744,52.696645]]}},{"type":"Feature","properties":{"highway":"residential","length":345.329900444394},"geometry":{"type":"LineString","coordinates":[[41.418046,52.6986],[41.417883,52.69852],[41.417446,52.698303],[41.417154,52.698131],[41.417092,52.698094],[41.416893,52.697978],[41.416705,52.697839],[41.416587,52.697753],[41.415976,52.697356],[41.415794,52.697292],[41.415709,52.697267],[41.415311,52.69717],[41.414841,52.696595],[41.414733,52.696362]]}},{"type":"Feature","properties":{"highway":"residential","length":153.88778491919578},"geometry":{"type":"LineString","coordinates":[[41.411009,52.722025],[41.410997,52.722023],[41.410864,52.722001]]}},{"type":"Feature","properties":{"highway":"primary","length":58.469314006901726},"geometry":{"type":"LineString","coordinates":[[41.462414,52.728185],[41.462067,52.728234],[41.461819,52.728245],[41.461559,52.728237]]}},{"type":"Feature","properties":{"highway":"primary","length":51.51042900856356},"geometry":{"type":"LineString","coordinates":[[41.462173,52.7286],[41.46216,52.728492],[41.462175,52.728401],[41.462229,52.728316],[41.462414,52.728185]]}},{"type":"Feature","properties":{"highway":"residential","length":187.03703012622253},"geometry":{"type":"LineString","coordinates":[[41.446624,52.725376],[41.446594,52.725476],[41.446543,52.725662],[41.446188,52.726956],[41.446166,52.727033]]}},{"type":"Feature","properties":{"highway":"residential","length":347.9632280269646},"geometry":{"type":"LineString","coordinates":[[41.405119,52.769947],[41.404697,52.770285],[41.40441,52.770515],[41.403964,52.770872],[41.40323,52.771463],[41.402828,52.771786],[41.402393,52.772135],[41.40217,52.772315],[41.402011,52.772442]]}},{"type":"Feature","properties":{"highway":"secondary_link","length":70.46552720589128},"geometry":{"type":"LineString","coordinates":[[41.407957,52.764043],[41.407936,52.76393],[41.407953,52.763844],[41.407986,52.763807],[41.408045,52.763768],[41.408113,52.763751],[41.408233,52.763745],[41.408378,52.76375],[41.408582,52.763798]]}},{"type":"Feature","properties":{"highway":"residential","length":211.00656727860257},"geometry":{"type":"LineString","coordinates":[[41.456784,52.738226],[41.456757,52.738328],[41.456679,52.738582],[41.456437,52.739446],[41.456379,52.739642],[41.456267,52.739966],[41.456245,52.740029],[41.456223,52.740091]]}},{"type":"Feature","properties":{"highway":"secondary_link","length":74.46752583118997},"geometry":{"type":"LineString","coordinates":[[41.410833,52.764849],[41.410919,52.764919],[41.410957,52.764982],[41.410973,52.765053],[41.410963,52.765125],[41.410925,52.765168],[41.41086,52.765213],[41.410778,52.765237],[41.41068,52.765248],[41.410579,52.765253],[41.410441,52.765235]]}},{"type":"Feature","properties":{"highway":"residential","length":76.25118127323447},"geometry":{"type":"LineString","coordinates":[[41.389568,52.726727],[41.390422,52.726698],[41.390695,52.726687]]}},{"type":"Feature","properties":{"highway":"primary","length":96.30279151979822},"geometry":{"type":"LineString","coordinates":[[41.438732,52.736408],[41.438805,52.736462],[41.439254,52.736805],[41.439473,52.736983],[41.439612,52.737088]]}},{"type":"Feature","properties":{"highway":"residential","length":375.15259449717524},"geometry":{"type":"LineString","coordinates":[[41.453602,52.732333],[41.453736,52.732347],[41.454367,52.732421],[41.455426,52.732543],[41.455579,52.732563],[41.45714,52.732752],[41.458666,52.732948],[41.459047,52.732995]]}},{"type":"Feature","properties":{"highway":"primary","length":287.0431951916264},"geometry":{"type":"LineString","coordinates":[[41.420123,52.721689],[41.418715,52.72158],[41.415903,52.721394]]}},{"type":"Feature","properties":{"highway":"primary","length":122.70143433703787},"geometry":{"type":"LineString","coordinates":[[41.429324,52.723596],[41.431119,52.723761]]}},{"type":"Feature","properties":{"highway":"secondary","length":159.0797192669004},"geometry":{"type":"LineString","coordinates":[[41.428677,52.720597],[41.428418,52.720556],[41.427559,52.720378],[41.427436,52.720349],[41.426459,52.72012]]}},{"type":"Feature","properties":{"highway":"primary","length":118.51370411919603},"geometry":{"type":"LineString","coordinates":[[41.436097,52.725239],[41.435992,52.724815],[41.435891,52.72441],[41.435856,52.724351],[41.435799,52.724298],[41.435695,52.72422]]}},{"type":"Feature","properties":{"highway":"primary","length":90.9222111890621},"geometry":{"type":"LineString","coordinates":[[41.434269,52.724066],[41.435595,52.724209]]}},{"type":"Feature","properties":{"highway":"primary","length":37.75173711904209},"geometry":{"type":"LineString","coordinates":[[41.435493,52.72727],[41.43538,52.727602]]}},{"type":"Feature","properties":{"highway":"primary","length":52.4020198286057},"geometry":{"type":"LineString","coordinates":[[41.434302,52.699796],[41.434181,52.699769],[41.434063,52.699766],[41.433952,52.699779],[41.433854,52.699804],[41.433766,52.699841],[41.433617,52.699924]]}},{"type":"Feature","properties":{"highway":"residential","length":342.4002746886792},"geometry":{"type":"LineString","coordinates":[[41.436842,52.722919],[41.437056,52.722943],[41.437314,52.722972],[41.438329,52.723086],[41.438522,52.723107],[41.438631,52.723119],[41.439143,52.723177],[41.439509,52.723218],[41.440132,52.723288],[41.441688,52.723463],[41.441825,52.723478]]}},{"type":"Feature","properties":{"highway":"secondary","length":76.74209142533063},"geometry":{"type":"LineString","coordinates":[[41.441689,52.736197],[41.442043,52.736453],[41.442166,52.736539],[41.442304,52.736606],[41.442506,52.736662]]}},{"type":"Feature","properties":{"highway":"primary","length":125.69814546450492},"geometry":{"type":"LineString","coordinates":[[41.463115,52.729553],[41.4631,52.729447],[41.463057,52.729365],[41.462917,52.729207],[41.46244,52.72884],[41.462173,52.7286]]}},{"type":"Feature","properties":{"highway":"primary","length":26.015039161520832},"geometry":{"type":"LineString","coordinates":[[41.462981,52.729772],[41.463115,52.729553]]}},{"type":"Feature","properties":{"highway":"residential","length":101.24970305424901},"geometry":{"type":"LineString","coordinates":[[41.458203,52.727907],[41.458201,52.727758],[41.458458,52.727416],[41.458501,52.727359],[41.458742,52.727072]]}},{"type":"Feature","properties":{"highway":"residential","length":90.81694253299369},"geometry":{"type":"LineString","coordinates":[[41.456701,52.727903],[41.456706,52.727886]]}},{"type":"Feature","properties":{"highway":"secondary","length":75.71468029819201},"geometry":{"type":"LineString","coordinates":[[41.441034,52.736381],[41.441064,52.736041],[41.441083,52.735702]]}},{"type":"Feature","properties":{"highway":"residential","length":188.09013310305855},"geometry":{"type":"MultiLineString","coordinates":[[[41.438668,52.736361],[41.4388,52.736295],[41.438859,52.736265]],[[41.441002,52.735724],[41.441083,52.735702]]]}},{"type":"Feature","properties":{"highway":"residential","length":218.16873498722214},"geometry":{"type":"LineString","coordinates":[[41.457202,52.736372],[41.457662,52.73642],[41.457778,52.73643],[41.457947,52.736447],[41.457979,52.736454],[41.458502,52.736512],[41.459098,52.736575],[41.459201,52.736568],[41.459288,52.736528],[41.45932,52.736498],[41.459403,52.736483],[41.459561,52.736496],[41.459682,52.736586],[41.459822,52.736638],[41.460042,52.736701],[41.460202,52.736759]]}},{"type":"Feature","properties":{"highway":"tertiary","length":70.39831476406238},"geometry":{"type":"LineString","coordinates":[[41.473383,52.758014],[41.473622,52.75794],[41.4737,52.757899],[41.473775,52.757826],[41.473801,52.757753],[41.47379,52.757727],[41.473756,52.757645],[41.473672,52.75752]]}},{"type":"Feature","properties":{"highway":"residential","length":195.92628438291445},"geometry":{"type":"LineString","coordinates":[[41.434217,52.74008],[41.43399,52.739998]]}},{"type":"Feature","properties":{"highway":"residential","length":208.46868497786878},"geometry":{"type":"MultiLineString","coordinates":[[[41.456641,52.73821],[41.456663,52.738122]],[[41.45718,52.736455],[41.457192,52.736407],[41.457202,52.736372]]]}},{"type":"Feature","properties":{"highway":"residential","length":270.4806337033878},"geometry":{"type":"LineString","coordinates":[[41.435821,52.739378],[41.435715,52.739432]]}},{"type":"Feature","properties":{"highway":"residential","length":171.80158663185009},"geometry":{"type":"MultiLineString","coordinates":[[[41.437654,52.740849],[41.437754,52.7408],[41.437769,52.740792]],[[41.439606,52.7399],[41.43964,52.739885]]]}},{"type":"Feature","properties":{"highway":"residential","length":168.17570703728668},"geometry":{"type":"MultiLineString","coordinates":[[[41.438393,52.741366],[41.4385,52.741314],[41.438509,52.74131]],[[41.440308,52.740428],[41.440331,52.740417]]]}},{"type":"Feature","properties":{"highway":"residential","length":199.74725916495123},"geometry":{"type":"LineString","coordinates":[[41.433256,52.740394],[41.433141,52.740321],[41.433082,52.740283]]}},{"type":"Feature","properties":{"highway":"residential","length":228.14847414123415},"geometry":{"type":"LineString","coordinates":[[41.433402,52.712283],[41.433485,52.712228],[41.433514,52.712209]]}},{"type":"Feature","properties":{"highway":"residential","length":324.29751334310816},"geometry":{"type":"MultiLineString","coordinates":[[[41.434914,52.713893],[41.435011,52.713901]],[[41.439522,52.714273],[41.439668,52.71429]]]}},{"type":"Feature","properties":{"highway":"residential","length":247.7583666103042},"geometry":{"type":"LineString","coordinates":[[41.435368,52.712658],[41.435407,52.712565],[41.435542,52.712245],[41.436078,52.711148],[41.436228,52.71079],[41.436282,52.71066],[41.436312,52.710574],[41.436348,52.710513]]}},{"type":"Feature","properties":{"highway":"residential","length":213.7996095903803},"geometry":{"type":"LineString","coordinates":[[41.438483,52.711242],[41.4383,52.711627],[41.4381,52.712152],[41.437993,52.712431],[41.437755,52.713002],[41.437712,52.713105]]}},{"type":"Feature","properties":{"highway":"residential","length":229.65977047870837},"geometry":{"type":"MultiLineString","coordinates":[[[41.437454,52.710903],[41.437379,52.710975],[41.437377,52.710979]],[[41.436601,52.712802],[41.436565,52.71289]]]}},{"type":"Feature","properties":{"highway":"residential","length":172.58040972440418},"geometry":{"type":"LineString","coordinates":[[41.407395,52.711959],[41.407348,52.712034],[41.407189,52.712285],[41.407031,52.712605],[41.406781,52.713198],[41.406677,52.713445]]}},{"type":"Feature","properties":{"highway":"residential","length":360.17860045034865},"geometry":{"type":"LineString","coordinates":[[41.436863,52.69733],[41.437752,52.697203],[41.438339,52.69711],[41.438528,52.69708],[41.439295,52.696967],[41.440996,52.696735],[41.442047,52.696585]]}},{"type":"Feature","properties":{"highway":"residential","length":130.7268010896403},"geometry":{"type":"LineString","coordinates":[[41.400257,52.698582],[41.400594,52.698492],[41.400748,52.698455],[41.400902,52.698435],[41.40149,52.698451],[41.401554,52.698437],[41.401603,52.698393],[41.401688,52.698095]]}},{"type":"Feature","properties":{"highway":"residential","length":756.6321935843013},"geometry":{"type":"LineString","coordinates":[[41.437149,52.694297],[41.439204,52.695015],[41.439675,52.695149],[41.444464,52.696276],[41.444678,52.696264],[41.445676,52.696159],[41.446488,52.696109],[41.446604,52.696081],[41.446706,52.696023],[41.446792,52.695945],[41.446959,52.695808],[41.447137,52.695576]]}},{"type":"Feature","properties":{"highway":"tertiary","length":142.72342798918683},"geometry":{"type":"LineString","coordinates":[[41.472232,52.701563],[41.472087,52.701916],[41.472035,52.702042],[41.471813,52.702583],[41.47177,52.702689],[41.471729,52.702808]]}},{"type":"Feature","properties":{"highway":"track","length":119.3841319527137},"geometry":{"type":"LineString","coordinates":[[41.480624,52.706117],[41.480659,52.706043],[41.480749,52.705963],[41.480823,52.705885],[41.480841,52.705866],[41.480922,52.705753],[41.480969,52.70562],[41.480973,52.705593],[41.480991,52.705494],[41.481063,52.70524],[41.481084,52.705098]]}},{"type":"Feature","properties":{"highway":"residential","length":252.70755793080392},"geometry":{"type":"MultiLineString","coordinates":[[[41.433158,52.702296],[41.43319,52.702276]],[[41.435487,52.700859],[41.435562,52.700813],[41.435619,52.700778],[41.435781,52.700678]]]}},{"type":"Feature","properties":{"highway":"residential","length":544.3504084700648},"geometry":{"type":"LineString","coordinates":[[41.417066,52.749838],[41.417004,52.750029],[41.415493,52.751138],[41.41466,52.751751],[41.413958,52.752268],[41.413714,52.75245],[41.41201,52.753617]]}},{"type":"Feature","properties":{"highway":"residential","length":252.25881754805033},"geometry":{"type":"MultiLineString","coordinates":[[[41.436668,52.750938],[41.436825,52.750953]],[[41.440224,52.751274],[41.44036,52.751287]]]}},{"type":"Feature","properties":{"highway":"residential","length":271.1809378227738},"geometry":{"type":"MultiLineString","coordinates":[[[41.404971,52.710377],[41.405064,52.710402]],[[41.408649,52.711327],[41.408664,52.711331]]]}},{"type":"Feature","properties":{"highway":"residential","length":258.5507994600235},"geometry":{"type":"LineString","coordinates":[[41.406621,52.713423],[41.406677,52.713445]]}},{"type":"Feature","properties":{"highway":"residential","length":259.7424118654401},"geometry":{"type":"LineString","coordinates":[[41.40062,52.703593],[41.400717,52.70348]]}},{"type":"Feature","properties":{"highway":"residential","length":253.76169929814938},"geometry":{"type":"LineString","coordinates":[[41.401705,52.703912],[41.401889,52.703851],[41.401937,52.703832]]}},{"type":"Feature","properties":{"highway":"residential","length":563.1547411119487},"geometry":{"type":"MultiLineString","coordinates":[[[41.388412,52.720167],[41.388572,52.72015]],[[41.396547,52.719294],[41.396549,52.719294],[41.396617,52.719281]]]}},{"type":"Feature","properties":{"highway":"residential","length":158.59772556146982},"geometry":{"type":"LineString","coordinates":[[41.477933,52.741259],[41.479847,52.742085]]}},{"type":"Feature","properties":{"highway":"residential","length":264.6746751811449},"geometry":{"type":"LineString","coordinates":[[41.481738,52.743301],[41.481778,52.743318],[41.481815,52.74333],[41.481862,52.74334],[41.481914,52.743339],[41.481973,52.74333],[41.482025,52.743318],[41.482073,52.743304],[41.482125,52.743282],[41.482165,52.743262],[41.482244,52.743214],[41.482394,52.743107],[41.482154,52.742957],[41.481935,52.74283],[41.481596,52.742634],[41.481573,52.742621],[41.481145,52.742437],[41.480707,52.742286],[41.480282,52.742175],[41.479847,52.742085]]}},{"type":"Feature","properties":{"highway":"tertiary","length":171.01365419666328},"geometry":{"type":"LineString","coordinates":[[41.463734,52.692888],[41.463683,52.692831],[41.463662,52.692802],[41.463656,52.69277],[41.463742,52.692363],[41.463841,52.691863],[41.463927,52.691501],[41.463963,52.691375]]}},{"type":"Feature","properties":{"highway":"residential","length":608.4931346712838},"geometry":{"type":"MultiLineString","coordinates":[[[41.466461,52.690815],[41.466505,52.690729]],[[41.473832,52.688917],[41.473952,52.688926]]]}},{"type":"Feature","properties":{"highway":"residential","length":104.07366479382198},"geometry":{"type":"LineString","coordinates":[[41.474748,52.688337],[41.474546,52.689264]]}},{"type":"Feature","properties":{"highway":"residential","length":78.19707151155359},"geometry":{"type":"LineString","coordinates":[[41.470528,52.6945],[41.470538,52.694437]]}},{"type":"Feature","properties":{"highway":"residential","length":264.1312609611293},"geometry":{"type":"LineString","coordinates":[[41.46224,52.68375],[41.462032,52.683701],[41.461847,52.683683],[41.461768,52.683675],[41.460723,52.683635],[41.459715,52.683609],[41.459474,52.683591],[41.459361,52.683574],[41.459247,52.683541],[41.459163,52.683495],[41.459021,52.68337],[41.458903,52.683252],[41.458749,52.683107]]}},{"type":"Feature","properties":{"highway":"residential","length":99.73164007617991},"geometry":{"type":"LineString","coordinates":[[41.46321,52.696217],[41.463371,52.696247],[41.463656,52.69628]]}},{"type":"Feature","properties":{"highway":"primary","length":31.203807858428192},"geometry":{"type":"LineString","coordinates":[[41.448612,52.707686],[41.448491,52.707704],[41.448302,52.707738],[41.448184,52.707784]]}},{"type":"Feature","properties":{"highway":"residential","length":199.76114269776392},"geometry":{"type":"LineString","coordinates":[[41.383897,52.724843],[41.383828,52.724695],[41.383745,52.724483],[41.383672,52.724295],[41.383635,52.724193],[41.383513,52.723855],[41.383491,52.723795],[41.383461,52.723717],[41.383447,52.723678],[41.383299,52.723254],[41.383296,52.723214],[41.383305,52.723172],[41.383345,52.723093]]}},{"type":"Feature","properties":{"highway":"residential","length":230.17838870588284},"geometry":{"type":"LineString","coordinates":[[41.473505,52.755234],[41.473878,52.755027],[41.474046,52.754934],[41.474372,52.754753],[41.474516,52.754674],[41.474911,52.754451],[41.475017,52.75441]]}},{"type":"Feature","properties":{"highway":"primary","length":396.89071367083386},"geometry":{"type":"LineString","coordinates":[[41.505073,52.716898],[41.504157,52.717463],[41.503767,52.717685],[41.503649,52.717748],[41.503214,52.71798],[41.503148,52.718009],[41.502645,52.718234],[41.502213,52.718426],[41.501666,52.718653],[41.501217,52.718825],[41.500451,52.719064]]}},{"type":"Feature","properties":{"highway":"primary","length":967.7809716848981},"geometry":{"type":"LineString","coordinates":[[41.498246,52.719688],[41.497712,52.71984],[41.497402,52.719912],[41.496865,52.720008],[41.496443,52.720096],[41.49585,52.720191],[41.495376,52.720257],[41.494672,52.720354],[41.493701,52.720496],[41.492393,52.720691],[41.491491,52.720845],[41.491042,52.720932],[41.490525,52.721031],[41.486283,52.721828],[41.485838,52.721898],[41.48448,52.722036]]}},{"type":"Feature","properties":{"highway":"primary","length":43.096026590034},"geometry":{"type":"LineString","coordinates":[[41.448184,52.707784],[41.448182,52.707692],[41.448169,52.707618],[41.448148,52.707573],[41.448109,52.707514],[41.448002,52.707424]]}},{"type":"Feature","properties":{"highway":"residential","length":152.2558047439066},"geometry":{"type":"MultiLineString","coordinates":[[[41.421746,52.709153],[41.421717,52.709136]],[[41.420244,52.708287],[41.420112,52.708211]]]}},{"type":"Feature","properties":{"highway":"residential","length":277.54974856001064},"geometry":{"type":"LineString","coordinates":[[41.419928,52.716089],[41.419895,52.716155],[41.419575,52.716779],[41.419321,52.717275],[41.418984,52.717969],[41.418799,52.718351],[41.418739,52.718476]]}},{"type":"Feature","properties":{"highway":"residential","length":222.87702147088845},"geometry":{"type":"LineString","coordinates":[[41.459744,52.722219],[41.459427,52.722185],[41.457972,52.722046],[41.45747,52.721999],[41.456586,52.721915],[41.456487,52.721903]]}},{"type":"Feature","properties":{"highway":"residential","length":279.8212584179127},"geometry":{"type":"LineString","coordinates":[[41.451074,52.724422],[41.450933,52.724407],[41.450826,52.724397],[41.450015,52.724321],[41.449311,52.724243],[41.449182,52.724231],[41.447185,52.724022],[41.447143,52.724018],[41.446991,52.724002]]}},{"type":"Feature","properties":{"highway":"residential","length":71.28993995026856},"geometry":{"type":"LineString","coordinates":[[41.450261,52.731968],[41.44999,52.731936],[41.449853,52.73192],[41.449439,52.731868],[41.449226,52.731843]]}},{"type":"Feature","properties":{"highway":"residential","length":40.25178034993751},"geometry":{"type":"LineString","coordinates":[[41.453497,52.732322],[41.453322,52.732304],[41.452911,52.732257]]}},{"type":"Feature","properties":{"highway":"residential","length":525.821491041341},"geometry":{"type":"LineString","coordinates":[[41.442206,52.731055],[41.434699,52.730262],[41.434539,52.730241]]}},{"type":"Feature","properties":{"highway":"residential","length":162.40527415809441},"geometry":{"type":"MultiLineString","coordinates":[[[41.42803,52.751514],[41.427927,52.751574],[41.427926,52.751575]],[[41.426358,52.752433],[41.426247,52.752494]]]}},{"type":"Feature","properties":{"highway":"residential","length":201.76464092279636},"geometry":{"type":"LineString","coordinates":[[41.447164,52.739144],[41.44728,52.739159],[41.447408,52.739171]]}},{"type":"Feature","properties":{"highway":"residential","length":530.7321673664857},"geometry":{"type":"MultiLineString","coordinates":[[[41.44282,52.729408],[41.442688,52.729396]],[[41.43523,52.728609],[41.43508,52.728593]]]}},{"type":"Feature","properties":{"highway":"residential","length":249.82783500524187},"geometry":{"type":"LineString","coordinates":[[41.419607,52.761662],[41.419657,52.761674],[41.419798,52.761725],[41.419894,52.761698],[41.420879,52.760856],[41.421309,52.760489],[41.421394,52.760413],[41.421747,52.760099],[41.421762,52.760006]]}},{"type":"Feature","properties":{"highway":"residential","length":291.7394830113634},"geometry":{"type":"MultiLineString","coordinates":[[[41.468221,52.705764],[41.468073,52.705884],[41.468069,52.705888]],[[41.465774,52.707792],[41.465757,52.707806],[41.465671,52.707879]]]}},{"type":"Feature","properties":{"highway":"tertiary","length":296.90269166302795},"geometry":{"type":"LineString","coordinates":[[41.432436,52.712125],[41.432552,52.711929],[41.432686,52.711718],[41.43276,52.711629],[41.432928,52.711477],[41.432968,52.71144],[41.433166,52.71127],[41.433361,52.711102],[41.433847,52.710683],[41.434436,52.710212],[41.434646,52.710043],[41.434823,52.709902]]}},{"type":"Feature","properties":{"highway":"residential","length":281.70430720953686},"geometry":{"type":"LineString","coordinates":[[41.435819,52.709223],[41.435679,52.709227]]}},{"type":"Feature","properties":{"highway":"tertiary","length":216.54179739127883},"geometry":{"type":"LineString","coordinates":[[41.420561,52.728176],[41.420573,52.72813],[41.420585,52.728089],[41.420603,52.728043],[41.420624,52.728003],[41.420646,52.72797],[41.420688,52.727908],[41.420922,52.727661],[41.421379,52.727173],[41.421917,52.726621],[41.421972,52.726576],[41.422038,52.726534],[41.422079,52.726519],[41.422129,52.726501]]}},{"type":"Feature","properties":{"highway":"residential","length":221.94529285213378},"geometry":{"type":"MultiLineString","coordinates":[[[41.433159,52.734355],[41.433251,52.734424]],[[41.435145,52.735829],[41.43524,52.735899]]]}},{"type":"Feature","properties":{"highway":"secondary","length":166.84932606259028},"geometry":{"type":"LineString","coordinates":[[41.410333,52.739273],[41.410774,52.738732],[41.410895,52.738584],[41.411019,52.738432],[41.411429,52.737929]]}},{"type":"Feature","properties":{"highway":"tertiary","length":355.9467088644416},"geometry":{"type":"LineString","coordinates":[[41.404468,52.73056],[41.404433,52.730792],[41.40442,52.730843],[41.404398,52.730931],[41.404348,52.731075],[41.404308,52.731157],[41.404279,52.73122],[41.404214,52.731319],[41.404183,52.731362],[41.404113,52.731458],[41.403577,52.732189],[41.403402,52.732424],[41.403202,52.732692],[41.402861,52.733152],[41.402705,52.733384],[41.402605,52.733533]]}},{"type":"Feature","properties":{"highway":"residential","length":280.01402861888045},"geometry":{"type":"MultiLineString","coordinates":[[[41.416858,52.719158],[41.41698,52.719168]],[[41.42084,52.719493],[41.420962,52.719506]]]}},{"type":"Feature","properties":{"highway":"secondary","length":82.1039851527463},"geometry":{"type":"LineString","coordinates":[[41.420628,52.710298],[41.420582,52.710221],[41.420528,52.71016],[41.420456,52.710108],[41.420145,52.709961],[41.419774,52.709796]]}},{"type":"Feature","properties":{"highway":"residential","length":232.1961176421856},"geometry":{"type":"LineString","coordinates":[[41.438152,52.702804],[41.438064,52.702829]]}},{"type":"Feature","properties":{"highway":"residential","length":74.40745476044472},"geometry":{"type":"LineString","coordinates":[[41.437661,52.702206],[41.438152,52.702804]]}},{"type":"Feature","properties":{"highway":"residential","length":375.996886001802},"geometry":{"type":"MultiLineString","coordinates":[[[41.42254,52.704785],[41.422641,52.704723]],[[41.426336,52.702441],[41.42644,52.702377]]]}},{"type":"Feature","properties":{"highway":"residential","length":70.25495339261958},"geometry":{"type":"LineString","coordinates":[[41.438503,52.703389],[41.438522,52.703361],[41.438511,52.703328],[41.438152,52.702804]]}},{"type":"Feature","properties":{"highway":"residential","length":236.69246327636776},"geometry":{"type":"MultiLineString","coordinates":[[[41.435255,52.704093],[41.435738,52.704025],[41.435976,52.704035]],[[41.437084,52.703799],[41.438013,52.703544],[41.438503,52.703389]]]}},{"type":"Feature","properties":{"highway":"residential","length":290.65729862241426},"geometry":{"type":"LineString","coordinates":[[41.43339,52.699041],[41.43349,52.698927]]}},{"type":"Feature","properties":{"highway":"residential","length":231.58688327397638},"geometry":{"type":"MultiLineString","coordinates":[[[41.436388,52.701303],[41.436316,52.701348]],[[41.434003,52.702753],[41.433966,52.702774]]]}},{"type":"Feature","properties":{"highway":"residential","length":256.24920863101255},"geometry":{"type":"MultiLineString","coordinates":[[[41.432311,52.701832],[41.43237,52.701795]],[[41.434678,52.700383],[41.434968,52.70019]]]}},{"type":"Feature","properties":{"highway":"residential","length":301.6303305042669},"geometry":{"type":"MultiLineString","coordinates":[[[41.406646,52.702325],[41.406533,52.702381]],[[41.403823,52.703887],[41.403793,52.703881],[41.40368,52.703857]]]}},{"type":"Feature","properties":{"highway":"residential","length":685.4981194075359},"geometry":{"type":"LineString","coordinates":[[41.442909,52.697935],[41.440167,52.697424],[41.440066,52.697376],[41.43996,52.69718],[41.439896,52.69713],[41.439727,52.697107],[41.439356,52.69716],[41.439073,52.6972],[41.438416,52.697302],[41.43691,52.697555],[41.436347,52.69765],[41.433634,52.698144],[41.43344,52.698166]]}},{"type":"Feature","properties":{"highway":"residential","length":340.3730424069246},"geometry":{"type":"LineString","coordinates":[[41.436863,52.69733],[41.436859,52.697283],[41.437014,52.695668],[41.437052,52.695084],[41.437086,52.694926],[41.437047,52.694858],[41.437001,52.69477],[41.436999,52.69468],[41.437013,52.694583],[41.43705,52.694478],[41.437149,52.694297]]}},{"type":"Feature","properties":{"highway":"residential","length":386.4114345979984},"geometry":{"type":"MultiLineString","coordinates":[[[41.427173,52.69866],[41.427123,52.69871]],[[41.424471,52.701351],[41.424425,52.701397],[41.424583,52.701478],[41.424706,52.701597]]]}},{"type":"Feature","properties":{"highway":"residential","length":104.63984253619294},"geometry":{"type":"LineString","coordinates":[[41.427057,52.698615],[41.427091,52.698578]]}},{"type":"Feature","properties":{"highway":"residential","length":220.4052540024466},"geometry":{"type":"LineString","coordinates":[[41.398683,52.70885],[41.40003,52.709666],[41.400471,52.709934],[41.400992,52.710249]]}},{"type":"Feature","properties":{"highway":"residential","length":225.40891674437415},"geometry":{"type":"MultiLineString","coordinates":[[[41.408377,52.705664],[41.408457,52.705693]],[[41.40827,52.707235],[41.408228,52.707288]]]}},{"type":"Feature","properties":{"highway":"residential","length":90.45452057645613},"geometry":{"type":"LineString","coordinates":[[41.40205,52.709611],[41.402092,52.709621]]}},{"type":"Feature","properties":{"highway":"residential","length":294.89098283625333},"geometry":{"type":"MultiLineString","coordinates":[[[41.405475,52.72438],[41.405577,52.724395],[41.405617,52.724401]],[[41.409581,52.724965],[41.409723,52.724986]]]}},{"type":"Feature","properties":{"highway":"residential","length":120.96234490945248},"geometry":{"type":"LineString","coordinates":[[41.457975,52.700188],[41.45808,52.70024]]}},{"type":"Feature","properties":{"highway":"residential","length":137.97181141880594},"geometry":{"type":"LineString","coordinates":[[41.376661,52.738253],[41.376646,52.738228]]}},{"type":"Feature","properties":{"highway":"residential","length":855.4818716420206},"geometry":{"type":"LineString","coordinates":[[41.45957,52.753932],[41.459053,52.754004],[41.455818,52.753936],[41.455672,52.753979],[41.455594,52.754056],[41.455569,52.75456],[41.455528,52.754612],[41.455447,52.754628],[41.453933,52.754575],[41.453658,52.754565],[41.453289,52.75454],[41.451806,52.754437],[41.451209,52.754396],[41.450591,52.754353],[41.44821,52.754204],[41.447903,52.754184]]}},{"type":"Feature","properties":{"highway":"residential","length":79.2348529960551},"geometry":{"type":"LineString","coordinates":[[41.40255,52.752105],[41.402708,52.752114]]}},{"type":"Feature","properties":{"highway":"residential","length":374.90015112232584},"geometry":{"type":"LineString","coordinates":[[41.400679,52.758696],[41.400667,52.758708],[41.400593,52.758749],[41.400509,52.75878],[41.400365,52.758818],[41.400227,52.758828],[41.400053,52.758822],[41.399904,52.758806],[41.399385,52.758683],[41.399257,52.758655]]}},{"type":"Feature","properties":{"highway":"residential","length":389.2099258611355},"geometry":{"type":"MultiLineString","coordinates":[[[41.387073,52.758621],[41.387155,52.758661]],[[41.3915,52.760708],[41.391548,52.760731],[41.39162,52.760765]]]}},{"type":"Feature","properties":{"highway":"residential","length":439.26979879683915},"geometry":{"type":"LineString","coordinates":[[41.392,52.73125],[41.392633,52.731226],[41.392641,52.731379],[41.392689,52.732036],[41.392823,52.733141],[41.392907,52.734528],[41.392949,52.734599],[41.393051,52.734769]]}},{"type":"Feature","properties":{"highway":"residential","length":244.65541263701843},"geometry":{"type":"LineString","coordinates":[[41.398201,52.755326],[41.398211,52.755311]]}},{"type":"Feature","properties":{"highway":"residential","length":126.44327088239854},"geometry":{"type":"LineString","coordinates":[[41.397465,52.727893],[41.397559,52.727899]]}},{"type":"Feature","properties":{"highway":"residential","length":109.47542827904766},"geometry":{"type":"LineString","coordinates":[[41.391495,52.729731],[41.391544,52.729746],[41.391597,52.729757],[41.391652,52.729761],[41.393097,52.729861]]}},{"type":"Feature","properties":{"highway":"residential","length":115.44606290859323},"geometry":{"type":"LineString","coordinates":[[41.436683,52.71701],[41.436696,52.716945]]}},{"type":"Feature","properties":{"highway":"residential","length":230.68375934709766},"geometry":{"type":"LineString","coordinates":[[41.431632,52.71635],[41.431619,52.716403]]}},{"type":"Feature","properties":{"highway":"residential","length":318.13689740389424},"geometry":{"type":"MultiLineString","coordinates":[[[41.405708,52.722867],[41.405853,52.72289]],[[41.410088,52.723629],[41.410232,52.723649]]]}},{"type":"Feature","properties":{"highway":"residential","length":157.2110871645413},"geometry":{"type":"LineString","coordinates":[[41.410976,52.721627],[41.411136,52.721651],[41.411165,52.721655]]}},{"type":"Feature","properties":{"highway":"residential","length":90.32971882233564},"geometry":{"type":"LineString","coordinates":[[41.473685,52.694606],[41.473675,52.694664]]}},{"type":"Feature","properties":{"highway":"residential","length":200.17120181727205},"geometry":{"type":"LineString","coordinates":[[41.461914,52.692677],[41.461909,52.692714],[41.461902,52.692766]]}},{"type":"Feature","properties":{"highway":"residential","length":463.0883136553691},"geometry":{"type":"MultiLineString","coordinates":[[[41.478711,52.694747],[41.479103,52.694658],[41.47928,52.694644],[41.479517,52.694628],[41.479665,52.694651],[41.479921,52.694732],[41.480463,52.694935],[41.480989,52.695174],[41.481535,52.695452],[41.481626,52.695535],[41.48168,52.695657],[41.481678,52.695745],[41.481639,52.695744]],[[41.478777,52.695653],[41.478632,52.695649]]]}},{"type":"Feature","properties":{"highway":"residential","length":39.98636407977265},"geometry":{"type":"LineString","coordinates":[[41.392814,52.703002],[41.393057,52.703035],[41.393156,52.703024],[41.393394,52.702998]]}},{"type":"Feature","properties":{"highway":"residential","length":117.75262797541002},"geometry":{"type":"LineString","coordinates":[[41.389646,52.733147],[41.3895,52.732909],[41.389125,52.73241],[41.388956,52.732176]]}},{"type":"Feature","properties":{"highway":"residential","length":77.3778292781621},"geometry":{"type":"LineString","coordinates":[[41.403545,52.715616],[41.403528,52.715642]]}},{"type":"Feature","properties":{"highway":"residential","length":113.29708812330065},"geometry":{"type":"LineString","coordinates":[[41.406122,52.717993],[41.40617,52.718012],[41.406332,52.71808]]}},{"type":"Feature","properties":{"highway":"residential","length":489.5762185023098},"geometry":{"type":"MultiLineString","coordinates":[[[41.390382,52.721325],[41.390408,52.721367],[41.390451,52.721423],[41.390478,52.721454]],[[41.390478,52.721454],[41.390514,52.721487],[41.390572,52.721529],[41.390648,52.721569],[41.390724,52.721603]],[[41.390724,52.721603],[41.390999,52.72169],[41.391336,52.721779]],[[41.391336,52.721779],[41.391336,52.721779]],[[41.391336,52.721779],[41.391412,52.721799],[41.39166,52.721841],[41.391802,52.72186],[41.391928,52.721875]],[[41.391928,52.721875],[41.392017,52.721885],[41.392291,52.721908],[41.392574,52.721921],[41.393038,52.721921],[41.393478,52.721915],[41.393941,52.721887],[41.394011,52.721882],[41.394358,52.721848]],[[41.395931,52.721691],[41.396335,52.721651],[41.397247,52.72156]]]}},{"type":"Feature","properties":{"highway":"residential","length":125.63468886101666},"geometry":{"type":"LineString","coordinates":[[41.402294,52.720143],[41.402361,52.720019]]}},{"type":"Feature","properties":{"highway":"residential","length":23.04083484989756},"geometry":{"type":"LineString","coordinates":[[41.391495,52.729731],[41.391453,52.729709],[41.391417,52.729683],[41.391391,52.729654],[41.391374,52.729622],[41.391367,52.729589],[41.391368,52.729549]]}},{"type":"Feature","properties":{"highway":"residential","length":153.4727129724379},"geometry":{"type":"LineString","coordinates":[[41.409944,52.712512],[41.409893,52.712588]]}},{"type":"Feature","properties":{"highway":"tertiary","length":270.3610199193528},"geometry":{"type":"LineString","coordinates":[[41.410976,52.721627],[41.410693,52.721639],[41.41054,52.721627],[41.410074,52.721553],[41.408661,52.721333],[41.407313,52.721123],[41.407224,52.721109],[41.407089,52.721088]]}},{"type":"Feature","properties":{"highway":"residential","length":148.30846041839513},"geometry":{"type":"LineString","coordinates":[[41.412212,52.713075],[41.412152,52.713156]]}},{"type":"Feature","properties":{"highway":"residential","length":65.16411736436605},"geometry":{"type":"LineString","coordinates":[[41.437512,52.757653],[41.437337,52.757745],[41.437328,52.758068],[41.437325,52.75819]]}},{"type":"Feature","properties":{"highway":"residential","length":94.71530819237722},"geometry":{"type":"LineString","coordinates":[[41.448861,52.718233],[41.448848,52.718315]]}},{"type":"Feature","properties":{"highway":"residential","length":69.76761765313921},"geometry":{"type":"LineString","coordinates":[[41.428132,52.710509],[41.427831,52.710387],[41.427795,52.710479],[41.42778,52.710517],[41.427691,52.710744],[41.427675,52.710784]]}},{"type":"Feature","properties":{"highway":"residential","length":130.03978354137283},"geometry":{"type":"LineString","coordinates":[[41.434252,52.726302],[41.434242,52.726242],[41.434116,52.726067],[41.434083,52.726016]]}},{"type":"Feature","properties":{"highway":"residential","length":735.7094432252725},"geometry":{"type":"LineString","coordinates":[[41.422066,52.729099],[41.4223,52.729186],[41.422459,52.729249],[41.422913,52.729376],[41.423194,52.729454],[41.4238,52.729574],[41.424481,52.729714],[41.425227,52.729823],[41.425321,52.729836],[41.425947,52.729991],[41.426336,52.730241],[41.426732,52.73043],[41.427115,52.730582],[41.427213,52.730634],[41.42729,52.7307],[41.427487,52.730973],[41.428002,52.731674],[41.428063,52.731752],[41.428085,52.731777],[41.428107,52.731796],[41.42814,52.731811],[41.428177,52.731819],[41.428223,52.731821],[41.42868,52.731823],[41.43018,52.731848],[41.430358,52.73185],[41.430518,52.73184],[41.43095,52.731659]]}},{"type":"Feature","properties":{"highway":"residential","length":347.3864481534143},"geometry":{"type":"MultiLineString","coordinates":[[[41.387938,52.775093],[41.387984,52.775057]],[[41.39094,52.772751],[41.390954,52.772741],[41.391097,52.772628]]]}},{"type":"Feature","properties":{"highway":"residential","length":470.13994679004503},"geometry":{"type":"LineString","coordinates":[[41.39936,52.780426],[41.395969,52.778829],[41.39543,52.778575],[41.39384,52.777848]]}},{"type":"Feature","properties":{"highway":"residential","length":307.9478514374187},"geometry":{"type":"LineString","coordinates":[[41.39438,52.774363],[41.394386,52.774359],[41.39453,52.774245]]}},{"type":"Feature","properties":{"highway":"residential","length":615.3119934840123},"geometry":{"type":"MultiLineString","coordinates":[[[41.401747,52.779289],[41.40165,52.779245],[41.401636,52.779238]],[[41.394641,52.775961],[41.394531,52.775909]]]}},{"type":"Feature","properties":{"highway":"residential","length":348.40858086218475},"geometry":{"type":"MultiLineString","coordinates":[[[41.386772,52.77456],[41.386817,52.774524]],[[41.38978,52.772207],[41.38979,52.772199],[41.389934,52.772086]]]}},{"type":"Feature","properties":{"highway":"residential","length":620.2854226732377},"geometry":{"type":"MultiLineString","coordinates":[[[41.398899,52.7816],[41.398769,52.781541]],[[41.391733,52.778259],[41.391611,52.778203]]]}},{"type":"Feature","properties":{"highway":"residential","length":620.9600099675862},"geometry":{"type":"MultiLineString","coordinates":[[[41.400916,52.780004],[41.400784,52.779939],[41.400781,52.779937]],[[41.393752,52.776657],[41.393628,52.776598]]]}},{"type":"Feature","properties":{"highway":"residential","length":280.5606310662809},"geometry":{"type":"LineString","coordinates":[[41.390231,52.77617],[41.390298,52.776114]]}},{"type":"Feature","properties":{"highway":"residential","length":410.45227689550535},"geometry":{"type":"LineString","coordinates":[[41.444529,52.71781],[41.444516,52.717857]]}},{"type":"Feature","properties":{"highway":"secondary","length":50.944623952735064},"geometry":{"type":"LineString","coordinates":[[41.443409,52.72736],[41.443541,52.726909]]}},{"type":"Feature","properties":{"highway":"residential","length":184.1266572088252},"geometry":{"type":"MultiLineString","coordinates":[[[41.44634,52.731519],[41.446314,52.731607]],[[41.445883,52.733058],[41.445882,52.733062],[41.445857,52.733147]]]}},{"type":"Feature","properties":{"highway":"secondary","length":158.07391893709462},"geometry":{"type":"LineString","coordinates":[[41.447051,52.758138],[41.446895,52.758298],[41.445856,52.75936]]}},{"type":"Feature","properties":{"highway":"primary","length":85.25913617167217},"geometry":{"type":"LineString","coordinates":[[41.451033,52.743115],[41.451097,52.743195],[41.451105,52.743276],[41.451107,52.743356],[41.451059,52.743513],[41.451016,52.743649],[41.450959,52.743753],[41.450856,52.743841]]}},{"type":"Feature","properties":{"highway":"secondary","length":33.11600332948726},"geometry":{"type":"LineString","coordinates":[[41.450152,52.744094],[41.449901,52.743838]]}},{"type":"Feature","properties":{"highway":"primary","length":61.02621752312136},"geometry":{"type":"LineString","coordinates":[[41.416756,52.749804],[41.416708,52.74977],[41.416676,52.74973],[41.41666,52.749673],[41.416674,52.749617],[41.416718,52.749566],[41.416785,52.749526],[41.41687,52.749501],[41.416964,52.749493],[41.417057,52.749504],[41.41714,52.749532]]}},{"type":"Feature","properties":{"highway":"secondary","length":43.19518771754589},"geometry":{"type":"LineString","coordinates":[[41.401827,52.760706],[41.401942,52.760686],[41.402056,52.760685],[41.402147,52.760699],[41.402209,52.760717],[41.40226,52.760743],[41.402311,52.760782],[41.40234,52.760836]]}},{"type":"Feature","properties":{"highway":"residential","length":66.08315660644568},"geometry":{"type":"LineString","coordinates":[[41.435572,52.734331],[41.435775,52.734235]]}},{"type":"Feature","properties":{"highway":"residential","length":260.49675694050933},"geometry":{"type":"LineString","coordinates":[[41.442011,52.740492],[41.44436,52.742181],[41.444493,52.742283]]}},{"type":"Feature","properties":{"highway":"residential","length":259.8605256190123},"geometry":{"type":"MultiLineString","coordinates":[[[41.440654,52.741171],[41.440742,52.741234]],[[41.443029,52.7429],[41.443115,52.742966]]]}},{"type":"Feature","properties":{"highway":"residential","length":229.68755568529292},"geometry":{"type":"MultiLineString","coordinates":[[[41.43157,52.744629],[41.431677,52.744576],[41.43168,52.744574]],[[41.434094,52.743383],[41.434209,52.743326]]]}},{"type":"Feature","properties":{"highway":"secondary","length":28.409233629808238},"geometry":{"type":"LineString","coordinates":[[41.444072,52.7251],[41.444157,52.725109],[41.444222,52.725115],[41.444486,52.725144]]}},{"type":"Feature","properties":{"highway":"secondary","length":28.32927507756794},"geometry":{"type":"LineString","coordinates":[[41.41596,52.768245],[41.415998,52.768173],[41.416021,52.768113],[41.416024,52.767996]]}},{"type":"Feature","properties":{"highway":"secondary","length":48.78323514369583},"geometry":{"type":"LineString","coordinates":[[41.441034,52.736381],[41.441689,52.736197]]}},{"type":"Feature","properties":{"highway":"residential","length":76.55498131586103},"geometry":{"type":"MultiLineString","coordinates":[[[41.458454,52.695025],[41.458593,52.695028]],[[41.459537,52.695043],[41.459586,52.695044]]]}},{"type":"Feature","properties":{"highway":"residential","length":547.1367206354779},"geometry":{"type":"LineString","coordinates":[[41.473058,52.685363],[41.47345,52.685234],[41.473961,52.685098],[41.475324,52.684737],[41.476872,52.68441],[41.47825,52.683909],[41.47835,52.683888],[41.479411,52.683565],[41.479444,52.683542],[41.479461,52.683519],[41.479467,52.68347],[41.479461,52.683373],[41.479419,52.683246],[41.479365,52.683067],[41.47942,52.682938]]}},{"type":"Feature","properties":{"highway":"residential","length":159.09206707476682},"geometry":{"type":"LineString","coordinates":[[41.397742,52.695644],[41.397485,52.695851],[41.397156,52.696168],[41.396908,52.696433],[41.396719,52.696664],[41.396656,52.696802],[41.396672,52.696891]]}},{"type":"Feature","properties":{"highway":"residential","length":114.58665300810804},"geometry":{"type":"LineString","coordinates":[[41.402167,52.699753],[41.402269,52.699694]]}},{"type":"Feature","properties":{"highway":"residential","length":173.46815827120875},"geometry":{"type":"LineString","coordinates":[[41.401339,52.699285],[41.401477,52.699238]]}},{"type":"Feature","properties":{"highway":"residential","length":123.20717185624663},"geometry":{"type":"LineString","coordinates":[[41.443097,52.736642],[41.443101,52.736677],[41.443088,52.736734]]}},{"type":"Feature","properties":{"highway":"residential","length":211.8112774622398},"geometry":{"type":"LineString","coordinates":[[41.456604,52.695984],[41.457251,52.69549],[41.457298,52.695417],[41.457309,52.69517],[41.45729,52.695033],[41.4573,52.69478],[41.457279,52.694598],[41.457234,52.694225]]}},{"type":"Feature","properties":{"highway":"residential","length":159.95501704693933},"geometry":{"type":"LineString","coordinates":[[41.420674,52.731151],[41.420702,52.731166],[41.420765,52.731195]]}},{"type":"Feature","properties":{"highway":"residential","length":295.67494947004406},"geometry":{"type":"MultiLineString","coordinates":[[[41.417456,52.739185],[41.417456,52.739187]],[[41.420636,52.739119],[41.420657,52.739066]]]}},{"type":"Feature","properties":{"highway":"residential","length":215.06034578592758},"geometry":{"type":"MultiLineString","coordinates":[[[41.430641,52.720824],[41.430664,52.720735]],[[41.431243,52.719197],[41.431291,52.719038]]]}},{"type":"Feature","properties":{"highway":"primary","length":20.44657912364273},"geometry":{"type":"LineString","coordinates":[[41.450856,52.743841],[41.450576,52.743911]]}},{"type":"Feature","properties":{"highway":"primary","length":62.49820919031433},"geometry":{"type":"LineString","coordinates":[[41.473265,52.757247],[41.472749,52.756914],[41.472636,52.756835]]}},{"type":"Feature","properties":{"highway":"primary","length":83.84605518817335},"geometry":{"type":"LineString","coordinates":[[41.452072,52.743731],[41.451802,52.743715],[41.451538,52.743731],[41.450856,52.743841]]}},{"type":"Feature","properties":{"highway":"residential","length":79.29541327794145},"geometry":{"type":"LineString","coordinates":[[41.479294,52.703826],[41.479871,52.703923],[41.480017,52.703944],[41.480438,52.703974]]}},{"type":"Feature","properties":{"highway":"primary","length":79.25110664669063},"geometry":{"type":"LineString","coordinates":[[41.46448,52.701771],[41.464599,52.701899],[41.46505,52.702393]]}},{"type":"Feature","properties":{"highway":"secondary","length":20.580550044560287},"geometry":{"type":"LineString","coordinates":[[41.431228,52.756213],[41.430985,52.756101]]}},{"type":"Feature","properties":{"highway":"secondary","length":140.44849729721017},"geometry":{"type":"LineString","coordinates":[[41.413421,52.766093],[41.414737,52.766896],[41.414801,52.766964],[41.414768,52.767011]]}},{"type":"Feature","properties":{"highway":"secondary","length":31.975768077570756},"geometry":{"type":"LineString","coordinates":[[41.416568,52.767458],[41.416916,52.767263]]}},{"type":"Feature","properties":{"highway":"secondary","length":37.75769537858666},"geometry":{"type":"LineString","coordinates":[[41.417254,52.767325],[41.417132,52.767441],[41.417105,52.767496],[41.417082,52.76764]]}},{"type":"Feature","properties":{"highway":"secondary_link","length":6.642229889114905},"geometry":{"type":"LineString","coordinates":[[41.402969,52.761442],[41.403031,52.761396]]}},{"type":"Feature","properties":{"highway":"residential","length":221.44279074616657},"geometry":{"type":"MultiLineString","coordinates":[[[41.4137,52.714222],[41.413494,52.714128]],[[41.410802,52.713576],[41.410699,52.71357]]]}},{"type":"Feature","properties":{"highway":"residential","length":28.137724695702346},"geometry":{"type":"LineString","coordinates":[[41.403179,52.71104],[41.403335,52.71113],[41.403405,52.711159],[41.403515,52.711183]]}},{"type":"Feature","properties":{"highway":"secondary","length":179.70719698241334},"geometry":{"type":"LineString","coordinates":[[41.441454,52.724816],[41.441648,52.724837],[41.442602,52.724941],[41.443925,52.725084],[41.444072,52.7251]]}},{"type":"Feature","properties":{"highway":"secondary","length":137.5029421108654},"geometry":{"type":"LineString","coordinates":[[41.477933,52.741259],[41.476693,52.742239]]}},{"type":"Feature","properties":{"highway":"primary","length":26.2224515125112},"geometry":{"type":"LineString","coordinates":[[41.404217,52.759097],[41.404013,52.759249],[41.403973,52.75928]]}},{"type":"Feature","properties":{"highway":"primary","length":39.96306869174142},"geometry":{"type":"LineString","coordinates":[[41.402547,52.7605],[41.40234,52.760836]]}},{"type":"Feature","properties":{"highway":"tertiary","length":109.91865329685483},"geometry":{"type":"LineString","coordinates":[[41.443061,52.728619],[41.443207,52.728634],[41.443436,52.728648],[41.444678,52.728729]]}},{"type":"Feature","properties":{"highway":"secondary","length":11.353662150695117},"geometry":{"type":"LineString","coordinates":[[41.449561,52.725682],[41.449727,52.7257]]}},{"type":"Feature","properties":{"highway":"secondary","length":572.4799913785557},"geometry":{"type":"LineString","coordinates":[[41.46646,52.744424],[41.464662,52.745101],[41.464473,52.745173],[41.463368,52.745542],[41.463053,52.745735],[41.462156,52.74649],[41.461057,52.747264],[41.460259,52.747817]]}},{"type":"Feature","properties":{"highway":"secondary","length":594.0961787713907},"geometry":{"type":"LineString","coordinates":[[41.476693,52.742239],[41.475647,52.742427],[41.475589,52.742437],[41.474028,52.742686],[41.473618,52.742753],[41.472272,52.742971],[41.471435,52.743111],[41.471322,52.743129],[41.469698,52.743445],[41.469621,52.74346],[41.469237,52.743561],[41.468297,52.743808]]}},{"type":"Feature","properties":{"highway":"secondary","length":40.1574659751856},"geometry":{"type":"LineString","coordinates":[[41.442506,52.736662],[41.442597,52.736675],[41.443088,52.736734]]}},{"type":"Feature","properties":{"highway":"primary","length":60.46719575972624},"geometry":{"type":"LineString","coordinates":[[41.449272,52.707328],[41.448929,52.707544],[41.448871,52.707587],[41.448746,52.707652],[41.448612,52.707686]]}},{"type":"Feature","properties":{"highway":"primary","length":59.401796144078645},"geometry":{"type":"LineString","coordinates":[[41.437924,52.719762],[41.437866,52.719968],[41.437761,52.720286]]}},{"type":"Feature","properties":{"highway":"primary","length":130.7306088011934},"geometry":{"type":"LineString","coordinates":[[41.421685,52.746445],[41.422052,52.746253],[41.423152,52.745678]]}},{"type":"Feature","properties":{"highway":"primary","length":160.11735455099077},"geometry":{"type":"LineString","coordinates":[[41.419998,52.747456],[41.420186,52.747343],[41.421685,52.746445]]}},{"type":"Feature","properties":{"highway":"tertiary","length":1043.5783486852044},"geometry":{"type":"LineString","coordinates":[[41.372305,52.746361],[41.372359,52.746447],[41.372994,52.747443],[41.37311,52.74762],[41.373249,52.747832],[41.373381,52.748035],[41.373784,52.748653],[41.373873,52.748793],[41.374059,52.749086],[41.374089,52.749139],[41.374092,52.749164],[41.374086,52.749191],[41.374079,52.749212],[41.374066,52.749232],[41.374046,52.749261],[41.374016,52.749286],[41.373969,52.749313],[41.373921,52.749337],[41.373856,52.749362],[41.373782,52.749386],[41.372932,52.74965],[41.371015,52.750247],[41.370728,52.75034],[41.369519,52.750729],[41.369107,52.750862],[41.368968,52.750907],[41.368483,52.75105],[41.368119,52.751162],[41.367841,52.751261],[41.367539,52.75141],[41.367276,52.751559]]}},{"type":"Feature","properties":{"highway":"unclassified","length":390.15152661641577},"geometry":{"type":"LineString","coordinates":[[41.49446,52.737801],[41.494874,52.737582],[41.495053,52.737454],[41.495149,52.737403],[41.495244,52.737318],[41.495268,52.737296],[41.495335,52.73724],[41.495402,52.737229],[41.495509,52.737227],[41.495717,52.737232],[41.49595,52.737221],[41.496144,52.737185],[41.496341,52.737172],[41.496594,52.737152],[41.496828,52.737122],[41.497,52.737097],[41.497283,52.737069],[41.497467,52.737049],[41.497623,52.737049],[41.49779,52.737041],[41.497935,52.737029],[41.498085,52.737003],[41.498199,52.736975],[41.498371,52.736927],[41.498578,52.73687],[41.498794,52.736817],[41.499032,52.736786],[41.499172,52.73675],[41.499258,52.736711],[41.499353,52.736655],[41.49943,52.736583],[41.499487,52.736495]]}},{"type":"Feature","properties":{"highway":"unclassified","length":84.65990787459849},"geometry":{"type":"LineString","coordinates":[[41.493719,52.738396],[41.493841,52.738276],[41.493973,52.738137],[41.494136,52.73795],[41.494296,52.737891],[41.49446,52.737801]]}},{"type":"Feature","properties":{"highway":"residential","length":389.78507911795026},"geometry":{"type":"MultiLineString","coordinates":[[[41.375083,52.765085],[41.375183,52.765012]],[[41.37857,52.762395],[41.378584,52.762386],[41.378653,52.762332]]]}},{"type":"Feature","properties":{"highway":"residential","length":272.426352618838},"geometry":{"type":"LineString","coordinates":[[41.447187,52.693022],[41.447159,52.693046],[41.447055,52.693134],[41.446899,52.693381],[41.446859,52.693557],[41.446695,52.693775],[41.446458,52.693941],[41.446364,52.694007],[41.44611,52.69423],[41.445536,52.69475],[41.445143,52.6951]]}},{"type":"Feature","properties":{"highway":"residential","length":592.5572836804158},"geometry":{"type":"LineString","coordinates":[[41.509826,52.705537],[41.50986,52.706063],[41.510075,52.709408],[41.510136,52.71035],[41.510175,52.710484],[41.510225,52.710574],[41.510333,52.710639],[41.510607,52.71072]]}},{"type":"Feature","properties":{"highway":"residential","length":40.09942095166203},"geometry":{"type":"LineString","coordinates":[[41.451533,52.725959],[41.451491,52.725956],[41.45128,52.725935],[41.451126,52.72592],[41.450947,52.725902]]}},{"type":"Feature","properties":{"highway":"residential","length":121.73850640045387},"geometry":{"type":"LineString","coordinates":[[41.4032,52.743247],[41.403344,52.743286]]}},{"type":"Feature","properties":{"highway":"residential","length":68.26985623990582},"geometry":{"type":"LineString","coordinates":[[41.43488,52.716776],[41.434911,52.716722]]}},{"type":"Feature","properties":{"highway":"residential","length":159.7786382671484},"geometry":{"type":"LineString","coordinates":[[41.394831,52.754592],[41.394859,52.754559]]}},{"type":"Feature","properties":{"highway":"residential","length":85.2741410744343},"geometry":{"type":"LineString","coordinates":[[41.40279,52.751108],[41.402939,52.751108]]}},{"type":"Feature","properties":{"highway":"residential","length":105.7945992338373},"geometry":{"type":"MultiLineString","coordinates":[[[41.454636,52.742255],[41.454683,52.742272]],[[41.455855,52.742693],[41.455983,52.742739]]]}},{"type":"Feature","properties":{"highway":"residential","length":252.58124241779544},"geometry":{"type":"MultiLineString","coordinates":[[[41.427661,52.747753],[41.427733,52.747805]],[[41.42986,52.749494],[41.429887,52.749515],[41.429943,52.749551]]]}},{"type":"Feature","properties":{"highway":"residential","length":183.70323586605906},"geometry":{"type":"LineString","coordinates":[[41.430219,52.75218],[41.430241,52.752091]]}},{"type":"Feature","properties":{"highway":"residential","length":273.61812529762364},"geometry":{"type":"LineString","coordinates":[[41.431346,52.752283],[41.431937,52.74985]]}},{"type":"Feature","properties":{"highway":"residential","length":428.52756887162235},"geometry":{"type":"MultiLineString","coordinates":[[[41.368416,52.77038],[41.368504,52.770301]],[[41.372154,52.767383],[41.372248,52.76731]]]}},{"type":"Feature","properties":{"highway":"residential","length":404.3581603267295},"geometry":{"type":"MultiLineString","coordinates":[[[41.3698,52.770767],[41.369875,52.770685]],[[41.373287,52.767907],[41.373365,52.767851]]]}},{"type":"Feature","properties":{"highway":"residential","length":312.8727319228863},"geometry":{"type":"LineString","coordinates":[[41.381942,52.762684],[41.381795,52.762615]]}},{"type":"Feature","properties":{"highway":"residential","length":391.77097827290606},"geometry":{"type":"MultiLineString","coordinates":[[[41.390854,52.761379],[41.390781,52.761332],[41.390737,52.761303]],[[41.386361,52.759265],[41.386278,52.759233]]]}},{"type":"Feature","properties":{"highway":"residential","length":72.90693041215556},"geometry":{"type":"LineString","coordinates":[[41.438603,52.734294],[41.438626,52.734219]]}},{"type":"Feature","properties":{"highway":"residential","length":618.5394628062975},"geometry":{"type":"MultiLineString","coordinates":[[[41.389611,52.779777],[41.389728,52.779833]],[[41.396734,52.783133],[41.39684,52.783193]]]}},{"type":"Feature","properties":{"highway":"residential","length":347.3715244080005},"geometry":{"type":"MultiLineString","coordinates":[[[41.386904,52.777331],[41.386851,52.777374],[41.386817,52.777401]],[[41.383811,52.779718],[41.383717,52.77978]]]}},{"type":"Feature","properties":{"highway":"residential","length":345.9344471959212},"geometry":{"type":"MultiLineString","coordinates":[[[41.38572,52.776791],[41.385667,52.776838],[41.385638,52.776861]],[[41.382712,52.7792],[41.382626,52.779269]]]}},{"type":"Feature","properties":{"highway":"residential","length":349.30003425368307},"geometry":{"type":"MultiLineString","coordinates":[[[41.388058,52.777854],[41.388016,52.777885],[41.387964,52.777926]],[[41.384989,52.780272],[41.384987,52.780273],[41.384899,52.78034]]]}},{"type":"Feature","properties":{"highway":"residential","length":352.5100442062616},"geometry":{"type":"MultiLineString","coordinates":[[[41.389226,52.778372],[41.38918,52.778415],[41.389126,52.778458]],[[41.386145,52.780815],[41.386051,52.780887]]]}},{"type":"Feature","properties":{"highway":"residential","length":467.2682209394622},"geometry":{"type":"LineString","coordinates":[[41.385942,52.782085],[41.385828,52.782032]]}},{"type":"Feature","properties":{"highway":"residential","length":466.76251391559754},"geometry":{"type":"LineString","coordinates":[[41.385052,52.782784],[41.384932,52.782728]]}},{"type":"Feature","properties":{"highway":"residential","length":466.59598478570314},"geometry":{"type":"LineString","coordinates":[[41.38417,52.783475],[41.384048,52.783417]]}},{"type":"Feature","properties":{"highway":"residential","length":464.52707282050307},"geometry":{"type":"LineString","coordinates":[[41.382375,52.784867],[41.382261,52.784813]]}},{"type":"Feature","properties":{"highway":"residential","length":386.054717863561},"geometry":{"type":"LineString","coordinates":[[41.378756,52.786536],[41.378634,52.786474]]}},{"type":"Feature","properties":{"highway":"residential","length":351.38184853709464},"geometry":{"type":"LineString","coordinates":[[41.377488,52.787026],[41.37739,52.78698]]}},{"type":"Feature","properties":{"highway":"residential","length":462.29807229288963},"geometry":{"type":"LineString","coordinates":[[41.381465,52.785543],[41.38132,52.785474]]}},{"type":"Feature","properties":{"highway":"residential","length":347.3240992255541},"geometry":{"type":"MultiLineString","coordinates":[[[41.389077,52.775634],[41.38913,52.775581]],[[41.392084,52.773288],[41.392102,52.773274],[41.392231,52.773169]]]}},{"type":"Feature","properties":{"highway":"residential","length":37.540557225926946},"geometry":{"type":"LineString","coordinates":[[41.392952,52.716599],[41.393108,52.716595],[41.393283,52.716595],[41.393506,52.716607]]}},{"type":"Feature","properties":{"highway":"residential","length":48.822029448020984},"geometry":{"type":"LineString","coordinates":[[41.399076,52.698232],[41.399173,52.698164]]}},{"type":"Feature","properties":{"highway":"residential","length":191.68548020416782},"geometry":{"type":"LineString","coordinates":[[41.41182,52.70753],[41.41192,52.707555],[41.411956,52.707565]]}},{"type":"Feature","properties":{"highway":"residential","length":220.32979889316613},"geometry":{"type":"MultiLineString","coordinates":[[[41.422607,52.703055],[41.422673,52.703015]],[[41.424789,52.701718],[41.424893,52.701644]]]}},{"type":"Feature","properties":{"highway":"residential","length":123.94519440688605},"geometry":{"type":"LineString","coordinates":[[41.454849,52.728538],[41.454748,52.728528],[41.4546,52.728512]]}},{"type":"Feature","properties":{"highway":"residential","length":96.02104000939201},"geometry":{"type":"LineString","coordinates":[[41.433931,52.715132],[41.433936,52.715042]]}},{"type":"Feature","properties":{"highway":"residential","length":137.35111198773063},"geometry":{"type":"LineString","coordinates":[[41.464506,52.716589],[41.46456,52.716422],[41.464587,52.716337],[41.464625,52.71622],[41.46455,52.716197],[41.463962,52.716013],[41.463502,52.71587],[41.463366,52.715827]]}},{"type":"Feature","properties":{"highway":"residential","length":256.2533646500051},"geometry":{"type":"LineString","coordinates":[[41.445139,52.706332],[41.445085,52.706374],[41.445046,52.706403]]}},{"type":"Feature","properties":{"highway":"residential","length":43.83091437039517},"geometry":{"type":"MultiLineString","coordinates":[[[41.435679,52.709227],[41.435759,52.709282]],[[41.435608,52.709429],[41.435431,52.709433]]]}},{"type":"Feature","properties":{"highway":"residential","length":329.09892374347544},"geometry":{"type":"LineString","coordinates":[[41.427926,52.712275],[41.427941,52.712241],[41.428126,52.711841],[41.42834,52.71148],[41.428409,52.711363],[41.4284,52.711213],[41.428499,52.711018],[41.428236,52.710699],[41.428132,52.710509]]}},{"type":"Feature","properties":{"highway":"residential","length":111.76946224728988},"geometry":{"type":"LineString","coordinates":[[41.468619,52.694334],[41.468619,52.694308]]}},{"type":"Feature","properties":{"highway":"residential","length":153.77157249448493},"geometry":{"type":"LineString","coordinates":[[41.471958,52.693125],[41.471951,52.693235],[41.471884,52.69367],[41.471825,52.694031],[41.471721,52.694498]]}},{"type":"Feature","properties":{"highway":"residential","length":105.31521621404585},"geometry":{"type":"LineString","coordinates":[[41.470529,52.699056],[41.470538,52.699002]]}},{"type":"Feature","properties":{"highway":"residential","length":133.82298708533094},"geometry":{"type":"MultiLineString","coordinates":[[[41.476451,52.699442],[41.476552,52.699444]],[[41.478244,52.699486],[41.478429,52.699491]]]}},{"type":"Feature","properties":{"highway":"residential","length":125.65880586242451},"geometry":{"type":"MultiLineString","coordinates":[[[41.47849,52.698132],[41.478342,52.698129]],[[41.476728,52.698102],[41.476632,52.6981]]]}},{"type":"Feature","properties":{"highway":"secondary","length":5.190656163139461},"geometry":{"type":"LineString","coordinates":[[41.416355,52.768161],[41.416278,52.768162]]}},{"type":"Feature","properties":{"highway":"secondary","length":36.25816750759115},"geometry":{"type":"LineString","coordinates":[[41.415964,52.767752],[41.415993,52.767646],[41.416013,52.767576],[41.416052,52.767533],[41.416186,52.767477]]}},{"type":"Feature","properties":{"highway":"secondary","length":46.249376597069464},"geometry":{"type":"LineString","coordinates":[[41.416568,52.767458],[41.416737,52.767446],[41.416872,52.767455],[41.416987,52.767512],[41.417039,52.767582],[41.417082,52.76764]]}},{"type":"Feature","properties":{"highway":"secondary","length":179.01144135824623},"geometry":{"type":"LineString","coordinates":[[41.403031,52.761396],[41.403597,52.761651],[41.403872,52.76179],[41.404047,52.761878],[41.404401,52.762021],[41.40457,52.762078],[41.404721,52.762119],[41.405267,52.762233]]}},{"type":"Feature","properties":{"highway":"residential","length":22.76666382769061},"geometry":{"type":"LineString","coordinates":[[41.417143,52.767949],[41.417167,52.768019],[41.417196,52.768062],[41.417291,52.768126]]}},{"type":"Feature","properties":{"highway":"residential","length":22.62730645918015},"geometry":{"type":"LineString","coordinates":[[41.417291,52.768126],[41.417164,52.768108],[41.41707,52.7681],[41.416961,52.768105]]}},{"type":"Feature","properties":{"highway":"primary","length":47.86689617489737},"geometry":{"type":"LineString","coordinates":[[41.450576,52.743911],[41.450406,52.743924],[41.45025,52.743925],[41.45012,52.743909],[41.45002,52.743885],[41.449901,52.743838]]}},{"type":"Feature","properties":{"highway":"primary","length":50.14452864829923},"geometry":{"type":"LineString","coordinates":[[41.449681,52.743343],[41.449674,52.743239],[41.449631,52.743143],[41.449595,52.74308],[41.449529,52.743008],[41.449439,52.742927]]}},{"type":"Feature","properties":{"highway":"primary","length":47.534913958473865},"geometry":{"type":"LineString","coordinates":[[41.450213,52.742946],[41.450421,52.742937],[41.45055,52.74294],[41.450696,52.742961],[41.450787,52.742991],[41.450877,52.743032]]}},{"type":"Feature","properties":{"highway":"primary","length":53.10932983479552},"geometry":{"type":"LineString","coordinates":[[41.449439,52.742927],[41.449595,52.742947],[41.449721,52.742969],[41.449871,52.742973],[41.450213,52.742946]]}},{"type":"Feature","properties":{"highway":"residential","length":153.7152999682468},"geometry":{"type":"LineString","coordinates":[[41.442495,52.7202],[41.442506,52.72016],[41.442543,52.720036]]}},{"type":"Feature","properties":{"highway":"residential","length":75.20849963044529},"geometry":{"type":"LineString","coordinates":[[41.509103,52.71561],[41.509256,52.715504],[41.50932,52.715417],[41.509365,52.715314],[41.509364,52.715195],[41.509351,52.714982]]}},{"type":"Feature","properties":{"highway":"residential","length":130.8931012811201},"geometry":{"type":"LineString","coordinates":[[41.425604,52.727923],[41.425652,52.727484],[41.425872,52.726823],[41.425892,52.726762]]}},{"type":"Feature","properties":{"highway":"residential","length":348.059091603737},"geometry":{"type":"LineString","coordinates":[[41.423865,52.723499],[41.423529,52.723967],[41.423457,52.724104],[41.423411,52.724241],[41.423381,52.724541],[41.423377,52.724663],[41.423446,52.724753],[41.423504,52.724798],[41.423527,52.724832],[41.423513,52.724885],[41.423444,52.725149],[41.42331,52.725843],[41.423284,52.725944],[41.423128,52.726533]]}},{"type":"Feature","properties":{"highway":"residential","length":223.98794716116055},"geometry":{"type":"LineString","coordinates":[[41.430066,52.704207],[41.430012,52.704242]]}},{"type":"Feature","properties":{"highway":"residential","length":291.2684981708577},"geometry":{"type":"LineString","coordinates":[[41.468777,52.739358],[41.469041,52.739081],[41.469427,52.738675],[41.469616,52.738477],[41.4698,52.738316],[41.469968,52.738236],[41.470165,52.738144],[41.470572,52.737682],[41.470594,52.737642],[41.470607,52.737604],[41.470558,52.737322],[41.470506,52.737207],[41.470442,52.737098]]}},{"type":"Feature","properties":{"highway":"residential","length":53.34231207084016},"geometry":{"type":"LineString","coordinates":[[41.451687,52.758927],[41.451686,52.758883]]}},{"type":"Feature","properties":{"highway":"residential","length":207.1538721111221},"geometry":{"type":"LineString","coordinates":[[41.470444,52.759594],[41.473249,52.75884]]}},{"type":"Feature","properties":{"highway":"residential","length":174.60045072360919},"geometry":{"type":"LineString","coordinates":[[41.449186,52.707279],[41.449272,52.707328]]}},{"type":"Feature","properties":{"highway":"residential","length":131.7601575793138},"geometry":{"type":"LineString","coordinates":[[41.435536,52.727217],[41.43533,52.727239]]}},{"type":"Feature","properties":{"highway":"secondary","length":35.17610316575069},"geometry":{"type":"LineString","coordinates":[[41.450576,52.743911],[41.450152,52.744094]]}},{"type":"Feature","properties":{"highway":"primary","length":59.212319904023815},"geometry":{"type":"LineString","coordinates":[[41.449681,52.743343],[41.449749,52.74322],[41.449836,52.743116],[41.449993,52.743033],[41.450213,52.742946]]}},{"type":"Feature","properties":{"highway":"residential","length":115.70206182252169},"geometry":{"type":"LineString","coordinates":[[41.401566,52.767375],[41.401427,52.76749],[41.401379,52.767529],[41.401332,52.767567],[41.401268,52.767618],[41.400814,52.767975],[41.400657,52.768099],[41.400528,52.768203]]}},{"type":"Feature","properties":{"highway":"residential","length":38.497517412477556},"geometry":{"type":"LineString","coordinates":[[41.397569,52.708035],[41.398109,52.708146]]}},{"type":"Feature","properties":{"highway":"residential","length":26.883510269607903},"geometry":{"type":"LineString","coordinates":[[41.411935,52.753673],[41.411638,52.753512]]}},{"type":"Feature","properties":{"highway":"track","length":695.4756431298181},"geometry":{"type":"LineString","coordinates":[[41.357321,52.694884],[41.357292,52.695568],[41.357292,52.695875],[41.357278,52.69631],[41.357254,52.696818],[41.357268,52.69715],[41.357316,52.697395],[41.357249,52.697783],[41.35708,52.699509],[41.356836,52.701119]]}},{"type":"Feature","properties":{"highway":"residential","length":241.0155126567972},"geometry":{"type":"MultiLineString","coordinates":[[[41.387938,52.775093],[41.387879,52.775141],[41.387872,52.775146]],[[41.385822,52.776713],[41.38572,52.776791]]]}},{"type":"Feature","properties":{"highway":"residential","length":238.15265784408257},"geometry":{"type":"MultiLineString","coordinates":[[[41.388058,52.777854],[41.388163,52.777772]],[[41.390131,52.77622],[41.390143,52.77621],[41.390231,52.77617]]]}},{"type":"Feature","properties":{"highway":"primary","length":61.6489686776502},"geometry":{"type":"LineString","coordinates":[[41.466045,52.674062],[41.466023,52.674017],[41.466014,52.673972],[41.466018,52.673926],[41.466035,52.673881],[41.466065,52.673838],[41.466107,52.6738],[41.466159,52.673766],[41.46622,52.673739],[41.466288,52.673718],[41.466361,52.673705],[41.466436,52.673699],[41.466512,52.673702]]}},{"type":"Feature","properties":{"highway":"primary","length":136.47084337540693},"geometry":{"type":"LineString","coordinates":[[41.466045,52.674062],[41.465053,52.673636],[41.464732,52.673521],[41.464348,52.673402]]}},{"type":"Feature","properties":{"highway":"tertiary_link","length":42.006770289458046},"geometry":{"type":"LineString","coordinates":[[41.466946,52.673714],[41.467546,52.673812]]}},{"type":"Feature","properties":{"highway":"primary","length":46.66279531849607},"geometry":{"type":"LineString","coordinates":[[41.466659,52.673733],[41.466717,52.673756],[41.466768,52.673785],[41.46681,52.673818],[41.466844,52.673854],[41.466867,52.673894],[41.46688,52.673935],[41.466881,52.673977],[41.466872,52.674018],[41.466852,52.674059],[41.466822,52.674096]]}},{"type":"Feature","properties":{"highway":"secondary","length":19.826302258834243},"geometry":{"type":"LineString","coordinates":[[41.416186,52.767477],[41.416479,52.767463]]}},{"type":"Feature","properties":{"highway":"primary","length":49.18219199627476},"geometry":{"type":"LineString","coordinates":[[41.466259,52.675161],[41.466322,52.674721]]}},{"type":"Feature","properties":{"highway":"primary","length":48.72105496422148},"geometry":{"type":"LineString","coordinates":[[41.466822,52.674096],[41.466775,52.674136],[41.466717,52.674169],[41.46665,52.674196],[41.466576,52.674214],[41.466498,52.674224],[41.466418,52.674225],[41.466339,52.674218],[41.466263,52.674201],[41.466194,52.674177]]}},{"type":"Feature","properties":{"highway":"secondary","length":6.039503988853789},"geometry":{"type":"LineString","coordinates":[[41.416479,52.767463],[41.416568,52.767458]]}},{"type":"Feature","properties":{"highway":"secondary","length":7.189439676298394},"geometry":{"type":"LineString","coordinates":[[41.416024,52.767996],[41.416008,52.767932]]}},{"type":"Feature","properties":{"highway":"secondary","length":23.60649785017937},"geometry":{"type":"LineString","coordinates":[[41.416278,52.768162],[41.416138,52.768183],[41.416058,52.768209],[41.41596,52.768245]]}},{"type":"Feature","properties":{"highway":"secondary","length":36.72398800220731},"geometry":{"type":"LineString","coordinates":[[41.415964,52.767752],[41.415944,52.76759],[41.415897,52.767526],[41.415783,52.767457]]}},{"type":"Feature","properties":{"highway":"secondary","length":26.98489548102771},"geometry":{"type":"LineString","coordinates":[[41.416278,52.768162],[41.416184,52.768148],[41.416116,52.768108],[41.416077,52.768075],[41.416024,52.767996]]}},{"type":"Feature","properties":{"highway":"residential","length":74.4144893414882},"geometry":{"type":"LineString","coordinates":[[41.414816,52.717753],[41.414875,52.717653],[41.414982,52.717461],[41.415172,52.71712]]}},{"type":"Feature","properties":{"highway":"residential","length":41.99867425763084},"geometry":{"type":"LineString","coordinates":[[41.464028,52.691097],[41.464047,52.691027],[41.464115,52.690724]]}},{"type":"Feature","properties":{"highway":"residential","length":23.768376254718852},"geometry":{"type":"LineString","coordinates":[[41.451463,52.739565],[41.451646,52.739582],[41.451728,52.739589]]}},{"type":"Feature","properties":{"highway":"residential","length":1011.2380817730527},"geometry":{"type":"LineString","coordinates":[[41.47665,52.680135],[41.477307,52.679051],[41.477407,52.678797],[41.477385,52.678592],[41.477187,52.678534],[41.475827,52.67824],[41.472389,52.677524],[41.466119,52.676217],[41.465782,52.676145]]}},{"type":"Feature","properties":{"highway":"residential","length":144.256849866177},"geometry":{"type":"LineString","coordinates":[[41.397076,52.770976],[41.396936,52.771091],[41.396923,52.771101]]}},{"type":"Feature","properties":{"highway":"tertiary","length":22.029464747032648},"geometry":{"type":"LineString","coordinates":[[41.370883,52.785068],[41.37106,52.785149],[41.371144,52.785187]]}},{"type":"Feature","properties":{"highway":"residential","length":109.91323893772137},"geometry":{"type":"LineString","coordinates":[[41.38757,52.782277],[41.387652,52.782208]]}},{"type":"Feature","properties":{"highway":"tertiary","length":46.030628454213556},"geometry":{"type":"LineString","coordinates":[[41.387396,52.781515],[41.386991,52.781848]]}},{"type":"Feature","properties":{"highway":"residential","length":299.93188572049854},"geometry":{"type":"MultiLineString","coordinates":[[[41.388672,52.782772],[41.388581,52.782843]],[[41.38601,52.784861],[41.386007,52.784864],[41.385955,52.784905]]]}},{"type":"Feature","properties":{"highway":"residential","length":350.3801100724522},"geometry":{"type":"MultiLineString","coordinates":[[[41.388969,52.786879],[41.389026,52.786836],[41.389051,52.786816],[41.389058,52.786811]],[[41.3921,52.784487],[41.392111,52.784479],[41.392204,52.784416]]]}},{"type":"Feature","properties":{"highway":"residential","length":353.76799653988536},"geometry":{"type":"MultiLineString","coordinates":[[[41.391048,52.783839],[41.390967,52.783905],[41.390957,52.783913]],[[41.387925,52.786289],[41.387891,52.786315],[41.38784,52.786354]]]}},{"type":"Feature","properties":{"highway":"residential","length":395.83836999908306},"geometry":{"type":"LineString","coordinates":[[41.399991,52.77678],[41.400182,52.776627],[41.400673,52.776232],[41.401149,52.775846],[41.401443,52.775607],[41.402406,52.774832],[41.402506,52.774752],[41.402569,52.7747],[41.403391,52.77405],[41.403529,52.773943]]}},{"type":"Feature","properties":{"highway":"unclassified","length":66.79836061472712},"geometry":{"type":"LineString","coordinates":[[41.405196,52.709186],[41.405643,52.709256],[41.405941,52.709314],[41.406145,52.709353]]}},{"type":"Feature","properties":{"highway":"residential","length":77.24901167501976},"geometry":{"type":"LineString","coordinates":[[41.402784,52.704739],[41.402955,52.704785],[41.403026,52.704779],[41.403092,52.704745],[41.4032,52.704627],[41.403426,52.704374],[41.403476,52.70432]]}},{"type":"Feature","properties":{"highway":"residential","length":256.87869974760696},"geometry":{"type":"LineString","coordinates":[[41.402784,52.704739],[41.401223,52.704234],[41.400033,52.703931],[41.399965,52.703931],[41.399908,52.703938],[41.399869,52.703961],[41.399838,52.703985],[41.399807,52.704025],[41.399713,52.704256],[41.3997,52.704282]]}},{"type":"Feature","properties":{"highway":"residential","length":191.41456782012213},"geometry":{"type":"LineString","coordinates":[[41.38586,52.772352],[41.385977,52.772257],[41.386,52.772239],[41.386564,52.771781],[41.386668,52.7717],[41.387461,52.771067],[41.387573,52.770981]]}},{"type":"Feature","properties":{"highway":"primary","length":15.073353177252358},"geometry":{"type":"LineString","coordinates":[[41.39685,52.76501],[41.396875,52.765032],[41.396896,52.765059],[41.396901,52.765088],[41.396891,52.765117],[41.396875,52.765135]]}},{"type":"Feature","properties":{"highway":"primary","length":82.21740352865166},"geometry":{"type":"LineString","coordinates":[[41.39685,52.76501],[41.397578,52.764418]]}},{"type":"Feature","properties":{"highway":"primary","length":40.58825511364763},"geometry":{"type":"LineString","coordinates":[[41.396293,52.765444],[41.396665,52.765158]]}},{"type":"Feature","properties":{"highway":"primary","length":124.835282641872},"geometry":{"type":"LineString","coordinates":[[41.466822,52.674096],[41.466713,52.674369],[41.466593,52.674615],[41.46647,52.674874],[41.466259,52.675161]]}},{"type":"Feature","properties":{"highway":"primary","length":2113.7879240580482},"geometry":{"type":"LineString","coordinates":[[41.464348,52.673402],[41.463961,52.673288],[41.463742,52.67322],[41.463325,52.673075],[41.462824,52.672901],[41.462347,52.672713],[41.461894,52.672538],[41.461703,52.672463],[41.461378,52.67235],[41.461,52.672212],[41.460826,52.672146],[41.46001,52.671837],[41.459082,52.671473],[41.458031,52.67107],[41.457285,52.670779],[41.457022,52.670677],[41.456847,52.670613],[41.45664,52.670537],[41.455528,52.670099],[41.454515,52.669665],[41.45406,52.66946],[41.453764,52.669314],[41.453425,52.669126],[41.453142,52.668945],[41.452596,52.668541],[41.452181,52.668198],[41.451789,52.667864],[41.451533,52.667607],[41.451151,52.667174],[41.450913,52.666862],[41.450777,52.666639],[41.450615,52.66634],[41.450354,52.665785],[41.450154,52.665297],[41.449911,52.664693],[41.449893,52.664649],[41.449578,52.663879],[41.449442,52.663543],[41.449214,52.662979],[41.449036,52.66252],[41.448615,52.661499],[41.448482,52.661175],[41.448247,52.6606],[41.448007,52.659996],[41.44795,52.65986],[41.447734,52.659336],[41.447559,52.658907],[41.44751,52.658783]]}},{"type":"Feature","properties":{"highway":"tertiary_link","length":28.508940015343438},"geometry":{"type":"LineString","coordinates":[[41.46638,52.673611],[41.466783,52.673687]]}},{"type":"Feature","properties":{"highway":"primary","length":10.568824471175766},"geometry":{"type":"LineString","coordinates":[[41.466512,52.673702],[41.466588,52.673714],[41.466659,52.673733]]}},{"type":"Feature","properties":{"highway":"tertiary_link","length":9.837878535710658},"geometry":{"type":"LineString","coordinates":[[41.466659,52.673733],[41.466783,52.673687]]}},{"type":"Feature","properties":{"highway":"tertiary_link","length":11.440136182710221},"geometry":{"type":"LineString","coordinates":[[41.466783,52.673687],[41.466946,52.673714]]}},{"type":"Feature","properties":{"highway":"primary","length":13.474472376167187},"geometry":{"type":"LineString","coordinates":[[41.46638,52.673611],[41.466512,52.673702]]}},{"type":"Feature","properties":{"highway":"primary","length":16.492069851422333},"geometry":{"type":"LineString","coordinates":[[41.466194,52.674177],[41.466131,52.674143],[41.466105,52.674125],[41.466079,52.674102],[41.466045,52.674062]]}},{"type":"Feature","properties":{"highway":"primary","length":61.58638376785014},"geometry":{"type":"LineString","coordinates":[[41.466322,52.674721],[41.466324,52.674605],[41.466317,52.674499],[41.466293,52.674416],[41.466268,52.674345],[41.466194,52.674177]]}},{"type":"Feature","properties":{"highway":"primary","length":18.23078505424702},"geometry":{"type":"LineString","coordinates":[[41.464224,52.701493],[41.464355,52.701636]]}},{"type":"Feature","properties":{"highway":"primary","length":178.33045913896612},"geometry":{"type":"LineString","coordinates":[[41.456738,52.703982],[41.456584,52.703984],[41.456418,52.703977],[41.456253,52.703955],[41.456092,52.703932],[41.455401,52.703781],[41.454661,52.703617],[41.454539,52.703597],[41.454431,52.703582],[41.454356,52.703581],[41.454278,52.703584],[41.454208,52.703592]]}},{"type":"Feature","properties":{"highway":"tertiary","length":189.69583440018118},"geometry":{"type":"LineString","coordinates":[[41.428547,52.719],[41.428343,52.718977],[41.428073,52.718947],[41.427906,52.718926],[41.427797,52.718905],[41.427772,52.718893],[41.427648,52.718835],[41.427627,52.718803],[41.427589,52.718745],[41.427596,52.718649],[41.427642,52.718556],[41.427745,52.718494],[41.427877,52.718444],[41.428051,52.718436],[41.428229,52.718458],[41.428329,52.718472],[41.428929,52.718553]]}},{"type":"Feature","properties":{"highway":"tertiary","length":31.841027899237858},"geometry":{"type":"LineString","coordinates":[[41.429287,52.718879],[41.429157,52.718967],[41.429053,52.719017],[41.428913,52.719041]]}},{"type":"Feature","properties":{"highway":"residential","length":280.56941048254924},"geometry":{"type":"LineString","coordinates":[[41.384006,52.766091],[41.384102,52.766135],[41.384126,52.766146]]}},{"type":"Feature","properties":{"highway":"residential","length":281.5013768048008},"geometry":{"type":"LineString","coordinates":[[41.383182,52.766745],[41.383281,52.766793],[41.383302,52.766803]]}},{"type":"Feature","properties":{"highway":"residential","length":295.7798051562776},"geometry":{"type":"LineString","coordinates":[[41.383701,52.764812],[41.383815,52.764722]]}},{"type":"Feature","properties":{"highway":"residential","length":296.37002650118046},"geometry":{"type":"LineString","coordinates":[[41.382549,52.76426],[41.382556,52.764255],[41.382658,52.764179]]}},{"type":"Feature","properties":{"highway":"secondary","length":125.3513792239871},"geometry":{"type":"LineString","coordinates":[[41.387091,52.753944],[41.386969,52.753854],[41.386786,52.753696],[41.386552,52.753457],[41.386281,52.753138],[41.386154,52.752975]]}},{"type":"Feature","properties":{"highway":"secondary","length":34.50270935353292},"geometry":{"type":"LineString","coordinates":[[41.449663,52.746201],[41.449593,52.746508]]}},{"type":"Feature","properties":{"highway":"secondary","length":42.938098897750336},"geometry":{"type":"LineString","coordinates":[[41.449188,52.748334],[41.449097,52.748715]]}},{"type":"Feature","properties":{"highway":"secondary","length":44.640451427064406},"geometry":{"type":"LineString","coordinates":[[41.449097,52.748715],[41.44901,52.749113]]}},{"type":"Feature","properties":{"highway":"secondary","length":65.16174574287433},"geometry":{"type":"LineString","coordinates":[[41.44901,52.749113],[41.448869,52.749692]]}},{"type":"Feature","properties":{"highway":"secondary","length":13.200661286042225},"geometry":{"type":"LineString","coordinates":[[41.448869,52.749692],[41.448839,52.74981]]}},{"type":"Feature","properties":{"highway":"secondary","length":20.375870404154135},"geometry":{"type":"LineString","coordinates":[[41.448839,52.74981],[41.448795,52.749991]]}},{"type":"Feature","properties":{"highway":"secondary","length":67.36963355297168},"geometry":{"type":"LineString","coordinates":[[41.448728,52.750264],[41.448679,52.750462],[41.448581,52.750862]]}},{"type":"Feature","properties":{"highway":"secondary","length":65.20957364613827},"geometry":{"type":"LineString","coordinates":[[41.448581,52.750862],[41.448515,52.75113],[41.448439,52.751442]]}},{"type":"Feature","properties":{"highway":"secondary","length":177.65350674442786},"geometry":{"type":"LineString","coordinates":[[41.4508,52.725882],[41.450785,52.725941],[41.450642,52.726487],[41.450635,52.726519],[41.450524,52.726989],[41.450438,52.72734],[41.450428,52.727383],[41.45041,52.72746]]}},{"type":"Feature","properties":{"highway":"residential","length":199.4084501434095},"geometry":{"type":"LineString","coordinates":[[41.452242,52.726031],[41.452784,52.726085],[41.453113,52.726118],[41.453336,52.726141],[41.453786,52.726188],[41.45443,52.726251],[41.454571,52.726265],[41.45503,52.726311],[41.455154,52.726324]]}},{"type":"Feature","properties":{"highway":"tertiary","length":95.02523176320216},"geometry":{"type":"LineString","coordinates":[[41.449883,52.729582],[41.449728,52.729389],[41.449614,52.729253],[41.44957,52.72921],[41.449462,52.729115],[41.449424,52.72909],[41.449249,52.728984],[41.449071,52.728901]]}},{"type":"Feature","properties":{"highway":"secondary","length":10.37641225917529},"geometry":{"type":"LineString","coordinates":[[41.450053,52.728953],[41.450203,52.728974]]}},{"type":"Feature","properties":{"highway":"tertiary","length":69.67144000174146},"geometry":{"type":"LineString","coordinates":[[41.447589,52.73769],[41.447423,52.737473],[41.447235,52.737318],[41.447116,52.737219],[41.447031,52.737169]]}},{"type":"Feature","properties":{"highway":"secondary","length":74.66793188859003},"geometry":{"type":"LineString","coordinates":[[41.447727,52.737243],[41.447849,52.737256],[41.448814,52.737366]]}},{"type":"Feature","properties":{"highway":"secondary","length":67.13093013876083},"geometry":{"type":"LineString","coordinates":[[41.447303,52.757332],[41.447227,52.757771],[41.44719,52.757931]]}},{"type":"Feature","properties":{"highway":"secondary","length":119.67253960144788},"geometry":{"type":"LineString","coordinates":[[41.443235,52.758178],[41.442988,52.758178],[41.442323,52.75818],[41.441767,52.758182],[41.441463,52.758183]]}},{"type":"Feature","properties":{"highway":"secondary","length":151.10740441849248},"geometry":{"type":"LineString","coordinates":[[41.445567,52.758169],[41.445865,52.758078],[41.446003,52.758026],[41.446321,52.757888],[41.446774,52.757666],[41.447009,52.75755],[41.447095,52.757498],[41.447303,52.757332]]}},{"type":"Feature","properties":{"highway":"tertiary","length":66.6716654053411},"geometry":{"type":"LineString","coordinates":[[41.449071,52.728901],[41.449901,52.728938],[41.450053,52.728953]]}},{"type":"Feature","properties":{"highway":"secondary","length":47.75810351526579},"geometry":{"type":"LineString","coordinates":[[41.447031,52.737169],[41.4475,52.737218],[41.447727,52.737243]]}},{"type":"Feature","properties":{"highway":"primary","length":19.870568011556287},"geometry":{"type":"LineString","coordinates":[[41.380144,52.722164],[41.380432,52.72213]]}},{"type":"Feature","properties":{"highway":"tertiary","length":36.05410750164968},"geometry":{"type":"LineString","coordinates":[[41.366821,52.751728],[41.366997,52.751656],[41.367276,52.751559]]}},{"type":"Feature","properties":{"highway":"tertiary","length":44.37559738735414},"geometry":{"type":"LineString","coordinates":[[41.367276,52.751559],[41.367232,52.75163],[41.367133,52.751754],[41.367056,52.751846],[41.366974,52.751911]]}},{"type":"Feature","properties":{"highway":"tertiary","length":68.19008367639069},"geometry":{"type":"LineString","coordinates":[[41.366974,52.751911],[41.366893,52.751954],[41.366792,52.751986],[41.366743,52.751996],[41.366679,52.751998],[41.366607,52.751988],[41.366558,52.751964],[41.366532,52.751941],[41.366521,52.751916],[41.366524,52.751882],[41.366566,52.751854],[41.366636,52.75182],[41.366821,52.751728]]}},{"type":"Feature","properties":{"highway":"residential","length":184.75175624683737},"geometry":{"type":"LineString","coordinates":[[41.397255,52.714544],[41.397129,52.714579],[41.396951,52.714628],[41.396295,52.714795],[41.395662,52.714984],[41.395185,52.715153],[41.394785,52.71525]]}},{"type":"Feature","properties":{"highway":"residential","length":146.32836020939826},"geometry":{"type":"LineString","coordinates":[[41.363649,52.769052],[41.363514,52.769016],[41.361849,52.768557],[41.361673,52.768511]]}},{"type":"Feature","properties":{"highway":"tertiary","length":166.57334901295843},"geometry":{"type":"LineString","coordinates":[[41.429324,52.723596],[41.428225,52.723487],[41.4272,52.723373],[41.426329,52.723261],[41.425945,52.723203],[41.425586,52.723114],[41.425262,52.723007],[41.424946,52.722889],[41.424701,52.722774],[41.42448,52.722653],[41.424271,52.722523],[41.424117,52.722388],[41.423973,52.722247],[41.423832,52.722097],[41.423712,52.721941],[41.423624,52.721798],[41.423549,52.721653],[41.423478,52.721465],[41.423442,52.721294],[41.423418,52.721143],[41.423414,52.721058],[41.423421,52.720918],[41.423449,52.72074],[41.423477,52.7205],[41.42353,52.72023],[41.423601,52.71973],[41.423562,52.719444]]}},{"type":"Feature","properties":{"highway":"residential","length":149.8016279380209},"geometry":{"type":"LineString","coordinates":[[41.391835,52.718527],[41.391949,52.718516]]}},{"type":"Feature","properties":{"highway":"residential","length":333.07057402584655},"geometry":{"type":"LineString","coordinates":[[41.391949,52.718516],[41.392273,52.718474],[41.3949,52.718169],[41.396698,52.717959],[41.396789,52.717949]]}},{"type":"Feature","properties":{"highway":"residential","length":112.17304375608009},"geometry":{"type":"LineString","coordinates":[[41.436474,52.743293],[41.43638,52.743224]]}},{"type":"Feature","properties":{"highway":"secondary","length":211.03572500006015},"geometry":{"type":"LineString","coordinates":[[41.443088,52.736734],[41.443413,52.73677],[41.445047,52.736957],[41.446161,52.737076]]}},{"type":"Feature","properties":{"highway":"residential","length":251.09342758836203},"geometry":{"type":"LineString","coordinates":[[41.391398,52.726678],[41.391816,52.726726],[41.392522,52.726781],[41.393397,52.726844],[41.395086,52.726949]]}},{"type":"Feature","properties":{"highway":"residential","length":143.5227814064736},"geometry":{"type":"LineString","coordinates":[[41.386083,52.735055],[41.386229,52.735273],[41.386429,52.735524],[41.386854,52.735999],[41.387026,52.73621]]}},{"type":"Feature","properties":{"highway":"residential","length":41.83848852774656},"geometry":{"type":"LineString","coordinates":[[41.407288,52.717054],[41.407129,52.717],[41.407069,52.71698]]}},{"type":"Feature","properties":{"highway":"primary","length":159.7714990553909},"geometry":{"type":"LineString","coordinates":[[41.407288,52.717054],[41.407814,52.716519],[41.408496,52.71582]]}},{"type":"Feature","properties":{"highway":"primary","length":43.31646120046304},"geometry":{"type":"LineString","coordinates":[[41.456019,52.730825],[41.456652,52.730887]]}},{"type":"Feature","properties":{"highway":"residential","length":287.76575169368965},"geometry":{"type":"LineString","coordinates":[[41.377097,52.771772],[41.376966,52.771731]]}},{"type":"Feature","properties":{"highway":"residential","length":351.73578490814793},"geometry":{"type":"MultiLineString","coordinates":[[[41.38039,52.768985],[41.380266,52.768932]],[[41.376301,52.76718],[41.376177,52.767125]]]}},{"type":"Feature","properties":{"highway":"unclassified","length":198.67413580445137},"geometry":{"type":"LineString","coordinates":[[41.512713,52.714879],[41.512828,52.715075],[41.513018,52.715213],[41.513142,52.715303],[41.513331,52.715498],[41.513463,52.715696],[41.513512,52.715864],[41.5135,52.716089],[41.513495,52.716182],[41.513498,52.716534]]}},{"type":"Feature","properties":{"highway":"residential","length":68.73296195026266},"geometry":{"type":"LineString","coordinates":[[41.418419,52.763992],[41.418493,52.76402],[41.419245,52.764353]]}},{"type":"Feature","properties":{"highway":"residential","length":230.04899068240917},"geometry":{"type":"LineString","coordinates":[[41.415239,52.716996],[41.415742,52.715936],[41.415844,52.71572],[41.415875,52.715654],[41.416135,52.715146],[41.416203,52.715013]]}},{"type":"Feature","properties":{"highway":"primary","length":80.24355428533853},"geometry":{"type":"LineString","coordinates":[[41.432358,52.740866],[41.432574,52.740753],[41.433256,52.740394]]}},{"type":"Feature","properties":{"highway":"secondary","length":220.38108914166213},"geometry":{"type":"LineString","coordinates":[[41.451237,52.731477],[41.452024,52.731091],[41.452193,52.731005],[41.452957,52.730632],[41.453024,52.730596],[41.453125,52.730562],[41.45318,52.730552],[41.453224,52.730547],[41.453283,52.730543],[41.453372,52.730542],[41.45385,52.730588],[41.453958,52.7306]]}},{"type":"Feature","properties":{"highway":"residential","length":181.8883714394165},"geometry":{"type":"LineString","coordinates":[[41.452911,52.732257],[41.451216,52.732073],[41.450564,52.732002],[41.450261,52.731968]]}},{"type":"Feature","properties":{"highway":"primary","length":43.06112633979477},"geometry":{"type":"LineString","coordinates":[[41.45539,52.730762],[41.456019,52.730825]]}},{"type":"Feature","properties":{"highway":"residential","length":126.72217705958148},"geometry":{"type":"LineString","coordinates":[[41.418489,52.748945],[41.418432,52.748985],[41.41736,52.749732],[41.417257,52.749804]]}},{"type":"Feature","properties":{"highway":"primary","length":58.758055087159335},"geometry":{"type":"LineString","coordinates":[[41.46505,52.702393],[41.465276,52.702652],[41.465454,52.702861]]}},{"type":"Feature","properties":{"highway":"primary","length":126.52264219827806},"geometry":{"type":"LineString","coordinates":[[41.465454,52.702861],[41.46557,52.702994],[41.465708,52.703142],[41.466355,52.703858]]}},{"type":"Feature","properties":{"highway":"primary","length":120.12221858161462},"geometry":{"type":"LineString","coordinates":[[41.467293,52.704845],[41.467593,52.705163],[41.467612,52.705182],[41.467952,52.705543],[41.468001,52.705591],[41.46811,52.705683],[41.468152,52.705713],[41.468194,52.705744],[41.468221,52.705764]]}},{"type":"Feature","properties":{"highway":"secondary","length":38.39101278556926},"geometry":{"type":"LineString","coordinates":[[41.465617,52.701955],[41.466171,52.702032]]}},{"type":"Feature","properties":{"highway":"secondary","length":18.015688771742358},"geometry":{"type":"LineString","coordinates":[[41.466171,52.702032],[41.466431,52.702068]]}},{"type":"Feature","properties":{"highway":"secondary","length":56.47736580000804},"geometry":{"type":"LineString","coordinates":[[41.466767,52.702115],[41.467582,52.702228]]}},{"type":"Feature","properties":{"highway":"secondary","length":112.52094373311725},"geometry":{"type":"LineString","coordinates":[[41.467582,52.702228],[41.469204,52.702454]]}},{"type":"Feature","properties":{"highway":"secondary","length":27.38282759863549},"geometry":{"type":"LineString","coordinates":[[41.444621,52.725159],[41.44502,52.725202]]}},{"type":"Feature","properties":{"highway":"secondary","length":43.449691578100214},"geometry":{"type":"LineString","coordinates":[[41.445991,52.725307],[41.446289,52.725339],[41.446442,52.725356],[41.446624,52.725376]]}},{"type":"Feature","properties":{"highway":"primary","length":84.8880167260471},"geometry":{"type":"LineString","coordinates":[[41.456652,52.730887],[41.457893,52.731007]]}},{"type":"Feature","properties":{"highway":"primary","length":3.122904927630134},"geometry":{"type":"LineString","coordinates":[[41.398288,52.763832],[41.398316,52.763809]]}},{"type":"Feature","properties":{"highway":"primary","length":10.469329297325341},"geometry":{"type":"LineString","coordinates":[[41.400555,52.762081],[41.400467,52.762158]]}},{"type":"Feature","properties":{"highway":"secondary","length":92.71860719113421},"geometry":{"type":"LineString","coordinates":[[41.449936,52.745014],[41.449877,52.745273],[41.449833,52.745467],[41.449773,52.745728],[41.449748,52.745839]]}},{"type":"Feature","properties":{"highway":"secondary","length":204.95054033713112},"geometry":{"type":"LineString","coordinates":[[41.449593,52.746508],[41.449188,52.748334]]}},{"type":"Feature","properties":{"highway":"secondary","length":49.296055321435766},"geometry":{"type":"LineString","coordinates":[[41.447623,52.755693],[41.447531,52.756132]]}},{"type":"Feature","properties":{"highway":"tertiary","length":85.9895987195093},"geometry":{"type":"LineString","coordinates":[[41.444678,52.728729],[41.445949,52.728769]]}},{"type":"Feature","properties":{"highway":"tertiary","length":211.38677810596354},"geometry":{"type":"LineString","coordinates":[[41.445949,52.728769],[41.446145,52.728779],[41.446478,52.728793],[41.447247,52.728826],[41.44806,52.728859],[41.448768,52.728888],[41.449071,52.728901]]}},{"type":"Feature","properties":{"highway":"secondary","length":100.57641201482573},"geometry":{"type":"LineString","coordinates":[[41.432418,52.756756],[41.431866,52.756497],[41.431741,52.756438],[41.431525,52.756337],[41.431228,52.756213]]}},{"type":"Feature","properties":{"highway":"secondary","length":46.59508718925696},"geometry":{"type":"LineString","coordinates":[[41.432963,52.757013],[41.43288,52.756974],[41.432418,52.756756]]}},{"type":"Feature","properties":{"highway":"primary","length":13.964811742292234},"geometry":{"type":"LineString","coordinates":[[41.450877,52.743032],[41.451033,52.743115]]}},{"type":"Feature","properties":{"highway":"primary","length":49.851844679772185},"geometry":{"type":"LineString","coordinates":[[41.450213,52.742946],[41.450347,52.742897],[41.450431,52.742846],[41.4505,52.742746],[41.450633,52.74258]]}},{"type":"Feature","properties":{"highway":"residential","length":22.111526664501348},"geometry":{"type":"LineString","coordinates":[[41.480712,52.713366],[41.481012,52.713445]]}},{"type":"Feature","properties":{"highway":"unclassified","length":1371.686500733944},"geometry":{"type":"LineString","coordinates":[[41.511127,52.718196],[41.510278,52.718822],[41.509968,52.719192],[41.509499,52.719665],[41.50929,52.71992],[41.509166,52.720113],[41.50904,52.720425],[41.508944,52.720627],[41.508829,52.720835],[41.508687,52.72111],[41.508552,52.721382],[41.508443,52.721556],[41.5084,52.721665],[41.508362,52.721923],[41.508345,52.722045],[41.508305,52.722284],[41.508885,52.722414],[41.508759,52.722811],[41.508499,52.723445],[41.508344,52.723924],[41.508247,52.724162],[41.508188,52.724389],[41.50804,52.724863],[41.507856,52.725335],[41.507748,52.725791],[41.507673,52.726039],[41.507532,52.726314],[41.507376,52.726633],[41.507211,52.726853],[41.506687,52.727382],[41.506353,52.727615],[41.505969,52.727838],[41.504698,52.728156],[41.503422,52.728313]]}},{"type":"Feature","properties":{"highway":"unclassified","length":543.4412778464628},"geometry":{"type":"LineString","coordinates":[[41.503422,52.728313],[41.503152,52.728521],[41.502966,52.728643],[41.502987,52.728733],[41.502981,52.72878],[41.502936,52.72883],[41.502459,52.729142],[41.502236,52.729298],[41.501857,52.729395],[41.501751,52.729431],[41.50167,52.729538],[41.501525,52.729649],[41.501176,52.729862],[41.500862,52.730037],[41.500483,52.730207],[41.500212,52.730393],[41.499989,52.730584],[41.499634,52.730597],[41.499578,52.730599],[41.499527,52.730605],[41.499431,52.730635],[41.499343,52.730683],[41.499265,52.730732],[41.49888,52.730969],[41.498671,52.731106],[41.49854,52.731193],[41.498435,52.731284],[41.498274,52.731406],[41.497775,52.731516]]}},{"type":"Feature","properties":{"highway":"secondary","length":138.0075694552369},"geometry":{"type":"LineString","coordinates":[[41.404594,52.777294],[41.405107,52.776889],[41.405839,52.77631]]}},{"type":"Feature","properties":{"highway":"primary","length":79.81734225098388},"geometry":{"type":"LineString","coordinates":[[41.463476,52.681083],[41.463154,52.681773]]}},{"type":"Feature","properties":{"highway":"primary","length":87.80711669011114},"geometry":{"type":"LineString","coordinates":[[41.463154,52.681773],[41.462934,52.682244],[41.46289,52.682338],[41.462845,52.682436],[41.462798,52.682532]]}},{"type":"Feature","properties":{"highway":"track","length":2055.0153664641484},"geometry":{"type":"LineString","coordinates":[[41.449649,52.681311],[41.450159,52.680594],[41.450817,52.679667],[41.450989,52.679395],[41.451294,52.678914],[41.451498,52.678406],[41.451685,52.677829],[41.451715,52.677619],[41.451759,52.677477],[41.451818,52.677437],[41.451842,52.677214],[41.451978,52.67694],[41.451952,52.676595],[41.451996,52.676307],[41.451925,52.675628],[41.451851,52.675112],[41.451673,52.674422],[41.451563,52.674089],[41.451483,52.673748],[41.451252,52.673153],[41.450858,52.672192],[41.45052,52.671291],[41.450419,52.671045],[41.450345,52.670955],[41.450194,52.670628],[41.449913,52.669999],[41.449874,52.669826],[41.449841,52.669623],[41.449649,52.669217],[41.449536,52.66896],[41.449195,52.668137],[41.44897,52.667564],[41.448914,52.667307],[41.4487,52.666845],[41.448555,52.666483],[41.448315,52.666088],[41.447924,52.665103],[41.447488,52.663985],[41.447266,52.66345]]}},{"type":"Feature","properties":{"highway":"residential","length":86.3379334342847},"geometry":{"type":"LineString","coordinates":[[41.39162,52.760765],[41.392403,52.760151]]}},{"type":"Feature","properties":{"highway":"residential","length":222.47765564538193},"geometry":{"type":"LineString","coordinates":[[41.37447,52.771963],[41.374392,52.77205]]}},{"type":"Feature","properties":{"highway":"residential","length":251.14623150643038},"geometry":{"type":"LineString","coordinates":[[41.372761,52.771597],[41.372863,52.771508]]}},{"type":"Feature","properties":{"highway":"residential","length":92.194515987009},"geometry":{"type":"LineString","coordinates":[[41.426959,52.704174],[41.42694,52.704162],[41.426783,52.704065]]}},{"type":"Feature","properties":{"highway":"primary","length":82.54242703607208},"geometry":{"type":"LineString","coordinates":[[41.463323,52.700453],[41.463899,52.701107]]}},{"type":"Feature","properties":{"highway":"primary","length":48.17125887682949},"geometry":{"type":"LineString","coordinates":[[41.463899,52.701107],[41.464224,52.701493]]}},{"type":"Feature","properties":{"highway":"secondary","length":23.35520588212314},"geometry":{"type":"LineString","coordinates":[[41.466431,52.702068],[41.466767,52.702115]]}},{"type":"Feature","properties":{"highway":"secondary","length":58.09653835092431},"geometry":{"type":"LineString","coordinates":[[41.448342,52.751935],[41.448235,52.752453]]}},{"type":"Feature","properties":{"highway":"secondary","length":32.52460554697918},"geometry":{"type":"LineString","coordinates":[[41.448235,52.752453],[41.448187,52.752744]]}},{"type":"Feature","properties":{"highway":"secondary","length":55.28843270444922},"geometry":{"type":"LineString","coordinates":[[41.448439,52.751442],[41.448342,52.751935]]}},{"type":"Feature","properties":{"highway":"primary","length":6.5858992696909375},"geometry":{"type":"LineString","coordinates":[[41.455023,52.727612],[41.454926,52.727603]]}},{"type":"Feature","properties":{"highway":"primary","length":47.622639403995024},"geometry":{"type":"LineString","coordinates":[[41.435695,52.72422],[41.436152,52.724269],[41.436389,52.724295]]}},{"type":"Feature","properties":{"highway":"secondary","length":86.4788594099982},"geometry":{"type":"LineString","coordinates":[[41.37758,52.739256],[41.377893,52.739601],[41.378194,52.739938]]}},{"type":"Feature","properties":{"highway":"secondary","length":40.6879445735161},"geometry":{"type":"LineString","coordinates":[[41.449748,52.745839],[41.449663,52.746201]]}},{"type":"Feature","properties":{"highway":"primary","length":74.44125628646611},"geometry":{"type":"LineString","coordinates":[[41.38548,52.721583],[41.3865,52.721474],[41.386565,52.721467]]}},{"type":"Feature","properties":{"highway":"primary","length":30.483264758180017},"geometry":{"type":"LineString","coordinates":[[41.385036,52.72163],[41.38548,52.721583]]}},{"type":"Feature","properties":{"highway":"primary","length":53.55963509999773},"geometry":{"type":"LineString","coordinates":[[41.384255,52.721713],[41.385036,52.72163]]}},{"type":"Feature","properties":{"highway":"primary","length":8.266571291267523},"geometry":{"type":"LineString","coordinates":[[41.38344,52.721799],[41.383561,52.721787]]}},{"type":"Feature","properties":{"highway":"primary","length":30.114122554020486},"geometry":{"type":"LineString","coordinates":[[41.383001,52.721846],[41.38344,52.721799]]}},{"type":"Feature","properties":{"highway":"primary","length":56.63791529978814},"geometry":{"type":"LineString","coordinates":[[41.382176,52.721934],[41.382278,52.721923],[41.382722,52.721876],[41.383001,52.721846]]}},{"type":"Feature","properties":{"highway":"primary","length":15.611650248866772},"geometry":{"type":"LineString","coordinates":[[41.381949,52.721961],[41.382176,52.721934]]}},{"type":"Feature","properties":{"highway":"residential","length":602.1711035674676},"geometry":{"type":"LineString","coordinates":[[41.450682,52.683162],[41.450926,52.68303],[41.451096,52.682928],[41.451253,52.682825],[41.451373,52.682719],[41.451463,52.682623],[41.451547,52.68254],[41.451631,52.682477],[41.451728,52.682435],[41.451864,52.682417],[41.452067,52.682404],[41.452274,52.68238],[41.45248,52.68235],[41.452706,52.682316],[41.452821,52.6823],[41.452923,52.682285],[41.45358,52.682307],[41.454623,52.682404],[41.455623,52.682501],[41.456536,52.682636],[41.457286,52.682735],[41.457586,52.68277],[41.457974,52.682814],[41.458167,52.682839],[41.458361,52.682875],[41.458488,52.682939],[41.458749,52.683107]]}},{"type":"Feature","properties":{"highway":"residential","length":7.112598966303883},"geometry":{"type":"LineString","coordinates":[[41.450604,52.683205],[41.450639,52.683185],[41.450682,52.683162]]}},{"type":"Feature","properties":{"highway":"residential","length":248.85061788012206},"geometry":{"type":"LineString","coordinates":[[41.458749,52.683107],[41.458902,52.683148],[41.45904,52.683177],[41.459172,52.683203],[41.459232,52.683208],[41.459364,52.683219],[41.460433,52.683285],[41.461673,52.683385],[41.461865,52.683401],[41.46203,52.683416],[41.462376,52.683442]]}},{"type":"Feature","properties":{"highway":"primary","length":104.18013562715518},"geometry":{"type":"LineString","coordinates":[[41.380432,52.72213],[41.380532,52.722117],[41.381205,52.722043],[41.381412,52.72202],[41.381949,52.721961]]}},{"type":"Feature","properties":{"highway":"tertiary","length":1022.8915996098239},"geometry":{"type":"LineString","coordinates":[[41.37583,52.738865],[41.374732,52.739141],[41.373855,52.73934],[41.373711,52.739373],[41.373444,52.739435],[41.373356,52.739457],[41.372955,52.739549],[41.372844,52.739574],[41.372725,52.739602],[41.372067,52.739758],[41.371969,52.739781],[41.371812,52.739819],[41.371457,52.739905],[41.371429,52.739911],[41.370484,52.740139],[41.370322,52.740178],[41.370112,52.740229],[41.370077,52.740238],[41.369798,52.740313],[41.369676,52.740354],[41.369323,52.740472],[41.369279,52.740486],[41.369079,52.740559],[41.36891,52.740638],[41.368824,52.7407],[41.36876,52.740757],[41.368733,52.740806],[41.368735,52.740873],[41.368772,52.740946],[41.369408,52.741938],[41.369434,52.741973],[41.369548,52.742131],[41.369634,52.742265],[41.369685,52.742344],[41.369935,52.742724],[41.37034,52.743358],[41.370393,52.743435],[41.370425,52.743482]]}},{"type":"Feature","properties":{"highway":"secondary","length":14.083201590232907},"geometry":{"type":"LineString","coordinates":[[41.376529,52.738509],[41.37658,52.738453],[41.376654,52.73841]]}},{"type":"Feature","properties":{"highway":"secondary","length":37.42399271134938},"geometry":{"type":"LineString","coordinates":[[41.377316,52.738741],[41.377266,52.738797],[41.377201,52.738838],[41.377106,52.738869],[41.376992,52.738889],[41.376863,52.738889]]}},{"type":"Feature","properties":{"highway":"secondary","length":96.41285228202392},"geometry":{"type":"LineString","coordinates":[[41.411246,52.77198],[41.410916,52.771825],[41.410117,52.771449]]}},{"type":"Feature","properties":{"highway":"residential","length":619.0101265551926},"geometry":{"type":"LineString","coordinates":[[41.397768,52.782468],[41.397621,52.782407],[41.39754,52.78237],[41.390677,52.779164],[41.390617,52.779137],[41.390491,52.779081]]}},{"type":"Feature","properties":{"highway":"residential","length":240.28488094790677},"geometry":{"type":"MultiLineString","coordinates":[[[41.386772,52.77456],[41.386724,52.774599],[41.386723,52.7746]],[[41.38468,52.776197],[41.38459,52.776267]]]}},{"type":"Feature","properties":{"highway":"primary","length":94.08944977068012},"geometry":{"type":"LineString","coordinates":[[41.462979,52.686753],[41.463045,52.686895],[41.463304,52.687575]]}},{"type":"Feature","properties":{"highway":"tertiary","length":17.27155192309392},"geometry":{"type":"LineString","coordinates":[[41.478715,52.694684],[41.478728,52.694529]]}},{"type":"Feature","properties":{"highway":"residential","length":496.38560804212483},"geometry":{"type":"LineString","coordinates":[[41.385551,52.765534],[41.385638,52.765466],[41.387751,52.763797],[41.389738,52.762232],[41.390035,52.761998]]}},{"type":"Feature","properties":{"highway":"primary","length":23.66113389097011},"geometry":{"type":"LineString","coordinates":[[41.399873,52.762618],[41.399655,52.762784]]}},{"type":"Feature","properties":{"highway":"primary","length":26.43328025094702},"geometry":{"type":"LineString","coordinates":[[41.399174,52.76317],[41.398916,52.763349]]}},{"type":"Feature","properties":{"highway":"primary","length":65.3096643565138},"geometry":{"type":"LineString","coordinates":[[41.398916,52.763349],[41.398316,52.763809]]}},{"type":"Feature","properties":{"highway":"primary","length":53.845947570533184},"geometry":{"type":"LineString","coordinates":[[41.399655,52.762784],[41.399174,52.76317]]}},{"type":"Feature","properties":{"highway":"residential","length":217.46907169955972},"geometry":{"type":"LineString","coordinates":[[41.472333,52.710772],[41.472172,52.710891],[41.47181,52.711159],[41.471238,52.711567],[41.471188,52.711603],[41.470949,52.711776],[41.470686,52.711965],[41.470266,52.71227]]}},{"type":"Feature","properties":{"highway":"secondary","length":30.692867426350723},"geometry":{"type":"LineString","coordinates":[[41.448795,52.749991],[41.448728,52.750264]]}},{"type":"Feature","properties":{"highway":"secondary","length":23.28223393186102},"geometry":{"type":"LineString","coordinates":[[41.451245,52.723609],[41.451202,52.723816]]}},{"type":"Feature","properties":{"highway":"secondary","length":73.83472055680986},"geometry":{"type":"LineString","coordinates":[[41.451502,52.722358],[41.45147,52.722515],[41.451409,52.722813],[41.451388,52.722913],[41.451367,52.723016]]}},{"type":"Feature","properties":{"highway":"primary","length":31.645699329803186},"geometry":{"type":"LineString","coordinates":[[41.388605,52.721251],[41.389066,52.721202]]}},{"type":"Feature","properties":{"highway":"primary","length":22.294455456309088},"geometry":{"type":"LineString","coordinates":[[41.387389,52.72138],[41.387713,52.721343]]}},{"type":"Feature","properties":{"highway":"primary","length":56.501550303276815},"geometry":{"type":"LineString","coordinates":[[41.386565,52.721467],[41.387234,52.721396],[41.387389,52.72138]]}},{"type":"Feature","properties":{"highway":"primary","length":47.59655453371634},"geometry":{"type":"LineString","coordinates":[[41.383561,52.721787],[41.383652,52.721777],[41.384255,52.721713]]}},{"type":"Feature","properties":{"highway":"primary","length":9.761953929024662},"geometry":{"type":"LineString","coordinates":[[41.465022,52.710338],[41.464942,52.710412]]}},{"type":"Feature","properties":{"highway":"residential","length":77.67432673537047},"geometry":{"type":"LineString","coordinates":[[41.392403,52.760151],[41.392882,52.759777],[41.393047,52.759647],[41.393107,52.7596]]}},{"type":"Feature","properties":{"highway":"secondary","length":57.5570383817542},"geometry":{"type":"LineString","coordinates":[[41.451866,52.72087],[41.452003,52.720931],[41.452205,52.720975],[41.452435,52.721019],[41.452645,52.72107]]}},{"type":"Feature","properties":{"highway":"residential","length":9.226335498312372},"geometry":{"type":"LineString","coordinates":[[41.455154,52.726324],[41.455289,52.726337]]}},{"type":"Feature","properties":{"highway":"primary","length":9.210494493517286},"geometry":{"type":"LineString","coordinates":[[41.454174,52.729765],[41.454308,52.729781]]}},{"type":"Feature","properties":{"highway":"primary","length":8.046057190495087},"geometry":{"type":"LineString","coordinates":[[41.454926,52.727603],[41.454809,52.727591]]}},{"type":"Feature","properties":{"highway":"secondary","length":44.12449351097991},"geometry":{"type":"LineString","coordinates":[[41.450261,52.731968],[41.450374,52.731913],[41.450451,52.731874],[41.450763,52.731715]]}},{"type":"Feature","properties":{"highway":"secondary","length":109.93177404606698},"geometry":{"type":"LineString","coordinates":[[41.448996,52.73259],[41.449222,52.732476],[41.45009,52.732051],[41.450261,52.731968]]}},{"type":"Feature","properties":{"highway":"secondary","length":73.59243798919863},"geometry":{"type":"LineString","coordinates":[[41.446624,52.725376],[41.44675,52.725388],[41.447699,52.725483]]}},{"type":"Feature","properties":{"highway":"secondary","length":70.92911876319121},"geometry":{"type":"LineString","coordinates":[[41.450053,52.728953],[41.450029,52.729057],[41.449883,52.729582]]}},{"type":"Feature","properties":{"highway":"secondary","length":84.57193578566289},"geometry":{"type":"LineString","coordinates":[[41.449226,52.731843],[41.449185,52.73197],[41.449051,52.732411],[41.448996,52.73259]]}},{"type":"Feature","properties":{"highway":"secondary","length":193.6852002578568},"geometry":{"type":"LineString","coordinates":[[41.449724,52.730129],[41.449627,52.730459],[41.44956,52.730692],[41.449369,52.73135],[41.449255,52.731742],[41.449226,52.731843]]}},{"type":"Feature","properties":{"highway":"secondary","length":8.909677423900739},"geometry":{"type":"LineString","coordinates":[[41.456495,52.721441],[41.456622,52.721463]]}},{"type":"Feature","properties":{"highway":"residential","length":42.164929604670334},"geometry":{"type":"LineString","coordinates":[[41.464308,52.714505],[41.46426,52.714571],[41.464057,52.714852]]}},{"type":"Feature","properties":{"highway":"residential","length":23.643869534067488},"geometry":{"type":"LineString","coordinates":[[41.440734,52.707459],[41.440714,52.707435],[41.440713,52.707373],[41.440735,52.70732]]}},{"type":"Feature","properties":{"highway":"primary","length":25.340995253826108},"geometry":{"type":"LineString","coordinates":[[41.45502,52.730725],[41.45539,52.730762]]}},{"type":"Feature","properties":{"highway":"primary","length":19.576402811736905},"geometry":{"type":"LineString","coordinates":[[41.457893,52.731007],[41.457995,52.731015],[41.458179,52.731033]]}},{"type":"Feature","properties":{"highway":"primary","length":30.275549823154876},"geometry":{"type":"LineString","coordinates":[[41.458179,52.731033],[41.458623,52.731073]]}},{"type":"Feature","properties":{"highway":"primary","length":5.458454374742574},"geometry":{"type":"LineString","coordinates":[[41.458623,52.731073],[41.458703,52.731081]]}},{"type":"Feature","properties":{"highway":"primary","length":33.737467000567136},"geometry":{"type":"LineString","coordinates":[[41.458703,52.731081],[41.45888,52.731091],[41.45906,52.731089],[41.459197,52.731069]]}},{"type":"Feature","properties":{"highway":"primary","length":181.184168079964},"geometry":{"type":"LineString","coordinates":[[41.459413,52.731027],[41.459596,52.730974],[41.459645,52.73096],[41.459871,52.730879],[41.460459,52.730668],[41.460611,52.730606],[41.460853,52.730524],[41.461208,52.730422],[41.461619,52.730315],[41.461788,52.730278]]}},{"type":"Feature","properties":{"highway":"residential","length":100.16589281987663},"geometry":{"type":"LineString","coordinates":[[41.458983,52.72002],[41.45775,52.719807],[41.457557,52.719774]]}},{"type":"Feature","properties":{"highway":"residential","length":6.188621660992581},"geometry":{"type":"LineString","coordinates":[[41.459071,52.720035],[41.458983,52.72002]]}},{"type":"Feature","properties":{"highway":"residential","length":16.84457015696169},"geometry":{"type":"LineString","coordinates":[[41.45931,52.720077],[41.459071,52.720035]]}},{"type":"Feature","properties":{"highway":"residential","length":38.273040926069676},"geometry":{"type":"LineString","coordinates":[[41.459856,52.72017],[41.45931,52.720077]]}},{"type":"Feature","properties":{"highway":"residential","length":14.82983080854142},"geometry":{"type":"LineString","coordinates":[[41.460067,52.720207],[41.459856,52.72017]]}},{"type":"Feature","properties":{"highway":"secondary","length":77.20882280192588},"geometry":{"type":"LineString","coordinates":[[41.414535,52.76938],[41.413842,52.769933]]}},{"type":"Feature","properties":{"highway":"secondary","length":9.266507430554876},"geometry":{"type":"LineString","coordinates":[[41.444486,52.725144],[41.444621,52.725159]]}},{"type":"Feature","properties":{"highway":"primary","length":155.85289009970015},"geometry":{"type":"LineString","coordinates":[[41.437338,52.721552],[41.437261,52.72168],[41.437135,52.722059],[41.436976,52.722523],[41.43687,52.722833],[41.436842,52.722919]]}},{"type":"Feature","properties":{"highway":"secondary","length":75.93977354135895},"geometry":{"type":"LineString","coordinates":[[41.449727,52.7257],[41.45039,52.725771],[41.4505,52.725791],[41.450602,52.72582],[41.450642,52.725835],[41.4508,52.725882]]}},{"type":"Feature","properties":{"highway":"secondary","length":11.76640739056979},"geometry":{"type":"LineString","coordinates":[[41.44939,52.725664],[41.449561,52.725682]]}},{"type":"Feature","properties":{"highway":"secondary","length":45.972977084283265},"geometry":{"type":"LineString","coordinates":[[41.44872,52.725592],[41.448877,52.725609],[41.449007,52.725623],[41.44939,52.725664]]}},{"type":"Feature","properties":{"highway":"secondary","length":6.5446078917449615},"geometry":{"type":"LineString","coordinates":[[41.448624,52.725582],[41.44872,52.725592]]}},{"type":"Feature","properties":{"highway":"secondary","length":14.153385620647766},"geometry":{"type":"LineString","coordinates":[[41.448082,52.725524],[41.448288,52.725546]]}},{"type":"Feature","properties":{"highway":"secondary","length":11.42217487282479},"geometry":{"type":"LineString","coordinates":[[41.447916,52.725506],[41.448082,52.725524]]}},{"type":"Feature","properties":{"highway":"secondary","length":14.859973540738837},"geometry":{"type":"LineString","coordinates":[[41.447699,52.725483],[41.447916,52.725506]]}},{"type":"Feature","properties":{"highway":"residential","length":119.27978557908851},"geometry":{"type":"LineString","coordinates":[[41.418634,52.765891],[41.41851,52.765839],[41.418509,52.765839]]}},{"type":"Feature","properties":{"highway":"residential","length":121.5832392517141},"geometry":{"type":"LineString","coordinates":[[41.418128,52.766329],[41.417973,52.766257],[41.417973,52.766257]]}},{"type":"Feature","properties":{"highway":"secondary","length":76.4476649735079},"geometry":{"type":"LineString","coordinates":[[41.41193,52.771432],[41.411501,52.771779],[41.411246,52.77198]]}},{"type":"Feature","properties":{"highway":"tertiary","length":13.938696067408591},"geometry":{"type":"LineString","coordinates":[[41.464088,52.692925],[41.463887,52.692899]]}},{"type":"Feature","properties":{"highway":"secondary","length":18.070552173587117},"geometry":{"type":"LineString","coordinates":[[41.451574,52.722013],[41.45154,52.722174]]}},{"type":"Feature","properties":{"highway":"secondary","length":42.5741462207138},"geometry":{"type":"LineString","coordinates":[[41.451655,52.721634],[41.451574,52.722013]]}},{"type":"Feature","properties":{"highway":"primary","length":28.571065226836154},"geometry":{"type":"LineString","coordinates":[[41.458066,52.718927],[41.457974,52.719085],[41.457947,52.719131],[41.457924,52.719169]]}},{"type":"Feature","properties":{"highway":"primary","length":71.6832760110099},"geometry":{"type":"LineString","coordinates":[[41.457924,52.719169],[41.457647,52.719625],[41.457624,52.719664],[41.457557,52.719774]]}},{"type":"Feature","properties":{"highway":"primary","length":21.371985866842167},"geometry":{"type":"LineString","coordinates":[[41.458174,52.718747],[41.458066,52.718927]]}},{"type":"Feature","properties":{"highway":"primary","length":36.626799308339656},"geometry":{"type":"LineString","coordinates":[[41.397957,52.764092],[41.398288,52.763832]]}},{"type":"Feature","properties":{"highway":"secondary","length":8.473324971071186},"geometry":{"type":"LineString","coordinates":[[41.454051,52.72975],[41.454174,52.729765]]}},{"type":"Feature","properties":{"highway":"secondary","length":8.61716495383508},"geometry":{"type":"LineString","coordinates":[[41.453929,52.729727],[41.454051,52.72975]]}},{"type":"Feature","properties":{"highway":"secondary","length":142.83173435795928},"geometry":{"type":"LineString","coordinates":[[41.451276,52.729177],[41.451888,52.729293],[41.45215,52.729343],[41.453279,52.729587]]}},{"type":"Feature","properties":{"highway":"secondary","length":47.505439023377406},"geometry":{"type":"LineString","coordinates":[[41.450203,52.728974],[41.450874,52.729101]]}},{"type":"Feature","properties":{"highway":"secondary","length":74.64991949563618},"geometry":{"type":"LineString","coordinates":[[41.44864,52.73402],[41.448473,52.734683]]}},{"type":"Feature","properties":{"highway":"secondary","length":9.843818593264565},"geometry":{"type":"LineString","coordinates":[[41.44744,52.738164],[41.447415,52.738251]]}},{"type":"Feature","properties":{"highway":"secondary","length":33.318907527751534},"geometry":{"type":"LineString","coordinates":[[41.450287,52.737515],[41.450773,52.737567]]}},{"type":"Feature","properties":{"highway":"residential","length":13.27410854542575},"geometry":{"type":"LineString","coordinates":[[41.399805,52.711895],[41.399857,52.711863],[41.399943,52.71181]]}},{"type":"Feature","properties":{"highway":"unclassified","length":89.13768015690817},"geometry":{"type":"LineString","coordinates":[[41.403877,52.708433],[41.402576,52.708299]]}},{"type":"Feature","properties":{"highway":"primary","length":66.31538961972672},"geometry":{"type":"LineString","coordinates":[[41.46668,52.708942],[41.466094,52.709419]]}},{"type":"Feature","properties":{"highway":"secondary","length":66.44813102641396},"geometry":{"type":"LineString","coordinates":[[41.451367,52.723016],[41.451245,52.723609]]}},{"type":"Feature","properties":{"highway":"tertiary","length":41.143582134001186},"geometry":{"type":"LineString","coordinates":[[41.400916,52.780004],[41.40119,52.779752],[41.401251,52.779695]]}},{"type":"Feature","properties":{"highway":"primary","length":45.49821892152753},"geometry":{"type":"LineString","coordinates":[[41.423005,52.719216],[41.423122,52.719257],[41.423236,52.719298],[41.4234,52.719366],[41.423562,52.719444]]}},{"type":"Feature","properties":{"highway":"primary","length":63.36062607672981},"geometry":{"type":"LineString","coordinates":[[41.437761,52.720286],[41.437574,52.720844]]}},{"type":"Feature","properties":{"highway":"secondary","length":50.978780397875774},"geometry":{"type":"LineString","coordinates":[[41.44502,52.725202],[41.445763,52.725282]]}},{"type":"Feature","properties":{"highway":"secondary","length":15.64091837770505},"geometry":{"type":"LineString","coordinates":[[41.445763,52.725282],[41.445991,52.725307]]}},{"type":"Feature","properties":{"highway":"secondary","length":58.44611994903896},"geometry":{"type":"LineString","coordinates":[[41.447519,52.756194],[41.447507,52.756239],[41.447476,52.756401],[41.447415,52.756716]]}},{"type":"Feature","properties":{"highway":"secondary","length":68.96087528950312},"geometry":{"type":"LineString","coordinates":[[41.447415,52.756716],[41.447303,52.757332]]}},{"type":"Feature","properties":{"highway":"secondary","length":25.00660364547982},"geometry":{"type":"LineString","coordinates":[[41.44719,52.757931],[41.447146,52.758019],[41.447099,52.758086],[41.447051,52.758138]]}},{"type":"Feature","properties":{"highway":"residential","length":106.54685882899832},"geometry":{"type":"LineString","coordinates":[[41.442349,52.704691],[41.442491,52.704708],[41.442616,52.704763],[41.442979,52.704924],[41.443651,52.705218]]}},{"type":"Feature","properties":{"highway":"residential","length":325.1999868296101},"geometry":{"type":"MultiLineString","coordinates":[[[41.405785,52.722353],[41.405831,52.72236],[41.40593,52.722375]],[[41.410315,52.723028],[41.410458,52.723049]]]}},{"type":"Feature","properties":{"highway":"primary","length":143.16174786492195},"geometry":{"type":"LineString","coordinates":[[41.403973,52.75928],[41.403607,52.75956],[41.403091,52.759962],[41.402674,52.760297]]}},{"type":"Feature","properties":{"highway":"primary","length":82.8529246144345},"geometry":{"type":"LineString","coordinates":[[41.456736,52.727768],[41.455523,52.727657]]}},{"type":"Feature","properties":{"highway":"primary","length":100.30832779584809},"geometry":{"type":"LineString","coordinates":[[41.458203,52.727907],[41.457658,52.727855],[41.456736,52.727768]]}},{"type":"Feature","properties":{"highway":"residential","length":243.61797514351366},"geometry":{"type":"LineString","coordinates":[[41.455289,52.726337],[41.455941,52.726393],[41.456836,52.72648],[41.456903,52.726487],[41.457002,52.726503],[41.457023,52.726547],[41.456757,52.727677]]}},{"type":"Feature","properties":{"highway":"primary","length":107.68371627307245},"geometry":{"type":"LineString","coordinates":[[41.448184,52.707784],[41.448135,52.707818],[41.447691,52.708139],[41.447149,52.708519]]}},{"type":"Feature","properties":{"highway":"primary","length":154.54556210209697},"geometry":{"type":"LineString","coordinates":[[41.454208,52.703592],[41.454116,52.703612],[41.45404,52.70364],[41.4539,52.703725],[41.453698,52.703856],[41.452661,52.704601]]}},{"type":"Feature","properties":{"highway":"secondary","length":47.30867252888933},"geometry":{"type":"LineString","coordinates":[[41.455804,52.72137],[41.456342,52.721426],[41.456495,52.721441]]}},{"type":"Feature","properties":{"highway":"secondary","length":122.86898596442549},"geometry":{"type":"LineString","coordinates":[[41.454012,52.721183],[41.454594,52.721244],[41.455318,52.721319],[41.455804,52.72137]]}},{"type":"Feature","properties":{"highway":"secondary","length":340.3065037123389},"geometry":{"type":"LineString","coordinates":[[41.438853,52.7725],[41.439195,52.77177],[41.439407,52.771355],[41.439584,52.771006],[41.439868,52.770447],[41.440106,52.76998],[41.440312,52.769574]]}},{"type":"Feature","properties":{"highway":"residential","length":559.361431502809},"geometry":{"type":"LineString","coordinates":[[41.390035,52.761998],[41.390208,52.762077],[41.391961,52.762908],[41.392122,52.762988],[41.392442,52.763137],[41.3928,52.763303],[41.395495,52.764555],[41.395969,52.764774],[41.39645,52.764996],[41.396625,52.765037]]}},{"type":"Feature","properties":{"highway":"primary","length":6.8691349041653575},"geometry":{"type":"LineString","coordinates":[[41.435595,52.724209],[41.435695,52.72422]]}},{"type":"Feature","properties":{"highway":"primary","length":215.538867987834},"geometry":{"type":"LineString","coordinates":[[41.431119,52.723761],[41.434059,52.724046],[41.434269,52.724066]]}},{"type":"Feature","properties":{"highway":"secondary","length":43.43133163712602},"geometry":{"type":"LineString","coordinates":[[41.45014,52.744144],[41.45005,52.74453]]}},{"type":"Feature","properties":{"highway":"primary","length":50.46955783905718},"geometry":{"type":"LineString","coordinates":[[41.448002,52.707424],[41.448612,52.707686]]}},{"type":"Feature","properties":{"highway":"secondary","length":3.400229534763659},"geometry":{"type":"LineString","coordinates":[[41.433417,52.757204],[41.433375,52.757186]]}},{"type":"Feature","properties":{"highway":"secondary","length":33.876320448437305},"geometry":{"type":"LineString","coordinates":[[41.433375,52.757186],[41.432963,52.757013]]}},{"type":"Feature","properties":{"highway":"primary","length":86.15584190834826},"geometry":{"type":"LineString","coordinates":[[41.395477,52.766039],[41.395675,52.765886],[41.396293,52.765444]]}},{"type":"Feature","properties":{"highway":"residential","length":123.22098786291548},"geometry":{"type":"LineString","coordinates":[[41.38586,52.772352],[41.385667,52.772293],[41.384618,52.771989],[41.384321,52.771903],[41.384214,52.771873]]}},{"type":"Feature","properties":{"highway":"secondary","length":157.61904831934453},"geometry":{"type":"LineString","coordinates":[[41.408688,52.770775],[41.408319,52.770605],[41.407839,52.770372],[41.407437,52.770183],[41.407368,52.770151],[41.406846,52.769904]]}},{"type":"Feature","properties":{"highway":"secondary","length":55.26885101778183},"geometry":{"type":"LineString","coordinates":[[41.409335,52.771079],[41.408867,52.770857],[41.408769,52.770812],[41.408688,52.770775]]}},{"type":"Feature","properties":{"highway":"secondary","length":66.9591921257596},"geometry":{"type":"LineString","coordinates":[[41.410117,52.771449],[41.409335,52.771079]]}},{"type":"Feature","properties":{"highway":"secondary","length":12.85117218194322},"geometry":{"type":"LineString","coordinates":[[41.400278,52.766775],[41.400182,52.76673],[41.400128,52.766704]]}},{"type":"Feature","properties":{"highway":"secondary","length":58.377367463788175},"geometry":{"type":"LineString","coordinates":[[41.400128,52.766704],[41.399568,52.766436],[41.399447,52.766381]]}},{"type":"Feature","properties":{"highway":"secondary","length":36.271541955054005},"geometry":{"type":"LineString","coordinates":[[41.399447,52.766381],[41.399337,52.766326],[41.399027,52.766177]]}},{"type":"Feature","properties":{"highway":"secondary","length":15.22823331664714},"geometry":{"type":"LineString","coordinates":[[41.399027,52.766177],[41.398849,52.766093]]}},{"type":"Feature","properties":{"highway":"secondary","length":23.12645702733559},"geometry":{"type":"LineString","coordinates":[[41.397527,52.765458],[41.39725,52.765335]]}},{"type":"Feature","properties":{"highway":"tertiary","length":39.67099978890401},"geometry":{"type":"LineString","coordinates":[[41.386864,52.78195],[41.386381,52.781746]]}},{"type":"Feature","properties":{"highway":"tertiary","length":38.458911152242436},"geometry":{"type":"LineString","coordinates":[[41.386938,52.781309],[41.387396,52.781515]]}},{"type":"Feature","properties":{"highway":"tertiary","length":61.45927191089562},"geometry":{"type":"LineString","coordinates":[[41.386381,52.781746],[41.386792,52.78143],[41.386938,52.781309]]}},{"type":"Feature","properties":{"highway":"secondary","length":70.94188847069992},"geometry":{"type":"LineString","coordinates":[[41.44287,52.729245],[41.442961,52.728947],[41.443033,52.728711],[41.443061,52.728619]]}},{"type":"Feature","properties":{"highway":"secondary","length":57.48625008555207},"geometry":{"type":"LineString","coordinates":[[41.406922,52.775452],[41.407083,52.775494],[41.407187,52.775531],[41.407666,52.775703]]}},{"type":"Feature","properties":{"highway":"secondary_link","length":140.47324163713915},"geometry":{"type":"LineString","coordinates":[[41.432418,52.756756],[41.431835,52.75662],[41.43155,52.756569],[41.431431,52.75656],[41.431175,52.756584],[41.430965,52.75663],[41.430753,52.756688],[41.43049,52.756803]]}},{"type":"Feature","properties":{"highway":"secondary","length":107.00208661066694},"geometry":{"type":"LineString","coordinates":[[41.405437,52.769244],[41.404712,52.768891],[41.404199,52.768642]]}},{"type":"Feature","properties":{"highway":"residential","length":62.48296986746847},"geometry":{"type":"LineString","coordinates":[[41.386772,52.77456],[41.386676,52.774515],[41.386035,52.77422]]}},{"type":"Feature","properties":{"highway":"residential","length":50.30497813793763},"geometry":{"type":"LineString","coordinates":[[41.386035,52.77422],[41.385563,52.773999],[41.385447,52.773942]]}},{"type":"Feature","properties":{"highway":"residential","length":289.30828378653695},"geometry":{"type":"LineString","coordinates":[[41.378731,52.7703],[41.378896,52.77036],[41.37988,52.770643],[41.380043,52.770691],[41.38085,52.770924],[41.381161,52.77101],[41.382452,52.771374],[41.382603,52.771414]]}},{"type":"Feature","properties":{"highway":"residential","length":128.41720225102765},"geometry":{"type":"LineString","coordinates":[[41.384755,52.769686],[41.384653,52.769639],[41.384573,52.769603],[41.383732,52.769212],[41.383372,52.769043],[41.383245,52.768984]]}},{"type":"Feature","properties":{"highway":"residential","length":153.49702129142756},"geometry":{"type":"LineString","coordinates":[[41.383245,52.768984],[41.383128,52.768928],[41.381964,52.768377],[41.381856,52.768326],[41.381662,52.768234],[41.38155,52.76818],[41.381455,52.768133]]}},{"type":"Feature","properties":{"highway":"residential","length":241.0144705512641},"geometry":{"type":"LineString","coordinates":[[41.382603,52.771414],[41.382712,52.771326],[41.382757,52.77129],[41.383304,52.770851],[41.383436,52.770746],[41.383508,52.770687],[41.384379,52.769987],[41.384649,52.76977],[41.384755,52.769686]]}},{"type":"Feature","properties":{"highway":"secondary","length":33.845120392341286},"geometry":{"type":"LineString","coordinates":[[41.39725,52.765335],[41.396939,52.765179],[41.396875,52.765135]]}},{"type":"Feature","properties":{"highway":"secondary","length":88.68038819961328},"geometry":{"type":"LineString","coordinates":[[41.398554,52.765955],[41.398019,52.765693],[41.397527,52.765458]]}},{"type":"Feature","properties":{"highway":"secondary","length":231.52473668160542},"geometry":{"type":"LineString","coordinates":[[41.436396,52.758181],[41.436217,52.75817],[41.436,52.758135],[41.4358,52.758102],[41.435572,52.758056],[41.435151,52.757935],[41.434754,52.757775],[41.433417,52.757204]]}},{"type":"Feature","properties":{"highway":"secondary","length":54.6585986475525},"geometry":{"type":"LineString","coordinates":[[41.440663,52.758184],[41.440518,52.758184],[41.439853,52.758187]]}},{"type":"Feature","properties":{"highway":"secondary","length":85.62727477398356},"geometry":{"type":"LineString","coordinates":[[41.439853,52.758187],[41.439361,52.758186],[41.439321,52.758186],[41.438585,52.75819]]}},{"type":"Feature","properties":{"highway":"residential","length":217.72868190965477},"geometry":{"type":"LineString","coordinates":[[41.454598,52.727871],[41.453567,52.727754],[41.452649,52.72765],[41.45143,52.727511]]}},{"type":"Feature","properties":{"highway":"residential","length":82.30143264411711},"geometry":{"type":"LineString","coordinates":[[41.403039,52.75446],[41.403313,52.754453],[41.403649,52.754495],[41.404249,52.754471]]}},{"type":"Feature","properties":{"highway":"residential","length":13.252641910765794},"geometry":{"type":"LineString","coordinates":[[41.456706,52.727886],[41.456736,52.727768]]}},{"type":"Feature","properties":{"highway":"residential","length":10.194312072899638},"geometry":{"type":"LineString","coordinates":[[41.456757,52.727677],[41.456736,52.727768]]}},{"type":"Feature","properties":{"highway":"residential","length":21.493640363015786},"geometry":{"type":"LineString","coordinates":[[41.464028,52.691097],[41.464033,52.691139],[41.464042,52.691191],[41.464065,52.691233],[41.464101,52.691283]]}},{"type":"Feature","properties":{"highway":"residential","length":96.35533910533455},"geometry":{"type":"LineString","coordinates":[[41.430738,52.70168],[41.430569,52.701581],[41.430557,52.701573]]}},{"type":"Feature","properties":{"highway":"secondary","length":16.357337059409833},"geometry":{"type":"LineString","coordinates":[[41.469204,52.702454],[41.46944,52.702488]]}},{"type":"Feature","properties":{"highway":"secondary","length":34.144419884660515},"geometry":{"type":"LineString","coordinates":[[41.465125,52.701886],[41.465617,52.701955]]}},{"type":"Feature","properties":{"highway":"secondary","length":25.164652805745977},"geometry":{"type":"LineString","coordinates":[[41.464762,52.701836],[41.465125,52.701886]]}},{"type":"Feature","properties":{"highway":"secondary","length":50.66544096596413},"geometry":{"type":"LineString","coordinates":[[41.470998,52.702709],[41.47153,52.702786],[41.471729,52.702808]]}},{"type":"Feature","properties":{"highway":"secondary","length":24.845013765542436},"geometry":{"type":"LineString","coordinates":[[41.470642,52.702654],[41.470998,52.702709]]}},{"type":"Feature","properties":{"highway":"residential","length":168.2911372069945},"geometry":{"type":"MultiLineString","coordinates":[[[41.368386,52.762941],[41.368399,52.763019]],[[41.370042,52.763886],[41.370064,52.763896],[41.370159,52.76394]]]}},{"type":"Feature","properties":{"highway":"primary","length":173.18049324214806},"geometry":{"type":"LineString","coordinates":[[41.429308,52.742462],[41.431252,52.741447]]}},{"type":"Feature","properties":{"highway":"primary","length":71.79930385921577},"geometry":{"type":"LineString","coordinates":[[41.43156,52.741293],[41.431688,52.741224],[41.432155,52.740975],[41.432358,52.740866]]}},{"type":"Feature","properties":{"highway":"residential","length":21.43462151658221},"geometry":{"type":"LineString","coordinates":[[41.403607,52.7112],[41.403916,52.711243]]}},{"type":"Feature","properties":{"highway":"residential","length":6.509145853444245},"geometry":{"type":"LineString","coordinates":[[41.403515,52.711183],[41.403607,52.7112]]}},{"type":"Feature","properties":{"highway":"residential","length":45.04525796476817},"geometry":{"type":"LineString","coordinates":[[41.419319,52.713722],[41.419412,52.713645],[41.419528,52.713596],[41.419829,52.713468]]}},{"type":"Feature","properties":{"highway":"residential","length":135.31820922793747},"geometry":{"type":"LineString","coordinates":[[41.39858,52.700323],[41.398489,52.700309]]}},{"type":"Feature","properties":{"highway":"residential","length":75.97773804800984},"geometry":{"type":"LineString","coordinates":[[41.393107,52.7596],[41.392215,52.759184]]}},{"type":"Feature","properties":{"highway":"residential","length":242.68217461254764},"geometry":{"type":"LineString","coordinates":[[41.394114,52.760044],[41.394163,52.760036],[41.394209,52.760015],[41.395796,52.758807],[41.395875,52.758748],[41.396075,52.758595],[41.396123,52.758558],[41.396378,52.758359]]}},{"type":"Feature","properties":{"highway":"residential","length":84.45113611784502},"geometry":{"type":"LineString","coordinates":[[41.393107,52.7596],[41.393303,52.759691],[41.39352,52.759792],[41.394024,52.760027],[41.394069,52.76004],[41.394114,52.760044]]}},{"type":"Feature","properties":{"highway":"residential","length":131.58085831787162},"geometry":{"type":"LineString","coordinates":[[41.387659,52.726959],[41.38776,52.726946],[41.388322,52.726877],[41.388696,52.726832],[41.389401,52.726745],[41.389568,52.726727]]}},{"type":"Feature","properties":{"highway":"track","length":80.25283552682632},"geometry":{"type":"LineString","coordinates":[[41.345759,52.70076],[41.345668,52.700477],[41.345222,52.700139]]}},{"type":"Feature","properties":{"highway":"track","length":75.59638936093728},"geometry":{"type":"LineString","coordinates":[[41.345759,52.70076],[41.345893,52.700539],[41.346124,52.700419],[41.346535,52.700351]]}},{"type":"Feature","properties":{"highway":"track","length":1060.1770407729148},"geometry":{"type":"LineString","coordinates":[[41.370759,52.679991],[41.370564,52.680064],[41.369995,52.680535],[41.369298,52.68108],[41.368963,52.681361],[41.368829,52.681521],[41.368788,52.681635],[41.368802,52.681813],[41.368761,52.681914],[41.368582,52.682069],[41.368367,52.682215],[41.368139,52.682313],[41.367919,52.682361],[41.367723,52.682356],[41.367415,52.682303],[41.367187,52.682231],[41.366817,52.682147],[41.366334,52.682054],[41.366012,52.681997],[41.365862,52.681989],[41.365696,52.682025],[41.365535,52.682106],[41.365366,52.682265],[41.365264,52.682472],[41.36517,52.682615],[41.365009,52.68296],[41.364894,52.68342],[41.364787,52.683854],[41.364674,52.684139],[41.364446,52.684665],[41.364202,52.685043],[41.364175,52.685314],[41.363917,52.685968],[41.363786,52.686355],[41.363679,52.686766],[41.363589,52.686876]]}},{"type":"Feature","properties":{"highway":"track","length":1144.7801668104591},"geometry":{"type":"LineString","coordinates":[[41.357816,52.701034],[41.357845,52.701197],[41.357461,52.702053],[41.35722,52.702752],[41.356957,52.703456],[41.356576,52.704379],[41.35626,52.705203],[41.356013,52.705809],[41.355906,52.706126],[41.355678,52.706645],[41.355407,52.707343],[41.3552,52.707652],[41.355125,52.708005],[41.354937,52.708504],[41.35483,52.708733],[41.354744,52.709196],[41.354473,52.709789],[41.354205,52.710585],[41.354073,52.711045]]}},{"type":"Feature","properties":{"highway":"unclassified","length":389.98710735113417},"geometry":{"type":"LineString","coordinates":[[41.381779,52.719315],[41.381383,52.719714],[41.380439,52.720539],[41.379667,52.721179],[41.378905,52.721986],[41.378891,52.722037],[41.378915,52.722296]]}},{"type":"Feature","properties":{"highway":"residential","length":313.4794311938477},"geometry":{"type":"LineString","coordinates":[[41.392215,52.759184],[41.391859,52.759017],[41.390323,52.758292],[41.388621,52.757508],[41.388543,52.757461]]}},{"type":"Feature","properties":{"highway":"residential","length":11.6821693910898},"geometry":{"type":"LineString","coordinates":[[41.394564,52.757499],[41.39466,52.757412]]}},{"type":"Feature","properties":{"highway":"residential","length":349.5078833388405},"geometry":{"type":"LineString","coordinates":[[41.381455,52.768133],[41.381351,52.768085],[41.37746,52.766258],[41.377361,52.76621]]}},{"type":"Feature","properties":{"highway":"residential","length":434.0265462596887},"geometry":{"type":"LineString","coordinates":[[41.441374,52.754287],[41.441435,52.754445],[41.441422,52.755487],[41.441409,52.757005],[41.441404,52.757674],[41.4414,52.758061],[41.441399,52.758183]]}},{"type":"Feature","properties":{"highway":"residential","length":530.7419218126385},"geometry":{"type":"LineString","coordinates":[[41.441374,52.754287],[41.440633,52.75453],[41.439994,52.754733],[41.43931,52.754951],[41.438677,52.755151],[41.438015,52.755362],[41.437541,52.755513],[41.437533,52.756332],[41.437527,52.757007],[41.437512,52.757653]]}},{"type":"Feature","properties":{"highway":"secondary","length":26.75884147528467},"geometry":{"type":"LineString","coordinates":[[41.406587,52.775325],[41.40672,52.775385],[41.406922,52.775452]]}},{"type":"Feature","properties":{"highway":"secondary","length":73.14281618816008},"geometry":{"type":"LineString","coordinates":[[41.408626,52.776008],[41.408293,52.775904],[41.407961,52.775801],[41.407666,52.775703]]}},{"type":"Feature","properties":{"highway":"secondary","length":148.72591820443856},"geometry":{"type":"LineString","coordinates":[[41.413842,52.769933],[41.412848,52.770727],[41.41279,52.770773],[41.412593,52.77093],[41.412509,52.770997]]}},{"type":"Feature","properties":{"highway":"secondary","length":42.24538599613448},"geometry":{"type":"LineString","coordinates":[[41.412328,52.771139],[41.41193,52.771432]]}},{"type":"Feature","properties":{"highway":"secondary","length":300.176663397373},"geometry":{"type":"LineString","coordinates":[[41.429472,52.787609],[41.425741,52.786581],[41.425422,52.786492]]}},{"type":"Feature","properties":{"highway":"secondary","length":54.90055898311169},"geometry":{"type":"LineString","coordinates":[[41.41596,52.768245],[41.415905,52.76829],[41.415474,52.768641]]}},{"type":"Feature","properties":{"highway":"secondary","length":61.87713384180574},"geometry":{"type":"LineString","coordinates":[[41.415474,52.768641],[41.414948,52.769051],[41.414912,52.76908]]}},{"type":"Feature","properties":{"highway":"secondary","length":20.591066555698227},"geometry":{"type":"LineString","coordinates":[[41.45154,52.722174],[41.451526,52.72224],[41.451502,52.722358]]}},{"type":"Feature","properties":{"highway":"tertiary","length":154.88869721977036},"geometry":{"type":"LineString","coordinates":[[41.446991,52.724002],[41.446821,52.724637],[41.44678,52.724789],[41.446672,52.725194],[41.446641,52.725299],[41.446624,52.725376]]}},{"type":"Feature","properties":{"highway":"primary","length":48.261877803309204},"geometry":{"type":"LineString","coordinates":[[41.464942,52.710412],[41.464591,52.710712],[41.464529,52.710765]]}},{"type":"Feature","properties":{"highway":"secondary","length":19.968165878324516},"geometry":{"type":"LineString","coordinates":[[41.412509,52.770997],[41.412328,52.771139]]}},{"type":"Feature","properties":{"highway":"residential","length":83.11258393483527},"geometry":{"type":"LineString","coordinates":[[41.394508,52.716709],[41.394504,52.716623]]}},{"type":"Feature","properties":{"highway":"tertiary","length":68.2109922649205},"geometry":{"type":"LineString","coordinates":[[41.396884,52.709363],[41.396845,52.709443],[41.396818,52.70953],[41.396794,52.709627],[41.396799,52.709746],[41.396833,52.709849],[41.396886,52.709963]]}},{"type":"Feature","properties":{"highway":"tertiary","length":61.38107303144024},"geometry":{"type":"LineString","coordinates":[[41.39868,52.705912],[41.398406,52.706438]]}},{"type":"Feature","properties":{"highway":"tertiary","length":35.013954675142685},"geometry":{"type":"LineString","coordinates":[[41.398836,52.705612],[41.39868,52.705912]]}},{"type":"Feature","properties":{"highway":"tertiary","length":160.24357487594767},"geometry":{"type":"LineString","coordinates":[[41.399468,52.704245],[41.399466,52.704274],[41.399473,52.704303],[41.399491,52.704331],[41.399517,52.704355],[41.399487,52.704416],[41.399327,52.704692],[41.399201,52.704911],[41.399181,52.704952],[41.399078,52.705148],[41.39902,52.70526],[41.398836,52.705612]]}},{"type":"Feature","properties":{"highway":"tertiary","length":99.08475823577601},"geometry":{"type":"LineString","coordinates":[[41.400565,52.702351],[41.399852,52.703129]]}},{"type":"Feature","properties":{"highway":"tertiary","length":38.67603790727489},"geometry":{"type":"LineString","coordinates":[[41.400844,52.702048],[41.400824,52.70207],[41.400565,52.702351]]}},{"type":"Feature","properties":{"highway":"tertiary","length":114.7926193312658},"geometry":{"type":"LineString","coordinates":[[41.401731,52.701168],[41.401122,52.701745],[41.400844,52.702048]]}},{"type":"Feature","properties":{"highway":"tertiary","length":104.27775901618858},"geometry":{"type":"LineString","coordinates":[[41.403059,52.700137],[41.402844,52.700288],[41.402448,52.700567],[41.402092,52.700866]]}},{"type":"Feature","properties":{"highway":"tertiary","length":48.397155747274596},"geometry":{"type":"LineString","coordinates":[[41.398164,52.702565],[41.398101,52.702541],[41.397948,52.702484],[41.39788,52.702446],[41.397821,52.702399],[41.397677,52.702328],[41.397602,52.7023]]}},{"type":"Feature","properties":{"highway":"tertiary","length":41.595584179626115},"geometry":{"type":"LineString","coordinates":[[41.402092,52.700866],[41.402059,52.700893],[41.401731,52.701168]]}},{"type":"Feature","properties":{"highway":"primary","length":61.33096579395866},"geometry":{"type":"LineString","coordinates":[[41.400467,52.762158],[41.399907,52.762592]]}},{"type":"Feature","properties":{"highway":"primary","length":3.6639393300462584},"geometry":{"type":"LineString","coordinates":[[41.399907,52.762592],[41.399873,52.762618]]}},{"type":"Feature","properties":{"highway":"primary","length":24.631320849892695},"geometry":{"type":"LineString","coordinates":[[41.397578,52.764418],[41.397791,52.764238]]}},{"type":"Feature","properties":{"highway":"secondary","length":20.250698191013615},"geometry":{"type":"LineString","coordinates":[[41.416008,52.767932],[41.415964,52.767752]]}},{"type":"Feature","properties":{"highway":"secondary","length":15.008270540924208},"geometry":{"type":"LineString","coordinates":[[41.436618,52.75818],[41.436396,52.758181]]}},{"type":"Feature","properties":{"highway":"residential","length":9.367490793266041},"geometry":{"type":"LineString","coordinates":[[41.455911,52.723557],[41.456047,52.723572]]}},{"type":"Feature","properties":{"highway":"residential","length":122.24567781604874},"geometry":{"type":"LineString","coordinates":[[41.397432,52.728604],[41.397336,52.728597]]}},{"type":"Feature","properties":{"highway":"residential","length":150.63455552326525},"geometry":{"type":"LineString","coordinates":[[41.399954,52.768667],[41.399921,52.768694],[41.399849,52.768752],[41.399734,52.768844],[41.398602,52.769744]]}},{"type":"Feature","properties":{"highway":"residential","length":171.50251634456265},"geometry":{"type":"LineString","coordinates":[[41.398602,52.769744],[41.39799,52.770235],[41.397712,52.770455],[41.397205,52.77087],[41.397076,52.770976]]}},{"type":"Feature","properties":{"highway":"primary","length":47.70016532318085},"geometry":{"type":"LineString","coordinates":[[41.452681,52.744125],[41.452429,52.743962],[41.452197,52.743813]]}},{"type":"Feature","properties":{"highway":"primary","length":12.44446087957835},"geometry":{"type":"LineString","coordinates":[[41.452197,52.743813],[41.452116,52.74376],[41.452072,52.743731]]}},{"type":"Feature","properties":{"highway":"secondary","length":67.21978900089098},"geometry":{"type":"LineString","coordinates":[[41.452615,52.721502],[41.451993,52.721311],[41.451883,52.721274],[41.451744,52.721213]]}},{"type":"Feature","properties":{"highway":"secondary","length":83.30946100746253},"geometry":{"type":"LineString","coordinates":[[41.46944,52.702488],[41.470211,52.702594],[41.470642,52.702654]]}},{"type":"Feature","properties":{"highway":"residential","length":60.336353211150424},"geometry":{"type":"LineString","coordinates":[[41.509698,52.715481],[41.509351,52.714982]]}},{"type":"Feature","properties":{"highway":"primary","length":42.72211216928304},"geometry":{"type":"LineString","coordinates":[[41.509698,52.715481],[41.509372,52.715552],[41.509103,52.71561]]}},{"type":"Feature","properties":{"highway":"secondary","length":95.9441982348742},"geometry":{"type":"LineString","coordinates":[[41.443823,52.725949],[41.443912,52.725645],[41.444039,52.725213],[41.444072,52.7251]]}},{"type":"Feature","properties":{"highway":"primary","length":23.814099704502908},"geometry":{"type":"LineString","coordinates":[[41.462852,52.729971],[41.462944,52.729836],[41.462981,52.729772]]}},{"type":"Feature","properties":{"highway":"secondary","length":37.94507168196518},"geometry":{"type":"LineString","coordinates":[[41.462598,52.730332],[41.463124,52.730452]]}},{"type":"Feature","properties":{"highway":"tertiary","length":45.60812969019423},"geometry":{"type":"LineString","coordinates":[[41.472398,52.701165],[41.472358,52.701254],[41.472232,52.701563]]}},{"type":"Feature","properties":{"highway":"secondary","length":25.1566369068924},"geometry":{"type":"LineString","coordinates":[[41.398849,52.766093],[41.398554,52.765955]]}},{"type":"Feature","properties":{"highway":"primary","length":30.25617463908675},"geometry":{"type":"LineString","coordinates":[[41.41714,52.749532],[41.417201,52.749572],[41.417239,52.749621],[41.417252,52.749674],[41.417237,52.749728],[41.417197,52.749777]]}},{"type":"Feature","properties":{"highway":"tertiary","length":19.810472799336022},"geometry":{"type":"LineString","coordinates":[[41.472476,52.700994],[41.472398,52.701165]]}},{"type":"Feature","properties":{"highway":"primary","length":41.57435689803437},"geometry":{"type":"LineString","coordinates":[[41.418487,52.709258],[41.418822,52.709027],[41.418894,52.708977]]}},{"type":"Feature","properties":{"highway":"residential","length":63.8123496602744},"geometry":{"type":"LineString","coordinates":[[41.395701,52.703451],[41.39635,52.703578],[41.396599,52.703627]]}},{"type":"Feature","properties":{"highway":"residential","length":163.90665820400667},"geometry":{"type":"LineString","coordinates":[[41.393394,52.702998],[41.393633,52.703045],[41.395701,52.703451]]}},{"type":"Feature","properties":{"highway":"secondary","length":54.34495765021298},"geometry":{"type":"LineString","coordinates":[[41.45005,52.74453],[41.449936,52.745014]]}},{"type":"Feature","properties":{"highway":"residential","length":68.1297637401711},"geometry":{"type":"LineString","coordinates":[[41.469958,52.708045],[41.469357,52.708536]]}},{"type":"Feature","properties":{"highway":"residential","length":59.349030550895634},"geometry":{"type":"LineString","coordinates":[[41.469357,52.708536],[41.469199,52.708679],[41.468833,52.708964]]}},{"type":"Feature","properties":{"highway":"residential","length":11.2293689392952},"geometry":{"type":"LineString","coordinates":[[41.470055,52.707962],[41.469958,52.708045]]}},{"type":"Feature","properties":{"highway":"residential","length":39.276141382612536},"geometry":{"type":"LineString","coordinates":[[41.470402,52.70768],[41.470335,52.707737],[41.470152,52.707887],[41.470055,52.707962]]}},{"type":"Feature","properties":{"highway":"residential","length":139.2149920646295},"geometry":{"type":"LineString","coordinates":[[41.470481,52.707607],[41.47048,52.707608],[41.470402,52.70768]]}},{"type":"Feature","properties":{"highway":"residential","length":9.585302652950412},"geometry":{"type":"LineString","coordinates":[[41.468833,52.708964],[41.46875,52.709033]]}},{"type":"Feature","properties":{"highway":"residential","length":6.038985366204244},"geometry":{"type":"LineString","coordinates":[[41.46875,52.709033],[41.468697,52.709077]]}},{"type":"Feature","properties":{"highway":"secondary","length":41.94224554789287},"geometry":{"type":"LineString","coordinates":[[41.451339,52.737627],[41.45179,52.73767],[41.451953,52.737686]]}},{"type":"Feature","properties":{"highway":"residential","length":74.84072053514144},"geometry":{"type":"LineString","coordinates":[[41.410574,52.777454],[41.410917,52.777044],[41.410935,52.777022],[41.410996,52.776953],[41.411073,52.776854]]}},{"type":"Feature","properties":{"highway":"primary","length":82.60993575975672},"geometry":{"type":"LineString","coordinates":[[41.413164,52.752419],[41.412363,52.752981]]}},{"type":"Feature","properties":{"highway":"primary","length":76.81020669392093},"geometry":{"type":"LineString","coordinates":[[41.412363,52.752981],[41.411638,52.753512]]}},{"type":"Feature","properties":{"highway":"residential","length":214.45964195200725},"geometry":{"type":"LineString","coordinates":[[41.411935,52.753673],[41.411303,52.754135],[41.409907,52.755156]]}},{"type":"Feature","properties":{"highway":"residential","length":8.016775709648263},"geometry":{"type":"LineString","coordinates":[[41.41201,52.753617],[41.411935,52.753673]]}},{"type":"Feature","properties":{"highway":"residential","length":83.29801585718154},"geometry":{"type":"LineString","coordinates":[[41.418754,52.708846],[41.418794,52.708884],[41.418894,52.708977]]}},{"type":"Feature","properties":{"highway":"residential","length":159.30562075755853},"geometry":{"type":"LineString","coordinates":[[41.424971,52.707109],[41.425006,52.707039],[41.424994,52.706975],[41.424582,52.706685],[41.424401,52.706484],[41.424282,52.706352],[41.423958,52.706026],[41.423806,52.705906]]}},{"type":"Feature","properties":{"highway":"residential","length":115.68313329153851},"geometry":{"type":"LineString","coordinates":[[41.370332,52.785978],[41.370211,52.785925]]}},{"type":"Feature","properties":{"highway":"secondary","length":132.9013744535025},"geometry":{"type":"LineString","coordinates":[[41.440584,52.772614],[41.440343,52.772732],[41.440132,52.772782],[41.439946,52.772806],[41.439588,52.772776],[41.43923,52.772698],[41.43902,52.772606],[41.438853,52.7725]]}},{"type":"Feature","properties":{"highway":"secondary","length":70.37343424661239},"geometry":{"type":"LineString","coordinates":[[41.433651,52.781605],[41.433765,52.781507],[41.433922,52.781466],[41.434048,52.781467],[41.434158,52.781502],[41.434233,52.781561],[41.434269,52.781743]]}},{"type":"Feature","properties":{"highway":"secondary","length":82.35091633089033},"geometry":{"type":"LineString","coordinates":[[41.435854,52.77712],[41.436,52.77697],[41.436142,52.776905],[41.436289,52.776893],[41.436416,52.776933],[41.436487,52.776987],[41.436524,52.777198]]}},{"type":"Feature","properties":{"highway":"secondary","length":81.4306987669471},"geometry":{"type":"LineString","coordinates":[[41.437199,52.776063],[41.436959,52.776219],[41.436841,52.776253],[41.436704,52.77624],[41.43661,52.77621],[41.436551,52.776161],[41.436516,52.776081],[41.436527,52.775934]]}},{"type":"Feature","properties":{"highway":"secondary","length":157.44689886017852},"geometry":{"type":"LineString","coordinates":[[41.445567,52.758169],[41.443863,52.758176],[41.443235,52.758178]]}},{"type":"Feature","properties":{"highway":"residential","length":229.0098155084054},"geometry":{"type":"LineString","coordinates":[[41.375609,52.759767],[41.37555,52.75974]]}},{"type":"Feature","properties":{"highway":"residential","length":100.36464594087079},"geometry":{"type":"LineString","coordinates":[[41.37555,52.75974],[41.374626,52.760446]]}},{"type":"Feature","properties":{"highway":"residential","length":59.43053286698813},"geometry":{"type":"LineString","coordinates":[[41.376165,52.788107],[41.376825,52.788325]]}},{"type":"Feature","properties":{"highway":"residential","length":239.0577310838553},"geometry":{"type":"MultiLineString","coordinates":[[[41.386904,52.777331],[41.387008,52.77725]],[[41.389009,52.775687],[41.389021,52.775677],[41.389077,52.775634]]]}},{"type":"Feature","properties":{"highway":"primary","length":34.18521804489196},"geometry":{"type":"LineString","coordinates":[[41.455523,52.727657],[41.455023,52.727612]]}},{"type":"Feature","properties":{"highway":"tertiary","length":10.420879349427707},"geometry":{"type":"LineString","coordinates":[[41.463887,52.692899],[41.463734,52.692888]]}},{"type":"Feature","properties":{"highway":"residential","length":250.30617469096762},"geometry":{"type":"LineString","coordinates":[[41.475017,52.75441],[41.476376,52.753616],[41.477167,52.753154],[41.477691,52.752853]]}},{"type":"Feature","properties":{"highway":"secondary","length":47.78558434478297},"geometry":{"type":"LineString","coordinates":[[41.437325,52.75819],[41.436994,52.758185],[41.436738,52.758182],[41.436618,52.75818]]}},{"type":"Feature","properties":{"highway":"secondary","length":64.24422702393048},"geometry":{"type":"LineString","coordinates":[[41.438277,52.758191],[41.437885,52.758191],[41.437325,52.75819]]}},{"type":"Feature","properties":{"highway":"secondary","length":20.794278538259466},"geometry":{"type":"LineString","coordinates":[[41.438585,52.75819],[41.438277,52.758191]]}},{"type":"Feature","properties":{"highway":"track","length":1178.186266954941},"geometry":{"type":"LineString","coordinates":[[41.43195,52.765474],[41.431813,52.765477],[41.431688,52.765487],[41.431555,52.765522],[41.431447,52.765558],[41.43138,52.765606],[41.431274,52.765704],[41.431186,52.766057],[41.430928,52.767001],[41.430916,52.767121],[41.430784,52.767271],[41.430172,52.767962],[41.429983,52.768218],[41.429861,52.768383],[41.429708,52.768589],[41.429695,52.768608],[41.42956,52.768754],[41.429411,52.768915],[41.429261,52.769078],[41.429099,52.769253],[41.429024,52.769335],[41.428381,52.770701],[41.428258,52.771103],[41.427922,52.771801],[41.428215,52.77197],[41.427313,52.773992],[41.42705,52.774631],[41.426823,52.775216]]}},{"type":"Feature","properties":{"highway":"residential","length":84.15220793047868},"geometry":{"type":"LineString","coordinates":[[41.419063,52.783218],[41.418524,52.7839]]}},{"type":"Feature","properties":{"highway":"residential","length":181.9832954879469},"geometry":{"type":"LineString","coordinates":[[41.421099,52.780571],[41.421121,52.780543],[41.42123,52.780424]]}},{"type":"Feature","properties":{"highway":"residential","length":138.8269806705569},"geometry":{"type":"LineString","coordinates":[[41.413992,52.77772],[41.413975,52.777735],[41.413862,52.777833]]}},{"type":"Feature","properties":{"highway":"residential","length":296.89120554201816},"geometry":{"type":"LineString","coordinates":[[41.37555,52.75974],[41.37549,52.759712]]}},{"type":"Feature","properties":{"highway":"residential","length":10.127601136001116},"geometry":{"type":"LineString","coordinates":[[41.450947,52.725902],[41.4508,52.725882]]}},{"type":"Feature","properties":{"highway":"secondary","length":65.14079275014234},"geometry":{"type":"LineString","coordinates":[[41.450219,52.728377],[41.450133,52.728663],[41.450079,52.728857],[41.450053,52.728953]]}},{"type":"Feature","properties":{"highway":"residential","length":48.58891611719057},"geometry":{"type":"LineString","coordinates":[[41.451533,52.725959],[41.451724,52.725978],[41.452242,52.726031]]}},{"type":"Feature","properties":{"highway":"unclassified","length":532.5616776222806},"geometry":{"type":"LineString","coordinates":[[41.43979,52.766002],[41.439164,52.76596],[41.43842,52.76592],[41.437758,52.765883],[41.436903,52.765808],[41.436077,52.765752],[41.435751,52.76573],[41.435175,52.765691],[41.434959,52.765677],[41.434727,52.765661],[41.434328,52.765634],[41.433945,52.765609],[41.433618,52.765587],[41.433387,52.765571],[41.432473,52.76551],[41.43195,52.765474]]}},{"type":"Feature","properties":{"highway":"unclassified","length":173.6244599606318},"geometry":{"type":"LineString","coordinates":[[41.442095,52.765665],[41.441776,52.76591],[41.441519,52.766011],[41.441253,52.766066],[41.440832,52.766074],[41.44044,52.76604],[41.43979,52.766002]]}},{"type":"Feature","properties":{"highway":"residential","length":13.582137865593866},"geometry":{"type":"LineString","coordinates":[[41.473991,52.738253],[41.473814,52.738195]]}},{"type":"Feature","properties":{"highway":"residential","length":26.277514950449333},"geometry":{"type":"LineString","coordinates":[[41.473991,52.738253],[41.474162,52.738318],[41.474303,52.738393]]}},{"type":"Feature","properties":{"highway":"residential","length":292.74645073898023},"geometry":{"type":"LineString","coordinates":[[41.464613,52.738909],[41.464429,52.739176],[41.462988,52.741263],[41.462936,52.741335]]}},{"type":"Feature","properties":{"highway":"secondary","length":66.10918959519167},"geometry":{"type":"LineString","coordinates":[[41.43842,52.77329],[41.438579,52.773029],[41.438744,52.772729]]}},{"type":"Feature","properties":{"highway":"secondary","length":258.45770755639256},"geometry":{"type":"LineString","coordinates":[[41.440312,52.769574],[41.440678,52.768787],[41.441046,52.768046],[41.441218,52.767699],[41.441295,52.767554],[41.441403,52.767347]]}},{"type":"Feature","properties":{"highway":"secondary","length":135.0695828577377},"geometry":{"type":"LineString","coordinates":[[41.441403,52.767347],[41.441773,52.766605],[41.441905,52.7663],[41.441966,52.766183]]}},{"type":"Feature","properties":{"highway":"secondary","length":26.499545028324622},"geometry":{"type":"LineString","coordinates":[[41.438744,52.772729],[41.438853,52.7725]]}},{"type":"Feature","properties":{"highway":"secondary","length":88.79003662880342},"geometry":{"type":"LineString","coordinates":[[41.443592,52.726735],[41.443658,52.726511],[41.443799,52.726032],[41.443823,52.725949]]}},{"type":"Feature","properties":{"highway":"residential","length":69.64738840055514},"geometry":{"type":"LineString","coordinates":[[41.45143,52.727511],[41.450628,52.72744],[41.45041,52.72746]]}},{"type":"Feature","properties":{"highway":"secondary","length":23.03835453051363},"geometry":{"type":"LineString","coordinates":[[41.448288,52.725546],[41.448624,52.725582]]}},{"type":"Feature","properties":{"highway":"residential","length":177.05253752543024},"geometry":{"type":"LineString","coordinates":[[41.446166,52.727033],[41.445641,52.726972],[41.444967,52.726894],[41.444488,52.726839],[41.443715,52.726749],[41.443592,52.726735]]}},{"type":"Feature","properties":{"highway":"secondary","length":34.37606063072211},"geometry":{"type":"LineString","coordinates":[[41.450289,52.728071],[41.450219,52.728377]]}},{"type":"Feature","properties":{"highway":"secondary","length":68.39508885757827},"geometry":{"type":"LineString","coordinates":[[41.45041,52.72746],[41.450387,52.72759],[41.450339,52.727824],[41.450289,52.728071]]}},{"type":"Feature","properties":{"highway":"residential","length":491.877703678926},"geometry":{"type":"MultiLineString","coordinates":[[[41.383291,52.764473],[41.383378,52.764404]],[[41.387653,52.76102],[41.387727,52.760967]]]}},{"type":"Feature","properties":{"highway":"residential","length":152.4247759668354},"geometry":{"type":"LineString","coordinates":[[41.420349,52.745341],[41.420795,52.74573],[41.421336,52.746171],[41.421555,52.746339],[41.421685,52.746445]]}},{"type":"Feature","properties":{"highway":"residential","length":24.693793521517215},"geometry":{"type":"LineString","coordinates":[[41.459047,52.732995],[41.459406,52.733038]]}},{"type":"Feature","properties":{"highway":"residential","length":33.61575986410846},"geometry":{"type":"LineString","coordinates":[[41.461039,52.733229],[41.461129,52.73324],[41.461529,52.733281]]}},{"type":"Feature","properties":{"highway":"residential","length":97.05612132112978},"geometry":{"type":"LineString","coordinates":[[41.461529,52.733281],[41.461981,52.733328],[41.462795,52.733419],[41.462864,52.733434],[41.462931,52.733457]]}},{"type":"Feature","properties":{"highway":"residential","length":112.30608222969393},"geometry":{"type":"LineString","coordinates":[[41.459406,52.733038],[41.461039,52.733229]]}},{"type":"Feature","properties":{"highway":"residential","length":60.206828952052206},"geometry":{"type":"LineString","coordinates":[[41.410176,52.777939],[41.410409,52.777651],[41.410574,52.777454]]}},{"type":"Feature","properties":{"highway":"residential","length":25.147076611109405},"geometry":{"type":"LineString","coordinates":[[41.411073,52.776854],[41.411153,52.776748],[41.411162,52.776736]]}},{"type":"Feature","properties":{"highway":"residential","length":361.8573370345957},"geometry":{"type":"LineString","coordinates":[[41.407767,52.780844],[41.407826,52.780769],[41.407851,52.780739],[41.408054,52.780498],[41.40861,52.779828],[41.40943,52.778837],[41.409951,52.778212],[41.410176,52.777939]]}},{"type":"Feature","properties":{"highway":"primary","length":6.916752247950225},"geometry":{"type":"LineString","coordinates":[[41.401987,52.761187],[41.401886,52.7612]]}},{"type":"Feature","properties":{"highway":"primary","length":7.082930044114515},"geometry":{"type":"LineString","coordinates":[[41.40234,52.760836],[41.402336,52.7609]]}},{"type":"Feature","properties":{"highway":"secondary","length":30.594509803318175},"geometry":{"type":"LineString","coordinates":[[41.401502,52.76091],[41.401306,52.760662]]}},{"type":"Feature","properties":{"highway":"secondary","length":28.88113926039647},"geometry":{"type":"LineString","coordinates":[[41.401306,52.760662],[41.401713,52.760742]]}},{"type":"Feature","properties":{"highway":"residential","length":114.85992699320036},"geometry":{"type":"LineString","coordinates":[[41.369413,52.786706],[41.369291,52.78665]]}},{"type":"Feature","properties":{"highway":"residential","length":115.70010491240392},"geometry":{"type":"LineString","coordinates":[[41.368468,52.787454],[41.36835,52.787399]]}},{"type":"Feature","properties":{"highway":"tertiary","length":115.37061650890355},"geometry":{"type":"LineString","coordinates":[[41.366574,52.788953],[41.366448,52.788896]]}},{"type":"Feature","properties":{"highway":"residential","length":114.75630300767082},"geometry":{"type":"LineString","coordinates":[[41.367517,52.788207],[41.367394,52.788149]]}},{"type":"Feature","properties":{"highway":"residential","length":100.54372879503272},"geometry":{"type":"LineString","coordinates":[[41.372383,52.785862],[41.372461,52.785795]]}},{"type":"Feature","properties":{"highway":"secondary","length":106.54751516913144},"geometry":{"type":"LineString","coordinates":[[41.446778,52.740328],[41.446657,52.740696],[41.446519,52.741138],[41.446493,52.741223],[41.446468,52.741266]]}},{"type":"Feature","properties":{"highway":"secondary","length":61.75763389846774},"geometry":{"type":"LineString","coordinates":[[41.449883,52.729582],[41.449724,52.730129]]}},{"type":"Feature","properties":{"highway":"secondary","length":41.52230872879676},"geometry":{"type":"LineString","coordinates":[[41.450763,52.731715],[41.451237,52.731477]]}},{"type":"Feature","properties":{"highway":"secondary","length":142.04453347922993},"geometry":{"type":"LineString","coordinates":[[41.443061,52.728619],[41.443097,52.728486],[41.443356,52.727539],[41.443365,52.72751],[41.443409,52.72736]]}},{"type":"Feature","properties":{"highway":"tertiary","length":239.45760570476895},"geometry":{"type":"LineString","coordinates":[[41.469021,52.700521],[41.469317,52.700562],[41.469608,52.700602],[41.471421,52.70085],[41.472339,52.700976],[41.472476,52.700994]]}},{"type":"Feature","properties":{"highway":"tertiary","length":336.3453624402646},"geometry":{"type":"LineString","coordinates":[[41.442234,52.7221],[41.44208,52.722083],[41.440887,52.721949],[41.440786,52.721938],[41.440129,52.721865],[41.439483,52.721792],[41.43929,52.721771],[41.438322,52.721662],[41.437746,52.721597],[41.437495,52.72157],[41.437338,52.721552]]}},{"type":"Feature","properties":{"highway":"primary","length":122.81637761440652},"geometry":{"type":"LineString","coordinates":[[41.468221,52.705764],[41.468437,52.705874],[41.46853,52.70592],[41.468853,52.706068],[41.468978,52.706125],[41.469002,52.706136],[41.469494,52.706361],[41.469526,52.706376],[41.46966,52.706437]]}},{"type":"Feature","properties":{"highway":"residential","length":50.33012985269505},"geometry":{"type":"LineString","coordinates":[[41.46089,52.705774],[41.461352,52.705983],[41.461489,52.706044]]}},{"type":"Feature","properties":{"highway":"primary","length":6.612472033586016},"geometry":{"type":"LineString","coordinates":[[41.435536,52.727217],[41.435493,52.72727]]}},{"type":"Feature","properties":{"highway":"residential","length":99.2048117759},"geometry":{"type":"LineString","coordinates":[[41.452424,52.736271],[41.452633,52.736291],[41.452978,52.736331],[41.453143,52.736345],[41.453295,52.736305],[41.4533,52.736284],[41.453391,52.735925]]}},{"type":"Feature","properties":{"highway":"secondary","length":47.75695113669157},"geometry":{"type":"LineString","coordinates":[[41.452072,52.737701],[41.452287,52.737726],[41.452768,52.737776]]}},{"type":"Feature","properties":{"highway":"primary","length":61.83101443412406},"geometry":{"type":"LineString","coordinates":[[41.435232,52.728045],[41.435183,52.728193],[41.43508,52.728593]]}},{"type":"Feature","properties":{"highway":"primary","length":50.268228736892794},"geometry":{"type":"LineString","coordinates":[[41.43538,52.727602],[41.435311,52.727815],[41.435232,52.728045]]}},{"type":"Feature","properties":{"highway":"residential","length":88.626034989815},"geometry":{"type":"LineString","coordinates":[[41.429007,52.728255],[41.428821,52.727467]]}},{"type":"Feature","properties":{"highway":"track","length":113.75514532683795},"geometry":{"type":"LineString","coordinates":[[41.405234,52.741095],[41.404853,52.741167],[41.404756,52.741211],[41.404539,52.741462],[41.404491,52.741566],[41.404491,52.741703],[41.404491,52.741881]]}},{"type":"Feature","properties":{"highway":"tertiary","length":19.754992626603233},"geometry":{"type":"LineString","coordinates":[[41.420656,52.728335],[41.42062,52.728314],[41.420591,52.72829],[41.420571,52.728263],[41.42056,52.728234],[41.420558,52.728207],[41.420561,52.728176]]}},{"type":"Feature","properties":{"highway":"secondary","length":138.3229248927368},"geometry":{"type":"LineString","coordinates":[[41.411429,52.737929],[41.411608,52.737708],[41.411839,52.737414],[41.412319,52.736809]]}},{"type":"Feature","properties":{"highway":"secondary","length":67.43703244874128},"geometry":{"type":"LineString","coordinates":[[41.410021,52.73984],[41.410023,52.739768],[41.410042,52.739674],[41.410077,52.739616],[41.410264,52.739361],[41.410333,52.739273]]}},{"type":"Feature","properties":{"highway":"secondary","length":39.96182961077173},"geometry":{"type":"LineString","coordinates":[[41.412376,52.736729],[41.412405,52.736619],[41.412414,52.736561],[41.412408,52.736504],[41.412399,52.736443],[41.412383,52.736408],[41.412363,52.736375]]}},{"type":"Feature","properties":{"highway":"secondary","length":21.399480835243402},"geometry":{"type":"LineString","coordinates":[[41.412363,52.736375],[41.412297,52.73632],[41.41222,52.736275],[41.412142,52.73624]]}},{"type":"Feature","properties":{"highway":"secondary","length":9.75005028336767},"geometry":{"type":"LineString","coordinates":[[41.412319,52.736809],[41.412376,52.736729]]}},{"type":"Feature","properties":{"highway":"secondary","length":100.38290655782221},"geometry":{"type":"LineString","coordinates":[[41.400118,52.733527],[41.399741,52.733588],[41.399405,52.733643],[41.399055,52.7337],[41.398868,52.73373],[41.398682,52.73376]]}},{"type":"Feature","properties":{"highway":"secondary","length":34.92048128825354},"geometry":{"type":"LineString","coordinates":[[41.401817,52.733334],[41.401566,52.733313],[41.401479,52.73332],[41.401305,52.733334]]}},{"type":"Feature","properties":{"highway":"residential","length":115.59632307546228},"geometry":{"type":"LineString","coordinates":[[41.400118,52.733527],[41.400149,52.733415],[41.400202,52.733158],[41.400339,52.732497]]}},{"type":"Feature","properties":{"highway":"residential","length":101.83772711677332},"geometry":{"type":"LineString","coordinates":[[41.36179,52.767906],[41.361649,52.767865]]}},{"type":"Feature","properties":{"highway":"secondary","length":6.943176948752968},"geometry":{"type":"LineString","coordinates":[[41.447531,52.756132],[41.447519,52.756194]]}},{"type":"Feature","properties":{"highway":"residential","length":28.68769002816352},"geometry":{"type":"MultiLineString","coordinates":[[[41.390293,52.721073],[41.390355,52.72126]],[[41.390355,52.72126],[41.390382,52.721325]]]}},{"type":"Feature","properties":{"highway":"residential","length":3.759370856805075},"geometry":{"type":"LineString","coordinates":[[41.382259,52.722778],[41.382205,52.722784]]}},{"type":"Feature","properties":{"highway":"residential","length":80.17920840816326},"geometry":{"type":"LineString","coordinates":[[41.383345,52.723093],[41.383047,52.72305],[41.382919,52.723042],[41.382471,52.723053],[41.382385,52.723047],[41.38234,52.723037],[41.382298,52.723026],[41.382269,52.72301],[41.382251,52.722987],[41.382243,52.722962]]}},{"type":"Feature","properties":{"highway":"residential","length":51.19792702809714},"geometry":{"type":"LineString","coordinates":[[41.382197,52.722756],[41.382076,52.722345],[41.382064,52.722303]]}},{"type":"Feature","properties":{"highway":"residential","length":319.50550765033216},"geometry":{"type":"LineString","coordinates":[[41.391368,52.729549],[41.391398,52.726678]]}},{"type":"Feature","properties":{"highway":"residential","length":588.8175738828363},"geometry":{"type":"LineString","coordinates":[[41.388956,52.732176],[41.388804,52.732031],[41.388002,52.728365],[41.387659,52.726959]]}},{"type":"Feature","properties":{"highway":"residential","length":227.43644755978636},"geometry":{"type":"LineString","coordinates":[[41.387659,52.726959],[41.386377,52.727137],[41.38616,52.727167],[41.385452,52.72729],[41.384929,52.727409],[41.384435,52.727532]]}},{"type":"Feature","properties":{"highway":"residential","length":26.690293169274117},"geometry":{"type":"LineString","coordinates":[[41.38203,52.722196],[41.381949,52.721961]]}},{"type":"Feature","properties":{"highway":"residential","length":12.191606414787959},"geometry":{"type":"LineString","coordinates":[[41.382064,52.722303],[41.382036,52.722214],[41.38203,52.722196]]}},{"type":"Feature","properties":{"highway":"residential","length":15.686145656769064},"geometry":{"type":"LineString","coordinates":[[41.3997,52.704282],[41.399658,52.704322],[41.399593,52.704347],[41.399517,52.704355]]}},{"type":"Feature","properties":{"highway":"primary","length":19.705229780483197},"geometry":{"type":"LineString","coordinates":[[41.397791,52.764238],[41.397957,52.764092]]}},{"type":"Feature","properties":{"highway":"secondary","length":53.71084888570672},"geometry":{"type":"LineString","coordinates":[[41.429472,52.787609],[41.429657,52.787613],[41.429784,52.787595],[41.429918,52.787574],[41.430055,52.787524],[41.430218,52.787475]]}},{"type":"Feature","properties":{"highway":"secondary","length":51.02122849473702},"geometry":{"type":"LineString","coordinates":[[41.430128,52.787837],[41.429472,52.787609]]}},{"type":"Feature","properties":{"highway":"secondary","length":39.29053331902991},"geometry":{"type":"LineString","coordinates":[[41.402629,52.761145],[41.402705,52.76121],[41.402801,52.761282],[41.403004,52.761381],[41.403031,52.761396]]}},{"type":"Feature","properties":{"highway":"unclassified","length":85.45440349388011},"geometry":{"type":"LineString","coordinates":[[41.404244,52.761781],[41.405267,52.762233]]}},{"type":"Feature","properties":{"highway":"secondary","length":399.50022990627957},"geometry":{"type":"LineString","coordinates":[[41.430536,52.787327],[41.430737,52.787186],[41.430917,52.787068],[41.431034,52.786926],[41.431644,52.785677],[41.43168,52.785602],[41.432438,52.784074],[41.432491,52.783971]]}},{"type":"Feature","properties":{"highway":"residential","length":492.71339994714907},"geometry":{"type":"MultiLineString","coordinates":[[[41.386764,52.760508],[41.386682,52.760571]],[[41.382384,52.763939],[41.382297,52.764009]]]}},{"type":"Feature","properties":{"highway":"residential","length":186.0636668896863},"geometry":{"type":"LineString","coordinates":[[41.479847,52.742085],[41.480313,52.742401],[41.480996,52.742832],[41.481738,52.743301]]}},{"type":"Feature","properties":{"highway":"residential","length":218.72600112572675},"geometry":{"type":"LineString","coordinates":[[41.476693,52.742239],[41.478288,52.741976],[41.4784,52.741965],[41.478706,52.741968],[41.479312,52.741984],[41.479847,52.742085]]}},{"type":"Feature","properties":{"highway":"primary","length":94.86470868743966},"geometry":{"type":"LineString","coordinates":[[41.436925,52.735084],[41.437821,52.735741]]}},{"type":"Feature","properties":{"highway":"primary","length":70.50123398466268},"geometry":{"type":"LineString","coordinates":[[41.436262,52.734595],[41.436925,52.735084]]}},{"type":"Feature","properties":{"highway":"tertiary_link","length":20.215831585910017},"geometry":{"type":"LineString","coordinates":[[41.42917,52.719134],[41.428913,52.719041]]}},{"type":"Feature","properties":{"highway":"secondary","length":116.51060414097594},"geometry":{"type":"LineString","coordinates":[[41.429039,52.719573],[41.428967,52.719815],[41.428744,52.720407],[41.428731,52.720443],[41.428677,52.720597]]}},{"type":"Feature","properties":{"highway":"tertiary","length":25.164090903730923},"geometry":{"type":"LineString","coordinates":[[41.428913,52.719041],[41.428547,52.719]]}},{"type":"Feature","properties":{"highway":"secondary","length":49.70658564630972},"geometry":{"type":"LineString","coordinates":[[41.42917,52.719134],[41.429156,52.719179],[41.429149,52.719203],[41.429092,52.719394],[41.429039,52.719573]]}},{"type":"Feature","properties":{"highway":"residential","length":78.02634585513289},"geometry":{"type":"LineString","coordinates":[[41.335082,52.696697],[41.334763,52.69737]]}},{"type":"Feature","properties":{"highway":"secondary","length":19.71328191370065},"geometry":{"type":"LineString","coordinates":[[41.443541,52.726909],[41.443561,52.726842],[41.443592,52.726735]]}},{"type":"Feature","properties":{"highway":"residential","length":31.443252730348355},"geometry":{"type":"LineString","coordinates":[[41.4195,52.715978],[41.419928,52.716089]]}},{"type":"Feature","properties":{"highway":"residential","length":19.67367438813928},"geometry":{"type":"LineString","coordinates":[[41.418452,52.715707],[41.41872,52.715776]]}},{"type":"Feature","properties":{"highway":"residential","length":3.320394584112732},"geometry":{"type":"LineString","coordinates":[[41.41939,52.715949],[41.419435,52.715961]]}},{"type":"Feature","properties":{"highway":"residential","length":38.236509201766225},"geometry":{"type":"LineString","coordinates":[[41.418869,52.715815],[41.419257,52.715915],[41.41939,52.715949]]}},{"type":"Feature","properties":{"highway":"residential","length":10.971821768767134},"geometry":{"type":"LineString","coordinates":[[41.41872,52.715776],[41.418869,52.715815]]}},{"type":"Feature","properties":{"highway":"residential","length":16.710771873514098},"geometry":{"type":"LineString","coordinates":[[41.418229,52.715642],[41.418452,52.715707]]}},{"type":"Feature","properties":{"highway":"residential","length":10.026969867094639},"geometry":{"type":"LineString","coordinates":[[41.418095,52.715602],[41.418156,52.71562],[41.418229,52.715642]]}},{"type":"Feature","properties":{"highway":"residential","length":52.12255324971528},"geometry":{"type":"LineString","coordinates":[[41.417401,52.715398],[41.418095,52.715602]]}},{"type":"Feature","properties":{"highway":"residential","length":8.326251880833778},"geometry":{"type":"LineString","coordinates":[[41.41729,52.715366],[41.417401,52.715398]]}},{"type":"Feature","properties":{"highway":"residential","length":18.795113733688737},"geometry":{"type":"LineString","coordinates":[[41.417045,52.715286],[41.41729,52.715366]]}},{"type":"Feature","properties":{"highway":"residential","length":4.815471483008995},"geometry":{"type":"LineString","coordinates":[[41.419435,52.715961],[41.4195,52.715978]]}},{"type":"Feature","properties":{"highway":"residential","length":10.125122269206237},"geometry":{"type":"LineString","coordinates":[[41.418452,52.715707],[41.418492,52.715619]]}},{"type":"Feature","properties":{"highway":"secondary","length":105.58039459838966},"geometry":{"type":"LineString","coordinates":[[41.419774,52.709796],[41.419408,52.709643],[41.418746,52.709366],[41.418487,52.709258]]}},{"type":"Feature","properties":{"highway":"tertiary","length":88.08086716125425},"geometry":{"type":"LineString","coordinates":[[41.407435,52.715361],[41.408327,52.715742],[41.408496,52.71582]]}},{"type":"Feature","properties":{"highway":"residential","length":145.17324955866601},"geometry":{"type":"LineString","coordinates":[[41.406677,52.713445],[41.405624,52.714462],[41.405534,52.714549]]}},{"type":"Feature","properties":{"highway":"residential","length":20.96188516569613},"geometry":{"type":"LineString","coordinates":[[41.410564,52.709057],[41.410704,52.708889]]}},{"type":"Feature","properties":{"highway":"residential","length":11.08606261599989},"geometry":{"type":"LineString","coordinates":[[41.410011,52.709726],[41.410084,52.709637]]}},{"type":"Feature","properties":{"highway":"residential","length":9.556559408597082},"geometry":{"type":"LineString","coordinates":[[41.410353,52.709313],[41.410384,52.709275],[41.410417,52.709236]]}},{"type":"Feature","properties":{"highway":"residential","length":22.24701159655369},"geometry":{"type":"LineString","coordinates":[[41.410417,52.709236],[41.410564,52.709057]]}},{"type":"Feature","properties":{"highway":"residential","length":40.42010848083133},"geometry":{"type":"LineString","coordinates":[[41.410084,52.709637],[41.410353,52.709313]]}},{"type":"Feature","properties":{"highway":"tertiary","length":56.60287341071242},"geometry":{"type":"LineString","coordinates":[[41.398848,52.699978],[41.398922,52.699878],[41.399242,52.69953]]}},{"type":"Feature","properties":{"highway":"tertiary","length":8.949214202037941},"geometry":{"type":"LineString","coordinates":[[41.397602,52.7023],[41.397489,52.702259]]}},{"type":"Feature","properties":{"highway":"tertiary","length":32.39691071823037},"geometry":{"type":"LineString","coordinates":[[41.398588,52.702701],[41.398164,52.702565]]}},{"type":"Feature","properties":{"highway":"residential","length":44.87998066187103},"geometry":{"type":"LineString","coordinates":[[41.410672,52.700056],[41.410743,52.700041],[41.410818,52.700041],[41.411051,52.700042],[41.411215,52.700072],[41.411302,52.700112]]}},{"type":"Feature","properties":{"highway":"residential","length":147.64669430434054},"geometry":{"type":"LineString","coordinates":[[41.419842,52.704478],[41.42044,52.704099],[41.420809,52.704002],[41.420879,52.703983],[41.420943,52.703966]]}},{"type":"Feature","properties":{"highway":"residential","length":174.16732458794382},"geometry":{"type":"LineString","coordinates":[[41.420035,52.699593],[41.419701,52.699421],[41.418331,52.698713],[41.418046,52.6986]]}},{"type":"Feature","properties":{"highway":"residential","length":380.5037892878653},"geometry":{"type":"MultiLineString","coordinates":[[[41.427241,52.702785],[41.427143,52.702845]],[[41.423358,52.705134],[41.423252,52.705198]]]}},{"type":"Feature","properties":{"highway":"residential","length":175.29943305648217},"geometry":{"type":"LineString","coordinates":[[41.427173,52.69866],[41.428634,52.699213],[41.428725,52.699248],[41.42938,52.699487]]}},{"type":"Feature","properties":{"highway":"residential","length":47.257677346377996},"geometry":{"type":"LineString","coordinates":[[41.429836,52.698969],[41.430165,52.698594]]}},{"type":"Feature","properties":{"highway":"residential","length":100.05914430742641},"geometry":{"type":"LineString","coordinates":[[41.430165,52.698594],[41.430225,52.698524],[41.430818,52.697787]]}},{"type":"Feature","properties":{"highway":"residential","length":82.35538503412248},"geometry":{"type":"LineString","coordinates":[[41.431744,52.696645],[41.431975,52.696399],[41.432294,52.696091],[41.432428,52.696046]]}},{"type":"Feature","properties":{"highway":"residential","length":72.25650897565313},"geometry":{"type":"LineString","coordinates":[[41.471711,52.756242],[41.471826,52.756178]]}},{"type":"Feature","properties":{"highway":"secondary","length":90.42296733012478},"geometry":{"type":"LineString","coordinates":[[41.460259,52.747817],[41.459829,52.748137],[41.459714,52.748223],[41.459569,52.748331],[41.459411,52.748446]]}},{"type":"Feature","properties":{"highway":"secondary","length":67.87931154241207},"geometry":{"type":"LineString","coordinates":[[41.467312,52.744099],[41.467173,52.744157],[41.46676,52.744311],[41.46646,52.744424]]}},{"type":"Feature","properties":{"highway":"secondary","length":74.08291833257987},"geometry":{"type":"LineString","coordinates":[[41.468297,52.743808],[41.467997,52.743887],[41.467312,52.744099]]}},{"type":"Feature","properties":{"highway":"secondary","length":35.545138738207804},"geometry":{"type":"LineString","coordinates":[[41.452768,52.737776],[41.453286,52.737833]]}},{"type":"Feature","properties":{"highway":"secondary","length":38.859655939539614},"geometry":{"type":"LineString","coordinates":[[41.450773,52.737567],[41.451339,52.737627]]}},{"type":"Feature","properties":{"highway":"secondary","length":100.83454914469652},"geometry":{"type":"LineString","coordinates":[[41.448814,52.737366],[41.449715,52.737458],[41.450287,52.737515]]}},{"type":"Feature","properties":{"highway":"secondary","length":59.64688368701721},"geometry":{"type":"LineString","coordinates":[[41.446161,52.737076],[41.447031,52.737169]]}},{"type":"Feature","properties":{"highway":"primary","length":144.05340406840105},"geometry":{"type":"LineString","coordinates":[[41.437975,52.737918],[41.439448,52.737166],[41.439612,52.737088]]}},{"type":"Feature","properties":{"highway":"secondary","length":124.0930177045143},"geometry":{"type":"LineString","coordinates":[[41.439612,52.737088],[41.439779,52.737009],[41.440608,52.73659],[41.441005,52.736395],[41.441034,52.736381]]}},{"type":"Feature","properties":{"highway":"residential","length":107.1096976769979},"geometry":{"type":"LineString","coordinates":[[41.430587,52.740533],[41.431238,52.741051],[41.431408,52.741184],[41.43156,52.741293]]}},{"type":"Feature","properties":{"highway":"residential","length":110.78806120131739},"geometry":{"type":"LineString","coordinates":[[41.428529,52.738896],[41.428529,52.738896],[41.42861,52.738978]]}},{"type":"Feature","properties":{"highway":"primary","length":27.00627483605659},"geometry":{"type":"LineString","coordinates":[[41.431252,52.741447],[41.431437,52.741353],[41.43156,52.741293]]}},{"type":"Feature","properties":{"highway":"residential","length":299.8439092584876},"geometry":{"type":"LineString","coordinates":[[41.435428,52.739229],[41.435317,52.739142],[41.435221,52.73907],[41.434964,52.738876],[41.433705,52.737967],[41.433078,52.737488],[41.432713,52.737204],[41.432659,52.737127]]}},{"type":"Feature","properties":{"highway":"tertiary","length":77.08962528603898},"geometry":{"type":"LineString","coordinates":[[41.418569,52.732871],[41.418809,52.732703],[41.418968,52.732595],[41.419005,52.73257],[41.419097,52.732505],[41.419317,52.732347]]}},{"type":"Feature","properties":{"highway":"tertiary","length":151.86436863581534},"geometry":{"type":"LineString","coordinates":[[41.419317,52.732347],[41.419426,52.732269],[41.419627,52.732127],[41.419754,52.732037],[41.420096,52.731795],[41.420276,52.731651],[41.420439,52.731513],[41.420606,52.731361],[41.420697,52.731272]]}},{"type":"Feature","properties":{"highway":"tertiary","length":138.2548837402277},"geometry":{"type":"LineString","coordinates":[[41.42139,52.730445],[41.421629,52.730165],[41.421979,52.729759],[41.422032,52.729699],[41.422135,52.729579],[41.4222,52.729496],[41.422232,52.729439],[41.422246,52.729385],[41.422242,52.729327]]}},{"type":"Feature","properties":{"highway":"tertiary","length":6.935964566118837},"geometry":{"type":"LineString","coordinates":[[41.422242,52.729327],[41.422212,52.729267]]}},{"type":"Feature","properties":{"highway":"residential","length":38.37033830300235},"geometry":{"type":"LineString","coordinates":[[41.434083,52.726016],[41.433986,52.725922],[41.433826,52.725778],[41.433771,52.725728]]}},{"type":"Feature","properties":{"highway":"tertiary","length":77.10855896337003},"geometry":{"type":"LineString","coordinates":[[41.434794,52.725817],[41.435669,52.725893],[41.435924,52.725913]]}},{"type":"Feature","properties":{"highway":"residential","length":161.89117932501452},"geometry":{"type":"LineString","coordinates":[[41.455382,52.741525],[41.456646,52.740288]]}},{"type":"Feature","properties":{"highway":"residential","length":231.41185398849763},"geometry":{"type":"LineString","coordinates":[[41.456646,52.740288],[41.456709,52.740226],[41.457353,52.739597],[41.458057,52.738908],[41.458305,52.738665],[41.458452,52.738521]]}},{"type":"Feature","properties":{"highway":"tertiary","length":73.07065234914822},"geometry":{"type":"LineString","coordinates":[[41.458977,52.73795],[41.458534,52.738382],[41.458452,52.738521]]}},{"type":"Feature","properties":{"highway":"residential","length":55.88214311434777},"geometry":{"type":"LineString","coordinates":[[41.453391,52.735925],[41.454205,52.736016]]}},{"type":"Feature","properties":{"highway":"residential","length":97.08364683579319},"geometry":{"type":"LineString","coordinates":[[41.454623,52.736065],[41.456034,52.736234]]}},{"type":"Feature","properties":{"highway":"residential","length":35.55224534160498},"geometry":{"type":"LineString","coordinates":[[41.456034,52.736234],[41.456122,52.736244],[41.45642,52.736279],[41.45655,52.736295]]}},{"type":"Feature","properties":{"highway":"residential","length":28.789787429685752},"geometry":{"type":"LineString","coordinates":[[41.454205,52.736016],[41.454276,52.736023],[41.454623,52.736065]]}},{"type":"Feature","properties":{"highway":"residential","length":12.637411100797397},"geometry":{"type":"LineString","coordinates":[[41.444555,52.73132],[41.444509,52.731314],[41.444371,52.731299]]}},{"type":"Feature","properties":{"highway":"residential","length":20.77148407919906},"geometry":{"type":"LineString","coordinates":[[41.444858,52.731353],[41.444713,52.731337],[41.444555,52.73132]]}},{"type":"Feature","properties":{"highway":"residential","length":50.63994153347412},"geometry":{"type":"LineString","coordinates":[[41.445595,52.731436],[41.444858,52.731353]]}},{"type":"Feature","properties":{"highway":"residential","length":85.87691606619379},"geometry":{"type":"LineString","coordinates":[[41.473441,52.733969],[41.47336,52.734037],[41.473062,52.734351],[41.472774,52.734625]]}},{"type":"Feature","properties":{"highway":"primary","length":156.17579663225683},"geometry":{"type":"LineString","coordinates":[[41.436842,52.722919],[41.43665,52.72348],[41.436551,52.723788],[41.436389,52.724295]]}},{"type":"Feature","properties":{"highway":"primary","length":80.39839979417665},"geometry":{"type":"LineString","coordinates":[[41.437574,52.720844],[41.437369,52.721465],[41.437338,52.721552]]}},{"type":"Feature","properties":{"highway":"tertiary","length":80.1967520057052},"geometry":{"type":"LineString","coordinates":[[41.435232,52.728045],[41.435392,52.72807],[41.435647,52.728069],[41.43594,52.72805],[41.436411,52.72803]]}},{"type":"Feature","properties":{"highway":"tertiary","length":109.69237313269974},"geometry":{"type":"LineString","coordinates":[[41.441463,52.728446],[41.441787,52.728478],[41.44189,52.728487],[41.442908,52.728602],[41.443061,52.728619]]}},{"type":"Feature","properties":{"highway":"secondary","length":28.40234586486838},"geometry":{"type":"LineString","coordinates":[[41.450874,52.729101],[41.451046,52.729134],[41.451276,52.729177]]}},{"type":"Feature","properties":{"highway":"secondary","length":46.63719945527684},"geometry":{"type":"LineString","coordinates":[[41.453279,52.729587],[41.453929,52.729727]]}},{"type":"Feature","properties":{"highway":"residential","length":16.403377583323827},"geometry":{"type":"LineString","coordinates":[[41.451672,52.706544],[41.451869,52.70663]]}},{"type":"Feature","properties":{"highway":"residential","length":10.105286287707006},"geometry":{"type":"LineString","coordinates":[[41.451869,52.70663],[41.451938,52.70666],[41.451991,52.706683]]}},{"type":"Feature","properties":{"highway":"residential","length":38.59557203470593},"geometry":{"type":"LineString","coordinates":[[41.451991,52.706683],[41.452454,52.706885]]}},{"type":"Feature","properties":{"highway":"residential","length":83.61629477162747},"geometry":{"type":"LineString","coordinates":[[41.450668,52.706105],[41.450821,52.706172],[41.451672,52.706544]]}},{"type":"Feature","properties":{"highway":"residential","length":39.70785589528824},"geometry":{"type":"LineString","coordinates":[[41.46053,52.710452],[41.461005,52.710662]]}},{"type":"Feature","properties":{"highway":"residential","length":5.947974502497081},"geometry":{"type":"LineString","coordinates":[[41.461005,52.710662],[41.461042,52.710679],[41.461076,52.710694]]}},{"type":"Feature","properties":{"highway":"residential","length":67.17860535555288},"geometry":{"type":"LineString","coordinates":[[41.461076,52.710694],[41.461225,52.71076],[41.46188,52.711049]]}},{"type":"Feature","properties":{"highway":"residential","length":6.708425866227904},"geometry":{"type":"LineString","coordinates":[[41.463207,52.709207],[41.463249,52.709225],[41.463287,52.709242]]}},{"type":"Feature","properties":{"highway":"residential","length":15.329392899836206},"geometry":{"type":"LineString","coordinates":[[41.467019,52.710872],[41.467204,52.710952]]}},{"type":"Feature","properties":{"highway":"residential","length":35.65484730927623},"geometry":{"type":"LineString","coordinates":[[41.467204,52.710952],[41.467634,52.711137]]}},{"type":"Feature","properties":{"highway":"residential","length":52.10255531717558},"geometry":{"type":"LineString","coordinates":[[41.467634,52.711137],[41.467682,52.711158],[41.468263,52.711408]]}},{"type":"Feature","properties":{"highway":"residential","length":6.398611067952752},"geometry":{"type":"LineString","coordinates":[[41.468263,52.711408],[41.468299,52.711423],[41.46834,52.711441]]}},{"type":"Feature","properties":{"highway":"residential","length":17.57547273029502},"geometry":{"type":"LineString","coordinates":[[41.46838,52.711458],[41.468592,52.711549]]}},{"type":"Feature","properties":{"highway":"residential","length":3.3013270774484824},"geometry":{"type":"LineString","coordinates":[[41.46834,52.711441],[41.46838,52.711458]]}},{"type":"Feature","properties":{"highway":"residential","length":138.648057810668},"geometry":{"type":"LineString","coordinates":[[41.468592,52.711549],[41.469337,52.71187],[41.469645,52.712003],[41.470115,52.712205],[41.470266,52.71227]]}},{"type":"Feature","properties":{"highway":"residential","length":9.35807058173745},"geometry":{"type":"LineString","coordinates":[[41.458603,52.704768],[41.458716,52.704817]]}},{"type":"Feature","properties":{"highway":"residential","length":17.342906733316184},"geometry":{"type":"LineString","coordinates":[[41.458716,52.704817],[41.458926,52.704906]]}},{"type":"Feature","properties":{"highway":"residential","length":6.468193409922506},"geometry":{"type":"LineString","coordinates":[[41.458926,52.704906],[41.458962,52.704922],[41.459004,52.70494]]}},{"type":"Feature","properties":{"highway":"residential","length":73.38124284866936},"geometry":{"type":"LineString","coordinates":[[41.459004,52.70494],[41.459785,52.705275],[41.459889,52.705322]]}},{"type":"Feature","properties":{"highway":"residential","length":68.9255256371063},"geometry":{"type":"LineString","coordinates":[[41.460073,52.705405],[41.46089,52.705774]]}},{"type":"Feature","properties":{"highway":"residential","length":15.464576799831596},"geometry":{"type":"LineString","coordinates":[[41.459889,52.705322],[41.460073,52.705405]]}},{"type":"Feature","properties":{"highway":"residential","length":57.90297693782708},"geometry":{"type":"LineString","coordinates":[[41.461656,52.706118],[41.462347,52.706425]]}},{"type":"Feature","properties":{"highway":"residential","length":14.008479006060458},"geometry":{"type":"LineString","coordinates":[[41.461489,52.706044],[41.461565,52.706078],[41.461656,52.706118]]}},{"type":"Feature","properties":{"highway":"residential","length":153.49123881063457},"geometry":{"type":"LineString","coordinates":[[41.456738,52.703982],[41.456954,52.704061],[41.458603,52.704768]]}},{"type":"Feature","properties":{"highway":"residential","length":124.35508147533412},"geometry":{"type":"LineString","coordinates":[[41.465671,52.707879],[41.46578,52.707926],[41.466332,52.708166],[41.467002,52.708461],[41.467164,52.708531]]}},{"type":"Feature","properties":{"highway":"residential","length":50.85916308071212},"geometry":{"type":"LineString","coordinates":[[41.478559,52.703728],[41.479087,52.703797],[41.479294,52.703826]]}},{"type":"Feature","properties":{"highway":"residential","length":38.03794976751247},"geometry":{"type":"LineString","coordinates":[[41.477926,52.703645],[41.478476,52.703717]]}},{"type":"Feature","properties":{"highway":"residential","length":5.766523978502607},"geometry":{"type":"LineString","coordinates":[[41.478476,52.703717],[41.478517,52.703722],[41.478559,52.703728]]}},{"type":"Feature","properties":{"highway":"residential","length":36.319450749902806},"geometry":{"type":"LineString","coordinates":[[41.477403,52.70357],[41.477926,52.703645]]}},{"type":"Feature","properties":{"highway":"residential","length":392.8242242261755},"geometry":{"type":"LineString","coordinates":[[41.471729,52.702808],[41.47194,52.702826],[41.472445,52.702893],[41.47378,52.703074],[41.476183,52.7034],[41.476707,52.703471],[41.477403,52.70357]]}},{"type":"Feature","properties":{"highway":"residential","length":44.90197242684538},"geometry":{"type":"LineString","coordinates":[[41.477926,52.703645],[41.477962,52.703557]]}},{"type":"Feature","properties":{"highway":"residential","length":110.02651024329886},"geometry":{"type":"LineString","coordinates":[[41.452042,52.699195],[41.452155,52.699116],[41.452555,52.698831],[41.45301,52.698534],[41.453129,52.698459]]}},{"type":"Feature","properties":{"highway":"residential","length":20.17977583601215},"geometry":{"type":"LineString","coordinates":[[41.449443,52.711085],[41.449149,52.711053]]}},{"type":"Feature","properties":{"highway":"residential","length":6.97679243860051},"geometry":{"type":"LineString","coordinates":[[41.450169,52.711164],[41.450067,52.711153]]}},{"type":"Feature","properties":{"highway":"residential","length":131.60325379600525},"geometry":{"type":"LineString","coordinates":[[41.459168,52.712252],[41.45738,52.711981],[41.457279,52.711966]]}},{"type":"Feature","properties":{"highway":"residential","length":42.338134160255706},"geometry":{"type":"LineString","coordinates":[[41.45104,52.711259],[41.450423,52.711192]]}},{"type":"Feature","properties":{"highway":"residential","length":17.474250625041684},"geometry":{"type":"LineString","coordinates":[[41.450423,52.711192],[41.450169,52.711164]]}},{"type":"Feature","properties":{"highway":"residential","length":25.226364177372677},"geometry":{"type":"LineString","coordinates":[[41.449811,52.711125],[41.449659,52.711109],[41.449443,52.711085]]}},{"type":"Feature","properties":{"highway":"residential","length":17.601183913886203},"geometry":{"type":"LineString","coordinates":[[41.450067,52.711153],[41.44998,52.711145],[41.449811,52.711125]]}},{"type":"Feature","properties":{"highway":"residential","length":310.78496522059305},"geometry":{"type":"MultiLineString","coordinates":[[[41.435679,52.709227],[41.435879,52.709067],[41.435974,52.708973],[41.435974,52.708972]],[[41.437832,52.70698],[41.437951,52.706805]]]}},{"type":"Feature","properties":{"highway":"residential","length":15.837175043496565},"geometry":{"type":"LineString","coordinates":[[41.446443,52.712918],[41.446674,52.712942]]}},{"type":"Feature","properties":{"highway":"residential","length":16.60388682438642},"geometry":{"type":"LineString","coordinates":[[41.446201,52.712892],[41.446443,52.712918]]}},{"type":"Feature","properties":{"highway":"residential","length":35.58209567715507},"geometry":{"type":"LineString","coordinates":[[41.445682,52.712838],[41.44587,52.712858],[41.446038,52.712875],[41.446201,52.712892]]}},{"type":"Feature","properties":{"highway":"residential","length":14.472180624601519},"geometry":{"type":"LineString","coordinates":[[41.445471,52.712816],[41.445682,52.712838]]}},{"type":"Feature","properties":{"highway":"residential","length":33.121287551349475},"geometry":{"type":"LineString","coordinates":[[41.444988,52.712765],[41.445471,52.712816]]}},{"type":"Feature","properties":{"highway":"residential","length":20.814814095844568},"geometry":{"type":"LineString","coordinates":[[41.464057,52.714852],[41.463933,52.715023]]}},{"type":"Feature","properties":{"highway":"residential","length":34.69223507978246},"geometry":{"type":"LineString","coordinates":[[41.463933,52.715023],[41.463746,52.715282],[41.463727,52.715309]]}},{"type":"Feature","properties":{"highway":"residential","length":43.33314601672007},"geometry":{"type":"LineString","coordinates":[[41.463727,52.715309],[41.463533,52.715577],[41.463469,52.715665]]}},{"type":"Feature","properties":{"highway":"residential","length":94.49480335476885},"geometry":{"type":"LineString","coordinates":[[41.458529,52.718158],[41.458708,52.7182],[41.458769,52.718213],[41.459842,52.71845]]}},{"type":"Feature","properties":{"highway":"residential","length":192.07330131096816},"geometry":{"type":"LineString","coordinates":[[41.459842,52.71845],[41.45988,52.718459],[41.461933,52.718897],[41.462407,52.719003],[41.462521,52.719028]]}},{"type":"Feature","properties":{"highway":"residential","length":18.266536046619553},"geometry":{"type":"LineString","coordinates":[[41.460335,52.720214],[41.460244,52.72022],[41.460067,52.720207]]}},{"type":"Feature","properties":{"highway":"residential","length":3.6919274687201162},"geometry":{"type":"LineString","coordinates":[[41.461016,52.720119],[41.460964,52.720129]]}},{"type":"Feature","properties":{"highway":"residential","length":7.452857050158903},"geometry":{"type":"LineString","coordinates":[[41.461123,52.720101],[41.461016,52.720119]]}},{"type":"Feature","properties":{"highway":"residential","length":5.7713864272589515},"geometry":{"type":"LineString","coordinates":[[41.460964,52.720129],[41.460882,52.720142]]}},{"type":"Feature","properties":{"highway":"residential","length":60.10767629128084},"geometry":{"type":"LineString","coordinates":[[41.463586,52.714189],[41.464308,52.714505]]}},{"type":"Feature","properties":{"highway":"residential","length":6.268922305041211},"geometry":{"type":"LineString","coordinates":[[41.46351,52.714156],[41.463586,52.714189]]}},{"type":"Feature","properties":{"highway":"residential","length":7.178825656405899},"geometry":{"type":"LineString","coordinates":[[41.463367,52.714094],[41.463453,52.714131]]}},{"type":"Feature","properties":{"highway":"residential","length":4.7451214191783215},"geometry":{"type":"LineString","coordinates":[[41.463453,52.714131],[41.463482,52.714144],[41.46351,52.714156]]}},{"type":"Feature","properties":{"highway":"residential","length":29.677657763391128},"geometry":{"type":"LineString","coordinates":[[41.463011,52.713938],[41.463367,52.714094]]}},{"type":"Feature","properties":{"highway":"residential","length":119.38197324882822},"geometry":{"type":"LineString","coordinates":[[41.461574,52.713314],[41.461696,52.713363],[41.463011,52.713938]]}},{"type":"Feature","properties":{"highway":"secondary","length":24.03607791422514},"geometry":{"type":"LineString","coordinates":[[41.460342,52.712766],[41.46063,52.712893]]}},{"type":"Feature","properties":{"highway":"secondary","length":9.763471018634966},"geometry":{"type":"LineString","coordinates":[[41.460225,52.712715],[41.46028,52.712739],[41.460342,52.712766]]}},{"type":"Feature","properties":{"highway":"secondary","length":52.88197067525832},"geometry":{"type":"LineString","coordinates":[[41.45959,52.712437],[41.460225,52.712715]]}},{"type":"Feature","properties":{"highway":"secondary","length":35.17391899325856},"geometry":{"type":"LineString","coordinates":[[41.459168,52.712252],[41.45959,52.712437]]}},{"type":"Feature","properties":{"highway":"secondary","length":61.000881274421516},"geometry":{"type":"LineString","coordinates":[[41.44905,52.707859],[41.449143,52.707618],[41.449272,52.707328]]}},{"type":"Feature","properties":{"highway":"primary","length":62.55968105768901},"geometry":{"type":"LineString","coordinates":[[41.449814,52.706873],[41.449272,52.707328]]}},{"type":"Feature","properties":{"highway":"primary","length":50.25594582548571},"geometry":{"type":"LineString","coordinates":[[41.447397,52.707162],[41.448002,52.707424]]}},{"type":"Feature","properties":{"highway":"secondary","length":35.367659962752874},"geometry":{"type":"LineString","coordinates":[[41.448612,52.707686],[41.44905,52.707859]]}},{"type":"Feature","properties":{"highway":"secondary","length":79.18150370491102},"geometry":{"type":"LineString","coordinates":[[41.46063,52.712893],[41.460847,52.712985],[41.461383,52.713221],[41.461574,52.713314]]}},{"type":"Feature","properties":{"highway":"residential","length":16.227522375116248},"geometry":{"type":"LineString","coordinates":[[41.39116,52.726658],[41.391398,52.726678]]}},{"type":"Feature","properties":{"highway":"residential","length":78.8460101265888},"geometry":{"type":"LineString","coordinates":[[41.393097,52.729861],[41.3939,52.729916],[41.394256,52.729942]]}},{"type":"Feature","properties":{"highway":"residential","length":7.948296846414579},"geometry":{"type":"LineString","coordinates":[[41.394256,52.729942],[41.394317,52.729947],[41.394373,52.729951]]}},{"type":"Feature","properties":{"highway":"residential","length":119.77827048971903},"geometry":{"type":"LineString","coordinates":[[41.395629,52.723987],[41.395222,52.723956],[41.394433,52.723897],[41.393869,52.723853]]}},{"type":"Feature","properties":{"highway":"residential","length":181.66689518551186},"geometry":{"type":"LineString","coordinates":[[41.396989,52.731593],[41.396776,52.731564]]}},{"type":"Feature","properties":{"highway":"secondary","length":82.97946281006512},"geometry":{"type":"LineString","coordinates":[[41.401305,52.733334],[41.400118,52.733527]]}},{"type":"Feature","properties":{"highway":"tertiary","length":59.115302735707736},"geometry":{"type":"LineString","coordinates":[[41.404548,52.730031],[41.404468,52.73056]]}},{"type":"Feature","properties":{"highway":"tertiary","length":53.33810343921701},"geometry":{"type":"LineString","coordinates":[[41.404618,52.729554],[41.404603,52.729656],[41.404559,52.729957],[41.404548,52.730031]]}},{"type":"Feature","properties":{"highway":"tertiary","length":11.004878268940939},"geometry":{"type":"LineString","coordinates":[[41.404633,52.729455],[41.404626,52.729503],[41.404618,52.729554]]}},{"type":"Feature","properties":{"highway":"tertiary","length":9.683289318226723},"geometry":{"type":"LineString","coordinates":[[41.404645,52.729368],[41.40464,52.729406],[41.404633,52.729455]]}},{"type":"Feature","properties":{"highway":"tertiary","length":28.625881975390033},"geometry":{"type":"LineString","coordinates":[[41.404679,52.729112],[41.404645,52.729368]]}},{"type":"Feature","properties":{"highway":"tertiary","length":225.21372549109128},"geometry":{"type":"LineString","coordinates":[[41.40501,52.727098],[41.405001,52.727151],[41.404982,52.727259],[41.40497,52.727343],[41.404807,52.728242],[41.404679,52.729112]]}},{"type":"Feature","properties":{"highway":"tertiary","length":61.669380217362274},"geometry":{"type":"LineString","coordinates":[[41.405102,52.726547],[41.405032,52.726973],[41.40501,52.727098]]}},{"type":"Feature","properties":{"highway":"tertiary","length":36.47040234081289},"geometry":{"type":"LineString","coordinates":[[41.405325,52.725239],[41.405268,52.725565]]}},{"type":"Feature","properties":{"highway":"tertiary","length":30.090789162251212},"geometry":{"type":"LineString","coordinates":[[41.405372,52.72497],[41.405339,52.72516],[41.405325,52.725239]]}},{"type":"Feature","properties":{"highway":"tertiary","length":50.290171706837356},"geometry":{"type":"LineString","coordinates":[[41.40545,52.724521],[41.405372,52.72497]]}},{"type":"Feature","properties":{"highway":"tertiary","length":15.812326200115471},"geometry":{"type":"LineString","coordinates":[[41.405475,52.72438],[41.40545,52.724521]]}},{"type":"Feature","properties":{"highway":"tertiary","length":20.27420958030149},"geometry":{"type":"LineString","coordinates":[[41.405547,52.723914],[41.405519,52.724095]]}},{"type":"Feature","properties":{"highway":"tertiary","length":39.899503827049486},"geometry":{"type":"LineString","coordinates":[[41.405602,52.723557],[41.405547,52.723914]]}},{"type":"Feature","properties":{"highway":"tertiary","length":29.32020941030767},"geometry":{"type":"LineString","coordinates":[[41.405516,52.724117],[41.405501,52.724217],[41.405494,52.724257],[41.405475,52.72438]]}},{"type":"Feature","properties":{"highway":"tertiary","length":68.66647387892182},"geometry":{"type":"LineString","coordinates":[[41.407089,52.721088],[41.406389,52.720979],[41.406236,52.720967],[41.406159,52.720963],[41.406101,52.720976]]}},{"type":"Feature","properties":{"highway":"tertiary","length":66.96022400454495},"geometry":{"type":"LineString","coordinates":[[41.406101,52.720976],[41.406044,52.721009],[41.406011,52.721038],[41.405985,52.721071],[41.405902,52.721551]]}},{"type":"Feature","properties":{"highway":"residential","length":32.20810474224766},"geometry":{"type":"LineString","coordinates":[[41.420225,52.721385],[41.420332,52.721103]]}},{"type":"Feature","properties":{"highway":"residential","length":186.18887497219885},"geometry":{"type":"LineString","coordinates":[[41.411727,52.71865],[41.411871,52.718661],[41.413331,52.718772],[41.414342,52.718852],[41.41446,52.718863]]}},{"type":"Feature","properties":{"highway":"primary","length":132.06619962099273},"geometry":{"type":"LineString","coordinates":[[41.406079,52.7207],[41.405316,52.72058],[41.404803,52.720487],[41.404461,52.720414],[41.404361,52.720387],[41.404213,52.72035]]}},{"type":"Feature","properties":{"highway":"tertiary","length":50.5790906710335},"geometry":{"type":"LineString","coordinates":[[41.396895,52.716985],[41.39683,52.717438]]}},{"type":"Feature","properties":{"highway":"tertiary","length":6.785427007338587},"geometry":{"type":"LineString","coordinates":[[41.396794,52.717888],[41.396789,52.717949]]}},{"type":"Feature","properties":{"highway":"tertiary","length":29.717794805630493},"geometry":{"type":"LineString","coordinates":[[41.396947,52.716613],[41.39691,52.716879]]}},{"type":"Feature","properties":{"highway":"tertiary","length":54.81519692960148},"geometry":{"type":"LineString","coordinates":[[41.396769,52.718126],[41.396692,52.718617]]}},{"type":"Feature","properties":{"highway":"tertiary","length":13.61497804551082},"geometry":{"type":"LineString","coordinates":[[41.396804,52.717766],[41.396798,52.71784],[41.396794,52.717888]]}},{"type":"Feature","properties":{"highway":"tertiary","length":36.498049300020746},"geometry":{"type":"LineString","coordinates":[[41.39683,52.717438],[41.396824,52.717522],[41.396804,52.717766]]}},{"type":"Feature","properties":{"highway":"tertiary","length":11.916289989718939},"geometry":{"type":"LineString","coordinates":[[41.39691,52.716879],[41.396895,52.716985]]}},{"type":"Feature","properties":{"highway":"secondary","length":69.13741398126017},"geometry":{"type":"LineString","coordinates":[[41.463846,52.730617],[41.463977,52.730641],[41.464734,52.730791],[41.464816,52.730815]]}},{"type":"Feature","properties":{"highway":"tertiary","length":76.9795706494785},"geometry":{"type":"LineString","coordinates":[[41.463846,52.730617],[41.463645,52.731298]]}},{"type":"Feature","properties":{"highway":"secondary","length":52.141274341051556},"geometry":{"type":"LineString","coordinates":[[41.463124,52.730452],[41.463846,52.730617]]}},{"type":"Feature","properties":{"highway":"primary","length":15.38100000114706},"geometry":{"type":"LineString","coordinates":[[41.459197,52.731069],[41.45935,52.731045],[41.459413,52.731027]]}},{"type":"Feature","properties":{"highway":"primary","length":28.654979737992154},"geometry":{"type":"LineString","coordinates":[[41.462184,52.730276],[41.462598,52.730332]]}},{"type":"Feature","properties":{"highway":"secondary","length":110.48672577440877},"geometry":{"type":"LineString","coordinates":[[41.436389,52.724295],[41.438001,52.724461]]}},{"type":"Feature","properties":{"highway":"residential","length":26.923495326429816},"geometry":{"type":"LineString","coordinates":[[41.464115,52.690724],[41.464132,52.690605],[41.464131,52.690541],[41.464126,52.690482]]}},{"type":"Feature","properties":{"highway":"residential","length":313.0938654083239},"geometry":{"type":"LineString","coordinates":[[41.39361,52.785743],[41.393165,52.786096],[41.392839,52.786301],[41.39259,52.786427],[41.392485,52.786474],[41.392342,52.786532],[41.391085,52.786893],[41.390165,52.787146],[41.390111,52.787161],[41.389813,52.787272]]}},{"type":"Feature","properties":{"highway":"tertiary","length":65.13814102205238},"geometry":{"type":"LineString","coordinates":[[41.384254,52.764926],[41.384889,52.765226],[41.385016,52.765285]]}},{"type":"Feature","properties":{"highway":"residential","length":71.41796299044559},"geometry":{"type":"LineString","coordinates":[[41.402011,52.772442],[41.40151,52.772845],[41.401374,52.772954]]}},{"type":"Feature","properties":{"highway":"residential","length":74.6255710793494},"geometry":{"type":"LineString","coordinates":[[41.405782,52.769411],[41.405657,52.769514],[41.405582,52.769575],[41.405119,52.769947]]}},{"type":"Feature","properties":{"highway":"residential","length":23.818517757418697},"geometry":{"type":"LineString","coordinates":[[41.400166,52.768496],[41.399954,52.768667]]}},{"type":"Feature","properties":{"highway":"residential","length":40.75190913792671},"geometry":{"type":"LineString","coordinates":[[41.400528,52.768203],[41.400166,52.768496]]}},{"type":"Feature","properties":{"highway":"residential","length":64.50486881452089},"geometry":{"type":"LineString","coordinates":[[41.415385,52.765762],[41.415718,52.76592],[41.416116,52.766136]]}},{"type":"Feature","properties":{"highway":"residential","length":123.33884894215906},"geometry":{"type":"LineString","coordinates":[[41.416116,52.766136],[41.416176,52.766258],[41.417306,52.766765],[41.417469,52.766846]]}},{"type":"Feature","properties":{"highway":"residential","length":91.64360596933604},"geometry":{"type":"LineString","coordinates":[[41.417243,52.76358],[41.418419,52.763992]]}},{"type":"Feature","properties":{"highway":"residential","length":71.23364477915027},"geometry":{"type":"LineString","coordinates":[[41.419245,52.764353],[41.419937,52.76467],[41.420088,52.764738]]}},{"type":"Feature","properties":{"highway":"residential","length":22.577873763220072},"geometry":{"type":"LineString","coordinates":[[41.410254,52.760199],[41.410459,52.760039]]}},{"type":"Feature","properties":{"highway":"residential","length":22.861356238202934},"geometry":{"type":"LineString","coordinates":[[41.41055,52.759967],[41.410758,52.759805]]}},{"type":"Feature","properties":{"highway":"residential","length":18.690479070014753},"geometry":{"type":"LineString","coordinates":[[41.410758,52.759805],[41.410927,52.759672]]}},{"type":"Feature","properties":{"highway":"residential","length":10.09054448794626},"geometry":{"type":"LineString","coordinates":[[41.410459,52.760039],[41.410505,52.760003],[41.41055,52.759967]]}},{"type":"Feature","properties":{"highway":"residential","length":59.85346363733876},"geometry":{"type":"LineString","coordinates":[[41.409576,52.760734],[41.410113,52.760306]]}},{"type":"Feature","properties":{"highway":"residential","length":64.6130594158668},"geometry":{"type":"LineString","coordinates":[[41.410927,52.759672],[41.411021,52.759598],[41.411508,52.75921]]}},{"type":"Feature","properties":{"highway":"residential","length":15.254529409771164},"geometry":{"type":"LineString","coordinates":[[41.410113,52.760306],[41.410186,52.760252],[41.410254,52.760199]]}},{"type":"Feature","properties":{"highway":"residential","length":62.93762814580006},"geometry":{"type":"LineString","coordinates":[[41.414367,52.757038],[41.414803,52.756681],[41.414922,52.756584]]}},{"type":"Feature","properties":{"highway":"residential","length":79.87181362664404},"geometry":{"type":"LineString","coordinates":[[41.414922,52.756584],[41.415099,52.75644],[41.415384,52.756199],[41.415626,52.756007]]}},{"type":"Feature","properties":{"highway":"residential","length":9.577531326482362},"geometry":{"type":"LineString","coordinates":[[41.415626,52.756007],[41.415667,52.755974],[41.415712,52.755938]]}},{"type":"Feature","properties":{"highway":"residential","length":37.702078900513875},"geometry":{"type":"LineString","coordinates":[[41.418407,52.753812],[41.418748,52.753544]]}},{"type":"Feature","properties":{"highway":"residential","length":18.494312465348543},"geometry":{"type":"LineString","coordinates":[[41.417873,52.754231],[41.41804,52.7541]]}},{"type":"Feature","properties":{"highway":"residential","length":23.06523121810317},"geometry":{"type":"LineString","coordinates":[[41.417664,52.754395],[41.417873,52.754231]]}},{"type":"Feature","properties":{"highway":"residential","length":40.489970883329676},"geometry":{"type":"LineString","coordinates":[[41.41804,52.7541],[41.418216,52.753961],[41.418407,52.753812]]}},{"type":"Feature","properties":{"highway":"residential","length":16.299195328234326},"geometry":{"type":"LineString","coordinates":[[41.418748,52.753544],[41.418896,52.753428]]}},{"type":"Feature","properties":{"highway":"residential","length":15.480025508323113},"geometry":{"type":"LineString","coordinates":[[41.41906,52.753298],[41.41912,52.753251],[41.419199,52.753188]]}},{"type":"Feature","properties":{"highway":"residential","length":71.41976912508441},"geometry":{"type":"LineString","coordinates":[[41.419199,52.753188],[41.419844,52.752679]]}},{"type":"Feature","properties":{"highway":"residential","length":18.160961070818527},"geometry":{"type":"LineString","coordinates":[[41.418896,52.753428],[41.41906,52.753298]]}},{"type":"Feature","properties":{"highway":"residential","length":151.1343984444556},"geometry":{"type":"LineString","coordinates":[[41.419844,52.752679],[41.420904,52.751832],[41.42123,52.751614]]}},{"type":"Feature","properties":{"highway":"residential","length":111.12033695317896},"geometry":{"type":"LineString","coordinates":[[41.422684,52.757975],[41.423287,52.757492],[41.423684,52.757181]]}},{"type":"Feature","properties":{"highway":"residential","length":34.65442740579408},"geometry":{"type":"LineString","coordinates":[[41.423684,52.757181],[41.423998,52.756935]]}},{"type":"Feature","properties":{"highway":"residential","length":10.116677371347635},"geometry":{"type":"LineString","coordinates":[[41.423998,52.756935],[41.424041,52.756901],[41.424089,52.756863]]}},{"type":"Feature","properties":{"highway":"residential","length":40.93538109996846},"geometry":{"type":"LineString","coordinates":[[41.424089,52.756863],[41.42446,52.756572]]}},{"type":"Feature","properties":{"highway":"residential","length":28.730644657840376},"geometry":{"type":"LineString","coordinates":[[41.42446,52.756572],[41.424721,52.756368]]}},{"type":"Feature","properties":{"highway":"residential","length":77.2176692838931},"geometry":{"type":"LineString","coordinates":[[41.426696,52.759492],[41.426528,52.759493],[41.426322,52.759502],[41.426156,52.759542],[41.425628,52.759702]]}},{"type":"Feature","properties":{"highway":"secondary","length":21.445142506058836},"geometry":{"type":"LineString","coordinates":[[41.430307,52.75696],[41.43049,52.756803]]}},{"type":"Feature","properties":{"highway":"secondary","length":80.50295129085788},"geometry":{"type":"LineString","coordinates":[[41.396378,52.758359],[41.397317,52.758805]]}},{"type":"Feature","properties":{"highway":"residential","length":9.579687067327939},"geometry":{"type":"LineString","coordinates":[[41.401835,52.754388],[41.40179,52.754469]]}},{"type":"Feature","properties":{"highway":"residential","length":14.965413477017835},"geometry":{"type":"LineString","coordinates":[[41.401974,52.754089],[41.401943,52.754164],[41.401918,52.754219]]}},{"type":"Feature","properties":{"highway":"residential","length":25.05691055276541},"geometry":{"type":"LineString","coordinates":[[41.402066,52.75387],[41.401974,52.754089]]}},{"type":"Feature","properties":{"highway":"residential","length":19.623892925930022},"geometry":{"type":"LineString","coordinates":[[41.401918,52.754219],[41.401865,52.754333],[41.401835,52.754388]]}},{"type":"Feature","properties":{"highway":"residential","length":127.32628885343759},"geometry":{"type":"LineString","coordinates":[[41.403,52.748251],[41.402961,52.748594],[41.402957,52.748635],[41.402949,52.748722],[41.402909,52.749394]]}},{"type":"Feature","properties":{"highway":"residential","length":19.82348303770226},"geometry":{"type":"LineString","coordinates":[[41.403035,52.748074],[41.403019,52.748153],[41.403003,52.748225],[41.403,52.748251]]}},{"type":"Feature","properties":{"highway":"residential","length":10.952388427212558},"geometry":{"type":"LineString","coordinates":[[41.403056,52.747977],[41.403035,52.748074]]}},{"type":"Feature","properties":{"highway":"residential","length":49.27889743186065},"geometry":{"type":"LineString","coordinates":[[41.403159,52.747538],[41.403087,52.747835],[41.403056,52.747977]]}},{"type":"Feature","properties":{"highway":"tertiary","length":151.0427622569571},"geometry":{"type":"LineString","coordinates":[[41.449287,52.758121],[41.447571,52.758119],[41.447357,52.758123],[41.447051,52.758138]]}},{"type":"Feature","properties":{"highway":"residential","length":254.41139203632886},"geometry":{"type":"MultiLineString","coordinates":[[[41.436498,52.751645],[41.436648,52.751659]],[[41.440076,52.751984],[41.440221,52.751997]]]}},{"type":"Feature","properties":{"highway":"residential","length":106.75261011985957},"geometry":{"type":"LineString","coordinates":[[41.427153,52.754202],[41.427852,52.753341]]}},{"type":"Feature","properties":{"highway":"residential","length":44.28683881992197},"geometry":{"type":"LineString","coordinates":[[41.427852,52.753341],[41.427992,52.753169],[41.428142,52.752984]]}},{"type":"Feature","properties":{"highway":"residential","length":21.686578998605274},"geometry":{"type":"LineString","coordinates":[[41.428142,52.752984],[41.428284,52.75281]]}},{"type":"Feature","properties":{"highway":"residential","length":13.316627545453363},"geometry":{"type":"LineString","coordinates":[[41.427041,52.7543],[41.427153,52.754202]]}},{"type":"Feature","properties":{"highway":"tertiary","length":69.85936127197365},"geometry":{"type":"LineString","coordinates":[[41.431228,52.756213],[41.431348,52.756221],[41.431432,52.756219],[41.431959,52.755829]]}},{"type":"Feature","properties":{"highway":"residential","length":45.68536961386834},"geometry":{"type":"LineString","coordinates":[[41.426748,52.752636],[41.427414,52.752711]]}},{"type":"Feature","properties":{"highway":"residential","length":3.6835500363122162},"geometry":{"type":"LineString","coordinates":[[41.426637,52.752619],[41.426689,52.752629]]}},{"type":"Feature","properties":{"highway":"residential","length":59.80084398400407},"geometry":{"type":"LineString","coordinates":[[41.427414,52.752711],[41.428284,52.75281]]}},{"type":"Feature","properties":{"highway":"residential","length":4.052869505471993},"geometry":{"type":"LineString","coordinates":[[41.426689,52.752629],[41.426748,52.752636]]}},{"type":"Feature","properties":{"highway":"residential","length":22.1879481934394},"geometry":{"type":"LineString","coordinates":[[41.426331,52.752549],[41.426447,52.752582],[41.426637,52.752619]]}},{"type":"Feature","properties":{"highway":"residential","length":3.525769227115553},"geometry":{"type":"LineString","coordinates":[[41.440199,52.74257],[41.440233,52.742594]]}},{"type":"Feature","properties":{"highway":"residential","length":4.0325074166370865},"geometry":{"type":"LineString","coordinates":[[41.440233,52.742594],[41.440271,52.742622]]}},{"type":"Feature","properties":{"highway":"residential","length":80.10245272211384},"geometry":{"type":"LineString","coordinates":[[41.440271,52.742622],[41.440292,52.742637],[41.440703,52.74294],[41.441026,52.743177]]}},{"type":"Feature","properties":{"highway":"residential","length":61.96912131688886},"geometry":{"type":"LineString","coordinates":[[41.439611,52.742142],[41.440199,52.74257]]}},{"type":"Feature","properties":{"highway":"secondary","length":80.04113953742925},"geometry":{"type":"LineString","coordinates":[[41.446468,52.741266],[41.446298,52.741368],[41.445883,52.741581],[41.445573,52.741738]]}},{"type":"Feature","properties":{"highway":"residential","length":88.6278106231826},"geometry":{"type":"LineString","coordinates":[[41.448538,52.743504],[41.448684,52.743473],[41.448777,52.743454],[41.448889,52.743446],[41.449062,52.743494],[41.449716,52.743725]]}},{"type":"Feature","properties":{"highway":"residential","length":39.32919768391363},"geometry":{"type":"LineString","coordinates":[[41.480153,52.713269],[41.480371,52.713302],[41.480712,52.713366]]}},{"type":"Feature","properties":{"highway":"residential","length":307.6478339137361},"geometry":{"type":"LineString","coordinates":[[41.474577,52.716285],[41.474605,52.715908],[41.474691,52.715232],[41.474851,52.71397],[41.474904,52.713528]]}},{"type":"Feature","properties":{"highway":"residential","length":72.02866351098504},"geometry":{"type":"LineString","coordinates":[[41.468356,52.724158],[41.468456,52.724037],[41.468742,52.723765],[41.468908,52.723605]]}},{"type":"Feature","properties":{"highway":"residential","length":36.64875544055508},"geometry":{"type":"LineString","coordinates":[[41.46825,52.724481],[41.468295,52.724334],[41.468356,52.724158]]}},{"type":"Feature","properties":{"highway":"residential","length":146.86025939827738},"geometry":{"type":"LineString","coordinates":[[41.38246,52.785778],[41.382713,52.785657],[41.382977,52.785529],[41.383489,52.785289],[41.384154,52.78495]]}},{"type":"Feature","properties":{"highway":"residential","length":25.23845467638148},"geometry":{"type":"LineString","coordinates":[[41.399842,52.78085],[41.40016,52.78097]]}},{"type":"Feature","properties":{"highway":"residential","length":77.02873424775834},"geometry":{"type":"LineString","coordinates":[[41.459711,52.692603],[41.459711,52.692665],[41.459712,52.692692],[41.459715,52.693295]]}},{"type":"Feature","properties":{"highway":"residential","length":45.487060017718186},"geometry":{"type":"LineString","coordinates":[[41.39384,52.777848],[41.393579,52.777728],[41.39345,52.777669],[41.393303,52.777601]]}},{"type":"Feature","properties":{"highway":"residential","length":50.306463852881876},"geometry":{"type":"LineString","coordinates":[[41.393303,52.777601],[41.392833,52.777382],[41.392707,52.77733]]}},{"type":"Feature","properties":{"highway":"residential","length":33.74793349124041},"geometry":{"type":"LineString","coordinates":[[41.399996,52.780728],[41.39985,52.780657],[41.3998,52.780633],[41.399603,52.78054]]}},{"type":"Feature","properties":{"highway":"residential","length":20.765697535336606},"geometry":{"type":"LineString","coordinates":[[41.399603,52.78054],[41.39936,52.780426]]}},{"type":"Feature","properties":{"highway":"secondary","length":27.883767512493748},"geometry":{"type":"LineString","coordinates":[[41.411001,52.772181],[41.411246,52.77198]]}},{"type":"Feature","properties":{"highway":"residential","length":22.753678775179367},"geometry":{"type":"LineString","coordinates":[[41.418524,52.7839],[41.418379,52.784085]]}},{"type":"Feature","properties":{"highway":"residential","length":161.71975709072493},"geometry":{"type":"LineString","coordinates":[[41.419063,52.783218],[41.419292,52.782929],[41.419314,52.782901],[41.419409,52.782776]]}},{"type":"Feature","properties":{"highway":"secondary","length":126.67501020525934},"geometry":{"type":"LineString","coordinates":[[41.42123,52.780424],[41.421121,52.780386],[41.419606,52.779853]]}},{"type":"Feature","properties":{"highway":"primary","length":26.846925575764452},"geometry":{"type":"LineString","coordinates":[[41.461788,52.730278],[41.462011,52.730269],[41.462184,52.730276]]}},{"type":"Feature","properties":{"highway":"residential","length":65.97529952327625},"geometry":{"type":"LineString","coordinates":[[41.481012,52.713445],[41.481292,52.71353],[41.481804,52.713571],[41.481951,52.71358]]}},{"type":"Feature","properties":{"highway":"residential","length":395.83190687840124},"geometry":{"type":"LineString","coordinates":[[41.399222,52.771964],[41.399083,52.77207],[41.398982,52.772148],[41.398881,52.772226],[41.398373,52.772637],[41.39825,52.772737],[41.396813,52.773901],[41.396355,52.774271],[41.395831,52.774696],[41.395791,52.774831]]}},{"type":"Feature","properties":{"highway":"residential","length":342.3040166853004},"geometry":{"type":"MultiLineString","coordinates":[[[41.384477,52.784715],[41.384526,52.784676],[41.384571,52.784642]],[[41.387476,52.782345],[41.38757,52.782277]]]}},{"type":"Feature","properties":{"highway":"secondary","length":22.43828728288883},"geometry":{"type":"LineString","coordinates":[[41.415783,52.767457],[41.415518,52.767335]]}},{"type":"Feature","properties":{"highway":"track","length":39.97369530564741},"geometry":{"type":"LineString","coordinates":[[41.440096,52.752668],[41.440244,52.752674]]}},{"type":"Feature","properties":{"highway":"tertiary","length":8.907521731520058},"geometry":null},{"type":"Feature","properties":{"highway":"track","length":378.327486090821},"geometry":{"type":"LineString","coordinates":[[41.37958,52.756722],[41.379697,52.756617],[41.379887,52.756548],[41.381049,52.756386],[41.382034,52.75624],[41.383014,52.756064],[41.383668,52.755951],[41.383858,52.755918],[41.384148,52.7559],[41.384326,52.756009],[41.384591,52.756052],[41.384683,52.756126],[41.384726,52.756178]]}},{"type":"Feature","properties":{"highway":"residential","length":101.64415625206415},"geometry":{"type":"LineString","coordinates":[[41.38328,52.784161],[41.383475,52.784248],[41.383516,52.784266],[41.384406,52.784682],[41.384477,52.784715]]}},{"type":"Feature","properties":{"highway":"residential","length":465.73675866951},"geometry":{"type":"LineString","coordinates":[[41.377807,52.781611],[41.377888,52.781649],[41.383028,52.784041],[41.383096,52.784073],[41.38328,52.784161]]}},{"type":"Feature","properties":{"highway":"residential","length":241.5813413666273},"geometry":{"type":"LineString","coordinates":[[41.378367,52.787288],[41.379057,52.787059],[41.379537,52.786879],[41.379749,52.786802],[41.380336,52.786619],[41.380716,52.786498],[41.381501,52.786239]]}},{"type":"Feature","properties":{"highway":"residential","length":34.74904109180329},"geometry":{"type":"LineString","coordinates":[[41.384154,52.78495],[41.38433,52.784854],[41.384409,52.784748],[41.384477,52.784715]]}},{"type":"Feature","properties":{"highway":"residential","length":279.1664374621753},"geometry":{"type":"LineString","coordinates":[[41.400611,52.747081],[41.400506,52.747323],[41.40045,52.747543],[41.400395,52.747771],[41.400444,52.747991],[41.400444,52.748245],[41.400407,52.748476],[41.400242,52.748846],[41.400074,52.749231],[41.400061,52.749333],[41.400069,52.749438],[41.400006,52.749539]]}},{"type":"Feature","properties":{"highway":"unclassified","length":15.128988995066601},"geometry":{"type":"LineString","coordinates":[[41.456929,52.736432],[41.456935,52.736415],[41.456957,52.736346]]}},{"type":"Feature","properties":{"highway":"track","length":20.77701254605568},"geometry":{"type":"LineString","coordinates":[[41.48062,52.70643],[41.480606,52.706455],[41.480577,52.706508],[41.480563,52.706545],[41.480554,52.706589],[41.480545,52.70661]]}},{"type":"Feature","properties":{"highway":"secondary","length":133.70324428919005},"geometry":{"type":"LineString","coordinates":[[41.401548,52.777504],[41.402114,52.777767],[41.402601,52.777987],[41.402914,52.778135],[41.403139,52.778219]]}},{"type":"Feature","properties":{"highway":"residential","length":66.78287108974813},"geometry":{"type":"LineString","coordinates":[[41.393231,52.773825],[41.393244,52.773815],[41.393389,52.773706]]}},{"type":"Feature","properties":{"highway":"tertiary","length":31.606556008120993},"geometry":{"type":"LineString","coordinates":[[41.376866,52.787451],[41.376556,52.787664]]}},{"type":"Feature","properties":{"highway":"tertiary","length":27.799024976082652},"geometry":{"type":"LineString","coordinates":[[41.366448,52.788896],[41.366357,52.788852],[41.366122,52.788743]]}},{"type":"Feature","properties":{"highway":"residential","length":8.200037779810405},"geometry":{"type":"LineString","coordinates":[[41.391379,52.77671],[41.391456,52.776653]]}},{"type":"Feature","properties":{"highway":"residential","length":30.948180217596356},"geometry":{"type":"LineString","coordinates":[[41.391456,52.776653],[41.391463,52.776647]]}},{"type":"Feature","properties":{"highway":"secondary","length":58.28833164912016},"geometry":{"type":"LineString","coordinates":[[41.441966,52.766183],[41.442017,52.765997],[41.442095,52.765665]]}},{"type":"Feature","properties":{"highway":"secondary","length":13.462808654103513},"geometry":{"type":"LineString","coordinates":[[41.445856,52.75936],[41.445759,52.759466]]}},{"type":"Feature","properties":{"highway":"secondary","length":93.25130794272657},"geometry":{"type":"LineString","coordinates":[[41.445759,52.759466],[41.445105,52.760204]]}},{"type":"Feature","properties":{"highway":"secondary","length":40.56871527961943},"geometry":{"type":"LineString","coordinates":[[41.382973,52.748035],[41.382756,52.747695]]}},{"type":"Feature","properties":{"highway":"secondary","length":91.24877911357873},"geometry":{"type":"LineString","coordinates":[[41.382756,52.747695],[41.382268,52.746931]]}},{"type":"Feature","properties":{"highway":"secondary","length":542.2313047692043},"geometry":{"type":"LineString","coordinates":[[41.385866,52.752581],[41.385275,52.751637],[41.385027,52.751248],[41.383317,52.748574],[41.383124,52.748271],[41.382973,52.748035]]}},{"type":"Feature","properties":{"highway":"secondary","length":48.042140742103065},"geometry":{"type":"LineString","coordinates":[[41.386154,52.752975],[41.38597,52.752739],[41.385866,52.752581]]}},{"type":"Feature","properties":{"highway":"secondary","length":583.9646005257885},"geometry":{"type":"LineString","coordinates":[[41.382268,52.746931],[41.381834,52.746252],[41.381481,52.7457],[41.381106,52.745114],[41.380393,52.743998],[41.380246,52.743752],[41.380034,52.743381],[41.379945,52.743215],[41.379715,52.742658],[41.379449,52.741978]]}},{"type":"Feature","properties":{"highway":"secondary","length":44.38693244166951},"geometry":{"type":"LineString","coordinates":[[41.379449,52.741978],[41.379285,52.741592]]}},{"type":"Feature","properties":{"highway":"secondary","length":198.8203113750982},"geometry":{"type":"LineString","coordinates":[[41.379285,52.741592],[41.379192,52.741371],[41.378881,52.740825],[41.37843,52.740208],[41.378194,52.739938]]}},{"type":"Feature","properties":{"highway":"primary","length":257.48445680367684},"geometry":{"type":"LineString","coordinates":[[41.439612,52.737088],[41.439717,52.737166],[41.441092,52.73814],[41.442126,52.738827]]}},{"type":"Feature","properties":{"highway":"residential","length":11.311597317974154},"geometry":{"type":"LineString","coordinates":[[41.468697,52.709077],[41.4686,52.70916]]}},{"type":"Feature","properties":{"highway":"primary","length":61.10608862202444},"geometry":{"type":"LineString","coordinates":[[41.387713,52.721343],[41.388335,52.721279],[41.388482,52.721264],[41.388605,52.721251]]}},{"type":"Feature","properties":{"highway":"residential","length":185.17769452561805},"geometry":{"type":"LineString","coordinates":[[41.430664,52.725229],[41.431979,52.725466],[41.432254,52.725502],[41.432439,52.725558],[41.432796,52.725627],[41.43309,52.725729],[41.433236,52.72578]]}},{"type":"Feature","properties":{"highway":"residential","length":28.43807941669846},"geometry":{"type":"LineString","coordinates":[[41.435431,52.709433],[41.435679,52.709227]]}},{"type":"Feature","properties":{"highway":"primary","length":17.78635324317081},"geometry":{"type":"LineString","coordinates":[[41.449901,52.743838],[41.449716,52.743725]]}},{"type":"Feature","properties":{"highway":"primary","length":43.76782892712485},"geometry":{"type":"LineString","coordinates":[[41.449716,52.743725],[41.449653,52.743647],[41.449634,52.743555],[41.449681,52.743343]]}},{"type":"Feature","properties":{"highway":"secondary","length":40.63074150034288},"geometry":{"type":"LineString","coordinates":[[41.441955,52.736582],[41.441833,52.736549],[41.441409,52.736428]]}},{"type":"Feature","properties":{"highway":"secondary","length":26.107153475598896},"geometry":{"type":"LineString","coordinates":[[41.441409,52.736428],[41.441327,52.736405],[41.441182,52.736388],[41.441034,52.736381]]}},{"type":"Feature","properties":{"highway":"residential","length":257.08321903587944},"geometry":{"type":"LineString","coordinates":[[41.473799,52.706888],[41.472617,52.70638],[41.472243,52.706216],[41.471263,52.705784],[41.470848,52.705605],[41.470691,52.705559]]}},{"type":"Feature","properties":{"highway":"tertiary","length":123.85781959984047},"geometry":{"type":"LineString","coordinates":[[41.434823,52.709902],[41.436043,52.710432],[41.436348,52.710513]]}},{"type":"Feature","properties":{"highway":"tertiary","length":68.83336155882179},"geometry":{"type":"LineString","coordinates":[[41.4493,52.695722],[41.449112,52.695797],[41.448919,52.695844],[41.448391,52.695959]]}},{"type":"Feature","properties":{"highway":"residential","length":183.85570003193024},"geometry":{"type":"LineString","coordinates":[[41.478294,52.700815],[41.478301,52.700724]]}},{"type":"Feature","properties":{"highway":"residential","length":76.60436984810507},"geometry":{"type":"LineString","coordinates":[[41.479419,52.700715],[41.479318,52.700691],[41.479193,52.700672],[41.479033,52.700681],[41.478927,52.700687],[41.478502,52.700713],[41.478301,52.700724]]}},{"type":"Feature","properties":{"highway":"residential","length":66.4173839430022},"geometry":{"type":"LineString","coordinates":[[41.434823,52.709902],[41.435431,52.709433]]}},{"type":"Feature","properties":{"highway":"secondary","length":5.697309397799703},"geometry":{"type":"LineString","coordinates":[[41.391926,52.768584],[41.391989,52.768618]]}},{"type":"Feature","properties":{"highway":"secondary","length":34.94259355915625},"geometry":{"type":"LineString","coordinates":[[41.401886,52.7612],[41.401791,52.761193],[41.401699,52.761176],[41.401602,52.761138],[41.401541,52.761089],[41.401496,52.761029]]}},{"type":"Feature","properties":{"highway":"residential","length":226.6270984580477},"geometry":{"type":"LineString","coordinates":[[41.417291,52.768126],[41.417345,52.768144],[41.417458,52.768178],[41.418071,52.768362],[41.418157,52.768384],[41.418506,52.768471],[41.418736,52.76857],[41.42015,52.769178]]}},{"type":"Feature","properties":{"highway":"primary","length":14.526767987156294},"geometry":{"type":"LineString","coordinates":[[41.466355,52.703858],[41.466465,52.70397]]}},{"type":"Feature","properties":{"highway":"primary","length":17.301293882642582},"geometry":{"type":"LineString","coordinates":[[41.464355,52.701636],[41.46448,52.701771]]}},{"type":"Feature","properties":{"highway":"secondary","length":22.443455421215162},"geometry":{"type":"LineString","coordinates":[[41.46448,52.701771],[41.464176,52.70169]]}},{"type":"Feature","properties":{"highway":"tertiary_link","length":22.773281200207403},"geometry":{"type":"LineString","coordinates":[[41.4291,52.718589],[41.429435,52.71857]]}},{"type":"Feature","properties":{"highway":"residential","length":10.68203321861811},"geometry":{"type":"LineString","coordinates":[[41.420507,52.75988],[41.420349,52.759878]]}},{"type":"Feature","properties":{"highway":"residential","length":59.08040904606936},"geometry":{"type":"LineString","coordinates":[[41.387978,52.781216],[41.387857,52.78116]]}},{"type":"Feature","properties":{"highway":"tertiary","length":14.177926984130789},"geometry":{"type":"LineString","coordinates":[[41.386991,52.781848],[41.386864,52.78195]]}},{"type":"Feature","properties":{"highway":"tertiary","length":50.31035302656117},"geometry":{"type":"LineString","coordinates":[[41.387396,52.781515],[41.387541,52.781409],[41.387565,52.781392],[41.387779,52.781222],[41.387857,52.78116]]}},{"type":"Feature","properties":{"highway":"tertiary","length":24.65322590065563},"geometry":{"type":"LineString","coordinates":[[41.386864,52.78195],[41.387117,52.782067],[41.387154,52.782084]]}},{"type":"Feature","properties":{"highway":"tertiary","length":35.3369042831459},"geometry":{"type":"LineString","coordinates":[[41.387154,52.782084],[41.387437,52.782215],[41.38757,52.782277]]}},{"type":"Feature","properties":{"highway":"track","length":83.8678441241116},"geometry":{"type":"MultiLineString","coordinates":[[[41.443102,52.739394],[41.443224,52.739321],[41.44327,52.73928]],[[41.443579,52.738813],[41.443616,52.738726]]]}},{"type":"Feature","properties":{"highway":"residential","length":125.92988198162729},"geometry":{"type":"LineString","coordinates":[[41.444371,52.731299],[41.444177,52.731277],[41.443468,52.731198],[41.442793,52.731123],[41.442595,52.731101],[41.442538,52.731094]]}},{"type":"Feature","properties":{"highway":"residential","length":51.516073825724874},"geometry":{"type":"LineString","coordinates":[[41.394072,52.785374],[41.394002,52.785432],[41.393853,52.78555],[41.39361,52.785743]]}},{"type":"Feature","properties":{"highway":"residential","length":42.71870083085923},"geometry":{"type":"LineString","coordinates":[[41.394306,52.78519],[41.394862,52.785374]]}},{"type":"Feature","properties":{"highway":"secondary","length":171.9792831076345},"geometry":{"type":"LineString","coordinates":[[41.425912,52.720036],[41.424634,52.719723],[41.424267,52.719636],[41.423879,52.719539],[41.423562,52.719444]]}},{"type":"Feature","properties":{"highway":"secondary","length":38.11887174733548},"geometry":{"type":"LineString","coordinates":[[41.426459,52.72012],[41.425912,52.720036]]}},{"type":"Feature","properties":{"highway":"tertiary","length":62.031164989135796},"geometry":{"type":"LineString","coordinates":[[41.37583,52.738865],[41.376121,52.738758],[41.376282,52.738669],[41.376529,52.738509]]}},{"type":"Feature","properties":{"highway":"tertiary","length":27.894888366135767},"geometry":{"type":"LineString","coordinates":[[41.376649,52.738839],[41.376402,52.738827],[41.376237,52.73883]]}},{"type":"Feature","properties":{"highway":"residential","length":17.578048669288222},"geometry":{"type":"LineString","coordinates":[[41.376654,52.73841],[41.376673,52.738362],[41.376673,52.738314],[41.376661,52.738253]]}},{"type":"Feature","properties":{"highway":"residential","length":20.135852358644257},"geometry":{"type":"LineString","coordinates":[[41.376661,52.738253],[41.376729,52.738298],[41.376792,52.738328],[41.37689,52.738368]]}},{"type":"Feature","properties":{"highway":"secondary","length":63.7009065122423},"geometry":{"type":"LineString","coordinates":[[41.37758,52.739256],[41.377211,52.739035],[41.377067,52.73896],[41.376863,52.738889]]}},{"type":"Feature","properties":{"highway":"secondary","length":52.88689015953571},"geometry":{"type":"LineString","coordinates":[[41.377153,52.738411],[41.377284,52.738438],[41.377459,52.738446],[41.377661,52.738439],[41.37772,52.738433],[41.377924,52.738412]]}},{"type":"Feature","properties":{"highway":"secondary","length":51.35425920864833},"geometry":{"type":"LineString","coordinates":[[41.377924,52.738412],[41.377683,52.738494],[41.377495,52.738588],[41.377339,52.738699]]}},{"type":"Feature","properties":{"highway":"secondary","length":15.61397137719671},"geometry":{"type":"LineString","coordinates":[[41.376863,52.738889],[41.37675,52.738873],[41.376649,52.738839]]}},{"type":"Feature","properties":{"highway":"secondary","length":40.46921846988565},"geometry":{"type":"LineString","coordinates":[[41.376649,52.738839],[41.376563,52.738788],[41.376512,52.738726],[41.376488,52.738656],[41.376496,52.738582],[41.376529,52.738509]]}},{"type":"Feature","properties":{"highway":"secondary","length":60.23498417817888},"geometry":{"type":"LineString","coordinates":[[41.377316,52.738741],[41.377349,52.738866],[41.377416,52.739014],[41.37758,52.739256]]}},{"type":"Feature","properties":{"highway":"secondary","length":36.028913215393416},"geometry":{"type":"LineString","coordinates":[[41.377153,52.738411],[41.377239,52.738462],[41.377308,52.738533],[41.377341,52.738611],[41.377339,52.738699]]}},{"type":"Feature","properties":{"highway":"secondary","length":4.975996458616682},"geometry":{"type":"LineString","coordinates":[[41.377339,52.738699],[41.377316,52.738741]]}},{"type":"Feature","properties":{"highway":"secondary","length":4.5950701504917895},"geometry":{"type":"LineString","coordinates":[[41.377988,52.738397],[41.377924,52.738412]]}},{"type":"Feature","properties":{"highway":"secondary","length":18.485452336028885},"geometry":{"type":"LineString","coordinates":[[41.37689,52.738368],[41.376971,52.738376],[41.377033,52.738383],[41.377153,52.738411]]}},{"type":"Feature","properties":{"highway":"secondary","length":16.818071516591136},"geometry":{"type":"LineString","coordinates":[[41.376654,52.73841],[41.376758,52.738379],[41.37689,52.738368]]}},{"type":"Feature","properties":{"highway":"tertiary","length":27.753486146883873},"geometry":{"type":"LineString","coordinates":[[41.376237,52.73883],[41.376086,52.738838],[41.37583,52.738865]]}},{"type":"Feature","properties":{"highway":"primary","length":8.113972454366309},"geometry":{"type":"LineString","coordinates":[[41.451064,52.740754],[41.451183,52.740766]]}},{"type":"Feature","properties":{"highway":"primary","length":8.242220142245158},"geometry":{"type":"LineString","coordinates":[[41.451953,52.737686],[41.452072,52.737701]]}},{"type":"Feature","properties":{"highway":"primary","length":7.932896252074082},"geometry":{"type":"LineString","coordinates":[[41.453023,52.733955],[41.45308,52.733964]]}},{"type":"Feature","properties":{"highway":"primary","length":7.185515796809787},"geometry":{"type":"LineString","coordinates":[[41.453497,52.732322],[41.453602,52.732333]]}},{"type":"Feature","properties":{"highway":"secondary","length":9.674275011957992},"geometry":{"type":"LineString","coordinates":[[41.429317,52.718795],[41.429287,52.718879]]}},{"type":"Feature","properties":{"highway":"secondary","length":9.945504096673071},"geometry":{"type":"LineString","coordinates":[[41.451744,52.721213],[41.451769,52.721125]]}},{"type":"Feature","properties":{"highway":"primary","length":9.353162292525361},"geometry":{"type":"LineString","coordinates":[[41.43795,52.719679],[41.437924,52.719762]]}},{"type":"Feature","properties":{"highway":"secondary","length":8.842245358462938},"geometry":null},{"type":"Feature","properties":{"highway":"secondary","length":9.078208535588375},"geometry":{"type":"LineString","coordinates":[[41.447909,52.720804],[41.44792,52.720768]]}},{"type":"Feature","properties":{"highway":"residential","length":67.20220762684504},"geometry":{"type":"LineString","coordinates":[[41.446965,52.718118],[41.446981,52.718061]]}},{"type":"Feature","properties":{"highway":"secondary","length":123.35838170759797},"geometry":{"type":"LineString","coordinates":[[41.441083,52.735702],[41.441078,52.735649],[41.441085,52.735575],[41.441214,52.735101],[41.441346,52.734606]]}},{"type":"Feature","properties":{"highway":"primary","length":13.526919135703936},"geometry":{"type":"LineString","coordinates":[[41.464355,52.701636],[41.464176,52.70169]]}},{"type":"Feature","properties":{"highway":"primary","length":15.271937442999688},"geometry":{"type":"LineString","coordinates":[[41.464176,52.70169],[41.463974,52.701752]]}},{"type":"Feature","properties":{"highway":"primary","length":67.9045112818273},"geometry":{"type":"LineString","coordinates":[[41.433622,52.699347],[41.433968,52.699585],[41.434302,52.699796]]}},{"type":"Feature","properties":{"highway":"primary","length":62.900451956093164},"geometry":{"type":"LineString","coordinates":[[41.434302,52.699796],[41.434968,52.70019]]}},{"type":"Feature","properties":{"highway":"primary","length":571.2863097136147},"geometry":{"type":"LineString","coordinates":[[41.465782,52.676145],[41.465722,52.676275],[41.465565,52.676624],[41.46534,52.677121],[41.465147,52.677525],[41.465028,52.677775],[41.464744,52.67837],[41.46461,52.678656],[41.464256,52.679414],[41.464224,52.679483],[41.463875,52.680231],[41.463851,52.680281],[41.463693,52.680621],[41.46367,52.680669],[41.463648,52.680716],[41.463476,52.681083]]}},{"type":"Feature","properties":{"highway":"secondary","length":42.16630787497803},"geometry":{"type":"LineString","coordinates":[[41.404199,52.768642],[41.403851,52.768474],[41.403711,52.768406]]}},{"type":"Feature","properties":{"highway":"primary","length":156.24279008915292},"geometry":{"type":"LineString","coordinates":[[41.444528,52.705912],[41.446405,52.706731]]}},{"type":"Feature","properties":{"highway":"primary","length":82.40793813811993},"geometry":{"type":"LineString","coordinates":[[41.446405,52.706731],[41.447397,52.707162]]}},{"type":"Feature","properties":{"highway":"primary","length":279.3361530962215},"geometry":{"type":"LineString","coordinates":[[41.439189,52.70286],[41.439559,52.703124],[41.440084,52.703476],[41.440473,52.703731],[41.440948,52.704037],[41.441413,52.704341],[41.441751,52.70454],[41.442007,52.704694]]}},{"type":"Feature","properties":{"highway":"residential","length":458.0960721045437},"geometry":{"type":"LineString","coordinates":[[41.437951,52.706805],[41.438125,52.706552],[41.438272,52.706336],[41.438968,52.70558],[41.439158,52.705374],[41.439647,52.704914],[41.439801,52.704769],[41.440443,52.704223],[41.440544,52.704186],[41.440703,52.704195],[41.440885,52.704266],[41.441519,52.704545],[41.441754,52.704653],[41.441877,52.704686],[41.442007,52.704694]]}},{"type":"Feature","properties":{"highway":"residential","length":23.184844894878484},"geometry":{"type":"LineString","coordinates":[[41.442007,52.704694],[41.442081,52.704699],[41.442349,52.704691]]}},{"type":"Feature","properties":{"highway":"primary","length":73.58814147514826},"geometry":{"type":"LineString","coordinates":[[41.424271,52.722523],[41.423817,52.722371],[41.423611,52.722295],[41.423392,52.722208],[41.423306,52.722176]]}},{"type":"Feature","properties":{"highway":"primary","length":224.03038001848435},"geometry":{"type":"LineString","coordinates":[[41.423306,52.722176],[41.423087,52.722093],[41.422796,52.722007],[41.422621,52.721959],[41.422397,52.721912],[41.422054,52.72186],[41.421618,52.721814],[41.420818,52.721745],[41.420123,52.721689]]}},{"type":"Feature","properties":{"highway":"residential","length":624.4085891162431},"geometry":{"type":"LineString","coordinates":[[41.423306,52.722176],[41.423325,52.72221],[41.423339,52.722263],[41.42335,52.72254],[41.423337,52.722612],[41.423169,52.72294],[41.423099,52.723017],[41.422998,52.723083],[41.422378,52.723417],[41.422055,52.723613],[41.421734,52.72381],[41.420856,52.724397],[41.420429,52.724683],[41.420014,52.725023],[41.419509,52.725437],[41.419248,52.72565],[41.419051,52.725859],[41.418874,52.725927],[41.418829,52.725971],[41.418656,52.726144],[41.418554,52.726283],[41.418516,52.726391],[41.418243,52.72667]]}},{"type":"Feature","properties":{"highway":"secondary","length":860.9215106629429},"geometry":{"type":"LineString","coordinates":[[41.430307,52.75696],[41.429848,52.757635],[41.429709,52.757767],[41.429456,52.757962],[41.429203,52.758157],[41.429029,52.758293],[41.428936,52.758366],[41.428094,52.759026],[41.428044,52.759066],[41.427794,52.759269],[41.42733,52.759647],[41.426255,52.760497],[41.425568,52.761047],[41.425441,52.761147],[41.424513,52.761881],[41.423798,52.762445],[41.423441,52.762725],[41.423217,52.762905],[41.422839,52.763203]]}},{"type":"Feature","properties":{"highway":"secondary","length":595.2399365320666},"geometry":{"type":"LineString","coordinates":[[41.422839,52.763203],[41.42276,52.763259],[41.422565,52.763399],[41.422303,52.763619],[41.421186,52.764493],[41.420977,52.764671],[41.420895,52.764725],[41.420565,52.764986],[41.420119,52.765346],[41.419473,52.765865],[41.418906,52.766274],[41.418726,52.766388],[41.418548,52.766486],[41.418037,52.766751],[41.417762,52.766916],[41.417625,52.76702],[41.417468,52.767139],[41.417404,52.767188],[41.417254,52.767325]]}},{"type":"Feature","properties":{"highway":"tertiary","length":124.73614717728822},"geometry":{"type":"LineString","coordinates":[[41.478301,52.700724],[41.477014,52.700807],[41.476466,52.700838]]}},{"type":"Feature","properties":{"highway":"residential","length":369.3092926351869},"geometry":{"type":"LineString","coordinates":[[41.479419,52.700715],[41.479453,52.700814],[41.479641,52.701375],[41.479755,52.701751],[41.479904,52.702185],[41.479972,52.702399],[41.480083,52.702756],[41.480298,52.703428],[41.480421,52.703789],[41.480438,52.703974]]}},{"type":"Feature","properties":{"highway":"residential","length":715.0992907173998},"geometry":{"type":"LineString","coordinates":[[41.452661,52.704601],[41.452962,52.704733],[41.461114,52.70831],[41.461238,52.708364]]}},{"type":"Feature","properties":{"highway":"residential","length":162.8531011753597},"geometry":{"type":"LineString","coordinates":[[41.461238,52.708364],[41.461385,52.708423],[41.461529,52.70848],[41.462219,52.708778],[41.462502,52.7089],[41.463042,52.709133],[41.463207,52.709207]]}},{"type":"Feature","properties":{"highway":"residential","length":166.3897783515185},"geometry":{"type":"LineString","coordinates":[[41.44568,52.703734],[41.445847,52.703822],[41.447422,52.704658],[41.447535,52.704718]]}},{"type":"Feature","properties":{"highway":"residential","length":210.29467799638272},"geometry":{"type":"LineString","coordinates":[[41.445523,52.706159],[41.44653,52.705424],[41.447449,52.704778],[41.447535,52.704718]]}},{"type":"Feature","properties":{"highway":"residential","length":55.93848719110803},"geometry":{"type":"LineString","coordinates":[[41.446674,52.712942],[41.44733,52.713011],[41.447489,52.713028]]}},{"type":"Feature","properties":{"highway":"secondary","length":59.62819632989143},"geometry":{"type":"LineString","coordinates":[[41.451769,52.721125],[41.451963,52.721103],[41.45206,52.721088],[41.452645,52.72107]]}},{"type":"Feature","properties":{"highway":"secondary","length":230.82247364273962},"geometry":{"type":"LineString","coordinates":[[41.456361,52.72189],[41.456204,52.721874],[41.455663,52.721819],[41.45526,52.721778],[41.454663,52.721717],[41.453817,52.721632],[41.453354,52.721585],[41.452991,52.721551]]}},{"type":"Feature","properties":{"highway":"secondary","length":26.00256319382151},"geometry":{"type":"LineString","coordinates":[[41.452991,52.721551],[41.452858,52.721539],[41.452742,52.721524],[41.452615,52.721502]]}},{"type":"Feature","properties":{"highway":"residential","length":91.88459582488356},"geometry":{"type":"LineString","coordinates":[[41.428284,52.75281],[41.428374,52.752686],[41.428833,52.752054]]}},{"type":"Feature","properties":{"highway":"residential","length":88.86156229803908},"geometry":{"type":"LineString","coordinates":[[41.434642,52.752583],[41.435944,52.752701]]}},{"type":"Feature","properties":{"highway":"residential","length":499.2943291124258},"geometry":{"type":"LineString","coordinates":[[41.439261,52.715551],[41.439406,52.715567],[41.444904,52.716151],[41.446364,52.716306],[41.446539,52.716325]]}},{"type":"Feature","properties":{"highway":"tertiary","length":308.50224220363094},"geometry":{"type":"LineString","coordinates":[[41.430939,52.714743],[41.431047,52.71449],[41.431193,52.714222],[41.431345,52.713966],[41.431562,52.7136],[41.431978,52.712899],[41.432008,52.712847],[41.43212,52.712657],[41.432389,52.712205],[41.432436,52.712125]]}},{"type":"Feature","properties":{"highway":"residential","length":176.05210597437673},"geometry":{"type":"LineString","coordinates":[[41.443592,52.726735],[41.443428,52.726715],[41.441023,52.726471]]}},{"type":"Feature","properties":{"highway":"residential","length":350.11070633449873},"geometry":{"type":"LineString","coordinates":[[41.441023,52.726471],[41.439367,52.726314],[41.437747,52.726141],[41.435924,52.725913]]}},{"type":"Feature","properties":{"highway":"secondary","length":711.3613803327352},"geometry":{"type":"LineString","coordinates":[[41.412142,52.73624],[41.411883,52.736156],[41.411716,52.736103],[41.410409,52.735778],[41.409895,52.735639],[41.409828,52.735622],[41.409355,52.73549],[41.409296,52.735472],[41.408683,52.735296],[41.408536,52.735257],[41.407485,52.734956],[41.407118,52.734852],[41.40706,52.734837],[41.406709,52.734734],[41.406194,52.734587],[41.405533,52.734399],[41.404623,52.734139],[41.404278,52.734041],[41.403766,52.733885],[41.40273,52.733571],[41.402605,52.733533]]}},{"type":"Feature","properties":{"highway":"secondary","length":57.62990952387251},"geometry":{"type":"LineString","coordinates":[[41.402605,52.733533],[41.402067,52.733393],[41.401817,52.733334]]}},{"type":"Feature","properties":{"highway":"secondary","length":656.8720569246271},"geometry":{"type":"LineString","coordinates":[[41.402912,52.72747],[41.402772,52.728209],[41.402564,52.729505],[41.402412,52.730335],[41.402182,52.731547],[41.401993,52.732491],[41.401941,52.73275],[41.401932,52.732799],[41.401879,52.733116],[41.401817,52.733334]]}},{"type":"Feature","properties":{"highway":"residential","length":72.35173616920567},"geometry":{"type":"LineString","coordinates":[[41.441026,52.743177],[41.441299,52.743379],[41.441567,52.743576],[41.441711,52.743677]]}},{"type":"Feature","properties":{"highway":"secondary","length":368.2316409962907},"geometry":{"type":"LineString","coordinates":[[41.441711,52.743677],[41.441604,52.74373],[41.440794,52.744129],[41.44043,52.744308],[41.440006,52.744519],[41.439905,52.74457],[41.439471,52.744785],[41.437614,52.745714],[41.437496,52.745775]]}},{"type":"Feature","properties":{"highway":"tertiary","length":338.2800515233059},"geometry":{"type":"LineString","coordinates":[[41.478426,52.679243],[41.478594,52.679061],[41.478949,52.678618],[41.479597,52.677889],[41.480604,52.676879],[41.480909,52.676608]]}},{"type":"Feature","properties":{"highway":"residential","length":331.01599770548273},"geometry":{"type":"MultiLineString","coordinates":[[[41.433647,52.746185],[41.433531,52.746241]],[[41.429912,52.747981],[41.429804,52.748032]]]}},{"type":"Feature","properties":{"highway":"residential","length":130.42937253770225},"geometry":{"type":"LineString","coordinates":[[41.43487,52.747093],[41.434766,52.747013],[41.434529,52.746839],[41.433647,52.746185]]}},{"type":"Feature","properties":{"highway":"residential","length":98.7624418196227},"geometry":{"type":"LineString","coordinates":[[41.407146,52.763113],[41.407219,52.763059],[41.407272,52.763017],[41.407503,52.762824],[41.407589,52.762743],[41.407671,52.762676],[41.407771,52.762585],[41.407846,52.762522],[41.407921,52.762458],[41.407997,52.762391]]}},{"type":"Feature","properties":{"highway":"residential","length":231.52765703886192},"geometry":{"type":"LineString","coordinates":[[41.407997,52.762391],[41.40775,52.762213],[41.408166,52.761887],[41.408549,52.761561],[41.408643,52.761485],[41.40888,52.761286],[41.409289,52.760963],[41.409576,52.760734]]}},{"type":"Feature","properties":{"highway":"residential","length":237.99055472711208},"geometry":{"type":"LineString","coordinates":[[41.509351,52.714982],[41.509201,52.714781],[41.508746,52.714171],[41.508413,52.713715],[41.508351,52.713603],[41.508326,52.71349],[41.508291,52.713294],[41.508299,52.71317],[41.508324,52.713008],[41.508338,52.712975]]}},{"type":"Feature","properties":{"highway":"residential","length":13.851332858538756},"geometry":{"type":"LineString","coordinates":[[41.464126,52.690482],[41.46433,52.69047]]}},{"type":"Feature","properties":{"highway":"secondary","length":153.2388822555785},"geometry":{"type":"LineString","coordinates":[[41.466465,52.70397],[41.466324,52.704079],[41.46512,52.705078]]}},{"type":"Feature","properties":{"highway":"primary","length":249.70005053332164},"geometry":{"type":"LineString","coordinates":[[41.463974,52.701752],[41.463222,52.702],[41.462629,52.702195],[41.461972,52.702422],[41.460744,52.70284]]}},{"type":"Feature","properties":{"highway":"primary","length":30.172897282425218},"geometry":{"type":"LineString","coordinates":[[41.462732,52.699639],[41.462816,52.69977],[41.462919,52.699885]]}},{"type":"Feature","properties":{"highway":"primary","length":68.88997969916159},"geometry":{"type":"LineString","coordinates":[[41.462919,52.699885],[41.463271,52.70039],[41.463323,52.700453]]}},{"type":"Feature","properties":{"highway":"residential","length":67.1746820930934},"geometry":{"type":"LineString","coordinates":[[41.459575,52.703212],[41.45948,52.703143],[41.459152,52.702909],[41.458932,52.702752]]}},{"type":"Feature","properties":{"highway":"primary","length":27.828618383356563},"geometry":{"type":"LineString","coordinates":[[41.462662,52.699393],[41.46269,52.69952],[41.462732,52.699639]]}},{"type":"Feature","properties":{"highway":"residential","length":150.53730280972422},"geometry":{"type":"LineString","coordinates":[[41.458343,52.701981],[41.458312,52.702029]]}},{"type":"Feature","properties":{"highway":"residential","length":64.26865875137737},"geometry":{"type":"LineString","coordinates":[[41.459379,52.69661],[41.458429,52.696589]]}},{"type":"Feature","properties":{"highway":"residential","length":548.7104711367327},"geometry":{"type":"LineString","coordinates":[[41.458429,52.696589],[41.456395,52.696555],[41.456295,52.696552],[41.455793,52.696536],[41.455208,52.69652],[41.454686,52.696509],[41.454181,52.696491],[41.454012,52.696485],[41.453839,52.69648],[41.453375,52.696459],[41.452888,52.696432],[41.452184,52.696404],[41.451963,52.696392],[41.451653,52.696451],[41.451239,52.696539],[41.451129,52.696572],[41.451053,52.696595]]}},{"type":"Feature","properties":{"highway":"residential","length":107.09557988946513},"geometry":{"type":"LineString","coordinates":[[41.453783,52.700309],[41.453847,52.700268],[41.453927,52.700219],[41.454332,52.699945],[41.454577,52.699779],[41.454715,52.699666],[41.454827,52.699587]]}},{"type":"Feature","properties":{"highway":"tertiary","length":90.4741670817162},"geometry":{"type":"LineString","coordinates":[[41.454208,52.703592],[41.454066,52.703427],[41.453989,52.703331],[41.45383,52.703084],[41.453671,52.702849]]}},{"type":"Feature","properties":{"highway":"residential","length":116.78003853285347},"geometry":{"type":"LineString","coordinates":[[41.454788,52.702048],[41.454661,52.70214],[41.453733,52.702804],[41.453671,52.702849]]}},{"type":"Feature","properties":{"highway":"residential","length":181.71220417536844},"geometry":{"type":"MultiLineString","coordinates":[[[41.454788,52.702048],[41.454797,52.701979],[41.454779,52.701949]],[[41.453011,52.700952],[41.452928,52.700916]]]}},{"type":"Feature","properties":{"highway":"tertiary","length":434.2152514960418},"geometry":{"type":"LineString","coordinates":[[41.436348,52.710513],[41.436607,52.710262],[41.437245,52.709806],[41.437701,52.709468],[41.438235,52.709093],[41.439204,52.708407],[41.44025,52.70766],[41.440453,52.707515]]}},{"type":"Feature","properties":{"highway":"residential","length":124.69540301291457},"geometry":{"type":"LineString","coordinates":[[41.462662,52.699393],[41.461513,52.699548],[41.461101,52.699583],[41.460851,52.699604]]}},{"type":"Feature","properties":{"highway":"residential","length":172.49942823116845},"geometry":{"type":"LineString","coordinates":[[41.460851,52.699604],[41.460788,52.699653]]}},{"type":"Feature","properties":{"highway":"residential","length":51.5707206221343},"geometry":{"type":"LineString","coordinates":[[41.455415,52.699316],[41.4553,52.699322],[41.455233,52.699344],[41.45517,52.699375],[41.454921,52.699541],[41.454827,52.699587]]}},{"type":"Feature","properties":{"highway":"tertiary","length":199.47440588049764},"geometry":{"type":"LineString","coordinates":[[41.452042,52.699195],[41.451674,52.698931],[41.451152,52.69854],[41.451027,52.698451],[41.45032,52.697912],[41.450299,52.697896],[41.450179,52.697805]]}},{"type":"Feature","properties":{"highway":"tertiary","length":240.1602621009872},"geometry":{"type":"LineString","coordinates":[[41.450179,52.697805],[41.449653,52.697391],[41.449244,52.69708],[41.449168,52.696994],[41.449034,52.696835],[41.448675,52.696417],[41.448477,52.696104],[41.448391,52.695959]]}},{"type":"Feature","properties":{"highway":"residential","length":76.08124530259548},"geometry":{"type":"LineString","coordinates":[[41.455638,52.697938],[41.45565,52.697855],[41.455681,52.69759],[41.455703,52.697331],[41.455712,52.697256]]}},{"type":"Feature","properties":{"highway":"residential","length":238.9673739873348},"geometry":{"type":"MultiLineString","coordinates":[[[41.455638,52.697938],[41.455719,52.697944]],[[41.459021,52.698119],[41.459159,52.698127]]]}},{"type":"Feature","properties":{"highway":"primary","length":38.9321340373134},"geometry":{"type":"LineString","coordinates":[[41.46268,52.699044],[41.46266,52.699243],[41.462654,52.699321],[41.462662,52.699393]]}},{"type":"Feature","properties":{"highway":"residential","length":137.89818012407585},"geometry":{"type":"LineString","coordinates":[[41.46268,52.699044],[41.462434,52.699007]]}},{"type":"Feature","properties":{"highway":"residential","length":239.0948789566048},"geometry":{"type":"LineString","coordinates":[[41.452763,52.695252],[41.452612,52.695279],[41.452196,52.695359],[41.451509,52.69547],[41.450579,52.695609],[41.450008,52.695688],[41.449737,52.6957],[41.449411,52.69571]]}},{"type":"Feature","properties":{"highway":"residential","length":64.13894616600336},"geometry":{"type":"LineString","coordinates":[[41.460327,52.696625],[41.459379,52.69661]]}},{"type":"Feature","properties":{"highway":"residential","length":155.41717159818597},"geometry":{"type":"LineString","coordinates":[[41.476466,52.700838],[41.476464,52.700765],[41.476445,52.700133],[41.476451,52.699442]]}},{"type":"Feature","properties":{"highway":"residential","length":453.29769140844013},"geometry":{"type":"LineString","coordinates":[[41.473172,52.698724],[41.473275,52.697407],[41.473436,52.696382],[41.47349,52.695558],[41.473675,52.694664]]}},{"type":"Feature","properties":{"highway":"residential","length":563.6124255907176},"geometry":{"type":"LineString","coordinates":[[41.466232,52.695159],[41.466223,52.69523],[41.466185,52.695548],[41.466096,52.695926],[41.466003,52.696492],[41.46588,52.697057],[41.465844,52.697302],[41.465688,52.698349],[41.465638,52.698665],[41.465588,52.698971],[41.465431,52.700095],[41.465425,52.700199]]}},{"type":"Feature","properties":{"highway":"residential","length":150.79682587862175},"geometry":{"type":"LineString","coordinates":[[41.466232,52.695159],[41.466377,52.695166]]}},{"type":"Feature","properties":{"highway":"residential","length":125.3284575113621},"geometry":{"type":"LineString","coordinates":[[41.470199,52.695441],[41.470283,52.695456]]}},{"type":"Feature","properties":{"highway":"tertiary","length":86.48041644702127},"geometry":{"type":"LineString","coordinates":[[41.467764,52.70038],[41.467915,52.700394],[41.468419,52.700438],[41.469021,52.700521]]}},{"type":"Feature","properties":{"highway":"residential","length":118.6490137421503},"geometry":{"type":"LineString","coordinates":[[41.473092,52.699398],[41.472946,52.699387],[41.472813,52.699369],[41.472172,52.699284],[41.471515,52.699198],[41.471375,52.699177]]}},{"type":"Feature","properties":{"highway":"residential","length":422.08781413973463},"geometry":{"type":"LineString","coordinates":[[41.464004,52.700105],[41.464009,52.70003],[41.46401,52.700017]]}},{"type":"Feature","properties":{"highway":"residential","length":250.07052364146742},"geometry":{"type":"LineString","coordinates":[[41.465098,52.694167],[41.465098,52.694166],[41.465108,52.694105]]}},{"type":"Feature","properties":{"highway":"residential","length":430.8598748662514},"geometry":{"type":"LineString","coordinates":[[41.471612,52.69454],[41.47161,52.694572]]}},{"type":"Feature","properties":{"highway":"residential","length":86.60665543264618},"geometry":{"type":"LineString","coordinates":[[41.471401,52.699118],[41.471375,52.699177]]}},{"type":"Feature","properties":{"highway":"residential","length":638.5685082417469},"geometry":{"type":"LineString","coordinates":[[41.48028,52.705813],[41.480101,52.705787],[41.479818,52.705748],[41.478798,52.705602],[41.478664,52.705583],[41.477558,52.705431],[41.476518,52.705285],[41.475313,52.705112],[41.47274,52.704755],[41.471605,52.704597],[41.471257,52.704554],[41.471074,52.704525]]}},{"type":"Feature","properties":{"highway":"residential","length":236.9999927990936},"geometry":{"type":"LineString","coordinates":[[41.471074,52.704525],[41.470933,52.704507]]}},{"type":"Feature","properties":{"highway":"secondary","length":196.14495131717996},"geometry":{"type":"LineString","coordinates":[[41.471729,52.702808],[41.471693,52.702911],[41.471645,52.703037],[41.471414,52.703649],[41.471184,52.704237],[41.471116,52.704425],[41.471074,52.704525]]}},{"type":"Feature","properties":{"highway":"tertiary","length":124.6464817719618},"geometry":{"type":"LineString","coordinates":[[41.463734,52.692888],[41.463398,52.69286],[41.463148,52.69285],[41.462344,52.69281],[41.462232,52.692798],[41.462113,52.692786],[41.461902,52.692766]]}},{"type":"Feature","properties":{"highway":"residential","length":205.5821645746871},"geometry":{"type":"LineString","coordinates":[[41.476131,52.707957],[41.476056,52.708023],[41.475538,52.708399],[41.475137,52.708703],[41.474913,52.708872],[41.47421,52.709389]]}},{"type":"Feature","properties":{"highway":"residential","length":80.91316273812109},"geometry":{"type":"LineString","coordinates":[[41.453783,52.700309],[41.453719,52.700266]]}},{"type":"Feature","properties":{"highway":"residential","length":90.10404386964089},"geometry":{"type":"LineString","coordinates":[[41.452134,52.699255],[41.452042,52.699195]]}},{"type":"Feature","properties":{"highway":"tertiary","length":89.58496211465695},"geometry":{"type":"LineString","coordinates":[[41.450781,52.701337],[41.450709,52.701299],[41.450369,52.701126],[41.450126,52.700994],[41.449915,52.700894],[41.449764,52.700821]]}},{"type":"Feature","properties":{"highway":"primary","length":287.7297537087079},"geometry":{"type":"LineString","coordinates":[[41.46966,52.706437],[41.469545,52.706528],[41.46911,52.70687],[41.467271,52.708443],[41.467164,52.708531]]}},{"type":"Feature","properties":{"highway":"primary","length":56.14837266627289},"geometry":{"type":"LineString","coordinates":[[41.467164,52.708531],[41.467071,52.708612],[41.46668,52.708942]]}},{"type":"Feature","properties":{"highway":"residential","length":119.60416091786841},"geometry":{"type":"LineString","coordinates":[[41.467164,52.708531],[41.467311,52.708593],[41.468526,52.709128],[41.4686,52.70916]]}},{"type":"Feature","properties":{"highway":"residential","length":309.6399315295847},"geometry":{"type":"LineString","coordinates":[[41.4686,52.70916],[41.469311,52.709473],[41.46953,52.70957],[41.469891,52.709729],[41.471204,52.710285],[41.471251,52.710305],[41.472187,52.710709],[41.472333,52.710772]]}},{"type":"Feature","properties":{"highway":"secondary","length":680.4620165458673},"geometry":{"type":"LineString","coordinates":[[41.464816,52.730815],[41.46492,52.730846],[41.46526,52.730976],[41.465983,52.731257],[41.467318,52.731694],[41.468694,52.732192],[41.469725,52.732582],[41.470403,52.732831],[41.470532,52.732877],[41.471484,52.733228],[41.472665,52.733697],[41.473136,52.733866],[41.473441,52.733969]]}},{"type":"Feature","properties":{"highway":"primary","length":9.046943676751502},"geometry":{"type":"LineString","coordinates":[[41.453958,52.7306],[41.45409,52.730616]]}},{"type":"Feature","properties":{"highway":"primary","length":64.0409978150636},"geometry":{"type":"LineString","coordinates":[[41.45409,52.730616],[41.454219,52.730637],[41.45502,52.730725]]}},{"type":"Feature","properties":{"highway":"residential","length":46.70191144053762},"geometry":{"type":"LineString","coordinates":[[41.452401,52.697809],[41.452526,52.697756],[41.452663,52.697729],[41.452709,52.69772],[41.45276,52.697716],[41.452811,52.697716],[41.452865,52.697721],[41.453012,52.697754]]}},{"type":"Feature","properties":{"highway":"residential","length":176.95910345987994},"geometry":{"type":"LineString","coordinates":[[41.455565,52.697934],[41.455638,52.697938]]}},{"type":"Feature","properties":{"highway":"residential","length":233.70264032150058},"geometry":{"type":"LineString","coordinates":[[41.454926,52.69723],[41.455069,52.697236],[41.455584,52.697253],[41.455712,52.697256]]}},{"type":"Feature","properties":{"highway":"residential","length":240.75162236142305},"geometry":{"type":"MultiLineString","coordinates":[[[41.455712,52.697256],[41.455828,52.697257],[41.456441,52.697271],[41.457524,52.697335]],[[41.459121,52.697383],[41.459265,52.697387]]]}},{"type":"Feature","properties":{"highway":"residential","length":153.11602991626899},"geometry":{"type":"LineString","coordinates":[[41.454827,52.699587],[41.454768,52.699558],[41.454692,52.699515],[41.453919,52.699],[41.453416,52.698646],[41.453389,52.698617],[41.453369,52.698594],[41.453363,52.698575],[41.453369,52.698552]]}},{"type":"Feature","properties":{"highway":"residential","length":147.62638464087385},"geometry":{"type":"MultiLineString","coordinates":[[[41.453369,52.698552],[41.453386,52.698541]],[[41.455437,52.69861],[41.455534,52.698615]]]}},{"type":"Feature","properties":{"highway":"residential","length":240.40175382936513},"geometry":{"type":"MultiLineString","coordinates":[[[41.455534,52.698615],[41.455632,52.69862]],[[41.458926,52.698808],[41.458957,52.69881],[41.459074,52.698819]]]}},{"type":"Feature","properties":{"highway":"residential","length":78.44801730231032},"geometry":{"type":"LineString","coordinates":[[41.455415,52.699316],[41.455421,52.699255],[41.45549,52.698966],[41.455526,52.698692],[41.455534,52.698615]]}},{"type":"Feature","properties":{"highway":"residential","length":75.6231507178329},"geometry":{"type":"LineString","coordinates":[[41.455534,52.698615],[41.455638,52.697938]]}},{"type":"Feature","properties":{"highway":"residential","length":222.99419733624507},"geometry":{"type":"LineString","coordinates":[[41.470266,52.71227],[41.470025,52.71246],[41.469735,52.712679],[41.469245,52.71305],[41.468685,52.713442],[41.4683,52.713712],[41.468155,52.713809]]}},{"type":"Feature","properties":{"highway":"residential","length":216.2785719515824},"geometry":{"type":"LineString","coordinates":[[41.468155,52.713809],[41.468012,52.713915],[41.467769,52.714111],[41.467492,52.714347],[41.467205,52.714575],[41.466803,52.714903],[41.466422,52.715201],[41.46622,52.715357]]}},{"type":"Feature","properties":{"highway":"residential","length":127.34641094065375},"geometry":{"type":"LineString","coordinates":[[41.46188,52.711049],[41.462488,52.711318],[41.463212,52.711638],[41.463404,52.711721]]}},{"type":"Feature","properties":{"highway":"residential","length":396.34362931765116},"geometry":{"type":"LineString","coordinates":[[41.463404,52.711721],[41.463557,52.711787],[41.465038,52.71244],[41.467129,52.713356],[41.468024,52.713748],[41.468155,52.713809]]}},{"type":"Feature","properties":{"highway":"primary","length":130.73704979364263},"geometry":{"type":"LineString","coordinates":[[41.464529,52.710765],[41.463664,52.711492],[41.463523,52.711617],[41.463404,52.711721]]}},{"type":"Feature","properties":{"highway":"primary","length":216.1266569289088},"geometry":{"type":"LineString","coordinates":[[41.463404,52.711721],[41.463336,52.711781],[41.462518,52.712466],[41.461665,52.713228],[41.461574,52.713314]]}},{"type":"Feature","properties":{"highway":"residential","length":88.31169338155229},"geometry":{"type":"LineString","coordinates":[[41.46249,52.717207],[41.462633,52.717238],[41.463056,52.717331],[41.463109,52.717343],[41.463523,52.717433],[41.463559,52.717441],[41.463599,52.71745],[41.463714,52.717484]]}},{"type":"Feature","properties":{"highway":"residential","length":19.34533618522056},"geometry":{"type":"LineString","coordinates":[[41.463469,52.715665],[41.463366,52.715827]]}},{"type":"Feature","properties":{"highway":"residential","length":164.5777370018055},"geometry":{"type":"LineString","coordinates":[[41.463366,52.715827],[41.462978,52.716439],[41.462948,52.716486],[41.462791,52.71672],[41.462717,52.716831],[41.462542,52.717126],[41.46249,52.717207]]}},{"type":"Feature","properties":{"highway":"secondary","length":355.4315104380664},"geometry":{"type":"LineString","coordinates":[[41.478515,52.735323],[41.478722,52.735398],[41.478836,52.73545],[41.478931,52.735506],[41.479079,52.735621],[41.479153,52.73569],[41.479228,52.73576],[41.479319,52.735883],[41.47937,52.735965],[41.479409,52.736039],[41.479546,52.736353],[41.479813,52.736947],[41.48018,52.737795],[41.480311,52.738239]]}},{"type":"Feature","properties":{"highway":"secondary","length":400.90156221885536},"geometry":{"type":"LineString","coordinates":[[41.480311,52.738239],[41.480466,52.7391],[41.480479,52.739415],[41.480424,52.739515],[41.480408,52.739539],[41.48035,52.739623],[41.48024,52.73969],[41.479914,52.73989],[41.47937,52.740223],[41.478915,52.740546],[41.477933,52.741259]]}},{"type":"Feature","properties":{"highway":"tertiary","length":80.21138020731266},"geometry":{"type":"LineString","coordinates":[[41.462515,52.73435],[41.462398,52.73448],[41.462254,52.734659],[41.462135,52.734827],[41.461966,52.734988]]}},{"type":"Feature","properties":{"highway":"residential","length":317.65989412688856},"geometry":{"type":"LineString","coordinates":[[41.472774,52.734625],[41.472424,52.734959],[41.471912,52.735463],[41.471213,52.736123],[41.471175,52.73616],[41.471094,52.73624],[41.470879,52.736438],[41.470475,52.736808],[41.470336,52.736937],[41.470283,52.736977],[41.470206,52.737012]]}},{"type":"Feature","properties":{"highway":"residential","length":608.2909894862191},"geometry":{"type":"LineString","coordinates":[[41.470206,52.737012],[41.470151,52.737035],[41.470098,52.737039],[41.470067,52.73704],[41.47001,52.737034],[41.469952,52.737019],[41.469854,52.736992],[41.469678,52.736936],[41.469427,52.736863],[41.469094,52.736761],[41.468734,52.736651],[41.467791,52.73637],[41.467619,52.736314],[41.466796,52.736048],[41.465907,52.735761],[41.465005,52.735469],[41.4648,52.735403],[41.46465,52.735327],[41.464626,52.735312],[41.464535,52.735251],[41.464424,52.735136],[41.464344,52.735053],[41.464281,52.734976],[41.464148,52.734906],[41.464007,52.73486],[41.462879,52.73447],[41.462685,52.734403],[41.462515,52.73435]]}},{"type":"Feature","properties":{"highway":"primary","length":415.5605971444675},"geometry":{"type":"LineString","coordinates":[[41.476653,52.761403],[41.476626,52.761314],[41.476497,52.760899],[41.476478,52.760831],[41.476406,52.760625],[41.476116,52.759784],[41.476016,52.759503],[41.475953,52.759383],[41.475884,52.75928],[41.475812,52.759168],[41.475717,52.75904],[41.475608,52.75892],[41.475459,52.758773],[41.475332,52.75866],[41.475206,52.758553],[41.474923,52.758352],[41.474564,52.758095],[41.474428,52.758009]]}},{"type":"Feature","properties":{"highway":"primary","length":24.74777719404966},"geometry":{"type":"LineString","coordinates":[[41.474428,52.758009],[41.474235,52.757888],[41.474172,52.75785]]}},{"type":"Feature","properties":{"highway":"residential","length":117.03996977242451},"geometry":{"type":"LineString","coordinates":[[41.455305,52.741489],[41.455382,52.741525]]}},{"type":"Feature","properties":{"highway":"residential","length":105.78109505932943},"geometry":{"type":"LineString","coordinates":[[41.455382,52.741525],[41.455551,52.741588],[41.455975,52.741747],[41.456341,52.741885],[41.456715,52.742024]]}},{"type":"Feature","properties":{"highway":"residential","length":171.0693823997626},"geometry":{"type":"LineString","coordinates":[[41.453741,52.74313],[41.45385,52.743023],[41.454636,52.742255]]}},{"type":"Feature","properties":{"highway":"residential","length":95.63337624221869},"geometry":{"type":"LineString","coordinates":[[41.454636,52.742255],[41.4548,52.742094],[41.455039,52.74186],[41.455382,52.741525]]}},{"type":"Feature","properties":{"highway":"residential","length":142.8773115116114},"geometry":{"type":"LineString","coordinates":[[41.46183,52.74063],[41.46176,52.740695],[41.460688,52.741711]]}},{"type":"Feature","properties":{"highway":"residential","length":177.52688454792093},"geometry":{"type":"LineString","coordinates":[[41.460688,52.741711],[41.459613,52.74273],[41.459371,52.742992],[41.459235,52.74301]]}},{"type":"Feature","properties":{"highway":"residential","length":105.87215157565046},"geometry":{"type":"LineString","coordinates":[[41.458071,52.740751],[41.458197,52.740797]]}},{"type":"Feature","properties":{"highway":"residential","length":100.61720209841818},"geometry":{"type":"LineString","coordinates":[[41.460649,52.741696],[41.460688,52.741711]]}},{"type":"Feature","properties":{"highway":"residential","length":170.63269591517266},"geometry":{"type":"LineString","coordinates":[[41.458065,52.74254],[41.458116,52.742491]]}},{"type":"Feature","properties":{"highway":"residential","length":168.97359816077477},"geometry":{"type":"LineString","coordinates":[[41.460659,52.740024],[41.46066,52.740023],[41.460734,52.739953]]}},{"type":"Feature","properties":{"highway":"primary","length":101.81468400648754},"geometry":{"type":"LineString","coordinates":[[41.453715,52.744791],[41.453606,52.744722],[41.453306,52.74453],[41.452681,52.744125]]}},{"type":"Feature","properties":{"highway":"residential","length":105.59254752472282},"geometry":{"type":"LineString","coordinates":[[41.44429,52.745674],[41.444348,52.745647]]}},{"type":"Feature","properties":{"highway":"tertiary","length":76.66851594967564},"geometry":{"type":"LineString","coordinates":[[41.440511,52.750614],[41.440649,52.74993]]}},{"type":"Feature","properties":{"highway":"residential","length":75.95627947028049},"geometry":{"type":"LineString","coordinates":[[41.437006,52.749579],[41.437136,52.748901]]}},{"type":"Feature","properties":{"highway":"tertiary","length":77.40377802705804},"geometry":{"type":"LineString","coordinates":[[41.440649,52.74993],[41.44079,52.74924]]}},{"type":"Feature","properties":{"highway":"tertiary","length":110.2343321590537},"geometry":{"type":"LineString","coordinates":[[41.44079,52.74924],[41.440928,52.748579],[41.440896,52.748443],[41.440848,52.74836],[41.440776,52.748271]]}},{"type":"Feature","properties":{"highway":"residential","length":53.20298225704076},"geometry":{"type":"LineString","coordinates":[[41.440422,52.751027],[41.440574,52.751038]]}},{"type":"Feature","properties":{"highway":"residential","length":109.67329200591949},"geometry":{"type":"LineString","coordinates":[[41.433036,52.752437],[41.434642,52.752583]]}},{"type":"Feature","properties":{"highway":"residential","length":252.29152447167436},"geometry":{"type":"LineString","coordinates":[[41.433933,52.750029],[41.4368,52.748576]]}},{"type":"Feature","properties":{"highway":"residential","length":229.25849072365867},"geometry":{"type":"LineString","coordinates":[[41.4368,52.748576],[41.439282,52.74717]]}},{"type":"Feature","properties":{"highway":"tertiary","length":77.43453194632856},"geometry":{"type":"LineString","coordinates":[[41.439282,52.74717],[41.438575,52.746622]]}},{"type":"Feature","properties":{"highway":"tertiary","length":119.17652142802217},"geometry":{"type":"LineString","coordinates":[[41.438575,52.746622],[41.43764,52.745878],[41.437496,52.745775]]}},{"type":"Feature","properties":{"highway":"residential","length":23.958822467645444},"geometry":{"type":"LineString","coordinates":[[41.431937,52.74985],[41.432288,52.749882]]}},{"type":"Feature","properties":{"highway":"residential","length":90.50750431454694},"geometry":{"type":"LineString","coordinates":[[41.432288,52.749882],[41.433613,52.750003]]}},{"type":"Feature","properties":{"highway":"residential","length":327.49536753720014},"geometry":{"type":"MultiLineString","coordinates":[[[41.432288,52.749882],[41.432387,52.749832]],[[41.435896,52.74805],[41.436007,52.747993]]]}},{"type":"Feature","properties":{"highway":"residential","length":230.97647535284563},"geometry":{"type":"MultiLineString","coordinates":[[[41.436007,52.747993],[41.436121,52.747932]],[[41.438465,52.746681],[41.438575,52.746622]]]}},{"type":"Feature","properties":{"highway":"residential","length":84.0577787593401},"geometry":{"type":"LineString","coordinates":[[41.4368,52.748576],[41.436007,52.747993]]}},{"type":"Feature","properties":{"highway":"residential","length":126.26553442309576},"geometry":{"type":"LineString","coordinates":[[41.436007,52.747993],[41.435014,52.747203],[41.43487,52.747093]]}},{"type":"Feature","properties":{"highway":"tertiary","length":29.232756718598345},"geometry":{"type":"LineString","coordinates":[[41.440776,52.748271],[41.44049,52.748074]]}},{"type":"Feature","properties":{"highway":"tertiary","length":129.47702442510146},"geometry":{"type":"LineString","coordinates":[[41.44049,52.748074],[41.439282,52.74717]]}},{"type":"Feature","properties":{"highway":"residential","length":18.13790522148603},"geometry":{"type":"LineString","coordinates":[[41.437136,52.748901],[41.437089,52.74882],[41.437039,52.748749]]}},{"type":"Feature","properties":{"highway":"residential","length":25.142634860702337},"geometry":{"type":"LineString","coordinates":[[41.437039,52.748749],[41.4368,52.748576]]}},{"type":"Feature","properties":{"highway":"primary","length":128.00174617665976},"geometry":{"type":"LineString","coordinates":[[41.448021,52.742163],[41.449284,52.742847],[41.449439,52.742927]]}},{"type":"Feature","properties":{"highway":"residential","length":119.87215677438017},"geometry":{"type":"LineString","coordinates":[[41.443059,52.744681],[41.443149,52.744634],[41.444401,52.743975]]}},{"type":"Feature","properties":{"highway":"secondary","length":123.45240353546465},"geometry":{"type":"LineString","coordinates":[[41.443115,52.742966],[41.441827,52.743618],[41.441711,52.743677]]}},{"type":"Feature","properties":{"highway":"residential","length":135.69070656865574},"geometry":{"type":"LineString","coordinates":[[41.447083,52.744237],[41.446988,52.744164],[41.445868,52.743355],[41.445794,52.743301]]}},{"type":"Feature","properties":{"highway":"residential","length":143.3569737726699},"geometry":{"type":"LineString","coordinates":[[41.445794,52.743301],[41.445715,52.743239],[41.444593,52.74236],[41.444493,52.742283]]}},{"type":"Feature","properties":{"highway":"residential","length":120.32023894498744},"geometry":{"type":"LineString","coordinates":[[41.444401,52.743975],[41.445715,52.743339],[41.445794,52.743301]]}},{"type":"Feature","properties":{"highway":"residential","length":196.74994553788346},"geometry":{"type":"MultiLineString","coordinates":[[[41.445794,52.743301],[41.445932,52.743234],[41.445939,52.743231]],[[41.447849,52.74227],[41.448021,52.742163]]]}},{"type":"Feature","properties":{"highway":"residential","length":68.21149971757582},"geometry":{"type":"LineString","coordinates":[[41.421894,52.748949],[41.421936,52.748985],[41.422504,52.749438]]}},{"type":"Feature","properties":{"highway":"residential","length":153.57488553890772},"geometry":{"type":"MultiLineString","coordinates":[[[41.424271,52.748568],[41.424181,52.748612]],[[41.422618,52.749382],[41.422504,52.749438]]]}},{"type":"Feature","properties":{"highway":"residential","length":155.9777688394307},"geometry":{"type":"MultiLineString","coordinates":[[[41.421894,52.748949],[41.422011,52.748893]],[[41.423602,52.74814],[41.423717,52.748088]]]}},{"type":"Feature","properties":{"highway":"residential","length":65.22693277902026},"geometry":{"type":"LineString","coordinates":[[41.423717,52.748088],[41.424271,52.748568]]}},{"type":"Feature","properties":{"highway":"residential","length":125.82703809268318},"geometry":{"type":"LineString","coordinates":[[41.419998,52.747456],[41.420277,52.747673],[41.420364,52.747741],[41.421145,52.748347]]}},{"type":"Feature","properties":{"highway":"residential","length":83.96129146258893},"geometry":{"type":"LineString","coordinates":[[41.421145,52.748347],[41.421488,52.748614],[41.421894,52.748949]]}},{"type":"Feature","properties":{"highway":"residential","length":82.12359721326814},"geometry":{"type":"LineString","coordinates":[[41.434209,52.743326],[41.433641,52.742891],[41.433444,52.742753]]}},{"type":"Feature","properties":{"highway":"residential","length":206.4237945649048},"geometry":{"type":"LineString","coordinates":[[41.433444,52.742753],[41.433327,52.742665],[41.432987,52.74241],[41.432628,52.742141],[41.432592,52.742114],[41.431687,52.741386],[41.43156,52.741293]]}},{"type":"Feature","properties":{"highway":"residential","length":156.7824893892123},"geometry":{"type":"LineString","coordinates":[[41.423054,52.747545],[41.421145,52.748347]]}},{"type":"Feature","properties":{"highway":"residential","length":153.69677949040567},"geometry":{"type":"LineString","coordinates":[[41.421685,52.746445],[41.421809,52.746586],[41.422693,52.747263],[41.423054,52.747545]]}},{"type":"Feature","properties":{"highway":"residential","length":75.18227733040327},"geometry":{"type":"LineString","coordinates":[[41.423054,52.747545],[41.423113,52.747591],[41.423643,52.748026],[41.423717,52.748088]]}},{"type":"Feature","properties":{"highway":"residential","length":86.43417838852112},"geometry":{"type":"LineString","coordinates":[[41.425421,52.75191],[41.425499,52.751935],[41.425583,52.751972],[41.425644,52.752015],[41.425845,52.752187],[41.426092,52.752389],[41.426247,52.752494]]}},{"type":"Feature","properties":{"highway":"residential","length":8.289838531332222},"geometry":{"type":"LineString","coordinates":[[41.426247,52.752494],[41.426331,52.752549]]}},{"type":"Feature","properties":{"highway":"residential","length":222.25963701363875},"geometry":{"type":"MultiLineString","coordinates":[[[41.416282,52.74223],[41.416418,52.742264]],[[41.418246,52.743694],[41.418345,52.743768]]]}},{"type":"Feature","properties":{"highway":"residential","length":221.2517171906205},"geometry":{"type":"MultiLineString","coordinates":[[[41.418345,52.743768],[41.418429,52.743835]],[[41.420246,52.745258],[41.420249,52.74526],[41.420349,52.745341]]]}},{"type":"Feature","properties":{"highway":"residential","length":95.55150513894645},"geometry":{"type":"LineString","coordinates":[[41.425823,52.748681],[41.42594,52.74862],[41.426796,52.748185],[41.426911,52.748132]]}},{"type":"Feature","properties":{"highway":"secondary","length":91.87007960602585},"geometry":{"type":"LineString","coordinates":[[41.429134,52.74996],[41.428099,52.750495]]}},{"type":"Feature","properties":{"highway":"residential","length":74.6968953783385},"geometry":{"type":"LineString","coordinates":[[41.42123,52.751614],[41.421346,52.751523],[41.421904,52.751082]]}},{"type":"Feature","properties":{"highway":"residential","length":64.78965425316999},"geometry":{"type":"LineString","coordinates":[[41.421904,52.751082],[41.422329,52.750745],[41.422481,52.750616]]}},{"type":"Feature","properties":{"highway":"secondary","length":72.18212652484209},"geometry":{"type":"LineString","coordinates":[[41.425421,52.75191],[41.424751,52.752415]]}},{"type":"Feature","properties":{"highway":"secondary","length":73.19956514091209},"geometry":{"type":"LineString","coordinates":[[41.424751,52.752415],[41.424216,52.752852],[41.424104,52.752943]]}},{"type":"Feature","properties":{"highway":"residential","length":266.38073080044114},"geometry":{"type":"LineString","coordinates":[[41.425628,52.759702],[41.425476,52.759748],[41.424843,52.759886],[41.424551,52.759934],[41.424311,52.759965],[41.423859,52.760005],[41.423611,52.760018],[41.423224,52.76003],[41.422566,52.760011],[41.421762,52.760006]]}},{"type":"Feature","properties":{"highway":"residential","length":85.91641551526016},"geometry":{"type":"LineString","coordinates":[[41.421762,52.760006],[41.42095,52.759922],[41.420507,52.75988]]}},{"type":"Feature","properties":{"highway":"secondary","length":50.26274676037031},"geometry":{"type":"LineString","coordinates":[[41.40269,52.761319],[41.402411,52.761235],[41.402237,52.761205],[41.401987,52.761187]]}},{"type":"Feature","properties":{"highway":"secondary","length":124.18746109558788},"geometry":{"type":"LineString","coordinates":[[41.425236,52.715854],[41.425534,52.71517],[41.42559,52.715011],[41.425602,52.714892],[41.42557,52.714767]]}},{"type":"Feature","properties":{"highway":"residential","length":164.51005103084165},"geometry":{"type":"LineString","coordinates":[[41.415903,52.721394],[41.415943,52.721278],[41.416507,52.719962]]}},{"type":"Feature","properties":{"highway":"residential","length":281.2006715921625},"geometry":{"type":"MultiLineString","coordinates":[[[41.420624,52.72033],[41.420482,52.720318]],[[41.416652,52.719975],[41.416507,52.719962]]]}},{"type":"Feature","properties":{"highway":"residential","length":154.46500613232502},"geometry":{"type":"MultiLineString","coordinates":[[[41.416507,52.719962],[41.416427,52.719955]],[[41.414375,52.719776],[41.414243,52.719767]]]}},{"type":"Feature","properties":{"highway":"primary","length":37.54696822677201},"geometry":{"type":"LineString","coordinates":[[41.389066,52.721202],[41.389364,52.721173],[41.389614,52.721146]]}},{"type":"Feature","properties":{"highway":"tertiary","length":831.8743112586167},"geometry":{"type":"LineString","coordinates":[[41.388109,52.719567],[41.387942,52.719102],[41.387782,52.718671],[41.387539,52.718018],[41.38742,52.717695],[41.387324,52.717432],[41.387245,52.717218],[41.387166,52.717003],[41.387068,52.716739],[41.387054,52.716699],[41.386989,52.716509],[41.386922,52.71631],[41.386827,52.716026],[41.388083,52.715915],[41.389033,52.715835],[41.389919,52.715758],[41.39251,52.715516],[41.392709,52.715497],[41.392904,52.715504],[41.392992,52.715522],[41.39308,52.715557]]}},{"type":"Feature","properties":{"highway":"tertiary","length":27.739232946096923},"geometry":{"type":"LineString","coordinates":[[41.4291,52.718589],[41.429207,52.718647],[41.429256,52.718709],[41.429317,52.718795]]}},{"type":"Feature","properties":{"highway":"tertiary","length":19.718323486036258},"geometry":{"type":"LineString","coordinates":[[41.379791,52.777937],[41.380024,52.778044],[41.380132,52.778097]]}},{"type":"Feature","properties":{"highway":"secondary","length":10.503470164038811},"geometry":{"type":"LineString","coordinates":[[41.388309,52.771333],[41.388431,52.771391]]}},{"type":"Feature","properties":{"highway":"primary","length":291.4195069893881},"geometry":{"type":"LineString","coordinates":[[41.408496,52.71582],[41.40857,52.71574],[41.409033,52.715243],[41.410322,52.713933],[41.410528,52.713741],[41.410573,52.713697],[41.410699,52.71357]]}},{"type":"Feature","properties":{"highway":"primary","length":84.2727718736968},"geometry":{"type":"LineString","coordinates":[[41.410699,52.71357],[41.41077,52.713492],[41.410828,52.713409],[41.410967,52.713142],[41.41104,52.713053],[41.411082,52.713016],[41.411153,52.712982],[41.411219,52.712962],[41.411308,52.712955]]}},{"type":"Feature","properties":{"highway":"residential","length":248.27352854657406},"geometry":{"type":"LineString","coordinates":[[41.403916,52.711243],[41.403987,52.711257],[41.406133,52.711676],[41.407395,52.711959]]}},{"type":"Feature","properties":{"highway":"residential","length":50.534208939922735},"geometry":{"type":"LineString","coordinates":[[41.407395,52.711959],[41.408078,52.712144]]}},{"type":"Feature","properties":{"highway":"residential","length":156.8803295899991},"geometry":{"type":"LineString","coordinates":[[41.407747,52.704914],[41.407778,52.704849],[41.408012,52.704353],[41.408318,52.703761],[41.408357,52.703711],[41.408414,52.703658],[41.408511,52.703594]]}},{"type":"Feature","properties":{"highway":"tertiary","length":124.20376298505627},"geometry":{"type":"LineString","coordinates":[[41.405934,52.714716],[41.407187,52.715254],[41.407435,52.715361]]}},{"type":"Feature","properties":{"highway":"residential","length":588.1256554026804},"geometry":{"type":"LineString","coordinates":[[41.388109,52.719567],[41.392828,52.719067],[41.396609,52.718671],[41.396685,52.718666]]}},{"type":"Feature","properties":{"highway":"tertiary","length":5.476897696783314},"geometry":{"type":"LineString","coordinates":[[41.396692,52.718617],[41.396685,52.718666]]}},{"type":"Feature","properties":{"highway":"residential","length":280.136089590672},"geometry":{"type":"LineString","coordinates":[[41.404153,52.716578],[41.404106,52.716559]]}},{"type":"Feature","properties":{"highway":"residential","length":209.9002331602808},"geometry":{"type":"LineString","coordinates":[[41.397096,52.71661],[41.397039,52.716612],[41.396947,52.716613]]}},{"type":"Feature","properties":{"highway":"secondary","length":14.137901001267766},"geometry":{"type":"LineString","coordinates":[[41.452645,52.72107],[41.452724,52.721073],[41.452853,52.721081]]}},{"type":"Feature","properties":{"highway":"secondary","length":79.16918164655414},"geometry":{"type":"LineString","coordinates":[[41.452853,52.721081],[41.453482,52.721128],[41.454012,52.721183]]}},{"type":"Feature","properties":{"highway":"tertiary","length":25.549713331087588},"geometry":{"type":"LineString","coordinates":[[41.478743,52.679368],[41.478712,52.679357],[41.478426,52.679243]]}},{"type":"Feature","properties":{"highway":"tertiary","length":1173.8297413555797},"geometry":{"type":"LineString","coordinates":[[41.478426,52.679243],[41.478181,52.679155],[41.478082,52.679119],[41.477952,52.679019],[41.477888,52.678873],[41.477889,52.678716],[41.477955,52.678468],[41.478416,52.677521],[41.478932,52.676523],[41.478959,52.676451],[41.478964,52.676388],[41.478918,52.676321],[41.478775,52.676211],[41.47696,52.675808],[41.474767,52.675352],[41.467546,52.673812]]}},{"type":"Feature","properties":{"highway":"primary","length":37.89831970804139},"geometry":{"type":"LineString","coordinates":[[41.401886,52.7612],[41.401459,52.761421]]}},{"type":"Feature","properties":{"highway":"primary","length":17.525384869382776},"geometry":{"type":"LineString","coordinates":[[41.401459,52.761421],[41.401258,52.76152]]}},{"type":"Feature","properties":{"highway":"primary","length":205.4262279643129},"geometry":{"type":"LineString","coordinates":[[41.411638,52.753512],[41.410579,52.754267],[41.409665,52.754917]]}},{"type":"Feature","properties":{"highway":"primary","length":496.7278201951301},"geometry":{"type":"LineString","coordinates":[[41.409665,52.754917],[41.409119,52.755299],[41.408721,52.755602],[41.408561,52.755723],[41.408219,52.755989],[41.406719,52.757153],[41.406584,52.757258],[41.405329,52.758231],[41.405092,52.758413]]}},{"type":"Feature","properties":{"highway":"primary","length":96.2561067938241},"geometry":{"type":"LineString","coordinates":[[41.405092,52.758413],[41.404977,52.758505],[41.404656,52.758756],[41.404217,52.759097]]}},{"type":"Feature","properties":{"highway":"residential","length":367.4815267095559},"geometry":{"type":"LineString","coordinates":[[41.409461,52.755481],[41.409564,52.755534],[41.410089,52.755777],[41.411916,52.756601],[41.412396,52.756822],[41.412877,52.757038],[41.413061,52.757122],[41.413384,52.757274],[41.413797,52.757477]]}},{"type":"Feature","properties":{"highway":"residential","length":62.245434370742345},"geometry":{"type":"LineString","coordinates":[[41.413797,52.757477],[41.41387,52.757433],[41.413943,52.757376],[41.414367,52.757038]]}},{"type":"Feature","properties":{"highway":"tertiary","length":29.151262272732406},"geometry":{"type":"LineString","coordinates":[[41.405215,52.725867],[41.40517,52.726127]]}},{"type":"Feature","properties":{"highway":"tertiary","length":46.93075333438696},"geometry":{"type":"LineString","coordinates":[[41.40517,52.726127],[41.405102,52.726547]]}},{"type":"Feature","properties":{"highway":"residential","length":274.94070425572556},"geometry":{"type":"LineString","coordinates":[[41.40517,52.726127],[41.405312,52.726137],[41.405775,52.726168],[41.408935,52.726376],[41.409217,52.72638]]}},{"type":"Feature","properties":{"highway":"residential","length":136.24982386324774},"geometry":{"type":"LineString","coordinates":[[41.409217,52.72638],[41.409357,52.726399],[41.409549,52.726425],[41.411143,52.726519],[41.411217,52.726513]]}},{"type":"Feature","properties":{"highway":"residential","length":336.29443162883797},"geometry":{"type":"LineString","coordinates":[[41.42393,52.697434],[41.424065,52.697483],[41.424809,52.69778],[41.425075,52.697887],[41.426207,52.698303],[41.427057,52.698615]]}},{"type":"Feature","properties":{"highway":"residential","length":9.30942900950018},"geometry":{"type":"LineString","coordinates":[[41.427057,52.698615],[41.427173,52.69866]]}},{"type":"Feature","properties":{"highway":"residential","length":153.89375777127242},"geometry":{"type":"LineString","coordinates":[[41.443305,52.705514],[41.44419,52.705907],[41.445139,52.706332]]}},{"type":"Feature","properties":{"highway":"residential","length":64.49631120891452},"geometry":{"type":"LineString","coordinates":[[41.416203,52.715013],[41.416608,52.715144],[41.417045,52.715286]]}},{"type":"Feature","properties":{"highway":"residential","length":107.06352050124724},"geometry":{"type":"LineString","coordinates":[[41.413392,52.706815],[41.413611,52.706686],[41.414529,52.706145]]}},{"type":"Feature","properties":{"highway":"residential","length":129.22565270658265},"geometry":{"type":"LineString","coordinates":[[41.417955,52.703997],[41.41848,52.704311]]}},{"type":"Feature","properties":{"highway":"residential","length":165.48177629825594},"geometry":{"type":"LineString","coordinates":[[41.361412,52.764013],[41.361412,52.764012],[41.36141,52.763912]]}},{"type":"Feature","properties":{"highway":"residential","length":67.02437748181922},"geometry":{"type":"LineString","coordinates":[[41.360417,52.763909],[41.36141,52.763912]]}},{"type":"Feature","properties":{"highway":"residential","length":481.80199939597867},"geometry":{"type":"LineString","coordinates":[[41.411217,52.726513],[41.411253,52.726479],[41.411349,52.726272],[41.411941,52.724946]]}},{"type":"Feature","properties":{"highway":"residential","length":42.32462494641426},"geometry":{"type":"LineString","coordinates":[[41.410976,52.721627],[41.410946,52.721726],[41.410864,52.722001]]}},{"type":"Feature","properties":{"highway":"residential","length":190.2350688684563},"geometry":{"type":"LineString","coordinates":[[41.398682,52.73376],[41.398619,52.733603],[41.398554,52.733433],[41.398522,52.733284],[41.398451,52.732169],[41.398444,52.732062]]}},{"type":"Feature","properties":{"highway":"residential","length":125.03197911945048},"geometry":{"type":"LineString","coordinates":[[41.398444,52.732062],[41.398379,52.731844],[41.398271,52.731771],[41.398111,52.731756],[41.397263,52.731661],[41.397108,52.731637],[41.397036,52.731615],[41.396989,52.731593]]}},{"type":"Feature","properties":{"highway":"primary","length":60.49923679320753},"geometry":{"type":"LineString","coordinates":[[41.414816,52.717753],[41.414934,52.717775],[41.415672,52.717911]]}},{"type":"Feature","properties":{"highway":"residential","length":129.12813253999926},"geometry":{"type":"LineString","coordinates":[[41.414172,52.720128],[41.413918,52.721147],[41.413883,52.721275]]}},{"type":"Feature","properties":{"highway":"secondary","length":353.7197661057484},"geometry":{"type":"LineString","coordinates":[[41.414768,52.767011],[41.414023,52.766779],[41.413622,52.766651],[41.413328,52.766557],[41.412762,52.766308],[41.412427,52.76616],[41.412315,52.766111],[41.411923,52.765925],[41.411879,52.765904],[41.411198,52.765573],[41.410441,52.765235]]}},{"type":"Feature","properties":{"highway":"secondary","length":213.88206289143315},"geometry":{"type":"LineString","coordinates":[[41.410441,52.765235],[41.409735,52.764903],[41.408295,52.764206],[41.407957,52.764043]]}},{"type":"Feature","properties":{"highway":"residential","length":116.63139984952126},"geometry":{"type":"LineString","coordinates":[[41.430586,52.735575],[41.430494,52.735504]]}},{"type":"Feature","properties":{"highway":"primary","length":106.90866772682044},"geometry":{"type":"LineString","coordinates":[[41.436389,52.724295],[41.436097,52.725239]]}},{"type":"Feature","properties":{"highway":"secondary","length":161.39784400274192},"geometry":{"type":"LineString","coordinates":[[41.448187,52.752744],[41.44807,52.753306],[41.447979,52.753786],[41.447903,52.754184]]}},{"type":"Feature","properties":{"highway":"secondary","length":168.95755248975814},"geometry":{"type":"LineString","coordinates":[[41.447903,52.754184],[41.447882,52.754296],[41.447766,52.754958],[41.447623,52.755693]]}},{"type":"Feature","properties":{"highway":"primary","length":65.57976973719096},"geometry":{"type":"LineString","coordinates":[[41.433617,52.699924],[41.433689,52.699788],[41.43371,52.699658],[41.433674,52.699503],[41.433622,52.699347]]}},{"type":"Feature","properties":{"highway":"secondary","length":128.74245948666754},"geometry":{"type":"LineString","coordinates":[[41.447523,52.733324],[41.448864,52.732653],[41.448996,52.73259]]}},{"type":"Feature","properties":{"highway":"secondary","length":315.7509890737973},"geometry":{"type":"LineString","coordinates":[[41.430985,52.756101],[41.430631,52.755938],[41.430031,52.755664],[41.429182,52.755278],[41.427697,52.754602],[41.427448,52.754489],[41.427247,52.754396]]}},{"type":"Feature","properties":{"highway":"residential","length":24.621855025411868},"geometry":{"type":"LineString","coordinates":[[41.424721,52.756368],[41.424825,52.756286],[41.424866,52.756254],[41.424945,52.756193]]}},{"type":"Feature","properties":{"highway":"residential","length":253.34702700481122},"geometry":{"type":"LineString","coordinates":[[41.424945,52.756193],[41.425913,52.755443],[41.427024,52.754577],[41.427247,52.754396]]}},{"type":"Feature","properties":{"highway":"residential","length":82.5878890269577},"geometry":{"type":"LineString","coordinates":[[41.415712,52.755938],[41.41637,52.755416],[41.416457,52.75535]]}},{"type":"Feature","properties":{"highway":"residential","length":133.8699956539721},"geometry":{"type":"LineString","coordinates":[[41.416457,52.75535],[41.416545,52.755282],[41.416704,52.755149],[41.417664,52.754395]]}},{"type":"Feature","properties":{"highway":"residential","length":243.2645647122025},"geometry":{"type":"LineString","coordinates":[[41.420349,52.759878],[41.421634,52.758823],[41.421863,52.758637],[41.422498,52.758123]]}},{"type":"Feature","properties":{"highway":"residential","length":20.776816598480107},"geometry":{"type":"LineString","coordinates":[[41.422498,52.758123],[41.422684,52.757975]]}},{"type":"Feature","properties":{"highway":"residential","length":298.3089217027388},"geometry":{"type":"MultiLineString","coordinates":[[[41.417959,52.756042],[41.417907,52.756087]],[[41.415357,52.758093],[41.415319,52.758121],[41.415262,52.758165]]]}},{"type":"Feature","properties":{"highway":"residential","length":72.12470300859624},"geometry":{"type":"LineString","coordinates":[[41.410113,52.760306],[41.410208,52.760346],[41.410295,52.760386],[41.41092,52.760657],[41.410978,52.760686]]}},{"type":"Feature","properties":{"highway":"residential","length":269.52382810729523},"geometry":{"type":"LineString","coordinates":[[41.410878,52.760765],[41.410978,52.760686]]}},{"type":"Feature","properties":{"highway":"residential","length":264.50412034603403},"geometry":{"type":"MultiLineString","coordinates":[[[41.410978,52.760686],[41.41106,52.760623]],[[41.413292,52.75884],[41.41335,52.758795]]]}},{"type":"Feature","properties":{"highway":"tertiary","length":459.7263656079867},"geometry":{"type":"LineString","coordinates":[[41.437338,52.721552],[41.437061,52.721522],[41.436786,52.721491],[41.435735,52.72138],[41.435473,52.721352],[41.434168,52.721214],[41.433066,52.721097],[41.432987,52.721089],[41.432318,52.721013],[41.431579,52.72093],[41.430641,52.720824]]}},{"type":"Feature","properties":{"highway":"tertiary","length":135.10642587891624},"geometry":{"type":"LineString","coordinates":[[41.430641,52.720824],[41.428989,52.720637],[41.428677,52.720597]]}},{"type":"Feature","properties":{"highway":"residential","length":102.02321388178369},"geometry":{"type":"LineString","coordinates":[[41.375441,52.767563],[41.375589,52.767583]]}},{"type":"Feature","properties":{"highway":"residential","length":352.22170140320816},"geometry":{"type":"MultiLineString","coordinates":[[[41.375589,52.767583],[41.375716,52.76764]],[[41.379601,52.769461],[41.37972,52.769517]]]}},{"type":"Feature","properties":{"highway":"residential","length":389.1125284632946},"geometry":{"type":"MultiLineString","coordinates":[[[41.379745,52.762834],[41.379666,52.762902]],[[41.376318,52.765556],[41.376249,52.765614]]]}},{"type":"Feature","properties":{"highway":"residential","length":198.98711616807208},"geometry":{"type":"LineString","coordinates":[[41.376249,52.765614],[41.376113,52.765694]]}},{"type":"Feature","properties":{"highway":"residential","length":101.03350440594993},"geometry":{"type":"LineString","coordinates":[[41.376249,52.765614],[41.37644,52.765694],[41.376998,52.765945],[41.377158,52.766039],[41.377361,52.76621]]}},{"type":"Feature","properties":{"highway":"residential","length":124.13499365283022},"geometry":{"type":"LineString","coordinates":[[41.385311,52.759824],[41.386657,52.760456],[41.386764,52.760508]]}},{"type":"Feature","properties":{"highway":"residential","length":242.2763095449591},"geometry":{"type":"LineString","coordinates":[[41.383159,52.774517],[41.383334,52.774375],[41.383851,52.773956],[41.384577,52.773377],[41.385226,52.77286],[41.385327,52.772782]]}},{"type":"Feature","properties":{"highway":"residential","length":59.90408148125674},"geometry":{"type":"LineString","coordinates":[[41.385327,52.772782],[41.385471,52.772667],[41.385725,52.772462],[41.38586,52.772352]]}},{"type":"Feature","properties":{"highway":"residential","length":57.531737197037025},"geometry":{"type":"LineString","coordinates":[[41.386175,52.770338],[41.386257,52.770265],[41.386264,52.77026]]}},{"type":"Feature","properties":{"highway":"residential","length":338.9127326677974},"geometry":{"type":"LineString","coordinates":[[41.389618,52.767577],[41.38972,52.767497]]}},{"type":"Feature","properties":{"highway":"residential","length":120.05372882251764},"geometry":{"type":"LineString","coordinates":[[41.387995,52.770499],[41.388124,52.770556]]}},{"type":"Feature","properties":{"highway":"residential","length":60.17231167942002},"geometry":{"type":"LineString","coordinates":[[41.387573,52.770981],[41.387743,52.770853],[41.387901,52.770734],[41.388124,52.770556]]}},{"type":"Feature","properties":{"highway":"residential","length":333.98855804824655},"geometry":{"type":"LineString","coordinates":[[41.388124,52.770556],[41.390018,52.769037],[41.390946,52.768286],[41.391103,52.768159]]}},{"type":"Feature","properties":{"highway":"residential","length":100.80996398762989},"geometry":{"type":"LineString","coordinates":[[41.472656,52.758024],[41.472657,52.758107],[41.472659,52.758153],[41.472716,52.758261],[41.472971,52.758536],[41.473005,52.758573],[41.473249,52.75884]]}},{"type":"Feature","properties":{"highway":"secondary","length":100.76280644710376},"geometry":{"type":"LineString","coordinates":[[41.447415,52.738251],[41.447182,52.739061],[41.447164,52.739144]]}},{"type":"Feature","properties":{"highway":"secondary","length":134.31688115594687},"geometry":{"type":"LineString","coordinates":[[41.447164,52.739144],[41.446954,52.739789],[41.446778,52.740328]]}},{"type":"Feature","properties":{"highway":"residential","length":109.61234107663742},"geometry":{"type":"LineString","coordinates":[[41.442126,52.738827],[41.442233,52.738764],[41.442304,52.738725],[41.442539,52.738625],[41.442865,52.738642],[41.443087,52.738668],[41.443396,52.738703],[41.443616,52.738726]]}},{"type":"Feature","properties":{"highway":"residential","length":244.15225529430174},"geometry":{"type":"LineString","coordinates":[[41.443616,52.738726],[41.444565,52.738834],[41.4459,52.738989],[41.446959,52.739111],[41.447164,52.739144]]}},{"type":"Feature","properties":{"highway":"residential","length":15.213784736179381},"geometry":{"type":"LineString","coordinates":[[41.508338,52.712975],[41.508349,52.712951],[41.508404,52.712844]]}},{"type":"Feature","properties":{"highway":"primary","length":89.70199194809679},"geometry":{"type":"LineString","coordinates":[[41.437821,52.735741],[41.438668,52.736361]]}},{"type":"Feature","properties":{"highway":"primary","length":6.6867092931897005},"geometry":{"type":"LineString","coordinates":[[41.438668,52.736361],[41.438732,52.736408]]}},{"type":"Feature","properties":{"highway":"tertiary","length":230.35904874877875},"geometry":{"type":"LineString","coordinates":[[41.461966,52.734988],[41.461527,52.735441],[41.461136,52.73584],[41.461052,52.735921],[41.460202,52.736759]]}},{"type":"Feature","properties":{"highway":"tertiary","length":156.25618964862474},"geometry":{"type":"LineString","coordinates":[[41.460202,52.736759],[41.459777,52.737173],[41.459479,52.737462],[41.458977,52.73795]]}},{"type":"Feature","properties":{"highway":"tertiary","length":70.54543075741697},"geometry":{"type":"LineString","coordinates":[[41.474428,52.758009],[41.473856,52.758013],[41.473383,52.758014]]}},{"type":"Feature","properties":{"highway":"primary","length":49.888577483021976},"geometry":{"type":"LineString","coordinates":[[41.474172,52.75785],[41.473672,52.75752]]}},{"type":"Feature","properties":{"highway":"primary","length":40.92793657685779},"geometry":{"type":"LineString","coordinates":[[41.473672,52.75752],[41.473265,52.757247]]}},{"type":"Feature","properties":{"highway":"residential","length":111.74147009636151},"geometry":{"type":"LineString","coordinates":[[41.42861,52.738978],[41.428746,52.73908]]}},{"type":"Feature","properties":{"highway":"residential","length":106.80930455550185},"geometry":{"type":"LineString","coordinates":[[41.430499,52.740462],[41.430587,52.740533]]}},{"type":"Feature","properties":{"highway":"primary","length":66.31071087866532},"geometry":{"type":"LineString","coordinates":[[41.433256,52.740394],[41.43399,52.739998]]}},{"type":"Feature","properties":{"highway":"secondary","length":230.47651116347947},"geometry":{"type":"LineString","coordinates":[[41.453286,52.737833],[41.453771,52.737886],[41.454041,52.737916],[41.454778,52.738],[41.454991,52.738023],[41.456641,52.73821]]}},{"type":"Feature","properties":{"highway":"secondary","length":9.776872421357908},"geometry":{"type":"LineString","coordinates":[[41.456641,52.73821],[41.456784,52.738226]]}},{"type":"Feature","properties":{"highway":"residential","length":29.826949147409827},"geometry":{"type":"LineString","coordinates":[[41.435428,52.739229],[41.435528,52.739301],[41.435715,52.739432]]}},{"type":"Feature","properties":{"highway":"residential","length":206.3564242863469},"geometry":{"type":"LineString","coordinates":[[41.435715,52.739432],[41.435811,52.739601],[41.437654,52.740849]]}},{"type":"Feature","properties":{"highway":"residential","length":76.14789018953596},"geometry":{"type":"LineString","coordinates":[[41.437654,52.740849],[41.438393,52.741366]]}},{"type":"Feature","properties":{"highway":"residential","length":216.8364896972017},"geometry":{"type":"MultiLineString","coordinates":[[[41.422231,52.744447],[41.42217,52.7444],[41.42214,52.744377]],[[41.420342,52.742982],[41.420251,52.742914]]]}},{"type":"Feature","properties":{"highway":"residential","length":225.09747373007409},"geometry":{"type":"MultiLineString","coordinates":[[[41.420251,52.742914],[41.420153,52.742828]],[[41.418293,52.741391],[41.418199,52.74132]]]}},{"type":"Feature","properties":{"highway":"residential","length":69.66348104712739},"geometry":{"type":"LineString","coordinates":[[41.42001,52.740539],[41.419927,52.740549],[41.419848,52.740577],[41.419573,52.740697],[41.419263,52.740838],[41.419162,52.740887]]}},{"type":"Feature","properties":{"highway":"residential","length":80.92567253766627},"geometry":{"type":"LineString","coordinates":[[41.419162,52.740887],[41.419052,52.740935],[41.418962,52.740977],[41.418752,52.741067],[41.418682,52.741097],[41.418296,52.741277],[41.418199,52.74132]]}},{"type":"Feature","properties":{"highway":"residential","length":75.89819085710957},"geometry":{"type":"LineString","coordinates":[[41.422231,52.744447],[41.422859,52.744161],[41.423116,52.744028]]}},{"type":"Feature","properties":{"highway":"residential","length":217.97920567083855},"geometry":{"type":"MultiLineString","coordinates":[[[41.423116,52.744028],[41.423061,52.743979],[41.42304,52.743963]],[[41.421258,52.742549],[41.421162,52.742469]]]}},{"type":"Feature","properties":{"highway":"residential","length":221.9150760628607},"geometry":{"type":"MultiLineString","coordinates":[[[41.421162,52.742469],[41.421074,52.742401]],[[41.419266,52.740964],[41.419162,52.740887]]]}},{"type":"Feature","properties":{"highway":"residential","length":78.96794430641496},"geometry":{"type":"LineString","coordinates":[[41.421162,52.742469],[41.420251,52.742914]]}},{"type":"Feature","properties":{"highway":"residential","length":92.07892239219498},"geometry":{"type":"LineString","coordinates":[[41.429363,52.73483],[41.428461,52.735288]]}},{"type":"Feature","properties":{"highway":"residential","length":239.43392602023744},"geometry":{"type":"LineString","coordinates":[[41.428461,52.735288],[41.428387,52.735323]]}},{"type":"Feature","properties":{"highway":"residential","length":113.37392284164197},"geometry":{"type":"LineString","coordinates":[[41.428461,52.735288],[41.42954,52.736069]]}},{"type":"Feature","properties":{"highway":"residential","length":89.57989250760536},"geometry":{"type":"LineString","coordinates":[[41.430586,52.735575],[41.42954,52.736069]]}},{"type":"Feature","properties":{"highway":"residential","length":196.25106013047056},"geometry":{"type":"LineString","coordinates":[[41.42954,52.736069],[41.427273,52.737172]]}},{"type":"Feature","properties":{"highway":"residential","length":104.01915822942183},"geometry":{"type":"LineString","coordinates":[[41.42001,52.740539],[41.420058,52.740537],[41.420105,52.740539],[41.420145,52.740545],[41.420193,52.740554],[41.420292,52.740588],[41.420366,52.740628],[41.420435,52.740681],[41.421085,52.741165]]}},{"type":"Feature","properties":{"highway":"residential","length":225.66041831562805},"geometry":{"type":"LineString","coordinates":[[41.425048,52.73933],[41.425043,52.739332],[41.424936,52.739391]]}},{"type":"Feature","properties":{"highway":"residential","length":326.53007184627944},"geometry":{"type":"MultiLineString","coordinates":[[[41.424936,52.739391],[41.42482,52.739447]],[[41.421198,52.741113],[41.421085,52.741165]]]}},{"type":"Feature","properties":{"highway":"residential","length":57.65231449823006},"geometry":{"type":"LineString","coordinates":[[41.424936,52.739391],[41.424837,52.739311],[41.424625,52.739153],[41.424534,52.73909],[41.424469,52.739049],[41.424418,52.739024],[41.424369,52.739008]]}},{"type":"Feature","properties":{"highway":"residential","length":75.45657186412151},"geometry":{"type":"LineString","coordinates":[[41.418199,52.74132],[41.418116,52.741357],[41.417994,52.741413],[41.417921,52.741444],[41.417772,52.741512],[41.417603,52.741591],[41.4174,52.741687],[41.417323,52.741738]]}},{"type":"Feature","properties":{"highway":"residential","length":89.04956222132724},"geometry":{"type":"LineString","coordinates":[[41.417323,52.741738],[41.416282,52.74223]]}},{"type":"Feature","properties":{"highway":"residential","length":218.4345811486868},"geometry":{"type":"LineString","coordinates":[[41.421319,52.744869],[41.421254,52.74482],[41.420147,52.743969],[41.419477,52.74342],[41.419345,52.743314]]}},{"type":"Feature","properties":{"highway":"residential","length":222.2812608335554},"geometry":{"type":"LineString","coordinates":[[41.419345,52.743314],[41.419227,52.74322],[41.417426,52.741814],[41.417323,52.741738]]}},{"type":"Feature","properties":{"highway":"residential","length":75.71626330154118},"geometry":{"type":"LineString","coordinates":[[41.420251,52.742914],[41.419345,52.743314]]}},{"type":"Feature","properties":{"highway":"residential","length":84.31647057489356},"geometry":{"type":"LineString","coordinates":[[41.419345,52.743314],[41.418345,52.743768]]}},{"type":"Feature","properties":{"highway":"residential","length":263.61651505871623},"geometry":{"type":"MultiLineString","coordinates":[[[41.433872,52.732748],[41.433647,52.732776]],[[41.430785,52.734134],[41.430756,52.734149]]]}},{"type":"Feature","properties":{"highway":"residential","length":118.02639020067124},"geometry":{"type":"LineString","coordinates":[[41.430756,52.734149],[41.431869,52.734966]]}},{"type":"Feature","properties":{"highway":"residential","length":221.76116040972957},"geometry":{"type":"LineString","coordinates":[[41.431869,52.734966],[41.433823,52.7364],[41.433928,52.736516]]}},{"type":"Feature","properties":{"highway":"residential","length":109.9700317694555},"geometry":{"type":"LineString","coordinates":[[41.431869,52.734966],[41.430586,52.735575]]}},{"type":"Feature","properties":{"highway":"residential","length":137.697384761153},"geometry":{"type":"LineString","coordinates":[[41.407486,52.720864],[41.40755,52.720748],[41.407799,52.720452],[41.407867,52.720372],[41.407891,52.720345],[41.408424,52.719767]]}},{"type":"Feature","properties":{"highway":"residential","length":205.89292173435535},"geometry":{"type":"LineString","coordinates":[[41.408424,52.719767],[41.408577,52.719777]]}},{"type":"Feature","properties":{"highway":"residential","length":184.5600397216795},"geometry":{"type":"LineString","coordinates":[[41.414028,52.720121],[41.414172,52.720128]]}},{"type":"Feature","properties":{"highway":"tertiary","length":128.3709864684549},"geometry":{"type":"LineString","coordinates":[[41.411188,52.7211],[41.411214,52.721005]]}},{"type":"Feature","properties":{"highway":"residential","length":67.56718288263517},"geometry":{"type":"LineString","coordinates":[[41.432436,52.712125],[41.432848,52.712188],[41.433402,52.712283]]}},{"type":"Feature","properties":{"highway":"residential","length":139.2816985318501},"geometry":{"type":"LineString","coordinates":[[41.433402,52.712283],[41.435368,52.712658]]}},{"type":"Feature","properties":{"highway":"residential","length":134.86712848112353},"geometry":{"type":"LineString","coordinates":[[41.434676,52.715094],[41.434696,52.71472],[41.434731,52.714542],[41.434784,52.714353],[41.434885,52.713979],[41.434914,52.713893]]}},{"type":"Feature","properties":{"highway":"residential","length":140.57170427945184},"geometry":{"type":"LineString","coordinates":[[41.434914,52.713893],[41.435152,52.713276],[41.435403,52.712775],[41.435454,52.712674]]}},{"type":"Feature","properties":{"highway":"residential","length":2.9164192606572326},"geometry":{"type":"LineString","coordinates":[[41.398329,52.724163],[41.398286,52.72416]]}},{"type":"Feature","properties":{"highway":"residential","length":180.56328316933048},"geometry":{"type":"LineString","coordinates":[[41.398286,52.72416],[41.397338,52.724097],[41.396392,52.724034],[41.39613,52.724018],[41.395629,52.723987]]}},{"type":"Feature","properties":{"highway":"residential","length":335.95401556949713},"geometry":{"type":"MultiLineString","coordinates":[[[41.400364,52.727351],[41.400375,52.727285]],[[41.400876,52.72444],[41.400892,52.724349]]]}},{"type":"Feature","properties":{"highway":"residential","length":88.25699513854988},"geometry":{"type":"LineString","coordinates":[[41.420332,52.721103],[41.420624,52.72033]]}},{"type":"Feature","properties":{"highway":"residential","length":84.95765279568971},"geometry":{"type":"LineString","coordinates":[[41.409717,52.718392],[41.409865,52.718428],[41.410005,52.718462],[41.410464,52.718514],[41.410936,52.718567]]}},{"type":"Feature","properties":{"highway":"residential","length":54.26135050278446},"geometry":{"type":"LineString","coordinates":[[41.410936,52.718567],[41.411528,52.718633],[41.411727,52.71865]]}},{"type":"Feature","properties":{"highway":"tertiary","length":253.7388893466333},"geometry":{"type":"LineString","coordinates":[[41.438483,52.711242],[41.439782,52.711643],[41.439916,52.711686],[41.440587,52.7119],[41.441582,52.712253],[41.441754,52.712351]]}},{"type":"Feature","properties":{"highway":"residential","length":167.05506988337197},"geometry":{"type":"LineString","coordinates":[[41.437712,52.713105],[41.439205,52.713369],[41.439815,52.713477],[41.440076,52.71354]]}},{"type":"Feature","properties":{"highway":"residential","length":81.10817650444993},"geometry":{"type":"LineString","coordinates":[[41.436565,52.71289],[41.437712,52.713105]]}},{"type":"Feature","properties":{"highway":"tertiary","length":86.50351616780524},"geometry":{"type":"LineString","coordinates":[[41.436348,52.710513],[41.437454,52.710903]]}},{"type":"Feature","properties":{"highway":"tertiary","length":79.09951104230818},"geometry":{"type":"LineString","coordinates":[[41.437454,52.710903],[41.438483,52.711242]]}},{"type":"Feature","properties":{"highway":"residential","length":71.78881410239484},"geometry":{"type":"LineString","coordinates":[[41.409609,52.698809],[41.409576,52.698876],[41.409592,52.699087],[41.409636,52.69945]]}},{"type":"Feature","properties":{"highway":"residential","length":108.77889910678797},"geometry":{"type":"LineString","coordinates":[[41.409636,52.69945],[41.409734,52.699464],[41.410007,52.699484],[41.410151,52.699502],[41.4103,52.699553],[41.410401,52.69963],[41.410496,52.699742],[41.410672,52.700056]]}},{"type":"Feature","properties":{"highway":"residential","length":74.23853683468907},"geometry":{"type":"LineString","coordinates":[[41.405722,52.701718],[41.405841,52.701654],[41.406542,52.701275]]}},{"type":"Feature","properties":{"highway":"residential","length":167.34942613838427},"geometry":{"type":"LineString","coordinates":[[41.406542,52.701275],[41.406607,52.701318]]}},{"type":"Feature","properties":{"highway":"residential","length":79.15043944442309},"geometry":{"type":"LineString","coordinates":[[41.407747,52.704914],[41.407452,52.704852],[41.406621,52.704721]]}},{"type":"Feature","properties":{"highway":"residential","length":143.55269995838205},"geometry":{"type":"LineString","coordinates":[[41.423489,52.714218],[41.423376,52.714472],[41.423369,52.714486]]}},{"type":"Feature","properties":{"highway":"residential","length":161.6738881497905},"geometry":{"type":"LineString","coordinates":[[41.425236,52.715854],[41.424858,52.71579]]}},{"type":"Feature","properties":{"highway":"residential","length":91.19427794396752},"geometry":{"type":"LineString","coordinates":[[41.428235,52.703182],[41.428389,52.703274],[41.429174,52.703771]]}},{"type":"Feature","properties":{"highway":"residential","length":77.4518148148592},"geometry":{"type":"LineString","coordinates":[[41.429174,52.703771],[41.429778,52.704143],[41.430012,52.704242]]}},{"type":"Feature","properties":{"highway":"residential","length":124.96050779782419},"geometry":{"type":"LineString","coordinates":[[41.420386,52.716197],[41.42043,52.716106]]}},{"type":"Feature","properties":{"highway":"residential","length":144.57793699980476},"geometry":{"type":"LineString","coordinates":[[41.421369,52.714128],[41.421372,52.714123],[41.42149,52.713869]]}},{"type":"Feature","properties":{"highway":"residential","length":208.12910997597234},"geometry":{"type":"LineString","coordinates":[[41.411057,52.705304],[41.41097,52.705379]]}},{"type":"Feature","properties":{"highway":"residential","length":72.43936324032086},"geometry":{"type":"LineString","coordinates":[[41.409076,52.707448],[41.409031,52.707501]]}},{"type":"Feature","properties":{"highway":"residential","length":204.11833078870742},"geometry":{"type":"LineString","coordinates":[[41.411351,52.708083],[41.411467,52.708112],[41.411489,52.708117]]}},{"type":"Feature","properties":{"highway":"residential","length":99.8348019219959},"geometry":{"type":"LineString","coordinates":[[41.410704,52.708889],[41.411351,52.708083]]}},{"type":"Feature","properties":{"highway":"residential","length":79.07329643477813},"geometry":{"type":"LineString","coordinates":[[41.407235,52.707844],[41.407472,52.707486],[41.407518,52.707364],[41.407498,52.707165]]}},{"type":"Feature","properties":{"highway":"residential","length":261.81070702060447},"geometry":{"type":"MultiLineString","coordinates":[[[41.407235,52.707844],[41.407318,52.707872]],[[41.410617,52.708861],[41.410704,52.708889]]]}},{"type":"Feature","properties":{"highway":"residential","length":73.07167753800482},"geometry":{"type":"LineString","coordinates":[[41.407533,52.702765],[41.407429,52.702823]]}},{"type":"Feature","properties":{"highway":"residential","length":98.81653609288199},"geometry":{"type":"LineString","coordinates":[[41.408078,52.712144],[41.408124,52.712075],[41.408428,52.711619],[41.408664,52.711331]]}},{"type":"Feature","properties":{"highway":"tertiary","length":228.85830586317633},"geometry":{"type":"LineString","coordinates":[[41.397489,52.702259],[41.397471,52.702179],[41.397487,52.702117],[41.397516,52.702068],[41.397597,52.701928],[41.397976,52.701273],[41.39818,52.700952],[41.39858,52.700323]]}},{"type":"Feature","properties":{"highway":"tertiary","length":42.37708898885866},"geometry":{"type":"LineString","coordinates":[[41.39858,52.700323],[41.398645,52.70024],[41.398848,52.699978]]}},{"type":"Feature","properties":{"highway":"residential","length":255.28794761728736},"geometry":{"type":"LineString","coordinates":[[41.427754,52.703036],[41.427839,52.702966]]}},{"type":"Feature","properties":{"highway":"residential","length":209.55808747415261},"geometry":{"type":"LineString","coordinates":[[41.410011,52.709726],[41.410098,52.709753],[41.412769,52.710586]]}},{"type":"Feature","properties":{"highway":"residential","length":235.88967892908767},"geometry":{"type":"LineString","coordinates":[[41.412769,52.710586],[41.413441,52.710792],[41.413539,52.710823],[41.413759,52.71089],[41.414013,52.710965],[41.4146,52.71114],[41.414777,52.711193],[41.415679,52.711479],[41.415885,52.711541]]}},{"type":"Feature","properties":{"highway":"residential","length":100.21398358021987},"geometry":{"type":"LineString","coordinates":[[41.418492,52.715619],[41.418893,52.714752]]}},{"type":"Feature","properties":{"highway":"residential","length":118.2209450847428},"geometry":{"type":"LineString","coordinates":[[41.418893,52.714752],[41.419146,52.714176],[41.419299,52.713775],[41.419319,52.713722]]}},{"type":"Feature","properties":{"highway":"residential","length":142.81166760880942},"geometry":{"type":"LineString","coordinates":[[41.418975,52.714792],[41.418944,52.714782],[41.418893,52.714752]]}},{"type":"Feature","properties":{"highway":"residential","length":169.29022683670627},"geometry":{"type":"LineString","coordinates":[[41.465894,52.759532],[41.465868,52.759186],[41.465838,52.758565],[41.465802,52.758463],[41.465772,52.758378],[41.465653,52.758146],[41.465595,52.758032]]}},{"type":"Feature","properties":{"highway":"residential","length":102.18773000654565},"geometry":{"type":"LineString","coordinates":[[41.457609,52.75889],[41.457723,52.759192],[41.457743,52.7598]]}},{"type":"Feature","properties":{"highway":"primary","length":77.22699636209698},"geometry":{"type":"LineString","coordinates":[[41.434968,52.70019],[41.435781,52.700678]]}},{"type":"Feature","properties":{"highway":"residential","length":13.665136149049664},"geometry":{"type":"LineString","coordinates":[[41.474569,52.716408],[41.474577,52.716285]]}},{"type":"Feature","properties":{"highway":"residential","length":221.31657978214616},"geometry":{"type":"LineString","coordinates":[[41.473727,52.71831],[41.473883,52.718123],[41.474034,52.717955],[41.474137,52.717816],[41.474215,52.717704],[41.47426,52.717578],[41.474413,52.717003],[41.474569,52.716408]]}},{"type":"Feature","properties":{"highway":"residential","length":140.97703711489788},"geometry":{"type":"LineString","coordinates":[[41.473399,52.720387],[41.473394,52.720298],[41.473422,52.720209],[41.473523,52.72004],[41.473556,52.719934],[41.47355,52.71983],[41.473537,52.719726],[41.473521,52.719588],[41.473529,52.719135]]}},{"type":"Feature","properties":{"highway":"residential","length":94.7429721304481},"geometry":{"type":"LineString","coordinates":[[41.473529,52.719135],[41.473492,52.718878],[41.47349,52.718831],[41.473488,52.718753],[41.473526,52.718635],[41.473617,52.718457],[41.473727,52.71831]]}},{"type":"Feature","properties":{"highway":"primary","length":11.287627507471928},"geometry":{"type":"LineString","coordinates":[[41.417197,52.749777],[41.417138,52.749813],[41.417066,52.749838]]}},{"type":"Feature","properties":{"highway":"primary","length":22.36824799421563},"geometry":{"type":"LineString","coordinates":[[41.417066,52.749838],[41.416986,52.74985],[41.416903,52.749848],[41.416824,52.749833],[41.416756,52.749804]]}},{"type":"Feature","properties":{"highway":"residential","length":222.55888384695743},"geometry":{"type":"MultiLineString","coordinates":[[[41.419401,52.74578],[41.419311,52.745701],[41.419306,52.745697]],[[41.417479,52.744259],[41.417394,52.744194]]]}},{"type":"Feature","properties":{"highway":"residential","length":221.55801379406358},"geometry":{"type":"MultiLineString","coordinates":[[[41.417394,52.744194],[41.417298,52.744117]],[[41.415485,52.742688],[41.41539,52.742618]]]}},{"type":"Feature","properties":{"highway":"residential","length":79.7707227522912},"geometry":{"type":"LineString","coordinates":[[41.418345,52.743768],[41.417394,52.744194]]}},{"type":"Feature","properties":{"highway":"residential","length":79.15006470297557},"geometry":{"type":"LineString","coordinates":[[41.417394,52.744194],[41.416443,52.744609]]}},{"type":"Feature","properties":{"highway":"tertiary","length":79.6269637396492},"geometry":{"type":"LineString","coordinates":[[41.440221,52.751997],[41.44036,52.751287]]}},{"type":"Feature","properties":{"highway":"residential","length":61.36954144808407},"geometry":{"type":"LineString","coordinates":[[41.415924,52.758475],[41.416537,52.758754],[41.416648,52.758809]]}},{"type":"Feature","properties":{"highway":"residential","length":298.8058222264704},"geometry":{"type":"MultiLineString","coordinates":[[[41.418609,52.75634],[41.418553,52.756385]],[[41.416022,52.758402],[41.415924,52.758475]]]}},{"type":"Feature","properties":{"highway":"residential","length":55.033260339435294},"geometry":{"type":"LineString","coordinates":[[41.418609,52.75634],[41.418521,52.756297],[41.418076,52.756091],[41.417959,52.756042]]}},{"type":"Feature","properties":{"highway":"residential","length":315.85854175603373},"geometry":{"type":"MultiLineString","coordinates":[[[41.418067,52.75965],[41.418186,52.759553]],[[41.420842,52.757436],[41.420899,52.75739]]]}},{"type":"Feature","properties":{"highway":"residential","length":254.14261332477656},"geometry":{"type":"MultiLineString","coordinates":[[[41.422671,52.752287],[41.422529,52.752407]],[[41.420471,52.754068],[41.420413,52.754114]]]}},{"type":"Feature","properties":{"highway":"residential","length":271.1858208724831},"geometry":{"type":"MultiLineString","coordinates":[[[41.420413,52.754114],[41.420348,52.754164]],[[41.418014,52.75599],[41.417959,52.756042]]]}},{"type":"Feature","properties":{"highway":"residential","length":64.44358443024717},"geometry":{"type":"LineString","coordinates":[[41.413797,52.757477],[41.413914,52.757531],[41.413976,52.75756],[41.414209,52.757673],[41.414453,52.75779],[41.414548,52.757835]]}},{"type":"Feature","properties":{"highway":"residential","length":298.4712693546197},"geometry":{"type":"MultiLineString","coordinates":[[[41.41724,52.755708],[41.417184,52.755755]],[[41.414642,52.757761],[41.414548,52.757835]]]}},{"type":"Feature","properties":{"highway":"residential","length":61.19820514645754},"geometry":{"type":"LineString","coordinates":[[41.417959,52.756042],[41.417816,52.755975],[41.417324,52.755754],[41.41724,52.755708]]}},{"type":"Feature","properties":{"highway":"residential","length":66.23433381604612},"geometry":{"type":"LineString","coordinates":[[41.41724,52.755708],[41.41717,52.755671],[41.416665,52.755443],[41.41657,52.755403],[41.416457,52.75535]]}},{"type":"Feature","properties":{"highway":"residential","length":294.9993333603212},"geometry":{"type":"MultiLineString","coordinates":[[[41.419041,52.759859],[41.419146,52.759757]],[[41.421638,52.757802],[41.421697,52.757756]]]}},{"type":"Feature","properties":{"highway":"residential","length":67.75796099635569},"geometry":{"type":"LineString","coordinates":[[41.422498,52.758123],[41.422398,52.758079],[41.421697,52.757756]]}},{"type":"Feature","properties":{"highway":"residential","length":67.52343605009452},"geometry":{"type":"LineString","coordinates":[[41.421697,52.757756],[41.420899,52.75739]]}},{"type":"Feature","properties":{"highway":"residential","length":333.38138600384883},"geometry":{"type":"MultiLineString","coordinates":[[[41.417226,52.759461],[41.417306,52.75938],[41.417319,52.759368]],[[41.42011,52.757099],[41.420164,52.757054]]]}},{"type":"Feature","properties":{"highway":"residential","length":62.13826276801065},"geometry":{"type":"LineString","coordinates":[[41.420899,52.75739],[41.420773,52.757332],[41.420284,52.75711],[41.420164,52.757054]]}},{"type":"Feature","properties":{"highway":"residential","length":179.49213502837364},"geometry":{"type":"LineString","coordinates":[[41.405509,52.710021],[41.405624,52.710044]]}},{"type":"Feature","properties":{"highway":"residential","length":81.39029078148026},"geometry":{"type":"LineString","coordinates":[[41.409019,52.710847],[41.40908,52.710862]]}},{"type":"Feature","properties":{"highway":"residential","length":177.83450743651719},"geometry":{"type":"LineString","coordinates":[[41.406584,52.708724],[41.406668,52.708749]]}},{"type":"Feature","properties":{"highway":"residential","length":79.2401400703051},"geometry":{"type":"LineString","coordinates":[[41.40999,52.70972],[41.410011,52.709726]]}},{"type":"Feature","properties":{"highway":"tertiary","length":61.4238527595814},"geometry":{"type":"LineString","coordinates":[[41.399852,52.703129],[41.399802,52.703112],[41.399065,52.702853]]}},{"type":"Feature","properties":{"highway":"tertiary","length":36.46023806441821},"geometry":{"type":"LineString","coordinates":[[41.399065,52.702853],[41.398588,52.702701]]}},{"type":"Feature","properties":{"highway":"residential","length":83.96199803074154},"geometry":{"type":"LineString","coordinates":[[41.399065,52.702853],[41.399074,52.702808],[41.39908,52.702797]]}},{"type":"Feature","properties":{"highway":"residential","length":120.90886981981888},"geometry":{"type":"LineString","coordinates":[[41.403916,52.711243],[41.40397,52.711175],[41.404083,52.711031],[41.404269,52.710847],[41.404548,52.710634],[41.404971,52.710377]]}},{"type":"Feature","properties":{"highway":"residential","length":172.2618320365345},"geometry":{"type":"LineString","coordinates":[[41.402576,52.708299],[41.402778,52.70776],[41.403126,52.706787]]}},{"type":"Feature","properties":{"highway":"residential","length":288.56271354858313},"geometry":{"type":"LineString","coordinates":[[41.403126,52.706787],[41.40357,52.705588],[41.403826,52.704895],[41.403867,52.70479],[41.403883,52.704719],[41.40387,52.704672],[41.403833,52.704629],[41.403792,52.704579],[41.403476,52.70432]]}},{"type":"Feature","properties":{"highway":"residential","length":89.40585651244251},"geometry":{"type":"LineString","coordinates":[[41.403126,52.706787],[41.40318,52.706793]]}},{"type":"Feature","properties":{"highway":"residential","length":320.97381647492375},"geometry":{"type":"LineString","coordinates":[[41.406608,52.704754],[41.406621,52.704721]]}},{"type":"Feature","properties":{"highway":"residential","length":170.2855078947793},"geometry":{"type":"LineString","coordinates":[[41.403877,52.708433],[41.403899,52.708372]]}},{"type":"Feature","properties":{"highway":"residential","length":93.38640269902669},"geometry":{"type":"LineString","coordinates":[[41.402668,52.713356],[41.402727,52.713282]]}},{"type":"Feature","properties":{"highway":"residential","length":201.01998844720487},"geometry":{"type":"LineString","coordinates":[[41.40716,52.700853],[41.407229,52.700898]]}},{"type":"Feature","properties":{"highway":"residential","length":167.1266256310897},"geometry":{"type":"LineString","coordinates":[[41.407229,52.700898],[41.407293,52.700941]]}},{"type":"Feature","properties":{"highway":"residential","length":62.57962822578563},"geometry":{"type":"LineString","coordinates":[[41.406542,52.701275],[41.407229,52.700898]]}},{"type":"Feature","properties":{"highway":"residential","length":134.17011132287254},"geometry":{"type":"LineString","coordinates":[[41.409518,52.699539],[41.409469,52.699536]]}},{"type":"Feature","properties":{"highway":"residential","length":114.82511195494939},"geometry":{"type":"LineString","coordinates":[[41.410672,52.700056],[41.410667,52.70006]]}},{"type":"Feature","properties":{"highway":"residential","length":109.9250313944477},"geometry":{"type":"LineString","coordinates":[[41.408548,52.700089],[41.408615,52.700131]]}},{"type":"Feature","properties":{"highway":"residential","length":129.56203872348476},"geometry":{"type":"LineString","coordinates":[[41.408615,52.700131],[41.408677,52.700173]]}},{"type":"Feature","properties":{"highway":"residential","length":195.04629745696593},"geometry":{"type":"LineString","coordinates":[[41.407845,52.700471],[41.407914,52.700514]]}},{"type":"Feature","properties":{"highway":"residential","length":167.5470490754185},"geometry":{"type":"LineString","coordinates":[[41.407914,52.700514],[41.40798,52.700557]]}},{"type":"Feature","properties":{"highway":"residential","length":62.97026232271451},"geometry":{"type":"LineString","coordinates":[[41.407229,52.700898],[41.407914,52.700514]]}},{"type":"Feature","properties":{"highway":"residential","length":63.774773301237595},"geometry":{"type":"LineString","coordinates":[[41.407914,52.700514],[41.408615,52.700131]]}},{"type":"Feature","properties":{"highway":"residential","length":43.909027471114136},"geometry":{"type":"LineString","coordinates":[[41.404482,52.702353],[41.404595,52.702393]]}},{"type":"Feature","properties":{"highway":"residential","length":69.84693900955091},"geometry":{"type":"LineString","coordinates":[[41.415777,52.705276],[41.415845,52.705317]]}},{"type":"Feature","properties":{"highway":"residential","length":70.78417903227532},"geometry":{"type":"LineString","coordinates":[[41.415845,52.705317],[41.415913,52.705358]]}},{"type":"Feature","properties":{"highway":"residential","length":128.02220676690266},"geometry":{"type":"LineString","coordinates":[[41.414529,52.706145],[41.415845,52.705317]]}},{"type":"Feature","properties":{"highway":"tertiary","length":9.020869330016088},"geometry":{"type":"LineString","coordinates":[[41.396789,52.717949],[41.396783,52.71803]]}},{"type":"Feature","properties":{"highway":"tertiary","length":10.79742148803778},"geometry":{"type":"LineString","coordinates":[[41.396783,52.71803],[41.396769,52.718126]]}},{"type":"Feature","properties":{"highway":"residential","length":220.28787825099803},"geometry":{"type":"LineString","coordinates":[[41.396783,52.71803],[41.396873,52.718029],[41.396929,52.718028]]}},{"type":"Feature","properties":{"highway":"residential","length":185.92384296981763},"geometry":{"type":"LineString","coordinates":[[41.402721,52.717963],[41.402787,52.717974]]}},{"type":"Feature","properties":{"highway":"tertiary","length":68.59097145233791},"geometry":{"type":"LineString","coordinates":[[41.396685,52.718666],[41.396617,52.719281]]}},{"type":"Feature","properties":{"highway":"tertiary","length":124.3442170577984},"geometry":{"type":"LineString","coordinates":[[41.396617,52.719281],[41.396545,52.720244],[41.396532,52.720397]]}},{"type":"Feature","properties":{"highway":"residential","length":234.21708337842506},"geometry":{"type":"LineString","coordinates":[[41.396617,52.719281],[41.396717,52.719263],[41.396768,52.719263]]}},{"type":"Feature","properties":{"highway":"residential","length":152.05021424437413},"geometry":{"type":"LineString","coordinates":[[41.402178,52.719198],[41.402327,52.719206]]}},{"type":"Feature","properties":{"highway":"residential","length":215.1705544442622},"geometry":{"type":"LineString","coordinates":[[41.39683,52.717438],[41.396921,52.717439],[41.400013,52.717406]]}},{"type":"Feature","properties":{"highway":"residential","length":226.3186358245079},"geometry":{"type":"LineString","coordinates":[[41.400013,52.717406],[41.403168,52.717359],[41.403354,52.717392]]}},{"type":"Feature","properties":{"highway":"residential","length":104.11033395955772},"geometry":{"type":"LineString","coordinates":[[41.400014,52.717348],[41.400013,52.717406]]}},{"type":"Feature","properties":{"highway":"residential","length":64.36176882870086},"geometry":{"type":"LineString","coordinates":[[41.400013,52.717406],[41.400016,52.717464]]}},{"type":"Feature","properties":{"highway":"tertiary","length":42.83531016081503},"geometry":{"type":"LineString","coordinates":[[41.393241,52.715917],[41.393242,52.715824],[41.393233,52.715736],[41.393158,52.715621],[41.39308,52.715557]]}},{"type":"Feature","properties":{"highway":"residential","length":259.8185013342016},"geometry":{"type":"MultiLineString","coordinates":[[[41.393241,52.715917],[41.393306,52.715916]],[[41.397001,52.715837],[41.397081,52.715825]]]}},{"type":"Feature","properties":{"highway":"tertiary","length":88.07749275025034},"geometry":{"type":"LineString","coordinates":[[41.397081,52.715825],[41.396947,52.716613]]}},{"type":"Feature","properties":{"highway":"tertiary","length":137.0301733924163},"geometry":{"type":"LineString","coordinates":[[41.389614,52.721146],[41.389314,52.720961],[41.389084,52.720817],[41.388895,52.720679],[41.388708,52.720509],[41.388534,52.72033],[41.388412,52.720167]]}},{"type":"Feature","properties":{"highway":"tertiary","length":70.01424807001509},"geometry":{"type":"LineString","coordinates":[[41.388412,52.720167],[41.388302,52.719992],[41.388209,52.719836],[41.388109,52.719567]]}},{"type":"Feature","properties":{"highway":"tertiary","length":14.024715445076033},"geometry":{"type":"LineString","coordinates":[[41.463963,52.691375],[41.464013,52.691326],[41.464047,52.691304],[41.464101,52.691283]]}},{"type":"Feature","properties":{"highway":"residential","length":63.87401118835618},"geometry":{"type":"LineString","coordinates":[[41.47383,52.688357],[41.473952,52.688926]]}},{"type":"Feature","properties":{"highway":"residential","length":152.70216243539517},"geometry":{"type":"LineString","coordinates":[[41.46433,52.69047],[41.464564,52.690455],[41.464717,52.690481],[41.46491,52.690542],[41.46505,52.690601],[41.465183,52.690671],[41.466461,52.690815]]}},{"type":"Feature","properties":{"highway":"residential","length":272.05234290486334},"geometry":{"type":"LineString","coordinates":[[41.466461,52.690815],[41.468684,52.691091],[41.468832,52.691085],[41.469684,52.690803],[41.469792,52.690717],[41.469824,52.69066]]}},{"type":"Feature","properties":{"highway":"residential","length":106.12321567927127},"geometry":{"type":"LineString","coordinates":[[41.474748,52.688337],[41.475017,52.688371],[41.476186,52.688497],[41.476261,52.688544]]}},{"type":"Feature","properties":{"highway":"residential","length":196.49788675531457},"geometry":{"type":"LineString","coordinates":[[41.475169,52.693124],[41.47517,52.693129],[41.475179,52.693186]]}},{"type":"Feature","properties":{"highway":"residential","length":274.1959083443749},"geometry":{"type":"LineString","coordinates":[[41.462195,52.683843],[41.462521,52.683902],[41.463099,52.684003],[41.463427,52.684056],[41.464447,52.68423],[41.464865,52.684297],[41.465918,52.684441],[41.466113,52.684475]]}},{"type":"Feature","properties":{"highway":"residential","length":422.11980687672633},"geometry":{"type":"LineString","coordinates":[[41.466113,52.684475],[41.469012,52.684981],[41.469155,52.685006],[41.469457,52.685014],[41.469858,52.684973],[41.470124,52.684917],[41.470276,52.684849],[41.470379,52.684728],[41.470449,52.684584],[41.470736,52.683985],[41.470849,52.683752]]}},{"type":"Feature","properties":{"highway":"residential","length":144.82457092162892},"geometry":{"type":"LineString","coordinates":[[41.398927,52.722018],[41.398965,52.722017]]}},{"type":"Feature","properties":{"highway":"residential","length":104.0223127413184},"geometry":{"type":"LineString","coordinates":[[41.403433,52.724534],[41.403253,52.724521],[41.401986,52.72444],[41.401902,52.724435]]}},{"type":"Feature","properties":{"highway":"residential","length":333.02115924663997},"geometry":{"type":"MultiLineString","coordinates":[[[41.401375,52.72741],[41.401385,52.727351]],[[41.40189,52.724507],[41.401902,52.724435]]]}},{"type":"Feature","properties":{"highway":"residential","length":68.60847923288966},"geometry":{"type":"LineString","coordinates":[[41.400364,52.727351],[41.401375,52.72741]]}},{"type":"Feature","properties":{"highway":"residential","length":104.1063169586732},"geometry":{"type":"LineString","coordinates":[[41.401375,52.72741],[41.401462,52.727413],[41.402737,52.727463],[41.402912,52.72747]]}},{"type":"Feature","properties":{"highway":"residential","length":69.57359506389842},"geometry":{"type":"LineString","coordinates":[[41.400734,52.724338],[41.400741,52.724298]]}},{"type":"Feature","properties":{"highway":"residential","length":63.99135330645338},"geometry":{"type":"LineString","coordinates":[[41.457609,52.75889],[41.457631,52.758795],[41.45761,52.758444]]}},{"type":"Feature","properties":{"highway":"primary","length":652.0537436439542},"geometry":{"type":"LineString","coordinates":[[41.48448,52.722036],[41.485947,52.721816],[41.487383,52.721556],[41.487468,52.72154],[41.490705,52.720931],[41.491465,52.720791],[41.491799,52.720735],[41.493758,52.720432]]}},{"type":"Feature","properties":{"highway":"primary","length":26.18276703770866},"geometry":{"type":"LineString","coordinates":[[41.498142,52.719575],[41.498494,52.719477]]}},{"type":"Feature","properties":{"highway":"primary","length":20.57776043389918},"geometry":{"type":"LineString","coordinates":[[41.500451,52.719064],[41.500175,52.719143]]}},{"type":"Feature","properties":{"highway":"primary","length":108.93528647256105},"geometry":{"type":"LineString","coordinates":[[41.500388,52.718952],[41.501107,52.718732],[41.501612,52.718569],[41.501812,52.718494]]}},{"type":"Feature","properties":{"highway":"primary","length":283.7098635979459},"geometry":{"type":"LineString","coordinates":[[41.501812,52.718494],[41.502163,52.718363],[41.502631,52.718176],[41.503187,52.717917],[41.503583,52.717704],[41.503726,52.717627],[41.504077,52.717426],[41.504152,52.717387],[41.505073,52.716898]]}},{"type":"Feature","properties":{"highway":"primary","length":8.85606845074056},"geometry":{"type":"LineString","coordinates":[[41.48448,52.722036],[41.484352,52.722055]]}},{"type":"Feature","properties":{"highway":"residential","length":85.00326186042454},"geometry":{"type":"LineString","coordinates":[[41.458341,52.702298],[41.4583,52.70232]]}},{"type":"Feature","properties":{"highway":"residential","length":85.32177872620966},"geometry":{"type":"LineString","coordinates":[[41.456251,52.694355],[41.456043,52.694447],[41.455859,52.694558],[41.455441,52.694711],[41.455215,52.694787]]}},{"type":"Feature","properties":{"highway":"residential","length":174.88947257905522},"geometry":{"type":"LineString","coordinates":[[41.455215,52.694787],[41.454872,52.694918],[41.454602,52.694975],[41.452763,52.695252]]}},{"type":"Feature","properties":{"highway":"residential","length":42.0362427297375},"geometry":{"type":"LineString","coordinates":[[41.455215,52.694787],[41.45515,52.694601],[41.455058,52.694421]]}},{"type":"Feature","properties":{"highway":"residential","length":128.42708966143763},"geometry":{"type":"LineString","coordinates":[[41.455058,52.694421],[41.455058,52.694232],[41.455023,52.693643],[41.454999,52.693268]]}},{"type":"Feature","properties":{"highway":"tertiary","length":172.0398175566921},"geometry":{"type":"LineString","coordinates":[[41.455058,52.694421],[41.455008,52.694428]]}},{"type":"Feature","properties":{"highway":"residential","length":169.61627114826865},"geometry":{"type":"LineString","coordinates":[[41.42351,52.713967],[41.42351,52.713967],[41.423392,52.714201]]}},{"type":"Feature","properties":{"highway":"residential","length":153.97606889160267},"geometry":{"type":"MultiLineString","coordinates":[[[41.420628,52.710298],[41.420855,52.71023],[41.421025,52.710146],[41.421156,52.710074]],[[41.421217,52.709998],[41.421324,52.709849],[41.421429,52.709703],[41.421746,52.709153]]]}},{"type":"Feature","properties":{"highway":"residential","length":353.6286439406139},"geometry":{"type":"LineString","coordinates":[[41.427675,52.710784],[41.427577,52.710767],[41.426841,52.710643]]}},{"type":"Feature","properties":{"highway":"residential","length":169.18950429649794},"geometry":{"type":"LineString","coordinates":[[41.424761,52.714204],[41.424657,52.714422]]}},{"type":"Feature","properties":{"highway":"residential","length":275.70456792389933},"geometry":{"type":"LineString","coordinates":[[41.427675,52.710784],[41.427673,52.710789]]}},{"type":"Feature","properties":{"highway":"residential","length":191.70463171356985},"geometry":{"type":"LineString","coordinates":[[41.425922,52.714433],[41.425888,52.71447],[41.42557,52.714767]]}},{"type":"Feature","properties":{"highway":"primary","length":118.560290917967},"geometry":{"type":"LineString","coordinates":[[41.418894,52.708977],[41.419188,52.708792],[41.420112,52.708211]]}},{"type":"Feature","properties":{"highway":"residential","length":170.8573467882314},"geometry":{"type":"LineString","coordinates":[[41.422267,52.71373],[41.422265,52.713733],[41.422112,52.713978]]}},{"type":"Feature","properties":{"highway":"secondary","length":67.94449740889789},"geometry":{"type":"LineString","coordinates":[[41.451202,52.723816],[41.45115,52.724065],[41.451074,52.724422]]}},{"type":"Feature","properties":{"highway":"secondary","length":163.51455246203582},"geometry":{"type":"LineString","coordinates":[[41.451074,52.724422],[41.450839,52.725711],[41.4508,52.725882]]}},{"type":"Feature","properties":{"highway":"primary","length":186.99339777992796},"geometry":{"type":"LineString","coordinates":[[41.43508,52.728593],[41.434539,52.730241]]}},{"type":"Feature","properties":{"highway":"primary","length":285.97084549512425},"geometry":{"type":"LineString","coordinates":[[41.434539,52.730241],[41.434193,52.731103],[41.433971,52.731638],[41.433957,52.731735],[41.433981,52.731841],[41.433982,52.731897],[41.433983,52.731964],[41.433966,52.732016],[41.433805,52.732452],[41.433799,52.732531],[41.43381,52.732642],[41.433872,52.732748]]}},{"type":"Feature","properties":{"highway":"residential","length":84.31288132389528},"geometry":{"type":"LineString","coordinates":[[41.427288,52.750905],[41.427421,52.751007],[41.42803,52.751514]]}},{"type":"Feature","properties":{"highway":"residential","length":80.93098036039581},"geometry":{"type":"LineString","coordinates":[[41.42803,52.751514],[41.428094,52.751562],[41.428833,52.752054]]}},{"type":"Feature","properties":{"highway":"residential","length":82.07941795676416},"geometry":{"type":"LineString","coordinates":[[41.418677,52.761187],[41.418785,52.761241],[41.418823,52.76126],[41.419607,52.761662]]}},{"type":"Feature","properties":{"highway":"secondary","length":56.42383067021513},"geometry":{"type":"LineString","coordinates":[[41.442682,52.729908],[41.44282,52.729408]]}},{"type":"Feature","properties":{"highway":"secondary","length":18.437248527790693},"geometry":{"type":"LineString","coordinates":[[41.44282,52.729408],[41.44287,52.729245]]}},{"type":"Feature","properties":{"highway":"residential","length":95.64124311547276},"geometry":{"type":"LineString","coordinates":[[41.414223,52.765272],[41.414617,52.765428],[41.415385,52.765762]]}},{"type":"Feature","properties":{"highway":"residential","length":272.07482956276607},"geometry":{"type":"MultiLineString","coordinates":[[[41.412189,52.764321],[41.412285,52.764248]],[[41.414555,52.762451],[41.414642,52.762381]]]}},{"type":"Feature","properties":{"highway":"residential","length":270.2602966105714},"geometry":{"type":"MultiLineString","coordinates":[[[41.414642,52.762381],[41.414733,52.762307]],[[41.416985,52.760525],[41.41699,52.760521],[41.417012,52.760503],[41.417074,52.760452]]]}},{"type":"Feature","properties":{"highway":"residential","length":63.74016506259775},"geometry":{"type":"LineString","coordinates":[[41.417074,52.760452],[41.417182,52.760502],[41.417825,52.760799]]}},{"type":"Feature","properties":{"highway":"residential","length":71.93706730945401},"geometry":{"type":"LineString","coordinates":[[41.417825,52.760799],[41.417962,52.76086],[41.418538,52.761124],[41.418677,52.761187]]}},{"type":"Feature","properties":{"highway":"residential","length":273.2603192209856},"geometry":{"type":"MultiLineString","coordinates":[[[41.412972,52.764689],[41.413067,52.764613]],[[41.415308,52.762799],[41.415326,52.762785],[41.415408,52.762729]]]}},{"type":"Feature","properties":{"highway":"residential","length":64.62440653214354},"geometry":{"type":"LineString","coordinates":[[41.414642,52.762381],[41.414762,52.762432],[41.415308,52.762685],[41.415408,52.762729]]}},{"type":"Feature","properties":{"highway":"residential","length":45.514896737625094},"geometry":{"type":"LineString","coordinates":[[41.407999,52.762392],[41.407997,52.762391]]}},{"type":"Feature","properties":{"highway":"residential","length":269.6909303735171},"geometry":{"type":"MultiLineString","coordinates":[[[41.413911,52.76204],[41.414005,52.76197]],[[41.416253,52.760189],[41.416276,52.760171],[41.416344,52.760118]]]}},{"type":"Feature","properties":{"highway":"residential","length":62.213036007645286},"geometry":{"type":"LineString","coordinates":[[41.413911,52.76204],[41.414005,52.762084],[41.414274,52.76221],[41.414556,52.76234],[41.414642,52.762381]]}},{"type":"Feature","properties":{"highway":"residential","length":269.75069675353666},"geometry":{"type":"LineString","coordinates":[[41.411597,52.761093],[41.411617,52.761077],[41.411696,52.761021]]}},{"type":"Feature","properties":{"highway":"residential","length":266.28841365514666},"geometry":{"type":"MultiLineString","coordinates":[[[41.411696,52.761021],[41.411782,52.760955],[41.411785,52.760953]],[[41.413962,52.759144],[41.414024,52.75909]]]}},{"type":"Feature","properties":{"highway":"residential","length":61.15325334225206},"geometry":{"type":"LineString","coordinates":[[41.410978,52.760686],[41.411089,52.760742],[41.411595,52.760975],[41.411696,52.761021]]}},{"type":"Feature","properties":{"highway":"residential","length":271.0621188348147},"geometry":{"type":"LineString","coordinates":[[41.412267,52.761399],[41.412279,52.76139],[41.412361,52.76133]]}},{"type":"Feature","properties":{"highway":"residential","length":269.14282736381256},"geometry":{"type":"MultiLineString","coordinates":[[[41.412361,52.76133],[41.412437,52.761251]],[[41.414679,52.759468],[41.414694,52.759456],[41.414763,52.7594]]]}},{"type":"Feature","properties":{"highway":"residential","length":56.55771199852688},"geometry":{"type":"LineString","coordinates":[[41.411696,52.761021],[41.411777,52.761057],[41.412018,52.761172],[41.412271,52.761288],[41.412361,52.76133]]}},{"type":"Feature","properties":{"highway":"residential","length":145.52072390247352},"geometry":{"type":"LineString","coordinates":[[41.436925,52.735084],[41.436697,52.735204],[41.43524,52.735899]]}},{"type":"Feature","properties":{"highway":"residential","length":112.09924996691937},"geometry":{"type":"LineString","coordinates":[[41.43524,52.735899],[41.433928,52.736516]]}},{"type":"Feature","properties":{"highway":"residential","length":144.28388881903885},"geometry":{"type":"LineString","coordinates":[[41.434808,52.733531],[41.434588,52.733637],[41.434444,52.733707],[41.433159,52.734355]]}},{"type":"Feature","properties":{"highway":"residential","length":110.5027032343737},"geometry":{"type":"LineString","coordinates":[[41.433159,52.734355],[41.431869,52.734966]]}},{"type":"Feature","properties":{"highway":"residential","length":92.52409283592048},"geometry":{"type":"LineString","coordinates":[[41.416507,52.719962],[41.416858,52.719158]]}},{"type":"Feature","properties":{"highway":"residential","length":109.53657863685741},"geometry":{"type":"LineString","coordinates":[[41.416858,52.719158],[41.417251,52.718331],[41.417304,52.718212]]}},{"type":"Feature","properties":{"highway":"residential","length":94.54974594004663},"geometry":{"type":"LineString","coordinates":[[41.420624,52.72033],[41.420705,52.720127],[41.420962,52.719506]]}},{"type":"Feature","properties":{"highway":"residential","length":72.57922972546831},"geometry":{"type":"LineString","coordinates":[[41.420962,52.719506],[41.421062,52.719214],[41.421158,52.718964],[41.421194,52.718869]]}},{"type":"Feature","properties":{"highway":"residential","length":571.9468898985776},"geometry":{"type":"LineString","coordinates":[[41.393523,52.71481],[41.393403,52.714865]]}},{"type":"Feature","properties":{"highway":"residential","length":84.46452606450116},"geometry":{"type":"LineString","coordinates":[[41.393403,52.714865],[41.393265,52.714939],[41.393212,52.714972],[41.393163,52.715017],[41.393134,52.715083],[41.393133,52.715159],[41.393157,52.715268],[41.39308,52.715557]]}},{"type":"Feature","properties":{"highway":"residential","length":13.435383001169667},"geometry":{"type":"LineString","coordinates":[[41.399258,52.711543],[41.399175,52.711584]]}},{"type":"Feature","properties":{"highway":"residential","length":539.7633789495663},"geometry":{"type":"LineString","coordinates":[[41.394237,52.713818],[41.394231,52.713821],[41.394135,52.713901],[41.394044,52.714054],[41.393966,52.71417],[41.393869,52.714298],[41.393681,52.714501],[41.393586,52.714645],[41.393403,52.714865]]}},{"type":"Feature","properties":{"highway":"residential","length":132.56690480808516},"geometry":{"type":"LineString","coordinates":[[41.437661,52.702206],[41.437546,52.702089],[41.436388,52.701303]]}},{"type":"Feature","properties":{"highway":"residential","length":20.77937416870667},"geometry":{"type":"LineString","coordinates":[[41.436388,52.701303],[41.436608,52.701173]]}},{"type":"Feature","properties":{"highway":"residential","length":76.90429967429313},"geometry":{"type":"LineString","coordinates":[[41.43476,52.703036],[41.434787,52.703074]]}},{"type":"Feature","properties":{"highway":"residential","length":50.30445152159159},"geometry":{"type":"LineString","coordinates":[[41.435024,52.703766],[41.435092,52.70392],[41.435199,52.704061],[41.435255,52.704093]]}},{"type":"Feature","properties":{"highway":"tertiary","length":64.02924753291461},"geometry":{"type":"LineString","coordinates":[[41.409688,52.704376],[41.409039,52.703957]]}},{"type":"Feature","properties":{"highway":"residential","length":132.94005272423897},"geometry":{"type":"LineString","coordinates":[[41.414529,52.706145],[41.414457,52.706103]]}},{"type":"Feature","properties":{"highway":"residential","length":132.6475061489792},"geometry":{"type":"LineString","coordinates":[[41.41656,52.703158],[41.41724,52.703565],[41.417955,52.703997]]}},{"type":"Feature","properties":{"highway":"primary","length":47.58591791958001},"geometry":{"type":"LineString","coordinates":[[41.433622,52.699347],[41.43349,52.698927]]}},{"type":"Feature","properties":{"highway":"residential","length":50.369631177259215},"geometry":{"type":"LineString","coordinates":[[41.434467,52.703109],[41.433966,52.702774]]}},{"type":"Feature","properties":{"highway":"residential","length":76.29795479471561},"geometry":{"type":"LineString","coordinates":[[41.433966,52.702774],[41.433158,52.702296]]}},{"type":"Feature","properties":{"highway":"residential","length":146.64812382178582},"geometry":{"type":"LineString","coordinates":[[41.421854,52.70443],[41.423336,52.703467]]}},{"type":"Feature","properties":{"highway":"residential","length":228.69122076161872},"geometry":{"type":"MultiLineString","coordinates":[[[41.423336,52.703467],[41.423403,52.703426]],[[41.425613,52.702074],[41.42572,52.702009]]]}},{"type":"Feature","properties":{"highway":"residential","length":77.12961316415829},"geometry":{"type":"LineString","coordinates":[[41.433158,52.702296],[41.432311,52.701832]]}},{"type":"Feature","properties":{"highway":"tertiary","length":76.62912195302636},"geometry":{"type":"LineString","coordinates":[[41.407429,52.702823],[41.407332,52.702761],[41.407052,52.70258],[41.406646,52.702325]]}},{"type":"Feature","properties":{"highway":"residential","length":53.30316737057036},"geometry":{"type":"LineString","coordinates":[[41.403476,52.70432],[41.403535,52.704152],[41.40368,52.703857]]}},{"type":"Feature","properties":{"highway":"primary","length":185.42581126120942},"geometry":{"type":"LineString","coordinates":[[41.416812,52.71057],[41.417019,52.710356],[41.417225,52.710154],[41.417359,52.710034],[41.417534,52.709904],[41.4179,52.709655],[41.418012,52.70958],[41.418261,52.709414],[41.418487,52.709258]]}},{"type":"Feature","properties":{"highway":"residential","length":125.08966831762305},"geometry":{"type":"LineString","coordinates":[[41.416812,52.71057],[41.417029,52.710648]]}},{"type":"Feature","properties":{"highway":"residential","length":176.6673752826235},"geometry":{"type":"LineString","coordinates":[[41.419774,52.709796],[41.41962,52.709929],[41.41961,52.709937]]}},{"type":"Feature","properties":{"highway":"secondary","length":89.8498640570636},"geometry":{"type":"LineString","coordinates":[[41.419829,52.713468],[41.419736,52.713386],[41.419675,52.71332],[41.419634,52.713254],[41.41959,52.71315],[41.419558,52.71303],[41.419557,52.712907],[41.419612,52.7127]]}},{"type":"Feature","properties":{"highway":"primary","length":84.77916935366332},"geometry":{"type":"LineString","coordinates":[[41.43349,52.698927],[41.433452,52.69861],[41.433447,52.698564],[41.433436,52.698354],[41.43344,52.698166]]}},{"type":"Feature","properties":{"highway":"primary","length":34.18964090230172},"geometry":{"type":"LineString","coordinates":[[41.43344,52.698166],[41.433467,52.697859]]}},{"type":"Feature","properties":{"highway":"residential","length":77.34477894141199},"geometry":{"type":"LineString","coordinates":[[41.424706,52.701597],[41.424373,52.70153],[41.42362,52.701377]]}},{"type":"Feature","properties":{"highway":"residential","length":247.4852910161864},"geometry":{"type":"LineString","coordinates":[[41.42362,52.701377],[41.423559,52.701425],[41.42271,52.702083],[41.421922,52.702695],[41.422242,52.702863],[41.422607,52.703055]]}},{"type":"Feature","properties":{"highway":"residential","length":67.35019236270382},"geometry":{"type":"LineString","coordinates":[[41.422607,52.703055],[41.423336,52.703467]]}},{"type":"Feature","properties":{"highway":"residential","length":100.63719415075585},"geometry":{"type":"LineString","coordinates":[[41.411777,52.707518],[41.41182,52.70753]]}},{"type":"Feature","properties":{"highway":"residential","length":180.29220916195436},"geometry":{"type":"LineString","coordinates":[[41.407498,52.707165],[41.407453,52.707044],[41.407451,52.706977],[41.40752,52.706866],[41.408002,52.70616],[41.408377,52.705664]]}},{"type":"Feature","properties":{"highway":"residential","length":171.646796569614},"geometry":{"type":"LineString","coordinates":[[41.408377,52.705664],[41.408779,52.70507],[41.408833,52.704991],[41.408938,52.704855],[41.409033,52.704757],[41.409211,52.704644],[41.409529,52.70446],[41.409688,52.704376]]}},{"type":"Feature","properties":{"highway":"residential","length":53.081524957233235},"geometry":{"type":"LineString","coordinates":[[41.407498,52.707165],[41.407583,52.707146],[41.407646,52.707142],[41.407711,52.70715],[41.408228,52.707288]]}},{"type":"Feature","properties":{"highway":"residential","length":278.81395427440714},"geometry":{"type":"LineString","coordinates":[[41.399943,52.71181],[41.400008,52.711772]]}},{"type":"Feature","properties":{"highway":"residential","length":203.91001169298758},"geometry":{"type":"LineString","coordinates":[[41.403861,52.708478],[41.403877,52.708433]]}},{"type":"Feature","properties":{"highway":"residential","length":100.8103257017521},"geometry":{"type":"LineString","coordinates":[[41.400992,52.710249],[41.401591,52.709906],[41.40205,52.709611]]}},{"type":"Feature","properties":{"highway":"residential","length":150.34791302604611},"geometry":{"type":"LineString","coordinates":[[41.40205,52.709611],[41.402169,52.709341],[41.402576,52.708299]]}},{"type":"Feature","properties":{"highway":"residential","length":91.9796352608254},"geometry":{"type":"LineString","coordinates":[[41.399099,52.711437],[41.399167,52.711396],[41.399981,52.710887],[41.400049,52.710845]]}},{"type":"Feature","properties":{"highway":"residential","length":91.9966825794124},"geometry":{"type":"LineString","coordinates":[[41.400049,52.710845],[41.400992,52.710249]]}},{"type":"Feature","properties":{"highway":"tertiary","length":35.23552385785125},"geometry":{"type":"LineString","coordinates":[[41.397022,52.709057],[41.396996,52.709117],[41.396949,52.709223],[41.396929,52.70927],[41.396884,52.709363]]}},{"type":"Feature","properties":{"highway":"residential","length":24.697589529370763},"geometry":{"type":"LineString","coordinates":[[41.397022,52.709057],[41.397164,52.709091]]}},{"type":"Feature","properties":{"highway":"residential","length":262.02242064220195},"geometry":{"type":"LineString","coordinates":[[41.399984,52.710804],[41.400049,52.710845]]}},{"type":"Feature","properties":{"highway":"tertiary","length":20.34810052593388},"geometry":{"type":"LineString","coordinates":[[41.399242,52.69953],[41.399388,52.69937]]}},{"type":"Feature","properties":{"highway":"tertiary","length":105.9230802624646},"geometry":{"type":"LineString","coordinates":[[41.399388,52.69937],[41.399551,52.699179],[41.399808,52.698925],[41.400069,52.698713],[41.400257,52.698582]]}},{"type":"Feature","properties":{"highway":"residential","length":133.43372001110572},"geometry":{"type":"LineString","coordinates":[[41.396672,52.696891],[41.39684,52.696974],[41.397061,52.697074],[41.397245,52.697157],[41.397587,52.69737],[41.398182,52.69766]]}},{"type":"Feature","properties":{"highway":"residential","length":158.88132722710048},"geometry":{"type":"LineString","coordinates":[[41.409723,52.724986],[41.409331,52.726081],[41.409217,52.72638]]}},{"type":"Feature","properties":{"highway":"residential","length":71.4894269125706},"geometry":{"type":"LineString","coordinates":[[41.401758,52.745636],[41.401857,52.745654]]}},{"type":"Feature","properties":{"highway":"residential","length":158.886967495745},"geometry":{"type":"LineString","coordinates":[[41.402115,52.747154],[41.402102,52.747196]]}},{"type":"Feature","properties":{"highway":"residential","length":306.05741251723776},"geometry":{"type":"LineString","coordinates":[[41.403302,52.747152],[41.403729,52.747097]]}},{"type":"Feature","properties":{"highway":"residential","length":82.86824102039697},"geometry":{"type":"LineString","coordinates":[[41.403014,52.75451],[41.402813,52.754493],[41.401995,52.75447],[41.40179,52.754469]]}},{"type":"Feature","properties":{"highway":"residential","length":97.55324721346695},"geometry":{"type":"LineString","coordinates":[[41.399257,52.758655],[41.39919,52.758737],[41.398775,52.759375],[41.398716,52.759468]]}},{"type":"Feature","properties":{"highway":"residential","length":83.58285076060618},"geometry":{"type":"LineString","coordinates":[[41.400981,52.756183],[41.400844,52.756154]]}},{"type":"Feature","properties":{"highway":"residential","length":84.08933405909677},"geometry":{"type":"LineString","coordinates":[[41.398207,52.752253],[41.398264,52.752271]]}},{"type":"Feature","properties":{"highway":"residential","length":93.86847761475897},"geometry":{"type":"LineString","coordinates":[[41.387073,52.758621],[41.387405,52.758359],[41.387911,52.757948]]}},{"type":"Feature","properties":{"highway":"secondary","length":396.8398899814799},"geometry":{"type":"LineString","coordinates":[[41.398682,52.73376],[41.398028,52.733868],[41.397338,52.733983],[41.397036,52.734033],[41.396902,52.734055],[41.396417,52.734137],[41.395932,52.734212],[41.395038,52.734366],[41.394906,52.73439],[41.394563,52.734447],[41.394069,52.734548],[41.393597,52.734653],[41.393513,52.734671],[41.393082,52.734761],[41.393051,52.734769]]}},{"type":"Feature","properties":{"highway":"secondary","length":126.33942817972277},"geometry":{"type":"LineString","coordinates":[[41.393051,52.734769],[41.391509,52.735147],[41.391398,52.735185],[41.391328,52.735208]]}},{"type":"Feature","properties":{"highway":"residential","length":330.82572653064796},"geometry":{"type":"MultiLineString","coordinates":[[[41.400006,52.749539],[41.399998,52.749611],[41.399971,52.7499]],[[41.399903,52.750096],[41.399834,52.750257],[41.399702,52.750583],[41.399617,52.750752],[41.399239,52.751073],[41.398875,52.751429],[41.398261,52.75219],[41.398207,52.752253]]]}},{"type":"Feature","properties":{"highway":"residential","length":92.02728646492682},"geometry":{"type":"LineString","coordinates":[[41.39446,52.729957],[41.394469,52.72991]]}},{"type":"Feature","properties":{"highway":"residential","length":178.2543988671959},"geometry":{"type":"LineString","coordinates":[[41.397778,52.7263],[41.397873,52.726306]]}},{"type":"Feature","properties":{"highway":"residential","length":90.8153628086115},"geometry":{"type":"LineString","coordinates":[[41.395086,52.726949],[41.395091,52.72692]]}},{"type":"Feature","properties":{"highway":"residential","length":126.64495231914941},"geometry":{"type":"LineString","coordinates":[[41.398286,52.72416],[41.398257,52.724298],[41.398132,52.724809],[41.398055,52.725289]]}},{"type":"Feature","properties":{"highway":"residential","length":113.91107541725097},"geometry":{"type":"LineString","coordinates":[[41.398055,52.725289],[41.397979,52.725662],[41.397873,52.726306]]}},{"type":"Feature","properties":{"highway":"residential","length":178.9056246069244},"geometry":{"type":"LineString","coordinates":[[41.397958,52.725282],[41.398055,52.725289]]}},{"type":"Feature","properties":{"highway":"residential","length":124.8599815943387},"geometry":{"type":"LineString","coordinates":[[41.395621,52.724025],[41.395629,52.723987]]}},{"type":"Feature","properties":{"highway":"residential","length":82.74354240998449},"geometry":{"type":"LineString","coordinates":[[41.395072,52.727039],[41.395086,52.726949]]}},{"type":"Feature","properties":{"highway":"residential","length":140.3381781855383},"geometry":{"type":"LineString","coordinates":[[41.438724,52.717243],[41.438488,52.71722],[41.438116,52.717183],[41.436683,52.71701]]}},{"type":"Feature","properties":{"highway":"residential","length":81.00041667232101},"geometry":{"type":"LineString","coordinates":[[41.431632,52.71635],[41.430467,52.71618]]}},{"type":"Feature","properties":{"highway":"tertiary","length":77.11784411138207},"geometry":{"type":"LineString","coordinates":[[41.405708,52.722867],[41.405602,52.723557]]}},{"type":"Feature","properties":{"highway":"residential","length":152.63750143081737},"geometry":{"type":"LineString","coordinates":[[41.410232,52.723649],[41.409723,52.724986]]}},{"type":"Feature","properties":{"highway":"residential","length":60.54211772052108},"geometry":{"type":"LineString","coordinates":[[41.413386,52.721616],[41.413388,52.721612],[41.413459,52.721421]]}},{"type":"Feature","properties":{"highway":"tertiary","length":108.73733284941358},"geometry":{"type":"LineString","coordinates":[[41.475268,52.6948],[41.473675,52.694664]]}},{"type":"Feature","properties":{"highway":"tertiary","length":7.049245999055689},"geometry":{"type":"LineString","coordinates":[[41.478711,52.694747],[41.478715,52.694684]]}},{"type":"Feature","properties":{"highway":"residential","length":120.42517415390094},"geometry":{"type":"LineString","coordinates":[[41.394785,52.71525],[41.394325,52.715359],[41.394045,52.715394],[41.393423,52.715482],[41.39308,52.715557]]}},{"type":"Feature","properties":{"highway":"residential","length":293.4862553731198},"geometry":{"type":"LineString","coordinates":[[41.402376,52.71906],[41.40252,52.719077]]}},{"type":"Feature","properties":{"highway":"residential","length":294.94819417062024},"geometry":{"type":"LineString","coordinates":[[41.407362,52.715429],[41.407435,52.715361]]}},{"type":"Feature","properties":{"highway":"residential","length":437.9046138102423},"geometry":{"type":"LineString","coordinates":[[41.397081,52.715825],[41.397299,52.71582],[41.401176,52.715661],[41.402519,52.715602],[41.403203,52.715589],[41.403418,52.715601],[41.403528,52.715642]]}},{"type":"Feature","properties":{"highway":"residential","length":87.7074474803654},"geometry":{"type":"LineString","coordinates":[[41.403528,52.715642],[41.403611,52.715689],[41.404656,52.716027]]}},{"type":"Feature","properties":{"highway":"primary","length":290.57429023877694},"geometry":{"type":"LineString","coordinates":[[41.404213,52.72035],[41.404292,52.720233],[41.404587,52.719883],[41.404725,52.71974],[41.406332,52.71808]]}},{"type":"Feature","properties":{"highway":"primary","length":131.11558570082428},"geometry":{"type":"LineString","coordinates":[[41.406332,52.71808],[41.407288,52.717054]]}},{"type":"Feature","properties":{"highway":"primary","length":20.144499123096644},"geometry":{"type":"LineString","coordinates":[[41.402068,52.719987],[41.402361,52.720019]]}},{"type":"Feature","properties":{"highway":"primary","length":130.51692779713972},"geometry":{"type":"LineString","coordinates":[[41.402361,52.720019],[41.402688,52.720064],[41.402963,52.720112],[41.403111,52.720138],[41.40396,52.720294],[41.404213,52.72035]]}},{"type":"Feature","properties":{"highway":"residential","length":134.55903101045786},"geometry":{"type":"LineString","coordinates":[[41.40908,52.710862],[41.409174,52.710888],[41.409213,52.710898]]}},{"type":"Feature","properties":{"highway":"residential","length":132.2495161249762},"geometry":{"type":"LineString","coordinates":[[41.408078,52.712144],[41.408937,52.71236],[41.409893,52.712588]]}},{"type":"Feature","properties":{"highway":"residential","length":103.99474830924345},"geometry":{"type":"LineString","coordinates":[[41.409893,52.712588],[41.411308,52.712955]]}},{"type":"Feature","properties":{"highway":"primary","length":61.291705766003545},"geometry":{"type":"LineString","coordinates":[[41.411308,52.712955],[41.411424,52.712974],[41.412152,52.713156]]}},{"type":"Feature","properties":{"highway":"primary","length":144.14816638240077},"geometry":{"type":"LineString","coordinates":[[41.412152,52.713156],[41.413162,52.713418],[41.413675,52.713547],[41.413913,52.713601],[41.414121,52.713653]]}},{"type":"Feature","properties":{"highway":"residential","length":319.5538093913225},"geometry":{"type":"LineString","coordinates":[[41.453238,52.71826],[41.453372,52.718295]]}},{"type":"Feature","properties":{"highway":"tertiary","length":1010.8024077380062},"geometry":{"type":"LineString","coordinates":[[41.45801,52.763027],[41.455304,52.763093],[41.455119,52.763098],[41.450834,52.763196],[41.44422,52.7635],[41.443345,52.763528],[41.443238,52.763526],[41.443062,52.763522]]}},{"type":"Feature","properties":{"highway":"residential","length":64.65578952943913},"geometry":{"type":"LineString","coordinates":[[41.478515,52.735323],[41.47866,52.73532],[41.479471,52.735336]]}},{"type":"Feature","properties":{"highway":"residential","length":606.403225944416},"geometry":{"type":"LineString","coordinates":[[41.479471,52.735336],[41.47999,52.735361],[41.480153,52.735368],[41.480422,52.735381],[41.480698,52.735402],[41.48191,52.735622],[41.482168,52.735673],[41.482545,52.735752],[41.48394,52.736042],[41.484413,52.736162],[41.48473,52.736243],[41.486042,52.736576],[41.487543,52.736958],[41.48794,52.737059]]}},{"type":"Feature","properties":{"highway":"secondary","length":315.60369430927165},"geometry":{"type":"LineString","coordinates":[[41.473441,52.733969],[41.473847,52.734108],[41.474341,52.734264],[41.475073,52.734455],[41.475264,52.734504],[41.4761,52.734726],[41.477699,52.735131]]}},{"type":"Feature","properties":{"highway":"secondary","length":59.105015806922154},"geometry":{"type":"LineString","coordinates":[[41.477699,52.735131],[41.478515,52.735323]]}},{"type":"Feature","properties":{"highway":"residential","length":101.99838321966885},"geometry":{"type":"LineString","coordinates":[[41.482322,52.7374],[41.481109,52.737946]]}},{"type":"Feature","properties":{"highway":"residential","length":63.000351369353176},"geometry":{"type":"LineString","coordinates":[[41.481109,52.737946],[41.480369,52.738217],[41.480311,52.738239]]}},{"type":"Feature","properties":{"highway":"residential","length":121.23518368397495},"geometry":{"type":"LineString","coordinates":[[41.431076,52.72391],[41.431078,52.7239],[41.431081,52.723876],[41.431119,52.723761]]}},{"type":"Feature","properties":{"highway":"tertiary","length":21.143966209289758},"geometry":{"type":"LineString","coordinates":[[41.422212,52.729267],[41.422166,52.729208],[41.422066,52.729099]]}},{"type":"Feature","properties":{"highway":"tertiary","length":127.77008491423612},"geometry":{"type":"LineString","coordinates":[[41.422066,52.729099],[41.421507,52.728777],[41.421438,52.728739],[41.420656,52.728335]]}},{"type":"Feature","properties":{"highway":"tertiary","length":191.5053793439519},"geometry":{"type":"LineString","coordinates":[[41.42621,52.726789],[41.426872,52.726845],[41.427858,52.726934],[41.428156,52.726962],[41.429015,52.72704]]}},{"type":"Feature","properties":{"highway":"residential","length":98.57693751868526},"geometry":{"type":"LineString","coordinates":[[41.387938,52.775093],[41.386866,52.774604],[41.386772,52.77456]]}},{"type":"Feature","properties":{"highway":"secondary","length":107.27280324559742},"geometry":{"type":"LineString","coordinates":[[41.39453,52.774245],[41.394618,52.774285],[41.395607,52.774746],[41.395791,52.774831]]}},{"type":"Feature","properties":{"highway":"tertiary","length":97.97526107367267},"geometry":{"type":"LineString","coordinates":[[41.393628,52.776598],[41.393728,52.776518],[41.39401,52.776294],[41.394531,52.775909]]}},{"type":"Feature","properties":{"highway":"tertiary","length":148.117793612404},"geometry":{"type":"LineString","coordinates":[[41.394531,52.775909],[41.395711,52.774976],[41.395742,52.774952],[41.395782,52.774888],[41.395791,52.774831]]}},{"type":"Feature","properties":{"highway":"secondary","length":127.57943334079636},"geometry":{"type":"LineString","coordinates":[[41.388431,52.771391],[41.388561,52.771454],[41.388928,52.771621],[41.389934,52.772086]]}},{"type":"Feature","properties":{"highway":"secondary","length":98.96717108341475},"geometry":{"type":"LineString","coordinates":[[41.389934,52.772086],[41.391097,52.772628]]}},{"type":"Feature","properties":{"highway":"secondary","length":60.150431450935486},"geometry":{"type":"LineString","coordinates":[[41.420606,52.713715],[41.420274,52.713652],[41.420022,52.713569],[41.419922,52.713523],[41.419829,52.713468]]}},{"type":"Feature","properties":{"highway":"residential","length":180.05666574425373},"geometry":{"type":"LineString","coordinates":[[41.420812,52.713465],[41.420805,52.713476],[41.420712,52.713556],[41.420606,52.713715]]}},{"type":"Feature","properties":{"highway":"residential","length":230.06487139031236},"geometry":{"type":"LineString","coordinates":[[41.43599,52.726573],[41.435974,52.726571],[41.435747,52.726532]]}},{"type":"Feature","properties":{"highway":"residential","length":397.3349953294983},"geometry":{"type":"LineString","coordinates":[[41.444516,52.717857],[41.440779,52.717468],[41.438879,52.717259],[41.438724,52.717243]]}},{"type":"Feature","properties":{"highway":"residential","length":198.2760278610237},"geometry":{"type":"LineString","coordinates":[[41.449226,52.731843],[41.449067,52.731823],[41.447204,52.731615],[41.44634,52.731519]]}},{"type":"Feature","properties":{"highway":"residential","length":51.15826662775936},"geometry":{"type":"LineString","coordinates":[[41.44634,52.731519],[41.446027,52.731484],[41.445595,52.731436]]}},{"type":"Feature","properties":{"highway":"residential","length":114.24346812487646},"geometry":{"type":"LineString","coordinates":[[41.447523,52.733324],[41.447264,52.733294],[41.446314,52.733195],[41.445857,52.733147]]}},{"type":"Feature","properties":{"highway":"primary","length":13.331862464469406},"geometry":{"type":"LineString","coordinates":[[41.401496,52.761029],[41.401489,52.760953],[41.401502,52.76091]]}},{"type":"Feature","properties":{"highway":"primary","length":51.86687629509582},"geometry":{"type":"LineString","coordinates":[[41.435775,52.734235],[41.436262,52.734595]]}},{"type":"Feature","properties":{"highway":"residential","length":140.3155380974788},"geometry":{"type":"LineString","coordinates":[[41.443617,52.739694],[41.443444,52.739804],[41.442011,52.740492]]}},{"type":"Feature","properties":{"highway":"residential","length":118.77760731375446},"geometry":{"type":"LineString","coordinates":[[41.442011,52.740492],[41.441033,52.740973],[41.440654,52.741171]]}},{"type":"Feature","properties":{"highway":"secondary","length":94.94482388755709},"geometry":{"type":"LineString","coordinates":[[41.445573,52.741738],[41.444493,52.742283]]}},{"type":"Feature","properties":{"highway":"secondary","length":120.13592563496871},"geometry":{"type":"LineString","coordinates":[[41.444493,52.742283],[41.443779,52.742637],[41.443115,52.742966]]}},{"type":"Feature","properties":{"highway":"residential","length":103.12260548667567},"geometry":{"type":"MultiLineString","coordinates":[[[41.458503,52.6941],[41.458501,52.694161]],[[41.458454,52.695025],[41.458454,52.695025]]]}},{"type":"Feature","properties":{"highway":"residential","length":174.76429997646744},"geometry":{"type":"LineString","coordinates":[[41.458454,52.695025],[41.458487,52.695102],[41.458527,52.695208],[41.458495,52.695868],[41.458454,52.696375],[41.458437,52.696524],[41.458429,52.696589]]}},{"type":"Feature","properties":{"highway":"residential","length":175.91421981907453},"geometry":{"type":"LineString","coordinates":[[41.459586,52.695044],[41.45957,52.695505],[41.459525,52.695856],[41.459426,52.695996],[41.459416,52.696401],[41.45939,52.696547],[41.459379,52.69661]]}},{"type":"Feature","properties":{"highway":"residential","length":65.21618390843838},"geometry":{"type":"LineString","coordinates":[[41.398848,52.699978],[41.398934,52.700014]]}},{"type":"Feature","properties":{"highway":"tertiary","length":73.68912602394727},"geometry":{"type":"LineString","coordinates":[[41.402269,52.699694],[41.401477,52.699238]]}},{"type":"Feature","properties":{"highway":"residential","length":96.29918359409437},"geometry":{"type":"LineString","coordinates":[[41.450909,52.703952],[41.450985,52.703891]]}},{"type":"Feature","properties":{"highway":"tertiary","length":86.89509006123006},"geometry":{"type":"LineString","coordinates":[[41.458503,52.6941],[41.457234,52.694225]]}},{"type":"Feature","properties":{"highway":"tertiary","length":9.772240954624188},"geometry":{"type":"LineString","coordinates":[[41.420697,52.731272],[41.420717,52.731252],[41.420765,52.731195]]}},{"type":"Feature","properties":{"highway":"tertiary","length":93.51431564748168},"geometry":{"type":"LineString","coordinates":[[41.420765,52.731195],[41.420938,52.730969],[41.421127,52.730747],[41.42139,52.730445]]}},{"type":"Feature","properties":{"highway":"residential","length":216.65305599892798},"geometry":{"type":"LineString","coordinates":[[41.417456,52.739185],[41.417546,52.739182],[41.417963,52.739165],[41.418759,52.739129],[41.418824,52.739126],[41.419738,52.739089],[41.420657,52.739066]]}},{"type":"Feature","properties":{"highway":"residential","length":251.25799755343124},"geometry":{"type":"LineString","coordinates":[[41.420657,52.739066],[41.421505,52.739045],[41.422804,52.739012],[41.422931,52.739009],[41.423071,52.739006],[41.423275,52.739001],[41.423964,52.738983],[41.424099,52.73898],[41.424188,52.73898],[41.424256,52.738988],[41.424323,52.738998],[41.424369,52.739008]]}},{"type":"Feature","properties":{"highway":"residential","length":5.304981616421529},"geometry":{"type":"LineString","coordinates":[[41.430756,52.734149],[41.43072,52.734166]]}},{"type":"Feature","properties":{"highway":"residential","length":24.67575511793033},"geometry":{"type":"LineString","coordinates":[[41.440453,52.707515],[41.44057,52.707491],[41.440656,52.707491],[41.440682,52.707494]]}},{"type":"Feature","properties":{"highway":"secondary","length":223.73343638918521},"geometry":{"type":"LineString","coordinates":[[41.418455,52.746206],[41.418339,52.746119],[41.417248,52.74525],[41.416592,52.744729],[41.416443,52.744609]]}},{"type":"Feature","properties":{"highway":"secondary","length":220.5780722175924},"geometry":{"type":"LineString","coordinates":[[41.416443,52.744609],[41.416328,52.744518],[41.415904,52.744171],[41.415466,52.743827],[41.415018,52.743488],[41.414674,52.743219],[41.414603,52.743163],[41.414552,52.74313],[41.414467,52.743102],[41.414386,52.743087]]}},{"type":"Feature","properties":{"highway":"secondary","length":445.42079273474917},"geometry":{"type":"LineString","coordinates":[[41.407957,52.764043],[41.407857,52.763999],[41.407375,52.763796],[41.407266,52.763744],[41.405209,52.762761],[41.405034,52.762678],[41.404911,52.762613],[41.404249,52.76214],[41.403955,52.761952],[41.403508,52.761708],[41.402969,52.761442]]}},{"type":"Feature","properties":{"highway":"secondary","length":23.296425180867303},"geometry":{"type":"LineString","coordinates":[[41.402969,52.761442],[41.402796,52.761361],[41.40269,52.761319]]}},{"type":"Feature","properties":{"highway":"primary","length":199.47924930220898},"geometry":{"type":"LineString","coordinates":[[41.509103,52.71561],[41.508353,52.715771],[41.507674,52.715931],[41.507542,52.715964],[41.507153,52.716063],[41.506766,52.716178],[41.506446,52.716277],[41.506384,52.716301]]}},{"type":"Feature","properties":{"highway":"primary","length":110.8022962298501},"geometry":{"type":"LineString","coordinates":[[41.506384,52.716301],[41.506216,52.716367],[41.505977,52.716462],[41.505802,52.716541],[41.505554,52.716654],[41.505073,52.716898]]}},{"type":"Feature","properties":{"highway":"residential","length":87.34642723495442},"geometry":{"type":"LineString","coordinates":[[41.408424,52.719767],[41.409064,52.719085]]}},{"type":"Feature","properties":{"highway":"residential","length":87.09423177764022},"geometry":{"type":"LineString","coordinates":[[41.408902,52.719029],[41.409064,52.719085]]}},{"type":"Feature","properties":{"highway":"residential","length":256.66898764815},"geometry":{"type":"LineString","coordinates":[[41.406079,52.7207],[41.406118,52.720632],[41.406138,52.720604]]}},{"type":"Feature","properties":{"highway":"residential","length":285.5361197247881},"geometry":{"type":"LineString","coordinates":[[41.410029,52.716582],[41.410043,52.716568],[41.410117,52.716493]]}},{"type":"Feature","properties":{"highway":"secondary","length":344.0656063582783},"geometry":{"type":"LineString","coordinates":[[41.411168,52.716904],[41.411271,52.716791],[41.411582,52.716452],[41.412515,52.715443],[41.412757,52.715187],[41.4137,52.714222]]}},{"type":"Feature","properties":{"highway":"secondary","length":69.53339093920002},"geometry":{"type":"LineString","coordinates":[[41.4137,52.714222],[41.413948,52.713916],[41.414025,52.713808],[41.414121,52.713653]]}},{"type":"Feature","properties":{"highway":"residential","length":265.4205307957644},"geometry":{"type":"LineString","coordinates":[[41.399943,52.71181],[41.400661,52.712074],[41.400729,52.712079],[41.400856,52.712064],[41.400977,52.712026],[41.401236,52.71191],[41.401999,52.711569],[41.402318,52.711423],[41.402674,52.711281],[41.402861,52.711225],[41.402985,52.711186],[41.403061,52.711148],[41.403179,52.71104]]}},{"type":"Feature","properties":{"highway":"primary","length":185.24269123474693},"geometry":{"type":"LineString","coordinates":[[41.515299,52.714327],[41.514631,52.714469],[41.51374,52.714659],[41.512713,52.714879]]}},{"type":"Feature","properties":{"highway":"primary","length":214.4847983028017},"geometry":{"type":"LineString","coordinates":[[41.512713,52.714879],[41.511655,52.71509],[41.510531,52.715311],[41.509961,52.715423],[41.509698,52.715481]]}},{"type":"Feature","properties":{"highway":"residential","length":74.1601875214887},"geometry":{"type":"LineString","coordinates":[[41.416282,52.74223],[41.415946,52.742367],[41.415635,52.742501],[41.41539,52.742618]]}},{"type":"Feature","properties":{"highway":"residential","length":85.63704077079801},"geometry":{"type":"LineString","coordinates":[[41.41539,52.742618],[41.415365,52.742631],[41.415114,52.742741],[41.414835,52.742866],[41.414551,52.743001],[41.414386,52.743087]]}},{"type":"Feature","properties":{"highway":"residential","length":400.34713929679737},"geometry":{"type":"LineString","coordinates":[[41.48794,52.737059],[41.489376,52.737433],[41.493384,52.738481]]}},{"type":"Feature","properties":{"highway":"residential","length":15.583638941363342},"geometry":{"type":"LineString","coordinates":[[41.493384,52.738481],[41.493595,52.738538]]}},{"type":"Feature","properties":{"highway":"residential","length":157.46773135427358},"geometry":{"type":"LineString","coordinates":[[41.493595,52.738538],[41.495751,52.739076]]}},{"type":"Feature","properties":{"highway":"residential","length":49.74523210820594},"geometry":{"type":"LineString","coordinates":[[41.493384,52.738481],[41.493512,52.738304],[41.493592,52.738261],[41.493674,52.738266],[41.493707,52.738295],[41.49373,52.738337],[41.493719,52.738396]]}},{"type":"Feature","properties":{"highway":"residential","length":17.88424364957126},"geometry":{"type":"LineString","coordinates":[[41.493719,52.738396],[41.493595,52.738538]]}},{"type":"Feature","properties":{"highway":"residential","length":106.9330181306947},"geometry":{"type":"LineString","coordinates":[[41.433158,52.716601],[41.432773,52.716528],[41.432405,52.716453],[41.431632,52.71635]]}},{"type":"Feature","properties":{"highway":"residential","length":158.85121382008973},"geometry":{"type":"LineString","coordinates":[[41.433158,52.716601],[41.43314,52.716629]]}},{"type":"Feature","properties":{"highway":"residential","length":385.17529155793846},"geometry":{"type":"MultiLineString","coordinates":[[[41.469713,52.698876],[41.469686,52.698854],[41.469654,52.698819],[41.469631,52.698775],[41.469624,52.698731],[41.46962,52.698661],[41.469638,52.698478],[41.469666,52.698219],[41.469666,52.698217]],[[41.46994,52.69679],[41.469989,52.69659],[41.470094,52.696135],[41.470169,52.695793],[41.47024,52.695539],[41.470283,52.695456]]]}},{"type":"Feature","properties":{"highway":"residential","length":108.69808409877014},"geometry":{"type":"LineString","coordinates":[[41.470283,52.695456],[41.470354,52.695399],[41.470385,52.695322],[41.470528,52.6945]]}},{"type":"Feature","properties":{"highway":"tertiary","length":92.53321437852316},"geometry":{"type":"LineString","coordinates":[[41.378653,52.762332],[41.379745,52.762834]]}},{"type":"Feature","properties":{"highway":"residential","length":98.46342776389892},"geometry":{"type":"LineString","coordinates":[[41.375083,52.765085],[41.375963,52.765461],[41.376249,52.765614]]}},{"type":"Feature","properties":{"highway":"residential","length":144.86199614022448},"geometry":{"type":"LineString","coordinates":[[41.447137,52.695576],[41.446907,52.695521],[41.445143,52.6951]]}},{"type":"Feature","properties":{"highway":"residential","length":279.48185721410675},"geometry":{"type":"LineString","coordinates":[[41.508404,52.712844],[41.508496,52.712756],[41.508532,52.712715],[41.508574,52.712675],[41.508666,52.712586],[41.509006,52.712284],[41.509459,52.711834],[41.510436,52.710862],[41.510526,52.710789],[41.510607,52.71072]]}},{"type":"Feature","properties":{"highway":"residential","length":177.9299466591272},"geometry":{"type":"LineString","coordinates":[[41.404491,52.741881],[41.404344,52.74201],[41.404173,52.742202],[41.403939,52.742431],[41.403737,52.742571],[41.403639,52.742697],[41.403624,52.742824],[41.403522,52.742985],[41.403316,52.743115],[41.4032,52.743247]]}},{"type":"Feature","properties":{"highway":"residential","length":41.349669435468215},"geometry":{"type":"LineString","coordinates":[[41.4032,52.743247],[41.403075,52.743384],[41.402888,52.743566]]}},{"type":"Feature","properties":{"highway":"residential","length":93.59838164488723},"geometry":{"type":"LineString","coordinates":[[41.465471,52.692967],[41.465308,52.69296],[41.464555,52.692931],[41.464399,52.692931],[41.464227,52.692929],[41.464088,52.692925]]}},{"type":"Feature","properties":{"highway":"residential","length":124.59960573045167},"geometry":{"type":"LineString","coordinates":[[41.436683,52.71701],[41.43488,52.716776]]}},{"type":"Feature","properties":{"highway":"residential","length":118.04287995411164},"geometry":{"type":"LineString","coordinates":[[41.43488,52.716776],[41.434025,52.716671],[41.433158,52.716601]]}},{"type":"Feature","properties":{"highway":"residential","length":208.40583879740086},"geometry":{"type":"LineString","coordinates":[[41.402566,52.744451],[41.40251,52.744454],[41.40246,52.744469],[41.402423,52.744493],[41.402393,52.744533],[41.402372,52.744566],[41.402229,52.744807],[41.402106,52.74503],[41.401981,52.745239],[41.401798,52.745582],[41.401758,52.745636]]}},{"type":"Feature","properties":{"highway":"residential","length":96.3076615623265},"geometry":{"type":"LineString","coordinates":[[41.393984,52.754408],[41.394005,52.754407],[41.394132,52.754416],[41.394259,52.754431],[41.394357,52.754448],[41.394728,52.754527],[41.394859,52.754559]]}},{"type":"Feature","properties":{"highway":"residential","length":84.48367854226498},"geometry":{"type":"LineString","coordinates":[[41.402708,52.752114],[41.402617,52.752488],[41.402558,52.752673],[41.40248,52.75286]]}},{"type":"Feature","properties":{"highway":"residential","length":115.84087719798498},"geometry":{"type":"LineString","coordinates":[[41.40248,52.75286],[41.402214,52.753518],[41.402066,52.75387]]}},{"type":"Feature","properties":{"highway":"residential","length":83.42121328901356},"geometry":{"type":"LineString","coordinates":[[41.40248,52.75286],[41.402629,52.752868]]}},{"type":"Feature","properties":{"highway":"residential","length":148.2496819840066},"geometry":{"type":"LineString","coordinates":[[41.40288,52.749778],[41.402829,52.750363],[41.40279,52.751108]]}},{"type":"Feature","properties":{"highway":"residential","length":112.08410965752292},"geometry":{"type":"LineString","coordinates":[[41.40279,52.751108],[41.402775,52.751393],[41.402746,52.75175],[41.402708,52.752114]]}},{"type":"Feature","properties":{"highway":"residential","length":244.47054434435333},"geometry":{"type":"LineString","coordinates":[[41.402894,52.749612],[41.403048,52.749622]]}},{"type":"Feature","properties":{"highway":"residential","length":88.6453189270038},"geometry":{"type":"LineString","coordinates":[[41.410947,52.701755],[41.411018,52.701789]]}},{"type":"Feature","properties":{"highway":"residential","length":30.33621357416732},"geometry":{"type":"LineString","coordinates":[[41.41051,52.70286],[41.41044,52.702824]]}},{"type":"Feature","properties":{"highway":"residential","length":113.49039161392692},"geometry":{"type":"LineString","coordinates":[[41.410936,52.718567],[41.410917,52.71865]]}},{"type":"Feature","properties":{"highway":"tertiary","length":93.73856314814611},"geometry":{"type":"LineString","coordinates":[[41.456715,52.742024],[41.456618,52.742118],[41.455983,52.742739]]}},{"type":"Feature","properties":{"highway":"tertiary","length":275.42164054120974},"geometry":{"type":"LineString","coordinates":[[41.455983,52.742739],[41.455376,52.743324],[41.454957,52.743729],[41.454524,52.744122],[41.45391,52.744678],[41.453715,52.744791]]}},{"type":"Feature","properties":{"highway":"residential","length":65.89828735455953},"geometry":{"type":"LineString","coordinates":[[41.426911,52.748132],[41.426997,52.748089],[41.42759,52.747789],[41.427661,52.747753]]}},{"type":"Feature","properties":{"highway":"residential","length":94.66551189118174},"geometry":{"type":"LineString","coordinates":[[41.428833,52.752054],[41.429912,52.752152],[41.430219,52.75218]]}},{"type":"Feature","properties":{"highway":"residential","length":138.04061189311514},"geometry":{"type":"LineString","coordinates":[[41.428833,52.752054],[41.42892,52.751949]]}},{"type":"Feature","properties":{"highway":"residential","length":147.41707952773353},"geometry":{"type":"LineString","coordinates":[[41.430644,52.749819],[41.430697,52.749752]]}},{"type":"Feature","properties":{"highway":"residential","length":76.91447656850376},"geometry":{"type":"LineString","coordinates":[[41.430219,52.75218],[41.431346,52.752283]]}},{"type":"Feature","properties":{"highway":"residential","length":115.37307119728627},"geometry":{"type":"LineString","coordinates":[[41.431346,52.752283],[41.43174,52.752319],[41.433036,52.752437]]}},{"type":"Feature","properties":{"highway":"residential","length":114.68952637748211},"geometry":{"type":"LineString","coordinates":[[41.432659,52.737127],[41.432577,52.737048],[41.432571,52.737044]]}},{"type":"Feature","properties":{"highway":"residential","length":107.7866293882757},"geometry":{"type":"LineString","coordinates":[[41.430681,52.735644],[41.430586,52.735575]]}},{"type":"Feature","properties":{"highway":"residential","length":158.7780575006074},"geometry":{"type":"LineString","coordinates":[[41.430456,52.736862],[41.430532,52.736825]]}},{"type":"Feature","properties":{"highway":"residential","length":91.60345511857348},"geometry":{"type":"LineString","coordinates":[[41.430532,52.736825],[41.430595,52.736796]]}},{"type":"Feature","properties":{"highway":"residential","length":107.60723158856896},"geometry":{"type":"LineString","coordinates":[[41.42954,52.736069],[41.430532,52.736825]]}},{"type":"Feature","properties":{"highway":"residential","length":116.50292709664609},"geometry":{"type":"LineString","coordinates":[[41.430532,52.736825],[41.431577,52.737658]]}},{"type":"Feature","properties":{"highway":"residential","length":97.2900252386562},"geometry":{"type":"LineString","coordinates":[[41.36802,52.762096],[41.368049,52.762164],[41.368364,52.762848],[41.368386,52.762941]]}},{"type":"Feature","properties":{"highway":"residential","length":241.00724094899977},"geometry":{"type":"LineString","coordinates":[[41.371078,52.766772],[41.370841,52.76666],[41.370496,52.766509],[41.368445,52.765584],[41.368213,52.76548]]}},{"type":"Feature","properties":{"highway":"residential","length":253.85032265161644},"geometry":{"type":"LineString","coordinates":[[41.367033,52.769987],[41.36713,52.769895],[41.367524,52.769598],[41.367759,52.769417],[41.368362,52.768932],[41.368463,52.768856],[41.368522,52.768811],[41.369237,52.768246],[41.369328,52.76818]]}},{"type":"Feature","properties":{"highway":"residential","length":235.43179247320754},"geometry":{"type":"MultiLineString","coordinates":[[[41.372862,52.761816],[41.372985,52.761845]],[[41.375504,52.763072],[41.375601,52.76312]]]}},{"type":"Feature","properties":{"highway":"tertiary","length":102.60740931494104},"geometry":{"type":"LineString","coordinates":[[41.370159,52.76394],[41.370266,52.763853],[41.370875,52.763351],[41.371071,52.763203]]}},{"type":"Feature","properties":{"highway":"residential","length":99.08916873102481},"geometry":{"type":"LineString","coordinates":[[41.372248,52.76731],[41.371078,52.766772]]}},{"type":"Feature","properties":{"highway":"tertiary","length":102.86233455598077},"geometry":{"type":"LineString","coordinates":[[41.3698,52.770767],[41.369564,52.770701],[41.368572,52.770422],[41.368416,52.77038]]}},{"type":"Feature","properties":{"highway":"residential","length":96.44506307394533},"geometry":{"type":"LineString","coordinates":[[41.373365,52.767851],[41.372248,52.76731]]}},{"type":"Feature","properties":{"highway":"tertiary","length":106.38347945317989},"geometry":{"type":"LineString","coordinates":[[41.377409,52.761744],[41.377596,52.761832],[41.378653,52.762332]]}},{"type":"Feature","properties":{"highway":"residential","length":309.3648908538847},"geometry":{"type":"LineString","coordinates":[[41.382794,52.761995],[41.382628,52.761919]]}},{"type":"Feature","properties":{"highway":"residential","length":160.1335198554475},"geometry":{"type":"LineString","coordinates":[[41.377321,52.758375],[41.377261,52.758347]]}},{"type":"Feature","properties":{"highway":"residential","length":94.96985646907156},"geometry":{"type":"LineString","coordinates":[[41.377321,52.758375],[41.37819,52.757704]]}},{"type":"Feature","properties":{"highway":"residential","length":105.11165093997559},"geometry":{"type":"LineString","coordinates":[[41.384412,52.760596],[41.385311,52.759824]]}},{"type":"Feature","properties":{"highway":"residential","length":300.1265751667132},"geometry":{"type":"LineString","coordinates":[[41.384282,52.760535],[41.384412,52.760596]]}},{"type":"Feature","properties":{"highway":"residential","length":106.20759166648693},"geometry":{"type":"LineString","coordinates":[[41.381739,52.758241],[41.381809,52.758191]]}},{"type":"Feature","properties":{"highway":"residential","length":99.91962926481759},"geometry":{"type":"LineString","coordinates":[[41.377329,52.761709],[41.377419,52.761638]]}},{"type":"Feature","properties":{"highway":"residential","length":103.06882274507672},"geometry":{"type":"LineString","coordinates":[[41.380988,52.7634],[41.381161,52.763325],[41.381942,52.762684]]}},{"type":"Feature","properties":{"highway":"residential","length":88.37225260429881},"geometry":{"type":"LineString","coordinates":[[41.390035,52.761998],[41.390102,52.761948],[41.390192,52.761875],[41.390575,52.761586],[41.390854,52.761379]]}},{"type":"Feature","properties":{"highway":"residential","length":85.7024240091538},"geometry":{"type":"LineString","coordinates":[[41.390854,52.761379],[41.39162,52.760765]]}},{"type":"Feature","properties":{"highway":"residential","length":94.95455669205998},"geometry":{"type":"LineString","coordinates":[[41.385311,52.759824],[41.38564,52.759736],[41.386278,52.759233]]}},{"type":"Feature","properties":{"highway":"residential","length":86.69003058871195},"geometry":{"type":"LineString","coordinates":[[41.386278,52.759233],[41.386596,52.758984],[41.387073,52.758621]]}},{"type":"Feature","properties":{"highway":"residential","length":188.49426411672903},"geometry":{"type":"LineString","coordinates":[[41.441346,52.734606],[41.441178,52.734584],[41.438603,52.734294]]}},{"type":"Feature","properties":{"highway":"residential","length":207.88139873655822},"geometry":{"type":"LineString","coordinates":[[41.438603,52.734294],[41.436166,52.734046],[41.43609,52.734041],[41.435892,52.734027],[41.435786,52.734033],[41.435605,52.734114]]}},{"type":"Feature","properties":{"highway":"residential","length":63.46622799044478},"geometry":{"type":"LineString","coordinates":[[41.457975,52.700188],[41.457883,52.700243],[41.457607,52.700416],[41.45732,52.700596]]}},{"type":"Feature","properties":{"highway":"residential","length":206.3457708032792},"geometry":{"type":"MultiLineString","coordinates":[[[41.45732,52.700596],[41.457251,52.700547]],[[41.458139,52.700012],[41.45819,52.700014]]]}},{"type":"Feature","properties":{"highway":"residential","length":70.91613594599254},"geometry":{"type":"LineString","coordinates":[[41.45819,52.700014],[41.458287,52.700002],[41.458377,52.700003],[41.458441,52.700009]]}},{"type":"Feature","properties":{"highway":"residential","length":24.13717047609291},"geometry":{"type":"LineString","coordinates":[[41.45819,52.700014],[41.457975,52.700188]]}},{"type":"Feature","properties":{"highway":"secondary","length":356.8676057890402},"geometry":{"type":"LineString","coordinates":[[41.395791,52.774831],[41.395981,52.774918],[41.396505,52.775159],[41.397037,52.775406],[41.397156,52.775462],[41.398481,52.776078],[41.398604,52.776135],[41.399991,52.77678]]}},{"type":"Feature","properties":{"highway":"secondary","length":132.39134322381216},"geometry":{"type":"LineString","coordinates":[[41.399991,52.77678],[41.400145,52.776851],[41.40072,52.777119],[41.401548,52.777504]]}},{"type":"Feature","properties":{"highway":"tertiary","length":93.85638266360621},"geometry":{"type":"LineString","coordinates":[[41.387857,52.78116],[41.387919,52.78111],[41.388607,52.78057],[41.388703,52.780491]]}},{"type":"Feature","properties":{"highway":"residential","length":251.54607479969042},"geometry":{"type":"LineString","coordinates":[[41.388703,52.780491],[41.38881,52.780538],[41.388826,52.780546]]}},{"type":"Feature","properties":{"highway":"residential","length":367.38802544647086},"geometry":{"type":"LineString","coordinates":[[41.395864,52.783818],[41.395975,52.78388]]}},{"type":"Feature","properties":{"highway":"tertiary","length":96.16196137729533},"geometry":{"type":"LineString","coordinates":[[41.39684,52.783193],[41.395975,52.78388]]}},{"type":"Feature","properties":{"highway":"tertiary","length":100.30702876945686},"geometry":{"type":"LineString","coordinates":[[41.388703,52.780491],[41.388795,52.780416],[41.389532,52.779841],[41.389611,52.779777]]}},{"type":"Feature","properties":{"highway":"residential","length":99.96722187444666},"geometry":{"type":"LineString","coordinates":[[41.386904,52.777331],[41.386828,52.777296],[41.385822,52.776837],[41.38572,52.776791]]}},{"type":"Feature","properties":{"highway":"tertiary","length":93.01072355827485},"geometry":{"type":"LineString","coordinates":[[41.382626,52.779269],[41.382705,52.779307],[41.383619,52.779731],[41.383717,52.77978]]}},{"type":"Feature","properties":{"highway":"residential","length":96.00800492466189},"geometry":{"type":"LineString","coordinates":[[41.38572,52.776791],[41.385607,52.77674],[41.38468,52.776309],[41.38459,52.776267]]}},{"type":"Feature","properties":{"highway":"residential","length":113.40410729336809},"geometry":{"type":"LineString","coordinates":[[41.38459,52.776267],[41.383234,52.775665]]}},{"type":"Feature","properties":{"highway":"tertiary","length":111.68553155942195},"geometry":{"type":"LineString","coordinates":[[41.371144,52.785187],[41.371226,52.785218],[41.37137,52.785283],[41.371429,52.78531],[41.372259,52.785699],[41.372396,52.785764],[41.372461,52.785795]]}},{"type":"Feature","properties":{"highway":"tertiary","length":345.9092833705809},"geometry":{"type":"LineString","coordinates":[[41.372461,52.785795],[41.372539,52.785832],[41.372578,52.78585],[41.374501,52.786748],[41.376169,52.78749],[41.376291,52.787545],[41.376556,52.787664]]}},{"type":"Feature","properties":{"highway":"residential","length":97.23189376615917},"geometry":{"type":"LineString","coordinates":[[41.388058,52.777854],[41.387951,52.777809],[41.386986,52.777368],[41.386904,52.777331]]}},{"type":"Feature","properties":{"highway":"tertiary","length":101.28874246981243},"geometry":{"type":"LineString","coordinates":[[41.383717,52.77978],[41.383808,52.779822],[41.384774,52.780282],[41.384899,52.78034]]}},{"type":"Feature","properties":{"highway":"residential","length":115.40953708810014},"geometry":{"type":"LineString","coordinates":[[41.390604,52.778986],[41.39042,52.778906],[41.390113,52.778764],[41.389931,52.778681],[41.38953,52.778504],[41.389332,52.778417],[41.389226,52.778372]]}},{"type":"Feature","properties":{"highway":"residential","length":97.6314767988557},"geometry":{"type":"LineString","coordinates":[[41.389226,52.778372],[41.38915,52.778339],[41.388703,52.77814],[41.388186,52.77791],[41.388058,52.777854]]}},{"type":"Feature","properties":{"highway":"tertiary","length":98.70541660339433},"geometry":{"type":"LineString","coordinates":[[41.384899,52.78034],[41.385033,52.780403],[41.385955,52.780842],[41.386051,52.780887]]}},{"type":"Feature","properties":{"highway":"tertiary","length":76.05042323818327},"geometry":{"type":"LineString","coordinates":[[41.386051,52.780887],[41.386145,52.780931],[41.386763,52.781225],[41.386938,52.781309]]}},{"type":"Feature","properties":{"highway":"tertiary","length":48.004493974274},"geometry":{"type":"LineString","coordinates":[[41.386381,52.781746],[41.386229,52.781865],[41.386181,52.781903],[41.386018,52.782026],[41.385942,52.782085]]}},{"type":"Feature","properties":{"highway":"tertiary","length":98.30411282857875},"geometry":{"type":"LineString","coordinates":[[41.385942,52.782085],[41.385871,52.782142],[41.385152,52.782705],[41.385052,52.782784]]}},{"type":"Feature","properties":{"highway":"tertiary","length":97.13601587136843},"geometry":{"type":"LineString","coordinates":[[41.385052,52.782784],[41.384946,52.782867],[41.384257,52.783406],[41.38417,52.783475]]}},{"type":"Feature","properties":{"highway":"residential","length":94.47483362283978},"geometry":{"type":"LineString","coordinates":[[41.377807,52.781611],[41.377743,52.78166],[41.377722,52.781676],[41.377715,52.781681]]}},{"type":"Feature","properties":{"highway":"residential","length":19.352520577271775},"geometry":{"type":"LineString","coordinates":[[41.373799,52.783076],[41.373684,52.783024],[41.373569,52.782972]]}},{"type":"Feature","properties":{"highway":"residential","length":295.4648291307118},"geometry":{"type":"LineString","coordinates":[[41.373799,52.783076],[41.373733,52.783125],[41.373703,52.783147],[41.372437,52.784168],[41.371284,52.785077],[41.371144,52.785187]]}},{"type":"Feature","properties":{"highway":"residential","length":98.93540376341466},"geometry":{"type":"LineString","coordinates":[[41.372555,52.785725],[41.372461,52.785795]]}},{"type":"Feature","properties":{"highway":"tertiary","length":101.5906094618903},"geometry":{"type":"LineString","coordinates":[[41.378756,52.786536],[41.378616,52.786583],[41.378181,52.786737],[41.377895,52.786843],[41.37762,52.78696],[41.377488,52.787026]]}},{"type":"Feature","properties":{"highway":"tertiary","length":63.248328771454425},"geometry":{"type":"LineString","coordinates":[[41.377488,52.787026],[41.377406,52.787081],[41.376866,52.787451]]}},{"type":"Feature","properties":{"highway":"tertiary","length":97.08025466388787},"geometry":{"type":"LineString","coordinates":[[41.382375,52.784867],[41.3823,52.78493],[41.381589,52.78546],[41.381465,52.785543]]}},{"type":"Feature","properties":{"highway":"residential","length":98.13404724204106},"geometry":{"type":"LineString","coordinates":[[41.390231,52.77617],[41.389077,52.775634]]}},{"type":"Feature","properties":{"highway":"residential","length":97.56296982397807},"geometry":{"type":"LineString","coordinates":[[41.389077,52.775634],[41.387938,52.775093]]}},{"type":"Feature","properties":{"highway":"residential","length":223.9033644780961},"geometry":{"type":"LineString","coordinates":[[41.391949,52.718516],[41.392153,52.718028],[41.392316,52.717721],[41.392488,52.717417],[41.392952,52.716599]]}},{"type":"Feature","properties":{"highway":"residential","length":53.74893530721921},"geometry":{"type":"LineString","coordinates":[[41.392952,52.716599],[41.393078,52.716411],[41.393109,52.716349],[41.393211,52.716143]]}},{"type":"Feature","properties":{"highway":"residential","length":87.36151130343218},"geometry":{"type":"LineString","coordinates":[[41.398182,52.69766],[41.398659,52.697896],[41.399173,52.698164]]}},{"type":"Feature","properties":{"highway":"residential","length":87.4101138572664},"geometry":{"type":"LineString","coordinates":[[41.399173,52.698164],[41.399556,52.698362],[41.399734,52.698416],[41.399958,52.698474],[41.400257,52.698582]]}},{"type":"Feature","properties":{"highway":"residential","length":87.33242656964023},"geometry":{"type":"LineString","coordinates":[[41.403869,52.711291],[41.403916,52.711243]]}},{"type":"Feature","properties":{"highway":"residential","length":69.22604697822649},"geometry":{"type":"LineString","coordinates":[[41.411351,52.708083],[41.41182,52.70753]]}},{"type":"Feature","properties":{"highway":"residential","length":138.6268062681521},"geometry":{"type":"LineString","coordinates":[[41.41182,52.70753],[41.412647,52.706539],[41.412755,52.706421]]}},{"type":"Feature","properties":{"highway":"residential","length":13.659314488342272},"geometry":{"type":"LineString","coordinates":[[41.424893,52.701644],[41.424706,52.701597]]}},{"type":"Feature","properties":{"highway":"residential","length":205.3371988158773},"geometry":{"type":"LineString","coordinates":[[41.430939,52.714743],[41.43129,52.714778],[41.431756,52.71483],[41.431803,52.714835],[41.432748,52.714952],[41.433936,52.715042]]}},{"type":"Feature","properties":{"highway":"residential","length":185.28011919341895},"geometry":{"type":"LineString","coordinates":[[41.46622,52.715357],[41.46608,52.715454],[41.465858,52.715616],[41.465723,52.715713],[41.465623,52.71579],[41.465571,52.71583],[41.465526,52.715877],[41.465477,52.715961],[41.465428,52.7161],[41.465392,52.716174],[41.465354,52.71622],[41.465285,52.716269],[41.465174,52.716315],[41.465058,52.716361],[41.464852,52.716446],[41.464615,52.716544],[41.464506,52.716589]]}},{"type":"Feature","properties":{"highway":"residential","length":41.868437526670334},"geometry":{"type":"LineString","coordinates":[[41.4735,52.688151],[41.474101,52.68824]]}},{"type":"Feature","properties":{"highway":"residential","length":45.03673969855287},"geometry":{"type":"LineString","coordinates":[[41.474101,52.68824],[41.474748,52.688337]]}},{"type":"Feature","properties":{"highway":"residential","length":37.33159912788169},"geometry":{"type":"LineString","coordinates":[[41.474101,52.68824],[41.474128,52.68828],[41.474137,52.688347],[41.474075,52.688397],[41.473949,52.688403],[41.47383,52.688357]]}},{"type":"Feature","properties":{"highway":"residential","length":32.16313895531756},"geometry":{"type":"LineString","coordinates":[[41.47383,52.688357],[41.473794,52.688343],[41.473673,52.688252],[41.4735,52.688151]]}},{"type":"Feature","properties":{"highway":"tertiary","length":131.21781921101638},"geometry":{"type":"LineString","coordinates":[[41.470528,52.6945],[41.470108,52.694457],[41.469578,52.694364],[41.468619,52.694308]]}},{"type":"Feature","properties":{"highway":"tertiary","length":133.5521272606816},"geometry":{"type":"LineString","coordinates":[[41.473675,52.694664],[41.471816,52.694496],[41.471721,52.694498]]}},{"type":"Feature","properties":{"highway":"residential","length":58.81585888634119},"geometry":{"type":"LineString","coordinates":[[41.471375,52.699177],[41.471251,52.699157],[41.471057,52.699124],[41.470822,52.699092],[41.470529,52.699056]]}},{"type":"Feature","properties":{"highway":"residential","length":59.50353383507298},"geometry":{"type":"LineString","coordinates":[[41.470529,52.699056],[41.47036,52.699035],[41.470219,52.699017],[41.470032,52.698988],[41.469878,52.698945],[41.469833,52.698931],[41.469787,52.698914],[41.469753,52.698899],[41.469713,52.698876]]}},{"type":"Feature","properties":{"highway":"tertiary","length":137.44613404649118},"geometry":{"type":"LineString","coordinates":[[41.478301,52.700724],[41.478307,52.70067],[41.478429,52.699491]]}},{"type":"Feature","properties":{"highway":"residential","length":149.7910508847551},"geometry":{"type":"LineString","coordinates":[[41.476451,52.699442],[41.476525,52.698823],[41.476632,52.6981]]}},{"type":"Feature","properties":{"highway":"residential","length":355.17253682257956},"geometry":{"type":"LineString","coordinates":[[41.476632,52.6981],[41.47701,52.694917]]}},{"type":"Feature","properties":{"highway":"tertiary","length":151.2903927398842},"geometry":{"type":"LineString","coordinates":[[41.478429,52.699491],[41.478438,52.699137],[41.47849,52.698132]]}},{"type":"Feature","properties":{"highway":"tertiary","length":276.49042200764256},"geometry":{"type":"LineString","coordinates":[[41.47849,52.698132],[41.478495,52.698062],[41.478589,52.696317],[41.478605,52.695999],[41.478626,52.695695],[41.478632,52.695649]]}},{"type":"Feature","properties":{"highway":"secondary","length":34.60099384805796},"geometry":{"type":"LineString","coordinates":[[41.417082,52.76764],[41.417143,52.767949]]}},{"type":"Feature","properties":{"highway":"secondary","length":21.6396540552129},"geometry":{"type":"LineString","coordinates":[[41.417143,52.767949],[41.41705,52.768058],[41.416961,52.768105]]}},{"type":"Feature","properties":{"highway":"secondary","length":41.47262599147456},"geometry":{"type":"LineString","coordinates":[[41.416961,52.768105],[41.416809,52.768129],[41.416355,52.768161]]}},{"type":"Feature","properties":{"highway":"residential","length":48.78798797621342},"geometry":{"type":"LineString","coordinates":[[41.474904,52.713528],[41.474972,52.713319],[41.475039,52.713208],[41.475129,52.713116]]}},{"type":"Feature","properties":{"highway":"residential","length":96.70568289871775},"geometry":{"type":"LineString","coordinates":[[41.475129,52.713116],[41.475243,52.713028],[41.475584,52.712869],[41.475843,52.71278],[41.475981,52.712769],[41.476067,52.712764],[41.476357,52.712794]]}},{"type":"Feature","properties":{"highway":"tertiary","length":21.718476718022153},"geometry":{"type":"LineString","coordinates":[[41.425892,52.726762],[41.42621,52.726789]]}},{"type":"Feature","properties":{"highway":"tertiary","length":68.66089840511198},"geometry":{"type":"LineString","coordinates":[[41.422129,52.726501],[41.422218,52.726479],[41.422268,52.726472],[41.422343,52.726466],[41.422385,52.726467],[41.422474,52.726474],[41.423128,52.726533]]}},{"type":"Feature","properties":{"highway":"tertiary","length":188.48926889170468},"geometry":{"type":"LineString","coordinates":[[41.423128,52.726533],[41.423643,52.726574],[41.424061,52.726601],[41.424265,52.726615],[41.424706,52.726656],[41.424823,52.726667],[41.425892,52.726762]]}},{"type":"Feature","properties":{"highway":"residential","length":96.08700583270578},"geometry":{"type":"LineString","coordinates":[[41.433329,52.703403],[41.433323,52.703399]]}},{"type":"Feature","properties":{"highway":"residential","length":18.59834857695379},"geometry":{"type":"LineString","coordinates":[[41.470206,52.737012],[41.470442,52.737098]]}},{"type":"Feature","properties":{"highway":"residential","length":258.4261041815507},"geometry":{"type":"LineString","coordinates":[[41.470442,52.737098],[41.471047,52.737295],[41.471162,52.737332],[41.471298,52.737377],[41.471548,52.737458],[41.471713,52.737512],[41.471854,52.737558],[41.471964,52.737593],[41.472146,52.737653],[41.472413,52.73774],[41.472696,52.737831],[41.472968,52.73792],[41.473028,52.737939],[41.473157,52.737982],[41.473428,52.73807],[41.473708,52.738161],[41.473814,52.738195]]}},{"type":"Feature","properties":{"highway":"residential","length":197.39273264174602},"geometry":{"type":"LineString","coordinates":[[41.448873,52.7588],[41.448887,52.758853],[41.448935,52.758889],[41.44901,52.758909],[41.451687,52.758927]]}},{"type":"Feature","properties":{"highway":"residential","length":399.97502145218596},"geometry":{"type":"MultiLineString","coordinates":[[[41.451687,52.758927],[41.452463,52.758934]],[[41.457554,52.758892],[41.457609,52.75889]]]}},{"type":"Feature","properties":{"highway":"tertiary","length":167.1398808407614},"geometry":{"type":"LineString","coordinates":[[41.450826,52.758415],[41.450824,52.758414],[41.450606,52.75837],[41.449668,52.758163],[41.449531,52.758138],[41.449287,52.758121]]}},{"type":"Feature","properties":{"highway":"residential","length":109.31305246205663},"geometry":{"type":"LineString","coordinates":[[41.42233,52.700783],[41.422242,52.70084],[41.42194,52.701037],[41.421873,52.701069],[41.421802,52.701083],[41.421697,52.701079]]}},{"type":"Feature","properties":{"highway":"secondary","length":5.462643853326299},"geometry":{"type":"LineString","coordinates":[[41.391989,52.768618],[41.39205,52.768651]]}},{"type":"Feature","properties":{"highway":"secondary","length":230.05944249862975},"geometry":{"type":"LineString","coordinates":[[41.39205,52.768651],[41.39217,52.76871],[41.392443,52.768844],[41.392667,52.76895],[41.392888,52.769056],[41.393346,52.769264],[41.393546,52.769357],[41.3936,52.769381],[41.394754,52.769909]]}},{"type":"Feature","properties":{"highway":"secondary","length":184.7315431033807},"geometry":{"type":"LineString","coordinates":[[41.403711,52.768406],[41.403564,52.768338],[41.403108,52.768122],[41.402692,52.767925],[41.402506,52.767838],[41.401688,52.767437],[41.401566,52.767375]]}},{"type":"Feature","properties":{"highway":"secondary","length":109.6343973576758},"geometry":{"type":"LineString","coordinates":[[41.401566,52.767375],[41.401436,52.767318],[41.401393,52.767298],[41.400278,52.766775]]}},{"type":"Feature","properties":{"highway":"tertiary","length":127.1669523980703},"geometry":{"type":"LineString","coordinates":[[41.398141,52.706947],[41.398057,52.707109],[41.397876,52.707455],[41.397781,52.707638],[41.397569,52.708035]]}},{"type":"Feature","properties":{"highway":"tertiary","length":119.82734840190858},"geometry":{"type":"LineString","coordinates":[[41.397569,52.708035],[41.397478,52.708138],[41.397022,52.709057]]}},{"type":"Feature","properties":{"highway":"residential","length":126.18364149966986},"geometry":{"type":"LineString","coordinates":[[41.398078,52.7082],[41.398109,52.708146]]}},{"type":"Feature","properties":{"highway":"residential","length":31.637842440916877},"geometry":{"type":"LineString","coordinates":[[41.398109,52.708146],[41.398128,52.708121]]}},{"type":"Feature","properties":{"highway":"unclassified","length":67.18444131487674},"geometry":{"type":"LineString","coordinates":[[41.356836,52.701119],[41.357231,52.70106],[41.357504,52.701042],[41.357816,52.701034]]}},{"type":"Feature","properties":{"highway":"primary","length":174.88532717312322},"geometry":{"type":"LineString","coordinates":[[41.363441,52.723885],[41.365991,52.723614]]}},{"type":"Feature","properties":{"highway":"primary","length":885.9563018153777},"geometry":{"type":"LineString","coordinates":[[41.365991,52.723614],[41.367994,52.723401],[41.369338,52.723258],[41.377515,52.722389],[41.377915,52.722348],[41.378421,52.722297],[41.378915,52.722296]]}},{"type":"Feature","properties":{"highway":"residential","length":47.373407556462155},"geometry":{"type":"LineString","coordinates":[[41.383345,52.723093],[41.383386,52.723018],[41.383398,52.722986],[41.383397,52.722953],[41.383371,52.722865],[41.383348,52.722791],[41.383339,52.722765],[41.383308,52.722678]]}},{"type":"Feature","properties":{"highway":"residential","length":94.87944442933906},"geometry":{"type":"MultiLineString","coordinates":[[[41.383308,52.722678],[41.383293,52.722635]],[[41.383066,52.721994],[41.383001,52.721846]]]}},{"type":"Feature","properties":{"highway":"residential","length":72.15452316860906},"geometry":{"type":"LineString","coordinates":[[41.383381,52.72267],[41.383308,52.722678]]}},{"type":"Feature","properties":{"highway":"residential","length":72.37186343585202},"geometry":{"type":"LineString","coordinates":[[41.383308,52.722678],[41.383132,52.7227],[41.383074,52.722689],[41.383045,52.722684],[41.382259,52.722778]]}},{"type":"Feature","properties":{"highway":"secondary","length":15.810604392694279},"geometry":{"type":"LineString","coordinates":[[41.387091,52.753944],[41.387243,52.754052]]}},{"type":"Feature","properties":{"highway":"secondary","length":120.21943334773216},"geometry":{"type":"LineString","coordinates":[[41.387243,52.754052],[41.387284,52.754081],[41.387507,52.754217],[41.387922,52.754454],[41.388253,52.754625],[41.388564,52.754775]]}},{"type":"Feature","properties":{"highway":"secondary","length":181.84287720830372},"geometry":{"type":"LineString","coordinates":[[41.397076,52.770976],[41.3972,52.771033],[41.398661,52.771705],[41.399072,52.771895],[41.399222,52.771964]]}},{"type":"Feature","properties":{"highway":"secondary","length":27.767287667882883},"geometry":{"type":"LineString","coordinates":[[41.391097,52.772628],[41.391243,52.772699],[41.391418,52.772784]]}},{"type":"Feature","properties":{"highway":"secondary","length":69.58344276242926},"geometry":{"type":"LineString","coordinates":[[41.391418,52.772784],[41.392086,52.773099],[41.392231,52.773169]]}},{"type":"Feature","properties":{"highway":"residential","length":504.4402233400036},"geometry":{"type":"MultiLineString","coordinates":[[[41.399447,52.766381],[41.399316,52.766478],[41.399296,52.766494]],[[41.395074,52.76986],[41.39505,52.769879],[41.394919,52.769987]]]}},{"type":"Feature","properties":{"highway":"residential","length":390.7961082576333},"geometry":{"type":"LineString","coordinates":[[41.394919,52.769987],[41.394785,52.770098],[41.394687,52.770177],[41.394075,52.770682],[41.393909,52.770813],[41.39356,52.771092],[41.392685,52.771783],[41.392484,52.771942],[41.392375,52.772023],[41.392325,52.77206],[41.392026,52.772306],[41.391679,52.772581],[41.39152,52.772704],[41.391418,52.772784]]}},{"type":"Feature","properties":{"highway":"secondary","length":14.069434424764237},"geometry":{"type":"LineString","coordinates":[[41.394754,52.769909],[41.394919,52.769987]]}},{"type":"Feature","properties":{"highway":"secondary","length":182.54610012107207},"geometry":{"type":"LineString","coordinates":[[41.394919,52.769987],[41.395105,52.770076],[41.396912,52.770901],[41.397076,52.770976]]}},{"type":"Feature","properties":{"highway":"residential","length":106.79095558909786},"geometry":{"type":"LineString","coordinates":[[41.376022,52.772501],[41.37614,52.772398],[41.376832,52.771834],[41.376966,52.771731]]}},{"type":"Feature","properties":{"highway":"residential","length":108.39788818809602},"geometry":{"type":"LineString","coordinates":[[41.384477,52.784715],[41.38456,52.784751],[41.384895,52.7849],[41.384969,52.784924],[41.385024,52.784936],[41.385078,52.784946],[41.385131,52.784951],[41.3852,52.784956],[41.385264,52.784955],[41.385322,52.784951],[41.38567,52.784899],[41.385765,52.784892],[41.385861,52.784896],[41.385955,52.784905]]}},{"type":"Feature","properties":{"highway":"residential","length":99.51086650042203},"geometry":{"type":"LineString","coordinates":[[41.385955,52.784905],[41.386169,52.785016],[41.387012,52.785396],[41.387126,52.785448]]}},{"type":"Feature","properties":{"highway":"tertiary","length":165.16218607106316},"geometry":{"type":"LineString","coordinates":[[41.392204,52.784416],[41.3923,52.784466],[41.393091,52.784893],[41.393517,52.78511],[41.393957,52.785314],[41.394072,52.785374]]}},{"type":"Feature","properties":{"highway":"tertiary","length":97.74724053225181},"geometry":{"type":"LineString","coordinates":[[41.395975,52.78388],[41.395088,52.784574]]}},{"type":"Feature","properties":{"highway":"residential","length":366.2098139029607},"geometry":{"type":"LineString","coordinates":[[41.395088,52.784574],[41.394974,52.784528],[41.394966,52.784524]]}},{"type":"Feature","properties":{"highway":"tertiary","length":92.5170926468986},"geometry":{"type":"LineString","coordinates":[[41.38757,52.782277],[41.387683,52.782327],[41.388571,52.782725],[41.388672,52.782772]]}},{"type":"Feature","properties":{"highway":"residential","length":71.83710165376672},"geometry":{"type":"LineString","coordinates":[[41.388969,52.786879],[41.389055,52.786919],[41.38946,52.787107],[41.389813,52.787272]]}},{"type":"Feature","properties":{"highway":"tertiary","length":101.01137174035283},"geometry":{"type":"LineString","coordinates":[[41.391048,52.783839],[41.391171,52.783898],[41.392096,52.784362],[41.392204,52.784416]]}},{"type":"Feature","properties":{"highway":"residential","length":95.99932231252937},"geometry":{"type":"LineString","coordinates":[[41.38784,52.786354],[41.387911,52.786386],[41.38794,52.786399],[41.388863,52.786829],[41.388969,52.786879]]}},{"type":"Feature","properties":{"highway":"secondary","length":257.39504710595963},"geometry":{"type":"LineString","coordinates":[[41.403529,52.773943],[41.404891,52.77456],[41.405054,52.774635],[41.405272,52.774734],[41.405456,52.774817],[41.405845,52.774992],[41.406362,52.775224],[41.406587,52.775325]]}},{"type":"Feature","properties":{"highway":"primary","length":93.07906283006007},"geometry":{"type":"LineString","coordinates":[[41.415227,52.712275],[41.415885,52.711541]]}},{"type":"Feature","properties":{"highway":"residential","length":196.65051534041913},"geometry":{"type":"MultiLineString","coordinates":[[[41.419319,52.713722],[41.419161,52.713667]],[[41.419161,52.713667],[41.416915,52.712876],[41.416801,52.712836]]]}},{"type":"Feature","properties":{"highway":"residential","length":123.36993514969853},"geometry":{"type":"LineString","coordinates":[[41.416801,52.712836],[41.415548,52.712389],[41.415227,52.712275]]}},{"type":"Feature","properties":{"highway":"residential","length":125.3613651319068},"geometry":{"type":"LineString","coordinates":[[41.415988,52.711432],[41.416207,52.711508]]}},{"type":"Feature","properties":{"highway":"residential","length":157.32397880325342},"geometry":{"type":"LineString","coordinates":[[41.41915,52.71254],[41.419166,52.712545],[41.419461,52.712649],[41.419612,52.7127]]}},{"type":"Feature","properties":{"highway":"residential","length":108.01226892654553},"geometry":{"type":"LineString","coordinates":[[41.416849,52.712785],[41.416801,52.712836]]}},{"type":"Feature","properties":{"highway":"residential","length":252.03682944992187},"geometry":{"type":"MultiLineString","coordinates":[[[41.403179,52.71104],[41.403202,52.710986]],[[41.405177,52.709215],[41.405196,52.709186]]]}},{"type":"Feature","properties":{"highway":"residential","length":508.6484343811392},"geometry":{"type":"MultiLineString","coordinates":[[[41.405196,52.709186],[41.405468,52.708631]],[[41.407722,52.704955],[41.407747,52.704914]]]}},{"type":"Feature","properties":{"highway":"residential","length":63.25141365076392},"geometry":{"type":"LineString","coordinates":[[41.387573,52.770981],[41.388158,52.77126],[41.388309,52.771333]]}},{"type":"Feature","properties":{"highway":"tertiary","length":53.494785405623844},"geometry":{"type":"LineString","coordinates":[[41.383923,52.774753],[41.383705,52.774677],[41.383289,52.774557],[41.383159,52.774517]]}},{"type":"Feature","properties":{"highway":"residential","length":63.892060415500566},"geometry":{"type":"LineString","coordinates":[[41.382508,52.771489],[41.382603,52.771414]]}},{"type":"Feature","properties":{"highway":"residential","length":111.59874757645885},"geometry":{"type":"LineString","coordinates":[[41.3882,52.766914],[41.388304,52.766834]]}},{"type":"Feature","properties":{"highway":"residential","length":91.58508610137318},"geometry":{"type":"LineString","coordinates":[[41.383182,52.766745],[41.383287,52.76666],[41.383932,52.766151],[41.384006,52.766091]]}},{"type":"Feature","properties":{"highway":"residential","length":282.137484198579},"geometry":{"type":"LineString","coordinates":[[41.382358,52.767409],[41.382455,52.767455],[41.382472,52.767463]]}},{"type":"Feature","properties":{"highway":"residential","length":101.16291741874505},"geometry":{"type":"LineString","coordinates":[[41.381455,52.768133],[41.381565,52.768038],[41.382295,52.767453],[41.382358,52.767409]]}},{"type":"Feature","properties":{"highway":"residential","length":92.44716856887446},"geometry":{"type":"LineString","coordinates":[[41.382358,52.767409],[41.382425,52.767352],[41.383107,52.766801],[41.383182,52.766745]]}},{"type":"Feature","properties":{"highway":"tertiary","length":37.34825357164751},"geometry":{"type":"LineString","coordinates":[[41.383815,52.764722],[41.383937,52.764776],[41.384254,52.764926]]}},{"type":"Feature","properties":{"highway":"secondary","length":119.88654738416766},"geometry":{"type":"LineString","coordinates":[[41.397317,52.758805],[41.398716,52.759468]]}},{"type":"Feature","properties":{"highway":"secondary","length":219.6383262952831},"geometry":{"type":"LineString","coordinates":[[41.398716,52.759468],[41.398755,52.759487],[41.398838,52.759525],[41.399083,52.75962],[41.401306,52.760662]]}},{"type":"Feature","properties":{"highway":"secondary","length":98.60822987204311},"geometry":{"type":"LineString","coordinates":[[41.448996,52.73259],[41.448927,52.732804],[41.448797,52.733398],[41.448783,52.733466]]}},{"type":"Feature","properties":{"highway":"secondary","length":62.3650691801726},"geometry":{"type":"LineString","coordinates":[[41.448783,52.733466],[41.448758,52.733564],[41.44864,52.73402]]}},{"type":"Feature","properties":{"highway":"residential","length":291.5808296912328},"geometry":{"type":"LineString","coordinates":[[41.453023,52.733955],[41.45279,52.733929],[41.450901,52.733706],[41.450567,52.733669],[41.448959,52.733492],[41.448783,52.733466]]}},{"type":"Feature","properties":{"highway":"residential","length":86.56500606518902},"geometry":{"type":"LineString","coordinates":[[41.448783,52.733466],[41.448657,52.733452],[41.44769,52.733343],[41.447523,52.733324]]}},{"type":"Feature","properties":{"highway":"secondary","length":50.54687123379797},"geometry":{"type":"LineString","coordinates":[[41.447727,52.737243],[41.447683,52.737376],[41.447589,52.73769]]}},{"type":"Feature","properties":{"highway":"secondary","length":53.7732961001862},"geometry":{"type":"LineString","coordinates":[[41.447589,52.73769],[41.44744,52.738164]]}},{"type":"Feature","properties":{"highway":"tertiary","length":273.0222606086782},"geometry":{"type":"LineString","coordinates":[[41.426652,52.724905],[41.426642,52.724947],[41.426597,52.725115],[41.426457,52.725637],[41.426449,52.72567],[41.426443,52.72569],[41.426385,52.725969],[41.426259,52.726563],[41.426238,52.726665],[41.426227,52.726704],[41.42621,52.726789]]}},{"type":"Feature","properties":{"highway":"residential","length":75.02050705657},"geometry":{"type":"LineString","coordinates":[[41.361673,52.768511],[41.36157,52.76843],[41.36155,52.768366],[41.361559,52.768292],[41.36163,52.768104],[41.361649,52.767865]]}},{"type":"Feature","properties":{"highway":"residential","length":208.9118192440007},"geometry":{"type":"LineString","coordinates":[[41.361649,52.767865],[41.361652,52.767828],[41.361716,52.767696],[41.361746,52.767617],[41.361953,52.767037],[41.36196,52.767016],[41.361968,52.766993],[41.362065,52.766716],[41.362138,52.766563],[41.36224,52.766349],[41.362322,52.766196],[41.36245,52.766059]]}},{"type":"Feature","properties":{"highway":"residential","length":112.21476381872094},"geometry":{"type":"LineString","coordinates":[[41.436474,52.743293],[41.437737,52.742638]]}},{"type":"Feature","properties":{"highway":"residential","length":52.05546746399344},"geometry":{"type":"LineString","coordinates":[[41.387126,52.785448],[41.38704,52.785531],[41.386812,52.785711],[41.386682,52.78583]]}},{"type":"Feature","properties":{"highway":"residential","length":97.46494012144537},"geometry":{"type":"LineString","coordinates":[[41.386682,52.78583],[41.386922,52.785941],[41.387688,52.786286],[41.387778,52.786327],[41.38784,52.786354]]}},{"type":"Feature","properties":{"highway":"secondary","length":65.72587953551562},"geometry":{"type":"LineString","coordinates":[[41.387847,52.735896],[41.387749,52.735939],[41.387424,52.736081],[41.387149,52.73617],[41.387026,52.73621]]}},{"type":"Feature","properties":{"highway":"secondary","length":657.2201709500581},"geometry":{"type":"LineString","coordinates":[[41.387026,52.73621],[41.386336,52.73638],[41.385905,52.736488],[41.385571,52.736572],[41.385042,52.736707],[41.383689,52.737031],[41.383133,52.737165],[41.382823,52.737242],[41.382499,52.737322],[41.382129,52.737414],[41.381902,52.737469],[41.381314,52.73761],[41.381172,52.737643],[41.381051,52.737672],[41.3803,52.73785],[41.3802,52.737875],[41.380099,52.737899],[41.379687,52.737996],[41.379304,52.738087],[41.378798,52.738209],[41.377988,52.738397]]}},{"type":"Feature","properties":{"highway":"residential","length":249.72798293761366},"geometry":{"type":"LineString","coordinates":[[41.473952,52.688926],[41.473841,52.689408],[41.473693,52.689879],[41.473405,52.690519],[41.473364,52.690534],[41.473286,52.690532],[41.472988,52.690486],[41.472958,52.690482]]}},{"type":"Feature","properties":{"highway":"residential","length":103.6162330737119},"geometry":{"type":"LineString","coordinates":[[41.379902,52.773594],[41.379981,52.773521]]}},{"type":"Feature","properties":{"highway":"residential","length":118.95363653349985},"geometry":{"type":"LineString","coordinates":[[41.381455,52.768133],[41.381345,52.768221],[41.38127,52.768278],[41.38046,52.768931],[41.38039,52.768985]]}},{"type":"Feature","properties":{"highway":"residential","length":64.62026157257037},"geometry":{"type":"LineString","coordinates":[[41.375589,52.767583],[41.375683,52.767511],[41.376109,52.767177],[41.376177,52.767125]]}},{"type":"Feature","properties":{"highway":"unclassified","length":158.06020055347463},"geometry":{"type":"LineString","coordinates":[[41.498778,52.710965],[41.499627,52.710794],[41.50093,52.710415]]}},{"type":"Feature","properties":{"highway":"unclassified","length":103.53124831831374},"geometry":{"type":"LineString","coordinates":[[41.497325,52.711259],[41.497415,52.711241],[41.497832,52.711157],[41.49815,52.711092],[41.498603,52.711001],[41.498778,52.710965]]}},{"type":"Feature","properties":{"highway":"unclassified","length":133.00091060783924},"geometry":{"type":"LineString","coordinates":[[41.486136,52.713056],[41.486632,52.712994],[41.486818,52.71297],[41.486963,52.712952],[41.487827,52.712854],[41.487885,52.712848],[41.488068,52.712831]]}},{"type":"Feature","properties":{"highway":"unclassified","length":49.95209001442571},"geometry":{"type":"LineString","coordinates":[[41.488068,52.712831],[41.488206,52.712816],[41.488674,52.712768],[41.488797,52.712756]]}},{"type":"Feature","properties":{"highway":"unclassified","length":177.68383821173063},"geometry":{"type":"LineString","coordinates":[[41.488797,52.712756],[41.490077,52.712606],[41.490152,52.712598],[41.490753,52.71253],[41.491326,52.712435],[41.491369,52.712428]]}},{"type":"Feature","properties":{"highway":"unclassified","length":36.06034753242443},"geometry":{"type":"LineString","coordinates":[[41.481951,52.71358],[41.482305,52.713538],[41.482475,52.713522]]}},{"type":"Feature","properties":{"highway":"residential","length":45.67044319267151},"geometry":{"type":"LineString","coordinates":[[41.473385,52.721085],[41.473429,52.721032],[41.47346,52.720982],[41.473491,52.720916],[41.473511,52.720857],[41.473535,52.72078],[41.473551,52.72069]]}},{"type":"Feature","properties":{"highway":"residential","length":35.36626681772845},"geometry":{"type":"LineString","coordinates":[[41.473551,52.72069],[41.473513,52.720572],[41.47344,52.720459],[41.473411,52.720413],[41.473399,52.720387]]}},{"type":"Feature","properties":{"highway":"unclassified","length":48.49731713491327},"geometry":{"type":"LineString","coordinates":[[41.483487,52.713386],[41.483617,52.713371],[41.484077,52.713317],[41.484192,52.713304]]}},{"type":"Feature","properties":{"highway":"unclassified","length":134.25569808176422},"geometry":{"type":"LineString","coordinates":[[41.484192,52.713304],[41.485173,52.71318],[41.48556,52.713133],[41.485963,52.713079],[41.486104,52.71306],[41.486136,52.713056]]}},{"type":"Feature","properties":{"highway":"unclassified","length":42.411945383869},"geometry":{"type":"LineString","coordinates":[[41.482475,52.713522],[41.482568,52.713511],[41.482984,52.713459],[41.48309,52.713446]]}},{"type":"Feature","properties":{"highway":"unclassified","length":27.629993135779014},"geometry":{"type":"LineString","coordinates":[[41.48309,52.713446],[41.483187,52.713431],[41.483384,52.713401],[41.483487,52.713386]]}},{"type":"Feature","properties":{"highway":"primary","length":200.43543657355423},"geometry":{"type":"LineString","coordinates":[[41.423152,52.745678],[41.423281,52.745611],[41.423766,52.745361],[41.42413,52.745173],[41.425398,52.744501]]}},{"type":"Feature","properties":{"highway":"primary","length":242.36798746708405},"geometry":{"type":"LineString","coordinates":[[41.425398,52.744501],[41.425508,52.744449],[41.425917,52.744234],[41.426648,52.74385],[41.42675,52.743796],[41.426973,52.74368],[41.42812,52.743082]]}},{"type":"Feature","properties":{"highway":"secondary","length":186.42615052747314},"geometry":{"type":"LineString","coordinates":[[41.419459,52.750815],[41.418611,52.750425],[41.418123,52.7502],[41.417446,52.749889],[41.417257,52.749804]]}},{"type":"Feature","properties":{"highway":"secondary","length":5.1151571803108835},"geometry":{"type":"LineString","coordinates":[[41.417257,52.749804],[41.417197,52.749777]]}},{"type":"Feature","properties":{"highway":"primary","length":78.83126018544229},"geometry":{"type":"LineString","coordinates":[[41.42812,52.743082],[41.428805,52.742725],[41.42885,52.742701],[41.429005,52.74262]]}},{"type":"Feature","properties":{"highway":"primary","length":26.974373630364404},"geometry":{"type":"LineString","coordinates":[[41.429005,52.74262],[41.429117,52.742562],[41.429198,52.74252],[41.429308,52.742462]]}},{"type":"Feature","properties":{"highway":"secondary","length":732.4317899196379},"geometry":{"type":"LineString","coordinates":[[41.441966,52.766183],[41.442023,52.766352],[41.442102,52.76673],[41.442202,52.76732],[41.442232,52.767645],[41.442262,52.767977],[41.442249,52.768528],[41.442198,52.768971],[41.44204,52.769669],[41.441853,52.770187],[41.441636,52.770641],[41.441389,52.771127],[41.440848,52.772199],[41.440584,52.772614]]}},{"type":"Feature","properties":{"highway":"primary","length":200.2403495074388},"geometry":{"type":"LineString","coordinates":[[41.461574,52.713314],[41.461516,52.713384],[41.461382,52.713556],[41.46096,52.714173],[41.460711,52.714583],[41.460524,52.714891],[41.460469,52.714982]]}},{"type":"Feature","properties":{"highway":"primary","length":106.50214712460344},"geometry":{"type":"LineString","coordinates":[[41.460469,52.714982],[41.460418,52.715066],[41.460093,52.715604],[41.459925,52.71588]]}},{"type":"Feature","properties":{"highway":"residential","length":216.55325303669918},"geometry":{"type":"LineString","coordinates":[[41.460469,52.714982],[41.460646,52.715024],[41.462138,52.715364],[41.462177,52.715373],[41.463469,52.715665]]}},{"type":"Feature","properties":{"highway":"unclassified","length":335.34589582446654},"geometry":{"type":"LineString","coordinates":[[41.509698,52.715481],[41.509749,52.715613],[41.509769,52.715696],[41.509952,52.716105],[41.509871,52.71622],[41.509839,52.716268],[41.509789,52.716318],[41.509694,52.716383],[41.509668,52.716414],[41.509653,52.716446],[41.509651,52.716468],[41.509655,52.716496],[41.509735,52.716626],[41.510204,52.717337],[41.511127,52.718196]]}},{"type":"Feature","properties":{"highway":"unclassified","length":249.64478787931492},"geometry":{"type":"LineString","coordinates":[[41.511127,52.718196],[41.51227,52.717531],[41.513211,52.716984],[41.513378,52.716823],[41.513472,52.716677],[41.513498,52.716534]]}},{"type":"Feature","properties":{"highway":"tertiary","length":1566.4370080419421},"geometry":{"type":"LineString","coordinates":[[41.497775,52.731516],[41.49758,52.731291],[41.497512,52.731189],[41.497466,52.7311],[41.497443,52.731018],[41.497431,52.730937],[41.497438,52.730819],[41.497441,52.730495],[41.49744,52.730371],[41.497417,52.730219],[41.497323,52.730045],[41.49728,52.729959],[41.497188,52.729845],[41.497071,52.729698],[41.496958,52.729576],[41.496737,52.72935],[41.496602,52.729208],[41.496567,52.729175],[41.496372,52.728981],[41.496177,52.728754],[41.496085,52.728682],[41.496031,52.728641],[41.495819,52.728488],[41.495698,52.728408],[41.495435,52.728236],[41.49519,52.728096],[41.495058,52.728012],[41.494986,52.727971],[41.4949,52.727921],[41.49471,52.727798],[41.494515,52.727676],[41.494475,52.727654],[41.494153,52.727472],[41.493842,52.727312],[41.493666,52.727219],[41.493566,52.727164],[41.493439,52.727089],[41.493319,52.726999],[41.493151,52.726871],[41.493046,52.726743],[41.492951,52.72658],[41.492917,52.726516],[41.492888,52.726462],[41.492869,52.726392],[41.49283,52.726269],[41.492765,52.726085],[41.492737,52.726008],[41.492696,52.725907],[41.49265,52.725792],[41.492585,52.725688],[41.492517,52.72562],[41.492424,52.725551],[41.492348,52.725505],[41.492236,52.725465],[41.492133,52.725433],[41.492005,52.725408],[41.491844,52.725391],[41.491685,52.725389],[41.491551,52.725393],[41.490992,52.725427],[41.490902,52.725432],[41.490268,52.72548],[41.490049,52.725498],[41.489852,52.725499],[41.48973,52.725494],[41.489623,52.725485],[41.489486,52.725452],[41.489332,52.725393],[41.489169,52.725331],[41.489001,52.725259],[41.48854,52.725079],[41.488448,52.725043],[41.488266,52.724966],[41.488093,52.724886],[41.487885,52.72479],[41.487649,52.724656],[41.487543,52.724567],[41.487482,52.724497],[41.487449,52.724427],[41.487422,52.724341],[41.487413,52.724296],[41.487378,52.724135],[41.487358,52.724034],[41.487303,52.723704],[41.487236,52.723379],[41.487215,52.723326],[41.487195,52.723289],[41.487146,52.723226],[41.487096,52.723182],[41.48704,52.723137],[41.486974,52.723093],[41.48686,52.723027],[41.486646,52.722919],[41.486502,52.722852],[41.486388,52.722803],[41.486326,52.722779],[41.486261,52.722761],[41.486191,52.722745],[41.486092,52.722731],[41.485921,52.722719],[41.485393,52.72272],[41.485099,52.722714],[41.484861,52.722705],[41.484791,52.722702],[41.484721,52.722689],[41.484677,52.72267],[41.484632,52.722645],[41.484591,52.72261],[41.484552,52.722554],[41.484533,52.722475],[41.484492,52.722358],[41.484453,52.722262],[41.484442,52.722238],[41.484403,52.722151],[41.484352,52.722055]]}},{"type":"Feature","properties":{"highway":"residential","length":186.60213098076136},"geometry":{"type":"LineString","coordinates":[[41.375878,52.790863],[41.375788,52.790822]]}},{"type":"Feature","properties":{"highway":"residential","length":115.18524777875291},"geometry":{"type":"LineString","coordinates":[[41.375976,52.789742],[41.375895,52.789705]]}},{"type":"Feature","properties":{"highway":"residential","length":488.7970159511835},"geometry":{"type":"LineString","coordinates":[[41.480909,52.676608],[41.481026,52.676632],[41.481225,52.676654],[41.482447,52.676845],[41.483365,52.676955],[41.485262,52.677234],[41.48536,52.677303],[41.485423,52.677325],[41.487735,52.677268],[41.487946,52.677297]]}},{"type":"Feature","properties":{"highway":"tertiary","length":121.04257361716084},"geometry":{"type":"LineString","coordinates":[[41.374392,52.77205],[41.37359,52.771826],[41.37289,52.771632],[41.372761,52.771597]]}},{"type":"Feature","properties":{"highway":"residential","length":119.93626291644111},"geometry":{"type":"LineString","coordinates":[[41.373591,52.769163],[41.373711,52.769216],[41.373716,52.769219]]}},{"type":"Feature","properties":{"highway":"residential","length":114.45675979640167},"geometry":{"type":"LineString","coordinates":[[41.372248,52.76731],[41.372339,52.767239]]}},{"type":"Feature","properties":{"highway":"residential","length":198.4594183864029},"geometry":{"type":"LineString","coordinates":[[41.374996,52.765155],[41.375083,52.765085]]}},{"type":"Feature","properties":{"highway":"primary","length":255.17063134434545},"geometry":{"type":"LineString","coordinates":[[41.424146,52.705706],[41.424455,52.705514],[41.426783,52.704065]]}},{"type":"Feature","properties":{"highway":"residential","length":138.88120712106024},"geometry":{"type":"LineString","coordinates":[[41.429174,52.703771],[41.429145,52.703787]]}},{"type":"Feature","properties":{"highway":"residential","length":65.73124292732298},"geometry":{"type":"LineString","coordinates":[[41.427189,52.705029],[41.427088,52.705097]]}},{"type":"Feature","properties":{"highway":"residential","length":121.60912521648251},"geometry":{"type":"LineString","coordinates":[[41.385193,52.772739],[41.385327,52.772782]]}},{"type":"Feature","properties":{"highway":"residential","length":58.42271697738629},"geometry":{"type":"LineString","coordinates":[[41.384214,52.771873],[41.384132,52.771954]]}},{"type":"Feature","properties":{"highway":"residential","length":244.85573091519137},"geometry":{"type":"LineString","coordinates":[[41.381608,52.773981],[41.381522,52.774054]]}},{"type":"Feature","properties":{"highway":"tertiary","length":23.395381281342047},"geometry":{"type":"LineString","coordinates":[[41.435944,52.752701],[41.436097,52.752705],[41.43629,52.752712]]}},{"type":"Feature","properties":{"highway":"tertiary","length":240.27433072107843},"geometry":{"type":"LineString","coordinates":[[41.43629,52.752712],[41.436346,52.752717],[41.436776,52.752757],[41.438249,52.752906],[41.439512,52.753035],[41.439801,52.753064]]}},{"type":"Feature","properties":{"highway":"primary","length":105.20130008174203},"geometry":{"type":"LineString","coordinates":[[41.462798,52.682532],[41.462739,52.682662],[41.462413,52.683367],[41.462376,52.683442]]}},{"type":"Feature","properties":{"highway":"primary","length":35.48889720454248},"geometry":{"type":"LineString","coordinates":[[41.462376,52.683442],[41.46224,52.68375]]}},{"type":"Feature","properties":{"highway":"residential","length":225.91218485707464},"geometry":{"type":"LineString","coordinates":[[41.462448,52.685608],[41.462685,52.685553],[41.462932,52.685507],[41.463095,52.685478],[41.463254,52.685479],[41.463977,52.685547]]}},{"type":"Feature","properties":{"highway":"residential","length":47.765946465891325},"geometry":{"type":"LineString","coordinates":[[41.466099,52.684507],[41.466113,52.684475]]}},{"type":"Feature","properties":{"highway":"primary","length":14.888516698026308},"geometry":{"type":"LineString","coordinates":[[41.396665,52.765158],[41.396637,52.765138],[41.396616,52.765119],[41.396605,52.765095],[41.396608,52.765065],[41.396625,52.765037]]}},{"type":"Feature","properties":{"highway":"primary","length":17.40364942359716},"geometry":{"type":"LineString","coordinates":[[41.396625,52.765037],[41.396647,52.765018],[41.396697,52.764998],[41.39675,52.764994],[41.396804,52.764996],[41.39685,52.76501]]}},{"type":"Feature","properties":{"highway":"secondary","length":90.39119678350934},"geometry":{"type":"LineString","coordinates":[[41.406846,52.769904],[41.4059,52.769461],[41.405782,52.769411]]}},{"type":"Feature","properties":{"highway":"secondary","length":29.82596438042426},"geometry":{"type":"LineString","coordinates":[[41.405782,52.769411],[41.405633,52.769338],[41.405437,52.769244]]}},{"type":"Feature","properties":{"highway":"tertiary","length":97.57187624033676},"geometry":{"type":"LineString","coordinates":[[41.389611,52.779777],[41.389704,52.779702],[41.390384,52.779167],[41.390491,52.779081]]}},{"type":"Feature","properties":{"highway":"tertiary","length":123.05577781469958},"geometry":{"type":"LineString","coordinates":[[41.398899,52.7816],[41.398818,52.781663],[41.397768,52.782468]]}},{"type":"Feature","properties":{"highway":"tertiary","length":102.13979357126864},"geometry":{"type":"LineString","coordinates":[[41.397768,52.782468],[41.39684,52.783193]]}},{"type":"Feature","properties":{"highway":"residential","length":152.42699362189205},"geometry":{"type":"LineString","coordinates":[[41.414143,52.765346],[41.414223,52.765272]]}},{"type":"Feature","properties":{"highway":"residential","length":36.76798232253502},"geometry":{"type":"LineString","coordinates":[[41.415385,52.765762],[41.415308,52.765843]]}},{"type":"Feature","properties":{"highway":"secondary","length":245.55213976910505},"geometry":{"type":"LineString","coordinates":[[41.453088,52.718792],[41.453027,52.718892],[41.452821,52.719219],[41.452549,52.719653],[41.452472,52.719781],[41.452295,52.720095],[41.452211,52.720247],[41.451866,52.72087]]}},{"type":"Feature","properties":{"highway":"secondary","length":29.109860905323785},"geometry":{"type":"LineString","coordinates":[[41.451866,52.72087],[41.451769,52.721125]]}},{"type":"Feature","properties":{"highway":"primary","length":51.36602759038025},"geometry":{"type":"LineString","coordinates":[[41.439813,52.713837],[41.439668,52.71429]]}},{"type":"Feature","properties":{"highway":"residential","length":495.691531879007},"geometry":{"type":"LineString","coordinates":[[41.439813,52.713837],[41.440111,52.71387],[41.445071,52.714414],[41.446856,52.71461],[41.447031,52.714627]]}},{"type":"Feature","properties":{"highway":"residential","length":555.0073381828149},"geometry":{"type":"LineString","coordinates":[[41.447031,52.714627],[41.447168,52.714644],[41.448903,52.71483],[41.450186,52.714968],[41.454867,52.715471],[41.454936,52.715486],[41.455107,52.715523]]}},{"type":"Feature","properties":{"highway":"secondary","length":191.80532388830127},"geometry":{"type":"LineString","coordinates":[[41.446539,52.716325],[41.446567,52.716236],[41.446766,52.71559],[41.447006,52.714731],[41.447031,52.714627]]}},{"type":"Feature","properties":{"highway":"secondary","length":180.6762545698375},"geometry":{"type":"LineString","coordinates":[[41.447031,52.714627],[41.44706,52.714532],[41.44746,52.713126],[41.447489,52.713028]]}},{"type":"Feature","properties":{"highway":"tertiary","length":28.848159323551467},"geometry":{"type":"LineString","coordinates":[[41.440453,52.707515],[41.440735,52.70732]]}},{"type":"Feature","properties":{"highway":"residential","length":27.414329927251107},"geometry":{"type":"LineString","coordinates":[[41.41418,52.765253],[41.414271,52.765181]]}},{"type":"Feature","properties":{"highway":"secondary","length":59.5300026886063},"geometry":{"type":"LineString","coordinates":[[41.418128,52.766329],[41.418634,52.765891]]}},{"type":"Feature","properties":{"highway":"secondary","length":75.13936839418837},"geometry":{"type":"LineString","coordinates":[[41.448473,52.734683],[41.448295,52.735349]]}},{"type":"Feature","properties":{"highway":"secondary","length":214.21246830889135},"geometry":{"type":"LineString","coordinates":[[41.448295,52.735349],[41.447758,52.737151],[41.447727,52.737243]]}},{"type":"Feature","properties":{"highway":"residential","length":123.18212509335423},"geometry":{"type":"LineString","coordinates":[[41.448426,52.735359],[41.448295,52.735349]]}},{"type":"Feature","properties":{"highway":"residential","length":157.20551788415722},"geometry":{"type":"LineString","coordinates":[[41.448295,52.735349],[41.448122,52.735342]]}},{"type":"Feature","properties":{"highway":"tertiary","length":84.49069622463527},"geometry":{"type":"LineString","coordinates":[[41.399805,52.711895],[41.400645,52.712457]]}},{"type":"Feature","properties":{"highway":"primary","length":95.6649498364441},"geometry":{"type":"LineString","coordinates":[[41.466094,52.709419],[41.465338,52.710062],[41.46527,52.710119]]}},{"type":"Feature","properties":{"highway":"primary","length":29.680908181219188},"geometry":{"type":"LineString","coordinates":[[41.46527,52.710119],[41.465169,52.710206],[41.465022,52.710338]]}},{"type":"Feature","properties":{"highway":"residential","length":165.7514688422457},"geometry":{"type":"LineString","coordinates":[[41.463287,52.709242],[41.463333,52.709262],[41.463869,52.709495],[41.464448,52.709748],[41.465128,52.710054],[41.46527,52.710119]]}},{"type":"Feature","properties":{"highway":"residential","length":144.89372772710834},"geometry":{"type":"LineString","coordinates":[[41.46527,52.710119],[41.4654,52.710175],[41.466209,52.710524],[41.466759,52.71076],[41.467019,52.710872]]}},{"type":"Feature","properties":{"highway":"secondary","length":19.49986941249894},"geometry":{"type":"LineString","coordinates":[[41.403862,52.778401],[41.403862,52.778428],[41.403852,52.778466],[41.403833,52.778504],[41.403805,52.778539],[41.403777,52.778565]]}},{"type":"Feature","properties":{"highway":"secondary","length":188.39239537179833},"geometry":{"type":"LineString","coordinates":[[41.406156,52.780678],[41.405242,52.780417],[41.405079,52.780372],[41.404978,52.780344],[41.404834,52.780302],[41.404696,52.780259],[41.404583,52.780223],[41.404448,52.780179],[41.404331,52.780135],[41.404199,52.780083],[41.40407,52.780027],[41.403955,52.77997],[41.403903,52.779943],[41.403846,52.779913],[41.40379,52.779883],[41.403734,52.779853]]}},{"type":"Feature","properties":{"highway":"secondary","length":419.93808822552387},"geometry":{"type":"LineString","coordinates":[[41.407767,52.780844],[41.408652,52.781093],[41.408921,52.781169],[41.409055,52.781207],[41.40919,52.781249],[41.409323,52.781294],[41.409452,52.781344],[41.409577,52.781398],[41.409697,52.781455],[41.409814,52.781517],[41.409925,52.781582],[41.410032,52.781652],[41.410132,52.781724],[41.410227,52.781799],[41.410315,52.781878],[41.410406,52.78196],[41.410477,52.782018],[41.410566,52.782085],[41.41066,52.782149],[41.41076,52.78221],[41.410865,52.782269],[41.410975,52.782324],[41.41109,52.782376],[41.411208,52.782424],[41.411335,52.782471],[41.411475,52.782513],[41.412816,52.782948]]}},{"type":"Feature","properties":{"highway":"secondary","length":282.3832668290758},"geometry":{"type":"LineString","coordinates":[[41.425422,52.786492],[41.421629,52.78542]]}},{"type":"Feature","properties":{"highway":"tertiary","length":89.63089620896055},"geometry":{"type":"LineString","coordinates":[[41.405902,52.721551],[41.405873,52.721718],[41.405785,52.722353]]}},{"type":"Feature","properties":{"highway":"tertiary","length":57.457353900464135},"geometry":{"type":"LineString","coordinates":[[41.405785,52.722353],[41.405708,52.722867]]}},{"type":"Feature","properties":{"highway":"residential","length":119.79457802098692},"geometry":{"type":"LineString","coordinates":[[41.410864,52.722001],[41.410458,52.723049]]}},{"type":"Feature","properties":{"highway":"residential","length":68.48644401344804},"geometry":{"type":"LineString","coordinates":[[41.410458,52.723049],[41.410232,52.723649]]}},{"type":"Feature","properties":{"highway":"primary","length":83.77905996859522},"geometry":{"type":"LineString","coordinates":[[41.450519,52.706254],[41.450424,52.706348],[41.450288,52.706464],[41.449814,52.706873]]}},{"type":"Feature","properties":{"highway":"secondary","length":708.6657068310388},"geometry":{"type":"LineString","coordinates":[[41.44905,52.707859],[41.44939,52.707992],[41.449431,52.70801],[41.452738,52.709462],[41.455655,52.710724],[41.457465,52.711508],[41.457583,52.711559]]}},{"type":"Feature","properties":{"highway":"secondary","length":131.9295021743753},"geometry":{"type":"LineString","coordinates":[[41.457583,52.711559],[41.457682,52.711602],[41.458813,52.712097],[41.459168,52.712252]]}},{"type":"Feature","properties":{"highway":"secondary","length":49.66184157972427},"geometry":{"type":"LineString","coordinates":[[41.457583,52.711559],[41.457279,52.711966]]}},{"type":"Feature","properties":{"highway":"secondary","length":505.9754729414},"geometry":{"type":"LineString","coordinates":[[41.388564,52.754775],[41.38908,52.755002],[41.39081,52.75579],[41.39332,52.756933],[41.394564,52.757499]]}},{"type":"Feature","properties":{"highway":"secondary","length":155.4341914542812},"geometry":{"type":"LineString","coordinates":[[41.394564,52.757499],[41.394807,52.757613],[41.39626,52.758303],[41.396378,52.758359]]}},{"type":"Feature","properties":{"highway":"secondary","length":120.19121630001136},"geometry":{"type":"LineString","coordinates":[[41.405839,52.77631],[41.406044,52.776147],[41.406795,52.775552],[41.406922,52.775452]]}},{"type":"Feature","properties":{"highway":"secondary","length":456.4034761545888},"geometry":{"type":"LineString","coordinates":[[41.406922,52.775452],[41.407075,52.775333],[41.408157,52.77447],[41.408974,52.773814],[41.409166,52.77366],[41.409407,52.773466],[41.409618,52.773303],[41.409732,52.773207],[41.409973,52.773015],[41.410307,52.77275],[41.411001,52.772181]]}},{"type":"Feature","properties":{"highway":"residential","length":153.36346603683157},"geometry":{"type":"LineString","coordinates":[[41.434668,52.697677],[41.436276,52.697407],[41.436371,52.697395],[41.436863,52.69733]]}},{"type":"Feature","properties":{"highway":"residential","length":12.814235533459708},"geometry":{"type":"LineString","coordinates":[[41.426586,52.70245],[41.42644,52.702377]]}},{"type":"Feature","properties":{"highway":"residential","length":379.96303702334063},"geometry":{"type":"LineString","coordinates":[[41.426586,52.70245],[41.426637,52.702397],[41.427474,52.701523],[41.427789,52.701193],[41.428005,52.700968],[41.428335,52.700622],[41.428822,52.700111],[41.428963,52.699963],[41.429043,52.699872],[41.429326,52.699548],[41.42938,52.699487]]}},{"type":"Feature","properties":{"highway":"residential","length":65.45348342143755},"geometry":{"type":"LineString","coordinates":[[41.42938,52.699487],[41.429836,52.698969]]}},{"type":"Feature","properties":{"highway":"residential","length":282.2636049738367},"geometry":{"type":"LineString","coordinates":[[41.387636,52.771909],[41.387819,52.771995],[41.387791,52.772128],[41.387272,52.772512],[41.386763,52.772909],[41.386525,52.773107],[41.385495,52.773906],[41.385447,52.773942]]}},{"type":"Feature","properties":{"highway":"primary","length":69.83812783262603},"geometry":{"type":"LineString","coordinates":[[41.458529,52.718158],[41.45848,52.71824],[41.458389,52.718391],[41.458213,52.718683],[41.458174,52.718747]]}},{"type":"Feature","properties":{"highway":"secondary","length":4.280258021070247},"geometry":{"type":"LineString","coordinates":[[41.441463,52.758183],[41.441399,52.758183]]}},{"type":"Feature","properties":{"highway":"secondary","length":49.715786526954275},"geometry":{"type":"LineString","coordinates":[[41.441399,52.758183],[41.440994,52.758183],[41.440663,52.758184]]}},{"type":"Feature","properties":{"highway":"residential","length":177.6207336470857},"geometry":{"type":"LineString","coordinates":[[41.403047,52.754444],[41.403039,52.75446]]}},{"type":"Feature","properties":{"highway":"residential","length":129.06020923829584},"geometry":{"type":"LineString","coordinates":[[41.367211,52.763143],[41.367295,52.763159]]}},{"type":"Feature","properties":{"highway":"residential","length":161.67777722878952},"geometry":{"type":"LineString","coordinates":[[41.367878,52.762119],[41.36802,52.762096]]}},{"type":"Feature","properties":{"highway":"unclassified","length":1414.1632341542236},"geometry":{"type":"LineString","coordinates":[[41.356187,52.712308],[41.35609,52.712171],[41.356176,52.711866],[41.360076,52.701845],[41.360173,52.701572],[41.360124,52.701397],[41.359808,52.701211],[41.35881,52.701062],[41.357816,52.701034]]}},{"type":"Feature","properties":{"highway":"track","length":204.7809705551998},"geometry":{"type":"LineString","coordinates":[[41.356187,52.712308],[41.355914,52.712262],[41.355731,52.712202],[41.355377,52.711981],[41.354935,52.71175],[41.354506,52.711411],[41.354122,52.711107],[41.354073,52.711045]]}},{"type":"Feature","properties":{"highway":"track","length":1363.8043368451824},"geometry":{"type":"LineString","coordinates":[[41.354073,52.711045],[41.353988,52.710936],[41.353586,52.710699],[41.353344,52.710582],[41.352939,52.710382],[41.352344,52.710021],[41.351697,52.709731],[41.350453,52.709042],[41.349112,52.708324],[41.348216,52.707901],[41.34783,52.70771],[41.347669,52.707596],[41.347427,52.707427],[41.347234,52.70719],[41.346982,52.706858],[41.34659,52.706104],[41.346515,52.705877],[41.346215,52.705113],[41.346043,52.70482],[41.345952,52.704463],[41.345904,52.703829],[41.345813,52.70326],[41.345786,52.702512],[41.345759,52.701401],[41.345759,52.70076]]}},{"type":"Feature","properties":{"highway":"residential","length":173.59280557656325},"geometry":{"type":"LineString","coordinates":[[41.346535,52.700351],[41.346617,52.700367],[41.347193,52.700361],[41.348559,52.700549],[41.348731,52.700555],[41.348908,52.700474],[41.348953,52.700413]]}},{"type":"Feature","properties":{"highway":"track","length":1626.4826432690868},"geometry":{"type":"LineString","coordinates":[[41.357816,52.701034],[41.357772,52.700922],[41.357877,52.700804],[41.358078,52.700297],[41.358338,52.699568],[41.358925,52.698331],[41.359353,52.697166],[41.359419,52.696782],[41.35964,52.696331],[41.36031,52.694701],[41.36104,52.69283],[41.361275,52.692125],[41.361997,52.690696],[41.362675,52.689071],[41.363125,52.687878],[41.363257,52.687588],[41.363351,52.687454],[41.363417,52.687253],[41.36353,52.687062],[41.363589,52.686876]]}},{"type":"Feature","properties":{"highway":"track","length":1087.5250096092723},"geometry":{"type":"LineString","coordinates":[[41.363589,52.686876],[41.363556,52.686743],[41.36343,52.686649],[41.363165,52.686564],[41.362738,52.686583],[41.362428,52.686619],[41.362195,52.686729],[41.362054,52.686856],[41.36169,52.687246],[41.361215,52.688001],[41.360747,52.688872],[41.360375,52.689589],[41.360099,52.690336],[41.359808,52.690841],[41.359612,52.691064],[41.359461,52.691444],[41.358993,52.692366],[41.358551,52.693031],[41.35812,52.693717],[41.357535,52.694651],[41.357321,52.694884]]}},{"type":"Feature","properties":{"highway":"residential","length":68.95772781398068},"geometry":{"type":"LineString","coordinates":[[41.387911,52.757948],[41.38847,52.757517],[41.388543,52.757461]]}},{"type":"Feature","properties":{"highway":"residential","length":210.2133407123145},"geometry":{"type":"LineString","coordinates":[[41.388543,52.757461],[41.39041,52.756045],[41.390475,52.756027],[41.390519,52.756025]]}},{"type":"Feature","properties":{"highway":"residential","length":230.23050236364705},"geometry":{"type":"MultiLineString","coordinates":[[[41.37958,52.756722],[41.379558,52.756827],[41.379629,52.756971],[41.379652,52.756997]],[[41.379772,52.757125],[41.379856,52.75719],[41.380447,52.75754],[41.380855,52.757745],[41.381057,52.757834],[41.381809,52.758191]]]}},{"type":"Feature","properties":{"highway":"residential","length":298.6450916464618},"geometry":{"type":"LineString","coordinates":[[41.381809,52.758191],[41.382788,52.758727],[41.384778,52.759604],[41.385245,52.759799],[41.385311,52.759824]]}},{"type":"Feature","properties":{"highway":"residential","length":129.42775665082772},"geometry":{"type":"LineString","coordinates":[[41.376177,52.767125],[41.376242,52.767076],[41.377176,52.766341],[41.377237,52.766294],[41.377361,52.76621]]}},{"type":"Feature","properties":{"highway":"residential","length":397.4614575032346},"geometry":{"type":"LineString","coordinates":[[41.377361,52.76621],[41.377476,52.766108],[41.37908,52.764849],[41.380822,52.763492],[41.380869,52.763466],[41.380988,52.7634]]}},{"type":"Feature","properties":{"highway":"secondary","length":162.9384608623526},"geometry":{"type":"LineString","coordinates":[[41.413162,52.777588],[41.411178,52.776896],[41.411073,52.776854]]}},{"type":"Feature","properties":{"highway":"secondary","length":190.09580128349475},"geometry":{"type":"LineString","coordinates":[[41.411073,52.776854],[41.410942,52.776806],[41.408626,52.776008]]}},{"type":"Feature","properties":{"highway":"tertiary","length":165.76383152762182},"geometry":{"type":"LineString","coordinates":[[41.396947,52.716613],[41.396855,52.716608],[41.39671,52.716578],[41.394504,52.716623]]}},{"type":"Feature","properties":{"highway":"tertiary","length":68.03962903086759},"geometry":{"type":"LineString","coordinates":[[41.394504,52.716623],[41.393627,52.716636],[41.393506,52.716607]]}},{"type":"Feature","properties":{"highway":"residential","length":84.50658909742938},"geometry":{"type":"LineString","coordinates":[[41.401731,52.701168],[41.401825,52.701211]]}},{"type":"Feature","properties":{"highway":"tertiary","length":72.69476801089981},"geometry":{"type":"LineString","coordinates":[[41.403059,52.700137],[41.402269,52.699694]]}},{"type":"Feature","properties":{"highway":"residential","length":155.87005250902155},"geometry":{"type":"LineString","coordinates":[[41.384435,52.727532],[41.382283,52.728037]]}},{"type":"Feature","properties":{"highway":"track","length":177.17257610587026},"geometry":{"type":"LineString","coordinates":[[41.384575,52.732478],[41.383647,52.731306],[41.383488,52.73103]]}},{"type":"Feature","properties":{"highway":"track","length":342.8593683718762},"geometry":{"type":"LineString","coordinates":[[41.383488,52.73103],[41.382387,52.729054],[41.381995,52.728577],[41.381526,52.728214]]}},{"type":"Feature","properties":{"highway":"unclassified","length":948.5032380835257},"geometry":{"type":"LineString","coordinates":[[41.368083,52.71656],[41.367211,52.716396],[41.365897,52.716144],[41.365342,52.716038],[41.364355,52.715791],[41.363271,52.715528],[41.362233,52.71528],[41.36164,52.715133],[41.361082,52.714872],[41.360106,52.714342],[41.359658,52.714119],[41.359162,52.713892],[41.35847,52.71353],[41.357848,52.713221],[41.357233,52.712898],[41.356751,52.712625],[41.356287,52.712365],[41.356187,52.712308]]}},{"type":"Feature","properties":{"highway":"track","length":710.5712874808835},"geometry":{"type":"LineString","coordinates":[[41.368083,52.71656],[41.368007,52.716924],[41.367935,52.717091],[41.36783,52.717374],[41.367337,52.718722],[41.366143,52.722003],[41.365924,52.722807]]}},{"type":"Feature","properties":{"highway":"track","length":90.92233820091901},"geometry":{"type":"LineString","coordinates":[[41.365924,52.722807],[41.365886,52.722948],[41.365859,52.723127],[41.365929,52.723452],[41.365991,52.723614]]}},{"type":"Feature","properties":{"highway":"residential","length":80.03381743467254},"geometry":{"type":"LineString","coordinates":[[41.400354,52.727401],[41.400364,52.727351]]}},{"type":"Feature","properties":{"highway":"residential","length":155.3223023671747},"geometry":{"type":"LineString","coordinates":[[41.398444,52.732062],[41.398587,52.732016]]}},{"type":"Feature","properties":{"highway":"residential","length":78.81628061787784},"geometry":{"type":"LineString","coordinates":[[41.397559,52.727899],[41.397432,52.728604]]}},{"type":"Feature","properties":{"highway":"residential","length":79.51181109659194},"geometry":{"type":"LineString","coordinates":[[41.418455,52.746206],[41.418731,52.746081],[41.41897,52.745974],[41.419401,52.74578]]}},{"type":"Feature","properties":{"highway":"residential","length":80.50041703988651},"geometry":{"type":"LineString","coordinates":[[41.419401,52.74578],[41.419793,52.745598],[41.420349,52.745341]]}},{"type":"Feature","properties":{"highway":"tertiary","length":422.50166982069703},"geometry":{"type":"LineString","coordinates":[[41.480909,52.676608],[41.481339,52.67625],[41.481424,52.6762],[41.48148,52.676164],[41.482251,52.67566],[41.482369,52.675574],[41.483468,52.674823],[41.483615,52.674723],[41.484676,52.674041],[41.484862,52.673919],[41.485063,52.673776]]}},{"type":"Feature","properties":{"highway":"tertiary","length":668.9403777431936},"geometry":{"type":"LineString","coordinates":[[41.501876,52.736953],[41.501822,52.736785],[41.501774,52.736665],[41.501737,52.736492],[41.501678,52.736369],[41.501597,52.73627],[41.501492,52.736129],[41.501135,52.73564],[41.500918,52.735368],[41.500841,52.735259],[41.500725,52.735104],[41.500641,52.734961],[41.500565,52.734816],[41.500457,52.73463],[41.500414,52.734575],[41.500194,52.734331],[41.499966,52.734041],[41.499899,52.733955],[41.499589,52.733676],[41.499263,52.733385],[41.498636,52.732682],[41.498137,52.73202],[41.497897,52.731681],[41.497775,52.731516]]}},{"type":"Feature","properties":{"highway":"residential","length":47.02249014442552},"geometry":{"type":"LineString","coordinates":[[41.409461,52.755481],[41.409907,52.755156]]}},{"type":"Feature","properties":{"highway":"residential","length":31.2047363083244},"geometry":{"type":"LineString","coordinates":[[41.409907,52.755156],[41.409665,52.754917]]}},{"type":"Feature","properties":{"highway":"primary","length":357.873367500973},"geometry":{"type":"LineString","coordinates":[[41.420112,52.708211],[41.423806,52.705906]]}},{"type":"Feature","properties":{"highway":"primary","length":32.085006719306506},"geometry":{"type":"LineString","coordinates":[[41.423806,52.705906],[41.424069,52.705751],[41.424146,52.705706]]}},{"type":"Feature","properties":{"highway":"tertiary","length":103.47196261491023},"geometry":{"type":"LineString","coordinates":[[41.371144,52.785187],[41.370211,52.785925]]}},{"type":"Feature","properties":{"highway":"secondary","length":274.7276755367483},"geometry":{"type":"LineString","coordinates":[[41.432491,52.783971],[41.432933,52.783088],[41.433651,52.781605]]}},{"type":"Feature","properties":{"highway":"secondary","length":528.191519953779},"geometry":{"type":"LineString","coordinates":[[41.436524,52.777198],[41.436435,52.777375],[41.434799,52.780673],[41.434269,52.781743]]}},{"type":"Feature","properties":{"highway":"secondary","length":680.8895624295167},"geometry":{"type":"LineString","coordinates":[[41.434269,52.781743],[41.433107,52.784126],[41.432375,52.785602],[41.432281,52.785793],[41.431623,52.787135],[41.431499,52.787399],[41.431424,52.787612]]}},{"type":"Feature","properties":{"highway":"secondary","length":520.7395399957937},"geometry":{"type":"LineString","coordinates":[[41.433651,52.781605],[41.434169,52.78056],[41.435109,52.778664],[41.435831,52.777168],[41.435854,52.77712]]}},{"type":"Feature","properties":{"highway":"secondary","length":448.5808470292343},"geometry":{"type":"LineString","coordinates":[[41.440584,52.772614],[41.440435,52.772856],[41.439967,52.773423],[41.439567,52.77383],[41.438987,52.77432],[41.438362,52.774821],[41.43774,52.775365],[41.437536,52.775607],[41.437199,52.776063]]}},{"type":"Feature","properties":{"highway":"secondary","length":139.61802038476202},"geometry":{"type":"LineString","coordinates":[[41.435854,52.77712],[41.436003,52.77682],[41.436294,52.776313],[41.436395,52.776137],[41.436527,52.775934]]}},{"type":"Feature","properties":{"highway":"secondary","length":320.86844395410895},"geometry":{"type":"LineString","coordinates":[[41.436527,52.775934],[41.436969,52.775291],[41.437262,52.774893],[41.437616,52.774448],[41.437857,52.774117],[41.438107,52.773765],[41.43842,52.77329]]}},{"type":"Feature","properties":{"highway":"tertiary","length":56.57642682396947},"geometry":{"type":"LineString","coordinates":[[41.376556,52.787664],[41.376247,52.787913]]}},{"type":"Feature","properties":{"highway":"secondary","length":448.0863157113528},"geometry":{"type":"LineString","coordinates":[[41.419606,52.779853],[41.418391,52.779426],[41.413862,52.777833]]}},{"type":"Feature","properties":{"highway":"secondary","length":54.51890929273509},"geometry":{"type":"LineString","coordinates":[[41.413862,52.777833],[41.413162,52.777588]]}},{"type":"Feature","properties":{"highway":"secondary","length":108.35193651072014},"geometry":{"type":"LineString","coordinates":[[41.46183,52.74063],[41.462936,52.741335]]}},{"type":"Feature","properties":{"highway":"secondary","length":426.672361896826},"geometry":{"type":"LineString","coordinates":[[41.462936,52.741335],[41.463085,52.741439],[41.46414,52.742101],[41.46474,52.742478],[41.465389,52.742885],[41.465578,52.742995],[41.466833,52.743788],[41.467088,52.74394],[41.467312,52.744099]]}},{"type":"Feature","properties":{"highway":"residential","length":381.61980388776993},"geometry":{"type":"LineString","coordinates":[[41.36141,52.763912],[41.361407,52.763811]]}},{"type":"Feature","properties":{"highway":"residential","length":82.68271479138927},"geometry":{"type":"LineString","coordinates":[[41.386764,52.760508],[41.387727,52.760967]]}},{"type":"Feature","properties":{"highway":"residential","length":193.62315483034135},"geometry":{"type":"LineString","coordinates":[[41.387727,52.760967],[41.389224,52.761673],[41.389971,52.761973],[41.390035,52.761998]]}},{"type":"Feature","properties":{"highway":"tertiary","length":53.833398216459436},"geometry":{"type":"LineString","coordinates":[[41.382658,52.764179],[41.383291,52.764473]]}},{"type":"Feature","properties":{"highway":"tertiary","length":44.921078177629695},"geometry":{"type":"LineString","coordinates":[[41.383291,52.764473],[41.383683,52.76466],[41.383815,52.764722]]}},{"type":"Feature","properties":{"highway":"tertiary","length":245.1015635120709},"geometry":{"type":"LineString","coordinates":[[41.463645,52.731298],[41.463576,52.731532],[41.463419,52.732014],[41.46332,52.732333],[41.463215,52.732676],[41.463141,52.732918],[41.463127,52.732965],[41.46309,52.733059],[41.463004,52.733273],[41.462931,52.733457]]}},{"type":"Feature","properties":{"highway":"tertiary","length":56.85474418984288},"geometry":{"type":"LineString","coordinates":[[41.390442,52.767843],[41.391103,52.768159]]}},{"type":"Feature","properties":{"highway":"tertiary","length":72.93010912944072},"geometry":{"type":"LineString","coordinates":[[41.391103,52.768159],[41.391778,52.768507],[41.391926,52.768584]]}},{"type":"Feature","properties":{"highway":"primary","length":23.789410636179237},"geometry":{"type":"LineString","coordinates":[[41.401502,52.76091],[41.4016,52.760806],[41.401713,52.760742]]}},{"type":"Feature","properties":{"highway":"primary","length":8.689505864986085},"geometry":{"type":"LineString","coordinates":[[41.401713,52.760742],[41.401765,52.760722],[41.401827,52.760706]]}},{"type":"Feature","properties":{"highway":"tertiary","length":101.7885506758604},"geometry":{"type":"LineString","coordinates":[[41.370211,52.785925],[41.369423,52.786546],[41.369291,52.78665]]}},{"type":"Feature","properties":{"highway":"tertiary","length":104.84871931558939},"geometry":{"type":"LineString","coordinates":[[41.369291,52.78665],[41.36835,52.787399]]}},{"type":"Feature","properties":{"highway":"tertiary","length":101.22108211421381},"geometry":{"type":"LineString","coordinates":[[41.366448,52.788896],[41.365543,52.789621]]}},{"type":"Feature","properties":{"highway":"tertiary","length":190.706446332784},"geometry":{"type":"LineString","coordinates":[[41.365543,52.789621],[41.365095,52.789978],[41.364322,52.790588],[41.364134,52.790679],[41.363853,52.790723],[41.363565,52.790728]]}},{"type":"Feature","properties":{"highway":"tertiary","length":105.42819586602062},"geometry":{"type":"LineString","coordinates":[[41.36835,52.787399],[41.367394,52.788149]]}},{"type":"Feature","properties":{"highway":"tertiary","length":104.80075398412785},"geometry":{"type":"LineString","coordinates":[[41.367394,52.788149],[41.366448,52.788896]]}},{"type":"Feature","properties":{"highway":"primary","length":144.83134428979014},"geometry":{"type":"LineString","coordinates":[[41.446468,52.741266],[41.446623,52.741351],[41.448021,52.742163]]}},{"type":"Feature","properties":{"highway":"tertiary","length":155.81543430049106},"geometry":{"type":"LineString","coordinates":[[41.441825,52.723478],[41.44194,52.723089],[41.441966,52.723002],[41.44199,52.72292],[41.442099,52.722555],[41.44218,52.72228],[41.442234,52.7221]]}},{"type":"Feature","properties":{"highway":"tertiary","length":207.104807994907},"geometry":{"type":"LineString","coordinates":[[41.442234,52.7221],[41.442259,52.722014],[41.442538,52.721035],[41.442652,52.720626],[41.442693,52.720478],[41.442773,52.720228]]}},{"type":"Feature","properties":{"highway":"residential","length":165.66573088969614},"geometry":{"type":"LineString","coordinates":[[41.447724,52.70228],[41.447898,52.702365],[41.4495,52.703177],[41.449601,52.703237]]}},{"type":"Feature","properties":{"highway":"residential","length":216.01174815055694},"geometry":{"type":"LineString","coordinates":[[41.447535,52.704718],[41.447633,52.704647],[41.449496,52.70331],[41.449601,52.703237]]}},{"type":"Feature","properties":{"highway":"track","length":61.08277441534434},"geometry":{"type":"LineString","coordinates":[[41.40606,52.741319],[41.405234,52.741095]]}},{"type":"Feature","properties":{"highway":"track","length":152.96750372315444},"geometry":{"type":"LineString","coordinates":[[41.405234,52.741095],[41.405448,52.740863],[41.405727,52.740475],[41.406376,52.739915]]}},{"type":"Feature","properties":{"highway":"unclassified","length":264.6629235814164},"geometry":{"type":"LineString","coordinates":[[41.348953,52.700413],[41.349289,52.700464],[41.350544,52.700665],[41.352752,52.700988]]}},{"type":"Feature","properties":{"highway":"primary","length":46.626047642690594},"geometry":{"type":"LineString","coordinates":[[41.389614,52.721146],[41.389796,52.721125],[41.390293,52.721073]]}},{"type":"Feature","properties":{"highway":"residential","length":3.196454642400382},"geometry":{"type":"LineString","coordinates":[[41.382205,52.722784],[41.382197,52.722756]]}},{"type":"Feature","properties":{"highway":"unclassified","length":80.09671647962878},"geometry":{"type":"LineString","coordinates":[[41.513723,52.709028],[41.513034,52.708986],[41.512544,52.708956]]}},{"type":"Feature","properties":{"highway":"unclassified","length":285.2967144380772},"geometry":{"type":"LineString","coordinates":[[41.517924,52.709274],[41.513723,52.709028]]}},{"type":"Feature","properties":{"highway":"secondary","length":14.03529091153329},"geometry":{"type":"LineString","coordinates":[[41.430125,52.787588],[41.430218,52.787475]]}},{"type":"Feature","properties":{"highway":"secondary","length":138.81923448848707},"geometry":{"type":"LineString","coordinates":[[41.431424,52.787612],[41.431443,52.787714],[41.431421,52.787814],[41.431333,52.787934],[41.431188,52.78803],[41.431,52.788093],[41.430788,52.788118],[41.430575,52.788101],[41.430381,52.788044],[41.430227,52.787953],[41.430128,52.787837]]}},{"type":"Feature","properties":{"highway":"secondary","length":28.059411232138835},"geometry":{"type":"LineString","coordinates":[[41.430128,52.787837],[41.430095,52.787713],[41.430125,52.787588]]}},{"type":"Feature","properties":{"highway":"secondary","length":27.364702149495223},"geometry":{"type":"LineString","coordinates":[[41.430218,52.787475],[41.430358,52.787386],[41.430536,52.787327]]}},{"type":"Feature","properties":{"highway":"secondary","length":76.19682870989517},"geometry":{"type":"LineString","coordinates":[[41.430536,52.787327],[41.43072,52.787303],[41.430908,52.787311],[41.431085,52.78735],[41.431238,52.787417],[41.431354,52.787507],[41.431424,52.787612]]}},{"type":"Feature","properties":{"highway":"tertiary","length":30.802631163906195},"geometry":{"type":"LineString","coordinates":[[41.382297,52.764009],[41.382658,52.764179]]}},{"type":"Feature","properties":{"highway":"secondary","length":36.070369577716235},"geometry":{"type":"LineString","coordinates":[[41.402814,52.778477],[41.403058,52.778278],[41.403094,52.778249],[41.403139,52.778219]]}},{"type":"Feature","properties":{"highway":"secondary","length":15.092961039899151},"geometry":{"type":"LineString","coordinates":[[41.403139,52.778219],[41.403189,52.778195],[41.403244,52.778175],[41.403304,52.77816],[41.403334,52.778156]]}},{"type":"Feature","properties":{"highway":"residential","length":63.11291899428387},"geometry":{"type":"LineString","coordinates":[[41.338232,52.699644],[41.338298,52.699651],[41.3385,52.69966],[41.338694,52.699651],[41.339157,52.699606]]}},{"type":"Feature","properties":{"highway":"residential","length":61.096342447434495},"geometry":{"type":"LineString","coordinates":[[41.339157,52.699606],[41.339434,52.699596],[41.340056,52.699642]]}},{"type":"Feature","properties":{"highway":"residential","length":318.6963869739935},"geometry":{"type":"LineString","coordinates":[[41.334763,52.69737],[41.334585,52.697545],[41.334413,52.697864],[41.334317,52.698351],[41.334236,52.698602],[41.334069,52.698849],[41.334038,52.699002],[41.334145,52.699211],[41.334189,52.699282],[41.334255,52.699334],[41.33435,52.699365],[41.334944,52.699392],[41.335549,52.699411]]}},{"type":"Feature","properties":{"highway":"residential","length":58.382452976076245},"geometry":{"type":"LineString","coordinates":[[41.335549,52.699411],[41.336411,52.699439]]}},{"type":"Feature","properties":{"highway":"residential","length":182.63466702431424},"geometry":{"type":"LineString","coordinates":[[41.340056,52.699642],[41.340388,52.699714],[41.340829,52.699821],[41.340886,52.69983],[41.340925,52.699835],[41.340997,52.699839],[41.341538,52.699856],[41.341866,52.699899],[41.342087,52.699934],[41.342301,52.699957],[41.342474,52.699952],[41.342664,52.699902]]}},{"type":"Feature","properties":{"highway":"residential","length":12.219183647793946},"geometry":{"type":"LineString","coordinates":[[41.344425,52.699962],[41.344567,52.70003]]}},{"type":"Feature","properties":{"highway":"residential","length":7.442394427650279},"geometry":{"type":"LineString","coordinates":[[41.345222,52.700139],[41.34533,52.700154]]}},{"type":"Feature","properties":{"highway":"residential","length":84.4526712297791},"geometry":{"type":"LineString","coordinates":[[41.34533,52.700154],[41.345988,52.700244],[41.346535,52.700351]]}},{"type":"Feature","properties":{"highway":"residential","length":62.211902365580016},"geometry":{"type":"LineString","coordinates":[[41.336411,52.699439],[41.336757,52.69945],[41.337326,52.699495]]}},{"type":"Feature","properties":{"highway":"residential","length":63.564300231760726},"geometry":{"type":"LineString","coordinates":[[41.337326,52.699495],[41.337948,52.699615],[41.338232,52.699644]]}},{"type":"Feature","properties":{"highway":"secondary","length":269.92465927630377},"geometry":{"type":"LineString","coordinates":[[41.423562,52.719444],[41.423714,52.719114],[41.423829,52.718866],[41.4239,52.718712],[41.423964,52.718572],[41.424554,52.717295],[41.42464,52.717109]]}},{"type":"Feature","properties":{"highway":"secondary","length":145.29557593960837},"geometry":{"type":"LineString","coordinates":[[41.42464,52.717109],[41.425236,52.715854]]}},{"type":"Feature","properties":{"highway":"residential","length":33.20118069469973},"geometry":{"type":"LineString","coordinates":[[41.419928,52.716089],[41.4202,52.716153],[41.420386,52.716197]]}},{"type":"Feature","properties":{"highway":"tertiary","length":32.820214624513746},"geometry":{"type":"LineString","coordinates":[[41.405534,52.714549],[41.405934,52.714716]]}},{"type":"Feature","properties":{"highway":"residential","length":111.54298159549181},"geometry":{"type":"LineString","coordinates":[[41.41984,52.70339],[41.42002,52.703502],[41.420107,52.703555],[41.420315,52.703661],[41.420943,52.703966]]}},{"type":"Feature","properties":{"highway":"residential","length":62.2380201737611},"geometry":{"type":"LineString","coordinates":[[41.420943,52.703966],[41.421183,52.704082],[41.421651,52.704324]]}},{"type":"Feature","properties":{"highway":"residential","length":57.93681712688985},"geometry":{"type":"LineString","coordinates":[[41.427241,52.702785],[41.426586,52.70245]]}},{"type":"Feature","properties":{"highway":"residential","length":66.53869515680894},"geometry":{"type":"LineString","coordinates":[[41.42254,52.704785],[41.423252,52.705198]]}},{"type":"Feature","properties":{"highway":"residential","length":82.7681271756262},"geometry":{"type":"LineString","coordinates":[[41.423252,52.705198],[41.423937,52.705587],[41.424146,52.705706]]}},{"type":"Feature","properties":{"highway":"residential","length":240.18328298981567},"geometry":{"type":"LineString","coordinates":[[41.42814,52.696372],[41.428647,52.69663],[41.429386,52.69704],[41.4295,52.697114],[41.429601,52.697177],[41.429767,52.697268],[41.430233,52.697515],[41.430322,52.697559],[41.430477,52.697635],[41.430657,52.697722],[41.430759,52.697764],[41.430818,52.697787]]}},{"type":"Feature","properties":{"highway":"primary","length":90.86717297362267},"geometry":{"type":"LineString","coordinates":[[41.472636,52.756835],[41.471997,52.756422],[41.471861,52.756337],[41.471711,52.756242]]}},{"type":"Feature","properties":{"highway":"primary","length":1201.3510682013937},"geometry":{"type":"LineString","coordinates":[[41.471711,52.756242],[41.471551,52.756136],[41.471183,52.755883],[41.470945,52.75572],[41.470324,52.755328],[41.469787,52.754982],[41.468852,52.754364],[41.468677,52.754253],[41.468419,52.754096],[41.468112,52.75388],[41.467869,52.753728],[41.467632,52.75357],[41.464397,52.751638],[41.463919,52.751319],[41.46304,52.750732],[41.462933,52.750664],[41.461498,52.749762],[41.460768,52.749304],[41.460388,52.749065],[41.460283,52.749001],[41.460164,52.748937],[41.459411,52.748446]]}},{"type":"Feature","properties":{"highway":"primary","length":559.9158999930737},"geometry":{"type":"LineString","coordinates":[[41.459411,52.748446],[41.457781,52.747439],[41.457668,52.747369],[41.457548,52.747294],[41.45732,52.747152],[41.45666,52.746707],[41.456437,52.746562],[41.456134,52.746365],[41.455378,52.745863],[41.454764,52.745456],[41.454266,52.745144],[41.454014,52.744984],[41.453835,52.744871],[41.453715,52.744791]]}},{"type":"Feature","properties":{"highway":"residential","length":76.47274070328623},"geometry":{"type":"LineString","coordinates":[[41.42949,52.738547],[41.429111,52.738732],[41.42861,52.738978]]}},{"type":"Feature","properties":{"highway":"primary","length":129.49507943324858},"geometry":{"type":"LineString","coordinates":[[41.43399,52.739998],[41.434179,52.739899],[41.434498,52.739723],[41.435278,52.739305],[41.435428,52.739229]]}},{"type":"Feature","properties":{"highway":"primary","length":225.60312398804152},"geometry":{"type":"LineString","coordinates":[[41.435428,52.739229],[41.43559,52.739146],[41.436255,52.738806],[41.436392,52.738734],[41.43686,52.738503],[41.437072,52.738395],[41.437385,52.73823],[41.437671,52.738078],[41.437975,52.737918]]}},{"type":"Feature","properties":{"highway":"residential","length":109.4032926430549},"geometry":{"type":"LineString","coordinates":[[41.433928,52.736516],[41.432659,52.737127]]}},{"type":"Feature","properties":{"highway":"tertiary","length":69.79341901887416},"geometry":{"type":"LineString","coordinates":[[41.433771,52.725728],[41.434794,52.725817]]}},{"type":"Feature","properties":{"highway":"primary","length":75.93591952121386},"geometry":{"type":"LineString","coordinates":[[41.436097,52.725239],[41.435924,52.725913]]}},{"type":"Feature","properties":{"highway":"residential","length":107.77296067172925},"geometry":{"type":"LineString","coordinates":[[41.456715,52.742024],[41.458065,52.74254]]}},{"type":"Feature","properties":{"highway":"residential","length":94.71178969386332},"geometry":{"type":"LineString","coordinates":[[41.458065,52.74254],[41.458304,52.742636],[41.458554,52.742736],[41.4588,52.742835],[41.459235,52.74301]]}},{"type":"Feature","properties":{"highway":"secondary","length":118.8942340129574},"geometry":{"type":"LineString","coordinates":[[41.456784,52.738226],[41.456871,52.738238],[41.456912,52.738242],[41.457838,52.738346],[41.458113,52.738396],[41.458315,52.738451],[41.458452,52.738521]]}},{"type":"Feature","properties":{"highway":"residential","length":28.064385366245826},"geometry":{"type":"LineString","coordinates":[[41.45655,52.736295],[41.456653,52.736307],[41.456957,52.736346]]}},{"type":"Feature","properties":{"highway":"residential","length":16.817715195436367},"geometry":{"type":"LineString","coordinates":[[41.456957,52.736346],[41.457202,52.736372]]}},{"type":"Feature","properties":{"highway":"primary","length":215.0331479173025},"geometry":{"type":"LineString","coordinates":[[41.452661,52.704601],[41.451925,52.705126],[41.45174,52.705261],[41.451101,52.70573],[41.451031,52.70578],[41.450939,52.705848],[41.450898,52.705885],[41.450867,52.705911],[41.450668,52.706105]]}},{"type":"Feature","properties":{"highway":"primary","length":19.398395701293694},"geometry":{"type":"LineString","coordinates":[[41.450668,52.706105],[41.450519,52.706254]]}},{"type":"Feature","properties":{"highway":"residential","length":582.3514439905186},"geometry":{"type":"LineString","coordinates":[[41.452454,52.706885],[41.455038,52.708012],[41.459271,52.709895],[41.459423,52.709963]]}},{"type":"Feature","properties":{"highway":"residential","length":92.54440305887803},"geometry":{"type":"LineString","coordinates":[[41.459423,52.709963],[41.459533,52.710011],[41.46053,52.710452]]}},{"type":"Feature","properties":{"highway":"secondary","length":216.0944766750591},"geometry":{"type":"LineString","coordinates":[[41.461238,52.708364],[41.45951,52.709887],[41.459423,52.709963]]}},{"type":"Feature","properties":{"highway":"secondary","length":216.94210928192186},"geometry":{"type":"LineString","coordinates":[[41.459423,52.709963],[41.45933,52.710033],[41.457655,52.711479],[41.457583,52.711559]]}},{"type":"Feature","properties":{"highway":"residential","length":63.28835111140403},"geometry":{"type":"LineString","coordinates":[[41.462347,52.706425],[41.462984,52.706708],[41.463102,52.706762]]}},{"type":"Feature","properties":{"highway":"residential","length":213.49584730119997},"geometry":{"type":"LineString","coordinates":[[41.463102,52.706762],[41.463254,52.706828],[41.465671,52.707879]]}},{"type":"Feature","properties":{"highway":"secondary","length":231.79369407605645},"geometry":{"type":"LineString","coordinates":[[41.46512,52.705078],[41.464296,52.705762],[41.464251,52.7058],[41.464164,52.705871],[41.463206,52.706675],[41.463102,52.706762]]}},{"type":"Feature","properties":{"highway":"secondary","length":218.30047466161628},"geometry":{"type":"LineString","coordinates":[[41.463102,52.706762],[41.463016,52.706835],[41.462569,52.707216],[41.46133,52.708284],[41.461238,52.708364]]}},{"type":"Feature","properties":{"highway":"residential","length":19.44852536425865},"geometry":{"type":"LineString","coordinates":[[41.453369,52.698552],[41.453256,52.698522],[41.453129,52.698459]]}},{"type":"Feature","properties":{"highway":"primary","length":287.5219043527094},"geometry":{"type":"LineString","coordinates":[[41.447149,52.708519],[41.444401,52.710492]]}},{"type":"Feature","properties":{"highway":"residential","length":72.58516606550371},"geometry":{"type":"LineString","coordinates":[[41.449149,52.711053],[41.448944,52.711031],[41.448238,52.710956],[41.448092,52.71094]]}},{"type":"Feature","properties":{"highway":"residential","length":255.62676935447664},"geometry":{"type":"LineString","coordinates":[[41.448092,52.71094],[41.44792,52.710926],[41.444935,52.710614],[41.44477,52.710599],[41.444618,52.71057],[41.444534,52.710546],[41.444484,52.710532],[41.444401,52.710492]]}},{"type":"Feature","properties":{"highway":"secondary","length":235.92046602753032},"geometry":{"type":"LineString","coordinates":[[41.447489,52.713028],[41.447512,52.712939],[41.448059,52.711046],[41.448092,52.71094]]}},{"type":"Feature","properties":{"highway":"secondary","length":348.93536397358116},"geometry":{"type":"LineString","coordinates":[[41.448092,52.71094],[41.448113,52.710868],[41.448702,52.708802],[41.448907,52.708237],[41.448924,52.70819],[41.448975,52.708028],[41.44905,52.707859]]}},{"type":"Feature","properties":{"highway":"tertiary","length":26.279236095483522},"geometry":{"type":"LineString","coordinates":[[41.429317,52.718795],[41.429435,52.71857]]}},{"type":"Feature","properties":{"highway":"tertiary","length":37.045092173706486},"geometry":{"type":"LineString","coordinates":[[41.429435,52.71857],[41.429452,52.718524],[41.429574,52.718248]]}},{"type":"Feature","properties":{"highway":"primary","length":273.5070912677536},"geometry":{"type":"LineString","coordinates":[[41.444401,52.710492],[41.441896,52.712252],[41.441754,52.712351]]}},{"type":"Feature","properties":{"highway":"residential","length":158.11791239614348},"geometry":{"type":"LineString","coordinates":[[41.462521,52.719028],[41.462439,52.719135],[41.462162,52.719501],[41.462093,52.719572],[41.461959,52.719701],[41.461828,52.719818],[41.461669,52.719923],[41.461526,52.719995],[41.461378,52.720048],[41.461123,52.720101]]}},{"type":"Feature","properties":{"highway":"residential","length":5.940430875429973},"geometry":{"type":"LineString","coordinates":[[41.394373,52.729951],[41.39446,52.729957]]}},{"type":"Feature","properties":{"highway":"residential","length":19.801379708955842},"geometry":{"type":"LineString","coordinates":[[41.39446,52.729957],[41.394754,52.729959]]}},{"type":"Feature","properties":{"highway":"residential","length":66.73603807117962},"geometry":{"type":"LineString","coordinates":[[41.399823,52.730265],[41.399935,52.730273],[41.400805,52.730328]]}},{"type":"Feature","properties":{"highway":"residential","length":88.23452405138434},"geometry":{"type":"LineString","coordinates":[[41.39981,52.730323],[41.399823,52.730265]]}},{"type":"Feature","properties":{"highway":"residential","length":85.65844970662558},"geometry":{"type":"LineString","coordinates":[[41.399823,52.730265],[41.399832,52.730207]]}},{"type":"Feature","properties":{"highway":"residential","length":126.11878167358185},"geometry":{"type":"LineString","coordinates":[[41.414816,52.717753],[41.414748,52.71787],[41.414711,52.717942],[41.414682,52.718019],[41.41446,52.718863]]}},{"type":"Feature","properties":{"highway":"tertiary","length":146.66099375725756},"geometry":{"type":"LineString","coordinates":[[41.411707,52.718734],[41.411727,52.71865]]}},{"type":"Feature","properties":{"highway":"tertiary","length":162.230177959396},"geometry":{"type":"MultiLineString","coordinates":[[[41.411727,52.71865],[41.411747,52.718589]],[[41.412145,52.717364],[41.412245,52.717231]]]}},{"type":"Feature","properties":{"highway":"tertiary","length":62.083873202266744},"geometry":{"type":"LineString","coordinates":[[41.38972,52.767497],[41.389843,52.767557],[41.390442,52.767843]]}},{"type":"Feature","properties":{"highway":"tertiary","length":97.12689011632222},"geometry":{"type":"LineString","coordinates":[[41.38417,52.783475],[41.384071,52.783547],[41.383392,52.784074],[41.383336,52.784118],[41.38328,52.784161]]}},{"type":"Feature","properties":{"highway":"tertiary","length":99.59901391619657},"geometry":{"type":"LineString","coordinates":[[41.38328,52.784161],[41.383223,52.784206],[41.383191,52.784232],[41.382487,52.784781],[41.382375,52.784867]]}},{"type":"Feature","properties":{"highway":"secondary","length":182.3153391579745},"geometry":{"type":"LineString","coordinates":[[41.399222,52.771964],[41.399395,52.772041],[41.399706,52.772185],[41.401374,52.772954]]}},{"type":"Feature","properties":{"highway":"secondary","length":182.37333750190214},"geometry":{"type":"LineString","coordinates":[[41.401374,52.772954],[41.401551,52.773038],[41.402808,52.773613],[41.403306,52.773841],[41.403529,52.773943]]}},{"type":"Feature","properties":{"highway":"secondary","length":59.51034234131869},"geometry":{"type":"LineString","coordinates":[[41.416916,52.767263],[41.417469,52.766846]]}},{"type":"Feature","properties":{"highway":"secondary","length":72.73403499656416},"geometry":{"type":"LineString","coordinates":[[41.417469,52.766846],[41.417539,52.766793],[41.417663,52.766695],[41.418128,52.766329]]}},{"type":"Feature","properties":{"highway":"residential","length":61.06412449260691},"geometry":{"type":"LineString","coordinates":[[41.417149,52.76365],[41.417152,52.763648],[41.417243,52.76358]]}},{"type":"Feature","properties":{"highway":"residential","length":266.56375211230835},"geometry":{"type":"MultiLineString","coordinates":[[[41.417243,52.76358],[41.417329,52.763525],[41.417347,52.763511]],[[41.419526,52.761728],[41.419607,52.761662]]]}},{"type":"Feature","properties":{"highway":"secondary","length":161.57605086976338},"geometry":{"type":"LineString","coordinates":[[41.418634,52.765891],[41.418974,52.765621],[41.419066,52.765549],[41.420088,52.764738]]}},{"type":"Feature","properties":{"highway":"secondary","length":248.07329352586714},"geometry":{"type":"LineString","coordinates":[[41.420088,52.764738],[41.420387,52.764501],[41.420629,52.764309],[41.420779,52.76419],[41.42232,52.762967]]}},{"type":"Feature","properties":{"highway":"secondary","length":149.06920544826255},"geometry":{"type":"LineString","coordinates":[[41.42123,52.751614],[41.419459,52.750815]]}},{"type":"Feature","properties":{"highway":"secondary","length":486.58702942505454},"geometry":{"type":"LineString","coordinates":[[41.42232,52.762967],[41.422701,52.762662],[41.422729,52.76264],[41.422902,52.762503],[41.423305,52.762182],[41.423412,52.762098],[41.423982,52.761646],[41.424327,52.761372],[41.425724,52.760243],[41.426696,52.759492]]}},{"type":"Feature","properties":{"highway":"secondary","length":374.3716698027729},"geometry":{"type":"LineString","coordinates":[[41.426696,52.759492],[41.426803,52.75941],[41.427544,52.75884],[41.428149,52.758357],[41.428579,52.758005],[41.42868,52.757923],[41.428976,52.75768],[41.429014,52.75765],[41.429248,52.757493],[41.430307,52.75696]]}},{"type":"Feature","properties":{"highway":"secondary","length":73.31761365768534},"geometry":{"type":"LineString","coordinates":[[41.416154,52.759204],[41.415713,52.759559],[41.415585,52.759662],[41.415507,52.759733]]}},{"type":"Feature","properties":{"highway":"residential","length":8.396128934033593},"geometry":{"type":"LineString","coordinates":[[41.402909,52.749394],[41.402904,52.749469]]}},{"type":"Feature","properties":{"highway":"secondary","length":11.838977219908603},"geometry":{"type":"LineString","coordinates":[[41.429943,52.749551],[41.429806,52.749617]]}},{"type":"Feature","properties":{"highway":"secondary","length":59.265637903159764},"geometry":{"type":"LineString","coordinates":[[41.429806,52.749617],[41.429134,52.74996]]}},{"type":"Feature","properties":{"highway":"residential","length":62.39498502234094},"geometry":{"type":"LineString","coordinates":[[41.429806,52.749617],[41.429919,52.74965],[41.430006,52.749672],[41.430697,52.749752]]}},{"type":"Feature","properties":{"highway":"residential","length":84.41680969397291},"geometry":{"type":"LineString","coordinates":[[41.430697,52.749752],[41.431937,52.74985]]}},{"type":"Feature","properties":{"highway":"residential","length":119.57073131045291},"geometry":{"type":"LineString","coordinates":[[41.43629,52.752712],[41.436498,52.751645]]}},{"type":"Feature","properties":{"highway":"residential","length":79.50709626883278},"geometry":{"type":"LineString","coordinates":[[41.436498,52.751645],[41.436668,52.750938]]}},{"type":"Feature","properties":{"highway":"secondary","length":17.53226719238101},"geometry":{"type":"LineString","coordinates":[[41.427247,52.754396],[41.427041,52.7543]]}},{"type":"Feature","properties":{"highway":"residential","length":16.367418263224813},"geometry":{"type":"LineString","coordinates":[[41.477861,52.712952],[41.478099,52.712981]]}},{"type":"Feature","properties":{"highway":"residential","length":142.4877663759536},"geometry":{"type":"LineString","coordinates":[[41.478099,52.712981],[41.478807,52.713068],[41.480153,52.713269]]}},{"type":"Feature","properties":{"highway":"primary","length":773.130506056575},"geometry":{"type":"LineString","coordinates":[[41.479334,52.72278],[41.478993,52.722829],[41.478417,52.722913],[41.478068,52.722964],[41.476954,52.723177],[41.476798,52.723204],[41.476659,52.723228],[41.476078,52.723328],[41.475881,52.723362],[41.474312,52.72358],[41.472171,52.723873],[41.471853,52.723916],[41.471214,52.724003],[41.469766,52.724201],[41.468818,52.724345],[41.46867,52.724376],[41.468545,52.724401],[41.468373,52.724448],[41.46825,52.724481]]}},{"type":"Feature","properties":{"highway":"primary","length":328.88039283794103},"geometry":{"type":"LineString","coordinates":[[41.46825,52.724481],[41.467775,52.724653],[41.46709,52.724944],[41.466947,52.725012],[41.466537,52.72521],[41.466353,52.725317],[41.466212,52.725413],[41.466151,52.725454],[41.465929,52.725638],[41.46578,52.725781],[41.465643,52.725929],[41.465574,52.726004],[41.465299,52.726372],[41.465096,52.726632]]}},{"type":"Feature","properties":{"highway":"tertiary","length":104.9274034749441},"geometry":{"type":"LineString","coordinates":[[41.399842,52.78085],[41.398899,52.7816]]}},{"type":"Feature","properties":{"highway":"tertiary","length":149.27132523711606},"geometry":{"type":"LineString","coordinates":[[41.461902,52.692766],[41.461772,52.692757],[41.461356,52.692722],[41.460544,52.692663],[41.459868,52.692612],[41.459711,52.692603]]}},{"type":"Feature","properties":{"highway":"tertiary","length":952.9640971448428},"geometry":{"type":"LineString","coordinates":[[41.459711,52.692603],[41.459492,52.6926],[41.459283,52.692601],[41.458647,52.692602],[41.457703,52.692608],[41.457235,52.692612],[41.456711,52.692633],[41.455625,52.692679],[41.454273,52.692753],[41.453067,52.692832],[41.452278,52.692872],[41.452202,52.692877],[41.452084,52.692883],[41.451969,52.692913],[41.451838,52.69297],[41.45109,52.693407],[41.450504,52.693765],[41.450411,52.693847],[41.449769,52.694368],[41.449034,52.695027],[41.448407,52.695632],[41.44833,52.695749],[41.448315,52.695861],[41.448391,52.695959]]}},{"type":"Feature","properties":{"highway":"tertiary","length":122.09894199885969},"geometry":{"type":"LineString","coordinates":[[41.391611,52.778203],[41.391722,52.778115],[41.391964,52.777924],[41.392137,52.777786],[41.392283,52.777669],[41.392659,52.777368],[41.392707,52.77733]]}},{"type":"Feature","properties":{"highway":"tertiary","length":102.45069770155187},"geometry":{"type":"LineString","coordinates":[[41.392707,52.77733],[41.392779,52.777272],[41.393158,52.776969],[41.39353,52.776672],[41.393628,52.776598]]}},{"type":"Feature","properties":{"highway":"tertiary","length":101.72252763213689},"geometry":{"type":"LineString","coordinates":[[41.400916,52.780004],[41.399996,52.780728]]}},{"type":"Feature","properties":{"highway":"tertiary","length":17.11514460433623},"geometry":{"type":"LineString","coordinates":[[41.399996,52.780728],[41.399842,52.78085]]}},{"type":"Feature","properties":{"highway":"secondary","length":595.8388197147535},"geometry":{"type":"LineString","coordinates":[[41.432491,52.783971],[41.432108,52.783861],[41.426988,52.782391],[41.425859,52.782051],[41.424833,52.781697],[41.424571,52.781607]]}},{"type":"Feature","properties":{"highway":"secondary","length":261.056895970263},"geometry":{"type":"LineString","coordinates":[[41.424571,52.781607],[41.424383,52.78154],[41.423627,52.781273],[41.422776,52.780974],[41.421585,52.780551],[41.421357,52.780469],[41.42123,52.780424]]}},{"type":"Feature","properties":{"highway":"residential","length":468.4662940084809},"geometry":{"type":"LineString","coordinates":[[41.421629,52.78542],[41.42171,52.785312],[41.421768,52.785237],[41.424448,52.781772],[41.424571,52.781607]]}},{"type":"Feature","properties":{"highway":"residential","length":1090.6265499695492},"geometry":{"type":"LineString","coordinates":[[41.424571,52.781607],[41.424683,52.781462],[41.426548,52.77905],[41.431387,52.77272]]}},{"type":"Feature","properties":{"highway":"residential","length":68.12757233097159},"geometry":{"type":"LineString","coordinates":[[41.476357,52.712794],[41.477351,52.712894]]}},{"type":"Feature","properties":{"highway":"residential","length":35.09447250649764},"geometry":{"type":"LineString","coordinates":[[41.477351,52.712894],[41.477562,52.712916],[41.477861,52.712952]]}},{"type":"Feature","properties":{"highway":"residential","length":396.8326293678001},"geometry":{"type":"LineString","coordinates":[[41.512365,52.70739],[41.512319,52.706471],[41.512286,52.706019],[41.512143,52.70407],[41.512125,52.703827]]}},{"type":"Feature","properties":{"highway":"tertiary","length":51.195916797410604},"geometry":{"type":"LineString","coordinates":[[41.439801,52.753064],[41.439906,52.753019],[41.439967,52.752987],[41.440026,52.752928],[41.440053,52.752881],[41.440065,52.752834],[41.440096,52.752668]]}},{"type":"Feature","properties":{"highway":"tertiary","length":75.13818309659386},"geometry":{"type":"LineString","coordinates":[[41.440096,52.752668],[41.440221,52.751997]]}},{"type":"Feature","properties":{"highway":"residential","length":293.67635895645657},"geometry":{"type":"LineString","coordinates":[[41.376437,52.780977],[41.37637,52.781027],[41.376333,52.781055],[41.376081,52.781248],[41.375746,52.781517],[41.374807,52.782258],[41.373869,52.783018],[41.373799,52.783076]]}},{"type":"Feature","properties":{"highway":"residential","length":43.34547010265108},"geometry":{"type":"LineString","coordinates":[[41.399365,52.749519],[41.399903,52.749534],[41.400006,52.749539]]}},{"type":"Feature","properties":{"highway":"residential","length":94.59509294327938},"geometry":{"type":"LineString","coordinates":[[41.400006,52.749539],[41.400093,52.749509]]}},{"type":"Feature","properties":{"highway":"track","length":12.694187578444271},"geometry":{"type":"LineString","coordinates":[[41.480806,52.706446],[41.480727,52.706443],[41.480656,52.706435],[41.48062,52.70643]]}},{"type":"Feature","properties":{"highway":"track","length":26.622781602637403},"geometry":{"type":"LineString","coordinates":[[41.48062,52.70643],[41.480613,52.706397],[41.480617,52.706366],[41.480633,52.706334],[41.480663,52.7063],[41.480711,52.706258],[41.480742,52.706239],[41.480778,52.706227]]}},{"type":"Feature","properties":{"highway":"secondary","length":98.40911282882425},"geometry":{"type":"LineString","coordinates":[[41.392231,52.773169],[41.392804,52.773433],[41.393389,52.773706]]}},{"type":"Feature","properties":{"highway":"secondary","length":97.58012062713178},"geometry":{"type":"LineString","coordinates":[[41.393389,52.773706],[41.394314,52.774142],[41.39453,52.774245]]}},{"type":"Feature","properties":{"highway":"residential","length":113.07820316841784},"geometry":{"type":"LineString","coordinates":[[41.392707,52.77733],[41.392567,52.777263],[41.391962,52.776989],[41.391379,52.77671]]}},{"type":"Feature","properties":{"highway":"residential","length":98.04305655110868},"geometry":{"type":"LineString","coordinates":[[41.391379,52.77671],[41.390836,52.776455],[41.390231,52.77617]]}},{"type":"Feature","properties":{"highway":"tertiary","length":330.70972879895646},"geometry":{"type":"LineString","coordinates":[[41.429015,52.72704],[41.429517,52.727081],[41.429799,52.727098],[41.429982,52.727093],[41.430125,52.727076],[41.430254,52.727043],[41.430396,52.726989],[41.430687,52.726864],[41.430866,52.726788],[41.432552,52.726068],[41.432674,52.726017],[41.433236,52.72578]]}},{"type":"Feature","properties":{"highway":"tertiary","length":37.48518319696459},"geometry":{"type":"LineString","coordinates":[[41.433236,52.72578],[41.433342,52.725745],[41.433526,52.72572],[41.433579,52.725721],[41.433717,52.725725],[41.433771,52.725728]]}},{"type":"Feature","properties":{"highway":"residential","length":46.06049839091658},"geometry":{"type":"LineString","coordinates":[[41.430664,52.725229],[41.430682,52.725186]]}},{"type":"Feature","properties":{"highway":"secondary","length":117.96266306982935},"geometry":{"type":"LineString","coordinates":[[41.471074,52.704525],[41.471036,52.704618],[41.470691,52.705559]]}},{"type":"Feature","properties":{"highway":"secondary","length":120.18489842006484},"geometry":{"type":"LineString","coordinates":[[41.470691,52.705559],[41.470623,52.705646],[41.470588,52.705675],[41.470519,52.705732],[41.470008,52.706163],[41.469833,52.706301],[41.46966,52.706437]]}},{"type":"Feature","properties":{"highway":"primary","length":91.27431811720675},"geometry":{"type":"LineString","coordinates":[[41.442126,52.738827],[41.443102,52.739394]]}},{"type":"Feature","properties":{"highway":"residential","length":11.839190131095515},"geometry":{"type":"LineString","coordinates":[[41.442538,52.731094],[41.442366,52.731074]]}},{"type":"Feature","properties":{"highway":"residential","length":11.017737672218482},"geometry":{"type":"LineString","coordinates":[[41.442366,52.731074],[41.442206,52.731055]]}},{"type":"Feature","properties":{"highway":"secondary","length":131.4806044519389},"geometry":{"type":"LineString","coordinates":[[41.442366,52.731074],[41.442682,52.729908]]}},{"type":"Feature","properties":{"highway":"tertiary","length":86.48199061500148},"geometry":{"type":"LineString","coordinates":[[41.395088,52.784574],[41.394306,52.78519]]}},{"type":"Feature","properties":{"highway":"tertiary","length":25.895184933468098},"geometry":{"type":"LineString","coordinates":[[41.394306,52.78519],[41.394072,52.785374]]}},{"type":"Feature","properties":{"highway":"residential","length":129.10795930523744},"geometry":{"type":"LineString","coordinates":[[41.448848,52.718315],[41.447872,52.718213],[41.447469,52.718171],[41.446965,52.718118]]}},{"type":"Feature","properties":{"highway":"primary","length":124.92500027547959},"geometry":{"type":"LineString","coordinates":[[41.442007,52.704694],[41.442083,52.70474],[41.442361,52.704895],[41.442637,52.70505],[41.443278,52.705366],[41.44341,52.705423]]}},{"type":"Feature","properties":{"highway":"primary","length":93.06265731558389},"geometry":{"type":"LineString","coordinates":[[41.44341,52.705423],[41.444306,52.705814],[41.444528,52.705912]]}},{"type":"Feature","properties":{"highway":"tertiary","length":28.044655578773643},"geometry":{"type":"LineString","coordinates":[[41.44341,52.705423],[41.443587,52.705272],[41.443651,52.705218]]}},{"type":"Feature","properties":{"highway":"residential","length":205.33292472844875},"geometry":{"type":"LineString","coordinates":[[41.480438,52.703974],[41.480437,52.704005],[41.480423,52.704165],[41.480428,52.704472],[41.48041,52.704834],[41.480382,52.705244],[41.480348,52.70557],[41.48033,52.705691],[41.48028,52.705813]]}},{"type":"Feature","properties":{"highway":"residential","length":388.6774800322858},"geometry":{"type":"LineString","coordinates":[[41.48028,52.705813],[41.480232,52.705905],[41.479972,52.706345],[41.47977,52.706631],[41.479703,52.706703],[41.479634,52.706764],[41.479432,52.706909],[41.479111,52.707045],[41.478726,52.70718],[41.478501,52.707237],[41.478389,52.707266],[41.477942,52.707394],[41.477515,52.707512],[41.476692,52.707749],[41.476321,52.707861],[41.476213,52.707903],[41.476131,52.707957]]}},{"type":"Feature","properties":{"highway":"tertiary","length":214.68870002627273},"geometry":{"type":"LineString","coordinates":[[41.443651,52.705218],[41.444811,52.704352],[41.445232,52.704045],[41.44568,52.703734]]}},{"type":"Feature","properties":{"highway":"tertiary","length":212.76546588646596},"geometry":{"type":"LineString","coordinates":[[41.44568,52.703734],[41.446094,52.703445],[41.447724,52.70228]]}},{"type":"Feature","properties":{"highway":"residential","length":518.1196505293441},"geometry":{"type":"LineString","coordinates":[[41.446539,52.716325],[41.446675,52.716339],[41.453827,52.717112],[41.453922,52.71713],[41.45408,52.717159]]}},{"type":"Feature","properties":{"highway":"residential","length":320.56704249921955},"geometry":{"type":"LineString","coordinates":[[41.45408,52.717159],[41.454229,52.717184],[41.455976,52.717579],[41.45665,52.717731],[41.458339,52.718113],[41.458529,52.718158]]}},{"type":"Feature","properties":{"highway":"secondary","length":194.8383172322359},"geometry":{"type":"LineString","coordinates":[[41.455107,52.715523],[41.455049,52.715615],[41.454144,52.717058],[41.45408,52.717159]]}},{"type":"Feature","properties":{"highway":"secondary","length":191.6422963869826},"geometry":{"type":"LineString","coordinates":[[41.446083,52.718024],[41.446454,52.716649],[41.446511,52.716426],[41.446539,52.716325]]}},{"type":"Feature","properties":{"highway":"residential","length":60.50211446664601},"geometry":{"type":"LineString","coordinates":[[41.446965,52.718118],[41.446894,52.718111],[41.446207,52.718039],[41.446083,52.718024]]}},{"type":"Feature","properties":{"highway":"residential","length":107.49864107636907},"geometry":{"type":"LineString","coordinates":[[41.446083,52.718024],[41.445886,52.718005],[41.444516,52.717857]]}},{"type":"Feature","properties":{"highway":"tertiary","length":237.90581791062255},"geometry":{"type":"LineString","coordinates":[[41.429574,52.718248],[41.429875,52.717552],[41.43009,52.717054],[41.430435,52.716254],[41.430467,52.71618]]}},{"type":"Feature","properties":{"highway":"tertiary","length":163.08604316436316},"geometry":{"type":"LineString","coordinates":[[41.430467,52.71618],[41.430672,52.715639],[41.430939,52.714743]]}},{"type":"Feature","properties":{"highway":"primary","length":137.07190488693308},"geometry":{"type":"LineString","coordinates":[[41.415903,52.721394],[41.414985,52.721348],[41.414025,52.721285],[41.413883,52.721275]]}},{"type":"Feature","properties":{"highway":"primary","length":183.1650838086311},"geometry":{"type":"LineString","coordinates":[[41.413883,52.721275],[41.411324,52.721108],[41.411188,52.7211]]}},{"type":"Feature","properties":{"highway":"primary","length":251.50012008808824},"geometry":{"type":"LineString","coordinates":[[41.411188,52.7211],[41.408596,52.720939],[41.408007,52.720903],[41.407652,52.720876],[41.407486,52.720864]]}},{"type":"Feature","properties":{"highway":"primary","length":97.03842089458388},"geometry":{"type":"LineString","coordinates":[[41.407486,52.720864],[41.406857,52.720814],[41.406579,52.720778],[41.406397,52.720752],[41.406079,52.7207]]}},{"type":"Feature","properties":{"highway":"secondary","length":329.51031228339116},"geometry":{"type":"LineString","coordinates":[[41.403933,52.721589],[41.403842,52.722138],[41.403527,52.723977],[41.403454,52.72441],[41.403433,52.724534]]}},{"type":"Feature","properties":{"highway":"secondary","length":328.5578311722282},"geometry":{"type":"LineString","coordinates":[[41.403433,52.724534],[41.403204,52.725859],[41.40296,52.727222],[41.402912,52.72747]]}},{"type":"Feature","properties":{"highway":"residential","length":132.03321451645323},"geometry":{"type":"LineString","coordinates":[[41.437496,52.745775],[41.437382,52.745694],[41.437148,52.745516],[41.436223,52.744875]]}},{"type":"Feature","properties":{"highway":"residential","length":198.293231059035},"geometry":{"type":"LineString","coordinates":[[41.436339,52.744815],[41.436223,52.744875]]}},{"type":"Feature","properties":{"highway":"residential","length":227.0977886067319},"geometry":{"type":"MultiLineString","coordinates":[[[41.436223,52.744875],[41.436124,52.744923]],[[41.433761,52.746129],[41.433647,52.746185]]]}},{"type":"Feature","properties":{"highway":"residential","length":144.14890649917385},"geometry":{"type":"LineString","coordinates":[[41.441711,52.743677],[41.441818,52.74375],[41.442418,52.7442],[41.442883,52.744548],[41.443059,52.744681]]}},{"type":"Feature","properties":{"highway":"residential","length":138.33935874468418},"geometry":{"type":"LineString","coordinates":[[41.443059,52.744681],[41.444175,52.745504],[41.444348,52.745647]]}},{"type":"Feature","properties":{"highway":"residential","length":137.89636222797768},"geometry":{"type":"LineString","coordinates":[[41.429804,52.748032],[41.430974,52.74897],[41.431034,52.749022]]}},{"type":"Feature","properties":{"highway":"residential","length":112.48927164751333},"geometry":{"type":"LineString","coordinates":[[41.431034,52.749022],[41.431109,52.749107],[41.43115,52.74914],[41.431859,52.749658],[41.431913,52.749738],[41.431937,52.74985]]}},{"type":"Feature","properties":{"highway":"secondary","length":94.27666550683955},"geometry":{"type":"LineString","coordinates":[[41.431034,52.749022],[41.429943,52.749551]]}},{"type":"Feature","properties":{"highway":"secondary","length":230.0610130577965},"geometry":{"type":"LineString","coordinates":[[41.437496,52.745775],[41.437343,52.745852],[41.435006,52.747024],[41.43487,52.747093]]}},{"type":"Feature","properties":{"highway":"secondary","length":336.44729352340255},"geometry":{"type":"LineString","coordinates":[[41.43487,52.747093],[41.431034,52.749022]]}},{"type":"Feature","properties":{"highway":"secondary","length":160.21597142924284},"geometry":{"type":"LineString","coordinates":[[41.405267,52.762233],[41.406269,52.762702],[41.407146,52.763113]]}},{"type":"Feature","properties":{"highway":"secondary","length":123.30437494978538},"geometry":{"type":"LineString","coordinates":[[41.407146,52.763113],[41.407471,52.763259],[41.408582,52.763798]]}},{"type":"Feature","properties":{"highway":"primary","length":261.3656161125418},"geometry":{"type":"LineString","coordinates":[[41.463304,52.687575],[41.46385,52.688901],[41.464065,52.689449],[41.464139,52.689674],[41.464207,52.689858]]}},{"type":"Feature","properties":{"highway":"residential","length":73.03156147884816},"geometry":{"type":"LineString","coordinates":[[41.464126,52.690482],[41.464122,52.690435],[41.464092,52.690189],[41.464074,52.689984],[41.464082,52.689957],[41.464147,52.689879],[41.464207,52.689858]]}},{"type":"Feature","properties":{"highway":"residential","length":682.7662191792942},"geometry":{"type":"LineString","coordinates":[[41.464207,52.689858],[41.464362,52.689805],[41.464544,52.689738],[41.466187,52.689216],[41.468065,52.688682],[41.471028,52.687877],[41.471219,52.687853],[41.4714,52.687854],[41.471619,52.687871],[41.4735,52.688151]]}},{"type":"Feature","properties":{"highway":"primary","length":92.3274440762403},"geometry":{"type":"LineString","coordinates":[[41.46433,52.69047],[41.46434,52.690546],[41.464357,52.69083],[41.464359,52.690975],[41.464357,52.691116],[41.464337,52.691298]]}},{"type":"Feature","properties":{"highway":"primary","length":31.462664181451384},"geometry":{"type":"LineString","coordinates":[[41.464337,52.691298],[41.464334,52.691323],[41.464313,52.691452],[41.464278,52.691579]]}},{"type":"Feature","properties":{"highway":"tertiary","length":16.08322119467015},"geometry":{"type":"LineString","coordinates":[[41.464101,52.691283],[41.464168,52.691292],[41.464337,52.691298]]}},{"type":"Feature","properties":{"highway":"tertiary","length":201.87765265090258},"geometry":{"type":"LineString","coordinates":[[41.464337,52.691298],[41.464508,52.691305],[41.464607,52.691349],[41.464648,52.691382],[41.464678,52.691432],[41.46468,52.691499],[41.464658,52.691572],[41.464496,52.691852],[41.464382,52.692181],[41.464197,52.692725],[41.464144,52.692818],[41.464088,52.692925]]}},{"type":"Feature","properties":{"highway":"primary","length":89.21256671885389},"geometry":{"type":"LineString","coordinates":[[41.460744,52.70284],[41.460433,52.702939],[41.459575,52.703212]]}},{"type":"Feature","properties":{"highway":"primary","length":210.34727274624413},"geometry":{"type":"LineString","coordinates":[[41.459575,52.703212],[41.457417,52.703836],[41.457011,52.703935],[41.456968,52.703947],[41.456738,52.703982]]}},{"type":"Feature","properties":{"highway":"residential","length":180.30642955106507},"geometry":{"type":"LineString","coordinates":[[41.455745,52.701642],[41.455736,52.701636],[41.455664,52.701568]]}},{"type":"Feature","properties":{"highway":"residential","length":189.14247703932375},"geometry":{"type":"MultiLineString","coordinates":[[[41.455664,52.701568],[41.455561,52.701501]],[[41.45385,52.700354],[41.453783,52.700309]]]}},{"type":"Feature","properties":{"highway":"residential","length":79.7726330097664},"geometry":{"type":"LineString","coordinates":[[41.455664,52.701568],[41.455542,52.701635],[41.454788,52.702048]]}},{"type":"Feature","properties":{"highway":"residential","length":75.29193732358834},"geometry":{"type":"LineString","coordinates":[[41.456738,52.703982],[41.456687,52.703884]]}},{"type":"Feature","properties":{"highway":"residential","length":184.7934034916621},"geometry":{"type":"LineString","coordinates":[[41.454827,52.70216],[41.45481,52.702143],[41.454788,52.702048]]}},{"type":"Feature","properties":{"highway":"residential","length":88.85937712275171},"geometry":{"type":"LineString","coordinates":[[41.452928,52.700916],[41.452999,52.70086],[41.453285,52.700654],[41.453474,52.700518],[41.453582,52.700447],[41.453783,52.700309]]}},{"type":"Feature","properties":{"highway":"residential","length":128.78366868061505},"geometry":{"type":"LineString","coordinates":[[41.460851,52.699604],[41.460292,52.699588],[41.459913,52.699569],[41.459289,52.699524],[41.458956,52.699552]]}},{"type":"Feature","properties":{"highway":"residential","length":240.9103324569915},"geometry":{"type":"LineString","coordinates":[[41.458956,52.699552],[41.458704,52.69954],[41.457185,52.699439],[41.455956,52.699366],[41.455624,52.699345],[41.455415,52.699316]]}},{"type":"Feature","properties":{"highway":"residential","length":72.98587629300559},"geometry":{"type":"LineString","coordinates":[[41.458956,52.699552],[41.458799,52.699647],[41.45819,52.700014]]}},{"type":"Feature","properties":{"highway":"residential","length":190.11534010119902},"geometry":{"type":"LineString","coordinates":[[41.461225,52.696762],[41.461226,52.696674]]}},{"type":"Feature","properties":{"highway":"residential","length":313.3328607200956},"geometry":{"type":"MultiLineString","coordinates":[[[41.461226,52.696674],[41.461232,52.696596]],[[41.461867,52.694],[41.461879,52.693993],[41.461961,52.693948]]]}},{"type":"Feature","properties":{"highway":"residential","length":127.1217851965857},"geometry":{"type":"LineString","coordinates":[[41.463082,52.696849],[41.462753,52.696824],[41.462375,52.696788],[41.461865,52.696731],[41.461405,52.696678],[41.461226,52.696674]]}},{"type":"Feature","properties":{"highway":"residential","length":61.023865054634136},"geometry":{"type":"LineString","coordinates":[[41.461226,52.696674],[41.461079,52.696665],[41.460327,52.696625]]}},{"type":"Feature","properties":{"highway":"primary","length":126.06065747193358},"geometry":{"type":"LineString","coordinates":[[41.463887,52.692899],[41.463859,52.693042],[41.463763,52.693546],[41.463739,52.693666],[41.463703,52.693836],[41.463676,52.693946],[41.46366,52.694024]]}},{"type":"Feature","properties":{"highway":"primary","length":245.90321742118263},"geometry":{"type":"LineString","coordinates":[[41.46366,52.694024],[41.463644,52.694097],[41.463552,52.694571],[41.463498,52.694856],[41.463435,52.695134],[41.463316,52.695725],[41.463222,52.696151],[41.46321,52.696217]]}},{"type":"Feature","properties":{"highway":"tertiary","length":115.29224661148007},"geometry":{"type":"LineString","coordinates":[[41.46366,52.694024],[41.463381,52.694017],[41.463214,52.694016],[41.463153,52.694013],[41.463033,52.694009],[41.46252,52.693975],[41.462078,52.693954],[41.461961,52.693948]]}},{"type":"Feature","properties":{"highway":"tertiary","length":91.01144456068742},"geometry":{"type":"LineString","coordinates":[[41.461961,52.693948],[41.461787,52.693938],[41.461488,52.693915],[41.461305,52.693909],[41.461137,52.693913],[41.460819,52.693934],[41.460621,52.693946]]}},{"type":"Feature","properties":{"highway":"residential","length":182.63492955051066},"geometry":{"type":"LineString","coordinates":[[41.472476,52.700994],[41.472501,52.700939],[41.472507,52.700875],[41.472527,52.700821],[41.472687,52.70034],[41.472789,52.70013],[41.472954,52.699703],[41.473092,52.699398]]}},{"type":"Feature","properties":{"highway":"residential","length":75.16895919155259},"geometry":{"type":"LineString","coordinates":[[41.473092,52.699398],[41.473172,52.698724]]}},{"type":"Feature","properties":{"highway":"tertiary","length":114.99995382620148},"geometry":{"type":"LineString","coordinates":[[41.47867,52.695122],[41.478526,52.69511],[41.478306,52.695091],[41.478037,52.695039],[41.477804,52.694989],[41.477425,52.694945],[41.477115,52.694919],[41.47701,52.694917]]}},{"type":"Feature","properties":{"highway":"residential","length":130.8001053070087},"geometry":{"type":"LineString","coordinates":[[41.466468,52.692995],[41.466335,52.693701],[41.466284,52.69392],[41.466243,52.694103],[41.466265,52.69416]]}},{"type":"Feature","properties":{"highway":"residential","length":111.82061784639886},"geometry":{"type":"LineString","coordinates":[[41.466265,52.69416],[41.466313,52.694249],[41.466299,52.694364],[41.466262,52.694779],[41.466241,52.695065],[41.466232,52.695159]]}},{"type":"Feature","properties":{"highway":"tertiary","length":160.03314421219753},"geometry":{"type":"LineString","coordinates":[[41.468619,52.694308],[41.468561,52.694307],[41.467471,52.694234],[41.466451,52.694167],[41.466265,52.69416]]}},{"type":"Feature","properties":{"highway":"tertiary","length":159.4114283596675},"geometry":{"type":"LineString","coordinates":[[41.465425,52.700199],[41.467764,52.70038]]}},{"type":"Feature","properties":{"highway":"tertiary","length":25.863301275246016},"geometry":{"type":"LineString","coordinates":[[41.463622,52.700089],[41.463679,52.700091],[41.463718,52.700094],[41.464004,52.700105]]}},{"type":"Feature","properties":{"highway":"tertiary","length":96.59897526007033},"geometry":{"type":"LineString","coordinates":[[41.464004,52.700105],[41.465425,52.700199]]}},{"type":"Feature","properties":{"highway":"tertiary","length":78.47065831133611},"geometry":{"type":"LineString","coordinates":[[41.466265,52.69416],[41.466136,52.694158],[41.465358,52.694119],[41.465193,52.694111],[41.465108,52.694105]]}},{"type":"Feature","properties":{"highway":"tertiary","length":98.34094739256443},"geometry":{"type":"LineString","coordinates":[[41.465108,52.694105],[41.46491,52.694095],[41.46423,52.694063],[41.464105,52.694057],[41.46366,52.694024]]}},{"type":"Feature","properties":{"highway":"tertiary","length":8.696621321158881},"geometry":{"type":"LineString","coordinates":[[41.471721,52.694498],[41.471612,52.69454]]}},{"type":"Feature","properties":{"highway":"tertiary","length":73.38466913762129},"geometry":{"type":"LineString","coordinates":[[41.471612,52.69454],[41.470528,52.6945]]}},{"type":"Feature","properties":{"highway":"tertiary","length":178.87747786549696},"geometry":{"type":"LineString","coordinates":[[41.453671,52.702849],[41.453359,52.702683],[41.451775,52.701861],[41.451661,52.701803]]}},{"type":"Feature","properties":{"highway":"tertiary","length":78.9304059352257},"geometry":{"type":"LineString","coordinates":[[41.451661,52.701803],[41.451557,52.701748],[41.450781,52.701337]]}},{"type":"Feature","properties":{"highway":"residential","length":211.74155443930613},"geometry":{"type":"LineString","coordinates":[[41.449601,52.703237],[41.449684,52.703178],[41.451571,52.701865],[41.451661,52.701803]]}},{"type":"Feature","properties":{"highway":"residential","length":130.7910624458403},"geometry":{"type":"LineString","coordinates":[[41.451661,52.701803],[41.451745,52.701738],[41.451827,52.701679],[41.451926,52.701612],[41.452792,52.701019],[41.452868,52.700966],[41.452928,52.700916]]}},{"type":"Feature","properties":{"highway":"tertiary","length":213.04115338100053},"geometry":{"type":"LineString","coordinates":[[41.447724,52.70228],[41.448768,52.701528],[41.448828,52.701486],[41.449579,52.700948],[41.449686,52.700877],[41.449764,52.700821]]}},{"type":"Feature","properties":{"highway":"tertiary","length":237.65875967905225},"geometry":{"type":"LineString","coordinates":[[41.449764,52.700821],[41.449859,52.700754],[41.449923,52.700705],[41.450244,52.700484],[41.450612,52.700215],[41.450708,52.70015],[41.450748,52.700122],[41.450935,52.699996],[41.451132,52.699851],[41.451584,52.699521],[41.451827,52.69935],[41.451977,52.699242],[41.452042,52.699195]]}},{"type":"Feature","properties":{"highway":"residential","length":87.49378622280898},"geometry":{"type":"LineString","coordinates":[[41.453129,52.698459],[41.453054,52.698396],[41.452777,52.698167],[41.452526,52.697928],[41.452401,52.697809]]}},{"type":"Feature","properties":{"highway":"residential","length":70.93507856916135},"geometry":{"type":"LineString","coordinates":[[41.452401,52.697809],[41.452253,52.697683],[41.452132,52.697594],[41.452012,52.697501],[41.451729,52.697321]]}},{"type":"Feature","properties":{"highway":"residential","length":86.75365131856364},"geometry":{"type":"LineString","coordinates":[[41.459379,52.69661],[41.459358,52.696782],[41.459334,52.696938],[41.459265,52.697387]]}},{"type":"Feature","properties":{"highway":"residential","length":82.68331218971406},"geometry":{"type":"LineString","coordinates":[[41.459265,52.697387],[41.459193,52.697953],[41.459159,52.698127]]}},{"type":"Feature","properties":{"highway":"residential","length":77.23175499140751},"geometry":{"type":"LineString","coordinates":[[41.459159,52.698127],[41.459148,52.698216],[41.459089,52.698709],[41.459074,52.698819]]}},{"type":"Feature","properties":{"highway":"residential","length":82.04085170605083},"geometry":{"type":"LineString","coordinates":[[41.459074,52.698819],[41.45906,52.698898],[41.459017,52.699174],[41.458981,52.699465],[41.458956,52.699552]]}},{"type":"Feature","properties":{"highway":"secondary","length":239.093646312842},"geometry":{"type":"LineString","coordinates":[[41.457279,52.711966],[41.457227,52.712045],[41.456102,52.713892],[41.45605,52.71398]]}},{"type":"Feature","properties":{"highway":"secondary","length":183.09412130725008},"geometry":{"type":"LineString","coordinates":[[41.45605,52.71398],[41.455995,52.71407],[41.455624,52.714681],[41.455159,52.715439],[41.455107,52.715523]]}},{"type":"Feature","properties":{"highway":"residential","length":588.3774348320054},"geometry":{"type":"LineString","coordinates":[[41.447489,52.713028],[41.447634,52.713043],[41.450985,52.713405],[41.45554,52.713897],[41.45583,52.713933],[41.455869,52.713941],[41.45605,52.71398]]}},{"type":"Feature","properties":{"highway":"residential","length":318.76816404243385},"geometry":{"type":"LineString","coordinates":[[41.45605,52.71398],[41.456167,52.714006],[41.458708,52.714569],[41.460274,52.714937],[41.460469,52.714982]]}},{"type":"Feature","properties":{"highway":"residential","length":319.34975293086154},"geometry":{"type":"LineString","coordinates":[[41.455107,52.715523],[41.455225,52.715549],[41.45936,52.716481],[41.459536,52.716525]]}},{"type":"Feature","properties":{"highway":"residential","length":213.66489010996034},"geometry":{"type":"LineString","coordinates":[[41.459536,52.716525],[41.459709,52.716566],[41.460065,52.716652],[41.460201,52.716685],[41.46111,52.716903],[41.461171,52.716918],[41.462412,52.71719],[41.46249,52.717207]]}},{"type":"Feature","properties":{"highway":"primary","length":76.3816552501638},"geometry":{"type":"LineString","coordinates":[[41.459925,52.71588],[41.459536,52.716525]]}},{"type":"Feature","properties":{"highway":"primary","length":194.0313653362073},"geometry":{"type":"LineString","coordinates":[[41.459536,52.716525],[41.4591,52.717232],[41.458595,52.718051],[41.458529,52.718158]]}},{"type":"Feature","properties":{"highway":"residential","length":114.46198462280573},"geometry":{"type":"LineString","coordinates":[[41.464506,52.716589],[41.464403,52.71664],[41.464305,52.716704],[41.464239,52.716763],[41.464211,52.716802],[41.463767,52.717415],[41.463714,52.717484]]}},{"type":"Feature","properties":{"highway":"residential","length":189.80274967926712},"geometry":{"type":"LineString","coordinates":[[41.463714,52.717484],[41.463624,52.717603],[41.462725,52.71878],[41.4626,52.718944],[41.462521,52.719028]]}},{"type":"Feature","properties":{"highway":"tertiary","length":197.0374274413852},"geometry":{"type":"LineString","coordinates":[[41.459632,52.739256],[41.459564,52.739322],[41.459227,52.739629],[41.458071,52.740751]]}},{"type":"Feature","properties":{"highway":"tertiary","length":168.60767532723452},"geometry":{"type":"LineString","coordinates":[[41.458071,52.740751],[41.456715,52.742024]]}},{"type":"Feature","properties":{"highway":"secondary","length":105.58461628667852},"geometry":{"type":"LineString","coordinates":[[41.460734,52.739953],[41.461338,52.740326],[41.46183,52.74063]]}},{"type":"Feature","properties":{"highway":"residential","length":242.3819928305171},"geometry":{"type":"LineString","coordinates":[[41.444348,52.745647],[41.446925,52.744318],[41.447083,52.744237]]}},{"type":"Feature","properties":{"highway":"residential","length":127.71817396674196},"geometry":{"type":"LineString","coordinates":[[41.447083,52.744237],[41.448435,52.743553],[41.448538,52.743504]]}},{"type":"Feature","properties":{"highway":"tertiary","length":29.24229503132403},"geometry":{"type":"LineString","coordinates":[[41.44036,52.751287],[41.440422,52.751027]]}},{"type":"Feature","properties":{"highway":"tertiary","length":46.3452891037759},"geometry":{"type":"LineString","coordinates":[[41.440422,52.751027],[41.440497,52.750679],[41.440511,52.750614]]}},{"type":"Feature","properties":{"highway":"residential","length":21.746464612604257},"geometry":{"type":"LineString","coordinates":[[41.433613,52.750003],[41.433933,52.750029]]}},{"type":"Feature","properties":{"highway":"residential","length":86.31164902634886},"geometry":{"type":"LineString","coordinates":[[41.433933,52.750029],[41.435199,52.750132]]}},{"type":"Feature","properties":{"highway":"residential","length":112.34473597382188},"geometry":{"type":"LineString","coordinates":[[41.435199,52.750132],[41.43594,52.750191],[41.436847,52.750272]]}},{"type":"Feature","properties":{"highway":"residential","length":250.29193087593436},"geometry":{"type":"LineString","coordinates":[[41.436847,52.750272],[41.440511,52.750614]]}},{"type":"Feature","properties":{"highway":"residential","length":75.15961307341793},"geometry":{"type":"LineString","coordinates":[[41.436668,52.750938],[41.436847,52.750272]]}},{"type":"Feature","properties":{"highway":"residential","length":77.86375572943948},"geometry":{"type":"LineString","coordinates":[[41.436847,52.750272],[41.437006,52.749579]]}},{"type":"Feature","properties":{"highway":"residential","length":82.21821695865782},"geometry":{"type":"LineString","coordinates":[[41.422504,52.749438],[41.422667,52.749573],[41.423235,52.750028]]}},{"type":"Feature","properties":{"highway":"residential","length":254.35672378827485},"geometry":{"type":"LineString","coordinates":[[41.423235,52.750028],[41.425386,52.751787],[41.425485,52.751862]]}},{"type":"Feature","properties":{"highway":"residential","length":82.94135476953122},"geometry":{"type":"LineString","coordinates":[[41.422481,52.750616],[41.423235,52.750028]]}},{"type":"Feature","properties":{"highway":"residential","length":65.86272933656667},"geometry":{"type":"LineString","coordinates":[[41.423235,52.750028],[41.423987,52.749651]]}},{"type":"Feature","properties":{"highway":"residential","length":57.74832182506308},"geometry":{"type":"LineString","coordinates":[[41.432103,52.745034],[41.43157,52.744629]]}},{"type":"Feature","properties":{"highway":"residential","length":324.0148981226264},"geometry":{"type":"MultiLineString","coordinates":[[[41.432103,52.745034],[41.431981,52.745088]],[[41.428336,52.7467],[41.428225,52.746749]]]}},{"type":"Feature","properties":{"highway":"residential","length":335.1141493666631},"geometry":{"type":"MultiLineString","coordinates":[[[41.428225,52.746749],[41.428098,52.746808]],[[41.424414,52.748502],[41.424271,52.748568]]]}},{"type":"Feature","properties":{"highway":"secondary","length":71.2471526360633},"geometry":{"type":"LineString","coordinates":[[41.428099,52.750495],[41.427288,52.750905]]}},{"type":"Feature","properties":{"highway":"secondary","length":93.73942287412622},"geometry":{"type":"LineString","coordinates":[[41.427288,52.750905],[41.427147,52.750982],[41.426949,52.751084],[41.426246,52.751461]]}},{"type":"Feature","properties":{"highway":"residential","length":76.92609826580333},"geometry":{"type":"LineString","coordinates":[[41.424271,52.748568],[41.424981,52.749109]]}},{"type":"Feature","properties":{"highway":"residential","length":253.47148299334302},"geometry":{"type":"LineString","coordinates":[[41.424981,52.749109],[41.427196,52.750819],[41.427288,52.750905]]}},{"type":"Feature","properties":{"highway":"residential","length":90.26072394652338},"geometry":{"type":"LineString","coordinates":[[41.423987,52.749651],[41.424981,52.749109]]}},{"type":"Feature","properties":{"highway":"residential","length":74.27251458280591},"geometry":{"type":"LineString","coordinates":[[41.424981,52.749109],[41.42513,52.749014],[41.425726,52.748729],[41.425823,52.748681]]}},{"type":"Feature","properties":{"highway":"residential","length":14.24176348869549},"geometry":{"type":"LineString","coordinates":[[41.43157,52.744629],[41.431439,52.744528]]}},{"type":"Feature","properties":{"highway":"residential","length":335.6462685265271},"geometry":{"type":"MultiLineString","coordinates":[[[41.423717,52.748088],[41.423838,52.748032]],[[41.427525,52.746321],[41.427665,52.746256]]]}},{"type":"Feature","properties":{"highway":"residential","length":319.21398445465354},"geometry":{"type":"MultiLineString","coordinates":[[[41.427665,52.746256],[41.427761,52.746212]],[[41.431314,52.744586],[41.431439,52.744528]]]}},{"type":"Feature","properties":{"highway":"residential","length":66.65959342610994},"geometry":{"type":"LineString","coordinates":[[41.427665,52.746256],[41.427737,52.746311],[41.428225,52.746749]]}},{"type":"Feature","properties":{"highway":"residential","length":230.09416769370762},"geometry":{"type":"LineString","coordinates":[[41.433444,52.742753],[41.433322,52.742813],[41.433072,52.742935],[41.43301,52.742964],[41.43278,52.743073],[41.431405,52.743711],[41.43114,52.743834],[41.430849,52.743969],[41.430747,52.744016]]}},{"type":"Feature","properties":{"highway":"residential","length":73.68175027204403},"geometry":{"type":"LineString","coordinates":[[41.431439,52.744528],[41.430747,52.744016]]}},{"type":"Feature","properties":{"highway":"residential","length":194.90213919739284},"geometry":{"type":"LineString","coordinates":[[41.430747,52.744016],[41.429984,52.743415],[41.42915,52.742748],[41.429125,52.742728],[41.429005,52.74262]]}},{"type":"Feature","properties":{"highway":"secondary","length":67.97506678417615},"geometry":{"type":"LineString","coordinates":[[41.426246,52.751461],[41.425485,52.751862]]}},{"type":"Feature","properties":{"highway":"secondary","length":6.9097948749415785},"geometry":{"type":"LineString","coordinates":[[41.425485,52.751862],[41.425421,52.75191]]}},{"type":"Feature","properties":{"highway":"residential","length":101.63802871882464},"geometry":{"type":"LineString","coordinates":[[41.41446,52.718863],[41.414243,52.719767]]}},{"type":"Feature","properties":{"highway":"residential","length":40.5408651418194},"geometry":{"type":"LineString","coordinates":[[41.414243,52.719767],[41.414172,52.720128]]}},{"type":"Feature","properties":{"highway":"tertiary","length":441.2746780083918},"geometry":{"type":"LineString","coordinates":[[41.418487,52.709258],[41.418342,52.709246],[41.41825,52.709224],[41.418205,52.709212],[41.417345,52.708865],[41.417174,52.708796],[41.416275,52.708371],[41.415259,52.707839],[41.413392,52.706815]]}},{"type":"Feature","properties":{"highway":"tertiary","length":53.87505294249147},"geometry":{"type":"LineString","coordinates":[[41.409039,52.703957],[41.408511,52.703594]]}},{"type":"Feature","properties":{"highway":"tertiary","length":112.7645591861528},"geometry":{"type":"LineString","coordinates":[[41.408511,52.703594],[41.40808,52.703291],[41.407429,52.702823]]}},{"type":"Feature","properties":{"highway":"residential","length":169.4811392125869},"geometry":{"type":"LineString","coordinates":[[41.405934,52.714716],[41.405841,52.714805],[41.404656,52.716027]]}},{"type":"Feature","properties":{"highway":"residential","length":56.449912214387794},"geometry":{"type":"LineString","coordinates":[[41.402533,52.718561],[41.402376,52.71906]]}},{"type":"Feature","properties":{"highway":"residential","length":228.71450500095318},"geometry":{"type":"LineString","coordinates":[[41.396685,52.718666],[41.39679,52.718661],[41.400068,52.718609]]}},{"type":"Feature","properties":{"highway":"residential","length":166.67886135920781},"geometry":{"type":"LineString","coordinates":[[41.400068,52.718609],[41.402533,52.718561]]}},{"type":"Feature","properties":{"highway":"residential","length":69.53823336189643},"geometry":{"type":"LineString","coordinates":[[41.400066,52.71855],[41.400068,52.718609]]}},{"type":"Feature","properties":{"highway":"residential","length":66.59382502707149},"geometry":{"type":"LineString","coordinates":[[41.400068,52.718609],[41.400069,52.718667]]}},{"type":"Feature","properties":{"highway":"residential","length":70.097510990206},"geometry":{"type":"LineString","coordinates":[[41.404656,52.716027],[41.404153,52.716578]]}},{"type":"Feature","properties":{"highway":"residential","length":302.850200885139},"geometry":{"type":"LineString","coordinates":[[41.405425,52.75857],[41.40759,52.756879],[41.407725,52.756777],[41.407881,52.75666],[41.408184,52.756425]]}},{"type":"Feature","properties":{"highway":"residential","length":135.89144155086473},"geometry":{"type":"LineString","coordinates":[[41.408184,52.756425],[41.408901,52.755882],[41.409461,52.755481]]}},{"type":"Feature","properties":{"highway":"secondary","length":102.99633520048175},"geometry":{"type":"LineString","coordinates":[[41.410675,52.763609],[41.410614,52.763656],[41.410334,52.763887],[41.410266,52.763942],[41.41019,52.764004],[41.40994,52.764197],[41.40986,52.76427],[41.409765,52.764352]]}},{"type":"Feature","properties":{"highway":"residential","length":113.67796115541752},"geometry":{"type":"LineString","coordinates":[[41.411508,52.75921],[41.41243,52.758476],[41.412539,52.758403]]}},{"type":"Feature","properties":{"highway":"residential","length":133.56289533934995},"geometry":{"type":"LineString","coordinates":[[41.412539,52.758403],[41.413346,52.757818],[41.413443,52.757746],[41.41366,52.757573],[41.413797,52.757477]]}},{"type":"Feature","properties":{"highway":"residential","length":367.39932998237873},"geometry":{"type":"LineString","coordinates":[[41.408184,52.756425],[41.408274,52.756467],[41.408911,52.756751],[41.409004,52.756791],[41.409568,52.757046],[41.409646,52.757083],[41.409717,52.757119],[41.409981,52.757246],[41.410255,52.757377],[41.410336,52.757417],[41.410603,52.757544],[41.410999,52.757724],[41.412539,52.758403]]}},{"type":"Feature","properties":{"highway":"tertiary","length":265.73610176412564},"geometry":{"type":"LineString","coordinates":[[41.440735,52.70732],[41.441462,52.706827],[41.443177,52.705602],[41.443305,52.705514]]}},{"type":"Feature","properties":{"highway":"tertiary","length":12.324291792765177},"geometry":{"type":"LineString","coordinates":[[41.443305,52.705514],[41.44341,52.705423]]}},{"type":"Feature","properties":{"highway":"residential","length":105.93093275659952},"geometry":{"type":"LineString","coordinates":[[41.4137,52.714222],[41.413835,52.714277],[41.413895,52.714302],[41.415099,52.714649]]}},{"type":"Feature","properties":{"highway":"residential","length":84.92032264913243},"geometry":{"type":"LineString","coordinates":[[41.415099,52.714649],[41.415206,52.714684],[41.416203,52.715013]]}},{"type":"Feature","properties":{"highway":"residential","length":131.4613915642117},"geometry":{"type":"LineString","coordinates":[[41.414597,52.706185],[41.414529,52.706145]]}},{"type":"Feature","properties":{"highway":"primary","length":132.7607240737363},"geometry":{"type":"LineString","coordinates":[[41.408496,52.71582],[41.408654,52.715893],[41.408806,52.715964],[41.410117,52.716493]]}},{"type":"Feature","properties":{"highway":"secondary","length":100.89214099255008},"geometry":{"type":"LineString","coordinates":[[41.408582,52.763798],[41.408725,52.763865],[41.409765,52.764352]]}},{"type":"Feature","properties":{"highway":"secondary","length":90.90111292781454},"geometry":{"type":"LineString","coordinates":[[41.409765,52.764352],[41.410181,52.764546],[41.41074,52.764806],[41.410833,52.764849]]}},{"type":"Feature","properties":{"highway":"secondary","length":179.5900380121063},"geometry":{"type":"LineString","coordinates":[[41.410833,52.764849],[41.411221,52.765036],[41.411693,52.765256],[41.412323,52.765557],[41.412778,52.765766],[41.412926,52.765845]]}},{"type":"Feature","properties":{"highway":"secondary","length":43.34406006299983},"geometry":{"type":"LineString","coordinates":[[41.412926,52.765845],[41.413272,52.76601],[41.413421,52.766093]]}},{"type":"Feature","properties":{"highway":"secondary","length":225.99041326742088},"geometry":{"type":"LineString","coordinates":[[41.441689,52.736197],[41.441838,52.736139],[41.44234,52.735902],[41.442512,52.735816],[41.442946,52.735601],[41.444302,52.73493]]}},{"type":"Feature","properties":{"highway":"secondary","length":281.5639770083972},"geometry":{"type":"LineString","coordinates":[[41.444302,52.73493],[41.447338,52.733413],[41.447523,52.733324]]}},{"type":"Feature","properties":{"highway":"residential","length":116.57733165789097},"geometry":{"type":"LineString","coordinates":[[41.44463,52.73496],[41.444568,52.734954],[41.444302,52.73493]]}},{"type":"Feature","properties":{"highway":"residential","length":202.93080080403865},"geometry":{"type":"MultiLineString","coordinates":[[[41.444302,52.73493],[41.443976,52.734901],[41.443945,52.734898]],[[41.441582,52.734636],[41.441346,52.734606]]]}},{"type":"Feature","properties":{"highway":"residential","length":60.619764355526186},"geometry":{"type":"LineString","coordinates":[[41.414548,52.757835],[41.414636,52.757876],[41.414844,52.757974],[41.415036,52.758062],[41.415196,52.758134],[41.415262,52.758165]]}},{"type":"Feature","properties":{"highway":"residential","length":56.48540338398241},"geometry":{"type":"LineString","coordinates":[[41.415262,52.758165],[41.415358,52.758209],[41.415791,52.758414],[41.415924,52.758475]]}},{"type":"Feature","properties":{"highway":"residential","length":70.15619504696957},"geometry":{"type":"LineString","coordinates":[[41.412539,52.758403],[41.412709,52.758464],[41.41335,52.758795]]}},{"type":"Feature","properties":{"highway":"residential","length":56.09826273637037},"geometry":{"type":"LineString","coordinates":[[41.41335,52.758795],[41.414024,52.75909]]}},{"type":"Feature","properties":{"highway":"residential","length":112.6109719010554},"geometry":{"type":"LineString","coordinates":[[41.374582,52.76839],[41.374682,52.768306],[41.375453,52.767691],[41.375589,52.767583]]}},{"type":"Feature","properties":{"highway":"residential","length":351.6090229996515},"geometry":{"type":"LineString","coordinates":[[41.378731,52.7703],[41.378581,52.77024],[41.374723,52.76845],[41.374582,52.76839]]}},{"type":"Feature","properties":{"highway":"residential","length":101.73574633115804},"geometry":{"type":"LineString","coordinates":[[41.374582,52.76839],[41.374479,52.768346],[41.373484,52.767907],[41.373365,52.767851]]}},{"type":"Feature","properties":{"highway":"residential","length":74.48989629284698},"geometry":{"type":"LineString","coordinates":[[41.38039,52.768985],[41.380301,52.769055],[41.379784,52.769463],[41.37972,52.769517]]}},{"type":"Feature","properties":{"highway":"residential","length":109.77334361725954},"geometry":{"type":"LineString","coordinates":[[41.37972,52.769517],[41.379633,52.769585],[41.378868,52.770195],[41.378731,52.7703]]}},{"type":"Feature","properties":{"highway":"residential","length":120.22099918022167},"geometry":{"type":"LineString","coordinates":[[41.384755,52.769686],[41.385236,52.769909],[41.385745,52.770146],[41.38604,52.770277],[41.386175,52.770338]]}},{"type":"Feature","properties":{"highway":"residential","length":118.38961583157669},"geometry":{"type":"LineString","coordinates":[[41.386175,52.770338],[41.386402,52.770442],[41.38736,52.770883],[41.387573,52.770981]]}},{"type":"Feature","properties":{"highway":"residential","length":57.46710587608655},"geometry":{"type":"LineString","coordinates":[[41.384755,52.769686],[41.384857,52.769605]]}},{"type":"Feature","properties":{"highway":"tertiary","length":49.060792446116245},"geometry":{"type":"LineString","coordinates":[[41.473383,52.758014],[41.472869,52.758017],[41.472656,52.758024]]}},{"type":"Feature","properties":{"highway":"residential","length":226.09928710916367},"geometry":{"type":"LineString","coordinates":[[41.427145,52.740977],[41.427023,52.741036]]}},{"type":"Feature","properties":{"highway":"residential","length":327.53708982653654},"geometry":{"type":"MultiLineString","coordinates":[[[41.427023,52.741036],[41.426904,52.74109]],[[41.423287,52.742772],[41.423172,52.742826]]]}},{"type":"Feature","properties":{"highway":"residential","length":130.21983761175872},"geometry":{"type":"LineString","coordinates":[[41.440654,52.741171],[41.439284,52.741875],[41.439183,52.741927]]}},{"type":"Feature","properties":{"highway":"residential","length":82.22622911204408},"geometry":{"type":"LineString","coordinates":[[41.439183,52.741927],[41.438735,52.742147],[41.43859,52.742173],[41.438201,52.742354]]}},{"type":"Feature","properties":{"highway":"residential","length":82.19870262852032},"geometry":{"type":"LineString","coordinates":[[41.438393,52.741366],[41.439183,52.741927]]}},{"type":"Feature","properties":{"highway":"residential","length":38.10455490766872},"geometry":{"type":"LineString","coordinates":[[41.439183,52.741927],[41.439437,52.742016],[41.439568,52.742111],[41.439611,52.742142]]}},{"type":"Feature","properties":{"highway":"residential","length":83.97588000326226},"geometry":{"type":"LineString","coordinates":[[41.420349,52.745341],[41.421319,52.744869]]}},{"type":"Feature","properties":{"highway":"residential","length":77.44244894644063},"geometry":{"type":"LineString","coordinates":[[41.421319,52.744869],[41.421546,52.744767],[41.421904,52.7446],[41.422231,52.744447]]}},{"type":"Feature","properties":{"highway":"residential","length":224.84867257427302},"geometry":{"type":"LineString","coordinates":[[41.427959,52.741771],[41.428092,52.741709],[41.428361,52.741578],[41.428616,52.74146],[41.429954,52.740859],[41.430237,52.740719],[41.430587,52.740533]]}},{"type":"Feature","properties":{"highway":"residential","length":118.03583165172526},"geometry":{"type":"LineString","coordinates":[[41.429005,52.74262],[41.428887,52.742514],[41.428827,52.742469],[41.428709,52.74238],[41.42806,52.741847],[41.427959,52.741771]]}},{"type":"Feature","properties":{"highway":"residential","length":103.33933247234478},"geometry":{"type":"LineString","coordinates":[[41.427959,52.741771],[41.427833,52.741672],[41.427023,52.741036]]}},{"type":"Feature","properties":{"highway":"residential","length":50.3589499496251},"geometry":{"type":"LineString","coordinates":[[41.433936,52.715042],[41.434676,52.715094]]}},{"type":"Feature","properties":{"highway":"residential","length":314.2368296294506},"geometry":{"type":"LineString","coordinates":[[41.434676,52.715094],[41.439035,52.715464],[41.439282,52.715484]]}},{"type":"Feature","properties":{"highway":"residential","length":6.108375458446164},"geometry":{"type":"LineString","coordinates":[[41.435368,52.712658],[41.435454,52.712674]]}},{"type":"Feature","properties":{"highway":"residential","length":78.83408427493434},"geometry":{"type":"LineString","coordinates":[[41.435454,52.712674],[41.436565,52.71289]]}},{"type":"Feature","properties":{"highway":"residential","length":180.34399586962363},"geometry":{"type":"LineString","coordinates":[[41.395086,52.726949],[41.395481,52.726976],[41.397736,52.727147]]}},{"type":"Feature","properties":{"highway":"residential","length":179.0108474455534},"geometry":{"type":"LineString","coordinates":[[41.397736,52.727147],[41.39889,52.727223],[41.400247,52.727341],[41.400364,52.727351]]}},{"type":"Feature","properties":{"highway":"residential","length":94.0030385044343},"geometry":{"type":"LineString","coordinates":[[41.397873,52.726306],[41.397736,52.727147]]}},{"type":"Feature","properties":{"highway":"residential","length":84.59045532906465},"geometry":{"type":"LineString","coordinates":[[41.397736,52.727147],[41.397559,52.727899]]}},{"type":"Feature","properties":{"highway":"residential","length":68.95017387611425},"geometry":{"type":"LineString","coordinates":[[41.401902,52.724435],[41.400892,52.724349]]}},{"type":"Feature","properties":{"highway":"residential","length":88.91748358810509},"geometry":{"type":"LineString","coordinates":[[41.409064,52.719085],[41.409717,52.718392]]}},{"type":"Feature","properties":{"highway":"residential","length":192.37969391386142},"geometry":{"type":"LineString","coordinates":[[41.409717,52.718392],[41.411058,52.717017],[41.411168,52.716904]]}},{"type":"Feature","properties":{"highway":"primary","length":174.29803721440186},"geometry":{"type":"LineString","coordinates":[[41.441754,52.712351],[41.441663,52.712415],[41.440076,52.71354]]}},{"type":"Feature","properties":{"highway":"primary","length":37.80705965580172},"geometry":{"type":"LineString","coordinates":[[41.440076,52.71354],[41.43991,52.713686],[41.43985,52.713765],[41.439813,52.713837]]}},{"type":"Feature","properties":{"highway":"tertiary","length":91.99400335511933},"geometry":{"type":"LineString","coordinates":[[41.406646,52.702325],[41.405722,52.701718]]}},{"type":"Feature","properties":{"highway":"residential","length":200.63591251499682},"geometry":{"type":"LineString","coordinates":[[41.406475,52.701232],[41.406542,52.701275]]}},{"type":"Feature","properties":{"highway":"residential","length":80.89172798851949},"geometry":{"type":"LineString","coordinates":[[41.403761,52.700428],[41.403672,52.700483]]}},{"type":"Feature","properties":{"highway":"residential","length":90.66357008187886},"geometry":{"type":"LineString","coordinates":[[41.406621,52.704721],[41.405315,52.704533]]}},{"type":"Feature","properties":{"highway":"residential","length":126.93882579083926},"geometry":{"type":"LineString","coordinates":[[41.405315,52.704533],[41.403979,52.704379],[41.403805,52.704372],[41.403723,52.704372],[41.403476,52.70432]]}},{"type":"Feature","properties":{"highway":"residential","length":274.46769100891964},"geometry":{"type":"LineString","coordinates":[[41.405305,52.704569],[41.405315,52.704533]]}},{"type":"Feature","properties":{"highway":"residential","length":238.49840592885351},"geometry":{"type":"MultiLineString","coordinates":[[[41.405315,52.704533],[41.405369,52.704484]],[[41.407313,52.702884],[41.40733,52.702875],[41.407429,52.702823]]]}},{"type":"Feature","properties":{"highway":"secondary","length":76.00297074322866},"geometry":{"type":"LineString","coordinates":[[41.42557,52.714767],[41.425484,52.714672],[41.425412,52.714612],[41.425273,52.714552],[41.425095,52.714503],[41.424657,52.714422]]}},{"type":"Feature","properties":{"highway":"secondary","length":82.10038640141646},"geometry":{"type":"LineString","coordinates":[[41.424657,52.714422],[41.424324,52.714364],[41.423642,52.714245],[41.423489,52.714218]]}},{"type":"Feature","properties":{"highway":"primary","length":118.79188309414747},"geometry":{"type":"LineString","coordinates":[[41.421338,52.718891],[41.42186,52.718969],[41.422368,52.719048],[41.422671,52.719112],[41.422868,52.719172],[41.423005,52.719216]]}},{"type":"Feature","properties":{"highway":"residential","length":132.54061399945115},"geometry":{"type":"LineString","coordinates":[[41.422436,52.716523],[41.422402,52.71661]]}},{"type":"Feature","properties":{"highway":"residential","length":263.809427044171},"geometry":{"type":"LineString","coordinates":[[41.422402,52.71661],[41.422355,52.716706],[41.421851,52.717745],[41.421389,52.718777],[41.421338,52.718891]]}},{"type":"Feature","properties":{"highway":"residential","length":143.74449872714365},"geometry":{"type":"LineString","coordinates":[[41.420386,52.716197],[41.422285,52.716586],[41.422402,52.71661]]}},{"type":"Feature","properties":{"highway":"residential","length":161.1050808229703},"geometry":{"type":"LineString","coordinates":[[41.422402,52.71661],[41.424291,52.717031],[41.42464,52.717109]]}},{"type":"Feature","properties":{"highway":"residential","length":243.72599173834044},"geometry":{"type":"LineString","coordinates":[[41.433329,52.703403],[41.430849,52.704111],[41.430495,52.704178],[41.430012,52.704242]]}},{"type":"Feature","properties":{"highway":"residential","length":221.2941010679102},"geometry":{"type":"MultiLineString","coordinates":[[[41.430012,52.704242],[41.42983,52.704361],[41.429682,52.704415],[41.429127,52.704557]],[[41.428885,52.704627],[41.42836,52.704803],[41.427746,52.704976],[41.427088,52.705097]]]}},{"type":"Feature","properties":{"highway":"residential","length":213.3421441696678},"geometry":{"type":"LineString","coordinates":[[41.427088,52.705097],[41.425055,52.70567],[41.42489,52.705696],[41.424743,52.705703],[41.424443,52.705697],[41.424146,52.705706]]}},{"type":"Feature","properties":{"highway":"primary","length":237.88350636905318},"geometry":{"type":"LineString","coordinates":[[41.428235,52.703182],[41.428315,52.703135],[41.428383,52.703094],[41.430738,52.70168]]}},{"type":"Feature","properties":{"highway":"residential","length":77.94640435282878},"geometry":{"type":"LineString","coordinates":[[41.432311,52.701832],[41.432319,52.701879],[41.432289,52.701897]]}},{"type":"Feature","properties":{"highway":"residential","length":227.19976546771355},"geometry":{"type":"LineString","coordinates":[[41.429241,52.703729],[41.429174,52.703771]]}},{"type":"Feature","properties":{"highway":"secondary","length":43.76358553601767},"geometry":{"type":"LineString","coordinates":[[41.422112,52.713978],[41.42149,52.713869]]}},{"type":"Feature","properties":{"highway":"secondary","length":62.13058499946647},"geometry":{"type":"LineString","coordinates":[[41.42149,52.713869],[41.420606,52.713715]]}},{"type":"Feature","properties":{"highway":"residential","length":59.20984023117543},"geometry":{"type":"LineString","coordinates":[[41.408228,52.707288],[41.409031,52.707501]]}},{"type":"Feature","properties":{"highway":"residential","length":169.62286819729778},"geometry":{"type":"LineString","coordinates":[[41.409031,52.707501],[41.409153,52.707531],[41.41123,52.708052],[41.411351,52.708083]]}},{"type":"Feature","properties":{"highway":"residential","length":75.97346730325347},"geometry":{"type":"LineString","coordinates":[[41.406145,52.709353],[41.406584,52.708724]]}},{"type":"Feature","properties":{"highway":"residential","length":107.36534193350343},"geometry":{"type":"LineString","coordinates":[[41.406584,52.708724],[41.406883,52.70833],[41.407235,52.707844]]}},{"type":"Feature","properties":{"highway":"residential","length":205.48742654797553},"geometry":{"type":"LineString","coordinates":[[41.410704,52.708889],[41.410809,52.708921],[41.410836,52.708929]]}},{"type":"Feature","properties":{"highway":"residential","length":106.47395670603136},"geometry":{"type":"LineString","coordinates":[[41.412769,52.710586],[41.412809,52.710533]]}},{"type":"Feature","properties":{"highway":"residential","length":59.22286184479426},"geometry":{"type":"LineString","coordinates":[[41.408664,52.711331],[41.40908,52.710862]]}},{"type":"Feature","properties":{"highway":"residential","length":141.21290354625268},"geometry":{"type":"LineString","coordinates":[[41.40908,52.710862],[41.409951,52.709799],[41.410011,52.709726]]}},{"type":"Feature","properties":{"highway":"residential","length":274.7104095084604},"geometry":{"type":"LineString","coordinates":[[41.411288,52.701025],[41.411338,52.701042]]}},{"type":"Feature","properties":{"highway":"tertiary","length":41.718148236868494},"geometry":{"type":"LineString","coordinates":[[41.411057,52.705304],[41.41065,52.705023]]}},{"type":"Feature","properties":{"highway":"tertiary","length":96.98615760622279},"geometry":{"type":"LineString","coordinates":[[41.41065,52.705023],[41.409688,52.704376]]}},{"type":"Feature","properties":{"highway":"residential","length":93.54646584195041},"geometry":{"type":"LineString","coordinates":[[41.410735,52.704958],[41.41065,52.705023]]}},{"type":"Feature","properties":{"highway":"residential","length":152.55220242251653},"geometry":{"type":"LineString","coordinates":[[41.409992,52.703483],[41.409929,52.703447]]}},{"type":"Feature","properties":{"highway":"residential","length":34.47344322393642},"geometry":{"type":"LineString","coordinates":[[41.428122,52.70325],[41.427754,52.703036]]}},{"type":"Feature","properties":{"highway":"residential","length":44.483785933214264},"geometry":{"type":"LineString","coordinates":[[41.427754,52.703036],[41.427241,52.702785]]}},{"type":"Feature","properties":{"highway":"residential","length":128.7192363699041},"geometry":{"type":"LineString","coordinates":[[41.412725,52.710636],[41.412769,52.710586]]}},{"type":"Feature","properties":{"highway":"primary","length":62.74078594156937},"geometry":{"type":"LineString","coordinates":[[41.414121,52.713653],[41.41429,52.713407],[41.414505,52.71314]]}},{"type":"Feature","properties":{"highway":"primary","length":107.86054127809794},"geometry":{"type":"LineString","coordinates":[[41.414505,52.71314],[41.414731,52.712854],[41.415029,52.712505],[41.415227,52.712275]]}},{"type":"Feature","properties":{"highway":"residential","length":229.60075969524502},"geometry":{"type":"LineString","coordinates":[[41.418893,52.714752],[41.418824,52.714701],[41.418817,52.714698]]}},{"type":"Feature","properties":{"highway":"residential","length":117.46918553570816},"geometry":{"type":"LineString","coordinates":[[41.414732,52.713221],[41.414728,52.71322],[41.414505,52.71314]]}},{"type":"Feature","properties":{"highway":"residential","length":108.12617349173081},"geometry":{"type":"LineString","coordinates":[[41.416801,52.712836],[41.416753,52.712886]]}},{"type":"Feature","properties":{"highway":"residential","length":124.08462399992844},"geometry":{"type":"LineString","coordinates":[[41.41517,52.714573],[41.415099,52.714649]]}},{"type":"Feature","properties":{"highway":"tertiary","length":476.7598335123938},"geometry":{"type":"LineString","coordinates":[[41.472656,52.758024],[41.471885,52.758024],[41.470846,52.758028],[41.470307,52.758033],[41.469901,52.758034],[41.468131,52.758026],[41.467113,52.758031],[41.466599,52.758029],[41.465783,52.758034],[41.465595,52.758032]]}},{"type":"Feature","properties":{"highway":"tertiary","length":262.72357923591073},"geometry":{"type":"LineString","coordinates":[[41.465595,52.758032],[41.464511,52.758032],[41.463327,52.758033],[41.461703,52.758037]]}},{"type":"Feature","properties":{"highway":"secondary","length":88.7644944304466},"geometry":{"type":"LineString","coordinates":[[41.445105,52.760204],[41.444482,52.760906]]}},{"type":"Feature","properties":{"highway":"primary","length":78.47680232759556},"geometry":{"type":"LineString","coordinates":[[41.435781,52.700678],[41.436608,52.701173]]}},{"type":"Feature","properties":{"highway":"primary","length":256.27912588923357},"geometry":{"type":"LineString","coordinates":[[41.436608,52.701173],[41.43663,52.701186],[41.438073,52.702109],[41.439189,52.70286]]}},{"type":"Feature","properties":{"highway":"secondary","length":55.250282527979216},"geometry":{"type":"LineString","coordinates":[[41.416648,52.758809],[41.416154,52.759204]]}},{"type":"Feature","properties":{"highway":"residential","length":221.47873814401447},"geometry":{"type":"LineString","coordinates":[[41.421133,52.75437],[41.421075,52.754416]]}},{"type":"Feature","properties":{"highway":"residential","length":271.217987336289},"geometry":{"type":"MultiLineString","coordinates":[[[41.421075,52.754416],[41.421008,52.754462]],[[41.418671,52.756292],[41.418609,52.75634]]]}},{"type":"Feature","properties":{"highway":"residential","length":55.925579280582824},"geometry":{"type":"LineString","coordinates":[[41.420413,52.754114],[41.421075,52.754416]]}},{"type":"Feature","properties":{"highway":"residential","length":271.1553771250597},"geometry":{"type":"MultiLineString","coordinates":[[[41.420899,52.75739],[41.420958,52.757342]],[[41.423279,52.755501],[41.423334,52.755453]]]}},{"type":"Feature","properties":{"highway":"residential","length":225.2259124511616},"geometry":{"type":"LineString","coordinates":[[41.423334,52.755453],[41.423393,52.755407]]}},{"type":"Feature","properties":{"highway":"residential","length":65.34274816971988},"geometry":{"type":"LineString","coordinates":[[41.418896,52.753428],[41.41967,52.75378]]}},{"type":"Feature","properties":{"highway":"residential","length":62.43959099308781},"geometry":{"type":"LineString","coordinates":[[41.41967,52.75378],[41.420413,52.754114]]}},{"type":"Feature","properties":{"highway":"residential","length":256.53058528374964},"geometry":{"type":"MultiLineString","coordinates":[[[41.422026,52.751982],[41.421878,52.752106]],[[41.419729,52.753732],[41.41967,52.75378]]]}},{"type":"Feature","properties":{"highway":"residential","length":270.1209856044819},"geometry":{"type":"MultiLineString","coordinates":[[[41.41967,52.75378],[41.419608,52.75383]],[[41.417294,52.755659],[41.41724,52.755708]]]}},{"type":"Feature","properties":{"highway":"secondary","length":121.21317589388737},"geometry":{"type":"LineString","coordinates":[[41.424104,52.752943],[41.42393,52.752863],[41.422671,52.752287]]}},{"type":"Feature","properties":{"highway":"residential","length":75.54486276733982},"geometry":{"type":"LineString","coordinates":[[41.420113,52.760053],[41.419502,52.759958],[41.419041,52.759859]]}},{"type":"Feature","properties":{"highway":"residential","length":69.74349457895141},"geometry":{"type":"LineString","coordinates":[[41.419041,52.759859],[41.418067,52.75965]]}},{"type":"Feature","properties":{"highway":"residential","length":270.98524418925183},"geometry":{"type":"MultiLineString","coordinates":[[[41.421697,52.757756],[41.421755,52.75771]],[[41.424066,52.755863],[41.424123,52.755816]]]}},{"type":"Feature","properties":{"highway":"residential","length":253.59286007306912},"geometry":{"type":"MultiLineString","coordinates":[[[41.424123,52.755816],[41.424182,52.755769]],[[41.426256,52.75413],[41.42641,52.754008]]]}},{"type":"Feature","properties":{"highway":"residential","length":66.81094377539526},"geometry":{"type":"LineString","coordinates":[[41.423334,52.755453],[41.424123,52.755816]]}},{"type":"Feature","properties":{"highway":"residential","length":69.59043672764979},"geometry":{"type":"LineString","coordinates":[[41.424123,52.755816],[41.424945,52.756193]]}},{"type":"Feature","properties":{"highway":"residential","length":60.58262387015044},"geometry":{"type":"LineString","coordinates":[[41.418067,52.75965],[41.417226,52.759461]]}},{"type":"Feature","properties":{"highway":"residential","length":77.81180577294377},"geometry":{"type":"LineString","coordinates":[[41.417226,52.759461],[41.416413,52.75927],[41.416154,52.759204]]}},{"type":"Feature","properties":{"highway":"residential","length":271.3271243571812},"geometry":{"type":"MultiLineString","coordinates":[[[41.420164,52.757054],[41.420224,52.757005]],[[41.422499,52.755142],[41.422558,52.755096]]]}},{"type":"Feature","properties":{"highway":"residential","length":227.3355027706595},"geometry":{"type":"LineString","coordinates":[[41.422558,52.755096],[41.422618,52.75505]]}},{"type":"Feature","properties":{"highway":"residential","length":65.79456308194494},"geometry":{"type":"LineString","coordinates":[[41.422558,52.755096],[41.423334,52.755453]]}},{"type":"Feature","properties":{"highway":"residential","length":70.58438345309213},"geometry":{"type":"LineString","coordinates":[[41.420164,52.757054],[41.420019,52.756992],[41.41953,52.756758],[41.419401,52.756699],[41.419332,52.756671]]}},{"type":"Feature","properties":{"highway":"residential","length":61.0919818970219},"geometry":{"type":"LineString","coordinates":[[41.419332,52.756671],[41.41926,52.756638],[41.419169,52.756593],[41.418609,52.75634]]}},{"type":"Feature","properties":{"highway":"secondary","length":299.0550514296846},"geometry":{"type":"LineString","coordinates":[[41.419332,52.756671],[41.419239,52.756745],[41.418684,52.757181],[41.418052,52.75769],[41.417056,52.758489],[41.416841,52.758662],[41.416789,52.758703],[41.416648,52.758809]]}},{"type":"Feature","properties":{"highway":"residential","length":53.80002753047617},"geometry":{"type":"LineString","coordinates":[[41.404971,52.710377],[41.405334,52.710146],[41.405509,52.710021]]}},{"type":"Feature","properties":{"highway":"residential","length":86.86646808198006},"geometry":{"type":"LineString","coordinates":[[41.405509,52.710021],[41.405691,52.709915],[41.405836,52.709771],[41.406006,52.709563],[41.406145,52.709353]]}},{"type":"Feature","properties":{"highway":"tertiary","length":169.54898663729062},"geometry":{"type":"LineString","coordinates":[[41.400645,52.712457],[41.400883,52.712588],[41.401122,52.712698],[41.401646,52.712931],[41.402668,52.713356]]}},{"type":"Feature","properties":{"highway":"tertiary","length":234.82842159957733},"geometry":{"type":"LineString","coordinates":[[41.402668,52.713356],[41.402839,52.713427],[41.403476,52.713692],[41.40355,52.713722],[41.403637,52.713758],[41.403811,52.713828],[41.404251,52.714014],[41.404856,52.714267],[41.405534,52.714549]]}},{"type":"Feature","properties":{"highway":"residential","length":90.35184853523444},"geometry":{"type":"LineString","coordinates":[[41.408615,52.700131],[41.409339,52.699713],[41.409433,52.699633],[41.409455,52.699609],[41.409518,52.699539]]}},{"type":"Feature","properties":{"highway":"residential","length":12.768857596460759},"geometry":{"type":"LineString","coordinates":[[41.409518,52.699539],[41.409636,52.69945]]}},{"type":"Feature","properties":{"highway":"residential","length":174.37642088368625},"geometry":{"type":"LineString","coordinates":[[41.40368,52.703857],[41.404117,52.703118],[41.404595,52.702393]]}},{"type":"Feature","properties":{"highway":"residential","length":108.42332814845223},"geometry":{"type":"LineString","coordinates":[[41.404595,52.702393],[41.405145,52.701877],[41.405352,52.701727],[41.405424,52.701688],[41.405555,52.701618]]}},{"type":"Feature","properties":{"highway":"residential","length":65.48690371161251},"geometry":{"type":"LineString","coordinates":[[41.401707,52.701161],[41.401731,52.701168]]}},{"type":"Feature","properties":{"highway":"residential","length":128.46311092090252},"geometry":{"type":"LineString","coordinates":[[41.415845,52.705317],[41.417171,52.70449]]}},{"type":"Feature","properties":{"highway":"residential","length":76.29227943887172},"geometry":{"type":"LineString","coordinates":[[41.417171,52.70449],[41.417955,52.703997]]}},{"type":"Feature","properties":{"highway":"residential","length":130.78068961980085},"geometry":{"type":"LineString","coordinates":[[41.417171,52.70449],[41.417239,52.704531]]}},{"type":"Feature","properties":{"highway":"residential","length":68.93762836347187},"geometry":{"type":"LineString","coordinates":[[41.423252,52.705198],[41.423185,52.705242],[41.423155,52.705261]]}},{"type":"Feature","properties":{"highway":"residential","length":66.71303074728124},"geometry":{"type":"LineString","coordinates":[[41.421651,52.704324],[41.421588,52.704363],[41.421547,52.704389]]}},{"type":"Feature","properties":{"highway":"residential","length":67.76013829682103},"geometry":{"type":"LineString","coordinates":[[41.402787,52.717974],[41.402706,52.7181],[41.402533,52.718561]]}},{"type":"Feature","properties":{"highway":"primary","length":428.19160814456984},"geometry":{"type":"LineString","coordinates":[[41.390293,52.721073],[41.396185,52.720435],[41.396532,52.720397]]}},{"type":"Feature","properties":{"highway":"primary","length":378.6399197357059},"geometry":{"type":"LineString","coordinates":[[41.396532,52.720397],[41.397804,52.720261],[41.39808,52.720232],[41.398352,52.720203],[41.398891,52.720146],[41.400405,52.719984],[41.400783,52.719952],[41.400968,52.719944],[41.401179,52.719942],[41.401398,52.719943],[41.401606,52.719952],[41.401818,52.719965],[41.402068,52.719987]]}},{"type":"Feature","properties":{"highway":"residential","length":16.65044617068646},"geometry":{"type":"LineString","coordinates":[[41.402376,52.71906],[41.402327,52.719206]]}},{"type":"Feature","properties":{"highway":"residential","length":88.70697794891603},"geometry":{"type":"LineString","coordinates":[[41.402327,52.719206],[41.402089,52.719868],[41.402068,52.719987]]}},{"type":"Feature","properties":{"highway":"residential","length":105.472611583894},"geometry":{"type":"LineString","coordinates":[[41.404153,52.716578],[41.403354,52.717392]]}},{"type":"Feature","properties":{"highway":"residential","length":75.21183261795967},"geometry":{"type":"LineString","coordinates":[[41.403354,52.717392],[41.402787,52.717974]]}},{"type":"Feature","properties":{"highway":"tertiary","length":74.09712643767925},"geometry":{"type":"LineString","coordinates":[[41.397255,52.714544],[41.397161,52.715207]]}},{"type":"Feature","properties":{"highway":"tertiary","length":69.00678264699783},"geometry":{"type":"LineString","coordinates":[[41.397161,52.715207],[41.397152,52.715283],[41.397081,52.715825]]}},{"type":"Feature","properties":{"highway":"residential","length":469.6664098954236},"geometry":{"type":"LineString","coordinates":[[41.397313,52.715185],[41.397161,52.715207]]}},{"type":"Feature","properties":{"highway":"residential","length":160.63949184386146},"geometry":{"type":"MultiLineString","coordinates":[[[41.397161,52.715207],[41.397091,52.715209]],[[41.394987,52.715247],[41.394785,52.71525]]]}},{"type":"Feature","properties":{"highway":"residential","length":229.43524039999213},"geometry":{"type":"LineString","coordinates":[[41.476369,52.69487],[41.476409,52.694791],[41.476418,52.694724],[41.476189,52.694467],[41.47601,52.694211],[41.47595,52.693992],[41.475925,52.693678],[41.475925,52.693549],[41.475926,52.693427],[41.475906,52.693395],[41.475874,52.693363],[41.47581,52.693311],[41.475761,52.693279],[41.475708,52.693254],[41.475618,52.693223],[41.475567,52.693211],[41.475508,52.693205],[41.47541,52.693196],[41.475317,52.693191],[41.475179,52.693186]]}},{"type":"Feature","properties":{"highway":"residential","length":217.88919159675112},"geometry":{"type":"LineString","coordinates":[[41.475179,52.693186],[41.473575,52.693152],[41.472736,52.693141],[41.472074,52.693128],[41.471958,52.693125]]}},{"type":"Feature","properties":{"highway":"primary","length":10.731944142670566},"geometry":{"type":"LineString","coordinates":[[41.46224,52.68375],[41.462195,52.683843]]}},{"type":"Feature","properties":{"highway":"primary","length":70.94097090766574},"geometry":{"type":"LineString","coordinates":[[41.46321,52.696217],[41.46319,52.696303],[41.463159,52.696467],[41.46313,52.696612],[41.463114,52.696682],[41.463082,52.696849]]}},{"type":"Feature","properties":{"highway":"primary","length":245.92088229685092},"geometry":{"type":"LineString","coordinates":[[41.463082,52.696849],[41.463042,52.697055],[41.462958,52.697555],[41.462866,52.69805],[41.462727,52.698555],[41.462692,52.698987],[41.46268,52.699044]]}},{"type":"Feature","properties":{"highway":"residential","length":327.04707414461564},"geometry":{"type":"LineString","coordinates":[[41.400805,52.730328],[41.400989,52.729553],[41.401165,52.728484],[41.401375,52.72741]]}},{"type":"Feature","properties":{"highway":"residential","length":74.59935836194717},"geometry":{"type":"LineString","coordinates":[[41.401902,52.724435],[41.401908,52.724377]]}},{"type":"Feature","properties":{"highway":"residential","length":10.723397988505669},"geometry":{"type":"LineString","coordinates":[[41.400892,52.724349],[41.400766,52.72434],[41.400734,52.724338]]}},{"type":"Feature","properties":{"highway":"residential","length":163.69085202848223},"geometry":{"type":"LineString","coordinates":[[41.400734,52.724338],[41.398388,52.724167],[41.398329,52.724163]]}},{"type":"Feature","properties":{"highway":"tertiary","length":285.3326828916514},"geometry":{"type":"LineString","coordinates":[[41.461703,52.758037],[41.458681,52.758059],[41.458339,52.758061],[41.458158,52.758085],[41.458137,52.758092]]}},{"type":"Feature","properties":{"highway":"primary","length":207.1034780276733},"geometry":{"type":"LineString","coordinates":[[41.493758,52.720432],[41.494655,52.720297],[41.495829,52.720128],[41.496005,52.720097],[41.496262,52.720053],[41.496719,52.719956]]}},{"type":"Feature","properties":{"highway":"primary","length":105.14421522922837},"geometry":{"type":"LineString","coordinates":[[41.496719,52.719956],[41.496909,52.719912],[41.4975,52.719768],[41.498142,52.719575]]}},{"type":"Feature","properties":{"highway":"primary","length":117.94772817245484},"geometry":{"type":"LineString","coordinates":[[41.498494,52.719477],[41.500082,52.719037]]}},{"type":"Feature","properties":{"highway":"primary","length":22.71642425007952},"geometry":{"type":"LineString","coordinates":[[41.500082,52.719037],[41.500388,52.718952]]}},{"type":"Feature","properties":{"highway":"primary","length":118.64975787373604},"geometry":{"type":"LineString","coordinates":[[41.500175,52.719143],[41.498583,52.719593]]}},{"type":"Feature","properties":{"highway":"primary","length":25.09773965729736},"geometry":{"type":"LineString","coordinates":[[41.498583,52.719593],[41.498246,52.719688]]}},{"type":"Feature","properties":{"highway":"residential","length":64.63432272890573},"geometry":{"type":"LineString","coordinates":[[41.458932,52.702752],[41.458544,52.70249],[41.458341,52.702298]]}},{"type":"Feature","properties":{"highway":"residential","length":29.96398435474697},"geometry":{"type":"LineString","coordinates":[[41.458341,52.702298],[41.458334,52.702232],[41.458312,52.702029]]}},{"type":"Feature","properties":{"highway":"tertiary","length":68.24327982629406},"geometry":{"type":"LineString","coordinates":[[41.457234,52.694225],[41.456696,52.694271],[41.456449,52.694312],[41.456251,52.694355]]}},{"type":"Feature","properties":{"highway":"tertiary","length":83.66193140846116},"geometry":{"type":"MultiLineString","coordinates":[[[41.456251,52.694355],[41.456201,52.694334]],[[41.455137,52.694412],[41.455058,52.694421]]]}},{"type":"Feature","properties":{"highway":"secondary","length":6.819668798698146},"geometry":{"type":"LineString","coordinates":[[41.423489,52.714218],[41.423392,52.714201]]}},{"type":"Feature","properties":{"highway":"secondary","length":90.0197666813192},"geometry":{"type":"LineString","coordinates":[[41.423392,52.714201],[41.422823,52.714102],[41.422112,52.713978]]}},{"type":"Feature","properties":{"highway":"primary","length":115.18395018294831},"geometry":{"type":"LineString","coordinates":[[41.415672,52.717911],[41.416354,52.718037],[41.4167,52.718101],[41.417304,52.718212]]}},{"type":"Feature","properties":{"highway":"primary","length":101.3286328662272},"geometry":{"type":"LineString","coordinates":[[41.417304,52.718212],[41.417891,52.718317],[41.418739,52.718476]]}},{"type":"Feature","properties":{"highway":"residential","length":25.19556743387445},"geometry":{"type":"LineString","coordinates":[[41.420349,52.759878],[41.420113,52.760053]]}},{"type":"Feature","properties":{"highway":"residential","length":159.1265274625665},"geometry":{"type":"LineString","coordinates":[[41.420113,52.760053],[41.420001,52.760134],[41.418677,52.761187]]}},{"type":"Feature","properties":{"highway":"residential","length":270.7345604267731},"geometry":{"type":"LineString","coordinates":[[41.418677,52.761187],[41.418584,52.761264],[41.418233,52.761543],[41.417501,52.762126],[41.416307,52.763074],[41.416246,52.763122]]}},{"type":"Feature","properties":{"highway":"residential","length":71.53442945078856},"geometry":{"type":"LineString","coordinates":[[41.415408,52.762729],[41.415546,52.762792],[41.416099,52.763052],[41.416176,52.763088],[41.416246,52.763122]]}},{"type":"Feature","properties":{"highway":"residential","length":84.42311323615839},"geometry":{"type":"LineString","coordinates":[[41.416246,52.763122],[41.416361,52.763174],[41.417127,52.763531],[41.417243,52.76358]]}},{"type":"Feature","properties":{"highway":"residential","length":3.5408619486963193},"geometry":{"type":"LineString","coordinates":[[41.41418,52.765253],[41.414223,52.765272]]}},{"type":"Feature","properties":{"highway":"residential","length":70.87547753082973},"geometry":{"type":"LineString","coordinates":[[41.415507,52.759733],[41.415685,52.759816],[41.416271,52.760083],[41.416344,52.760118]]}},{"type":"Feature","properties":{"highway":"residential","length":61.72446440151106},"geometry":{"type":"LineString","coordinates":[[41.416344,52.760118],[41.416433,52.76016],[41.416971,52.760404],[41.417074,52.760452]]}},{"type":"Feature","properties":{"highway":"residential","length":66.91861722328554},"geometry":{"type":"LineString","coordinates":[[41.412189,52.764321],[41.4123,52.764375],[41.412859,52.764638],[41.412972,52.764689]]}},{"type":"Feature","properties":{"highway":"residential","length":68.66537824069006},"geometry":{"type":"LineString","coordinates":[[41.410675,52.763609],[41.410878,52.763702],[41.411021,52.76377],[41.411361,52.763932],[41.411478,52.763988]]}},{"type":"Feature","properties":{"highway":"residential","length":60.61478108542958},"geometry":{"type":"LineString","coordinates":[[41.411478,52.763988],[41.411556,52.764023],[41.41211,52.764283],[41.412189,52.764321]]}},{"type":"Feature","properties":{"highway":"residential","length":60.709347429016226},"geometry":{"type":"LineString","coordinates":[[41.414024,52.75909],[41.414598,52.75934],[41.414763,52.7594]]}},{"type":"Feature","properties":{"highway":"residential","length":62.4259031120213},"geometry":{"type":"LineString","coordinates":[[41.414763,52.7594],[41.414841,52.759433],[41.41532,52.759644],[41.415363,52.759664],[41.415403,52.759684],[41.415507,52.759733]]}},{"type":"Feature","properties":{"highway":"residential","length":61.80280122412786},"geometry":{"type":"LineString","coordinates":[[41.412361,52.76133],[41.412506,52.761395],[41.412729,52.761496],[41.412909,52.761577],[41.412937,52.761591],[41.413094,52.761662]]}},{"type":"Feature","properties":{"highway":"residential","length":69.3511909506829},"geometry":{"type":"LineString","coordinates":[[41.413094,52.761662],[41.413272,52.761744],[41.413799,52.761991],[41.413911,52.76204]]}},{"type":"Feature","properties":{"highway":"secondary","length":269.4551828384727},"geometry":{"type":"LineString","coordinates":[[41.415507,52.759733],[41.415418,52.759812],[41.414898,52.760231],[41.414258,52.760728],[41.413688,52.761194],[41.41338,52.761435],[41.41323,52.761555],[41.413094,52.761662]]}},{"type":"Feature","properties":{"highway":"secondary","length":271.345971546074},"geometry":{"type":"LineString","coordinates":[[41.413094,52.761662],[41.413041,52.761705],[41.412882,52.761834],[41.412478,52.762153],[41.4119,52.76262],[41.411608,52.762854],[41.411293,52.763107],[41.410951,52.763382],[41.41075,52.763548],[41.410675,52.763609]]}},{"type":"Feature","properties":{"highway":"primary","length":107.68726589200688},"geometry":{"type":"LineString","coordinates":[[41.433872,52.732748],[41.433976,52.732849],[41.434129,52.732981],[41.434808,52.733531]]}},{"type":"Feature","properties":{"highway":"primary","length":171.60925935544225},"geometry":{"type":"LineString","coordinates":[[41.418739,52.718476],[41.419326,52.718583],[41.419973,52.718692],[41.420572,52.718781],[41.421194,52.718869]]}},{"type":"Feature","properties":{"highway":"primary","length":10.055729066199975},"geometry":{"type":"LineString","coordinates":[[41.421194,52.718869],[41.421338,52.718891]]}},{"type":"Feature","properties":{"highway":"tertiary","length":53.8356470340863},"geometry":{"type":"LineString","coordinates":[[41.399258,52.711543],[41.399805,52.711895]]}},{"type":"Feature","properties":{"highway":"residential","length":216.89821640933278},"geometry":{"type":"LineString","coordinates":[[41.437661,52.702206],[41.437404,52.702299],[41.43476,52.703036]]}},{"type":"Feature","properties":{"highway":"residential","length":18.072039916658724},"geometry":{"type":"LineString","coordinates":[[41.421651,52.704324],[41.421854,52.70443]]}},{"type":"Feature","properties":{"highway":"residential","length":60.94505122099529},"geometry":{"type":"LineString","coordinates":[[41.421854,52.70443],[41.42254,52.704785]]}},{"type":"Feature","properties":{"highway":"residential","length":82.9095187803794},"geometry":{"type":"LineString","coordinates":[[41.409039,52.703957],[41.409126,52.703913],[41.40937,52.703788],[41.409772,52.703526],[41.409847,52.703482],[41.409929,52.703447]]}},{"type":"Feature","properties":{"highway":"residential","length":78.96137315571526},"geometry":{"type":"LineString","coordinates":[[41.409929,52.703447],[41.410034,52.703384],[41.410135,52.703311],[41.410193,52.703262],[41.410251,52.703198],[41.410316,52.703044],[41.41044,52.702824]]}},{"type":"Feature","properties":{"highway":"residential","length":86.35315956603958},"geometry":{"type":"LineString","coordinates":[[41.411288,52.701025],[41.411295,52.700907],[41.411347,52.700748],[41.411465,52.700537],[41.411617,52.700281]]}},{"type":"Feature","properties":{"highway":"residential","length":28.419780180872042},"geometry":{"type":"LineString","coordinates":[[41.411302,52.700112],[41.411617,52.700281]]}},{"type":"Feature","properties":{"highway":"residential","length":462.8684928704053},"geometry":{"type":"MultiLineString","coordinates":[[[41.411617,52.700281],[41.411677,52.700312]],[[41.415625,52.702598],[41.41656,52.703158]]]}},{"type":"Feature","properties":{"highway":"residential","length":78.4564515925814},"geometry":{"type":"LineString","coordinates":[[41.41656,52.703158],[41.416515,52.703186]]}},{"type":"Feature","properties":{"highway":"residential","length":133.1134054488308},"geometry":{"type":"LineString","coordinates":[[41.417101,52.70445],[41.417171,52.70449]]}},{"type":"Feature","properties":{"highway":"residential","length":21.430293479821014},"geometry":{"type":"LineString","coordinates":[[41.43476,52.703036],[41.434467,52.703109]]}},{"type":"Feature","properties":{"highway":"residential","length":83.57704703468264},"geometry":{"type":"LineString","coordinates":[[41.434467,52.703109],[41.433329,52.703403]]}},{"type":"Feature","properties":{"highway":"residential","length":63.603013890293276},"geometry":{"type":"LineString","coordinates":[[41.42644,52.702377],[41.425791,52.702045],[41.42572,52.702009]]}},{"type":"Feature","properties":{"highway":"residential","length":69.24499257023335},"geometry":{"type":"LineString","coordinates":[[41.42572,52.702009],[41.425325,52.701818],[41.425142,52.70173],[41.424893,52.701644]]}},{"type":"Feature","properties":{"highway":"residential","length":86.79374557746056},"geometry":{"type":"LineString","coordinates":[[41.432311,52.701832],[41.431548,52.701351],[41.431414,52.701273]]}},{"type":"Feature","properties":{"highway":"residential","length":90.66940927984099},"geometry":{"type":"LineString","coordinates":[[41.431414,52.701273],[41.431228,52.701172],[41.431224,52.70117]]}},{"type":"Feature","properties":{"highway":"primary","length":64.31921693209246},"geometry":{"type":"LineString","coordinates":[[41.430738,52.70168],[41.431414,52.701273]]}},{"type":"Feature","properties":{"highway":"primary","length":211.46723289163356},"geometry":{"type":"LineString","coordinates":[[41.431414,52.701273],[41.433081,52.700252],[41.433617,52.699924]]}},{"type":"Feature","properties":{"highway":"primary","length":13.96543065174431},"geometry":{"type":"LineString","coordinates":[[41.415885,52.711541],[41.415988,52.711432]]}},{"type":"Feature","properties":{"highway":"primary","length":110.91109268573543},"geometry":{"type":"LineString","coordinates":[[41.415988,52.711432],[41.41621,52.711199],[41.416812,52.71057]]}},{"type":"Feature","properties":{"highway":"residential","length":131.44288749967242},"geometry":{"type":"LineString","coordinates":[[41.419677,52.711609],[41.42006,52.711762]]}},{"type":"Feature","properties":{"highway":"residential","length":105.7188542645286},"geometry":{"type":"LineString","coordinates":[[41.42006,52.711762],[41.420399,52.711822],[41.4204,52.711822]]}},{"type":"Feature","properties":{"highway":"secondary","length":108.74369456275339},"geometry":{"type":"LineString","coordinates":[[41.419612,52.7127],[41.419707,52.71247],[41.419737,52.71241],[41.419993,52.711896],[41.42006,52.711762]]}},{"type":"Feature","properties":{"highway":"secondary","length":168.66418789466408},"geometry":{"type":"LineString","coordinates":[[41.42006,52.711762],[41.420556,52.710772],[41.420619,52.710623],[41.420649,52.710483],[41.420651,52.710394],[41.420628,52.710298]]}},{"type":"Feature","properties":{"highway":"residential","length":110.7712942378237},"geometry":{"type":"LineString","coordinates":[[41.42362,52.701377],[41.423348,52.701319],[41.423144,52.701239],[41.422918,52.701106],[41.42233,52.700783]]}},{"type":"Feature","properties":{"highway":"residential","length":204.09178544631976},"geometry":{"type":"LineString","coordinates":[[41.42233,52.700783],[41.421204,52.700169],[41.420858,52.699999],[41.420229,52.699689],[41.420035,52.699593]]}},{"type":"Feature","properties":{"highway":"tertiary","length":223.153812070868},"geometry":{"type":"LineString","coordinates":[[41.396886,52.709963],[41.396908,52.710005],[41.39695,52.710061],[41.396998,52.710119],[41.39718,52.710236],[41.397468,52.710412],[41.398054,52.710768],[41.399099,52.711437]]}},{"type":"Feature","properties":{"highway":"tertiary","length":15.929324301933079},"geometry":{"type":"LineString","coordinates":[[41.399099,52.711437],[41.399258,52.711543]]}},{"type":"Feature","properties":{"highway":"residential","length":242.54965718910876},"geometry":{"type":"LineString","coordinates":[[41.401758,52.745636],[41.40172,52.745689],[41.401564,52.745909],[41.401381,52.746212],[41.401185,52.74651],[41.40108,52.746704],[41.401009,52.746896],[41.401007,52.746931],[41.401005,52.746969],[41.401015,52.747005],[41.401031,52.747037],[41.401056,52.747055],[41.401105,52.747078],[41.40126,52.74712],[41.401566,52.747188],[41.40186,52.747225],[41.402006,52.747216],[41.402102,52.747196]]}},{"type":"Feature","properties":{"highway":"residential","length":81.59677200752081},"geometry":{"type":"LineString","coordinates":[[41.402102,52.747196],[41.402253,52.747178],[41.403089,52.747175],[41.403217,52.747171],[41.403302,52.747152]]}},{"type":"Feature","properties":{"highway":"residential","length":88.2316788668969},"geometry":{"type":"LineString","coordinates":[[41.40276,52.749467],[41.402904,52.749469]]}},{"type":"Feature","properties":{"highway":"residential","length":130.90974308453895},"geometry":{"type":"LineString","coordinates":[[41.403316,52.747111],[41.403302,52.747152]]}},{"type":"Feature","properties":{"highway":"residential","length":44.075513579575876},"geometry":{"type":"LineString","coordinates":[[41.403302,52.747152],[41.403266,52.747244],[41.403159,52.747538]]}},{"type":"Feature","properties":{"highway":"residential","length":100.70067997639586},"geometry":{"type":"LineString","coordinates":[[41.394724,52.757321],[41.39466,52.757412]]}},{"type":"Feature","properties":{"highway":"residential","length":5.803828517573916},"geometry":{"type":"LineString","coordinates":[[41.403039,52.75446],[41.403014,52.75451]]}},{"type":"Feature","properties":{"highway":"residential","length":190.02783996478277},"geometry":{"type":"LineString","coordinates":[[41.403014,52.75451],[41.403004,52.754532]]}},{"type":"Feature","properties":{"highway":"residential","length":91.55734268492449},"geometry":{"type":"LineString","coordinates":[[41.40179,52.754469],[41.401621,52.754514],[41.401438,52.754528],[41.400982,52.75454],[41.40063,52.75454],[41.400451,52.754541]]}},{"type":"Feature","properties":{"highway":"residential","length":114.95705537463209},"geometry":{"type":"LineString","coordinates":[[41.400451,52.754541],[41.400331,52.754522]]}},{"type":"Feature","properties":{"highway":"residential","length":47.23299931610046},"geometry":{"type":"LineString","coordinates":[[41.400473,52.754476],[41.400451,52.754541]]}},{"type":"Feature","properties":{"highway":"residential","length":198.0834475267697},"geometry":{"type":"LineString","coordinates":[[41.40179,52.754469],[41.401648,52.754705],[41.401503,52.754941],[41.401379,52.755174],[41.401122,52.755668],[41.400913,52.756047],[41.400844,52.756154]]}},{"type":"Feature","properties":{"highway":"residential","length":298.35216487614895},"geometry":{"type":"LineString","coordinates":[[41.400844,52.756154],[41.400784,52.75625],[41.400567,52.756589],[41.399869,52.757718],[41.399678,52.758017],[41.399501,52.758308],[41.399403,52.758458],[41.399305,52.758595],[41.399257,52.758655]]}},{"type":"Feature","properties":{"highway":"residential","length":322.32286292437544},"geometry":{"type":"MultiLineString","coordinates":[[[41.398207,52.752253],[41.398133,52.752342],[41.397727,52.752778]],[[41.395946,52.754763],[41.395918,52.754795]]]}},{"type":"Feature","properties":{"highway":"residential","length":184.35888485888887},"geometry":{"type":"LineString","coordinates":[[41.395918,52.754795],[41.395893,52.754824]]}},{"type":"Feature","properties":{"highway":"residential","length":76.17790533736373},"geometry":{"type":"LineString","coordinates":[[41.394859,52.754559],[41.394943,52.754579],[41.395184,52.754629],[41.395818,52.754773],[41.395918,52.754795]]}},{"type":"Feature","properties":{"highway":"residential","length":133.7276212939351},"geometry":{"type":"LineString","coordinates":[[41.39751,52.758668],[41.397419,52.758726],[41.397317,52.758805]]}},{"type":"Feature","properties":{"highway":"residential","length":114.02969539536882},"geometry":{"type":"MultiLineString","coordinates":[[[41.400451,52.754541],[41.400356,52.754652],[41.400172,52.754949],[41.400093,52.755078],[41.400083,52.755092]],[[41.399999,52.755189],[41.399995,52.755192],[41.399919,52.755255],[41.399864,52.755295],[41.399786,52.755347],[41.399717,52.755392],[41.399659,52.755432]]]}},{"type":"Feature","properties":{"highway":"residential","length":275.9518179197195},"geometry":{"type":"LineString","coordinates":[[41.399659,52.755432],[41.399575,52.755545]]}},{"type":"Feature","properties":{"highway":"primary","length":191.72470171490107},"geometry":{"type":"LineString","coordinates":[[41.439261,52.715551],[41.43923,52.715648],[41.438724,52.717243]]}},{"type":"Feature","properties":{"highway":"primary","length":276.11205797793826},"geometry":{"type":"LineString","coordinates":[[41.438724,52.717243],[41.438499,52.717974],[41.438391,52.718317],[41.438243,52.718788],[41.438169,52.719015],[41.438011,52.71948],[41.43795,52.719679]]}},{"type":"Feature","properties":{"highway":"tertiary","length":58.65608973242186},"geometry":{"type":"LineString","coordinates":[[41.478632,52.695649],[41.478632,52.695581],[41.478641,52.695389],[41.478659,52.6952],[41.47867,52.695122]]}},{"type":"Feature","properties":{"highway":"tertiary","length":41.84884039909546},"geometry":{"type":"LineString","coordinates":[[41.47867,52.695122],[41.478683,52.695047],[41.478711,52.694747]]}},{"type":"Feature","properties":{"highway":"residential","length":321.1227401970076},"geometry":{"type":"LineString","coordinates":[[41.457557,52.719774],[41.45735,52.719729],[41.457289,52.719716],[41.456907,52.719634],[41.456851,52.719622],[41.45652,52.71955],[41.455333,52.719295],[41.455011,52.719222],[41.45488,52.719192],[41.454541,52.719115],[41.453343,52.718848],[41.453209,52.718819],[41.453088,52.718792]]}},{"type":"Feature","properties":{"highway":"residential","length":291.5694901008255},"geometry":{"type":"LineString","coordinates":[[41.453088,52.718792],[41.452927,52.718758],[41.451993,52.718649],[41.451156,52.718557],[41.449654,52.7184],[41.449357,52.718369],[41.448848,52.718315]]}},{"type":"Feature","properties":{"highway":"secondary","length":135.2366458767123},"geometry":{"type":"LineString","coordinates":[[41.45408,52.717159],[41.45375,52.71769],[41.453372,52.718295]]}},{"type":"Feature","properties":{"highway":"secondary","length":58.488384972687584},"geometry":{"type":"LineString","coordinates":[[41.453372,52.718295],[41.453134,52.718711],[41.453088,52.718792]]}},{"type":"Feature","properties":{"highway":"secondary","length":306.5059201402621},"geometry":{"type":"LineString","coordinates":[[41.444482,52.760906],[41.444371,52.761076],[41.444147,52.761476],[41.44381,52.762079],[41.443658,52.762353],[41.44352,52.762607],[41.443062,52.763522]]}},{"type":"Feature","properties":{"highway":"secondary","length":192.10511123895168},"geometry":{"type":"LineString","coordinates":[[41.443062,52.763522],[41.442913,52.763852],[41.442726,52.764255],[41.442444,52.764865],[41.442297,52.765184]]}},{"type":"Feature","properties":{"highway":"secondary","length":68.16022560998077},"geometry":{"type":"LineString","coordinates":[[41.402211,52.778968],[41.402814,52.778477]]}},{"type":"Feature","properties":{"highway":"primary","length":69.89389565183691},"geometry":{"type":"LineString","coordinates":[[41.435924,52.725913],[41.435897,52.726009],[41.435883,52.726056],[41.435784,52.726411],[41.435747,52.726532]]}},{"type":"Feature","properties":{"highway":"primary","length":77.49783326793573},"geometry":{"type":"LineString","coordinates":[[41.435747,52.726532],[41.435536,52.727217]]}},{"type":"Feature","properties":{"highway":"residential","length":271.78019668259043},"geometry":{"type":"LineString","coordinates":[[41.445857,52.733147],[41.445795,52.733141],[41.445748,52.733136],[41.445451,52.733105],[41.443157,52.732845],[41.442045,52.732712],[41.441902,52.7327]]}},{"type":"Feature","properties":{"highway":"residential","length":543.5739151705789},"geometry":{"type":"LineString","coordinates":[[41.441902,52.7327],[41.441752,52.732688],[41.434092,52.731855],[41.433981,52.731841]]}},{"type":"Feature","properties":{"highway":"secondary","length":215.39938599070962},"geometry":{"type":"LineString","coordinates":[[41.441346,52.734606],[41.441488,52.734123],[41.441804,52.733035],[41.441902,52.7327]]}},{"type":"Feature","properties":{"highway":"secondary","length":183.64402623941783},"geometry":{"type":"LineString","coordinates":[[41.441902,52.7327],[41.44193,52.732607],[41.441971,52.732475],[41.442097,52.732027],[41.44234,52.731165],[41.442366,52.731074]]}},{"type":"Feature","properties":{"highway":"primary","length":48.18124243648076},"geometry":{"type":"LineString","coordinates":[[41.443102,52.739394],[41.443617,52.739694]]}},{"type":"Feature","properties":{"highway":"primary","length":260.1538148138368},"geometry":{"type":"LineString","coordinates":[[41.443617,52.739694],[41.444664,52.740274],[41.444836,52.740369],[41.445827,52.740918],[41.446301,52.741175],[41.446468,52.741266]]}},{"type":"Feature","properties":{"highway":"tertiary","length":55.47374053698933},"geometry":{"type":"LineString","coordinates":[[41.460621,52.693946],[41.460485,52.693957],[41.460169,52.693971],[41.459987,52.693983],[41.459804,52.693993]]}},{"type":"Feature","properties":{"highway":"tertiary","length":88.80652871548216},"geometry":{"type":"LineString","coordinates":[[41.459804,52.693993],[41.459531,52.694019],[41.458503,52.6941]]}},{"type":"Feature","properties":{"highway":"residential","length":78.1972874869026},"geometry":{"type":"LineString","coordinates":[[41.459715,52.693295],[41.45973,52.693616],[41.459802,52.693863],[41.459804,52.693993]]}},{"type":"Feature","properties":{"highway":"residential","length":121.21137066830843},"geometry":{"type":"LineString","coordinates":[[41.459804,52.693993],[41.459666,52.694072],[41.459662,52.694154],[41.459664,52.694293],[41.459663,52.694584],[41.459601,52.694971],[41.459586,52.695044]]}},{"type":"Feature","properties":{"highway":"tertiary","length":25.405442994905062},"geometry":{"type":"LineString","coordinates":[[41.401477,52.699238],[41.401202,52.699083]]}},{"type":"Feature","properties":{"highway":"tertiary","length":84.87341136929791},"geometry":{"type":"LineString","coordinates":[[41.401202,52.699083],[41.40069,52.698799],[41.400257,52.698582]]}},{"type":"Feature","properties":{"highway":"residential","length":118.61107758097691},"geometry":{"type":"LineString","coordinates":[[41.449601,52.703237],[41.449688,52.703281],[41.449823,52.703354],[41.449998,52.703447],[41.450487,52.703669],[41.450985,52.703891]]}},{"type":"Feature","properties":{"highway":"residential","length":138.1706014998469},"geometry":{"type":"LineString","coordinates":[[41.450985,52.703891],[41.451166,52.703965],[41.451378,52.704052],[41.451582,52.704134],[41.452486,52.704525],[41.452661,52.704601]]}},{"type":"Feature","properties":{"highway":"primary","length":84.44578024391598},"geometry":{"type":"LineString","coordinates":[[41.410117,52.716493],[41.410971,52.716831],[41.411168,52.716904]]}},{"type":"Feature","properties":{"highway":"residential","length":15.881983625032504},"geometry":{"type":"LineString","coordinates":[[41.402904,52.749469],[41.402894,52.749612]]}},{"type":"Feature","properties":{"highway":"residential","length":18.464281359903005},"geometry":{"type":"LineString","coordinates":[[41.402894,52.749612],[41.402887,52.749702],[41.40288,52.749778]]}},{"type":"Feature","properties":{"highway":"residential","length":123.91166621981525},"geometry":{"type":"LineString","coordinates":[[41.41044,52.702824],[41.410688,52.702283],[41.410826,52.701952],[41.410947,52.701755]]}},{"type":"Feature","properties":{"highway":"residential","length":84.37004180797274},"geometry":{"type":"LineString","coordinates":[[41.410947,52.701755],[41.411033,52.701547],[41.4112,52.701203],[41.411288,52.701025]]}},{"type":"Feature","properties":{"highway":"residential","length":94.0262972729622},"geometry":{"type":"LineString","coordinates":[[41.432659,52.737127],[41.431577,52.737658]]}},{"type":"Feature","properties":{"highway":"residential","length":109.70334843466588},"geometry":{"type":"LineString","coordinates":[[41.431577,52.737658],[41.431426,52.737677],[41.431157,52.737799],[41.431093,52.737831],[41.431023,52.737864],[41.43064,52.738057],[41.430271,52.738229]]}},{"type":"Feature","properties":{"highway":"residential","length":95.65718665060923},"geometry":{"type":"LineString","coordinates":[[41.376532,52.762419],[41.376635,52.762333],[41.377296,52.761826],[41.377409,52.761744]]}},{"type":"Feature","properties":{"highway":"residential","length":237.02168517230686},"geometry":{"type":"LineString","coordinates":[[41.37364,52.761117],[41.373722,52.761151]]}},{"type":"Feature","properties":{"highway":"residential","length":236.46483930404912},"geometry":{"type":"MultiLineString","coordinates":[[[41.373722,52.761151],[41.373821,52.76119]],[[41.376413,52.762366],[41.376532,52.762419]]]}},{"type":"Feature","properties":{"highway":"tertiary","length":94.09876341769176},"geometry":{"type":"LineString","coordinates":[[41.372862,52.761816],[41.372984,52.761725],[41.373575,52.761265],[41.373722,52.761151]]}},{"type":"Feature","properties":{"highway":"tertiary","length":99.73758593033823},"geometry":{"type":"LineString","coordinates":[[41.373722,52.761151],[41.373853,52.761047],[41.374434,52.760553],[41.374504,52.760503],[41.374626,52.760446]]}},{"type":"Feature","properties":{"highway":"residential","length":112.75142722054177},"geometry":{"type":"LineString","coordinates":[[41.370006,52.762759],[41.369999,52.762655]]}},{"type":"Feature","properties":{"highway":"residential","length":155.951976942347},"geometry":{"type":"LineString","coordinates":[[41.36802,52.762096],[41.368147,52.762075],[41.368161,52.762073]]}},{"type":"Feature","properties":{"highway":"residential","length":288.8262443169916},"geometry":{"type":"LineString","coordinates":[[41.374566,52.760418],[41.374626,52.760446]]}},{"type":"Feature","properties":{"highway":"residential","length":375.17124893570906},"geometry":{"type":"LineString","coordinates":[[41.366733,52.759594],[41.366869,52.759571]]}},{"type":"Feature","properties":{"highway":"residential","length":304.20245134969974},"geometry":{"type":"LineString","coordinates":[[41.366869,52.759571],[41.366999,52.75955]]}},{"type":"Feature","properties":{"highway":"residential","length":101.77002307244248},"geometry":{"type":"LineString","coordinates":[[41.366869,52.759571],[41.366932,52.759702],[41.36723,52.760335],[41.367279,52.760451]]}},{"type":"Feature","properties":{"highway":"residential","length":300.63705403170263},"geometry":{"type":"LineString","coordinates":[[41.367132,52.760474],[41.367279,52.760451]]}},{"type":"Feature","properties":{"highway":"residential","length":253.34857961184528},"geometry":{"type":"LineString","coordinates":[[41.367279,52.760451],[41.367405,52.760431]]}},{"type":"Feature","properties":{"highway":"tertiary","length":215.96249044794908},"geometry":{"type":"LineString","coordinates":[[41.368213,52.76548],[41.368319,52.765401],[41.369041,52.764824],[41.369115,52.764764],[41.369226,52.764677],[41.370078,52.764008],[41.370159,52.76394]]}},{"type":"Feature","properties":{"highway":"tertiary","length":103.116946681011},"geometry":{"type":"LineString","coordinates":[[41.368416,52.77038],[41.367195,52.770034],[41.367033,52.769987]]}},{"type":"Feature","properties":{"highway":"tertiary","length":250.94376043883346},"geometry":{"type":"LineString","coordinates":[[41.367033,52.769987],[41.366893,52.769945],[41.365851,52.769658],[41.364901,52.769391],[41.363883,52.769114],[41.363649,52.769052]]}},{"type":"Feature","properties":{"highway":"residential","length":89.54781601441633},"geometry":{"type":"LineString","coordinates":[[41.369328,52.76818],[41.36945,52.768086],[41.369933,52.767691],[41.370128,52.767538]]}},{"type":"Feature","properties":{"highway":"residential","length":106.7681501069069},"geometry":{"type":"LineString","coordinates":[[41.370128,52.767538],[41.370252,52.767448],[41.37092,52.766917],[41.371078,52.766772]]}},{"type":"Feature","properties":{"highway":"tertiary","length":98.30664958775532},"geometry":{"type":"LineString","coordinates":[[41.371071,52.763203],[41.371167,52.763124],[41.371855,52.762586],[41.371963,52.762505]]}},{"type":"Feature","properties":{"highway":"tertiary","length":97.73509734906712},"geometry":{"type":"LineString","coordinates":[[41.371963,52.762505],[41.372076,52.762419],[41.372762,52.761899],[41.372862,52.761816]]}},{"type":"Feature","properties":{"highway":"residential","length":142.1946285657663},"geometry":{"type":"LineString","coordinates":[[41.371861,52.762457],[41.371963,52.762505]]}},{"type":"Feature","properties":{"highway":"residential","length":237.24411491380548},"geometry":{"type":"MultiLineString","coordinates":[[[41.371963,52.762505],[41.372067,52.762553],[41.372077,52.762557]],[[41.374634,52.763747],[41.374752,52.763802]]]}},{"type":"Feature","properties":{"highway":"residential","length":95.11636973716308},"geometry":{"type":"LineString","coordinates":[[41.374752,52.763802],[41.375516,52.763184],[41.375601,52.76312]]}},{"type":"Feature","properties":{"highway":"residential","length":100.13237528751223},"geometry":{"type":"LineString","coordinates":[[41.375601,52.76312],[41.375715,52.763035],[41.376393,52.762522],[41.376532,52.762419]]}},{"type":"Feature","properties":{"highway":"tertiary","length":123.35861185823003},"geometry":{"type":"LineString","coordinates":[[41.372761,52.771597],[41.372656,52.771567],[41.371956,52.771368],[41.371292,52.771181],[41.371106,52.771126]]}},{"type":"Feature","properties":{"highway":"tertiary","length":96.79202950645545},"geometry":{"type":"LineString","coordinates":[[41.371106,52.771126],[41.370954,52.771087],[41.370181,52.770877],[41.3698,52.770767]]}},{"type":"Feature","properties":{"highway":"tertiary","length":230.31773903628678},"geometry":{"type":"LineString","coordinates":[[41.374626,52.760446],[41.377329,52.761709]]}},{"type":"Feature","properties":{"highway":"tertiary","length":6.723912189572951},"geometry":{"type":"LineString","coordinates":[[41.377329,52.761709],[41.377409,52.761744]]}},{"type":"Feature","properties":{"highway":"residential","length":315.86501626709196},"geometry":{"type":"LineString","coordinates":[[41.371078,52.766772],[41.371834,52.766033],[41.37293,52.765199],[41.373859,52.764494]]}},{"type":"Feature","properties":{"highway":"residential","length":97.82476523560702},"geometry":{"type":"LineString","coordinates":[[41.373859,52.764494],[41.374752,52.763802]]}},{"type":"Feature","properties":{"highway":"residential","length":236.82479311722227},"geometry":{"type":"LineString","coordinates":[[41.371071,52.763203],[41.371512,52.763408],[41.373623,52.764383],[41.373859,52.764494]]}},{"type":"Feature","properties":{"highway":"residential","length":105.55256785006604},"geometry":{"type":"LineString","coordinates":[[41.373859,52.764494],[41.37395,52.764536],[41.374123,52.764619],[41.374944,52.765015],[41.375083,52.765085]]}},{"type":"Feature","properties":{"highway":"residential","length":95.79303725233285},"geometry":{"type":"LineString","coordinates":[[41.381942,52.762684],[41.382794,52.761995]]}},{"type":"Feature","properties":{"highway":"residential","length":230.11927719322912},"geometry":{"type":"LineString","coordinates":[[41.376513,52.759086],[41.376443,52.759053]]}},{"type":"Feature","properties":{"highway":"residential","length":236.07641841429398},"geometry":{"type":"LineString","coordinates":[[41.376443,52.759053],[41.376382,52.759025]]}},{"type":"Feature","properties":{"highway":"residential","length":97.33421057875883},"geometry":{"type":"LineString","coordinates":[[41.37555,52.75974],[41.376443,52.759053]]}},{"type":"Feature","properties":{"highway":"residential","length":95.96138112469265},"geometry":{"type":"LineString","coordinates":[[41.376443,52.759053],[41.377321,52.758375]]}},{"type":"Feature","properties":{"highway":"residential","length":305.53960947329875},"geometry":{"type":"LineString","coordinates":[[41.383608,52.761295],[41.383445,52.761234]]}},{"type":"Feature","properties":{"highway":"residential","length":229.10491033856547},"geometry":{"type":"LineString","coordinates":[[41.377403,52.758414],[41.377321,52.758375]]}},{"type":"Feature","properties":{"highway":"residential","length":70.67480110587776},"geometry":{"type":"LineString","coordinates":[[41.37736,52.757316],[41.37819,52.757704]]}},{"type":"Feature","properties":{"highway":"residential","length":229.06131493958767},"geometry":{"type":"LineString","coordinates":[[41.37819,52.757704],[41.378286,52.757749]]}},{"type":"Feature","properties":{"highway":"tertiary","length":104.93770166981778},"geometry":{"type":"LineString","coordinates":[[41.379745,52.762834],[41.380988,52.7634]]}},{"type":"Feature","properties":{"highway":"tertiary","length":111.35281977869295},"geometry":{"type":"LineString","coordinates":[[41.380988,52.7634],[41.382297,52.764009]]}},{"type":"Feature","properties":{"highway":"primary","length":84.23700510859408},"geometry":{"type":"LineString","coordinates":[[41.434808,52.733531],[41.435605,52.734114]]}},{"type":"Feature","properties":{"highway":"primary","length":17.692322059005946},"geometry":{"type":"LineString","coordinates":[[41.435605,52.734114],[41.435775,52.734235]]}},{"type":"Feature","properties":{"highway":"tertiary","length":114.00923779839076},"geometry":{"type":"LineString","coordinates":[[41.380132,52.778097],[41.380244,52.778153],[41.381347,52.778674],[41.381372,52.778687],[41.381461,52.778729]]}},{"type":"Feature","properties":{"highway":"tertiary","length":98.92765140837295},"geometry":{"type":"LineString","coordinates":[[41.381461,52.778729],[41.381539,52.778765],[41.381585,52.778787],[41.38254,52.779229],[41.382626,52.779269]]}},{"type":"Feature","properties":{"highway":"residential","length":345.95261606881326},"geometry":{"type":"MultiLineString","coordinates":[[[41.38459,52.776267],[41.384525,52.776314],[41.384495,52.776338]],[[41.381559,52.778658],[41.381461,52.778729]]]}},{"type":"Feature","properties":{"highway":"residential","length":110.6238448357269},"geometry":{"type":"LineString","coordinates":[[41.381461,52.778729],[41.381377,52.778793],[41.381371,52.778799]]}},{"type":"Feature","properties":{"highway":"residential","length":243.02035038462026},"geometry":{"type":"LineString","coordinates":[[41.385447,52.773942],[41.385393,52.773984],[41.385115,52.7742],[41.38463,52.774572],[41.383637,52.775348],[41.383234,52.775665]]}},{"type":"Feature","properties":{"highway":"residential","length":342.12507475346285},"geometry":{"type":"LineString","coordinates":[[41.383234,52.775665],[41.383181,52.775708],[41.380132,52.778097]]}},{"type":"Feature","properties":{"highway":"tertiary","length":13.046665698554087},"geometry":{"type":"LineString","coordinates":[[41.390491,52.779081],[41.390604,52.778986]]}},{"type":"Feature","properties":{"highway":"tertiary","length":110.55089100164291},"geometry":{"type":"LineString","coordinates":[[41.390604,52.778986],[41.390915,52.778744],[41.390963,52.778707],[41.391238,52.778493],[41.391528,52.778268],[41.391611,52.778203]]}},{"type":"Feature","properties":{"highway":"residential","length":427.08850641466046},"geometry":{"type":"LineString","coordinates":[[41.380116,52.786071],[41.379991,52.785993],[41.379932,52.785957],[41.377634,52.784882],[41.377026,52.7846],[41.37649,52.784345],[41.375221,52.78374],[41.375141,52.783701]]}},{"type":"Feature","properties":{"highway":"residential","length":114.1944524703373},"geometry":{"type":"LineString","coordinates":[[41.375141,52.783701],[41.375071,52.783669],[41.374977,52.783626],[41.374061,52.783189],[41.373939,52.783131],[41.373799,52.783076]]}},{"type":"Feature","properties":{"highway":"residential","length":97.62347727470423},"geometry":{"type":"LineString","coordinates":[[41.375232,52.783631],[41.375191,52.783664],[41.375141,52.783701]]}},{"type":"Feature","properties":{"highway":"residential","length":97.19367133800331},"geometry":{"type":"LineString","coordinates":[[41.375141,52.783701],[41.37508,52.783746],[41.375053,52.783766],[41.375047,52.783772]]}},{"type":"Feature","properties":{"highway":"tertiary","length":108.44835325392815},"geometry":{"type":"LineString","coordinates":[[41.381465,52.785543],[41.381237,52.785647],[41.381008,52.785745],[41.380286,52.786003],[41.380242,52.78602],[41.380116,52.786071]]}},{"type":"Feature","properties":{"highway":"tertiary","length":105.37990763700161},"geometry":{"type":"LineString","coordinates":[[41.380116,52.786071],[41.379979,52.786115],[41.378906,52.786482],[41.378756,52.786536]]}},{"type":"Feature","properties":{"highway":"tertiary","length":57.482208566836},"geometry":{"type":"LineString","coordinates":[[41.393506,52.716607],[41.393394,52.716539],[41.393314,52.716466],[41.393256,52.716383],[41.393217,52.716282],[41.393211,52.716143]]}},{"type":"Feature","properties":{"highway":"tertiary","length":25.215685223145726},"geometry":{"type":"LineString","coordinates":[[41.393211,52.716143],[41.393241,52.715917]]}},{"type":"Feature","properties":{"highway":"tertiary","length":61.43602051991128},"geometry":{"type":"LineString","coordinates":[[41.413392,52.706815],[41.413086,52.706625],[41.412755,52.706421]]}},{"type":"Feature","properties":{"highway":"tertiary","length":169.16369807382225},"geometry":{"type":"LineString","coordinates":[[41.412755,52.706421],[41.412075,52.705989],[41.411418,52.705549],[41.411147,52.705364],[41.411057,52.705304]]}},{"type":"Feature","properties":{"highway":"residential","length":371.4503815207335},"geometry":{"type":"LineString","coordinates":[[41.471958,52.693125],[41.471807,52.693121],[41.470315,52.693092],[41.468856,52.69306],[41.466645,52.692999],[41.466468,52.692995]]}},{"type":"Feature","properties":{"highway":"residential","length":67.54364807733076},"geometry":{"type":"LineString","coordinates":[[41.466468,52.692995],[41.466305,52.69299],[41.465634,52.692971],[41.465471,52.692967]]}},{"type":"Feature","properties":{"highway":"residential","length":71.74057758482013},"geometry":{"type":"LineString","coordinates":[[41.468908,52.723605],[41.469164,52.723519],[41.469909,52.7234]]}},{"type":"Feature","properties":{"highway":"unclassified","length":18.718286203192807},"geometry":{"type":"LineString","coordinates":[[41.352752,52.700988],[41.353016,52.701039]]}},{"type":"Feature","properties":{"highway":"unclassified","length":172.08240015002806},"geometry":{"type":"LineString","coordinates":[[41.353016,52.701039],[41.354052,52.701244],[41.354156,52.701257],[41.354242,52.70126],[41.354342,52.701257],[41.355504,52.701227]]}},{"type":"Feature","properties":{"highway":"unclassified","length":91.07936139470588},"geometry":{"type":"LineString","coordinates":[[41.355504,52.701227],[41.355844,52.701218],[41.356321,52.70119],[41.356836,52.701119]]}},{"type":"Feature","properties":{"highway":"tertiary","length":120.98826624710676},"geometry":{"type":"LineString","coordinates":[[41.376022,52.772501],[41.375933,52.772477],[41.375143,52.772256],[41.374392,52.77205]]}},{"type":"Feature","properties":{"highway":"residential","length":89.54966817395879},"geometry":{"type":"LineString","coordinates":[[41.376966,52.771731],[41.377056,52.771658],[41.377686,52.771143],[41.377758,52.771086]]}},{"type":"Feature","properties":{"highway":"residential","length":109.33382034689454},"geometry":{"type":"LineString","coordinates":[[41.377758,52.771086],[41.377883,52.770986],[41.378625,52.77038],[41.378731,52.7703]]}},{"type":"Feature","properties":{"highway":"residential","length":114.46788321316687},"geometry":{"type":"LineString","coordinates":[[41.377621,52.771028],[41.377758,52.771086]]}},{"type":"Feature","properties":{"highway":"residential","length":289.6466523159347},"geometry":{"type":"LineString","coordinates":[[41.377758,52.771086],[41.3779,52.77112]]}},{"type":"Feature","properties":{"highway":"residential","length":301.55361241939147},"geometry":{"type":"MultiLineString","coordinates":[[[41.387126,52.785448],[41.387211,52.78538]],[[41.389759,52.783374],[41.389849,52.783299]]]}},{"type":"Feature","properties":{"highway":"residential","length":104.88864114521454},"geometry":{"type":"LineString","coordinates":[[41.389849,52.783299],[41.389887,52.783269]]}},{"type":"Feature","properties":{"highway":"tertiary","length":98.72573870655685},"geometry":{"type":"LineString","coordinates":[[41.388672,52.782772],[41.388781,52.782821],[41.389727,52.78324],[41.389762,52.783256],[41.389849,52.783299]]}},{"type":"Feature","properties":{"highway":"tertiary","length":100.82957290734106},"geometry":{"type":"LineString","coordinates":[[41.389849,52.783299],[41.389963,52.783352],[41.390419,52.783554],[41.390916,52.783779],[41.391048,52.783839]]}},{"type":"Feature","properties":{"highway":"residential","length":53.5772758506652},"geometry":{"type":"LineString","coordinates":[[41.361673,52.768511],[41.361496,52.768599],[41.361368,52.768705],[41.361317,52.768754],[41.361272,52.768905]]}},{"type":"Feature","properties":{"highway":"tertiary","length":43.08579551551153},"geometry":{"type":"LineString","coordinates":[[41.383159,52.774517],[41.383033,52.774617],[41.38283,52.774754],[41.382734,52.774805]]}},{"type":"Feature","properties":{"highway":"tertiary","length":235.45103546892105},"geometry":{"type":"LineString","coordinates":[[41.385551,52.765534],[41.385668,52.765589],[41.386938,52.766193],[41.387615,52.766508],[41.388136,52.766754],[41.388179,52.766774],[41.388304,52.766834]]}},{"type":"Feature","properties":{"highway":"tertiary","length":120.80284048809291},"geometry":{"type":"LineString","coordinates":[[41.388304,52.766834],[41.388416,52.766888],[41.389631,52.767455],[41.38972,52.767497]]}},{"type":"Feature","properties":{"highway":"residential","length":122.24742815454891},"geometry":{"type":"LineString","coordinates":[[41.435096,52.744006],[41.435179,52.743964],[41.435536,52.743783],[41.436474,52.743293]]}},{"type":"Feature","properties":{"highway":"residential","length":123.09205188983157},"geometry":{"type":"LineString","coordinates":[[41.436223,52.744875],[41.435806,52.744553],[41.435367,52.744215],[41.435171,52.744064],[41.435096,52.744006]]}},{"type":"Feature","properties":{"highway":"residential","length":96.4376977899693},"geometry":{"type":"LineString","coordinates":[[41.435096,52.744006],[41.434209,52.743326]]}},{"type":"Feature","properties":{"highway":"tertiary","length":288.6961385833232},"geometry":{"type":"LineString","coordinates":[[41.379902,52.773594],[41.379726,52.773547],[41.37802,52.773064],[41.376238,52.772561],[41.376022,52.772501]]}},{"type":"Feature","properties":{"highway":"unclassified","length":109.87768889093822},"geometry":{"type":"LineString","coordinates":[[41.494692,52.711857],[41.495108,52.71175],[41.495378,52.71168],[41.495643,52.711612],[41.496189,52.711472]]}},{"type":"Feature","properties":{"highway":"unclassified","length":80.34277991122607},"geometry":{"type":"LineString","coordinates":[[41.496189,52.711472],[41.49725,52.711274],[41.497325,52.711259]]}},{"type":"Feature","properties":{"highway":"residential","length":275.4445773567741},"geometry":{"type":"LineString","coordinates":[[41.371106,52.771126],[41.371477,52.770826],[41.373503,52.769228],[41.373591,52.769163]]}},{"type":"Feature","properties":{"highway":"residential","length":108.92862524091215},"geometry":{"type":"LineString","coordinates":[[41.373591,52.769163],[41.373731,52.769054],[41.374493,52.768462],[41.374582,52.76839]]}},{"type":"Feature","properties":{"highway":"tertiary","length":121.92121688406411},"geometry":{"type":"LineString","coordinates":[[41.383159,52.774517],[41.38295,52.774461],[41.381522,52.774054]]}},{"type":"Feature","properties":{"highway":"tertiary","length":120.72508544907294},"geometry":{"type":"LineString","coordinates":[[41.381522,52.774054],[41.380081,52.773645],[41.379902,52.773594]]}},{"type":"Feature","properties":{"highway":"primary","length":201.06088619939598},"geometry":{"type":"LineString","coordinates":[[41.462195,52.683843],[41.462105,52.68403],[41.462058,52.684181],[41.462038,52.684319],[41.462031,52.684411],[41.462037,52.684518],[41.462077,52.684694],[41.462182,52.685018],[41.462284,52.685252],[41.462416,52.685539],[41.462448,52.685608]]}},{"type":"Feature","properties":{"highway":"primary","length":132.29863935926457},"geometry":{"type":"LineString","coordinates":[[41.462448,52.685608],[41.462593,52.685923],[41.462608,52.685956],[41.462627,52.685997],[41.462755,52.686272],[41.462979,52.686753]]}},{"type":"Feature","properties":{"highway":"secondary","length":22.757832963426548},"geometry":{"type":"LineString","coordinates":[[41.421629,52.78542],[41.421323,52.785334]]}},{"type":"Feature","properties":{"highway":"residential","length":205.48142821968483},"geometry":{"type":"LineString","coordinates":[[41.368213,52.76548],[41.368044,52.765406],[41.367487,52.765166],[41.367264,52.765055],[41.367151,52.764968],[41.367095,52.764867],[41.367083,52.764765],[41.367112,52.764356],[41.367135,52.763954]]}},{"type":"Feature","properties":{"highway":"residential","length":89.6549490007737},"geometry":{"type":"LineString","coordinates":[[41.367135,52.763954],[41.367188,52.763476],[41.367218,52.763304],[41.367235,52.763245],[41.367258,52.763205],[41.367295,52.763159]]}},{"type":"Feature","properties":{"highway":"residential","length":79.39816988756547},"geometry":{"type":"LineString","coordinates":[[41.367295,52.763159],[41.367339,52.763127],[41.367401,52.763091],[41.367541,52.763046],[41.36768,52.763026],[41.368262,52.762963],[41.368386,52.762941]]}},{"type":"Feature","properties":{"highway":"residential","length":161.18464780763492},"geometry":{"type":"LineString","coordinates":[[41.365657,52.763943],[41.365666,52.763851]]}},{"type":"Feature","properties":{"highway":"residential","length":93.3091826020498},"geometry":{"type":"LineString","coordinates":[[41.364275,52.763933],[41.36442,52.763934],[41.365432,52.763942],[41.365657,52.763943]]}},{"type":"Feature","properties":{"highway":"residential","length":99.7562800853392},"geometry":{"type":"LineString","coordinates":[[41.365657,52.763943],[41.36586,52.763945],[41.366905,52.763953],[41.367135,52.763954]]}},{"type":"Feature","properties":{"highway":"primary","length":356.88727812528873},"geometry":{"type":"LineString","coordinates":[[41.461621,52.672297],[41.462374,52.672581],[41.46246,52.672614],[41.463248,52.672918],[41.464045,52.673187],[41.46448,52.673307],[41.464773,52.673367],[41.465082,52.673419],[41.46638,52.673611]]}},{"type":"Feature","properties":{"highway":"residential","length":54.778257917315166},"geometry":{"type":"LineString","coordinates":[[41.382283,52.728037],[41.381526,52.728214]]}},{"type":"Feature","properties":{"highway":"unclassified","length":571.1393820228423},"geometry":{"type":"LineString","coordinates":[[41.381779,52.719315],[41.381502,52.719184],[41.381078,52.719106],[41.380443,52.718952],[41.379549,52.718812],[41.378696,52.718682],[41.377792,52.718495],[41.377138,52.718373],[41.376266,52.718235],[41.37591,52.71819],[41.375185,52.718027],[41.374756,52.717913],[41.37444,52.717861],[41.373898,52.717712],[41.373805,52.717684]]}},{"type":"Feature","properties":{"highway":"unclassified","length":34.96529232553718},"geometry":{"type":"LineString","coordinates":[[41.373805,52.717684],[41.373571,52.717613],[41.373327,52.717568]]}},{"type":"Feature","properties":{"highway":"unclassified","length":119.83620523683766},"geometry":{"type":"LineString","coordinates":[[41.373327,52.717568],[41.372608,52.717436],[41.371642,52.717232]]}},{"type":"Feature","properties":{"highway":"unclassified","length":251.86400154093337},"geometry":{"type":"LineString","coordinates":[[41.371642,52.717232],[41.371143,52.717127],[41.369284,52.716774],[41.368204,52.716583],[41.368083,52.71656]]}},{"type":"Feature","properties":{"highway":"residential","length":167.14804253775534},"geometry":{"type":"LineString","coordinates":[[41.397432,52.728604],[41.397128,52.730094]]}},{"type":"Feature","properties":{"highway":"residential","length":167.88275247931037},"geometry":{"type":"LineString","coordinates":[[41.397128,52.730094],[41.397114,52.730168],[41.397104,52.73022],[41.397056,52.730475],[41.397027,52.730627],[41.396934,52.731123],[41.396927,52.731213],[41.39693,52.731342],[41.39694,52.731461],[41.396989,52.731593]]}},{"type":"Feature","properties":{"highway":"residential","length":161.08498805555615},"geometry":{"type":"LineString","coordinates":[[41.394754,52.729959],[41.395902,52.730024],[41.397128,52.730094]]}},{"type":"Feature","properties":{"highway":"residential","length":183.05601164474498},"geometry":{"type":"LineString","coordinates":[[41.397128,52.730094],[41.39969,52.730257],[41.399823,52.730265]]}},{"type":"Feature","properties":{"highway":"residential","length":236.29766303759936},"geometry":{"type":"LineString","coordinates":[[41.510607,52.71072],[41.510658,52.710678],[41.510826,52.710543],[41.5114,52.710029],[41.512091,52.709411],[41.512386,52.709152],[41.512508,52.709009],[41.512544,52.708956]]}},{"type":"Feature","properties":{"highway":"residential","length":175.02857713163834},"geometry":{"type":"LineString","coordinates":[[41.512544,52.708956],[41.512558,52.70889],[41.51256,52.708774],[41.512445,52.708344],[41.512415,52.707991],[41.512397,52.707823],[41.512377,52.707628],[41.512365,52.70739]]}},{"type":"Feature","properties":{"highway":"residential","length":130.29839882682973},"geometry":{"type":"LineString","coordinates":[[41.342664,52.699902],[41.342916,52.699898],[41.343111,52.699918],[41.343623,52.699997],[41.343893,52.700026],[41.34413,52.70004],[41.344567,52.70003]]}},{"type":"Feature","properties":{"highway":"residential","length":46.432811418997055},"geometry":{"type":"LineString","coordinates":[[41.344567,52.70003],[41.344766,52.700035],[41.345222,52.700139]]}},{"type":"Feature","properties":{"highway":"residential","length":81.14728208827779},"geometry":{"type":"LineString","coordinates":[[41.422119,52.742028],[41.422032,52.742069],[41.421162,52.742469]]}},{"type":"Feature","properties":{"highway":"residential","length":118.78690846496359},"geometry":{"type":"LineString","coordinates":[[41.421085,52.741165],[41.421579,52.741594],[41.421992,52.741926],[41.422022,52.74195],[41.422119,52.742028]]}},{"type":"Feature","properties":{"highway":"residential","length":113.69561762129545},"geometry":{"type":"LineString","coordinates":[[41.422119,52.742028],[41.422218,52.742105],[41.423172,52.742826]]}},{"type":"Feature","properties":{"highway":"primary","length":81.36421988220637},"geometry":{"type":"LineString","coordinates":[[41.411168,52.716904],[41.411289,52.716939],[41.411883,52.71712],[41.412245,52.717231]]}},{"type":"Feature","properties":{"highway":"primary","length":183.19662854049645},"geometry":{"type":"LineString","coordinates":[[41.412245,52.717231],[41.412314,52.717247],[41.413701,52.717528],[41.414688,52.717727],[41.414816,52.717753]]}},{"type":"Feature","properties":{"highway":"secondary","length":8.792461900477097},"geometry":{"type":"LineString","coordinates":[[41.445372,52.720496],[41.445376,52.720457]]}},{"type":"Feature","properties":{"highway":"secondary","length":274.8607517580618},"geometry":{"type":"LineString","coordinates":[[41.445376,52.720457],[41.445422,52.720263],[41.445496,52.720008],[41.445563,52.719778],[41.44565,52.719477],[41.445722,52.719226],[41.445728,52.719203],[41.445878,52.718663],[41.446056,52.718117],[41.446083,52.718024]]}},{"type":"Feature","properties":{"highway":"primary","length":135.45074146627817},"geometry":{"type":"LineString","coordinates":[[41.439668,52.71429],[41.439282,52.715484]]}},{"type":"Feature","properties":{"highway":"primary","length":7.560315931792718},"geometry":{"type":"LineString","coordinates":[[41.439282,52.715484],[41.439261,52.715551]]}},{"type":"Feature","properties":{"highway":"residential","length":161.8422516174079},"geometry":{"type":"LineString","coordinates":[[41.458312,52.702029],[41.458237,52.701934],[41.457522,52.70141],[41.456775,52.70092]]}},{"type":"Feature","properties":{"highway":"residential","length":198.5139335474845},"geometry":{"type":"LineString","coordinates":[[41.456775,52.70092],[41.456348,52.700586],[41.45491,52.699633],[41.454827,52.699587]]}},{"type":"Feature","properties":{"highway":"residential","length":51.514832054162625},"geometry":{"type":"LineString","coordinates":[[41.45732,52.700596],[41.457207,52.700667],[41.456775,52.70092]]}},{"type":"Feature","properties":{"highway":"residential","length":104.13937435111744},"geometry":{"type":"LineString","coordinates":[[41.456775,52.70092],[41.455789,52.701493],[41.455664,52.701568]]}},{"type":"Feature","properties":{"highway":"tertiary","length":43.72813654223014},"geometry":{"type":"LineString","coordinates":[[41.47701,52.694917],[41.476874,52.694914],[41.476369,52.69487]]}},{"type":"Feature","properties":{"highway":"tertiary","length":74.82545311753324},"geometry":{"type":"LineString","coordinates":[[41.476369,52.69487],[41.475268,52.6948]]}},{"type":"Feature","properties":{"highway":"secondary","length":114.18650254210394},"geometry":{"type":"LineString","coordinates":[[41.458452,52.738521],[41.458571,52.738603],[41.459632,52.739256]]}},{"type":"Feature","properties":{"highway":"secondary","length":107.51336665691939},"geometry":{"type":"LineString","coordinates":[[41.459632,52.739256],[41.460734,52.739953]]}},{"type":"Feature","properties":{"highway":"residential","length":120.62101769017083},"geometry":{"type":"LineString","coordinates":[[41.433647,52.746185],[41.432514,52.745347]]}},{"type":"Feature","properties":{"highway":"residential","length":44.53737112310233},"geometry":{"type":"LineString","coordinates":[[41.432514,52.745347],[41.432103,52.745034]]}},{"type":"Feature","properties":{"highway":"residential","length":229.55782679153955},"geometry":{"type":"LineString","coordinates":[[41.432514,52.745347],[41.432862,52.745173],[41.432912,52.745147],[41.433402,52.744893],[41.433717,52.74473],[41.433877,52.744647],[41.434371,52.744391],[41.434487,52.744331],[41.435008,52.744052],[41.435096,52.744006]]}},{"type":"Feature","properties":{"highway":"residential","length":58.603935599258456},"geometry":{"type":"LineString","coordinates":[[41.428225,52.746749],[41.428718,52.747182]]}},{"type":"Feature","properties":{"highway":"residential","length":119.70511164759121},"geometry":{"type":"LineString","coordinates":[[41.428718,52.747182],[41.429804,52.748032]]}},{"type":"Feature","properties":{"highway":"residential","length":95.57163036837993},"geometry":{"type":"LineString","coordinates":[[41.427661,52.747753],[41.427743,52.74771],[41.428718,52.747182]]}},{"type":"Feature","properties":{"highway":"residential","length":327.73050773884506},"geometry":{"type":"LineString","coordinates":[[41.428718,52.747182],[41.432514,52.745347]]}},{"type":"Feature","properties":{"highway":"residential","length":170.33654466367153},"geometry":{"type":"LineString","coordinates":[[41.425398,52.744501],[41.425544,52.744604],[41.426361,52.745238],[41.426432,52.745293],[41.426672,52.74549],[41.426883,52.745637],[41.42697,52.745698]]}},{"type":"Feature","properties":{"highway":"residential","length":77.8745824964409},"geometry":{"type":"LineString","coordinates":[[41.42697,52.745698],[41.427047,52.745759],[41.427599,52.746208],[41.427665,52.746256]]}},{"type":"Feature","properties":{"highway":"residential","length":316.35180172104816},"geometry":{"type":"LineString","coordinates":[[41.430747,52.744016],[41.430628,52.744068],[41.430391,52.744171],[41.429799,52.744422],[41.429289,52.744655],[41.427387,52.745508],[41.427111,52.745634],[41.42697,52.745698]]}},{"type":"Feature","properties":{"highway":"residential","length":335.00028288840764},"geometry":{"type":"LineString","coordinates":[[41.42697,52.745698],[41.426788,52.745783],[41.425018,52.746611],[41.423054,52.747545]]}},{"type":"Feature","properties":{"highway":"secondary","length":53.573391525364066},"geometry":{"type":"LineString","coordinates":[[41.427041,52.7543],[41.42641,52.754008]]}},{"type":"Feature","properties":{"highway":"secondary","length":195.71337426581275},"geometry":{"type":"LineString","coordinates":[[41.42641,52.754008],[41.425918,52.753788],[41.424501,52.753134],[41.424256,52.753014],[41.424104,52.752943]]}},{"type":"Feature","properties":{"highway":"residential","length":98.07538557315546},"geometry":{"type":"LineString","coordinates":[[41.36141,52.763912],[41.361551,52.763913],[41.362688,52.763922],[41.362862,52.763923]]}},{"type":"Feature","properties":{"highway":"residential","length":95.361541855405},"geometry":{"type":"LineString","coordinates":[[41.362862,52.763923],[41.363017,52.763924],[41.364101,52.763932],[41.364275,52.763933]]}},{"type":"Feature","properties":{"highway":"residential","length":244.52338279697534},"geometry":{"type":"MultiLineString","coordinates":[[[41.36245,52.766059],[41.36252,52.766011],[41.362547,52.765988]],[[41.362858,52.764021],[41.362862,52.763923]]]}},{"type":"Feature","properties":{"highway":"residential","length":302.6074388521622},"geometry":{"type":"LineString","coordinates":[[41.362862,52.763923],[41.362867,52.763825]]}},{"type":"Feature","properties":{"highway":"residential","length":242.9429657432235},"geometry":{"type":"MultiLineString","coordinates":[[[41.369328,52.76818],[41.369214,52.768137],[41.36919,52.768126]],[[41.36658,52.766908],[41.366567,52.766902],[41.366467,52.766856]]]}},{"type":"Feature","properties":{"highway":"residential","length":398.3108089145793},"geometry":{"type":"MultiLineString","coordinates":[[[41.366467,52.766856],[41.366346,52.766798]],[[41.364273,52.764028],[41.364275,52.763933]]]}},{"type":"Feature","properties":{"highway":"tertiary","length":309.61936370852004},"geometry":{"type":"LineString","coordinates":[[41.363649,52.769052],[41.36381,52.768928],[41.364649,52.768276],[41.364728,52.768218],[41.365526,52.767592],[41.365609,52.76753],[41.365634,52.767511],[41.365685,52.767471],[41.366402,52.766908],[41.366467,52.766856]]}},{"type":"Feature","properties":{"highway":"residential","length":229.89648870313425},"geometry":{"type":"LineString","coordinates":[[41.364275,52.763933],[41.364277,52.763838]]}},{"type":"Feature","properties":{"highway":"residential","length":105.62350746522584},"geometry":{"type":"LineString","coordinates":[[41.423172,52.742826],[41.424045,52.743536],[41.424112,52.743584]]}},{"type":"Feature","properties":{"highway":"residential","length":134.06305100237893},"geometry":{"type":"LineString","coordinates":[[41.424112,52.743584],[41.42503,52.744219],[41.425251,52.744394],[41.425398,52.744501]]}},{"type":"Feature","properties":{"highway":"residential","length":83.41790251798204},"geometry":{"type":"LineString","coordinates":[[41.423116,52.744028],[41.423669,52.743782],[41.424112,52.743584]]}},{"type":"Feature","properties":{"highway":"residential","length":329.2263630191857},"geometry":{"type":"LineString","coordinates":[[41.424112,52.743584],[41.424207,52.743512],[41.424463,52.743392],[41.424732,52.743267],[41.425875,52.742732],[41.426074,52.742643],[41.427281,52.742083],[41.427575,52.741949],[41.427836,52.741828],[41.427959,52.741771]]}},{"type":"Feature","properties":{"highway":"residential","length":115.21461457356094},"geometry":{"type":"LineString","coordinates":[[41.427023,52.741036],[41.426119,52.740311],[41.425996,52.74021]]}},{"type":"Feature","properties":{"highway":"residential","length":115.92461798443115},"geometry":{"type":"LineString","coordinates":[[41.425996,52.74021],[41.425877,52.740117],[41.425464,52.739812],[41.425001,52.73945],[41.424936,52.739391]]}},{"type":"Feature","properties":{"highway":"residential","length":330.91437241771973},"geometry":{"type":"LineString","coordinates":[[41.425996,52.74021],[41.425841,52.74028],[41.424183,52.741052],[41.423246,52.741497],[41.422119,52.742028]]}},{"type":"Feature","properties":{"highway":"tertiary","length":56.56608640850445},"geometry":{"type":"LineString","coordinates":[[41.403672,52.700483],[41.403059,52.700137]]}},{"type":"Feature","properties":{"highway":"residential","length":135.5480698585353},"geometry":{"type":"LineString","coordinates":[[41.401282,52.699027],[41.401202,52.699083]]}},{"type":"Feature","properties":{"highway":"primary","length":128.09493217302474},"geometry":{"type":"LineString","coordinates":[[41.426783,52.704065],[41.427333,52.703731],[41.428122,52.70325]]}},{"type":"Feature","properties":{"highway":"primary","length":10.726772455648735},"geometry":{"type":"LineString","coordinates":[[41.428122,52.70325],[41.428235,52.703182]]}},{"type":"Feature","properties":{"highway":"secondary","length":55.21486935956333},"geometry":{"type":"LineString","coordinates":[[41.422671,52.752287],[41.422026,52.751982]]}},{"type":"Feature","properties":{"highway":"secondary","length":67.51959364722804},"geometry":{"type":"LineString","coordinates":[[41.422026,52.751982],[41.42123,52.751614]]}},{"type":"Feature","properties":{"highway":"residential","length":60.44832865183683},"geometry":{"type":"LineString","coordinates":[[41.421075,52.754416],[41.421718,52.75471],[41.42179,52.754743]]}},{"type":"Feature","properties":{"highway":"residential","length":65.02427159033233},"geometry":{"type":"LineString","coordinates":[[41.42179,52.754743],[41.421852,52.754772],[41.422558,52.755096]]}},{"type":"Feature","properties":{"highway":"secondary","length":254.02236933827888},"geometry":{"type":"LineString","coordinates":[[41.424104,52.752943],[41.423857,52.753131],[41.42179,52.754743]]}},{"type":"Feature","properties":{"highway":"secondary","length":271.22903628294},"geometry":{"type":"LineString","coordinates":[[41.42179,52.754743],[41.421704,52.754812],[41.42045,52.755776],[41.419688,52.756392],[41.419425,52.7566],[41.419332,52.756671]]}},{"type":"Feature","properties":{"highway":"tertiary","length":15.843891673564974},"geometry":{"type":"LineString","coordinates":[[41.405722,52.701718],[41.405659,52.701681],[41.405555,52.701618]]}},{"type":"Feature","properties":{"highway":"tertiary","length":179.35534971964213},"geometry":{"type":"LineString","coordinates":[[41.405555,52.701618],[41.403672,52.700483]]}},{"type":"Feature","properties":{"highway":"residential","length":273.60415144440134},"geometry":{"type":"LineString","coordinates":[[41.416246,52.763122],[41.416142,52.763196],[41.415633,52.7636],[41.415087,52.764025],[41.415025,52.764073],[41.414434,52.764533],[41.413877,52.765002],[41.413802,52.765082]]}},{"type":"Feature","properties":{"highway":"residential","length":103.53204686278679},"geometry":{"type":"LineString","coordinates":[[41.413802,52.765082],[41.413727,52.765155],[41.413493,52.765358],[41.413139,52.765654],[41.413007,52.765774],[41.412926,52.765845]]}},{"type":"Feature","properties":{"highway":"residential","length":31.808737722784286},"geometry":{"type":"LineString","coordinates":[[41.413802,52.765082],[41.41418,52.765253]]}},{"type":"Feature","properties":{"highway":"residential","length":76.56656405210009},"geometry":{"type":"LineString","coordinates":[[41.397112,52.755023],[41.397076,52.755064]]}},{"type":"Feature","properties":{"highway":"residential","length":208.15738094202612},"geometry":{"type":"LineString","coordinates":[[41.397076,52.755064],[41.397061,52.755078]]}},{"type":"Feature","properties":{"highway":"residential","length":83.72800569003864},"geometry":{"type":"LineString","coordinates":[[41.395918,52.754795],[41.396004,52.754815],[41.396891,52.755019],[41.397076,52.755064]]}},{"type":"Feature","properties":{"highway":"residential","length":81.44189654579047},"geometry":{"type":"LineString","coordinates":[[41.397076,52.755064],[41.397466,52.755143],[41.398103,52.755286],[41.398211,52.755311]]}},{"type":"Feature","properties":{"highway":"residential","length":112.41708606299636},"geometry":{"type":"LineString","coordinates":[[41.368386,52.762941],[41.368528,52.762917],[41.369452,52.76278],[41.369617,52.762757],[41.369708,52.762752],[41.36988,52.762736],[41.370006,52.762759]]}},{"type":"Feature","properties":{"highway":"residential","length":87.2216240843765},"geometry":{"type":"LineString","coordinates":[[41.370006,52.762759],[41.370235,52.762849],[41.370967,52.763153],[41.371071,52.763203]]}},{"type":"Feature","properties":{"highway":"residential","length":188.74169091798922},"geometry":{"type":"LineString","coordinates":[[41.37276,52.76178],[41.372862,52.761816]]}},{"type":"Feature","properties":{"highway":"residential","length":93.86111842141729},"geometry":{"type":"LineString","coordinates":[[41.367279,52.760451],[41.367323,52.760554],[41.367526,52.760982],[41.36766,52.761262]]}},{"type":"Feature","properties":{"highway":"residential","length":95.9408985220561},"geometry":{"type":"LineString","coordinates":[[41.36766,52.761262],[41.367692,52.761334],[41.367994,52.762038],[41.36802,52.762096]]}},{"type":"Feature","properties":{"highway":"residential","length":233.46040062870847},"geometry":{"type":"LineString","coordinates":[[41.367501,52.761289],[41.36766,52.761262]]}},{"type":"Feature","properties":{"highway":"residential","length":204.51451444667174},"geometry":{"type":"LineString","coordinates":[[41.36766,52.761262],[41.367778,52.761242]]}},{"type":"Feature","properties":{"highway":"residential","length":95.3726244977812},"geometry":{"type":"LineString","coordinates":[[41.382794,52.761995],[41.383608,52.761295]]}},{"type":"Feature","properties":{"highway":"residential","length":94.8746615115604},"geometry":{"type":"LineString","coordinates":[[41.383608,52.761295],[41.384412,52.760596]]}},{"type":"Feature","properties":{"highway":"residential","length":241.78806868806072},"geometry":{"type":"MultiLineString","coordinates":[[[41.370128,52.767538],[41.370052,52.767496],[41.370012,52.767476]],[[41.367442,52.766233],[41.367332,52.76618]]]}},{"type":"Feature","properties":{"highway":"residential","length":304.06060965208695},"geometry":{"type":"MultiLineString","coordinates":[[[41.367332,52.76618],[41.36721,52.766122]],[[41.365657,52.764036],[41.365658,52.76402],[41.365657,52.763943]]]}},{"type":"Feature","properties":{"highway":"tertiary","length":95.28309435977278},"geometry":{"type":"LineString","coordinates":[[41.366467,52.766856],[41.366543,52.766797],[41.36724,52.766251],[41.367332,52.76618]]}},{"type":"Feature","properties":{"highway":"tertiary","length":97.93946878614143},"geometry":{"type":"LineString","coordinates":[[41.367332,52.76618],[41.367407,52.766121],[41.368139,52.765541],[41.368213,52.76548]]}},{"type":"Feature","properties":{"highway":"primary","length":229.68717830468458},"geometry":{"type":"LineString","coordinates":[[41.461559,52.728237],[41.460828,52.728156],[41.460607,52.728135],[41.460238,52.7281],[41.460012,52.728079],[41.459874,52.728065],[41.45934,52.728015],[41.459283,52.728009],[41.458312,52.727917],[41.458203,52.727907]]}},{"type":"Feature","properties":{"highway":"residential","length":613.0893484629072},"geometry":{"type":"LineString","coordinates":[[41.387389,52.72138],[41.38746,52.721607],[41.387478,52.721659],[41.387557,52.72182],[41.38764,52.72199],[41.387687,52.722083],[41.387904,52.72257],[41.387976,52.722743],[41.388032,52.722885],[41.388089,52.723031],[41.388161,52.723198],[41.388265,52.723451],[41.388452,52.723903],[41.388642,52.724362],[41.388708,52.724521],[41.388821,52.724796],[41.388855,52.724878],[41.389113,52.72557],[41.389166,52.725719],[41.389568,52.726727]]}},{"type":"Feature","properties":{"highway":"residential","length":392.63683686260276},"geometry":{"type":"MultiLineString","coordinates":[[[41.392403,52.760151],[41.392337,52.760113],[41.392309,52.760076]],[[41.388015,52.758007],[41.387911,52.757948]]]}},{"type":"Feature","properties":{"highway":"residential","length":31.282687644189245},"geometry":{"type":"LineString","coordinates":[[41.463963,52.691375],[41.464033,52.691139],[41.464028,52.691097]]}},{"type":"Feature","properties":{"highway":"residential","length":1001.0091486491705},"geometry":{"type":"LineString","coordinates":[[41.385711,52.713074],[41.38602,52.713033],[41.386121,52.713041],[41.386271,52.713054],[41.386469,52.713072],[41.387372,52.713241],[41.388062,52.71337],[41.38837,52.713427],[41.38865,52.713479],[41.388962,52.713536],[41.38956,52.713649],[41.389685,52.713667],[41.389812,52.713675],[41.389961,52.71368],[41.390035,52.713674],[41.390323,52.713649],[41.390373,52.713645],[41.390747,52.713605],[41.390937,52.713581],[41.391205,52.713546],[41.391683,52.713485],[41.391781,52.713472],[41.392234,52.713423],[41.393306,52.713305],[41.393905,52.713238],[41.394192,52.713192],[41.39426,52.713172],[41.394368,52.713141],[41.394502,52.713089],[41.394583,52.713041],[41.394674,52.712986],[41.394748,52.712917],[41.394847,52.712811],[41.394903,52.712728],[41.394918,52.712708],[41.395235,52.712177],[41.395427,52.711855],[41.395623,52.711526],[41.395641,52.711497],[41.395756,52.711325],[41.39581,52.711244],[41.395859,52.711165],[41.395986,52.710959],[41.396103,52.710769],[41.396165,52.710669],[41.396215,52.710587],[41.396342,52.710381],[41.396419,52.710256],[41.396666,52.710095],[41.396729,52.710057],[41.396886,52.709963]]}},{"type":"Feature","properties":{"highway":"residential","length":50.51927108540035},"geometry":{"type":"LineString","coordinates":[[41.428821,52.727467],[41.428857,52.727448],[41.428878,52.727434],[41.428897,52.727416],[41.428915,52.727396],[41.428929,52.72737],[41.42895,52.727276],[41.428996,52.727109],[41.429015,52.72704]]}},{"type":"Feature","properties":{"highway":"residential","length":204.38268273906695},"geometry":{"type":"LineString","coordinates":[[41.430286,52.733849],[41.430312,52.733863],[41.430344,52.733891]]}},{"type":"Feature","properties":{"highway":"secondary","length":461.079777446281},"geometry":{"type":"LineString","coordinates":[[41.41353,52.743112],[41.413389,52.74311],[41.413367,52.743124],[41.41327,52.743106],[41.413154,52.743095],[41.413059,52.74308],[41.412976,52.74306],[41.412926,52.743046],[41.412881,52.743027],[41.412767,52.742974],[41.412666,52.742915],[41.412467,52.742788],[41.412404,52.742746],[41.412185,52.742607],[41.412113,52.74256],[41.41151,52.742172],[41.41135,52.742069],[41.411117,52.741888],[41.410932,52.741662],[41.410887,52.741594],[41.410804,52.741468],[41.410658,52.741238],[41.410563,52.741072],[41.410353,52.740609],[41.410221,52.740337],[41.410168,52.740215],[41.410093,52.740045],[41.410044,52.739936],[41.41003,52.739884],[41.410021,52.73984]]}},{"type":"Feature","properties":{"highway":"residential","length":107.88577902608151},"geometry":{"type":"LineString","coordinates":[[41.465471,52.692967],[41.465471,52.692908]]}},{"type":"Feature","properties":{"highway":"tertiary_link","length":63.525330864587666},"geometry":{"type":"LineString","coordinates":[[41.467546,52.673812],[41.467358,52.673803],[41.467238,52.673819],[41.467127,52.673864],[41.467035,52.673925],[41.466946,52.67401],[41.466852,52.674059],[41.466822,52.674096]]}},{"type":"Feature","properties":{"highway":"residential","length":498.63118219207286},"geometry":{"type":"MultiLineString","coordinates":[[[41.403711,52.768406],[41.40356,52.768522],[41.40355,52.768529]],[[41.399369,52.771845],[41.399356,52.771856],[41.399222,52.771964]]]}},{"type":"Feature","properties":{"highway":"residential","length":111.10047883850011},"geometry":{"type":"LineString","coordinates":[[41.451297,52.739241],[41.451358,52.739248],[41.451554,52.739269]]}},{"type":"Feature","properties":{"highway":"primary","length":15.846679251037262},"geometry":{"type":"LineString","coordinates":[[41.396875,52.765135],[41.396829,52.765161],[41.396783,52.765172],[41.396734,52.765173],[41.396665,52.765158]]}},{"type":"Feature","properties":{"highway":"tertiary","length":46.566959780412404},"geometry":{"type":"LineString","coordinates":[[41.402135,52.779426],[41.402068,52.779436],[41.402031,52.779442],[41.401986,52.779451],[41.401955,52.779458],[41.401889,52.779473],[41.401838,52.779487],[41.401811,52.779495],[41.401734,52.779519],[41.401681,52.779539],[41.401628,52.77956],[41.401575,52.779584],[41.401549,52.779596],[41.401522,52.779609]]}},{"type":"Feature","properties":{"highway":"secondary","length":97.6884016585065},"geometry":{"type":"LineString","coordinates":[[41.403734,52.779853],[41.403679,52.779822],[41.403624,52.779791],[41.40357,52.77976],[41.403517,52.779729],[41.403463,52.779698],[41.40341,52.779666],[41.403385,52.779652],[41.403354,52.779634],[41.403294,52.779603],[41.403232,52.779574],[41.403167,52.779546],[41.4031,52.77952],[41.403032,52.779496],[41.402961,52.779474],[41.402888,52.779455],[41.402841,52.779443],[41.402569,52.77939],[41.402537,52.779389]]}},{"type":"Feature","properties":{"highway":"secondary","length":135.3221974861789},"geometry":{"type":"LineString","coordinates":[[41.404594,52.777294],[41.404449,52.777402],[41.404395,52.777443],[41.404348,52.777482],[41.404271,52.777561],[41.404235,52.777602],[41.404201,52.777643],[41.404168,52.777684],[41.404138,52.777726],[41.404109,52.777769],[41.404082,52.777812],[41.404034,52.777899],[41.404012,52.777944],[41.403993,52.777988],[41.403975,52.778033],[41.40396,52.778079],[41.403946,52.778124],[41.403935,52.77817],[41.403852,52.77835],[41.403862,52.778401]]}},{"type":"Feature","properties":{"highway":"tertiary","length":27.752430576209292},"geometry":{"type":"LineString","coordinates":[[41.402537,52.779389],[41.402504,52.779389],[41.402441,52.779382],[41.402182,52.779421],[41.402135,52.779426]]}},{"type":"Feature","properties":{"highway":"tertiary","length":60.0494496511294},"geometry":{"type":"LineString","coordinates":[[41.401522,52.779609],[41.40149,52.779626],[41.401379,52.779691],[41.40125,52.779778],[41.400916,52.780004]]}},{"type":"Feature","properties":{"highway":"secondary","length":129.490792567768},"geometry":{"type":"LineString","coordinates":[[41.403334,52.778156],[41.403366,52.778151],[41.403382,52.778123],[41.403508,52.778033],[41.403649,52.777924],[41.403676,52.777903],[41.403864,52.777752],[41.40408,52.777581],[41.404106,52.77756],[41.404277,52.77745],[41.404594,52.777294]]}},{"type":"Feature","properties":{"highway":"tertiary","length":33.75000012062228},"geometry":{"type":"LineString","coordinates":[[41.405268,52.725565],[41.405263,52.725594],[41.405257,52.725628],[41.405221,52.725834],[41.405215,52.725867]]}},{"type":"Feature","properties":{"highway":"tertiary","length":59.431807292788136},"geometry":{"type":"LineString","coordinates":[[41.398406,52.706438],[41.39823,52.706775],[41.39819,52.706852],[41.398141,52.706947]]}},{"type":"Feature","properties":{"highway":"residential","length":120.14041202427435},"geometry":{"type":"LineString","coordinates":[[41.384214,52.771873],[41.384082,52.771835],[41.382756,52.771456],[41.382603,52.771414]]}},{"type":"Feature","properties":{"highway":"residential","length":224.16670232459575},"geometry":{"type":"LineString","coordinates":[[41.441754,52.712351],[41.441833,52.712383],[41.441974,52.712421],[41.442352,52.712479],[41.444037,52.712665],[41.444988,52.712765]]}},{"type":"Feature","properties":{"highway":"secondary","length":139.49308221611557},"geometry":{"type":"LineString","coordinates":[[41.404213,52.72035],[41.404169,52.720429],[41.404144,52.720492],[41.404116,52.720556],[41.40408,52.720666],[41.404029,52.721003],[41.403933,52.721589]]}},{"type":"Feature","properties":{"highway":"tertiary","length":2.4478582043331656},"geometry":{"type":"LineString","coordinates":[[41.405519,52.724095],[41.405516,52.724117]]}},{"type":"Feature","properties":{"highway":"tertiary","length":45.52200351328065},"geometry":{"type":"LineString","coordinates":[[41.385016,52.765285],[41.385188,52.765367],[41.385418,52.765471],[41.385551,52.765534]]}},{"type":"Feature","properties":{"highway":"residential","length":141.93417254566938},"geometry":{"type":"LineString","coordinates":[[41.401374,52.772954],[41.40124,52.773061],[41.401222,52.773075]]}},{"type":"Feature","properties":{"highway":"residential","length":116.28293048929672},"geometry":{"type":"LineString","coordinates":[[41.376437,52.780977],[41.376541,52.781025],[41.3767,52.781098],[41.377706,52.781563],[41.377807,52.781611]]}},{"type":"Feature","properties":{"highway":"primary","length":114.06529601188126},"geometry":{"type":"LineString","coordinates":[[41.466259,52.675161],[41.466243,52.675209],[41.466218,52.675265],[41.465803,52.676102],[41.465782,52.676145]]}},{"type":"Feature","properties":{"highway":"residential","length":315.13249603560587},"geometry":{"type":"LineString","coordinates":[[41.423562,52.719444],[41.423377,52.719573],[41.423362,52.719589],[41.423338,52.71963],[41.423313,52.719682],[41.42326,52.719848],[41.423173,52.720229],[41.423148,52.72036],[41.423068,52.72094],[41.423011,52.721283],[41.422983,52.721478],[41.422975,52.721625],[41.422983,52.721681],[41.423005,52.721736],[41.423071,52.721852],[41.423113,52.721927],[41.423251,52.722096],[41.423306,52.722176]]}},{"type":"Feature","properties":{"highway":"tertiary","length":270.29264048942133},"geometry":{"type":"LineString","coordinates":[[41.476466,52.700838],[41.476259,52.700847],[41.475491,52.70086],[41.474701,52.700897],[41.474246,52.700916],[41.473478,52.700946],[41.473432,52.700947],[41.473344,52.70095],[41.47285,52.70097],[41.472476,52.700994]]}},{"type":"Feature","properties":{"highway":"residential","length":264.4110348154032},"geometry":{"type":"LineString","coordinates":[[41.447535,52.704718],[41.447627,52.704765],[41.450217,52.706114],[41.45038,52.70619],[41.450519,52.706254]]}},{"type":"Feature","properties":{"highway":"residential","length":199.46800699463833},"geometry":{"type":"LineString","coordinates":[[41.47421,52.709389],[41.473987,52.709553],[41.473715,52.709753],[41.473261,52.710087],[41.473134,52.710181],[41.472803,52.710425],[41.472333,52.710772]]}},{"type":"Feature","properties":{"highway":"tertiary","length":12.288123705107733},"geometry":{"type":"LineString","coordinates":[[41.428929,52.718553],[41.429042,52.71857],[41.4291,52.718589]]}},{"type":"Feature","properties":{"highway":"residential","length":104.7415326499472},"geometry":{"type":"LineString","coordinates":[[41.445139,52.706332],[41.445914,52.706691],[41.446065,52.706762],[41.446205,52.706796],[41.446287,52.706785],[41.446358,52.706761],[41.446405,52.706731]]}},{"type":"Feature","properties":{"highway":"tertiary","length":151.00413481235913},"geometry":{"type":"LineString","coordinates":[[41.441454,52.724816],[41.441482,52.724729],[41.44168,52.724007],[41.441825,52.723478]]}},{"type":"Feature","properties":{"highway":"primary","length":149.08080125806362},"geometry":{"type":"LineString","coordinates":[[41.484352,52.722055],[41.484099,52.72209],[41.483779,52.722135],[41.48353,52.722172],[41.482209,52.722373]]}},{"type":"Feature","properties":{"highway":"residential","length":338.80067876810193},"geometry":{"type":"MultiLineString","coordinates":[[[41.421746,52.709153],[41.42186,52.708943]],[[41.422527,52.707872],[41.422679,52.707795],[41.42379,52.70748],[41.424453,52.707283],[41.424806,52.707168],[41.424971,52.707109]]]}},{"type":"Feature","properties":{"highway":"residential","length":269.78186323470464},"geometry":{"type":"MultiLineString","coordinates":[[[41.415408,52.762729],[41.415506,52.762665]],[[41.417739,52.76087],[41.417741,52.760869],[41.417825,52.760799]]]}},{"type":"Feature","properties":{"highway":"residential","length":271.9353780578319},"geometry":{"type":"MultiLineString","coordinates":[[[41.411478,52.763988],[41.41156,52.76392],[41.411569,52.763913]],[[41.413816,52.762109],[41.413911,52.76204]]]}},{"type":"Feature","properties":{"highway":"residential","length":104.11935611539951},"geometry":{"type":"LineString","coordinates":[[41.398211,52.755311],[41.398319,52.755336],[41.398662,52.755413],[41.398962,52.75548],[41.39911,52.75551],[41.399179,52.755519],[41.399252,52.755523],[41.399321,52.755523],[41.399376,52.755517],[41.399442,52.755503],[41.399497,52.755487],[41.399659,52.755432]]}},{"type":"Feature","properties":{"highway":"tertiary","length":56.279696897146195},"geometry":{"type":"LineString","coordinates":[[41.401251,52.779695],[41.401374,52.779581],[41.401419,52.779546],[41.401465,52.77951],[41.40151,52.779475],[41.401555,52.779439],[41.401601,52.779404],[41.401646,52.779368],[41.401692,52.779333],[41.401747,52.779289]]}},{"type":"Feature","properties":{"highway":"tertiary","length":47.73743989531607},"geometry":{"type":"LineString","coordinates":[[41.401747,52.779289],[41.401782,52.779261],[41.401828,52.779226],[41.401873,52.77919],[41.401919,52.779155],[41.401964,52.779119],[41.402167,52.779009],[41.402211,52.778968]]}},{"type":"Feature","properties":{"highway":"residential","length":99.05025748177329},"geometry":{"type":"LineString","coordinates":[[41.3779,52.78154],[41.377889,52.781549],[41.377807,52.781611]]}},{"type":"Feature","properties":{"highway":"residential","length":112.63755831476708},"geometry":{"type":"LineString","coordinates":[[41.384006,52.766091],[41.384074,52.766035],[41.384895,52.765386],[41.385016,52.765285]]}},{"type":"Feature","properties":{"highway":"residential","length":101.71164917489824},"geometry":{"type":"LineString","coordinates":[[41.382245,52.76735],[41.382358,52.767409]]}},{"type":"Feature","properties":{"highway":"unclassified","length":138.24026829328614},"geometry":{"type":"LineString","coordinates":[[41.50093,52.710415],[41.50197,52.71009],[41.502275,52.709995],[41.502313,52.709982],[41.502767,52.709871]]}},{"type":"Feature","properties":{"highway":"unclassified","length":233.3998174217834},"geometry":{"type":"LineString","coordinates":[[41.491369,52.712428],[41.491587,52.712392],[41.492762,52.712195],[41.493376,52.712089],[41.493908,52.711996],[41.494484,52.711894],[41.494554,52.711882],[41.494692,52.711857]]}},{"type":"Feature","properties":{"highway":"secondary","length":127.65043868951606},"geometry":{"type":"LineString","coordinates":[[41.403777,52.778565],[41.403746,52.778591],[41.403657,52.778663],[41.402905,52.779275],[41.402856,52.779311],[41.402808,52.779337],[41.402753,52.779358],[41.402695,52.779374],[41.402633,52.779385],[41.402569,52.77939],[41.402537,52.779389]]}},{"type":"Feature","properties":{"highway":"secondary","length":51.424794724649715},"geometry":{"type":"LineString","coordinates":[[41.403334,52.778156],[41.403366,52.778151],[41.403431,52.778148],[41.403495,52.778151],[41.403558,52.778159],[41.403618,52.778173],[41.403675,52.778193],[41.403724,52.778217],[41.403768,52.778245],[41.403805,52.778278],[41.403833,52.778313],[41.403852,52.77835],[41.403862,52.778401]]}},{"type":"Feature","properties":{"highway":"secondary","length":404.019151937492},"geometry":{"type":"LineString","coordinates":[[41.403862,52.778401],[41.403862,52.778428],[41.403852,52.778466],[41.403905,52.778587],[41.403916,52.778633],[41.403929,52.778679],[41.403944,52.778725],[41.40396,52.778771],[41.403979,52.778816],[41.404,52.778861],[41.404023,52.778905],[41.404047,52.778949],[41.404074,52.778993],[41.404102,52.779036],[41.404133,52.779079],[41.404165,52.779121],[41.404199,52.779163],[41.404274,52.77925],[41.404338,52.779323],[41.404403,52.779398],[41.40443,52.77943],[41.40454,52.779555],[41.404617,52.779634],[41.404703,52.779714],[41.404797,52.779791],[41.404895,52.779863],[41.404999,52.779931],[41.405107,52.779995],[41.405223,52.780065],[41.405274,52.780086],[41.405336,52.780111],[41.405456,52.780163],[41.405579,52.780211],[41.405705,52.780254],[41.405833,52.780293],[41.405968,52.780332],[41.406102,52.78037],[41.406236,52.780408],[41.407767,52.780844]]}},{"type":"Feature","properties":{"highway":"tertiary","length":103.77199061456298},"geometry":{"type":"LineString","coordinates":[[41.462931,52.733457],[41.462823,52.733842],[41.462793,52.733916],[41.462748,52.733995],[41.462515,52.73435]]}},{"type":"Feature","properties":{"highway":"residential","length":20.08407327771657},"geometry":{"type":"LineString","coordinates":[[41.382243,52.722962],[41.382199,52.722811],[41.382205,52.722784]]}},{"type":"Feature","properties":{"highway":"residential","length":485.63404342265477},"geometry":{"type":"LineString","coordinates":[[41.41353,52.743112],[41.413389,52.74311],[41.413367,52.743124],[41.413185,52.743133],[41.412965,52.743141],[41.412621,52.743157],[41.41242,52.743166],[41.412122,52.74318],[41.412017,52.743184],[41.411687,52.743188],[41.411374,52.743192],[41.410746,52.743189],[41.410649,52.743188],[41.409905,52.743179],[41.409836,52.743178],[41.409001,52.743162],[41.408318,52.743147],[41.408148,52.743149],[41.407637,52.743142],[41.406917,52.743133],[41.406912,52.743133]]}},{"type":"Feature","properties":{"highway":"residential","length":406.0513035638797},"geometry":{"type":"LineString","coordinates":[[41.380132,52.778097],[41.379987,52.778206],[41.378774,52.779155],[41.376505,52.780922],[41.376437,52.780977]]}},{"type":"Feature","properties":{"highway":"residential","length":25.12419010235694},"geometry":{"type":"LineString","coordinates":[[41.430523,52.725438],[41.43058,52.725356],[41.430664,52.725229]]}},{"type":"Feature","properties":{"highway":"primary","length":68.6167005720573},"geometry":{"type":"LineString","coordinates":[[41.464207,52.689858],[41.464272,52.690081],[41.464308,52.690309],[41.46433,52.69047]]}},{"type":"Feature","properties":{"highway":"residential","length":243.76788258963938},"geometry":{"type":"LineString","coordinates":[[41.400339,52.732497],[41.400399,52.732384],[41.400456,52.732211],[41.4005,52.732082],[41.400644,52.731283],[41.4008,52.730419],[41.400805,52.730328]]}},{"type":"Feature","properties":{"highway":"secondary","length":64.07254921963376},"geometry":{"type":"LineString","coordinates":[[41.402537,52.779389],[41.402504,52.779389],[41.402441,52.779382],[41.40238,52.779369],[41.402322,52.779351],[41.402291,52.779338],[41.402225,52.779301],[41.402186,52.77927],[41.402156,52.779235],[41.402134,52.779199],[41.402122,52.77916],[41.402119,52.779121],[41.402126,52.779082],[41.402142,52.779045],[41.402167,52.779009],[41.402211,52.778968]]}},{"type":"Feature","properties":{"highway":"residential","length":370.79126146183967},"geometry":{"type":"LineString","coordinates":[[41.469909,52.7234],[41.470928,52.723193],[41.471052,52.723137],[41.471109,52.723101],[41.47115,52.723059],[41.47117,52.722994],[41.471205,52.722632],[41.47122,52.722567],[41.471258,52.722505],[41.471317,52.722454],[41.47141,52.722393],[41.472101,52.721983],[41.472149,52.721954],[41.472749,52.721597],[41.472871,52.721517],[41.473075,52.721369],[41.473151,52.721305],[41.473238,52.721231],[41.473385,52.721085]]}},{"type":"Feature","properties":{"highway":"residential","length":223.46828311745682},"geometry":{"type":"LineString","coordinates":[[41.42861,52.738978],[41.426136,52.740142],[41.425996,52.74021]]}},{"type":"Feature","properties":{"highway":"residential","length":71.15203889521038},"geometry":{"type":"LineString","coordinates":[[41.412972,52.764689],[41.413041,52.764721],[41.413682,52.765014],[41.413802,52.765082]]}},{"type":"Feature","properties":{"highway":"secondary","length":114.706587214051},"geometry":{"type":"LineString","coordinates":[[41.429317,52.718794],[41.429351,52.718809],[41.429401,52.718849],[41.429415,52.718849],[41.429442,52.718855],[41.42949,52.718859],[41.4295,52.718861],[41.429528,52.718864],[41.429565,52.718868],[41.429573,52.718868],[41.431291,52.719038],[41.431508,52.71906],[41.431552,52.719067],[41.431582,52.719067],[41.432892,52.719201],[41.432922,52.719201],[41.432967,52.719208],[41.432996,52.719209],[41.433041,52.719216],[41.43307,52.719216],[41.433115,52.719223],[41.43314,52.719224],[41.435762,52.719499],[41.435781,52.719499],[41.437905,52.719717],[41.437907,52.719717],[41.437967,52.719724],[41.437969,52.719724],[41.438027,52.71973],[41.438029,52.71973],[41.439602,52.719895],[41.439634,52.719901],[41.440903,52.720035],[41.440939,52.720036],[41.440977,52.720043],[41.441904,52.720136],[41.441918,52.720139],[41.441979,52.720144],[41.442413,52.72019],[41.442425,52.720192],[41.442467,52.720195],[41.4425,52.720201],[41.44253,52.720201],[41.442575,52.720208],[41.442597,52.720208],[41.44265,52.720216],[41.442664,52.720216],[41.442726,52.720223],[41.442731,52.720223],[41.442737,52.720224],[41.442789,52.720229],[41.442799,52.72023],[41.442802,52.72023],[41.445329,52.720491],[41.445333,52.720492],[41.445338,52.720493],[41.445343,52.720493],[41.44539,52.720498],[41.445394,52.720499],[41.445399,52.720499],[41.445402,52.7205],[41.445469,52.720507],[41.445471,52.720507],[41.447828,52.720754],[41.447829,52.720754],[41.44789,52.720761],[41.447891,52.720761],[41.447894,52.720761],[41.447895,52.720761],[41.447947,52.720767],[41.447948,52.720767],[41.447998,52.720773],[41.447999,52.720773],[41.449213,52.7209],[41.449223,52.720903],[41.449286,52.720908],[41.449292,52.72091],[41.451351,52.721125],[41.451352,52.721125],[41.451709,52.7212],[41.451744,52.721213],[41.451744,52.721213],[41.451744,52.721213],[41.451745,52.721213],[41.451746,52.721213],[41.45175,52.721213]]}},{"type":"Feature","properties":{"highway":"primary","length":193.945088972336},"geometry":{"type":"LineString","coordinates":[[41.457557,52.719774],[41.457552,52.71979],[41.457552,52.719791],[41.457541,52.719822],[41.457541,52.719825],[41.457531,52.719854],[41.457531,52.71986],[41.457524,52.719877],[41.45659,52.721388],[41.456584,52.7214],[41.456582,52.721403],[41.456569,52.721431],[41.456566,52.721436],[41.456564,52.721438],[41.456554,52.721463],[41.456551,52.721471],[41.456551,52.72148],[41.456538,52.721515],[41.456538,52.721522],[41.456525,52.72156],[41.456525,52.721563],[41.456439,52.721849],[41.456437,52.721852],[41.456429,52.72188],[41.456428,52.721882],[41.456419,52.721913],[41.456419,52.721914],[41.45641,52.721945],[41.456409,52.721946],[41.456341,52.722198],[41.45634,52.722198],[41.456329,52.722243],[41.456328,52.722243],[41.456005,52.723468],[41.456005,52.723469],[41.455994,52.723509],[41.455994,52.72351],[41.455984,52.723546],[41.455984,52.723547],[41.455984,52.723548],[41.455975,52.72358],[41.455975,52.723581],[41.455975,52.723583],[41.455966,52.723616],[41.455966,52.723619],[41.455658,52.724735],[41.455658,52.724742],[41.455522,52.725242],[41.455511,52.725267],[41.45551,52.725287],[41.45524,52.726264],[41.455239,52.726264],[41.455228,52.726308],[41.455227,52.726309],[41.455226,52.726314],[41.455226,52.726314],[41.455217,52.726346],[41.455217,52.726347],[41.455215,52.726352],[41.455216,52.726352],[41.455203,52.726394],[41.455203,52.726398],[41.455191,52.726436],[41.455191,52.726443],[41.454889,52.727517],[41.454889,52.727529],[41.454879,52.727554],[41.454876,52.727574],[41.454872,52.727581],[41.454871,52.727583],[41.454789,52.72787],[41.454788,52.727881],[41.454776,52.727913],[41.454776,52.727925],[41.454607,52.728488],[41.454607,52.72849],[41.454606,52.728495],[41.454597,52.728524],[41.454595,52.72853],[41.454595,52.728534],[41.454406,52.729222],[41.454246,52.729755],[41.454246,52.729756],[41.454246,52.729756],[41.454237,52.729787],[41.454235,52.729794],[41.454235,52.729796],[41.454028,52.730593],[41.45402,52.730621],[41.45402,52.730626],[41.453918,52.731024],[41.453918,52.731035],[41.453906,52.731067],[41.453748,52.731631],[41.453743,52.731661],[41.453735,52.731674],[41.45369,52.731836],[41.45369,52.731838],[41.453687,52.731843],[41.453565,52.732279],[41.453565,52.732279],[41.453555,52.732311],[41.453554,52.732312],[41.453543,52.73235],[41.453543,52.73235],[41.45353,52.732393],[41.45353,52.732395],[41.453524,52.732415],[41.453517,52.732437],[41.453517,52.73244],[41.453257,52.733342],[41.453258,52.733344],[41.453244,52.733387],[41.453245,52.733389],[41.453231,52.733432],[41.453232,52.733434],[41.453219,52.733477],[41.453219,52.733479],[41.453085,52.733944],[41.453085,52.733946],[41.453074,52.733984],[41.453074,52.733985],[41.452819,52.734872],[41.452425,52.736266],[41.452423,52.736286],[41.452422,52.736293],[41.452213,52.737012],[41.452208,52.73702],[41.452018,52.737672],[41.452018,52.737674],[41.452007,52.737712],[41.452007,52.737713],[41.451909,52.73806],[41.451898,52.738086],[41.451556,52.739248],[41.451556,52.739254],[41.451554,52.739269],[41.451547,52.739284],[41.451476,52.739519],[41.451475,52.73954],[41.451463,52.739565],[41.451461,52.739586],[41.451138,52.740709],[41.451138,52.74071],[41.451138,52.740711],[41.451121,52.740759],[41.450633,52.74258]]}},{"type":"Feature","properties":{"highway":"primary","length":187.336834649989},"geometry":{"type":"LineString","coordinates":[[41.378486,52.77896],[41.379775,52.777949],[41.379791,52.777937],[41.38243,52.775888],[41.382448,52.775878],[41.38273,52.775658],[41.382753,52.775636],[41.383582,52.775016],[41.383592,52.775005],[41.383901,52.774769],[41.383912,52.774762],[41.383942,52.774736],[41.383959,52.774727],[41.38423,52.774516],[41.384232,52.774513],[41.384276,52.774482],[41.38428,52.774477],[41.384896,52.774009],[41.384915,52.773998],[41.384943,52.773973],[41.38496,52.773963],[41.385567,52.7735],[41.385595,52.773475],[41.385614,52.773464],[41.387113,52.772319],[41.387141,52.772295],[41.387157,52.772285],[41.387597,52.771939],[41.387617,52.771926],[41.387642,52.771904],[41.388298,52.771415],[41.388301,52.771413],[41.388345,52.77138],[41.388348,52.771379],[41.388353,52.771375],[41.388388,52.771348],[41.38839,52.771347],[41.38839,52.771347],[41.388429,52.771317],[41.38843,52.771317],[41.389177,52.770751],[41.389182,52.770745],[41.390078,52.770067],[41.39009,52.770055],[41.390125,52.770031],[41.390138,52.770019],[41.390998,52.769365],[41.391018,52.769354],[41.391967,52.768633],[41.391969,52.768632],[41.391971,52.76863],[41.391972,52.768629],[41.392003,52.768607],[41.392004,52.768606],[41.392009,52.768601],[41.39201,52.7686],[41.393644,52.767329],[41.393969,52.767075],[41.394272,52.76686],[41.394735,52.766565],[41.395477,52.766039]]}},{"type":"Feature","properties":{"highway":"primary","length":129.250517275231},"geometry":{"type":"LineString","coordinates":[[41.429324,52.723596],[41.429324,52.723596],[41.429324,52.723596]]}},{"type":"Feature","properties":{"highway":"primary","length":129.250517275231},"geometry":{"type":"LineString","coordinates":[[41.423556,52.719397],[41.423561,52.719416],[41.423562,52.719444],[41.423562,52.719444],[41.423562,52.719444],[41.423562,52.719444],[41.423562,52.719444],[41.423562,52.719444],[41.423575,52.719417],[41.42358,52.719398]]}},{"type":"Feature","properties":{"highway":"secondary","length":114.706587214051},"geometry":null},{"type":"Feature","properties":{"highway":"secondary","length":114.706587214051},"geometry":null},{"type":"Feature","properties":{"highway":"primary","length":193.945088972336},"geometry":null},{"type":"Feature","properties":{"highway":"primary","length":193.945088972336},"geometry":null},{"type":"Feature","properties":{"highway":"primary","length":187.336834649989},"geometry":{"type":"LineString","coordinates":[[41.378483,52.779023],[41.378483,52.779023]]}},{"type":"Feature","properties":{"highway":"primary","length":187.336834649989},"geometry":null},{"type":"Feature","properties":{"highway":"primary","length":129.250517275231},"geometry":{"type":"LineString","coordinates":[[41.42356,52.719381],[41.423556,52.719397]]}},{"type":"Feature","properties":{"highway":"primary","length":129.250517275231},"geometry":{"type":"LineString","coordinates":[[41.423576,52.719383],[41.42358,52.719398]]}}]}