{"type":"FeatureCollection","name":"water_site","xy_coordinate_resolution":0.000001,"features":[{"type":"Feature","properties":{"full_id":"r5682497","osm_id":"5682497","osm_type":"relation","natural":"water","wetland":null,"height":null,"drinking_water":null,"man_made":null,"intermittent":null,"hazard":null,"basin":null,"amenity":null,"description":null,"alt_name":null,"name:ru":null,"water":null,"name":null,"type":"multipolygon"},"geometry":{"type":"Polygon","coordinates":[[[41.458714,52.690034],[41.458635,52.689973],[41.458552,52.689993],[41.458453,52.689993],[41.458366,52.689978],[41.458244,52.689953],[41.458109,52.689944],[41.45805,52.689941],[41.457985,52.689951],[41.457876,52.689984],[41.457811,52.689922],[41.457713,52.689833],[41.457544,52.689704],[41.457468,52.68965],[41.45736,52.689577],[41.45712,52.689476],[41.457006,52.689466],[41.456881,52.689391],[41.456842,52.689316],[41.456705,52.689232],[41.456537,52.689128],[41.456474,52.689102],[41.45637,52.68902],[41.456227,52.688986],[41.456102,52.688877],[41.456034,52.68881],[41.455954,52.688751],[41.455889,52.68872],[41.455844,52.688707],[41.455817,52.688693],[41.455785,52.688685],[41.455763,52.688673],[41.455706,52.688642],[41.455699,52.688638],[41.4556,52.688586],[41.455085,52.688051],[41.455042,52.6878],[41.45516,52.687602],[41.455075,52.686997],[41.454944,52.686928],[41.454859,52.686883],[41.452411,52.685885],[41.451486,52.685093],[41.450969,52.684104],[41.450861,52.683643],[41.450705,52.683311],[41.450741,52.683289],[41.450786,52.683267],[41.450957,52.683632],[41.451071,52.684078],[41.451645,52.685061],[41.45256,52.685848],[41.454922,52.686807],[41.455278,52.686949],[41.455481,52.687145],[41.455621,52.687916],[41.456546,52.688355],[41.456905,52.688521],[41.457447,52.688752],[41.458273,52.68906],[41.459282,52.689726],[41.459574,52.689934],[41.459084,52.690083],[41.458983,52.690109],[41.458862,52.690145],[41.458714,52.690034]]]}},{"type":"Feature","properties":{"full_id":"r7367889","osm_id":"7367889","osm_type":"relation","natural":"water","wetland":null,"height":null,"drinking_water":null,"man_made":null,"intermittent":null,"hazard":null,"basin":null,"amenity":null,"description":"озеро","alt_name":null,"name:ru":null,"water":null,"name":null,"type":"multipolygon"},"geometry":{"type":"Polygon","coordinates":[[[41.481211,52.738535],[41.481755,52.738612],[41.482558,52.739104],[41.48308,52.739211],[41.483359,52.739358],[41.483726,52.739435],[41.484555,52.739607],[41.48485,52.73997],[41.485561,52.740166],[41.486667,52.74016],[41.487088,52.740321],[41.487386,52.740314],[41.487642,52.740409],[41.488261,52.740325],[41.489077,52.740335],[41.490091,52.740347],[41.490659,52.740376],[41.491199,52.740472],[41.49204,52.740419],[41.492628,52.740476],[41.493538,52.740727],[41.493843,52.740947],[41.494183,52.741232],[41.494165,52.74143],[41.494026,52.741615],[41.493431,52.741874],[41.492811,52.741566],[41.492044,52.741045],[41.491127,52.740994],[41.489237,52.740865],[41.488719,52.740968],[41.487898,52.741006],[41.48744,52.740857],[41.4868,52.740802],[41.486116,52.740819],[41.485627,52.740738],[41.485146,52.740683],[41.483712,52.740131],[41.483172,52.739993],[41.48232,52.73958],[41.481019,52.738966],[41.481093,52.738665],[41.481211,52.738535]]]}},{"type":"Feature","properties":{"full_id":"r7810354","osm_id":"7810354","osm_type":"relation","natural":"water","wetland":null,"height":null,"drinking_water":null,"man_made":null,"intermittent":null,"hazard":null,"basin":null,"amenity":null,"description":null,"alt_name":null,"name:ru":null,"water":null,"name":null,"type":"multipolygon"},"geometry":{"type":"Polygon","coordinates":[[[41.423103,52.766198],[41.423361,52.765746],[41.42381,52.765405],[41.424625,52.765197],[41.4249,52.765184],[41.425508,52.765147],[41.425665,52.765145],[41.426324,52.765137],[41.426804,52.765238],[41.427312,52.765351],[41.427614,52.765422],[41.42789,52.765514],[41.428084,52.765582],[41.428358,52.765648],[41.428846,52.765826],[41.429206,52.765947],[41.429637,52.766049],[41.429737,52.766182],[41.429658,52.766345],[41.429729,52.766397],[41.429806,52.766621],[41.429735,52.7667],[41.429632,52.766695],[41.429624,52.766706],[41.429542,52.76671],[41.429519,52.766748],[41.429553,52.76676],[41.429559,52.766788],[41.429512,52.766789],[41.429441,52.766821],[41.429437,52.766845],[41.429268,52.766866],[41.429117,52.76691],[41.429018,52.766978],[41.42903,52.767038],[41.429066,52.767059],[41.429122,52.767076],[41.429167,52.767078],[41.429194,52.767135],[41.429129,52.767173],[41.428865,52.767381],[41.428782,52.767411],[41.428741,52.767455],[41.428678,52.767509],[41.42866,52.767575],[41.428666,52.767689],[41.428553,52.767784],[41.42836,52.76802],[41.428316,52.768056],[41.42828,52.768077],[41.428235,52.768125],[41.428213,52.768133],[41.428147,52.768158],[41.428043,52.768158],[41.42798,52.768172],[41.427899,52.768209],[41.427858,52.768242],[41.427829,52.768334],[41.427803,52.768403],[41.427793,52.768455],[41.427775,52.768484],[41.427677,52.768543],[41.427607,52.768612],[41.427481,52.768708],[41.427416,52.768757],[41.427169,52.768941],[41.42704,52.768998],[41.426805,52.768984],[41.426666,52.769003],[41.426568,52.769183],[41.426529,52.769289],[41.426511,52.769359],[41.426355,52.769486],[41.426295,52.769611],[41.426192,52.769751],[41.426108,52.769863],[41.426081,52.769906],[41.426037,52.769974],[41.425975,52.770063],[41.425909,52.770152],[41.425849,52.770257],[41.425786,52.770344],[41.425679,52.770544],[41.425661,52.770579],[41.425569,52.77069],[41.425468,52.770782],[41.425407,52.770828],[41.425376,52.770871],[41.425415,52.770919],[41.425074,52.771241],[41.424905,52.77184],[41.425077,52.772288],[41.425661,52.772463],[41.426166,52.772551],[41.426418,52.772609],[41.426589,52.772726],[41.426628,52.772813],[41.426535,52.772826],[41.42652,52.772845],[41.426431,52.772897],[41.42626,52.772905],[41.426085,52.772872],[41.425712,52.772807],[41.425433,52.772838],[41.425179,52.772854],[41.424913,52.772963],[41.424704,52.773033],[41.424728,52.773138],[41.424897,52.773198],[41.424945,52.773233],[41.424898,52.773277],[41.424841,52.773313],[41.424718,52.773479],[41.424548,52.773625],[41.42435,52.773724],[41.42424,52.773874],[41.424087,52.774172],[41.424106,52.774263],[41.423996,52.774363],[41.423872,52.774385],[41.423698,52.77435],[41.42354,52.774362],[41.423194,52.774331],[41.422759,52.774304],[41.422478,52.774372],[41.421922,52.774774],[41.421735,52.775368],[41.421284,52.775767],[41.422207,52.776053],[41.422652,52.77626],[41.422507,52.776708],[41.422319,52.776832],[41.421729,52.776796],[41.419857,52.776452],[41.416488,52.775585],[41.416191,52.775352],[41.417005,52.774549],[41.4173,52.774105],[41.417493,52.774041],[41.417507,52.773947],[41.417536,52.773878],[41.417663,52.773779],[41.41775,52.773766],[41.417903,52.77364],[41.418013,52.773606],[41.418056,52.773573],[41.418087,52.773479],[41.418225,52.773405],[41.418375,52.773389],[41.418452,52.773332],[41.41861,52.773262],[41.418631,52.773151],[41.418859,52.773114],[41.41913,52.772994],[41.419297,52.772902],[41.419408,52.772789],[41.4195,52.772693],[41.419586,52.772577],[41.419748,52.772451],[41.419832,52.772363],[41.419919,52.772263],[41.419974,52.772171],[41.420034,52.772102],[41.420066,52.77205],[41.420085,52.771958],[41.420068,52.771773],[41.420088,52.771645],[41.420053,52.771529],[41.420136,52.771401],[41.420162,52.771372],[41.420336,52.771171],[41.420525,52.770962],[41.420622,52.770761],[41.420848,52.770503],[41.420861,52.770489],[41.421122,52.770304],[41.421451,52.770064],[41.421633,52.769992],[41.421904,52.769883],[41.421982,52.769883],[41.422054,52.769857],[41.422071,52.769797],[41.422023,52.7697],[41.422076,52.769644],[41.422152,52.769573],[41.422167,52.769463],[41.422087,52.769349],[41.422161,52.769252],[41.422274,52.769181],[41.422479,52.769128],[41.42268,52.76917],[41.422745,52.769183],[41.422832,52.76919],[41.422912,52.769176],[41.42296,52.769157],[41.423009,52.769062],[41.423153,52.768998],[41.423284,52.768967],[41.42343,52.768928],[41.423697,52.768875],[41.423828,52.768834],[41.423893,52.768813],[41.423958,52.768824],[41.423987,52.768815],[41.424024,52.768803],[41.424049,52.768783],[41.424079,52.768758],[41.424086,52.768724],[41.424092,52.76869],[41.42406,52.768626],[41.423852,52.768397],[41.423457,52.768177],[41.423263,52.768096],[41.423217,52.768068],[41.423161,52.767982],[41.423036,52.767864],[41.422729,52.767737],[41.422677,52.767513],[41.422461,52.767341],[41.422449,52.767191],[41.422525,52.766765],[41.422767,52.766451],[41.423103,52.766198]]]}},{"type":"Feature","properties":{"full_id":"r8055062","osm_id":"8055062","osm_type":"relation","natural":"water","wetland":null,"height":null,"drinking_water":null,"man_made":null,"intermittent":null,"hazard":null,"basin":null,"amenity":null,"description":null,"alt_name":null,"name:ru":null,"water":null,"name":null,"type":"multipolygon"},"geometry":{"type":"Polygon","coordinates":[[[41.508551,52.713554],[41.508631,52.713396],[41.508607,52.713225],[41.508639,52.713066],[41.508695,52.712914],[41.508797,52.712789],[41.508908,52.712716],[41.509103,52.712649],[41.509371,52.712601],[41.509881,52.712536],[41.510018,52.712513],[41.510229,52.712455],[41.51031,52.71238],[41.510423,52.712217],[41.510637,52.712064],[41.510798,52.712009],[41.511217,52.711964],[41.51151,52.711944],[41.511776,52.711967],[41.512088,52.712035],[41.512136,52.712072],[41.512136,52.712152],[41.512066,52.712328],[41.511897,52.712489],[41.51158,52.712627],[41.511535,52.712659],[41.511368,52.712676],[41.511343,52.712659],[41.511232,52.712638],[41.511154,52.712619],[41.511047,52.712603],[41.510952,52.712613],[41.510742,52.712637],[41.510594,52.712641],[41.510525,52.712628],[41.510454,52.712618],[41.510264,52.712579],[41.510158,52.712571],[41.510073,52.712592],[41.510022,52.712631],[41.509852,52.712732],[41.509796,52.712764],[41.509759,52.712802],[41.509729,52.712807],[41.509703,52.712796],[41.509674,52.712799],[41.509519,52.712856],[41.509514,52.712961],[41.509525,52.713036],[41.509749,52.713047],[41.509892,52.713078],[41.510138,52.713124],[41.510584,52.713179],[41.510718,52.713237],[41.510846,52.713329],[41.510852,52.713494],[41.510855,52.713604],[41.510629,52.713767],[41.510195,52.713907],[41.509741,52.713991],[41.50931,52.714006],[41.50902,52.713993],[41.508903,52.713965],[41.508753,52.713852],[41.508564,52.713662],[41.50853,52.7136],[41.508551,52.713554]]]}},{"type":"Feature","properties":{"full_id":"r8086612","osm_id":"8086612","osm_type":"relation","natural":"water","wetland":null,"height":null,"drinking_water":null,"man_made":null,"intermittent":null,"hazard":null,"basin":null,"amenity":null,"description":null,"alt_name":null,"name:ru":null,"water":null,"name":null,"type":"multipolygon"},"geometry":{"type":"Polygon","coordinates":[[[41.453054,52.685208],[41.453002,52.685203],[41.45297,52.685203],[41.452904,52.685202],[41.452878,52.685195],[41.452861,52.685181],[41.452854,52.685134],[41.45284,52.6851],[41.452835,52.685048],[41.452852,52.68503],[41.452882,52.685024],[41.452929,52.685022],[41.452958,52.685017],[41.453012,52.685017],[41.453056,52.685012],[41.453107,52.685023],[41.453147,52.685028],[41.453192,52.685035],[41.453214,52.685041],[41.453244,52.68505],[41.453271,52.68507],[41.453291,52.685101],[41.453295,52.685134],[41.453294,52.685168],[41.453276,52.685182],[41.453264,52.685191],[41.453247,52.685202],[41.453209,52.6852],[41.453156,52.685202],[41.453106,52.685205],[41.453054,52.685208]]]}},{"type":"Feature","properties":{"full_id":"r8086613","osm_id":"8086613","osm_type":"relation","natural":"water","wetland":null,"height":null,"drinking_water":null,"man_made":null,"intermittent":null,"hazard":null,"basin":null,"amenity":null,"description":null,"alt_name":null,"name:ru":null,"water":null,"name":null,"type":"multipolygon"},"geometry":{"type":"Polygon","coordinates":[[[41.453039,52.68547],[41.452895,52.685478],[41.45284,52.685469],[41.45282,52.685454],[41.452812,52.685386],[41.452813,52.685317],[41.452835,52.685305],[41.452877,52.685302],[41.453048,52.685295],[41.45317,52.685296],[41.453188,52.685298],[41.453217,52.685305],[41.453239,52.685316],[41.453248,52.685335],[41.453268,52.685384],[41.453267,52.685427],[41.453254,52.685447],[41.453225,52.685457],[41.453198,52.685458],[41.453151,52.685457],[41.453039,52.68547]]]}},{"type":"Feature","properties":{"full_id":"r8086820","osm_id":"8086820","osm_type":"relation","natural":"water","wetland":null,"height":null,"drinking_water":null,"man_made":null,"intermittent":null,"hazard":null,"basin":null,"amenity":null,"description":null,"alt_name":null,"name:ru":null,"water":null,"name":null,"type":"multipolygon"},"geometry":{"type":"Polygon","coordinates":[[[41.452604,52.687937],[41.452691,52.687925],[41.452811,52.687919],[41.45285,52.687926],[41.452873,52.687941],[41.452889,52.687979],[41.452938,52.688044],[41.452956,52.688057],[41.452969,52.688097],[41.45297,52.688123],[41.452952,52.688152],[41.452954,52.688186],[41.452936,52.688214],[41.452886,52.68823],[41.452837,52.68824],[41.45276,52.688252],[41.452633,52.688265],[41.452604,52.688251],[41.452583,52.688234],[41.452544,52.688186],[41.452532,52.688163],[41.452529,52.688139],[41.452525,52.688058],[41.452516,52.688025],[41.452515,52.687989],[41.45252,52.687973],[41.452542,52.687953],[41.452604,52.687937]]]}},{"type":"Feature","properties":{"full_id":"r8090105","osm_id":"8090105","osm_type":"relation","natural":"water","wetland":null,"height":null,"drinking_water":null,"man_made":null,"intermittent":null,"hazard":null,"basin":null,"amenity":null,"description":null,"alt_name":null,"name:ru":null,"water":null,"name":null,"type":"multipolygon"},"geometry":{"type":"Polygon","coordinates":[[[41.471605,52.723159],[41.471656,52.723142],[41.471793,52.723096],[41.471922,52.723037],[41.472126,52.722978],[41.472254,52.722934],[41.472433,52.722916],[41.472598,52.722835],[41.472755,52.722832],[41.472976,52.722816],[41.473297,52.722815],[41.473533,52.722784],[41.47392,52.722718],[41.474316,52.722593],[41.474563,52.722493],[41.474781,52.722469],[41.475052,52.722457],[41.475329,52.722443],[41.475568,52.722413],[41.475836,52.722399],[41.47609,52.722389],[41.476346,52.722445],[41.476452,52.722524],[41.476456,52.722614],[41.47633,52.722682],[41.476196,52.722713],[41.47583,52.722679],[41.47558,52.722654],[41.475398,52.722645],[41.475253,52.722618],[41.474949,52.72265],[41.474687,52.722731],[41.474425,52.722805],[41.474118,52.722908],[41.473849,52.722958],[41.473675,52.723004],[41.473453,52.723047],[41.473262,52.723037],[41.473019,52.722992],[41.472821,52.722983],[41.472583,52.722999],[41.472491,52.72301],[41.47229,52.723076],[41.472171,52.723124],[41.471919,52.7232],[41.471706,52.723266],[41.471654,52.723274],[41.471248,52.72334],[41.47112,52.72332],[41.471605,52.723159]]]}},{"type":"Feature","properties":{"full_id":"r8130218","osm_id":"8130218","osm_type":"relation","natural":"water","wetland":null,"height":null,"drinking_water":null,"man_made":null,"intermittent":null,"hazard":null,"basin":null,"amenity":null,"description":null,"alt_name":null,"name:ru":null,"water":"pond","name":null,"type":"multipolygon"},"geometry":{"type":"Polygon","coordinates":[[[41.48109,52.712888],[41.48128,52.71273],[41.481566,52.712601],[41.481831,52.712482],[41.481945,52.712411],[41.482031,52.712339],[41.482203,52.712202],[41.483143,52.711291],[41.483562,52.711031],[41.483737,52.710823],[41.484324,52.709244],[41.484209,52.70916],[41.484054,52.70911],[41.483731,52.709032],[41.483497,52.709053],[41.483178,52.70905],[41.483113,52.709038],[41.483082,52.708997],[41.482959,52.708955],[41.482874,52.708951],[41.482795,52.708975],[41.482657,52.709117],[41.482675,52.709191],[41.482381,52.709193],[41.482088,52.709202],[41.481896,52.709277],[41.481772,52.709371],[41.48165,52.709443],[41.481518,52.709502],[41.48143,52.709585],[41.481266,52.709588],[41.481104,52.709541],[41.480902,52.709465],[41.480864,52.709401],[41.480759,52.709297],[41.480712,52.70919],[41.48079,52.709123],[41.480931,52.709164],[41.481,52.709248],[41.481081,52.709339],[41.481191,52.709398],[41.481287,52.709408],[41.481391,52.70937],[41.481512,52.709297],[41.481516,52.709223],[41.481396,52.709229],[41.481267,52.709253],[41.481213,52.709201],[41.481369,52.709161],[41.481462,52.709158],[41.48159,52.709203],[41.481745,52.709217],[41.481924,52.709153],[41.482129,52.709086],[41.482317,52.709057],[41.482542,52.709034],[41.482739,52.70895],[41.48274,52.708881],[41.482713,52.708795],[41.482761,52.70872],[41.482847,52.708664],[41.482964,52.708621],[41.483071,52.708612],[41.483177,52.708621],[41.483257,52.708634],[41.483325,52.70866],[41.483523,52.708843],[41.483561,52.708915],[41.483604,52.70895],[41.483672,52.708978],[41.484052,52.70903],[41.484273,52.708917],[41.484402,52.708761],[41.484496,52.708624],[41.484594,52.708645],[41.484432,52.709263],[41.484007,52.71053],[41.483978,52.710722],[41.483983,52.710803],[41.484042,52.710875],[41.484627,52.711074],[41.484512,52.711224],[41.483801,52.711261],[41.483251,52.711407],[41.482202,52.712333],[41.482166,52.71241],[41.482133,52.712468],[41.481771,52.712736],[41.481461,52.712992],[41.481313,52.713166],[41.481084,52.713324],[41.481026,52.713304],[41.480851,52.713239],[41.480848,52.713184],[41.480872,52.713118],[41.48109,52.712888]]]}},{"type":"Feature","properties":{"full_id":"r8168516","osm_id":"8168516","osm_type":"relation","natural":"water","wetland":null,"height":null,"drinking_water":null,"man_made":null,"intermittent":null,"hazard":null,"basin":null,"amenity":null,"description":null,"alt_name":null,"name:ru":null,"water":"pond","name":null,"type":"multipolygon"},"geometry":{"type":"Polygon","coordinates":[[[41.450981,52.686122],[41.451017,52.68613],[41.451031,52.686169],[41.45104,52.686215],[41.45104,52.686223],[41.451037,52.686241],[41.451049,52.686297],[41.451047,52.686314],[41.451039,52.686322],[41.451042,52.686329],[41.451039,52.686334],[41.45103,52.68634],[41.451017,52.686343],[41.451003,52.686344],[41.450958,52.686346],[41.450933,52.686346],[41.450923,52.686345],[41.450917,52.686339],[41.450916,52.686331],[41.450902,52.686326],[41.450898,52.686318],[41.450886,52.686246],[41.450874,52.686238],[41.450864,52.686195],[41.450873,52.686146],[41.450925,52.686128],[41.450981,52.686122]]]}},{"type":"Feature","properties":{"full_id":"r8265904","osm_id":"8265904","osm_type":"relation","natural":"water","wetland":null,"height":null,"drinking_water":null,"man_made":null,"intermittent":null,"hazard":null,"basin":null,"amenity":null,"description":null,"alt_name":null,"name:ru":null,"water":null,"name":null,"type":"multipolygon"},"geometry":{"type":"Polygon","coordinates":[[[41.469451,52.678729],[41.467705,52.678432],[41.467818,52.67818],[41.469394,52.678422],[41.469584,52.678453],[41.469451,52.678729]]]}},{"type":"Feature","properties":{"full_id":"r8267490","osm_id":"8267490","osm_type":"relation","natural":"water","wetland":null,"height":null,"drinking_water":null,"man_made":null,"intermittent":null,"hazard":null,"basin":null,"amenity":null,"description":null,"alt_name":null,"name:ru":null,"water":null,"name":null,"type":"multipolygon"},"geometry":{"type":"Polygon","coordinates":[[[41.468912,52.685769],[41.469078,52.68541],[41.46973,52.685535],[41.469679,52.685626],[41.469467,52.685727],[41.469116,52.685789],[41.468912,52.685769]]]}},{"type":"Feature","properties":{"full_id":"r8339397","osm_id":"8339397","osm_type":"relation","natural":"water","wetland":null,"height":null,"drinking_water":null,"man_made":null,"intermittent":null,"hazard":null,"basin":null,"amenity":"fountain","description":null,"alt_name":null,"name:ru":null,"water":null,"name":null,"type":"multipolygon"},"geometry":{"type":"Polygon","coordinates":[[[41.477021,52.707275],[41.477067,52.707341],[41.476953,52.70737],[41.476907,52.707304],[41.477021,52.707275]]]}},{"type":"Feature","properties":{"full_id":"r8453799","osm_id":"8453799","osm_type":"relation","natural":"water","wetland":null,"height":null,"drinking_water":null,"man_made":null,"intermittent":null,"hazard":null,"basin":null,"amenity":null,"description":null,"alt_name":null,"name:ru":null,"water":null,"name":null,"type":"multipolygon"},"geometry":{"type":"Polygon","coordinates":[[[41.500522,52.752031],[41.500667,52.752027],[41.500864,52.752066],[41.500834,52.752307],[41.500688,52.752677],[41.500554,52.752807],[41.500586,52.752974],[41.500785,52.753138],[41.500632,52.753312],[41.500557,52.75354],[41.500675,52.753576],[41.500849,52.753662],[41.500903,52.753714],[41.500908,52.753769],[41.500841,52.753821],[41.500718,52.753834],[41.500366,52.753886],[41.500087,52.754021],[41.499876,52.754174],[41.499835,52.754328],[41.499743,52.754338],[41.499673,52.754337],[41.499633,52.754323],[41.499578,52.754284],[41.499559,52.75424],[41.499672,52.754071],[41.499798,52.753928],[41.500077,52.753675],[41.500281,52.75362],[41.500114,52.75356],[41.500012,52.753565],[41.500133,52.753475],[41.500299,52.753385],[41.500364,52.753253],[41.500299,52.753073],[41.500275,52.752888],[41.500399,52.752714],[41.50053,52.752571],[41.500517,52.752388],[41.500522,52.752268],[41.500534,52.75224],[41.500585,52.752217],[41.500602,52.752186],[41.500601,52.752139],[41.500577,52.752098],[41.500522,52.752031]]]}},{"type":"Feature","properties":{"full_id":"r8453805","osm_id":"8453805","osm_type":"relation","natural":"water","wetland":null,"height":null,"drinking_water":null,"man_made":null,"intermittent":null,"hazard":null,"basin":null,"amenity":null,"description":null,"alt_name":null,"name:ru":null,"water":null,"name":null,"type":"multipolygon"},"geometry":{"type":"Polygon","coordinates":[[[41.501297,52.749208],[41.501386,52.74918],[41.501758,52.749131],[41.501863,52.749136],[41.501997,52.749172],[41.502247,52.749309],[41.502331,52.749346],[41.502395,52.749359],[41.502442,52.74936],[41.502858,52.749332],[41.50303,52.749319],[41.503118,52.749277],[41.503263,52.749206],[41.503349,52.749217],[41.503405,52.749274],[41.503429,52.749389],[41.503408,52.749441],[41.503344,52.749496],[41.503223,52.749532],[41.503161,52.749538],[41.503109,52.749534],[41.503034,52.749513],[41.502965,52.749503],[41.502897,52.749512],[41.502822,52.749537],[41.50276,52.749646],[41.502737,52.749719],[41.502689,52.749859],[41.50263,52.750045],[41.502558,52.750082],[41.50248,52.750081],[41.502417,52.750059],[41.502389,52.750024],[41.502367,52.749922],[41.502292,52.749727],[41.50215,52.749589],[41.501981,52.749477],[41.501901,52.749444],[41.501772,52.749428],[41.501565,52.749452],[41.501437,52.749508],[41.501249,52.749617],[41.501101,52.749789],[41.501053,52.749878],[41.501072,52.750035],[41.501115,52.7501],[41.501143,52.750135],[41.50119,52.750151],[41.501281,52.750155],[41.501359,52.750128],[41.50143,52.750134],[41.501488,52.750167],[41.501525,52.750263],[41.501477,52.751005],[41.501547,52.751245],[41.501764,52.751569],[41.501846,52.751664],[41.501648,52.751688],[41.501434,52.751724],[41.501343,52.751626],[41.501171,52.751509],[41.501037,52.751212],[41.501014,52.751134],[41.501037,52.751035],[41.501061,52.750996],[41.500962,52.750704],[41.500954,52.750595],[41.50095,52.750571],[41.50094,52.750553],[41.500931,52.750544],[41.500911,52.750536],[41.500867,52.750533],[41.500844,52.750526],[41.50083,52.750518],[41.500787,52.750477],[41.500712,52.750256],[41.500688,52.750071],[41.500704,52.749819],[41.500715,52.749673],[41.500747,52.74959],[41.500822,52.749509],[41.501206,52.749237],[41.501297,52.749208]]]}},{"type":"Feature","properties":{"full_id":"r8453809","osm_id":"8453809","osm_type":"relation","natural":"water","wetland":null,"height":null,"drinking_water":null,"man_made":null,"intermittent":null,"hazard":null,"basin":null,"amenity":null,"description":null,"alt_name":null,"name:ru":null,"water":null,"name":null,"type":"multipolygon"},"geometry":{"type":"Polygon","coordinates":[[[41.500726,52.747829],[41.500731,52.747707],[41.500743,52.747655],[41.500908,52.747589],[41.501179,52.747579],[41.501396,52.747618],[41.501495,52.747702],[41.501557,52.74779],[41.501544,52.747865],[41.501589,52.747957],[41.501616,52.748003],[41.501611,52.748069],[41.501528,52.748215],[41.501447,52.748448],[41.501477,52.74866],[41.501426,52.748785],[41.501386,52.74918],[41.501297,52.749208],[41.501335,52.748998],[41.501364,52.74868],[41.501249,52.748269],[41.501235,52.748194],[41.501171,52.748126],[41.501042,52.748061],[41.500956,52.7479],[41.500879,52.747845],[41.500726,52.747829]]]}},{"type":"Feature","properties":{"full_id":"r8453810","osm_id":"8453810","osm_type":"relation","natural":"water","wetland":null,"height":null,"drinking_water":null,"man_made":null,"intermittent":null,"hazard":null,"basin":null,"amenity":null,"description":null,"alt_name":null,"name:ru":null,"water":null,"name":null,"type":"multipolygon"},"geometry":{"type":"Polygon","coordinates":[[[41.500743,52.747655],[41.500731,52.747707],[41.500726,52.747829],[41.500678,52.747947],[41.500549,52.748019],[41.500264,52.748035],[41.500055,52.748056],[41.499905,52.748035],[41.499814,52.747996],[41.499723,52.747934],[41.499677,52.747871],[41.499599,52.747767],[41.499639,52.747631],[41.49983,52.747468],[41.499838,52.747408],[41.499854,52.747356],[41.4999,52.747309],[41.500012,52.747301],[41.500128,52.747319],[41.500222,52.747374],[41.50034,52.747397],[41.50045,52.747473],[41.500605,52.747556],[41.500661,52.747574],[41.500743,52.747655]]]}},{"type":"Feature","properties":{"full_id":"r8592268","osm_id":"8592268","osm_type":"relation","natural":"water","wetland":null,"height":null,"drinking_water":null,"man_made":null,"intermittent":null,"hazard":null,"basin":null,"amenity":null,"description":null,"alt_name":null,"name:ru":null,"water":null,"name":null,"type":"multipolygon"},"geometry":{"type":"Polygon","coordinates":[[[41.451841,52.735477],[41.452096,52.735504],[41.452048,52.735675],[41.451792,52.735649],[41.451841,52.735477]]]}},{"type":"Feature","properties":{"full_id":"r8592269","osm_id":"8592269","osm_type":"relation","natural":"water","wetland":null,"height":null,"drinking_water":null,"man_made":null,"intermittent":null,"hazard":null,"basin":null,"amenity":null,"description":null,"alt_name":null,"name:ru":null,"water":null,"name":null,"type":"multipolygon"},"geometry":{"type":"Polygon","coordinates":[[[41.451824,52.735495],[41.451781,52.735647],[41.451538,52.735622],[41.451581,52.735469],[41.451824,52.735495]]]}},{"type":"Feature","properties":{"full_id":"r8592270","osm_id":"8592270","osm_type":"relation","natural":"water","wetland":null,"height":null,"drinking_water":null,"man_made":null,"intermittent":null,"hazard":null,"basin":null,"amenity":null,"description":null,"alt_name":null,"name:ru":null,"water":null,"name":null,"type":"multipolygon"},"geometry":{"type":"Polygon","coordinates":[[[41.451558,52.735486],[41.45152,52.73562],[41.45127,52.735594],[41.451308,52.73546],[41.451558,52.735486]]]}},{"type":"Feature","properties":{"full_id":"r8657685","osm_id":"8657685","osm_type":"relation","natural":"water","wetland":null,"height":null,"drinking_water":null,"man_made":"tailings_pond","intermittent":"yes","hazard":"contamination","basin":"waste_water","amenity":null,"description":null,"alt_name":null,"name:ru":null,"water":"basin","name":null,"type":"multipolygon"},"geometry":{"type":"Polygon","coordinates":[[[41.49199,52.752896],[41.491957,52.752746],[41.49188,52.752349],[41.491802,52.751829],[41.491619,52.751639],[41.492648,52.750544],[41.492754,52.750513],[41.492893,52.75053],[41.494374,52.751084],[41.495034,52.751363],[41.495184,52.75147],[41.495219,52.751521],[41.495232,52.751581],[41.493957,52.752974],[41.493441,52.75338],[41.493375,52.753404],[41.493307,52.753412],[41.493178,52.753402],[41.492995,52.753373],[41.492714,52.753284],[41.492499,52.753196],[41.492118,52.753032],[41.49199,52.752896]]]}},{"type":"Feature","properties":{"full_id":"r8776052","osm_id":"8776052","osm_type":"relation","natural":"water","wetland":null,"height":null,"drinking_water":null,"man_made":null,"intermittent":null,"hazard":null,"basin":null,"amenity":null,"description":null,"alt_name":null,"name:ru":null,"water":null,"name":null,"type":"multipolygon"},"geometry":{"type":"Polygon","coordinates":[[[41.498027,52.745291],[41.496955,52.74507],[41.495914,52.745288],[41.494954,52.745746],[41.494752,52.745803],[41.494514,52.745728],[41.494393,52.745557],[41.494495,52.74534],[41.494916,52.745143],[41.495149,52.744887],[41.495133,52.744723],[41.495289,52.744646],[41.495654,52.744705],[41.495914,52.744698],[41.496552,52.74459],[41.497078,52.7447],[41.497926,52.744781],[41.498001,52.744918],[41.498097,52.745054],[41.498124,52.745244],[41.498027,52.745291]]]}},{"type":"Feature","properties":{"full_id":"r8787203","osm_id":"8787203","osm_type":"relation","natural":"water","wetland":null,"height":null,"drinking_water":null,"man_made":null,"intermittent":null,"hazard":null,"basin":null,"amenity":null,"description":null,"alt_name":null,"name:ru":null,"water":null,"name":null,"type":"multipolygon"},"geometry":{"type":"Polygon","coordinates":[[[41.494157,52.725953],[41.494176,52.725996],[41.494174,52.726014],[41.49416,52.726033],[41.494074,52.726065],[41.494003,52.726078],[41.493958,52.726066],[41.49391,52.726023],[41.493771,52.725853],[41.493594,52.725715],[41.49357,52.725685],[41.493556,52.725646],[41.493566,52.725621],[41.49358,52.725593],[41.493763,52.72548],[41.493983,52.725367],[41.494248,52.725253],[41.494498,52.725159],[41.494593,52.725153],[41.494659,52.725164],[41.494684,52.725196],[41.494671,52.725266],[41.494404,52.725394],[41.494061,52.725586],[41.494015,52.725634],[41.494003,52.725672],[41.494007,52.725708],[41.494036,52.725758],[41.494157,52.725953]]]}},{"type":"Feature","properties":{"full_id":"r9934941","osm_id":"9934941","osm_type":"relation","natural":"water","wetland":null,"height":null,"drinking_water":"no","man_made":null,"intermittent":null,"hazard":null,"basin":null,"amenity":"fountain","description":null,"alt_name":null,"name:ru":null,"water":null,"name":null,"type":"multipolygon"},"geometry":{"type":"Polygon","coordinates":[[[41.452382,52.725856],[41.452214,52.725839],[41.452227,52.725822],[41.452248,52.725808],[41.452275,52.725801],[41.452306,52.725799],[41.452337,52.725805],[41.452363,52.725818],[41.452379,52.725836],[41.452382,52.725856]]]}},{"type":"Feature","properties":{"full_id":"r9934942","osm_id":"9934942","osm_type":"relation","natural":"water","wetland":null,"height":null,"drinking_water":"no","man_made":null,"intermittent":null,"hazard":null,"basin":null,"amenity":"fountain","description":null,"alt_name":null,"name:ru":null,"water":null,"name":null,"type":"multipolygon"},"geometry":{"type":"Polygon","coordinates":[[[41.453279,52.725947],[41.453292,52.725899],[41.453512,52.725921],[41.453498,52.72597],[41.453279,52.725947]]]}},{"type":"Feature","properties":{"full_id":"r9934943","osm_id":"9934943","osm_type":"relation","natural":"water","wetland":null,"height":null,"drinking_water":"no","man_made":null,"intermittent":null,"hazard":null,"basin":null,"amenity":"fountain","description":null,"alt_name":null,"name:ru":null,"water":null,"name":null,"type":"multipolygon"},"geometry":{"type":"Polygon","coordinates":[[[41.454398,52.726062],[41.454411,52.726045],[41.454433,52.726032],[41.45446,52.726024],[41.45449,52.726023],[41.454522,52.726029],[41.454548,52.726041],[41.454564,52.726059],[41.454566,52.726078],[41.454517,52.726074],[41.454456,52.726067],[41.454398,52.726062]]]}},{"type":"Feature","properties":{"full_id":"r15879960","osm_id":"15879960","osm_type":"relation","natural":"water","wetland":null,"height":null,"drinking_water":null,"man_made":null,"intermittent":null,"hazard":null,"basin":null,"amenity":null,"description":null,"alt_name":null,"name:ru":null,"water":null,"name":null,"type":"multipolygon"},"geometry":{"type":"Polygon","coordinates":[[[41.496406,52.756436],[41.496499,52.756302],[41.496614,52.756068],[41.496314,52.755974],[41.496363,52.755825],[41.496643,52.755814],[41.496819,52.755959],[41.496852,52.75617],[41.496974,52.756267],[41.496926,52.756329],[41.49673,52.756529],[41.496457,52.756679],[41.496384,52.756595],[41.496406,52.756436]]]}},{"type":"Feature","properties":{"full_id":"r15879961","osm_id":"15879961","osm_type":"relation","natural":"water","wetland":null,"height":null,"drinking_water":null,"man_made":null,"intermittent":null,"hazard":null,"basin":null,"amenity":null,"description":null,"alt_name":null,"name:ru":null,"water":null,"name":null,"type":"multipolygon"},"geometry":{"type":"Polygon","coordinates":[[[41.497629,52.756284],[41.497887,52.755946],[41.497813,52.755792],[41.497694,52.755782],[41.497341,52.755844],[41.496815,52.755521],[41.496799,52.755317],[41.497095,52.755494],[41.497399,52.755417],[41.497473,52.755322],[41.497238,52.755121],[41.497916,52.754882],[41.498024,52.754863],[41.497977,52.754994],[41.498097,52.755183],[41.498498,52.755381],[41.498427,52.755457],[41.498419,52.755586],[41.498395,52.755813],[41.498134,52.756106],[41.497629,52.756284]]]}},{"type":"Feature","properties":{"full_id":"r15880003","osm_id":"15880003","osm_type":"relation","natural":"water","wetland":null,"height":null,"drinking_water":null,"man_made":"tailings_pond","intermittent":"yes","hazard":"contamination","basin":null,"amenity":null,"description":null,"alt_name":null,"name:ru":null,"water":"basin","name":null,"type":"multipolygon"},"geometry":{"type":"Polygon","coordinates":[[[41.496481,52.753803],[41.49624,52.753899],[41.495938,52.753897],[41.495642,52.754012],[41.495317,52.753853],[41.495092,52.75383],[41.494873,52.753639],[41.494658,52.753565],[41.494308,52.753576],[41.494132,52.753584],[41.493965,52.753531],[41.493735,52.753345],[41.494017,52.753094],[41.4942,52.753052],[41.494717,52.753146],[41.496481,52.753803]]]}},{"type":"Feature","properties":{"full_id":"r18296108","osm_id":"18296108","osm_type":"relation","natural":"water","wetland":null,"height":null,"drinking_water":null,"man_made":"oxidation_ditch","intermittent":null,"hazard":null,"basin":null,"amenity":null,"description":null,"alt_name":null,"name:ru":null,"water":"wastewater","name":null,"type":"multipolygon"},"geometry":{"type":"Polygon","coordinates":[[[41.483417,52.730751],[41.484279,52.730944],[41.484016,52.731375],[41.483155,52.731182],[41.483417,52.730751]]]}},{"type":"Feature","properties":{"full_id":"w53269968","osm_id":"53269968","osm_type":"way","natural":"water","wetland":null,"height":null,"drinking_water":null,"man_made":null,"intermittent":null,"hazard":null,"basin":null,"amenity":null,"description":null,"alt_name":null,"name:ru":null,"water":null,"name":null,"type":null},"geometry":{"type":"Polygon","coordinates":[[[41.471957,52.742517],[41.471884,52.742401],[41.471797,52.742292],[41.471913,52.742226],[41.472168,52.742226],[41.472568,52.742161],[41.472954,52.742037],[41.473107,52.742037],[41.473209,52.742139],[41.473296,52.742292],[41.473202,52.742386],[41.47275,52.742503],[41.472328,52.742554],[41.471957,52.742517]]]}},{"type":"Feature","properties":{"full_id":"w59252036","osm_id":"59252036","osm_type":"way","natural":"water","wetland":null,"height":null,"drinking_water":null,"man_made":null,"intermittent":null,"hazard":null,"basin":null,"amenity":"fountain","description":null,"alt_name":null,"name:ru":null,"water":null,"name":null,"type":null},"geometry":{"type":"Polygon","coordinates":[[[41.428289,52.718697],[41.428291,52.71871],[41.428307,52.718694],[41.428334,52.718678],[41.428377,52.718664],[41.428431,52.71866],[41.428479,52.718667],[41.428523,52.718684],[41.428549,52.718705],[41.428563,52.718726],[41.428565,52.71874],[41.428584,52.718721],[41.428629,52.718703],[41.428692,52.718701],[41.428746,52.718717],[41.428779,52.718746],[41.428786,52.718781],[41.428758,52.718819],[41.428714,52.718838],[41.428644,52.718842],[41.428585,52.718824],[41.428553,52.718791],[41.428553,52.718785],[41.428539,52.718802],[41.428515,52.718817],[41.428461,52.718834],[41.428389,52.718835],[41.428335,52.71882],[41.428293,52.71879],[41.428281,52.718773],[41.428278,52.718756],[41.428268,52.71877],[41.428223,52.718789],[41.428153,52.718793],[41.428095,52.718775],[41.428063,52.718742],[41.428063,52.718704],[41.428093,52.718672],[41.428139,52.718655],[41.428202,52.718652],[41.428256,52.718668],[41.428289,52.718697]]]}},{"type":"Feature","properties":{"full_id":"w84842074","osm_id":"84842074","osm_type":"way","natural":"water","wetland":null,"height":null,"drinking_water":null,"man_made":null,"intermittent":null,"hazard":null,"basin":null,"amenity":null,"description":null,"alt_name":null,"name:ru":null,"water":null,"name":null,"type":null},"geometry":{"type":"Polygon","coordinates":[[[41.480577,52.726929],[41.480278,52.726818],[41.480299,52.726722],[41.480266,52.726656],[41.480115,52.726601],[41.479534,52.726359],[41.480177,52.726475],[41.480349,52.726489],[41.48054,52.726601],[41.480694,52.726679],[41.480717,52.726773],[41.480663,52.726892],[41.480577,52.726929]]]}},{"type":"Feature","properties":{"full_id":"w93980774","osm_id":"93980774","osm_type":"way","natural":"water","wetland":null,"height":null,"drinking_water":null,"man_made":null,"intermittent":null,"hazard":null,"basin":null,"amenity":null,"description":null,"alt_name":null,"name:ru":"Ласковский карьер","water":"reservoir","name":"Ласковский карьер","type":null},"geometry":{"type":"Polygon","coordinates":[[[41.406504,52.746474],[41.406496,52.746437],[41.406517,52.746419],[41.406544,52.746409],[41.406564,52.746391],[41.406574,52.746326],[41.406561,52.746258],[41.406552,52.74617],[41.406549,52.74614],[41.406626,52.746077],[41.406608,52.745984],[41.406635,52.745894],[41.406587,52.745841],[41.40663,52.745785],[41.406624,52.745703],[41.406714,52.745488],[41.406695,52.745428],[41.406707,52.745411],[41.406795,52.745281],[41.406929,52.745042],[41.407067,52.74479],[41.407238,52.74469],[41.407297,52.744597],[41.40739,52.744467],[41.40748,52.744376],[41.407535,52.74429],[41.407693,52.744098],[41.407862,52.743939],[41.408009,52.74387],[41.408158,52.743859],[41.408661,52.743862],[41.408828,52.74385],[41.409022,52.743836],[41.409237,52.743836],[41.409401,52.743861],[41.409546,52.743891],[41.409678,52.743938],[41.409797,52.743982],[41.409928,52.744043],[41.410056,52.744112],[41.410211,52.74422],[41.410251,52.74425],[41.410284,52.744286],[41.410308,52.744351],[41.410317,52.744473],[41.410359,52.744537],[41.410385,52.744606],[41.410438,52.744744],[41.410471,52.744971],[41.41044,52.74514],[41.410342,52.745292],[41.41022,52.745433],[41.410191,52.745492],[41.410135,52.745616],[41.410114,52.745918],[41.409911,52.746103],[41.409873,52.74624],[41.409807,52.746384],[41.409688,52.746503],[41.409527,52.74661],[41.409327,52.746626],[41.40914,52.746657],[41.409028,52.746742],[41.409022,52.746791],[41.40897,52.746798],[41.408922,52.746812],[41.408875,52.746842],[41.408887,52.746869],[41.408904,52.746888],[41.408889,52.746909],[41.40891,52.746919],[41.408926,52.746935],[41.408905,52.747001],[41.408822,52.747042],[41.408666,52.747069],[41.408544,52.747083],[41.408458,52.747082],[41.408374,52.747074],[41.408282,52.747064],[41.40821,52.74707],[41.408135,52.747081],[41.408018,52.747076],[41.407984,52.747063],[41.407939,52.747066],[41.407896,52.747086],[41.407815,52.747079],[41.407784,52.747064],[41.407643,52.747035],[41.407503,52.746975],[41.407432,52.746928],[41.407372,52.746882],[41.407254,52.746869],[41.407183,52.746839],[41.407079,52.746798],[41.407033,52.746797],[41.406931,52.746793],[41.406832,52.746772],[41.40676,52.746748],[41.406685,52.746724],[41.406617,52.746688],[41.406593,52.746641],[41.406583,52.746608],[41.406565,52.746577],[41.406557,52.746563],[41.406539,52.746532],[41.406518,52.746496],[41.406504,52.746474]]]}},{"type":"Feature","properties":{"full_id":"w107437314","osm_id":"107437314","osm_type":"way","natural":"water","wetland":null,"height":null,"drinking_water":null,"man_made":null,"intermittent":null,"hazard":null,"basin":null,"amenity":null,"description":null,"alt_name":null,"name:ru":null,"water":null,"name":null,"type":null},"geometry":null},{"type":"Feature","properties":{"full_id":"w107524635","osm_id":"107524635","osm_type":"way","natural":"water","wetland":null,"height":null,"drinking_water":null,"man_made":null,"intermittent":null,"hazard":null,"basin":null,"amenity":null,"description":null,"alt_name":null,"name:ru":null,"water":null,"name":null,"type":null},"geometry":{"type":"Polygon","coordinates":[[[41.499256,52.719057],[41.499143,52.71902],[41.499109,52.718956],[41.499049,52.718781],[41.499066,52.718518],[41.499074,52.71822],[41.499094,52.718047],[41.499177,52.718031],[41.499225,52.718031],[41.49928,52.71806],[41.499343,52.718128],[41.499375,52.718201],[41.499527,52.718427],[41.499623,52.718804],[41.49964,52.718927],[41.499554,52.718989],[41.499519,52.719007],[41.499414,52.719042],[41.499256,52.719057]]]}},{"type":"Feature","properties":{"full_id":"w113716686","osm_id":"113716686","osm_type":"way","natural":"water","wetland":null,"height":null,"drinking_water":null,"man_made":"tailings_pond","intermittent":"yes","hazard":"contamination","basin":"waste_water","amenity":null,"description":null,"alt_name":null,"name:ru":null,"water":"basin","name":null,"type":null},"geometry":{"type":"Polygon","coordinates":[[[41.48578,52.757285],[41.485748,52.757194],[41.485866,52.756961],[41.486166,52.756357],[41.486241,52.75624],[41.486392,52.756201],[41.488108,52.756512],[41.488387,52.756571],[41.488484,52.756681],[41.488269,52.757266],[41.488108,52.757629],[41.487915,52.757688],[41.486467,52.757454],[41.485973,52.757376],[41.48578,52.757285]]]}},{"type":"Feature","properties":{"full_id":"w113716687","osm_id":"113716687","osm_type":"way","natural":"water","wetland":null,"height":null,"drinking_water":null,"man_made":"tailings_pond","intermittent":"yes","hazard":"contamination","basin":null,"amenity":null,"description":null,"alt_name":null,"name:ru":null,"water":"basin","name":null,"type":null},"geometry":{"type":"Polygon","coordinates":[[[41.484825,52.758912],[41.484933,52.758509],[41.485019,52.758282],[41.485137,52.75823],[41.486231,52.758379],[41.486317,52.758464],[41.486145,52.759015],[41.48607,52.759132],[41.485909,52.759171],[41.484975,52.759042],[41.484868,52.759009],[41.484825,52.758912]]]}},{"type":"Feature","properties":{"full_id":"w113716689","osm_id":"113716689","osm_type":"way","natural":"water","wetland":null,"height":null,"drinking_water":null,"man_made":"tailings_pond","intermittent":"yes","hazard":"contamination","basin":"waste_water","amenity":null,"description":null,"alt_name":null,"name:ru":null,"water":"basin","name":null,"type":null},"geometry":{"type":"Polygon","coordinates":[[[41.487829,52.755886],[41.487937,52.755711],[41.488838,52.754834],[41.489278,52.754418],[41.489986,52.754867],[41.490286,52.755113],[41.49034,52.755237],[41.490168,52.755431],[41.489535,52.755853],[41.489192,52.755996],[41.488924,52.756016],[41.488602,52.755996],[41.487829,52.755886]]]}},{"type":"Feature","properties":{"full_id":"w113716691","osm_id":"113716691","osm_type":"way","natural":"water","wetland":null,"height":null,"drinking_water":null,"man_made":"tailings_pond","intermittent":"yes","hazard":"contamination","basin":null,"amenity":null,"description":null,"alt_name":null,"name:ru":null,"water":"basin","name":null,"type":null},"geometry":{"type":"Polygon","coordinates":[[[41.490812,52.751275],[41.490887,52.751126],[41.491037,52.750639],[41.491198,52.750327],[41.491456,52.750119],[41.491724,52.750093],[41.492411,52.750295],[41.492647,52.750412],[41.491788,52.75134],[41.491606,52.751457],[41.491445,52.751516],[41.491188,52.751483],[41.490973,52.751405],[41.490812,52.751275]]]}},{"type":"Feature","properties":{"full_id":"w113716692","osm_id":"113716692","osm_type":"way","natural":"water","wetland":null,"height":null,"drinking_water":null,"man_made":"tailings_pond","intermittent":"yes","hazard":"contamination","basin":"waste_water","amenity":null,"description":null,"alt_name":null,"name:ru":null,"water":"basin","name":null,"type":null},"geometry":{"type":"Polygon","coordinates":[[[41.4949,52.752996],[41.494985,52.752724],[41.495104,52.752399],[41.495082,52.752074],[41.495168,52.751918],[41.495458,52.751704],[41.495704,52.751652],[41.496091,52.751743],[41.498515,52.752561],[41.49859,52.752685],[41.497335,52.753801],[41.497153,52.753912],[41.496037,52.753503],[41.495114,52.753139],[41.4949,52.752996]]]}},{"type":"Feature","properties":{"full_id":"w113716693","osm_id":"113716693","osm_type":"way","natural":"water","wetland":null,"height":null,"drinking_water":null,"man_made":"tailings_pond","intermittent":"yes","hazard":"contamination","basin":null,"amenity":null,"description":null,"alt_name":null,"name:ru":null,"water":"basin","name":null,"type":null},"geometry":{"type":"Polygon","coordinates":[[[41.48651,52.758938],[41.48666,52.758516],[41.48681,52.758464],[41.488816,52.758769],[41.488902,52.75884],[41.488806,52.759158],[41.488709,52.759243],[41.488602,52.759269],[41.486563,52.759009],[41.48651,52.758938]]]}},{"type":"Feature","properties":{"full_id":"w113716695","osm_id":"113716695","osm_type":"way","natural":"water","wetland":null,"height":null,"drinking_water":null,"man_made":"tailings_pond","intermittent":"yes","hazard":"contamination","basin":"waste_water","amenity":null,"description":null,"alt_name":null,"name:ru":null,"water":"basin","name":null,"type":null},"geometry":{"type":"Polygon","coordinates":[[[41.486681,52.755477],[41.486767,52.75536],[41.487969,52.754217],[41.488194,52.754061],[41.488398,52.754048],[41.488591,52.754152],[41.488945,52.754172],[41.48916,52.754327],[41.487615,52.755834],[41.487025,52.755769],[41.486821,52.755724],[41.486724,52.755639],[41.486681,52.755477]]]}},{"type":"Feature","properties":{"full_id":"w113721818","osm_id":"113721818","osm_type":"way","natural":"water","wetland":null,"height":null,"drinking_water":null,"man_made":null,"intermittent":null,"hazard":null,"basin":"cooling","amenity":null,"description":null,"alt_name":null,"name:ru":null,"water":"basin","name":null,"type":null},"geometry":{"type":"Polygon","coordinates":[[[41.475626,52.755503],[41.475765,52.754996],[41.475862,52.754958],[41.476591,52.755022],[41.476672,52.755061],[41.476532,52.755591],[41.476457,52.75562],[41.475668,52.755539],[41.475626,52.755503]]]}},{"type":"Feature","properties":{"full_id":"w113721823","osm_id":"113721823","osm_type":"way","natural":"water","wetland":null,"height":null,"drinking_water":null,"man_made":null,"intermittent":null,"hazard":null,"basin":"cooling","amenity":null,"description":null,"alt_name":null,"name:ru":null,"water":"basin","name":null,"type":null},"geometry":{"type":"Polygon","coordinates":[[[41.477629,52.755743],[41.47779,52.755181],[41.477844,52.755149],[41.478734,52.755256],[41.478766,52.755305],[41.4786,52.755844],[41.478541,52.755873],[41.477672,52.755785],[41.477629,52.755743]]]}},{"type":"Feature","properties":{"full_id":"w113721829","osm_id":"113721829","osm_type":"way","natural":"water","wetland":null,"height":null,"drinking_water":null,"man_made":null,"intermittent":null,"hazard":null,"basin":"cooling","amenity":null,"description":null,"alt_name":null,"name:ru":null,"water":"basin","name":null,"type":null},"geometry":{"type":"Polygon","coordinates":[[[41.478713,52.755868],[41.478884,52.755294],[41.478933,52.755261],[41.479861,52.755359],[41.479914,52.755394],[41.47978,52.755943],[41.479743,52.755985],[41.479668,52.756004],[41.478858,52.755923],[41.478772,52.755907],[41.478713,52.755868]]]}},{"type":"Feature","properties":{"full_id":"w113721834","osm_id":"113721834","osm_type":"way","natural":"water","wetland":null,"height":null,"drinking_water":null,"man_made":null,"intermittent":null,"hazard":null,"basin":null,"amenity":null,"description":null,"alt_name":null,"name:ru":null,"water":"lake","name":"Ендово","type":null},"geometry":{"type":"Polygon","coordinates":[[[41.47709,52.754561],[41.476983,52.754418],[41.47695,52.754204],[41.477015,52.753996],[41.477347,52.753782],[41.477701,52.753633],[41.478474,52.753483],[41.478914,52.753483],[41.479139,52.753529],[41.48004,52.754113],[41.480094,52.754269],[41.479965,52.754626],[41.479804,52.754808],[41.479515,52.754918],[41.479064,52.754938],[41.477219,52.754659],[41.47709,52.754561]]]}},{"type":"Feature","properties":{"full_id":"w113721846","osm_id":"113721846","osm_type":"way","natural":"water","wetland":null,"height":null,"drinking_water":null,"man_made":null,"intermittent":null,"hazard":null,"basin":null,"amenity":null,"description":null,"alt_name":null,"name:ru":null,"water":"canal","name":null,"type":null},"geometry":{"type":"Polygon","coordinates":[[[41.476843,52.75361],[41.476929,52.753662],[41.476092,52.754165],[41.475958,52.754259],[41.475915,52.754357],[41.475926,52.754493],[41.47598,52.754626],[41.476148,52.754737],[41.47635,52.754808],[41.476629,52.754854],[41.476875,52.754883],[41.479509,52.755175],[41.479488,52.755259],[41.477026,52.755006],[41.47636,52.754919],[41.476189,52.75488],[41.476028,52.754811],[41.475878,52.754707],[41.475781,52.754571],[41.475754,52.754435],[41.475776,52.754334],[41.475824,52.754237],[41.47591,52.754165],[41.476843,52.75361]]]}},{"type":"Feature","properties":{"full_id":"w113721848","osm_id":"113721848","osm_type":"way","natural":"water","wetland":null,"height":null,"drinking_water":null,"man_made":null,"intermittent":null,"hazard":null,"basin":"cooling","amenity":null,"description":null,"alt_name":null,"name:ru":null,"water":"basin","name":null,"type":null},"geometry":{"type":"Polygon","coordinates":[[[41.476639,52.755613],[41.476795,52.755074],[41.476865,52.755052],[41.477621,52.755142],[41.477664,52.755175],[41.477519,52.755691],[41.477471,52.755737],[41.476661,52.755652],[41.476639,52.755613]]]}},{"type":"Feature","properties":{"full_id":"w113968755","osm_id":"113968755","osm_type":"way","natural":"water","wetland":null,"height":null,"drinking_water":null,"man_made":"oxidation_ditch","intermittent":null,"hazard":null,"basin":null,"amenity":null,"description":null,"alt_name":null,"name:ru":null,"water":"wastewater","name":null,"type":null},"geometry":{"type":"Polygon","coordinates":[[[41.483539,52.732058],[41.482791,52.731896],[41.482896,52.731717],[41.483645,52.731879],[41.483539,52.732058]]]}},{"type":"Feature","properties":{"full_id":"w113968773","osm_id":"113968773","osm_type":"way","natural":"water","wetland":null,"height":null,"drinking_water":null,"man_made":"clarifier","intermittent":null,"hazard":null,"basin":null,"amenity":null,"description":null,"alt_name":null,"name:ru":null,"water":"wastewater","name":null,"type":null},"geometry":{"type":"Polygon","coordinates":[[[41.484369,52.731161],[41.48435,52.731138],[41.484338,52.731113],[41.484335,52.731088],[41.48434,52.731062],[41.484353,52.731038],[41.484373,52.731015],[41.484401,52.730996],[41.484434,52.73098],[41.484472,52.730968],[41.484512,52.730961],[41.484555,52.730959],[41.484597,52.730962],[41.484637,52.73097],[41.484674,52.730982],[41.484706,52.730999],[41.484732,52.731019],[41.484752,52.731042],[41.484763,52.731066],[41.484767,52.731092],[41.484762,52.731117],[41.484749,52.731142],[41.484729,52.731164],[41.484701,52.731184],[41.484668,52.7312],[41.48463,52.731211],[41.48459,52.731218],[41.484547,52.73122],[41.484505,52.731217],[41.484465,52.73121],[41.484428,52.731197],[41.484396,52.731181],[41.484369,52.731161]]]}},{"type":"Feature","properties":{"full_id":"w297843559","osm_id":"297843559","osm_type":"way","natural":"water","wetland":null,"height":null,"drinking_water":null,"man_made":null,"intermittent":null,"hazard":null,"basin":null,"amenity":null,"description":null,"alt_name":null,"name:ru":null,"water":"pond","name":null,"type":null},"geometry":{"type":"Polygon","coordinates":[[[41.397782,52.779014],[41.397735,52.779019],[41.397705,52.779006],[41.397717,52.77899],[41.397801,52.778982],[41.397854,52.778989],[41.39785,52.778999],[41.397792,52.778999],[41.397782,52.779014]]]}},{"type":"Feature","properties":{"full_id":"w342801100","osm_id":"342801100","osm_type":"way","natural":"water","wetland":null,"height":null,"drinking_water":null,"man_made":null,"intermittent":null,"hazard":null,"basin":null,"amenity":null,"description":null,"alt_name":null,"name:ru":null,"water":null,"name":null,"type":null},"geometry":{"type":"Polygon","coordinates":[[[41.412906,52.738217],[41.412894,52.738141],[41.412915,52.738104],[41.41304,52.738113],[41.413137,52.738155],[41.413242,52.738116],[41.41352,52.737814],[41.413725,52.73772],[41.413926,52.737569],[41.414204,52.737463],[41.414385,52.73742],[41.414453,52.737422],[41.414414,52.737475],[41.414268,52.73753],[41.414055,52.73764],[41.413958,52.737734],[41.413866,52.737855],[41.413821,52.737894],[41.413546,52.738038],[41.413394,52.738137],[41.413298,52.738344],[41.413172,52.738415],[41.413163,52.73856],[41.413187,52.738666],[41.413169,52.738688],[41.413114,52.738688],[41.413075,52.738661],[41.412839,52.738661],[41.412786,52.738645],[41.412719,52.738587],[41.412722,52.738438],[41.41278,52.738373],[41.412915,52.738293],[41.412926,52.738252],[41.412906,52.738217]]]}},{"type":"Feature","properties":{"full_id":"w342801101","osm_id":"342801101","osm_type":"way","natural":"water","wetland":null,"height":null,"drinking_water":null,"man_made":null,"intermittent":null,"hazard":null,"basin":null,"amenity":null,"description":null,"alt_name":null,"name:ru":null,"water":null,"name":null,"type":null},"geometry":{"type":"Polygon","coordinates":[[[41.409979,52.740459],[41.410053,52.740558],[41.410132,52.740893],[41.410293,52.741198],[41.410298,52.741356],[41.410227,52.741383],[41.410145,52.741366],[41.409636,52.741183],[41.409557,52.741195],[41.409388,52.741303],[41.409376,52.741353],[41.409446,52.741386],[41.409533,52.741391],[41.409574,52.741438],[41.409562,52.741488],[41.409376,52.741593],[41.409285,52.741741],[41.409127,52.741861],[41.409053,52.741881],[41.408879,52.741881],[41.408301,52.741844],[41.408226,52.741864],[41.407974,52.742052],[41.407821,52.742096],[41.407651,52.742096],[41.407606,52.742054],[41.40761,52.741944],[41.407701,52.741791],[41.408036,52.741706],[41.408313,52.741671],[41.408437,52.741598],[41.408536,52.741448],[41.408549,52.741283],[41.408681,52.7412],[41.408706,52.741043],[41.408792,52.740948],[41.409016,52.740842],[41.409185,52.740817],[41.409256,52.740785],[41.4094,52.74058],[41.409541,52.740497],[41.40971,52.740462],[41.409979,52.740459]]]}},{"type":"Feature","properties":{"full_id":"w346569332","osm_id":"346569332","osm_type":"way","natural":"water","wetland":null,"height":"5","drinking_water":"no","man_made":null,"intermittent":null,"hazard":null,"basin":null,"amenity":"fountain","description":null,"alt_name":null,"name:ru":null,"water":null,"name":"Музыкальный фонтан","type":null},"geometry":{"type":"Polygon","coordinates":[[[41.454324,52.721428],[41.454327,52.721424],[41.454333,52.72142],[41.45434,52.721418],[41.454348,52.721418],[41.454355,52.72142],[41.454361,52.721424],[41.454364,52.721428],[41.454364,52.721433],[41.454387,52.721436],[41.454382,52.721449],[41.454385,52.721449],[41.454393,52.721451],[41.454398,52.721455],[41.454401,52.721459],[41.454401,52.721464],[41.454398,52.721468],[41.454392,52.721471],[41.454386,52.721473],[41.454378,52.721474],[41.454375,52.721473],[41.454371,52.721486],[41.454346,52.721483],[41.454346,52.721486],[41.454343,52.721491],[41.454337,52.721494],[41.454331,52.721496],[41.454323,52.721496],[41.454316,52.721494],[41.45431,52.721491],[41.454306,52.721486],[41.454306,52.721481],[41.454308,52.721478],[41.454284,52.721475],[41.454288,52.721463],[41.454287,52.721463],[41.45428,52.721461],[41.454274,52.721458],[41.45427,52.721454],[41.45427,52.721449],[41.454273,52.721444],[41.454279,52.721441],[41.454286,52.721439],[41.454294,52.721439],[41.454296,52.721439],[41.4543,52.721426],[41.454324,52.721428],[41.454324,52.721428]]]}},{"type":"Feature","properties":{"full_id":"w346569333","osm_id":"346569333","osm_type":"way","natural":"water","wetland":null,"height":null,"drinking_water":"no","man_made":null,"intermittent":null,"hazard":null,"basin":null,"amenity":"fountain","description":null,"alt_name":null,"name:ru":null,"water":null,"name":"Музыкальный фонтан","type":null},"geometry":{"type":"Polygon","coordinates":[[[41.455284,52.721525],[41.455287,52.721521],[41.455293,52.721517],[41.4553,52.721516],[41.455308,52.721516],[41.455316,52.721518],[41.455321,52.721521],[41.455324,52.721526],[41.455324,52.721531],[41.455347,52.721533],[41.455343,52.721547],[41.455345,52.721547],[41.455353,52.721549],[41.455358,52.721552],[41.455361,52.721557],[41.455361,52.721562],[41.455358,52.721566],[41.455353,52.721569],[41.455346,52.721571],[41.455339,52.721571],[41.455335,52.72157],[41.455331,52.721583],[41.455306,52.72158],[41.455306,52.721584],[41.455303,52.721588],[41.455298,52.721591],[41.455291,52.721593],[41.455284,52.721593],[41.455276,52.721592],[41.45527,52.721588],[41.455267,52.721584],[41.455266,52.721579],[41.455269,52.721576],[41.455244,52.721573],[41.455248,52.72156],[41.455247,52.72156],[41.45524,52.721559],[41.455234,52.721555],[41.45523,52.721551],[41.45523,52.721546],[41.455233,52.721542],[41.455239,52.721538],[41.455246,52.721536],[41.455254,52.721536],[41.455256,52.721537],[41.45526,52.721523],[41.455284,52.721526],[41.455284,52.721525]]]}},{"type":"Feature","properties":{"full_id":"w355647572","osm_id":"355647572","osm_type":"way","natural":"water","wetland":null,"height":null,"drinking_water":null,"man_made":null,"intermittent":null,"hazard":null,"basin":null,"amenity":"fountain","description":null,"alt_name":null,"name:ru":null,"water":null,"name":"Цветомузыкальный фонтан","type":null},"geometry":{"type":"Polygon","coordinates":[[[41.453138,52.72086],[41.453093,52.720825],[41.453129,52.720695],[41.453178,52.720673],[41.453536,52.720709],[41.45358,52.720741],[41.453544,52.72087],[41.453496,52.720896],[41.453138,52.72086]]]}},{"type":"Feature","properties":{"full_id":"w357846598","osm_id":"357846598","osm_type":"way","natural":"water","wetland":null,"height":null,"drinking_water":"no","man_made":null,"intermittent":null,"hazard":null,"basin":null,"amenity":"fountain","description":null,"alt_name":null,"name:ru":null,"water":null,"name":null,"type":null},"geometry":{"type":"Polygon","coordinates":[[[41.45189,52.722523],[41.45191,52.722436],[41.452027,52.722446],[41.452008,52.722533],[41.45189,52.722523]]]}},{"type":"Feature","properties":{"full_id":"w357846599","osm_id":"357846599","osm_type":"way","natural":"water","wetland":null,"height":null,"drinking_water":"no","man_made":null,"intermittent":null,"hazard":null,"basin":null,"amenity":"fountain","description":null,"alt_name":null,"name:ru":null,"water":null,"name":null,"type":null},"geometry":{"type":"Polygon","coordinates":[[[41.451601,52.723826],[41.45162,52.723739],[41.451738,52.723748],[41.451718,52.723835],[41.451601,52.723826]]]}},{"type":"Feature","properties":{"full_id":"w358328846","osm_id":"358328846","osm_type":"way","natural":"water","wetland":null,"height":null,"drinking_water":null,"man_made":null,"intermittent":null,"hazard":null,"basin":null,"amenity":null,"description":null,"alt_name":null,"name:ru":null,"water":null,"name":null,"type":null},"geometry":{"type":"Polygon","coordinates":[[[41.47633,52.712308],[41.476361,52.712292],[41.476392,52.712287],[41.476432,52.712289],[41.476526,52.712315],[41.476605,52.712345],[41.476635,52.712358],[41.476654,52.712372],[41.476672,52.712399],[41.476671,52.712428],[41.476663,52.712458],[41.476573,52.712666],[41.476544,52.712704],[41.476494,52.712737],[41.476452,52.712756],[41.476418,52.712763],[41.47638,52.712763],[41.476343,52.712753],[41.476191,52.712704],[41.476177,52.712696],[41.476165,52.712689],[41.476157,52.712673],[41.476157,52.712654],[41.476187,52.71258],[41.47633,52.712308]]]}},{"type":"Feature","properties":{"full_id":"w404614104","osm_id":"404614104","osm_type":"way","natural":"water","wetland":null,"height":null,"drinking_water":null,"man_made":null,"intermittent":null,"hazard":null,"basin":null,"amenity":"fountain","description":null,"alt_name":null,"name:ru":null,"water":null,"name":null,"type":null},"geometry":{"type":"Polygon","coordinates":[[[41.463457,52.716569],[41.463465,52.716561],[41.463477,52.716555],[41.463492,52.716552],[41.463508,52.716554],[41.463518,52.716558],[41.463529,52.716542],[41.463559,52.716549],[41.463559,52.716547],[41.463566,52.716538],[41.463579,52.716532],[41.463594,52.716529],[41.46361,52.716531],[41.463623,52.716536],[41.463631,52.716544],[41.463634,52.716554],[41.463629,52.716563],[41.463626,52.716565],[41.463652,52.716572],[41.463641,52.716589],[41.463653,52.71659],[41.463666,52.716595],[41.463674,52.716603],[41.463677,52.716613],[41.463672,52.716622],[41.463663,52.716629],[41.46365,52.716633],[41.463636,52.716634],[41.463622,52.716632],[41.463614,52.716628],[41.463604,52.716643],[41.463578,52.716636],[41.463574,52.716645],[41.463565,52.716651],[41.463552,52.716656],[41.463538,52.716657],[41.463524,52.716654],[41.463513,52.71665],[41.463506,52.716644],[41.463503,52.716636],[41.463504,52.716628],[41.463511,52.71662],[41.463481,52.716613],[41.463491,52.716598],[41.463491,52.716598],[41.463477,52.716596],[41.463467,52.716591],[41.46346,52.716585],[41.463456,52.716577],[41.463457,52.716569]]]}},{"type":"Feature","properties":{"full_id":"w404776296","osm_id":"404776296","osm_type":"way","natural":"water","wetland":null,"height":null,"drinking_water":null,"man_made":null,"intermittent":null,"hazard":null,"basin":null,"amenity":"fountain","description":null,"alt_name":null,"name:ru":null,"water":null,"name":null,"type":null},"geometry":{"type":"Polygon","coordinates":[[[41.460826,52.713498],[41.460895,52.713392],[41.461067,52.713433],[41.460998,52.713539],[41.460826,52.713498]]]}},{"type":"Feature","properties":{"full_id":"w504385372","osm_id":"504385372","osm_type":"way","natural":"water","wetland":null,"height":null,"drinking_water":null,"man_made":"tailings_pond","intermittent":"yes","hazard":"contamination","basin":null,"amenity":null,"description":null,"alt_name":null,"name:ru":null,"water":"basin","name":null,"type":null},"geometry":{"type":"Polygon","coordinates":[[[41.492786,52.747512],[41.492856,52.74747],[41.492985,52.747457],[41.493146,52.747477],[41.493709,52.747688],[41.493838,52.747756],[41.493859,52.747827],[41.49299,52.748827],[41.492894,52.748853],[41.492266,52.748707],[41.492073,52.748574],[41.492019,52.748483],[41.492041,52.748353],[41.492502,52.74774],[41.492786,52.747512]]]}},{"type":"Feature","properties":{"full_id":"w527118517","osm_id":"527118517","osm_type":"way","natural":"water","wetland":null,"height":null,"drinking_water":null,"man_made":null,"intermittent":null,"hazard":null,"basin":null,"amenity":"fountain","description":null,"alt_name":null,"name:ru":null,"water":null,"name":null,"type":null},"geometry":{"type":"Polygon","coordinates":[[[41.422523,52.719311],[41.422503,52.719361],[41.422415,52.719348],[41.422435,52.719298],[41.422523,52.719311]]]}},{"type":"Feature","properties":{"full_id":"w537534907","osm_id":"537534907","osm_type":"way","natural":"water","wetland":null,"height":null,"drinking_water":null,"man_made":null,"intermittent":null,"hazard":null,"basin":null,"amenity":null,"description":null,"alt_name":null,"name:ru":null,"water":null,"name":null,"type":null},"geometry":{"type":"Polygon","coordinates":[[[41.380719,52.740091],[41.380831,52.74004],[41.380887,52.740033],[41.380953,52.740047],[41.38097,52.740077],[41.380897,52.740101],[41.380879,52.740114],[41.38088,52.740128],[41.380947,52.740184],[41.38085,52.740197],[41.380786,52.740179],[41.380723,52.74013],[41.380714,52.740112],[41.380719,52.740091]]]}},{"type":"Feature","properties":{"full_id":"w537534908","osm_id":"537534908","osm_type":"way","natural":"water","wetland":null,"height":null,"drinking_water":null,"man_made":null,"intermittent":null,"hazard":null,"basin":null,"amenity":null,"description":null,"alt_name":null,"name:ru":null,"water":null,"name":null,"type":null},"geometry":{"type":"Polygon","coordinates":[[[41.380635,52.740372],[41.380662,52.740351],[41.380768,52.740323],[41.380893,52.740324],[41.381021,52.740354],[41.381052,52.740382],[41.381028,52.740464],[41.380857,52.740587],[41.380816,52.740666],[41.380776,52.740689],[41.380627,52.740724],[41.380575,52.740714],[41.380541,52.740686],[41.380504,52.740583],[41.38057,52.740512],[41.380645,52.740485],[41.380662,52.74047],[41.380635,52.740372]]]}},{"type":"Feature","properties":{"full_id":"w555051080","osm_id":"555051080","osm_type":"way","natural":"water","wetland":null,"height":null,"drinking_water":null,"man_made":null,"intermittent":null,"hazard":null,"basin":null,"amenity":null,"description":null,"alt_name":null,"name:ru":null,"water":null,"name":null,"type":null},"geometry":{"type":"Polygon","coordinates":[[[41.470833,52.714708],[41.470776,52.714667],[41.470755,52.714617],[41.470755,52.714562],[41.470798,52.714456],[41.47087,52.71436],[41.470967,52.714269],[41.471028,52.71423],[41.471098,52.714201],[41.47127,52.714168],[41.471645,52.714163],[41.471731,52.714178],[41.471812,52.714202],[41.471884,52.714233],[41.471938,52.71428],[41.471951,52.714332],[41.471951,52.714446],[41.471787,52.714818],[41.471731,52.714921],[41.471691,52.714968],[41.471629,52.715008],[41.471543,52.715029],[41.471457,52.715013],[41.471297,52.714963],[41.471079,52.714851],[41.470932,52.714789],[41.470833,52.714708]]]}},{"type":"Feature","properties":{"full_id":"w620423418","osm_id":"620423418","osm_type":"way","natural":"water","wetland":null,"height":null,"drinking_water":null,"man_made":"clarifier","intermittent":null,"hazard":null,"basin":null,"amenity":null,"description":null,"alt_name":null,"name:ru":null,"water":"wastewater","name":null,"type":null},"geometry":{"type":"Polygon","coordinates":[[[41.482889,52.730835],[41.48287,52.730813],[41.482859,52.730788],[41.482856,52.730763],[41.48286,52.730738],[41.482873,52.730715],[41.482893,52.730693],[41.48292,52.730673],[41.482953,52.730658],[41.48299,52.730646],[41.48303,52.730639],[41.483071,52.730637],[41.483112,52.73064],[41.483152,52.730648],[41.483188,52.73066],[41.48322,52.730676],[41.483246,52.730696],[41.483264,52.730718],[41.483276,52.730743],[41.483279,52.730768],[41.483275,52.730793],[41.483262,52.730817],[41.483242,52.730838],[41.483215,52.730858],[41.483182,52.730873],[41.483145,52.730885],[41.483105,52.730892],[41.483064,52.730894],[41.483023,52.730891],[41.482983,52.730883],[41.482947,52.730871],[41.482915,52.730855],[41.482889,52.730835]]]}},{"type":"Feature","properties":{"full_id":"w620423419","osm_id":"620423419","osm_type":"way","natural":"water","wetland":null,"height":null,"drinking_water":null,"man_made":"clarifier","intermittent":null,"hazard":null,"basin":null,"amenity":null,"description":null,"alt_name":null,"name:ru":null,"water":"wastewater","name":null,"type":null},"geometry":{"type":"Polygon","coordinates":[[[41.482724,52.731105],[41.482705,52.731083],[41.482694,52.731059],[41.482691,52.731034],[41.482695,52.731009],[41.482708,52.730985],[41.482728,52.730963],[41.482755,52.730944],[41.482788,52.730928],[41.482825,52.730917],[41.482864,52.73091],[41.482906,52.730908],[41.482947,52.730911],[41.482987,52.730918],[41.483023,52.73093],[41.483055,52.730947],[41.48308,52.730966],[41.4831,52.730989],[41.483111,52.731013],[41.483114,52.731038],[41.48311,52.731063],[41.483097,52.731087],[41.483077,52.731109],[41.48305,52.731128],[41.483017,52.731144],[41.48298,52.731155],[41.48294,52.731162],[41.482899,52.731164],[41.482858,52.731161],[41.482818,52.731154],[41.482782,52.731141],[41.48275,52.731125],[41.482724,52.731105]]]}},{"type":"Feature","properties":{"full_id":"w620423420","osm_id":"620423420","osm_type":"way","natural":"water","wetland":null,"height":null,"drinking_water":null,"man_made":"clarifier","intermittent":null,"hazard":null,"basin":null,"amenity":null,"description":null,"alt_name":null,"name:ru":null,"water":"wastewater","name":null,"type":null},"geometry":{"type":"Polygon","coordinates":[[[41.482558,52.730369],[41.482537,52.730344],[41.482524,52.730317],[41.48252,52.73029],[41.482526,52.730262],[41.48254,52.730236],[41.482562,52.730212],[41.482591,52.730191],[41.482627,52.730173],[41.482668,52.730161],[41.482712,52.730153],[41.482757,52.730151],[41.482803,52.730154],[41.482846,52.730163],[41.482886,52.730176],[41.482921,52.730194],[41.48295,52.730215],[41.482971,52.73024],[41.482983,52.730267],[41.482987,52.730294],[41.482982,52.730322],[41.482968,52.730348],[41.482945,52.730372],[41.482916,52.730393],[41.48288,52.730411],[41.482839,52.730423],[41.482795,52.730431],[41.48275,52.730433],[41.482704,52.73043],[41.482661,52.730422],[41.482621,52.730408],[41.482586,52.73039],[41.482558,52.730369]]]}},{"type":"Feature","properties":{"full_id":"w620423421","osm_id":"620423421","osm_type":"way","natural":"water","wetland":null,"height":null,"drinking_water":null,"man_made":"clarifier","intermittent":null,"hazard":null,"basin":null,"amenity":null,"description":null,"alt_name":null,"name:ru":null,"water":"wastewater","name":null,"type":null},"geometry":{"type":"Polygon","coordinates":[[[41.483078,52.730476],[41.483057,52.730451],[41.483044,52.730424],[41.483041,52.730397],[41.483046,52.730369],[41.48306,52.730343],[41.483082,52.730319],[41.483112,52.730298],[41.483148,52.730281],[41.483188,52.730268],[41.483232,52.73026],[41.483278,52.730258],[41.483323,52.730261],[41.483367,52.73027],[41.483407,52.730283],[41.483441,52.730301],[41.48347,52.730323],[41.483491,52.730347],[41.483503,52.730374],[41.483507,52.730402],[41.483502,52.730429],[41.483488,52.730455],[41.483466,52.73048],[41.483436,52.730501],[41.4834,52.730518],[41.48336,52.730531],[41.483316,52.730538],[41.48327,52.73054],[41.483225,52.730537],[41.483181,52.730529],[41.483141,52.730515],[41.483106,52.730497],[41.483078,52.730476]]]}},{"type":"Feature","properties":{"full_id":"w620423422","osm_id":"620423422","osm_type":"way","natural":"water","wetland":null,"height":null,"drinking_water":null,"man_made":"clarifier","intermittent":null,"hazard":null,"basin":null,"amenity":null,"description":null,"alt_name":null,"name:ru":null,"water":"wastewater","name":null,"type":null},"geometry":{"type":"Polygon","coordinates":[[[41.483262,52.730164],[41.483241,52.730139],[41.483229,52.730112],[41.483225,52.730085],[41.48323,52.730057],[41.483244,52.730031],[41.483267,52.730007],[41.483296,52.729986],[41.483332,52.729968],[41.483373,52.729956],[41.483417,52.729948],[41.483462,52.729946],[41.483508,52.729949],[41.483551,52.729957],[41.483591,52.729971],[41.483626,52.729989],[41.483654,52.73001],[41.483675,52.730035],[41.483688,52.730062],[41.483691,52.730089],[41.483686,52.730117],[41.483672,52.730143],[41.48365,52.730167],[41.483621,52.730188],[41.483585,52.730206],[41.483544,52.730218],[41.4835,52.730226],[41.483455,52.730228],[41.483409,52.730225],[41.483366,52.730217],[41.483326,52.730203],[41.483291,52.730185],[41.483262,52.730164]]]}},{"type":"Feature","properties":{"full_id":"w620423423","osm_id":"620423423","osm_type":"way","natural":"water","wetland":null,"height":null,"drinking_water":null,"man_made":"clarifier","intermittent":null,"hazard":null,"basin":null,"amenity":null,"description":null,"alt_name":null,"name:ru":null,"water":"wastewater","name":null,"type":null},"geometry":{"type":"Polygon","coordinates":[[[41.482745,52.730053],[41.482725,52.730029],[41.482712,52.730002],[41.482708,52.729975],[41.482713,52.729947],[41.482727,52.729921],[41.48275,52.729897],[41.482779,52.729875],[41.482815,52.729858],[41.482856,52.729846],[41.4829,52.729838],[41.482945,52.729836],[41.482991,52.729839],[41.483034,52.729847],[41.483074,52.729861],[41.483109,52.729879],[41.483137,52.7299],[41.483158,52.729925],[41.483171,52.729952],[41.483175,52.729979],[41.483169,52.730007],[41.483155,52.730033],[41.483133,52.730057],[41.483104,52.730078],[41.483068,52.730096],[41.483027,52.730108],[41.482983,52.730116],[41.482937,52.730118],[41.482892,52.730115],[41.482849,52.730106],[41.482809,52.730093],[41.482774,52.730075],[41.482745,52.730053]]]}},{"type":"Feature","properties":{"full_id":"w620423424","osm_id":"620423424","osm_type":"way","natural":"water","wetland":null,"height":null,"drinking_water":null,"man_made":"clarifier","intermittent":null,"hazard":null,"basin":null,"amenity":null,"description":null,"alt_name":null,"name:ru":null,"water":"wastewater","name":null,"type":null},"geometry":{"type":"Polygon","coordinates":[[[41.487069,52.731111],[41.487048,52.731086],[41.487036,52.73106],[41.487032,52.731032],[41.487037,52.731004],[41.487051,52.730978],[41.487073,52.730954],[41.487103,52.730933],[41.487139,52.730916],[41.487179,52.730903],[41.487223,52.730895],[41.487269,52.730893],[41.487314,52.730896],[41.487358,52.730905],[41.487398,52.730918],[41.487433,52.730936],[41.487461,52.730958],[41.487482,52.730982],[41.487494,52.731009],[41.487498,52.731037],[41.487493,52.731064],[41.487479,52.731091],[41.487457,52.731115],[41.487427,52.731136],[41.487392,52.731153],[41.487351,52.731166],[41.487307,52.731173],[41.487261,52.731176],[41.487216,52.731172],[41.487172,52.731164],[41.487132,52.731151],[41.487097,52.731133],[41.487069,52.731111]]]}},{"type":"Feature","properties":{"full_id":"w620423425","osm_id":"620423425","osm_type":"way","natural":"water","wetland":null,"height":null,"drinking_water":null,"man_made":"clarifier","intermittent":null,"hazard":null,"basin":null,"amenity":null,"description":null,"alt_name":null,"name:ru":null,"water":"wastewater","name":null,"type":null},"geometry":{"type":"Polygon","coordinates":[[[41.487256,52.730808],[41.487235,52.730783],[41.487222,52.730757],[41.487218,52.730729],[41.487223,52.730702],[41.487237,52.730675],[41.48726,52.730651],[41.487289,52.73063],[41.487325,52.730613],[41.487366,52.7306],[41.48741,52.730593],[41.487455,52.73059],[41.487501,52.730593],[41.487544,52.730602],[41.487584,52.730615],[41.487619,52.730633],[41.487648,52.730655],[41.487668,52.73068],[41.487681,52.730706],[41.487685,52.730734],[41.487679,52.730761],[41.487665,52.730788],[41.487643,52.730812],[41.487614,52.730833],[41.487578,52.73085],[41.487537,52.730863],[41.487493,52.73087],[41.487448,52.730873],[41.487402,52.730869],[41.487359,52.730861],[41.487319,52.730848],[41.487284,52.73083],[41.487256,52.730808]]]}},{"type":"Feature","properties":{"full_id":"w620423426","osm_id":"620423426","osm_type":"way","natural":"water","wetland":null,"height":null,"drinking_water":null,"man_made":"clarifier","intermittent":null,"hazard":null,"basin":null,"amenity":null,"description":null,"alt_name":null,"name:ru":null,"water":"wastewater","name":null,"type":null},"geometry":{"type":"Polygon","coordinates":[[[41.486356,52.730592],[41.486335,52.730567],[41.486322,52.730541],[41.486318,52.730513],[41.486324,52.730486],[41.486338,52.730459],[41.48636,52.730435],[41.486389,52.730414],[41.486425,52.730397],[41.486466,52.730384],[41.48651,52.730376],[41.486555,52.730374],[41.486601,52.730377],[41.486644,52.730386],[41.486684,52.730399],[41.486719,52.730417],[41.486748,52.730439],[41.486768,52.730463],[41.486781,52.73049],[41.486785,52.730518],[41.48678,52.730545],[41.486766,52.730572],[41.486743,52.730596],[41.486714,52.730617],[41.486678,52.730634],[41.486637,52.730647],[41.486593,52.730654],[41.486548,52.730657],[41.486502,52.730653],[41.486459,52.730645],[41.486419,52.730632],[41.486384,52.730614],[41.486356,52.730592]]]}},{"type":"Feature","properties":{"full_id":"w620423427","osm_id":"620423427","osm_type":"way","natural":"water","wetland":null,"height":null,"drinking_water":null,"man_made":"clarifier","intermittent":null,"hazard":null,"basin":null,"amenity":null,"description":null,"alt_name":null,"name:ru":null,"water":"wastewater","name":null,"type":null},"geometry":{"type":"Polygon","coordinates":[[[41.486157,52.730906],[41.486136,52.730882],[41.486124,52.730855],[41.48612,52.730827],[41.486125,52.7308],[41.486139,52.730773],[41.486161,52.730749],[41.486191,52.730728],[41.486227,52.730711],[41.486267,52.730698],[41.486311,52.730691],[41.486357,52.730688],[41.486402,52.730692],[41.486446,52.7307],[41.486486,52.730714],[41.486521,52.730732],[41.486549,52.730753],[41.48657,52.730778],[41.486583,52.730804],[41.486586,52.730832],[41.486581,52.73086],[41.486567,52.730886],[41.486545,52.73091],[41.486515,52.730931],[41.48648,52.730948],[41.486439,52.730961],[41.486395,52.730969],[41.486349,52.730971],[41.486304,52.730968],[41.48626,52.730959],[41.48622,52.730946],[41.486186,52.730928],[41.486157,52.730906]]]}},{"type":"Feature","properties":{"full_id":"w620423428","osm_id":"620423428","osm_type":"way","natural":"water","wetland":null,"height":null,"drinking_water":null,"man_made":"clarifier","intermittent":null,"hazard":null,"basin":null,"amenity":null,"description":null,"alt_name":null,"name:ru":null,"water":"wastewater","name":null,"type":null},"geometry":{"type":"Polygon","coordinates":[[[41.485649,52.73079],[41.485628,52.730765],[41.485615,52.730739],[41.485612,52.730711],[41.485617,52.730684],[41.485631,52.730657],[41.485653,52.730633],[41.485683,52.730612],[41.485718,52.730595],[41.485759,52.730582],[41.485803,52.730575],[41.485849,52.730572],[41.485894,52.730575],[41.485938,52.730584],[41.485978,52.730597],[41.486012,52.730615],[41.486041,52.730637],[41.486062,52.730662],[41.486074,52.730688],[41.486078,52.730716],[41.486073,52.730743],[41.486059,52.73077],[41.486037,52.730794],[41.486007,52.730815],[41.485971,52.730832],[41.485931,52.730845],[41.485887,52.730852],[41.485841,52.730855],[41.485796,52.730852],[41.485752,52.730843],[41.485712,52.73083],[41.485677,52.730812],[41.485649,52.73079]]]}},{"type":"Feature","properties":{"full_id":"w620423429","osm_id":"620423429","osm_type":"way","natural":"water","wetland":null,"height":null,"drinking_water":null,"man_made":"clarifier","intermittent":null,"hazard":null,"basin":null,"amenity":null,"description":null,"alt_name":null,"name:ru":null,"water":"wastewater","name":null,"type":null},"geometry":{"type":"Polygon","coordinates":[[[41.485831,52.73048],[41.48581,52.730455],[41.485798,52.730429],[41.485794,52.730401],[41.485799,52.730373],[41.485813,52.730347],[41.485836,52.730323],[41.485865,52.730302],[41.485901,52.730285],[41.485942,52.730272],[41.485985,52.730264],[41.486031,52.730262],[41.486077,52.730265],[41.48612,52.730274],[41.48616,52.730287],[41.486195,52.730305],[41.486223,52.730327],[41.486244,52.730351],[41.486257,52.730378],[41.48626,52.730406],[41.486255,52.730433],[41.486241,52.730459],[41.486219,52.730484],[41.486189,52.730505],[41.486154,52.730522],[41.486113,52.730535],[41.486069,52.730542],[41.486023,52.730544],[41.485978,52.730541],[41.485934,52.730533],[41.485895,52.730519],[41.48586,52.730502],[41.485831,52.73048]]]}},{"type":"Feature","properties":{"full_id":"w620423430","osm_id":"620423430","osm_type":"way","natural":"water","wetland":null,"height":null,"drinking_water":null,"man_made":"clarifier","intermittent":null,"hazard":null,"basin":null,"amenity":null,"description":null,"alt_name":null,"name:ru":null,"water":"wastewater","name":null,"type":null},"geometry":{"type":"Polygon","coordinates":[[[41.485309,52.730363],[41.485289,52.730338],[41.485276,52.730312],[41.485272,52.730284],[41.485278,52.730257],[41.485292,52.73023],[41.485314,52.730206],[41.485343,52.730185],[41.485379,52.730168],[41.48542,52.730155],[41.485464,52.730147],[41.485509,52.730145],[41.485555,52.730148],[41.485598,52.730157],[41.485638,52.73017],[41.485673,52.730188],[41.485702,52.73021],[41.485723,52.730235],[41.485735,52.730261],[41.485739,52.730289],[41.485734,52.730316],[41.48572,52.730342],[41.485697,52.730367],[41.485668,52.730388],[41.485632,52.730405],[41.485591,52.730418],[41.485547,52.730425],[41.485502,52.730428],[41.485456,52.730424],[41.485413,52.730416],[41.485373,52.730402],[41.485338,52.730385],[41.485309,52.730363]]]}},{"type":"Feature","properties":{"full_id":"w620423431","osm_id":"620423431","osm_type":"way","natural":"water","wetland":null,"height":null,"drinking_water":null,"man_made":"clarifier","intermittent":null,"hazard":null,"basin":null,"amenity":null,"description":null,"alt_name":null,"name:ru":null,"water":"wastewater","name":null,"type":null},"geometry":{"type":"Polygon","coordinates":[[[41.485135,52.730676],[41.485114,52.730652],[41.485102,52.730625],[41.485098,52.730598],[41.485103,52.73057],[41.485117,52.730544],[41.485139,52.730519],[41.485169,52.730498],[41.485205,52.730481],[41.485245,52.730469],[41.485289,52.730461],[41.485335,52.730459],[41.48538,52.730462],[41.485424,52.73047],[41.485464,52.730484],[41.485499,52.730502],[41.485527,52.730523],[41.485548,52.730548],[41.485561,52.730575],[41.485564,52.730602],[41.485559,52.73063],[41.485545,52.730656],[41.485523,52.73068],[41.485493,52.730701],[41.485458,52.730719],[41.485417,52.730731],[41.485373,52.730739],[41.485327,52.730741],[41.485282,52.730738],[41.485238,52.730729],[41.485199,52.730716],[41.485164,52.730698],[41.485135,52.730676]]]}},{"type":"Feature","properties":{"full_id":"w620423432","osm_id":"620423432","osm_type":"way","natural":"water","wetland":null,"height":null,"drinking_water":null,"man_made":"clarifier","intermittent":null,"hazard":null,"basin":null,"amenity":null,"description":null,"alt_name":null,"name:ru":null,"water":"wastewater","name":null,"type":null},"geometry":{"type":"Polygon","coordinates":[[[41.484211,52.731432],[41.484192,52.731409],[41.48418,52.731384],[41.484176,52.731359],[41.484181,52.731333],[41.484194,52.731309],[41.484215,52.731286],[41.484242,52.731267],[41.484275,52.731251],[41.484313,52.731239],[41.484354,52.731232],[41.484396,52.73123],[41.484438,52.731233],[41.484478,52.731241],[41.484515,52.731253],[41.484548,52.73127],[41.484574,52.73129],[41.484593,52.731313],[41.484605,52.731337],[41.484608,52.731363],[41.484603,52.731388],[41.484591,52.731413],[41.48457,52.731435],[41.484543,52.731455],[41.48451,52.731471],[41.484472,52.731482],[41.484431,52.73149],[41.484389,52.731492],[41.484347,52.731489],[41.484307,52.731481],[41.48427,52.731468],[41.484237,52.731452],[41.484211,52.731432]]]}},{"type":"Feature","properties":{"full_id":"w620426099","osm_id":"620426099","osm_type":"way","natural":"water","wetland":null,"height":null,"drinking_water":null,"man_made":"oxidation_ditch","intermittent":null,"hazard":null,"basin":null,"amenity":null,"description":null,"alt_name":null,"name:ru":null,"water":"wastewater","name":null,"type":null},"geometry":{"type":"Polygon","coordinates":[[[41.485855,52.731587],[41.485919,52.731606],[41.485878,52.731656],[41.485814,52.731636],[41.485855,52.731587]]]}},{"type":"Feature","properties":{"full_id":"w620426100","osm_id":"620426100","osm_type":"way","natural":"water","wetland":null,"height":null,"drinking_water":null,"man_made":"oxidation_ditch","intermittent":null,"hazard":null,"basin":null,"amenity":null,"description":null,"alt_name":null,"name:ru":null,"water":"wastewater","name":null,"type":null},"geometry":{"type":"Polygon","coordinates":[[[41.485552,52.731334],[41.485466,52.731436],[41.48529,52.731381],[41.485376,52.731279],[41.485552,52.731334]]]}},{"type":"Feature","properties":{"full_id":"w620426101","osm_id":"620426101","osm_type":"way","natural":"water","wetland":null,"height":null,"drinking_water":null,"man_made":"oxidation_ditch","intermittent":null,"hazard":null,"basin":null,"amenity":null,"description":null,"alt_name":null,"name:ru":null,"water":"wastewater","name":null,"type":null},"geometry":{"type":"Polygon","coordinates":[[[41.48545,52.73146],[41.485363,52.731562],[41.485188,52.731508],[41.485274,52.731405],[41.48545,52.73146]]]}},{"type":"Feature","properties":{"full_id":"w620426102","osm_id":"620426102","osm_type":"way","natural":"water","wetland":null,"height":null,"drinking_water":null,"man_made":"oxidation_ditch","intermittent":null,"hazard":null,"basin":null,"amenity":null,"description":null,"alt_name":null,"name:ru":null,"water":"wastewater","name":null,"type":null},"geometry":{"type":"Polygon","coordinates":[[[41.485972,52.73143],[41.486049,52.731454],[41.486007,52.731503],[41.485931,52.73148],[41.485972,52.73143]]]}},{"type":"Feature","properties":{"full_id":"w620426103","osm_id":"620426103","osm_type":"way","natural":"water","wetland":null,"height":null,"drinking_water":null,"man_made":"oxidation_ditch","intermittent":null,"hazard":null,"basin":null,"amenity":null,"description":null,"alt_name":null,"name:ru":null,"water":"wastewater","name":null,"type":null},"geometry":{"type":"Polygon","coordinates":[[[41.486077,52.73146],[41.486153,52.731484],[41.486112,52.731533],[41.486035,52.73151],[41.486077,52.73146]]]}},{"type":"Feature","properties":{"full_id":"w620426104","osm_id":"620426104","osm_type":"way","natural":"water","wetland":null,"height":null,"drinking_water":null,"man_made":"oxidation_ditch","intermittent":null,"hazard":null,"basin":null,"amenity":null,"description":null,"alt_name":null,"name:ru":null,"water":"wastewater","name":null,"type":null},"geometry":{"type":"Polygon","coordinates":[[[41.486026,52.731518],[41.486102,52.731541],[41.486061,52.731591],[41.485984,52.731567],[41.486026,52.731518]]]}},{"type":"Feature","properties":{"full_id":"w620426105","osm_id":"620426105","osm_type":"way","natural":"water","wetland":null,"height":null,"drinking_water":null,"man_made":"oxidation_ditch","intermittent":null,"hazard":null,"basin":null,"amenity":null,"description":null,"alt_name":null,"name:ru":null,"water":"wastewater","name":null,"type":null},"geometry":{"type":"Polygon","coordinates":[[[41.485924,52.731486],[41.486001,52.73151],[41.485959,52.731559],[41.485882,52.731536],[41.485924,52.731486]]]}},{"type":"Feature","properties":{"full_id":"w620426106","osm_id":"620426106","osm_type":"way","natural":"water","wetland":null,"height":null,"drinking_water":null,"man_made":"oxidation_ditch","intermittent":null,"hazard":null,"basin":null,"amenity":null,"description":null,"alt_name":null,"name:ru":null,"water":"wastewater","name":null,"type":null},"geometry":{"type":"Polygon","coordinates":[[[41.485947,52.731617],[41.486015,52.731639],[41.485975,52.731686],[41.485907,52.731665],[41.485947,52.731617]]]}},{"type":"Feature","properties":{"full_id":"w620426107","osm_id":"620426107","osm_type":"way","natural":"water","wetland":null,"height":null,"drinking_water":null,"man_made":"oxidation_ditch","intermittent":null,"hazard":null,"basin":null,"amenity":null,"description":null,"alt_name":null,"name:ru":null,"water":"wastewater","name":null,"type":null},"geometry":{"type":"Polygon","coordinates":[[[41.4859,52.731673],[41.48597,52.731695],[41.485933,52.731738],[41.485863,52.731717],[41.4859,52.731673]]]}},{"type":"Feature","properties":{"full_id":"w620426108","osm_id":"620426108","osm_type":"way","natural":"water","wetland":null,"height":null,"drinking_water":null,"man_made":"oxidation_ditch","intermittent":null,"hazard":null,"basin":null,"amenity":null,"description":null,"alt_name":null,"name:ru":null,"water":"wastewater","name":null,"type":null},"geometry":{"type":"Polygon","coordinates":[[[41.485807,52.731643],[41.485876,52.731665],[41.485839,52.731709],[41.48577,52.731687],[41.485807,52.731643]]]}},{"type":"Feature","properties":{"full_id":"w620426109","osm_id":"620426109","osm_type":"way","natural":"water","wetland":null,"height":null,"drinking_water":null,"man_made":"oxidation_ditch","intermittent":null,"hazard":null,"basin":null,"amenity":null,"description":null,"alt_name":null,"name:ru":null,"water":"wastewater","name":null,"type":null},"geometry":{"type":"Polygon","coordinates":[[[41.48559,52.731506],[41.485666,52.731529],[41.485625,52.731579],[41.485548,52.731555],[41.48559,52.731506]]]}},{"type":"Feature","properties":{"full_id":"w620426110","osm_id":"620426110","osm_type":"way","natural":"water","wetland":null,"height":null,"drinking_water":null,"man_made":"oxidation_ditch","intermittent":null,"hazard":null,"basin":null,"amenity":null,"description":null,"alt_name":null,"name:ru":null,"water":"wastewater","name":null,"type":null},"geometry":{"type":"Polygon","coordinates":[[[41.485695,52.731537],[41.485772,52.73156],[41.48573,52.73161],[41.485654,52.731586],[41.485695,52.731537]]]}},{"type":"Feature","properties":{"full_id":"w620426111","osm_id":"620426111","osm_type":"way","natural":"water","wetland":null,"height":null,"drinking_water":null,"man_made":"oxidation_ditch","intermittent":null,"hazard":null,"basin":null,"amenity":null,"description":null,"alt_name":null,"name:ru":null,"water":"wastewater","name":null,"type":null},"geometry":{"type":"Polygon","coordinates":[[[41.485645,52.731594],[41.485722,52.731617],[41.485681,52.731667],[41.485604,52.731643],[41.485645,52.731594]]]}},{"type":"Feature","properties":{"full_id":"w620426112","osm_id":"620426112","osm_type":"way","natural":"water","wetland":null,"height":null,"drinking_water":null,"man_made":"oxidation_ditch","intermittent":null,"hazard":null,"basin":null,"amenity":null,"description":null,"alt_name":null,"name:ru":null,"water":"wastewater","name":null,"type":null},"geometry":{"type":"Polygon","coordinates":[[[41.48554,52.731563],[41.485617,52.731587],[41.485576,52.731636],[41.485499,52.731613],[41.48554,52.731563]]]}},{"type":"Feature","properties":{"full_id":"w620426543","osm_id":"620426543","osm_type":"way","natural":"water","wetland":null,"height":null,"drinking_water":null,"man_made":"oxidation_ditch","intermittent":null,"hazard":null,"basin":null,"amenity":null,"description":null,"alt_name":null,"name:ru":null,"water":"wastewater","name":null,"type":null},"geometry":{"type":"Polygon","coordinates":[[[41.483944,52.731983],[41.484122,52.732026],[41.484054,52.73213],[41.483876,52.732088],[41.483944,52.731983]]]}},{"type":"Feature","properties":{"full_id":"w620426544","osm_id":"620426544","osm_type":"way","natural":"water","wetland":null,"height":null,"drinking_water":null,"man_made":"oxidation_ditch","intermittent":null,"hazard":null,"basin":null,"amenity":null,"description":null,"alt_name":null,"name:ru":null,"water":"wastewater","name":null,"type":null},"geometry":{"type":"Polygon","coordinates":[[[41.484034,52.73185],[41.484212,52.731893],[41.484143,52.731997],[41.483965,52.731954],[41.484034,52.73185]]]}},{"type":"Feature","properties":{"full_id":"w620426545","osm_id":"620426545","osm_type":"way","natural":"water","wetland":null,"height":null,"drinking_water":null,"man_made":"oxidation_ditch","intermittent":null,"hazard":null,"basin":null,"amenity":null,"description":null,"alt_name":null,"name:ru":null,"water":"wastewater","name":null,"type":null},"geometry":{"type":"Polygon","coordinates":[[[41.483814,52.731801],[41.483994,52.731841],[41.48393,52.731947],[41.48375,52.731907],[41.483814,52.731801]]]}},{"type":"Feature","properties":{"full_id":"w620426546","osm_id":"620426546","osm_type":"way","natural":"water","wetland":null,"height":null,"drinking_water":null,"man_made":"oxidation_ditch","intermittent":null,"hazard":null,"basin":null,"amenity":null,"description":null,"alt_name":null,"name:ru":null,"water":"wastewater","name":null,"type":null},"geometry":{"type":"Polygon","coordinates":[[[41.483737,52.731937],[41.483917,52.731977],[41.483853,52.732082],[41.483673,52.732042],[41.483737,52.731937]]]}},{"type":"Feature","properties":{"full_id":"w620426547","osm_id":"620426547","osm_type":"way","natural":"water","wetland":null,"height":null,"drinking_water":null,"man_made":"oxidation_ditch","intermittent":null,"hazard":null,"basin":null,"amenity":null,"description":null,"alt_name":null,"name:ru":null,"water":"wastewater","name":null,"type":null},"geometry":{"type":"Polygon","coordinates":[[[41.482712,52.731881],[41.482422,52.731818],[41.482527,52.731641],[41.482816,52.731704],[41.482712,52.731881]]]}},{"type":"Feature","properties":{"full_id":"w620426768","osm_id":"620426768","osm_type":"way","natural":"water","wetland":null,"height":null,"drinking_water":null,"man_made":"clarifier","intermittent":null,"hazard":null,"basin":null,"amenity":null,"description":null,"alt_name":null,"name:ru":null,"water":"wastewater","name":null,"type":null},"geometry":{"type":"Polygon","coordinates":[[[41.48217,52.731761],[41.482165,52.731755],[41.482162,52.731749],[41.482161,52.731742],[41.482163,52.731736],[41.482166,52.73173],[41.482171,52.731724],[41.482178,52.731719],[41.482187,52.731715],[41.482196,52.731712],[41.482207,52.73171],[41.482218,52.731709],[41.482229,52.73171],[41.482239,52.731712],[41.482248,52.731715],[41.482257,52.731719],[41.482264,52.731725],[41.482269,52.73173],[41.482272,52.731737],[41.482272,52.731743],[41.482271,52.73175],[41.482268,52.731756],[41.482262,52.731762],[41.482256,52.731767],[41.482247,52.731771],[41.482237,52.731774],[41.482227,52.731776],[41.482216,52.731777],[41.482205,52.731776],[41.482195,52.731774],[41.482185,52.731771],[41.482177,52.731766],[41.48217,52.731761]]]}},{"type":"Feature","properties":{"full_id":"w620426769","osm_id":"620426769","osm_type":"way","natural":"water","wetland":null,"height":null,"drinking_water":null,"man_made":"clarifier","intermittent":null,"hazard":null,"basin":null,"amenity":null,"description":null,"alt_name":null,"name:ru":null,"water":"wastewater","name":null,"type":null},"geometry":{"type":"Polygon","coordinates":[[[41.482026,52.73172],[41.482021,52.731714],[41.482018,52.731708],[41.482017,52.731701],[41.482018,52.731695],[41.482021,52.731688],[41.482027,52.731682],[41.482034,52.731678],[41.482042,52.731673],[41.482052,52.73167],[41.482062,52.731669],[41.482073,52.731668],[41.482084,52.731669],[41.482094,52.731671],[41.482104,52.731674],[41.482112,52.731678],[41.482119,52.731684],[41.482124,52.731689],[41.482127,52.731696],[41.482128,52.731702],[41.482127,52.731709],[41.482123,52.731715],[41.482118,52.731721],[41.482111,52.731726],[41.482102,52.73173],[41.482093,52.731733],[41.482082,52.731735],[41.482071,52.731735],[41.482061,52.731735],[41.48205,52.731732],[41.482041,52.731729],[41.482032,52.731725],[41.482026,52.73172]]]}},{"type":"Feature","properties":{"full_id":"w620426770","osm_id":"620426770","osm_type":"way","natural":"water","wetland":null,"height":null,"drinking_water":null,"man_made":"clarifier","intermittent":null,"hazard":null,"basin":null,"amenity":null,"description":null,"alt_name":null,"name:ru":null,"water":"wastewater","name":null,"type":null},"geometry":{"type":"Polygon","coordinates":[[[41.482219,52.731666],[41.482214,52.73166],[41.482211,52.731654],[41.48221,52.731647],[41.482211,52.73164],[41.482215,52.731634],[41.48222,52.731628],[41.482227,52.731623],[41.482236,52.731619],[41.482245,52.731616],[41.482256,52.731614],[41.482267,52.731614],[41.482278,52.731615],[41.482288,52.731617],[41.482297,52.73162],[41.482306,52.731624],[41.482312,52.731629],[41.482317,52.731635],[41.48232,52.731642],[41.482321,52.731648],[41.48232,52.731655],[41.482317,52.731661],[41.482312,52.731667],[41.482304,52.731672],[41.482296,52.731676],[41.482286,52.731679],[41.482276,52.731681],[41.482265,52.731681],[41.482254,52.73168],[41.482244,52.731678],[41.482234,52.731675],[41.482226,52.731671],[41.482219,52.731666]]]}},{"type":"Feature","properties":{"full_id":"w620426771","osm_id":"620426771","osm_type":"way","natural":"water","wetland":null,"height":null,"drinking_water":null,"man_made":"clarifier","intermittent":null,"hazard":null,"basin":null,"amenity":null,"description":null,"alt_name":null,"name:ru":null,"water":"wastewater","name":null,"type":null},"geometry":{"type":"Polygon","coordinates":[[[41.482076,52.73163],[41.482071,52.731624],[41.482068,52.731618],[41.482067,52.731611],[41.482069,52.731604],[41.482072,52.731598],[41.482077,52.731592],[41.482084,52.731587],[41.482093,52.731583],[41.482103,52.73158],[41.482113,52.731578],[41.482124,52.731578],[41.482135,52.731579],[41.482145,52.731581],[41.482155,52.731584],[41.482163,52.731588],[41.48217,52.731593],[41.482175,52.731599],[41.482178,52.731605],[41.482179,52.731612],[41.482177,52.731619],[41.482174,52.731625],[41.482169,52.731631],[41.482162,52.731636],[41.482153,52.73164],[41.482143,52.731643],[41.482133,52.731645],[41.482122,52.731645],[41.482111,52.731644],[41.482101,52.731642],[41.482091,52.731639],[41.482083,52.731635],[41.482076,52.73163]]]}},{"type":"Feature","properties":{"full_id":"w620426772","osm_id":"620426772","osm_type":"way","natural":"water","wetland":null,"height":null,"drinking_water":null,"man_made":"clarifier","intermittent":null,"hazard":null,"basin":null,"amenity":null,"description":null,"alt_name":null,"name:ru":null,"water":"wastewater","name":null,"type":null},"geometry":{"type":"Polygon","coordinates":[[[41.482151,52.731532],[41.482146,52.731526],[41.482143,52.731519],[41.482143,52.731513],[41.482144,52.731506],[41.482147,52.7315],[41.482152,52.731494],[41.482159,52.731489],[41.482168,52.731485],[41.482178,52.731482],[41.482188,52.73148],[41.482199,52.73148],[41.48221,52.731481],[41.48222,52.731483],[41.48223,52.731486],[41.482238,52.73149],[41.482245,52.731495],[41.48225,52.731501],[41.482253,52.731507],[41.482254,52.731514],[41.482252,52.731521],[41.482249,52.731527],[41.482244,52.731533],[41.482237,52.731538],[41.482228,52.731542],[41.482219,52.731545],[41.482208,52.731547],[41.482197,52.731547],[41.482186,52.731546],[41.482176,52.731544],[41.482166,52.731541],[41.482158,52.731537],[41.482151,52.731532]]]}},{"type":"Feature","properties":{"full_id":"w620426773","osm_id":"620426773","osm_type":"way","natural":"water","wetland":null,"height":null,"drinking_water":null,"man_made":"clarifier","intermittent":null,"hazard":null,"basin":null,"amenity":null,"description":null,"alt_name":null,"name:ru":null,"water":"wastewater","name":null,"type":null},"geometry":{"type":"Polygon","coordinates":[[[41.482296,52.731562],[41.482291,52.731556],[41.482288,52.73155],[41.482287,52.731543],[41.482289,52.731537],[41.482292,52.73153],[41.482297,52.731525],[41.482304,52.73152],[41.482313,52.731516],[41.482323,52.731512],[41.482333,52.731511],[41.482344,52.73151],[41.482355,52.731511],[41.482365,52.731513],[41.482374,52.731516],[41.482383,52.73152],[41.48239,52.731525],[41.482394,52.731531],[41.482397,52.731538],[41.482398,52.731544],[41.482397,52.731551],[41.482394,52.731557],[41.482389,52.731563],[41.482382,52.731568],[41.482373,52.731572],[41.482363,52.731575],[41.482353,52.731577],[41.482342,52.731577],[41.482331,52.731577],[41.482321,52.731575],[41.482311,52.731571],[41.482303,52.731567],[41.482296,52.731562]]]}},{"type":"Feature","properties":{"full_id":"w631374471","osm_id":"631374471","osm_type":"way","natural":"water","wetland":null,"height":null,"drinking_water":null,"man_made":null,"intermittent":null,"hazard":null,"basin":null,"amenity":null,"description":null,"alt_name":null,"name:ru":"Капустное","water":"lake","name":"Капустное","type":null},"geometry":{"type":"Polygon","coordinates":[[[41.501917,52.723609],[41.503665,52.723674],[41.504073,52.724668],[41.503695,52.725009],[41.503625,52.725111],[41.503602,52.725224],[41.50374,52.725451],[41.503869,52.72552],[41.505361,52.725624],[41.506348,52.726286],[41.506278,52.726407],[41.504942,52.726192],[41.503596,52.726277],[41.502598,52.726244],[41.502479,52.725967],[41.502205,52.72558],[41.50161,52.72492],[41.500098,52.723976],[41.499959,52.723466],[41.500629,52.72331],[41.501557,52.723531],[41.501917,52.723609]]]}},{"type":"Feature","properties":{"full_id":"w882660403","osm_id":"882660403","osm_type":"way","natural":"water","wetland":null,"height":null,"drinking_water":null,"man_made":null,"intermittent":null,"hazard":null,"basin":null,"amenity":null,"description":null,"alt_name":null,"name:ru":null,"water":null,"name":null,"type":null},"geometry":null},{"type":"Feature","properties":{"full_id":"w1135269034","osm_id":"1135269034","osm_type":"way","natural":"water","wetland":null,"height":null,"drinking_water":null,"man_made":null,"intermittent":null,"hazard":null,"basin":null,"amenity":null,"description":null,"alt_name":null,"name:ru":null,"water":null,"name":null,"type":null},"geometry":{"type":"Polygon","coordinates":[[[41.499088,52.74441],[41.499131,52.744223],[41.499293,52.744037],[41.499632,52.743873],[41.500131,52.743802],[41.500523,52.743844],[41.50073,52.743947],[41.500635,52.744059],[41.500366,52.744206],[41.499875,52.744295],[41.499612,52.744297],[41.499527,52.744388],[41.499444,52.744503],[41.499314,52.744575],[41.499141,52.744539],[41.499088,52.74441]]]}},{"type":"Feature","properties":{"full_id":"w1173131357","osm_id":"1173131357","osm_type":"way","natural":"water","wetland":null,"height":null,"drinking_water":null,"man_made":null,"intermittent":null,"hazard":null,"basin":null,"amenity":null,"description":null,"alt_name":null,"name:ru":null,"water":null,"name":null,"type":null},"geometry":{"type":"Polygon","coordinates":[[[41.486974,52.728729],[41.487106,52.728606],[41.487337,52.728598],[41.487323,52.728688],[41.487252,52.728745],[41.487118,52.728786],[41.486974,52.728729]]]}},{"type":"Feature","properties":{"full_id":"w1173765675","osm_id":"1173765675","osm_type":"way","natural":"water","wetland":null,"height":null,"drinking_water":null,"man_made":null,"intermittent":null,"hazard":null,"basin":null,"amenity":null,"description":null,"alt_name":null,"name:ru":null,"water":null,"name":null,"type":null},"geometry":{"type":"Polygon","coordinates":[[[41.468323,52.730786],[41.46835,52.730705],[41.468653,52.730755],[41.468783,52.730768],[41.468698,52.730839],[41.468586,52.730867],[41.468438,52.730836],[41.468323,52.730786]]]}},{"type":"Feature","properties":{"full_id":"w1174505220","osm_id":"1174505220","osm_type":"way","natural":"water","wetland":null,"height":null,"drinking_water":null,"man_made":null,"intermittent":null,"hazard":null,"basin":null,"amenity":null,"description":null,"alt_name":null,"name:ru":null,"water":null,"name":null,"type":null},"geometry":{"type":"Polygon","coordinates":[[[41.490127,52.761222],[41.490486,52.761253],[41.490763,52.761199],[41.490968,52.761313],[41.490666,52.761476],[41.490398,52.761454],[41.490127,52.761222]]]}},{"type":"Feature","properties":{"full_id":"w1174505229","osm_id":"1174505229","osm_type":"way","natural":"water","wetland":"wet_meadow","height":null,"drinking_water":null,"man_made":"tailings_pond","intermittent":"yes","hazard":"contamination","basin":null,"amenity":null,"description":null,"alt_name":null,"name:ru":null,"water":"basin","name":null,"type":null},"geometry":{"type":"Polygon","coordinates":[[[41.495674,52.757354],[41.495112,52.757375],[41.493792,52.756708],[41.493221,52.757204],[41.492482,52.756619],[41.491688,52.755615],[41.490763,52.754859],[41.489615,52.754097],[41.490702,52.753931],[41.491435,52.753999],[41.491911,52.754069],[41.494672,52.755808],[41.495411,52.756236],[41.495674,52.757354]]]}},{"type":"Feature","properties":{"full_id":"w1333267026","osm_id":"1333267026","osm_type":"way","natural":"water","wetland":null,"height":null,"drinking_water":null,"man_made":"tailings_pond","intermittent":"yes","hazard":"contamination","basin":null,"amenity":null,"description":null,"alt_name":null,"name:ru":null,"water":"basin","name":null,"type":null},"geometry":{"type":"Polygon","coordinates":[[[41.489525,52.752513],[41.489761,52.752263],[41.490158,52.751987],[41.49049,52.751824],[41.490769,52.75188],[41.491499,52.752331],[41.491676,52.752889],[41.491826,52.7536],[41.491778,52.753724],[41.491574,52.75374],[41.491279,52.753646],[41.489525,52.752513]]]}},{"type":"Feature","properties":{"full_id":"w1333267027","osm_id":"1333267027","osm_type":"way","natural":"water","wetland":null,"height":null,"drinking_water":null,"man_made":"tailings_pond","intermittent":"yes","hazard":"contamination","basin":null,"amenity":null,"description":null,"alt_name":null,"name:ru":null,"water":"basin","name":null,"type":null},"geometry":{"type":"Polygon","coordinates":[[[41.491612,52.749795],[41.490887,52.749545],[41.490619,52.74936],[41.490523,52.749003],[41.49041,52.748756],[41.490748,52.748577],[41.490877,52.748577],[41.491295,52.748681],[41.494503,52.749811],[41.494578,52.749964],[41.494476,52.75049],[41.494417,52.750753],[41.493607,52.750451],[41.492111,52.749993],[41.491612,52.749795]]]}},{"type":"Feature","properties":{"full_id":"w1333267028","osm_id":"1333267028","osm_type":"way","natural":"water","wetland":null,"height":null,"drinking_water":null,"man_made":"tailings_pond","intermittent":"yes","hazard":"contamination","basin":null,"amenity":null,"description":null,"alt_name":null,"name:ru":null,"water":"basin","name":null,"type":null},"geometry":{"type":"Polygon","coordinates":[[[41.491923,52.757117],[41.493334,52.757357],[41.493553,52.757435],[41.493537,52.757694],[41.493344,52.758152],[41.493114,52.758623],[41.493001,52.758746],[41.492384,52.758659],[41.49181,52.758564],[41.491499,52.758454],[41.491381,52.758305],[41.491724,52.757526],[41.491923,52.757117]]]}},{"type":"Feature","properties":{"full_id":"w1333267029","osm_id":"1333267029","osm_type":"way","natural":"water","wetland":null,"height":null,"drinking_water":null,"man_made":"tailings_pond","intermittent":"yes","hazard":"contamination","basin":null,"amenity":null,"description":null,"alt_name":null,"name:ru":null,"water":"basin","name":null,"type":null},"geometry":{"type":"Polygon","coordinates":[[[41.490362,52.758013],[41.490705,52.7571],[41.491005,52.757074],[41.491413,52.757123],[41.49152,52.757233],[41.491349,52.757802],[41.491118,52.75823],[41.490909,52.75824],[41.490474,52.758165],[41.49033,52.758113],[41.490362,52.758013]]]}},{"type":"Feature","properties":{"full_id":"w1333267030","osm_id":"1333267030","osm_type":"way","natural":"water","wetland":null,"height":null,"drinking_water":null,"man_made":"tailings_pond","intermittent":"yes","hazard":"contamination","basin":null,"amenity":null,"description":null,"alt_name":null,"name:ru":null,"water":"basin","name":null,"type":null},"geometry":{"type":"Polygon","coordinates":[[[41.489224,52.757879],[41.489471,52.757194],[41.489584,52.756951],[41.489798,52.756912],[41.490222,52.756957],[41.490367,52.757094],[41.489992,52.758042],[41.489857,52.758042],[41.489289,52.757944],[41.489224,52.757879]]]}},{"type":"Feature","properties":{"full_id":"w1333267031","osm_id":"1333267031","osm_type":"way","natural":"water","wetland":null,"height":null,"drinking_water":null,"man_made":"tailings_pond","intermittent":"yes","hazard":"contamination","basin":null,"amenity":null,"description":null,"alt_name":null,"name:ru":null,"water":"basin","name":null,"type":null},"geometry":{"type":"Polygon","coordinates":[[[41.488157,52.760563],[41.487776,52.760514],[41.487701,52.760433],[41.487771,52.760157],[41.488017,52.759452],[41.488074,52.759389],[41.488586,52.759443],[41.488774,52.759508],[41.488795,52.759649],[41.488441,52.760559],[41.488157,52.760563]]]}},{"type":"Feature","properties":{"full_id":"w1333267032","osm_id":"1333267032","osm_type":"way","natural":"water","wetland":null,"height":null,"drinking_water":null,"man_made":"tailings_pond","intermittent":"yes","hazard":"contamination","basin":null,"amenity":null,"description":null,"alt_name":null,"name:ru":null,"water":"basin","name":null,"type":null},"geometry":{"type":"Polygon","coordinates":[[[41.486832,52.760326],[41.486958,52.759852],[41.487124,52.7594],[41.487186,52.759287],[41.487285,52.759245],[41.48776,52.759323],[41.487905,52.759371],[41.487819,52.759689],[41.487647,52.760209],[41.487553,52.76042],[41.487438,52.760472],[41.487159,52.760425],[41.486902,52.760378],[41.486832,52.760326]]]}},{"type":"Feature","properties":{"full_id":"w1333267033","osm_id":"1333267033","osm_type":"way","natural":"water","wetland":null,"height":null,"drinking_water":null,"man_made":"tailings_pond","intermittent":"yes","hazard":"contamination","basin":null,"amenity":null,"description":null,"alt_name":null,"name:ru":null,"water":"basin","name":null,"type":null},"geometry":{"type":"Polygon","coordinates":[[[41.485775,52.760201],[41.486159,52.759316],[41.486349,52.759175],[41.486545,52.759157],[41.487004,52.759212],[41.48706,52.759261],[41.48688,52.759842],[41.486776,52.760236],[41.486719,52.760313],[41.48659,52.76034],[41.485853,52.760254],[41.485775,52.760201]]]}},{"type":"Feature","properties":{"full_id":"w1333267034","osm_id":"1333267034","osm_type":"way","natural":"water","wetland":null,"height":null,"drinking_water":null,"man_made":"tailings_pond","intermittent":"yes","hazard":"contamination","basin":null,"amenity":null,"description":null,"alt_name":null,"name:ru":null,"water":"basin","name":null,"type":null},"geometry":{"type":"Polygon","coordinates":[[[41.484372,52.760023],[41.484332,52.759959],[41.484549,52.759191],[41.485078,52.759214],[41.48599,52.75934],[41.485933,52.75962],[41.485703,52.760173],[41.485574,52.760222],[41.484812,52.760134],[41.484372,52.760023]]]}},{"type":"Feature","properties":{"full_id":"w1334660677","osm_id":"1334660677","osm_type":"way","natural":"water","wetland":null,"height":null,"drinking_water":null,"man_made":null,"intermittent":"yes","hazard":null,"basin":null,"amenity":null,"description":null,"alt_name":null,"name:ru":null,"water":"wastewater","name":null,"type":null},"geometry":{"type":"Polygon","coordinates":[[[41.486354,52.73419],[41.486601,52.73383],[41.488624,52.731283],[41.488956,52.73125],[41.490673,52.73217],[41.492926,52.732975],[41.491032,52.73471],[41.48997,52.735444],[41.489477,52.735285],[41.487341,52.734551],[41.486354,52.73419]]]}},{"type":"Feature","properties":{"full_id":"r6352990","osm_id":"6352990","osm_type":"relation","natural":"water","wetland":null,"height":null,"drinking_water":null,"man_made":null,"intermittent":null,"hazard":null,"basin":null,"amenity":null,"description":null,"alt_name":null,"name:ru":null,"water":"canal","name":"Тамбовское водохранилище","type":"multipolygon"},"geometry":{"type":"MultiPolygon","coordinates":[[[[41.481573,52.704742],[41.481521,52.704643],[41.481482,52.704547],[41.481457,52.704456],[41.481443,52.704404],[41.481422,52.704254],[41.481416,52.704167],[41.481446,52.704063],[41.481461,52.703965],[41.481447,52.703907],[41.481418,52.703758],[41.481428,52.703618],[41.481411,52.703511],[41.481358,52.703372],[41.481345,52.703293],[41.481335,52.703238],[41.48129,52.703182],[41.481042,52.702876],[41.480842,52.70263],[41.480831,52.702617],[41.48053,52.702102],[41.480443,52.701852],[41.480472,52.701677],[41.480566,52.701576],[41.480607,52.701479],[41.480625,52.701408],[41.480619,52.701356],[41.480604,52.701242],[41.480511,52.70115],[41.480419,52.700975],[41.480311,52.700742],[41.480295,52.700662],[41.480272,52.700619],[41.480192,52.700609],[41.480111,52.700588],[41.480088,52.700474],[41.480024,52.700387],[41.480026,52.700244],[41.480039,52.700095],[41.480079,52.700021],[41.480176,52.699859],[41.480186,52.699842],[41.48032,52.699659],[41.48029,52.699582],[41.480551,52.699163],[41.480544,52.699075],[41.480536,52.69893],[41.480607,52.698811],[41.480612,52.698677],[41.480619,52.698602],[41.480639,52.69854],[41.480719,52.69851],[41.480755,52.698478],[41.481058,52.698398],[41.481259,52.698249],[41.481379,52.698212],[41.481498,52.698175],[41.481604,52.698163],[41.481653,52.69816],[41.481688,52.698142],[41.481711,52.698082],[41.48165,52.698056],[41.481642,52.698002],[41.481654,52.697922],[41.481542,52.697828],[41.481544,52.697639],[41.481481,52.69758],[41.481486,52.697539],[41.481536,52.697438],[41.481732,52.697324],[41.481887,52.697239],[41.481938,52.69712],[41.482081,52.69708],[41.482288,52.69706],[41.48238,52.697051],[41.482475,52.696982],[41.482621,52.696921],[41.48282,52.696807],[41.482843,52.696633],[41.482798,52.696482],[41.482662,52.696374],[41.482586,52.696289],[41.482563,52.69615],[41.482482,52.696065],[41.482436,52.695904],[41.482461,52.69577],[41.482462,52.695698],[41.482194,52.695628],[41.481907,52.69549],[41.481595,52.695352],[41.481098,52.695128],[41.480721,52.69494],[41.480421,52.694813],[41.479965,52.694625],[41.479736,52.694589],[41.479444,52.694601],[41.479103,52.694635],[41.478843,52.694682],[41.478718,52.694667],[41.47856,52.694491],[41.478396,52.694298],[41.478163,52.69402],[41.477916,52.693825],[41.477551,52.693597],[41.477401,52.693487],[41.477197,52.693142],[41.477004,52.693155],[41.47665,52.693181],[41.476521,52.692986],[41.476596,52.692818],[41.476317,52.692713],[41.476135,52.692616],[41.476135,52.692544],[41.475909,52.692434],[41.475609,52.692278],[41.475427,52.692037],[41.475019,52.691966],[41.474676,52.691751],[41.474525,52.691679],[41.474348,52.691577],[41.474032,52.691484],[41.473669,52.691455],[41.473308,52.69148],[41.472519,52.691712],[41.471972,52.691829],[41.471371,52.691849],[41.470996,52.691887],[41.470738,52.691881],[41.470116,52.691881],[41.469935,52.691845],[41.469719,52.69179],[41.469483,52.69179],[41.468953,52.691705],[41.46854,52.691645],[41.467966,52.691497],[41.467353,52.691402],[41.46591,52.691186],[41.464858,52.69102],[41.463894,52.691016],[41.463711,52.691016],[41.463304,52.691068],[41.463207,52.690997],[41.462874,52.690899],[41.462638,52.690899],[41.462424,52.690899],[41.462241,52.690782],[41.462059,52.690763],[41.46149,52.690828],[41.461029,52.690886],[41.460643,52.69086],[41.459366,52.690789],[41.458873,52.690658],[41.458969,52.690496],[41.459227,52.690398],[41.459591,52.690275],[41.460396,52.689995],[41.46089,52.689904],[41.461308,52.689898],[41.461984,52.689937],[41.462274,52.690008],[41.462735,52.690106],[41.462971,52.69019],[41.46325,52.690346],[41.463368,52.690554],[41.463497,52.690711],[41.463679,52.690802],[41.463851,52.690841],[41.464945,52.69091],[41.465393,52.69092],[41.466032,52.691012],[41.467775,52.691263],[41.468097,52.691329],[41.468392,52.691381],[41.468584,52.691415],[41.468818,52.691504],[41.46914,52.691536],[41.469269,52.691582],[41.469591,52.691588],[41.469934,52.691614],[41.470095,52.691673],[41.470299,52.691757],[41.470706,52.691738],[41.471049,52.691712],[41.471317,52.691673],[41.471543,52.691556],[41.471768,52.691465],[41.472015,52.691491],[41.472315,52.691361],[41.472777,52.691218],[41.472884,52.691237],[41.473388,52.691107],[41.473892,52.691062],[41.474169,52.691112],[41.47488,52.691341],[41.475255,52.691523],[41.475631,52.691725],[41.475985,52.691849],[41.476424,52.692018],[41.476693,52.69218],[41.476725,52.692343],[41.476843,52.692564],[41.476993,52.692661],[41.477336,52.692746],[41.477444,52.692837],[41.477476,52.692967],[41.477605,52.693207],[41.477701,52.693396],[41.477916,52.693669],[41.478195,52.693897],[41.478431,52.69404],[41.478592,52.69437],[41.478731,52.694574],[41.478816,52.694606],[41.478983,52.694603],[41.479783,52.694519],[41.480061,52.69456],[41.480287,52.694664],[41.480512,52.694774],[41.480834,52.69488],[41.481003,52.694958],[41.481124,52.695047],[41.481419,52.695169],[41.481639,52.695275],[41.481971,52.695386],[41.482282,52.695504],[41.482391,52.695524],[41.482613,52.695474],[41.483371,52.695439],[41.483569,52.695349],[41.483683,52.695288],[41.483893,52.695215],[41.483932,52.695186],[41.483971,52.695167],[41.484003,52.695138],[41.484046,52.695089],[41.484131,52.694992],[41.484128,52.694794],[41.484347,52.694678],[41.484399,52.694627],[41.484426,52.694575],[41.484347,52.694495],[41.48426,52.694443],[41.484146,52.6944],[41.484074,52.694383],[41.48399,52.694371],[41.483873,52.694396],[41.483534,52.694388],[41.483118,52.694317],[41.482311,52.694053],[41.481854,52.693879],[41.481731,52.693779],[41.48173,52.69372],[41.481744,52.693659],[41.481785,52.693591],[41.481811,52.693543],[41.481906,52.693526],[41.481964,52.693523],[41.482032,52.693527],[41.482439,52.693657],[41.482777,52.693787],[41.483159,52.693914],[41.483268,52.693952],[41.48334,52.693949],[41.483409,52.69393],[41.483428,52.693883],[41.483413,52.693837],[41.48347,52.69377],[41.483566,52.693653],[41.483619,52.693551],[41.483631,52.69346],[41.483671,52.693303],[41.483692,52.693096],[41.483715,52.692929],[41.483762,52.692794],[41.483883,52.69271],[41.483939,52.692664],[41.483903,52.692611],[41.483839,52.692604],[41.483725,52.692608],[41.483592,52.692647],[41.48351,52.692643],[41.483434,52.692625],[41.483302,52.692532],[41.483198,52.691832],[41.483186,52.691516],[41.483219,52.69126],[41.483326,52.691052],[41.483542,52.690972],[41.484002,52.690713],[41.484202,52.690352],[41.485473,52.689443],[41.485976,52.689286],[41.486623,52.688942],[41.487162,52.688953],[41.487407,52.689009],[41.487631,52.688991],[41.488039,52.688802],[41.488405,52.688648],[41.488683,52.688564],[41.488797,52.688565],[41.488912,52.688586],[41.48898,52.688637],[41.489269,52.688682],[41.489402,52.688784],[41.48946,52.688796],[41.489576,52.6888],[41.489636,52.6888],[41.489697,52.688796],[41.489758,52.688773],[41.489976,52.689032],[41.489993,52.689408],[41.490134,52.689816],[41.490028,52.690182],[41.489943,52.690475],[41.489854,52.690603],[41.489729,52.690688],[41.489581,52.69074],[41.489397,52.690781],[41.488924,52.691019],[41.488851,52.691055],[41.488802,52.691166],[41.48887,52.691328],[41.488773,52.691515],[41.488637,52.691619],[41.488552,52.691645],[41.488469,52.691721],[41.488283,52.692008],[41.487971,52.692368],[41.487846,52.692488],[41.48779,52.69258],[41.487835,52.692642],[41.488033,52.692645],[41.488381,52.692686],[41.4886,52.692726],[41.488696,52.692821],[41.488829,52.692948],[41.488949,52.693017],[41.489477,52.69314],[41.489204,52.693752],[41.48906,52.694069],[41.488886,52.694431],[41.488692,52.694858],[41.488422,52.695118],[41.487959,52.69553],[41.487868,52.695676],[41.488092,52.695764],[41.488293,52.69584],[41.488288,52.695937],[41.488486,52.695954],[41.488578,52.696027],[41.488741,52.696057],[41.489046,52.696105],[41.489233,52.696259],[41.489541,52.6963],[41.489795,52.696327],[41.490153,52.696208],[41.490478,52.696115],[41.49102,52.695974],[41.491526,52.695791],[41.491767,52.695521],[41.491956,52.695323],[41.492188,52.695216],[41.492461,52.695143],[41.492531,52.694961],[41.492735,52.694805],[41.493059,52.694715],[41.493149,52.694631],[41.493526,52.694487],[41.493658,52.694239],[41.49376,52.694026],[41.49389,52.693876],[41.493975,52.693786],[41.493955,52.693698],[41.494372,52.693417],[41.494584,52.69334],[41.494931,52.693301],[41.495575,52.693224],[41.496272,52.693048],[41.496797,52.692786],[41.497539,52.692352],[41.497885,52.692295],[41.499086,52.691256],[41.499837,52.689806],[41.499283,52.687593],[41.499094,52.686746],[41.499081,52.686658],[41.499142,52.686636],[41.499177,52.686035],[41.499173,52.685771],[41.499319,52.685068],[41.499032,52.683387],[41.498361,52.682376],[41.497983,52.681792],[41.497904,52.681615],[41.497754,52.681572],[41.49758,52.681456],[41.49733,52.681424],[41.497062,52.681342],[41.496755,52.681183],[41.496575,52.681003],[41.496288,52.680865],[41.495981,52.681067],[41.495832,52.681226],[41.495652,52.681141],[41.495641,52.680961],[41.495769,52.68077],[41.495849,52.680644],[41.495656,52.680472],[41.495517,52.680495],[41.495516,52.680463],[41.495497,52.68045],[41.495563,52.680409],[41.495534,52.680348],[41.49541,52.68027],[41.495309,52.680285],[41.495231,52.68023],[41.495026,52.680058],[41.494776,52.679865],[41.494657,52.679705],[41.49458,52.679596],[41.494567,52.679434],[41.494523,52.679287],[41.494541,52.679157],[41.494578,52.67908],[41.494644,52.679063],[41.49473,52.679069],[41.494805,52.679103],[41.494856,52.679136],[41.494951,52.679204],[41.494988,52.679221],[41.495023,52.679176],[41.49507,52.679148],[41.495114,52.679147],[41.495152,52.679169],[41.495082,52.679262],[41.495044,52.679316],[41.495099,52.67941],[41.49524,52.679634],[41.495401,52.679752],[41.495486,52.679898],[41.495794,52.680043],[41.495955,52.680187],[41.496108,52.680444],[41.496299,52.680664],[41.496511,52.680759],[41.496666,52.68087],[41.496796,52.680953],[41.497028,52.681073],[41.497153,52.681119],[41.49737,52.681138],[41.497481,52.681143],[41.497768,52.681206],[41.497175,52.680489],[41.49685,52.680231],[41.496668,52.679992],[41.49633,52.679515],[41.496052,52.679334],[41.495882,52.679155],[41.495724,52.67901],[41.495729,52.678853],[41.495398,52.678736],[41.495193,52.678669],[41.495084,52.678607],[41.494956,52.678568],[41.4949,52.678543],[41.494858,52.678482],[41.494669,52.678395],[41.494586,52.678292],[41.494461,52.678119],[41.494334,52.677974],[41.494104,52.677757],[41.493896,52.67762],[41.49368,52.677478],[41.493455,52.677379],[41.493454,52.677169],[41.493296,52.677005],[41.493094,52.676914],[41.492861,52.676809],[41.492498,52.676675],[41.492452,52.676671],[41.492416,52.676685],[41.492332,52.676742],[41.492107,52.67692],[41.492087,52.67696],[41.49209,52.67715],[41.492152,52.677213],[41.49225,52.677253],[41.492456,52.677315],[41.492607,52.677371],[41.492693,52.677431],[41.492693,52.677468],[41.492676,52.677504],[41.492601,52.677564],[41.492545,52.677586],[41.492332,52.677619],[41.492201,52.677615],[41.491638,52.677513],[41.49135,52.677431],[41.491073,52.677324],[41.49103,52.677301],[41.490991,52.677289],[41.490963,52.677291],[41.490901,52.677298],[41.490871,52.677296],[41.490854,52.677287],[41.490854,52.677275],[41.490867,52.677197],[41.490812,52.677153],[41.490699,52.677114],[41.490358,52.677037],[41.490306,52.677014],[41.490284,52.676981],[41.490262,52.676864],[41.490227,52.676833],[41.489933,52.676749],[41.489807,52.676759],[41.489752,52.676738],[41.489717,52.676665],[41.489668,52.676638],[41.489483,52.676485],[41.489409,52.676343],[41.489347,52.676329],[41.489283,52.676335],[41.489253,52.676259],[41.489253,52.676072],[41.489265,52.676036],[41.489258,52.675962],[41.489216,52.675934],[41.488966,52.675898],[41.488828,52.675793],[41.488778,52.675767],[41.488746,52.675733],[41.488722,52.675657],[41.488581,52.675523],[41.488546,52.675448],[41.488546,52.675412],[41.488563,52.675376],[41.48864,52.675324],[41.488657,52.675288],[41.488647,52.675249],[41.488571,52.675141],[41.488526,52.675113],[41.4884,52.675092],[41.488269,52.675086],[41.487498,52.675224],[41.487392,52.675262],[41.487345,52.675292],[41.48734,52.675331],[41.48738,52.675402],[41.487345,52.675477],[41.487345,52.675514],[41.487372,52.675547],[41.487417,52.67557],[41.487474,52.675579],[41.487518,52.675601],[41.487543,52.675636],[41.487582,52.675663],[41.487639,52.675672],[41.487681,52.675697],[41.487696,52.675733],[41.487684,52.675845],[41.487642,52.675875],[41.487573,52.675877],[41.487444,52.675854],[41.487335,52.675814],[41.487291,52.675783],[41.487226,52.675678],[41.48718,52.675649],[41.487123,52.675634],[41.486989,52.675634],[41.486935,52.675616],[41.486915,52.675579],[41.486908,52.675501],[41.486873,52.675469],[41.486816,52.675453],[41.486804,52.675417],[41.486811,52.675381],[41.486908,52.675334],[41.486928,52.675302],[41.48692,52.675227],[41.486885,52.675195],[41.486648,52.675174],[41.486169,52.675155],[41.485917,52.675111],[41.485865,52.675089],[41.485719,52.675059],[41.485652,52.675051],[41.485502,52.675054],[41.485435,52.67505],[41.485371,52.675032],[41.485331,52.675003],[41.485319,52.674966],[41.485262,52.674895],[41.48521,52.674874],[41.48496,52.674824],[41.484911,52.674799],[41.484886,52.674765],[41.484921,52.674737],[41.48516,52.674662],[41.485279,52.67465],[41.485385,52.674614],[41.485442,52.674609],[41.485499,52.674621],[41.485516,52.674772],[41.485638,52.674853],[41.486011,52.674865],[41.486122,52.6749],[41.486295,52.67493],[41.486416,52.67493],[41.48668,52.674906],[41.486816,52.674883],[41.486928,52.674849],[41.487002,52.674795],[41.487059,52.674782],[41.48712,52.67478],[41.487177,52.674798],[41.487217,52.674825],[41.487241,52.674858],[41.487283,52.674885],[41.487338,52.674901],[41.487521,52.674918],[41.487755,52.674958],[41.487879,52.67496],[41.487936,52.674949],[41.488304,52.674838],[41.48842,52.674819],[41.488541,52.674811],[41.488722,52.674819],[41.488771,52.67484],[41.489038,52.675002],[41.489072,52.675035],[41.489166,52.675087],[41.489196,52.675161],[41.489206,52.675436],[41.489248,52.675507],[41.489339,52.675556],[41.489755,52.675688],[41.489801,52.675725],[41.489846,52.675794],[41.489895,52.675815],[41.489952,52.675826],[41.489952,52.675863],[41.489557,52.675877],[41.489503,52.675896],[41.48947,52.675929],[41.489453,52.675967],[41.489465,52.676004],[41.489514,52.676037],[41.489525,52.676121],[41.489638,52.676233],[41.489693,52.676247],[41.489774,52.676298],[41.489826,52.676316],[41.489883,52.676326],[41.489992,52.676413],[41.490046,52.676433],[41.490291,52.676476],[41.49061,52.676557],[41.490797,52.676559],[41.490844,52.676581],[41.490914,52.676644],[41.491082,52.676846],[41.491119,52.676917],[41.491178,52.676983],[41.491242,52.677044],[41.491299,52.677059],[41.491358,52.677063],[41.491415,52.677053],[41.491662,52.676962],[41.492053,52.676783],[41.492203,52.676656],[41.492247,52.676611],[41.492255,52.676595],[41.492251,52.676577],[41.492246,52.676558],[41.492239,52.676548],[41.492226,52.676541],[41.492187,52.676529],[41.491825,52.676464],[41.4917,52.676418],[41.491591,52.676383],[41.49138,52.676301],[41.491585,52.676285],[41.491872,52.676326],[41.492319,52.676368],[41.492557,52.676437],[41.492773,52.676437],[41.493043,52.6765],[41.493274,52.676581],[41.49343,52.676659],[41.493685,52.676649],[41.493792,52.676641],[41.493876,52.676581],[41.494027,52.676448],[41.494229,52.676391],[41.494409,52.676363],[41.494573,52.676296],[41.49465,52.676306],[41.494689,52.676346],[41.494753,52.67649],[41.494669,52.676535],[41.494524,52.676557],[41.494281,52.67666],[41.494113,52.676758],[41.494076,52.676864],[41.494175,52.676999],[41.494543,52.677327],[41.495191,52.677827],[41.495425,52.678187],[41.495505,52.678252],[41.495788,52.678327],[41.49612,52.678496],[41.496507,52.678739],[41.496534,52.678247],[41.496613,52.677916],[41.496812,52.677624],[41.497109,52.677262],[41.497262,52.677087],[41.497094,52.676848],[41.496904,52.67671],[41.496798,52.676498],[41.496487,52.676314],[41.496222,52.676026],[41.496187,52.675892],[41.496257,52.675707],[41.496407,52.67554],[41.496995,52.675099],[41.497107,52.67505],[41.497184,52.675036],[41.497266,52.675035],[41.49773,52.675084],[41.497783,52.675107],[41.497808,52.675153],[41.497779,52.675182],[41.497716,52.675182],[41.497435,52.675144],[41.497244,52.675125],[41.497136,52.675127],[41.497069,52.675154],[41.49667,52.675505],[41.496431,52.675696],[41.496433,52.675767],[41.496391,52.675798],[41.496354,52.675821],[41.496338,52.675856],[41.496347,52.675904],[41.496379,52.675937],[41.496428,52.675949],[41.49648,52.675949],[41.496523,52.675934],[41.496568,52.675887],[41.49656,52.675841],[41.496535,52.675804],[41.496579,52.675787],[41.496637,52.675795],[41.496704,52.675821],[41.496729,52.67586],[41.4967,52.67591],[41.496674,52.675945],[41.496619,52.675971],[41.496521,52.675996],[41.496482,52.676029],[41.496474,52.676075],[41.49655,52.676216],[41.496617,52.676273],[41.496645,52.676312],[41.496709,52.676323],[41.4968,52.676333],[41.496894,52.676323],[41.496952,52.676246],[41.496976,52.676219],[41.497027,52.676219],[41.497134,52.67629],[41.497384,52.676453],[41.497503,52.676546],[41.497533,52.676657],[41.497521,52.676739],[41.497488,52.67682],[41.497508,52.676841],[41.497554,52.676848],[41.497608,52.676829],[41.497727,52.67663],[41.497965,52.676325],[41.498301,52.675934],[41.498528,52.675732],[41.498674,52.675476],[41.498655,52.675427],[41.498604,52.675389],[41.498508,52.675363],[41.498606,52.675173],[41.498638,52.675155],[41.49871,52.675158],[41.498762,52.67515],[41.498796,52.675127],[41.49884,52.675048],[41.498893,52.674814],[41.499051,52.674611],[41.499038,52.674446],[41.499142,52.674171],[41.499092,52.673727],[41.499052,52.672932],[41.499317,52.672534],[41.499675,52.672561],[41.499848,52.672587],[41.499954,52.672296],[41.500166,52.672137],[41.500325,52.672269],[41.500285,52.672455],[41.500046,52.67264],[41.500166,52.672733],[41.500365,52.672773],[41.500378,52.672945],[41.500179,52.672932],[41.499993,52.672813],[41.499715,52.672813],[41.499463,52.672839],[41.499437,52.673131],[41.499463,52.673634],[41.499538,52.673945],[41.499603,52.674079],[41.499768,52.674231],[41.499529,52.675039],[41.499291,52.67557],[41.498774,52.676113],[41.498575,52.676272],[41.498774,52.676484],[41.498681,52.676643],[41.498376,52.676736],[41.497899,52.677213],[41.497661,52.677585],[41.497409,52.677995],[41.497289,52.678592],[41.497463,52.679222],[41.498576,52.680579],[41.498607,52.680436],[41.498642,52.680178],[41.498746,52.680155],[41.498841,52.680166],[41.498929,52.680223],[41.498958,52.680346],[41.499045,52.68033],[41.49917,52.680217],[41.499202,52.680103],[41.499202,52.679908],[41.499193,52.679599],[41.499131,52.679461],[41.499456,52.679444],[41.499488,52.679052],[41.499365,52.678791],[41.499202,52.678512],[41.499032,52.678299],[41.498566,52.678051],[41.498357,52.677877],[41.498288,52.677745],[41.498566,52.677793],[41.498883,52.677915],[41.499312,52.678252],[41.499543,52.678539],[41.49978,52.679025],[41.499817,52.679409],[41.499726,52.679717],[41.499585,52.680063],[41.499357,52.680355],[41.499174,52.680627],[41.499051,52.680785],[41.498936,52.680944],[41.498937,52.681174],[41.498935,52.681261],[41.498917,52.681356],[41.499268,52.681494],[41.499978,52.681985],[41.500393,52.683922],[41.500622,52.684977],[41.500401,52.686892],[41.501226,52.689349],[41.501247,52.690141],[41.500176,52.691411],[41.499616,52.692178],[41.498946,52.692698],[41.498237,52.69312],[41.49792,52.693645],[41.498376,52.694211],[41.4994,52.694987],[41.50202,52.696062],[41.503105,52.696851],[41.504625,52.698164],[41.504838,52.69838],[41.504894,52.698431],[41.505534,52.699037],[41.505726,52.699446],[41.505791,52.699682],[41.505827,52.699775],[41.505886,52.699853],[41.505939,52.699878],[41.505988,52.699888],[41.506054,52.699888],[41.506113,52.699876],[41.506152,52.699851],[41.506191,52.699805],[41.506209,52.69975],[41.506312,52.698946],[41.506313,52.698754],[41.506343,52.6985],[41.506444,52.698242],[41.506752,52.698034],[41.507801,52.697528],[41.508059,52.697478],[41.508567,52.697482],[41.510586,52.697686],[41.512363,52.697844],[41.513924,52.697857],[41.514769,52.69787],[41.516265,52.698238],[41.517284,52.698264],[41.5172,52.698448],[41.51591,52.698456],[41.514856,52.698256],[41.513928,52.698145],[41.512322,52.698066],[41.509456,52.697824],[41.508544,52.697702],[41.50844,52.697659],[41.508174,52.69765],[41.508029,52.697691],[41.507828,52.697741],[41.507614,52.697866],[41.507395,52.698027],[41.507366,52.698046],[41.50734,52.698068],[41.507176,52.69813],[41.506935,52.698305],[41.506839,52.698492],[41.506769,52.69871],[41.506651,52.699042],[41.506739,52.699336],[41.506683,52.699373],[41.506661,52.699417],[41.506651,52.699604],[41.50664,52.69989],[41.506544,52.70001],[41.506417,52.700124],[41.506465,52.700141],[41.506481,52.700146],[41.50653,52.700164],[41.506574,52.70019],[41.506585,52.700222],[41.506581,52.700246],[41.506566,52.700265],[41.506505,52.700285],[41.50649,52.700308],[41.506575,52.700365],[41.506653,52.700386],[41.506822,52.700483],[41.507756,52.700758],[41.508131,52.700927],[41.508413,52.70108],[41.508797,52.701398],[41.509156,52.701748],[41.509725,52.70205],[41.510138,52.702294],[41.510286,52.702321],[41.510377,52.702293],[41.510534,52.702119],[41.510566,52.702083],[41.510646,52.702],[41.510642,52.701973],[41.510381,52.701951],[41.51017,52.701907],[41.509899,52.701835],[41.509835,52.701805],[41.50979,52.701774],[41.509866,52.701786],[41.510023,52.701847],[41.51024,52.701895],[41.510491,52.701943],[41.510723,52.701944],[41.510781,52.701917],[41.510938,52.701735],[41.510982,52.701726],[41.510988,52.701773],[41.510734,52.702035],[41.510656,52.702105],[41.510591,52.702157],[41.510481,52.702314],[41.51048,52.702358],[41.510588,52.702398],[41.510649,52.702436],[41.51072,52.702481],[41.51087,52.70264],[41.510966,52.702788],[41.51098,52.702822],[41.511157,52.703159],[41.511203,52.703337],[41.511205,52.703407],[41.511157,52.703467],[41.51047,52.703999],[41.50985,52.704287],[41.509303,52.704742],[41.508403,52.705732],[41.507286,52.706623],[41.506659,52.70708],[41.506099,52.707429],[41.505859,52.707521],[41.50565,52.707719],[41.505442,52.708],[41.505069,52.708547],[41.504995,52.708682],[41.504802,52.709026],[41.504778,52.709073],[41.504786,52.709105],[41.504791,52.70912],[41.504811,52.709133],[41.504897,52.70913],[41.505027,52.709115],[41.505447,52.7092],[41.505523,52.709219],[41.505531,52.709288],[41.505542,52.709707],[41.505542,52.7098],[41.505515,52.709955],[41.505503,52.709997],[41.505488,52.710036],[41.505449,52.710083],[41.50539,52.710125],[41.505292,52.710179],[41.505166,52.710239],[41.505111,52.710277],[41.50506,52.71031],[41.505103,52.710371],[41.50512,52.710395],[41.505158,52.710386],[41.505313,52.710575],[41.505362,52.710662],[41.505347,52.710738],[41.505398,52.710862],[41.505444,52.710922],[41.505509,52.710977],[41.505932,52.711149],[41.505986,52.711306],[41.506077,52.711498],[41.506353,52.711588],[41.506505,52.711644],[41.506633,52.711696],[41.506853,52.711788],[41.50699,52.711867],[41.507138,52.712003],[41.507208,52.712188],[41.507276,52.712419],[41.507255,52.71267],[41.5071,52.712846],[41.506906,52.712956],[41.506628,52.713041],[41.506271,52.713125],[41.505943,52.713136],[41.505714,52.713101],[41.505279,52.713083],[41.504794,52.713002],[41.504587,52.712968],[41.504204,52.712917],[41.504032,52.712915],[41.503852,52.712937],[41.503423,52.71298],[41.503259,52.712976],[41.503074,52.713059],[41.502854,52.713214],[41.502681,52.713331],[41.502602,52.713392],[41.502421,52.713453],[41.502234,52.713522],[41.50184,52.713667],[41.5016,52.713768],[41.501399,52.713884],[41.500863,52.714217],[41.500469,52.714509],[41.500364,52.714609],[41.500279,52.714656],[41.50021,52.714728],[41.500102,52.715008],[41.500077,52.715098],[41.500074,52.715194],[41.500263,52.715428],[41.500405,52.715602],[41.500504,52.715709],[41.500609,52.715814],[41.500768,52.715933],[41.500935,52.716104],[41.501011,52.716274],[41.501056,52.716392],[41.501058,52.716453],[41.501047,52.716515],[41.500948,52.716782],[41.500828,52.716937],[41.500709,52.717031],[41.500451,52.717199],[41.500189,52.717339],[41.499974,52.717423],[41.499699,52.717514],[41.499393,52.717599],[41.499167,52.717615],[41.498961,52.717616],[41.498772,52.717616],[41.498512,52.717644],[41.498351,52.717646],[41.498116,52.717628],[41.497772,52.717494],[41.497597,52.717347],[41.497451,52.717145],[41.497304,52.716813],[41.497089,52.716402],[41.49699,52.716169],[41.496927,52.716002],[41.496749,52.715802],[41.496662,52.715697],[41.49656,52.715673],[41.496488,52.715568],[41.496497,52.715498],[41.49636,52.715332],[41.496267,52.715263],[41.496246,52.715274],[41.49622,52.715276],[41.4962,52.715274],[41.496181,52.715267],[41.496178,52.715254],[41.496186,52.715242],[41.496214,52.715234],[41.496222,52.71523],[41.496223,52.715225],[41.496222,52.715215],[41.495931,52.715005],[41.495906,52.715017],[41.49588,52.715016],[41.495871,52.715001],[41.495877,52.714988],[41.495902,52.71497],[41.495808,52.71488],[41.495344,52.714431],[41.495191,52.714314],[41.495176,52.714223],[41.495095,52.714131],[41.494869,52.714034],[41.494664,52.713946],[41.494458,52.713859],[41.494315,52.713823],[41.494097,52.713808],[41.493966,52.713821],[41.493855,52.713842],[41.493748,52.713878],[41.493635,52.713941],[41.493493,52.714095],[41.493051,52.714407],[41.492766,52.714563],[41.492468,52.714828],[41.492271,52.715038],[41.492101,52.715221],[41.491972,52.715479],[41.491891,52.71571],[41.491917,52.715884],[41.491959,52.715975],[41.492112,52.716254],[41.492152,52.71647],[41.492128,52.716657],[41.492112,52.716814],[41.492085,52.717069],[41.491975,52.717244],[41.491769,52.717454],[41.491663,52.717522],[41.491466,52.717596],[41.491276,52.717645],[41.491068,52.717652],[41.490605,52.717575],[41.49033,52.717493],[41.489976,52.717376],[41.48949,52.717168],[41.489129,52.717014],[41.488889,52.716884],[41.488556,52.716776],[41.488377,52.716736],[41.488203,52.716701],[41.488001,52.71667],[41.487842,52.716675],[41.487682,52.716703],[41.487554,52.716739],[41.487378,52.71683],[41.487161,52.71704],[41.486987,52.717314],[41.486912,52.717426],[41.486796,52.717552],[41.486412,52.7178],[41.486306,52.717893],[41.486247,52.717975],[41.486118,52.718127],[41.485915,52.718274],[41.485743,52.718391],[41.485363,52.718581],[41.484932,52.718732],[41.484594,52.718868],[41.484093,52.719042],[41.483815,52.719158],[41.483666,52.719219],[41.483537,52.719375],[41.483342,52.719518],[41.483337,52.719658],[41.483347,52.719816],[41.483347,52.720115],[41.483333,52.720386],[41.483162,52.720662],[41.483102,52.720742],[41.482893,52.720917],[41.482516,52.721198],[41.482276,52.721372],[41.482071,52.721499],[41.481777,52.721595],[41.481455,52.721741],[41.481094,52.721753],[41.480958,52.721784],[41.480741,52.721899],[41.480687,52.722017],[41.480651,52.722042],[41.480647,52.72206],[41.480643,52.722099],[41.480669,52.722116],[41.480722,52.722127],[41.480902,52.722255],[41.480981,52.722321],[41.481022,52.722374],[41.481106,52.72246],[41.481333,52.722647],[41.481425,52.722692],[41.481564,52.722795],[41.481665,52.722816],[41.481779,52.722882],[41.481809,52.722922],[41.481797,52.722943],[41.481787,52.722967],[41.481807,52.722995],[41.481906,52.7231],[41.481953,52.723124],[41.482012,52.723128],[41.482095,52.723122],[41.482209,52.72321],[41.482411,52.723524],[41.482779,52.723937],[41.48302,52.724283],[41.483249,52.724603],[41.483439,52.72479],[41.483611,52.724918],[41.483958,52.725127],[41.484347,52.72524],[41.48484,52.725344],[41.485248,52.725344],[41.485967,52.725305],[41.486729,52.725312],[41.487265,52.72539],[41.487737,52.725513],[41.488113,52.725688],[41.48867,52.725968],[41.489153,52.726241],[41.489325,52.726507],[41.489561,52.726806],[41.489602,52.727107],[41.489559,52.727556],[41.489443,52.727872],[41.489282,52.728157],[41.488928,52.72869],[41.488874,52.728963],[41.488959,52.729297],[41.489089,52.729489],[41.4894,52.729574],[41.489894,52.729606],[41.490451,52.729574],[41.490977,52.729554],[41.491524,52.729593],[41.492039,52.729697],[41.492448,52.729844],[41.492878,52.730026],[41.493264,52.730227],[41.494101,52.730571],[41.494594,52.730721],[41.494862,52.730721],[41.495281,52.730656],[41.495774,52.730604],[41.496182,52.730662],[41.496633,52.730792],[41.496996,52.730981],[41.497062,52.731037],[41.497166,52.731151],[41.497339,52.731327],[41.497858,52.731911],[41.498333,52.732589],[41.499079,52.733365],[41.499873,52.734131],[41.500388,52.73484],[41.500628,52.735307],[41.500688,52.735944],[41.500581,52.736711],[41.50052,52.73721],[41.500631,52.737963],[41.500656,52.738175],[41.500771,52.738391],[41.501465,52.739092],[41.50196,52.739345],[41.50265,52.739556],[41.503156,52.739592],[41.503587,52.739599],[41.504718,52.739534],[41.505546,52.739652],[41.506578,52.740212],[41.507027,52.740572],[41.5076,52.741939],[41.50782,52.743498],[41.507761,52.744022],[41.507637,52.74453],[41.507308,52.745102],[41.507121,52.745475],[41.506938,52.745872],[41.506786,52.746197],[41.506628,52.746706],[41.50655,52.747226],[41.506468,52.747703],[41.506212,52.748275],[41.505979,52.748712],[41.505868,52.74902],[41.505664,52.749549],[41.505294,52.750072],[41.505117,52.750417],[41.504826,52.750698],[41.504514,52.751013],[41.504418,52.751126],[41.504088,52.751426],[41.503904,52.751574],[41.503358,52.752115],[41.503107,52.752454],[41.502963,52.752987],[41.502995,52.753435],[41.503145,52.753889],[41.503247,52.754157],[41.50327,52.754327],[41.502877,52.754987],[41.502383,52.755623],[41.501933,52.756493],[41.50148,52.757275],[41.501127,52.757912],[41.501087,52.758091],[41.501023,52.758109],[41.501005,52.758175],[41.501009,52.758218],[41.500949,52.758244],[41.500577,52.75867],[41.500108,52.759019],[41.499709,52.759285],[41.49922,52.75952],[41.498573,52.759783],[41.498157,52.759858],[41.497654,52.759816],[41.496844,52.759575],[41.496075,52.759103],[41.495568,52.758905],[41.495092,52.758877],[41.494858,52.758901],[41.494727,52.758951],[41.494563,52.759048],[41.494503,52.759134],[41.494487,52.759176],[41.494468,52.759224],[41.494465,52.759242],[41.494432,52.759528],[41.494422,52.759876],[41.494262,52.760882],[41.493895,52.762365],[41.493478,52.763856],[41.493466,52.764365],[41.493596,52.764693],[41.493832,52.764914],[41.494882,52.76528],[41.495699,52.765576],[41.496214,52.76566],[41.496547,52.766024],[41.496889,52.766384],[41.497017,52.766773],[41.496942,52.76737],[41.496835,52.767994],[41.496481,52.770071],[41.495687,52.770635],[41.495882,52.769464],[41.495844,52.769283],[41.495946,52.769107],[41.496024,52.768757],[41.496108,52.768471],[41.496214,52.767842],[41.496397,52.767374],[41.496397,52.766816],[41.496246,52.766439],[41.495967,52.766329],[41.495613,52.766258],[41.495281,52.76605],[41.495141,52.765829],[41.494154,52.765459],[41.494039,52.76538],[41.493822,52.765232],[41.493478,52.765232],[41.493135,52.765005],[41.492899,52.764459],[41.492695,52.764037],[41.492749,52.763537],[41.493221,52.762323],[41.493543,52.76146],[41.493553,52.760661],[41.493843,52.759746],[41.493863,52.759475],[41.493838,52.759331],[41.493768,52.759188],[41.493776,52.759107],[41.493821,52.759057],[41.493836,52.75904],[41.493857,52.759013],[41.494032,52.758949],[41.494085,52.758806],[41.494164,52.758753],[41.49427,52.758618],[41.494409,52.758543],[41.494582,52.75848],[41.494875,52.758452],[41.495107,52.758285],[41.495288,52.758061],[41.495407,52.758016],[41.495603,52.757993],[41.49578,52.758],[41.496066,52.758182],[41.496386,52.75824],[41.496604,52.758366],[41.496576,52.758481],[41.496364,52.758608],[41.496322,52.758662],[41.496343,52.758714],[41.496837,52.758999],[41.497266,52.759233],[41.497521,52.759309],[41.49788,52.759379],[41.498143,52.759407],[41.498411,52.759381],[41.498854,52.759168],[41.499403,52.758822],[41.499562,52.758683],[41.500624,52.757272],[41.501149,52.756331],[41.50175,52.75559],[41.502356,52.754974],[41.502523,52.754376],[41.502555,52.754006],[41.502448,52.753396],[41.502394,52.752766],[41.502413,52.752503],[41.502528,52.752272],[41.502638,52.752118],[41.502825,52.751855],[41.50293,52.751707],[41.503126,52.751462],[41.503212,52.751342],[41.503327,52.751326],[41.503507,52.751237],[41.503671,52.75111],[41.504046,52.750701],[41.504443,52.75024],[41.50484,52.749733],[41.505216,52.749032],[41.50557,52.748097],[41.505859,52.747668],[41.505945,52.747174],[41.505999,52.74659],[41.506289,52.745713],[41.506686,52.745096],[41.506986,52.74455],[41.507179,52.743921],[41.507147,52.743271],[41.507061,52.742771],[41.506922,52.74181],[41.506686,52.741141],[41.506289,52.740569],[41.505849,52.740153],[41.505468,52.740022],[41.505157,52.739957],[41.504838,52.7399],[41.504398,52.739882],[41.504237,52.739919],[41.503977,52.739947],[41.503692,52.739973],[41.502879,52.739932],[41.502678,52.739911],[41.502401,52.739836],[41.50174,52.739621],[41.501278,52.7394],[41.50057,52.738958],[41.500323,52.738679],[41.500087,52.738185],[41.499926,52.736763],[41.50013,52.73649],[41.500141,52.736275],[41.500205,52.735853],[41.500066,52.735223],[41.499787,52.73482],[41.499465,52.734352],[41.499066,52.733985],[41.49865,52.733573],[41.497663,52.732553],[41.497115,52.731702],[41.496794,52.731364],[41.496429,52.731078],[41.496085,52.730942],[41.495753,52.730922],[41.49541,52.730903],[41.495259,52.730994],[41.494884,52.730935],[41.494583,52.730929],[41.494088,52.730886],[41.493414,52.730682],[41.493006,52.730435],[41.492523,52.730266],[41.492191,52.730084],[41.491921,52.730016],[41.49163,52.729921],[41.490986,52.729836],[41.490376,52.729814],[41.489829,52.729886],[41.489195,52.729901],[41.488885,52.72986],[41.488563,52.729671],[41.48825,52.729395],[41.48795,52.729388],[41.487907,52.729318],[41.488114,52.729194],[41.48833,52.728896],[41.488413,52.728716],[41.488563,52.728443],[41.488832,52.72806],[41.489057,52.727729],[41.489196,52.727313],[41.48911,52.726852],[41.488799,52.72639],[41.488231,52.726059],[41.487716,52.725786],[41.487287,52.725682],[41.486965,52.725624],[41.48645,52.725623],[41.485933,52.72562],[41.485021,52.725594],[41.484336,52.725519],[41.483939,52.725428],[41.483638,52.725363],[41.483311,52.725573],[41.482975,52.725877],[41.482573,52.726159],[41.482603,52.726324],[41.482598,52.726458],[41.482522,52.726582],[41.482022,52.726805],[41.481738,52.726843],[41.481684,52.726823],[41.48153,52.726885],[41.481453,52.726918],[41.481466,52.726939],[41.481355,52.726992],[41.48089,52.727142],[41.480461,52.727397],[41.480092,52.727517],[41.479738,52.727649],[41.479183,52.727757],[41.478377,52.72788],[41.477695,52.727807],[41.47703,52.727656],[41.476311,52.727532],[41.475586,52.727404],[41.475271,52.727333],[41.475005,52.727273],[41.474544,52.727141],[41.47417,52.727018],[41.47392,52.726944],[41.473386,52.726886],[41.473326,52.726939],[41.473263,52.726937],[41.473239,52.726889],[41.472926,52.726895],[41.472418,52.726965],[41.471961,52.727031],[41.471555,52.727068],[41.470754,52.727115],[41.470224,52.727118],[41.469739,52.727131],[41.468917,52.72718],[41.468335,52.727224],[41.467262,52.727269],[41.466938,52.727302],[41.466694,52.727336],[41.466444,52.727381],[41.466189,52.727397],[41.465971,52.727377],[41.465589,52.727329],[41.465299,52.727313],[41.464991,52.727298],[41.464916,52.727255],[41.464905,52.727181],[41.464929,52.727084],[41.464857,52.727056],[41.464752,52.72704],[41.464641,52.727074],[41.464556,52.727157],[41.464526,52.727201],[41.464464,52.727248],[41.464242,52.72726],[41.464075,52.727253],[41.46385,52.727274],[41.463577,52.727263],[41.463005,52.727217],[41.462659,52.727167],[41.462402,52.727139],[41.462179,52.727069],[41.461994,52.726927],[41.46182,52.726834],[41.461616,52.726753],[41.46147,52.726669],[41.461339,52.726574],[41.461239,52.726496],[41.461079,52.726337],[41.461008,52.726241],[41.460877,52.726085],[41.460724,52.725834],[41.460684,52.725771],[41.460664,52.725728],[41.460652,52.725664],[41.460618,52.725449],[41.460613,52.7254],[41.460601,52.725274],[41.460527,52.725272],[41.460551,52.725138],[41.460545,52.725081],[41.46054,52.725029],[41.460555,52.724948],[41.46054,52.724917],[41.460503,52.724905],[41.460501,52.724896],[41.4605,52.724882],[41.460495,52.724813],[41.460492,52.724786],[41.460464,52.724778],[41.46047,52.724659],[41.460475,52.724578],[41.460407,52.724575],[41.460408,52.724509],[41.46041,52.724421],[41.46041,52.724294],[41.460481,52.724294],[41.460511,52.724086],[41.460526,52.723987],[41.46065,52.72372],[41.460778,52.723484],[41.460892,52.723277],[41.460896,52.723268],[41.460919,52.723186],[41.461048,52.723094],[41.461159,52.722905],[41.461236,52.722793],[41.461311,52.722714],[41.461346,52.722648],[41.461336,52.722602],[41.461493,52.72241],[41.461461,52.722401],[41.461425,52.722408],[41.461388,52.722397],[41.461376,52.72238],[41.461374,52.722365],[41.461432,52.722271],[41.461473,52.722205],[41.461552,52.722221],[41.461633,52.7222],[41.461674,52.722161],[41.461701,52.722038],[41.461819,52.721897],[41.461831,52.721845],[41.461812,52.721815],[41.461785,52.721776],[41.46179,52.721727],[41.462029,52.721374],[41.462264,52.721025],[41.462511,52.72067],[41.462848,52.720331],[41.46309,52.720002],[41.463259,52.719815],[41.463497,52.719522],[41.463517,52.719499],[41.463564,52.719513],[41.463636,52.719432],[41.463548,52.719406],[41.463686,52.719224],[41.463752,52.719094],[41.46376,52.719035],[41.463705,52.719016],[41.463739,52.718965],[41.463852,52.718918],[41.463878,52.718829],[41.463854,52.718791],[41.463899,52.718719],[41.464042,52.718697],[41.464163,52.718499],[41.464158,52.71842],[41.464367,52.718148],[41.464631,52.717858],[41.464954,52.717567],[41.465229,52.717293],[41.465463,52.717018],[41.465673,52.716771],[41.465779,52.716637],[41.465977,52.716492],[41.466102,52.71643],[41.466322,52.716353],[41.466558,52.716181],[41.466823,52.716039],[41.466949,52.715953],[41.46706,52.715806],[41.467175,52.715625],[41.467224,52.715558],[41.467352,52.715496],[41.467377,52.715352],[41.467442,52.715278],[41.468016,52.7148],[41.468602,52.714309],[41.46876,52.714183],[41.468973,52.714002],[41.469868,52.713447],[41.470077,52.713255],[41.470063,52.713237],[41.470063,52.713227],[41.47008,52.713218],[41.470114,52.713219],[41.470244,52.713154],[41.470487,52.712957],[41.470822,52.71271],[41.470988,52.712574],[41.471052,52.712493],[41.471121,52.712443],[41.471663,52.712067],[41.471945,52.711871],[41.472101,52.71178],[41.472296,52.711694],[41.472557,52.711596],[41.472717,52.711562],[41.472771,52.71153],[41.472891,52.711421],[41.473119,52.71122],[41.473323,52.711006],[41.473347,52.710914],[41.473394,52.710801],[41.473569,52.710674],[41.474273,52.710044],[41.474646,52.709659],[41.4749,52.709445],[41.475318,52.709149],[41.475474,52.709046],[41.475581,52.708977],[41.475716,52.708909],[41.475913,52.708807],[41.476046,52.708729],[41.476242,52.708596],[41.476483,52.708415],[41.476485,52.708413],[41.476488,52.708411],[41.476496,52.708405],[41.476525,52.708389],[41.476563,52.70839],[41.476711,52.708357],[41.477111,52.708209],[41.47742,52.70803],[41.47792,52.707893],[41.478636,52.707692],[41.478851,52.707628],[41.478947,52.707571],[41.479017,52.707554],[41.479046,52.707547],[41.479065,52.707548],[41.479093,52.707556],[41.479464,52.707523],[41.479481,52.707542],[41.479513,52.707549],[41.479637,52.707526],[41.479737,52.707509],[41.479784,52.707504],[41.480021,52.707473],[41.480101,52.707467],[41.480341,52.707406],[41.48035,52.707385],[41.480359,52.707373],[41.480362,52.707364],[41.480366,52.707348],[41.480567,52.70727],[41.480612,52.707264],[41.48075,52.707264],[41.480763,52.707264],[41.480776,52.707264],[41.480782,52.707264],[41.480804,52.70726],[41.48083,52.707254],[41.480842,52.70725],[41.480873,52.707234],[41.4809,52.707213],[41.480926,52.707172],[41.480934,52.707172],[41.480979,52.707141],[41.480966,52.707123],[41.481055,52.707054],[41.481258,52.706899],[41.481313,52.706818],[41.481345,52.706655],[41.481473,52.706432],[41.481485,52.706418],[41.48152,52.70638],[41.481569,52.706348],[41.481603,52.70632],[41.481595,52.706242],[41.481605,52.706151],[41.481613,52.706082],[41.48162,52.705933],[41.481634,52.705668],[41.481647,52.705408],[41.481673,52.705317],[41.481673,52.705307],[41.481675,52.705242],[41.481751,52.705236],[41.481792,52.705221],[41.481819,52.705185],[41.481809,52.705136],[41.481681,52.705107],[41.481683,52.705031],[41.481617,52.705031],[41.481588,52.705031],[41.481596,52.704938],[41.481781,52.70494],[41.481778,52.704914],[41.481617,52.704804],[41.481573,52.704742]],[[41.483148,52.725394],[41.483404,52.725268],[41.483134,52.725088],[41.482885,52.72482],[41.482589,52.724396],[41.48243,52.724189],[41.482158,52.723935],[41.482075,52.723762],[41.481958,52.723729],[41.481653,52.723494],[41.481661,52.723378],[41.481488,52.723292],[41.481384,52.723203],[41.481198,52.723044],[41.481009,52.722898],[41.480971,52.722806],[41.480988,52.722756],[41.480964,52.7227],[41.480927,52.722613],[41.480817,52.722502],[41.480733,52.722443],[41.480647,52.722417],[41.480428,52.72235],[41.48027,52.722237],[41.480235,52.722194],[41.48017,52.722067],[41.480147,52.72187],[41.480315,52.721669],[41.480373,52.7216],[41.480385,52.721585],[41.480417,52.721565],[41.48059,52.721455],[41.48075,52.721421],[41.480883,52.721454],[41.481092,52.721473],[41.481345,52.721445],[41.481589,52.72137],[41.482007,52.721153],[41.482589,52.720767],[41.483019,52.720302],[41.483053,52.71997],[41.483,52.719859],[41.482852,52.719793],[41.482851,52.719673],[41.482864,52.719577],[41.482915,52.719439],[41.483212,52.719175],[41.48332,52.719122],[41.483306,52.718981],[41.483324,52.718937],[41.483372,52.718919],[41.483477,52.718967],[41.483564,52.718945],[41.483815,52.718886],[41.484181,52.718744],[41.484575,52.718604],[41.484992,52.718484],[41.485122,52.718447],[41.485206,52.718357],[41.485496,52.718186],[41.485709,52.718088],[41.485819,52.717984],[41.485937,52.717867],[41.486065,52.717727],[41.486182,52.717565],[41.486338,52.717387],[41.486627,52.717076],[41.486934,52.716746],[41.487214,52.716552],[41.487493,52.716479],[41.487681,52.71646],[41.487851,52.716461],[41.488221,52.716476],[41.488422,52.716509],[41.48864,52.716563],[41.489176,52.716741],[41.489494,52.716868],[41.489592,52.716913],[41.489694,52.71693],[41.489817,52.716907],[41.489939,52.716946],[41.490022,52.716978],[41.490061,52.717044],[41.490029,52.717084],[41.490214,52.717164],[41.490491,52.717242],[41.490756,52.717321],[41.490975,52.717374],[41.49124,52.717345],[41.491419,52.717276],[41.49154,52.71723],[41.491653,52.717158],[41.491727,52.717056],[41.491691,52.716935],[41.491692,52.716701],[41.491657,52.716615],[41.491591,52.716467],[41.491389,52.716173],[41.491421,52.715998],[41.491448,52.71577],[41.491562,52.715382],[41.491833,52.715002],[41.492054,52.714783],[41.492305,52.714606],[41.492416,52.714494],[41.49276,52.714292],[41.492926,52.714141],[41.493069,52.713983],[41.493397,52.713748],[41.493555,52.713669],[41.493758,52.713608],[41.493898,52.713576],[41.49409,52.713561],[41.494387,52.713556],[41.494658,52.71363],[41.494954,52.713786],[41.4952,52.713916],[41.495387,52.714044],[41.495751,52.714387],[41.495829,52.714515],[41.495946,52.714648],[41.496167,52.714799],[41.496536,52.715073],[41.496776,52.715282],[41.497034,52.715568],[41.497165,52.715698],[41.497239,52.715812],[41.497362,52.716029],[41.497526,52.716385],[41.49765,52.716752],[41.497726,52.71705],[41.497842,52.717192],[41.497946,52.717283],[41.498074,52.717349],[41.498243,52.717399],[41.498356,52.71742],[41.498467,52.717428],[41.498678,52.717433],[41.498822,52.717412],[41.499207,52.717332],[41.499504,52.71726],[41.499696,52.717211],[41.499737,52.717121],[41.499806,52.717091],[41.49988,52.717099],[41.5,52.717093],[41.500132,52.717057],[41.500316,52.716945],[41.500464,52.716859],[41.500557,52.716783],[41.500597,52.716693],[41.500622,52.716624],[41.500612,52.716547],[41.50059,52.716418],[41.500494,52.716332],[41.500496,52.716276],[41.500476,52.716196],[41.500449,52.71611],[41.500289,52.715989],[41.500137,52.715839],[41.500008,52.71568],[41.49981,52.715369],[41.499768,52.715133],[41.499762,52.714829],[41.499779,52.714751],[41.499817,52.714655],[41.499919,52.714533],[41.500101,52.714411],[41.500351,52.714312],[41.500589,52.714119],[41.500774,52.713998],[41.500958,52.713884],[41.50107,52.713812],[41.501304,52.713666],[41.501542,52.71356],[41.502088,52.713324],[41.502315,52.713174],[41.502566,52.713072],[41.502769,52.712983],[41.502893,52.712911],[41.503068,52.712819],[41.503313,52.712731],[41.503679,52.712663],[41.503991,52.712649],[41.504348,52.712627],[41.504487,52.712595],[41.504609,52.712556],[41.504783,52.712562],[41.504934,52.71258],[41.505334,52.712679],[41.505367,52.712726],[41.505362,52.71281],[41.505321,52.712825],[41.505239,52.712841],[41.505135,52.712829],[41.505102,52.712836],[41.505088,52.712852],[41.505094,52.712871],[41.505135,52.712888],[41.505233,52.71291],[41.505381,52.712919],[41.505559,52.712912],[41.50607,52.712924],[41.506415,52.712888],[41.50664,52.712854],[41.506729,52.71282],[41.506786,52.712774],[41.506849,52.712718],[41.506867,52.712645],[41.506903,52.712511],[41.506971,52.71239],[41.506887,52.712123],[41.506663,52.712047],[41.506608,52.711994],[41.506389,52.711899],[41.506081,52.71179],[41.505878,52.711732],[41.505729,52.711713],[41.505576,52.711747],[41.505495,52.711772],[41.505381,52.711759],[41.505227,52.711778],[41.505054,52.711859],[41.504958,52.711863],[41.504903,52.711834],[41.504883,52.711803],[41.504899,52.711769],[41.504794,52.711692],[41.504672,52.711686],[41.504457,52.711553],[41.504311,52.711468],[41.504203,52.711357],[41.504105,52.711208],[41.504057,52.711132],[41.504076,52.71103],[41.50412,52.710999],[41.504143,52.710931],[41.504198,52.710909],[41.50416,52.71086],[41.504182,52.710855],[41.504064,52.710707],[41.504038,52.710646],[41.504023,52.710622],[41.504019,52.710605],[41.503995,52.710608],[41.503958,52.710515],[41.50394,52.710473],[41.503941,52.710383],[41.503931,52.710314],[41.503914,52.710276],[41.50389,52.710257],[41.503857,52.710246],[41.503826,52.710263],[41.503799,52.710265],[41.503786,52.71026],[41.503775,52.710252],[41.503778,52.710239],[41.50379,52.710231],[41.503818,52.710226],[41.503844,52.71022],[41.503883,52.710202],[41.503883,52.710175],[41.503875,52.71016],[41.503821,52.710087],[41.503739,52.709919],[41.503654,52.709681],[41.503699,52.709563],[41.503812,52.709451],[41.504,52.709341],[41.504079,52.709293],[41.504197,52.709252],[41.504221,52.709215],[41.50425,52.709169],[41.504198,52.70912],[41.504018,52.709097],[41.504009,52.70903],[41.503928,52.708999],[41.503755,52.709012],[41.50362,52.709044],[41.503494,52.70904],[41.503423,52.709013],[41.503405,52.708942],[41.50366,52.708877],[41.503971,52.708771],[41.504076,52.708689],[41.504131,52.708462],[41.50468,52.707585],[41.505184,52.707116],[41.505746,52.706573],[41.505916,52.706501],[41.506087,52.706451],[41.50638,52.706428],[41.506699,52.706172],[41.506761,52.70609],[41.50679,52.705986],[41.506928,52.705881],[41.507063,52.705847],[41.507272,52.705729],[41.507485,52.705621],[41.507691,52.705472],[41.50811,52.704864],[41.508186,52.704763],[41.508201,52.704743],[41.508239,52.704699],[41.508247,52.70469],[41.508273,52.704659],[41.508286,52.704644],[41.508302,52.704626],[41.508312,52.704616],[41.508507,52.704411],[41.508204,52.704299],[41.507421,52.703727],[41.506664,52.703487],[41.505808,52.703224],[41.505374,52.70314],[41.504894,52.703103],[41.504666,52.703097],[41.504438,52.703148],[41.504106,52.703292],[41.503932,52.703296],[41.503816,52.703382],[41.503733,52.703586],[41.503636,52.7036],[41.503562,52.703566],[41.503663,52.703283],[41.50385,52.703038],[41.504297,52.702368],[41.504775,52.701888],[41.505068,52.701605],[41.505246,52.701593],[41.505345,52.701648],[41.505232,52.701795],[41.504986,52.702021],[41.504672,52.702216],[41.504326,52.702751],[41.504066,52.703004],[41.504113,52.703025],[41.504174,52.703015],[41.504486,52.702875],[41.504557,52.702814],[41.504602,52.702691],[41.504673,52.70268],[41.504691,52.702756],[41.504951,52.702859],[41.505135,52.702896],[41.505222,52.702905],[41.505253,52.702873],[41.505227,52.70274],[41.505198,52.702636],[41.505238,52.702543],[41.505306,52.702535],[41.50531,52.702722],[41.505415,52.702866],[41.505469,52.702913],[41.505631,52.702992],[41.506006,52.703011],[41.506236,52.703097],[41.506515,52.70319],[41.506777,52.703246],[41.506804,52.70321],[41.506779,52.70313],[41.506731,52.702989],[41.50669,52.702783],[41.506705,52.702564],[41.506676,52.702474],[41.506537,52.702359],[41.506262,52.701985],[41.506313,52.701936],[41.506648,52.702319],[41.506796,52.702318],[41.506899,52.702269],[41.50696,52.702207],[41.507039,52.702004],[41.5072,52.702079],[41.507223,52.702242],[41.50697,52.702476],[41.50693,52.702615],[41.5069,52.702754],[41.506889,52.702896],[41.506925,52.703041],[41.507046,52.703244],[41.507158,52.703407],[41.507549,52.703602],[41.507828,52.703745],[41.508139,52.704012],[41.508418,52.704197],[41.508652,52.704274],[41.50922,52.703945],[41.509969,52.703519],[41.510186,52.703378],[41.510308,52.703235],[41.510366,52.70308],[41.510325,52.702919],[41.509094,52.70226],[41.507767,52.701372],[41.507386,52.701205],[41.506353,52.70089],[41.506187,52.700857],[41.506007,52.700857],[41.505613,52.701338],[41.505452,52.701458],[41.505266,52.701392],[41.505414,52.701168],[41.505423,52.700715],[41.505451,52.700612],[41.505292,52.700566],[41.505279,52.700566],[41.50506,52.700571],[41.5048,52.700634],[41.504522,52.700654],[41.503439,52.700483],[41.503116,52.700404],[41.502527,52.700303],[41.501996,52.700208],[41.501233,52.700186],[41.500671,52.700176],[41.500286,52.700252],[41.499886,52.700388],[41.499325,52.700621],[41.498794,52.700823],[41.497723,52.701247],[41.497246,52.701363],[41.496726,52.70148],[41.49609,52.70165],[41.495654,52.70184],[41.495412,52.702116],[41.495305,52.702434],[41.495327,52.703177],[41.495351,52.703363],[41.495359,52.703438],[41.49547,52.703509],[41.495651,52.703604],[41.495817,52.703656],[41.495989,52.70364],[41.496358,52.703561],[41.496683,52.703405],[41.496941,52.703233],[41.497128,52.703113],[41.497219,52.703123],[41.497281,52.703169],[41.497232,52.703238],[41.49713,52.703318],[41.496952,52.703398],[41.496769,52.7035],[41.496682,52.703546],[41.496432,52.703632],[41.496221,52.703691],[41.496117,52.703941],[41.495994,52.704062],[41.495753,52.70412],[41.495334,52.704066],[41.495175,52.704125],[41.495051,52.704248],[41.494818,52.704375],[41.494439,52.70453],[41.49405,52.704516],[41.493647,52.704407],[41.493464,52.704381],[41.4933,52.704381],[41.493211,52.7044],[41.493146,52.704459],[41.493066,52.704483],[41.492894,52.704503],[41.492718,52.704513],[41.492588,52.704516],[41.492508,52.704541],[41.492484,52.704592],[41.492453,52.704841],[41.492442,52.705128],[41.492495,52.705234],[41.492612,52.705382],[41.492324,52.705613],[41.491385,52.705826],[41.49085,52.705992],[41.490375,52.706135],[41.490099,52.706197],[41.489831,52.706214],[41.489483,52.706172],[41.48919,52.706099],[41.488829,52.705948],[41.488519,52.705881],[41.488168,52.705843],[41.487714,52.705782],[41.487433,52.705947],[41.487253,52.706164],[41.48747,52.707184],[41.486604,52.707599],[41.485645,52.707943],[41.485297,52.708348],[41.485193,52.708405],[41.484858,52.708421],[41.484617,52.708364],[41.484438,52.708282],[41.484207,52.708216],[41.48393,52.708212],[41.483577,52.708263],[41.483321,52.708335],[41.483117,52.708322],[41.482988,52.70824],[41.482666,52.708257],[41.482268,52.708238],[41.481456,52.708163],[41.481437,52.708161],[41.481326,52.70815],[41.481228,52.70814],[41.48102,52.708137],[41.480843,52.708086],[41.480798,52.708073],[41.480689,52.708058],[41.480531,52.708037],[41.480415,52.708044],[41.480329,52.708056],[41.480252,52.708061],[41.480002,52.708071],[41.479967,52.708068],[41.479795,52.70805],[41.479379,52.708117],[41.479076,52.708138],[41.478997,52.708114],[41.478952,52.708104],[41.478855,52.708081],[41.478569,52.708171],[41.478552,52.708211],[41.478504,52.708247],[41.478426,52.70829],[41.478375,52.708315],[41.478239,52.708392],[41.478091,52.708452],[41.477926,52.708557],[41.477732,52.708667],[41.477577,52.70875],[41.477442,52.70889],[41.477309,52.708973],[41.477145,52.709022],[41.477089,52.708976],[41.477059,52.70899],[41.476883,52.709003],[41.47667,52.709132],[41.476528,52.709244],[41.476466,52.709292],[41.476259,52.709403],[41.476107,52.709522],[41.476059,52.709607],[41.476052,52.709619],[41.47605,52.709721],[41.476024,52.70977],[41.475977,52.709859],[41.475953,52.709906],[41.47589,52.709944],[41.475729,52.710043],[41.475692,52.710065],[41.475611,52.710136],[41.47549,52.710242],[41.475411,52.710356],[41.475395,52.710429],[41.475342,52.710502],[41.475315,52.710527],[41.475257,52.710553],[41.475221,52.710568],[41.474975,52.710601],[41.474705,52.710769],[41.474412,52.710951],[41.474354,52.710992],[41.474198,52.711102],[41.474184,52.711104],[41.474028,52.711121],[41.473849,52.711254],[41.473798,52.711292],[41.473632,52.711408],[41.473501,52.711555],[41.47329,52.711648],[41.473267,52.711658],[41.473155,52.711713],[41.473123,52.711726],[41.473061,52.711767],[41.472994,52.71181],[41.472724,52.71207],[41.472496,52.712298],[41.472281,52.712533],[41.47206,52.712683],[41.471995,52.712732],[41.471898,52.712738],[41.471786,52.712757],[41.471742,52.712851],[41.471659,52.712938],[41.47131,52.713188],[41.470978,52.713425],[41.470686,52.713628],[41.470542,52.713728],[41.470347,52.713872],[41.470336,52.713964],[41.470307,52.714094],[41.470138,52.714183],[41.469839,52.714266],[41.46967,52.714371],[41.469553,52.714487],[41.469561,52.714592],[41.469659,52.714706],[41.469721,52.714773],[41.469668,52.714828],[41.46954,52.714915],[41.469152,52.715002],[41.469093,52.715021],[41.468652,52.715165],[41.468251,52.715523],[41.467594,52.71611],[41.467322,52.716245],[41.467241,52.716397],[41.466736,52.716441],[41.466421,52.716745],[41.466307,52.716881],[41.466022,52.71722],[41.465881,52.717389],[41.465759,52.71741],[41.465636,52.717465],[41.465464,52.717706],[41.465223,52.71806],[41.465049,52.718413],[41.465033,52.718445],[41.464886,52.718562],[41.464814,52.71863],[41.464695,52.718741],[41.464498,52.718981],[41.464442,52.719157],[41.464256,52.719409],[41.464005,52.719734],[41.463954,52.719817],[41.463953,52.719896],[41.464027,52.720058],[41.464044,52.720094],[41.464072,52.720156],[41.464191,52.720301],[41.46437,52.720407],[41.464587,52.72047],[41.465083,52.720616],[41.46516,52.720652],[41.465184,52.720663],[41.465533,52.720823],[41.46582,52.720948],[41.466004,52.721123],[41.466048,52.721164],[41.466139,52.721304],[41.466144,52.721478],[41.466291,52.721618],[41.466431,52.721767],[41.466654,52.721874],[41.466866,52.721898],[41.466957,52.721887],[41.467076,52.721872],[41.46733,52.721775],[41.467582,52.72166],[41.467795,52.7216],[41.467913,52.721542],[41.468017,52.721515],[41.468185,52.721461],[41.468292,52.721448],[41.468311,52.721431],[41.468353,52.721394],[41.468534,52.721294],[41.468874,52.721263],[41.469073,52.721377],[41.46925,52.721468],[41.469341,52.721477],[41.469406,52.721483],[41.46973,52.721499],[41.469902,52.721484],[41.46998,52.721431],[41.469955,52.721327],[41.469939,52.72121],[41.470049,52.721159],[41.470191,52.721155],[41.470358,52.721186],[41.47046,52.72113],[41.470401,52.721062],[41.470351,52.721037],[41.470226,52.720978],[41.470004,52.720858],[41.469926,52.720766],[41.46968,52.7206],[41.469308,52.720368],[41.468773,52.720086],[41.468566,52.720032],[41.468402,52.719965],[41.468317,52.71984],[41.468252,52.71972],[41.468088,52.719654],[41.467916,52.719561],[41.467856,52.719483],[41.467784,52.719428],[41.46761,52.719329],[41.467488,52.719192],[41.467413,52.71915],[41.46741,52.719114],[41.467453,52.719085],[41.467528,52.719086],[41.467655,52.719097],[41.467749,52.719164],[41.46788,52.719305],[41.467912,52.719424],[41.46813,52.719542],[41.468385,52.71968],[41.468623,52.719802],[41.468872,52.719994],[41.46927,52.720118],[41.469549,52.720139],[41.469678,52.719879],[41.469866,52.719863],[41.470117,52.719883],[41.470366,52.719981],[41.470558,52.720175],[41.471185,52.720499],[41.471421,52.720427],[41.471419,52.720369],[41.471498,52.720293],[41.471665,52.720252],[41.471913,52.720169],[41.472036,52.720166],[41.472125,52.720174],[41.47221,52.720188],[41.472252,52.720201],[41.47227,52.720208],[41.47228,52.720212],[41.472323,52.720226],[41.472437,52.720296],[41.472493,52.720383],[41.4726,52.720504],[41.472571,52.720535],[41.472471,52.720641],[41.472324,52.720842],[41.472138,52.720968],[41.47203,52.721041],[41.47205,52.721097],[41.471947,52.721224],[41.47187,52.721253],[41.471769,52.721348],[41.471658,52.721479],[41.471511,52.721655],[41.471436,52.721675],[41.471299,52.721674],[41.471189,52.721647],[41.47114,52.721576],[41.471129,52.721521],[41.471013,52.72151],[41.470865,52.721586],[41.470731,52.721572],[41.47049,52.721601],[41.470379,52.721613],[41.470342,52.721648],[41.470401,52.721692],[41.470505,52.721741],[41.470543,52.721782],[41.470519,52.721837],[41.47039,52.721904],[41.470293,52.72191],[41.470186,52.721866],[41.469966,52.721734],[41.469842,52.721697],[41.469706,52.721707],[41.46949,52.721679],[41.469307,52.721643],[41.469228,52.721634],[41.469041,52.721613],[41.468805,52.721611],[41.468424,52.721691],[41.468096,52.721918],[41.467885,52.721958],[41.467579,52.722077],[41.467239,52.722204],[41.467128,52.722409],[41.467067,52.722645],[41.466787,52.722912],[41.46671,52.723226],[41.466635,52.723297],[41.466592,52.723302],[41.46647,52.723315],[41.466278,52.72327],[41.466256,52.72325],[41.466153,52.723161],[41.466117,52.723073],[41.466079,52.722977],[41.466035,52.722866],[41.466013,52.722765],[41.466023,52.72262],[41.466026,52.722566],[41.466054,52.722499],[41.466106,52.7224],[41.466093,52.722185],[41.465975,52.722011],[41.46582,52.721892],[41.465643,52.721667],[41.465567,52.721424],[41.465355,52.721032],[41.464861,52.720793],[41.464349,52.720669],[41.463764,52.720465],[41.463624,52.720444],[41.463506,52.720468],[41.463414,52.720516],[41.463217,52.720763],[41.462993,52.721063],[41.462705,52.721453],[41.462405,52.721885],[41.462117,52.72231],[41.461929,52.722606],[41.461897,52.72273],[41.46183,52.722884],[41.461724,52.723049],[41.461605,52.723186],[41.46141,52.723591],[41.461311,52.723815],[41.461207,52.724031],[41.461166,52.724107],[41.461163,52.724175],[41.461109,52.724272],[41.460994,52.724374],[41.460952,52.724517],[41.460953,52.724688],[41.460927,52.725001],[41.46089,52.725125],[41.460868,52.725254],[41.460933,52.725386],[41.46095,52.725434],[41.46102,52.725662],[41.461165,52.725884],[41.461278,52.725979],[41.461331,52.726005],[41.461406,52.726092],[41.461409,52.726202],[41.461435,52.726265],[41.46157,52.726364],[41.46175,52.726455],[41.462064,52.726567],[41.462513,52.726689],[41.462901,52.726768],[41.463274,52.726796],[41.463564,52.726828],[41.463817,52.726808],[41.464071,52.726804],[41.464258,52.726824],[41.464452,52.726861],[41.46451,52.72687],[41.464731,52.726902],[41.465058,52.726983],[41.465227,52.726982],[41.465441,52.726956],[41.466251,52.726962],[41.466823,52.726957],[41.467339,52.726941],[41.468788,52.72693],[41.469489,52.726914],[41.470211,52.726903],[41.47083,52.726908],[41.471707,52.726853],[41.472222,52.726751],[41.472609,52.726718],[41.473029,52.726666],[41.473832,52.726704],[41.474405,52.726829],[41.474543,52.72686],[41.474733,52.727022],[41.475064,52.727109],[41.475401,52.727158],[41.475787,52.727223],[41.476248,52.727305],[41.476747,52.727392],[41.477491,52.727538],[41.47798,52.727603],[41.478436,52.727625],[41.478876,52.727603],[41.479343,52.727527],[41.479902,52.727424],[41.480309,52.727283],[41.481009,52.726935],[41.48127,52.726849],[41.481392,52.726874],[41.48149,52.726844],[41.481625,52.726793],[41.481533,52.7267],[41.481748,52.726604],[41.482019,52.72648],[41.482247,52.726268],[41.482486,52.726018],[41.482806,52.72567],[41.483148,52.725394]],[[41.504178,52.700194],[41.504365,52.700257],[41.504577,52.700217],[41.504813,52.700082],[41.504905,52.699998],[41.50454,52.699485],[41.504175,52.698955],[41.504081,52.698813],[41.503461,52.698134],[41.502836,52.69747],[41.502441,52.697101],[41.500893,52.696397],[41.49949,52.695758],[41.498527,52.69532],[41.497531,52.694665],[41.496823,52.694055],[41.496585,52.69342],[41.496872,52.693171],[41.49668,52.693115],[41.49633,52.693136],[41.495397,52.693391],[41.49492,52.693391],[41.494538,52.693635],[41.494104,52.693804],[41.493877,52.694073],[41.493722,52.694472],[41.493054,52.695024],[41.492257,52.695454],[41.49161,52.696003],[41.49088,52.696328],[41.490106,52.696574],[41.489844,52.69666],[41.48962,52.696667],[41.489507,52.696657],[41.489401,52.696631],[41.488599,52.696372],[41.488355,52.696253],[41.488111,52.696168],[41.48784,52.696044],[41.48754,52.695979],[41.487244,52.696031],[41.487164,52.696115],[41.487023,52.696172],[41.486842,52.696096],[41.486742,52.69603],[41.486731,52.695931],[41.486796,52.695809],[41.486757,52.695659],[41.486647,52.695474],[41.486409,52.695116],[41.486203,52.695026],[41.486008,52.694939],[41.485722,52.694839],[41.485301,52.694817],[41.485004,52.694855],[41.484866,52.694973],[41.484763,52.69498],[41.484689,52.695021],[41.484616,52.695158],[41.484475,52.695195],[41.484394,52.695234],[41.484351,52.695295],[41.484284,52.695384],[41.484229,52.695459],[41.484127,52.695611],[41.484023,52.695702],[41.48404,52.695825],[41.484131,52.695909],[41.484352,52.696041],[41.484814,52.69622],[41.485025,52.696299],[41.485176,52.696341],[41.485263,52.696358],[41.485332,52.696353],[41.485384,52.696387],[41.485782,52.696548],[41.485941,52.696591],[41.486047,52.696604],[41.486155,52.696586],[41.486648,52.696469],[41.486786,52.696572],[41.486906,52.696752],[41.486628,52.696943],[41.486364,52.697149],[41.486293,52.697316],[41.486384,52.697402],[41.486503,52.697429],[41.486559,52.697493],[41.486418,52.697607],[41.486364,52.697721],[41.486366,52.697827],[41.486306,52.697875],[41.486144,52.697933],[41.48599,52.697992],[41.485819,52.698068],[41.485674,52.698167],[41.48528,52.698543],[41.485187,52.69862],[41.485067,52.698682],[41.484915,52.69871],[41.484824,52.698805],[41.484868,52.698895],[41.485023,52.699096],[41.485121,52.699236],[41.485265,52.699306],[41.485386,52.699365],[41.485718,52.699381],[41.485971,52.699337],[41.486124,52.699352],[41.486327,52.699806],[41.485718,52.700212],[41.486032,52.70095],[41.487191,52.701882],[41.487785,52.702813],[41.487924,52.703736],[41.487951,52.704873],[41.488108,52.7051],[41.488455,52.705329],[41.488943,52.705552],[41.489261,52.705739],[41.489669,52.705799],[41.49015,52.705746],[41.490568,52.705664],[41.491311,52.705472],[41.491817,52.705202],[41.491944,52.704481],[41.491887,52.704029],[41.491966,52.703809],[41.492027,52.703703],[41.492175,52.703638],[41.492432,52.703589],[41.492714,52.70362],[41.492886,52.703719],[41.492977,52.703794],[41.492951,52.703898],[41.493344,52.704036],[41.494001,52.703983],[41.49451,52.703622],[41.494786,52.703113],[41.494807,52.701979],[41.494923,52.701791],[41.495295,52.701422],[41.495608,52.701092],[41.496261,52.70083],[41.496756,52.700801],[41.497543,52.700833],[41.497978,52.700759],[41.498815,52.700494],[41.499645,52.70012],[41.50026,52.69993],[41.500714,52.699796],[41.501583,52.699741],[41.502272,52.699773],[41.50294,52.699964],[41.503852,52.70008],[41.504178,52.700194]],[[41.471762,52.720391],[41.471659,52.720386],[41.471542,52.720495],[41.471449,52.720587],[41.471286,52.720685],[41.471171,52.720702],[41.47106,52.720661],[41.470873,52.720593],[41.470645,52.720471],[41.470422,52.720248],[41.470245,52.720138],[41.470146,52.720026],[41.470047,52.719965],[41.469888,52.719959],[41.469776,52.720019],[41.469749,52.720066],[41.469722,52.720147],[41.469822,52.720241],[41.470052,52.720315],[41.470208,52.720396],[41.470385,52.720498],[41.470454,52.720599],[41.470474,52.720701],[41.47041,52.720766],[41.470425,52.720832],[41.470438,52.720844],[41.470565,52.720965],[41.470586,52.721094],[41.470476,52.721309],[41.470521,52.721347],[41.470585,52.721343],[41.470649,52.721332],[41.470834,52.721188],[41.470956,52.72117],[41.47099,52.721189],[41.471066,52.721233],[41.471238,52.721228],[41.471382,52.721164],[41.471503,52.721104],[41.471661,52.720943],[41.471771,52.720828],[41.471854,52.720695],[41.471892,52.72062],[41.471903,52.720495],[41.471857,52.720424],[41.471762,52.720391]],[[41.505188,52.710748],[41.505018,52.710705],[41.504879,52.710665],[41.504802,52.71059],[41.504811,52.710515],[41.504758,52.710498],[41.504701,52.7105],[41.504649,52.710531],[41.504646,52.710562],[41.504678,52.71063],[41.504657,52.710772],[41.504615,52.710972],[41.504792,52.710993],[41.504885,52.711232],[41.504996,52.711262],[41.505091,52.711275],[41.505225,52.711262],[41.50535,52.711277],[41.505513,52.711274],[41.505538,52.711232],[41.505524,52.711187],[41.505495,52.711111],[41.505354,52.711024],[41.505242,52.71085],[41.505188,52.710748]]],[[[41.477284,52.707214],[41.477286,52.707214],[41.477288,52.707214],[41.47729,52.707213],[41.477326,52.707267],[41.477324,52.707267],[41.477322,52.707267],[41.477321,52.707268],[41.47732,52.707269],[41.477319,52.70727],[41.477318,52.707271],[41.477318,52.707273],[41.477318,52.707274],[41.477319,52.707275],[41.47732,52.707276],[41.477321,52.707277],[41.477067,52.707341],[41.477021,52.707275],[41.477276,52.70721],[41.477277,52.707211],[41.477279,52.707212],[41.47728,52.707213],[41.477282,52.707214],[41.477284,52.707214]]]]}}]}